Dist,PathX,PathY,LeftX,LeftY,RightX,RightY,Heading,Curvature
m,m,m,m,m,m,m,rad,1/m
None,None,None,None,None,None,None,6.283185307179586,None
0.0,-665.181468649537,-79.15401800888746,-670.14374,-79.76682,-660.2192,-78.54121,1.6936672,6.113144e-05
0.9994709491729736,-665.3039478394516,-78.16207605691265,-670.26624,-78.77489,-660.3417,-77.54927,1.6936672,6.113144e-05
1.9989495277404785,-665.4264270293663,-77.17013410493786,-670.389,-77.78114,-660.4639,-76.55913,1.6933044,6.113143e-05
2.998420476913452,-665.5489062192809,-76.17819215296306,-670.5121,-76.7839,-660.5857,-75.57249,1.6922354,0.0015893006
3.997948169708252,-665.6697871131939,-75.18600832077838,-670.6335,-75.787735,-660.7061,-74.584274,1.6914355,0.00073344976
4.997486114501953,-665.789968460359,-74.19371862177431,-670.7537,-74.794754,-660.82623,-73.59268,1.691295,0.0
5.997023582458496,-665.910149807524,-73.20142892277025,-670.8739,-73.80262,-660.9464,-72.60024,1.6913252,6.1112936e-05
6.996636867523193,-666.0303457591995,-72.20906990294468,-670.9941,-72.81033,-661.0666,-71.6078,1.6913406,6.109628e-05
7.996356010437012,-666.1505644458872,-71.21660297058398,-671.1143,-71.81775,-661.1868,-70.61546,1.6913164,6.10859e-05
8.99608325958252,-666.2707831325746,-70.22413603822325,-671.2339,-70.83058,-661.30774,-69.61769,1.6923846,0.0002443329
9.995831489562988,-666.391342662768,-69.23168313797895,-671.35315,-69.84853,-661.42957,-68.61483,1.6944816,0.0036632912
10.995868682861328,-666.515493050882,-68.23937806902795,-671.47675,-68.8608,-661.55426,-67.61796,1.695403,6.1027582e-05
11.9959135055542,-666.6396434389959,-67.24707300007695,-671.60114,-67.866684,-661.67816,-66.62746,1.6950388,0.0
12.995950698852539,-666.7637938271097,-66.25476793112597,-671.7257,-66.87097,-661.8019,-65.638565,1.694351,0.0010983837
13.996064186096191,-666.8868719882684,-65.26225824293164,-671.84906,-65.87625,-661.92474,-64.64827,1.6939052,0.00030506458
14.996193885803223,-667.0096516887718,-64.26969159777207,-671.97186,-64.883156,-662.0474,-63.656227,1.6937995,6.101115e-05
15.996326446533203,-667.1324313892754,-63.27712495261248,-672.09485,-63.889244,-662.17004,-62.66501,1.6935279,0.000427085
16.996444702148438,-667.2548706535695,-62.28452881079196,-672.21747,-62.89526,-662.2923,-61.6738,1.6932482,0.00030507232
17.996551513671875,-667.3769378738863,-61.29190043369579,-672.3396,-61.901848,-662.4143,-60.681953,1.6930906,0.0
18.996658325195312,-667.4990050942031,-60.29927205659961,-672.46234,-60.903908,-662.5357,-59.694633,1.6920208,0.0006102465
19.996665954589844,-667.6204495156314,-59.30665984474974,-672.5848,-59.902473,-662.65607,-58.710846,1.6902425,0.0028093301
20.996253967285156,-667.7389246779574,-58.314124702409266,-672.7036,-58.907402,-662.7743,-57.720848,1.689732,0.0
21.995834350585938,-667.8573998402832,-57.321589560068794,-672.82306,-57.906937,-662.8918,-56.736244,1.6881349,6.111214e-05
22.99541473388672,-667.975875002609,-56.32905441772833,-672.94385,-56.89409,-663.00793,-55.764023,1.6840447,0.006734109
23.993833541870117,-668.0874658528497,-55.336890593620005,-673.05664,-55.891335,-663.1183,-54.782448,1.6819137,0.001042807
24.99207878112793,-668.1980184135969,-54.34478277159502,-673.1677,-54.894276,-663.2283,-53.79529,1.680917,0.0
25.990331649780273,-668.308570974344,-53.35267494957004,-673.28,-53.8861,-663.33716,-52.819252,1.6776849,0.0043025333
26.987409591674805,-668.4147464469114,-52.361263604826156,-673.38776,-52.879753,-663.4417,-51.842773,1.6746807,0.0032677434
27.983600616455078,-668.5175452187725,-51.37038955684906,-673.4907,-51.88748,-663.5443,-50.853294,1.6744006,0.0
28.979795455932617,-668.6203439906336,-50.37951550887196,-673.5919,-50.91229,-663.6488,-49.846745,1.6775535,0.0024101369
29.97533416748047,-668.7254627058368,-49.389541413924945,-673.6946,-49.944515,-663.75635,-48.834568,1.68202,0.006823337
30.96904754638672,-668.8371818222665,-48.40212774835382,-673.8053,-48.965492,-663.869,-47.83876,1.683709,6.2200765e-05
31.9627628326416,-668.9489009386962,-47.414714082782695,-673.9173,-47.97596,-663.9805,-46.85347,1.6832823,6.2200765e-05
32.95647430419922,-669.0606200551258,-46.42730041721157,-674.0293,-46.98622,-664.0919,-45.868378,1.6828148,0.0008739912
33.947776794433594,-669.171260260247,-45.442192545567664,-674.14,-46.00032,-664.2025,-44.884064,1.6826547,0.0001253329
34.938968658447266,-669.2818503796583,-44.45719171453452,-674.25085,-45.01314,-664.31287,-43.90124,1.6822165,0.0
35.93016052246094,-669.3924404990697,-43.472190883501376,-674.3622,-44.021416,-664.4227,-42.922966,1.6808637,0.0019459145
36.92035675048828,-669.5010274785517,-42.4879641567395,-674.4714,-43.03168,-664.5307,-41.94425,1.6797547,0.0010695766
37.91002655029297,-669.6085415263702,-41.50415205951561,-674.5788,-42.048416,-664.63824,-40.959885,1.6798656,0.00012593297
38.899696350097656,-669.716055574189,-40.520339962291715,-674.6855,-41.07233,-664.74664,-39.96835,1.68142,0.0014489351
39.889041900634766,-669.8249920050438,-39.53701067933724,-674.7934,-40.098553,-664.8566,-38.975468,1.6833422,0.0028389085
40.877777099609375,-669.9366079246287,-38.55459092311404,-674.90454,-39.119648,-664.9686,-37.989536,1.6840497,6.314449e-05
41.866519927978516,-670.0482238442133,-37.57217116689085,-675.0165,-38.134724,-665.07996,-37.009617,1.6835457,6.314268e-05
42.85527038574219,-670.1597744792155,-36.589731530663535,-675.12854,-37.147854,-665.19104,-36.031612,1.6826538,0.0016409921
43.844303131103516,-670.2698480520038,-35.60684210979095,-675.2388,-36.16352,-665.3009,-35.050163,1.6823637,6.30876e-05
44.833343505859375,-670.3799216247921,-34.62395268891838,-675.3492,-35.177555,-665.4107,-34.070347,1.6817445,6.3087966e-05
45.82237243652344,-670.4899951975805,-33.641063268045805,-675.4602,-34.185886,-665.5198,-33.09624,1.6799778,0.0027089845
46.81233596801758,-670.5975016145684,-32.65695040057166,-675.56836,-33.195652,-665.6266,-32.11825,1.6787455,0.0010060442
47.802642822265625,-670.7040961463035,-31.67240294984631,-675.675,-32.211323,-665.7332,-31.133484,1.6787899,6.284582e-05
48.79294204711914,-670.8106906780383,-30.687855499120968,-675.78107,-31.231188,-665.8403,-30.144522,1.679678,0.001067134
49.784019470214844,-670.9183199971997,-29.702644859260356,-675.88824,-30.250605,-665.9484,-29.154684,1.6806091,0.0012520793
50.77609634399414,-671.0273018269946,-28.71656740334219,-675.997,-29.266022,-666.05756,-28.167114,1.6809094,0.00012501687
51.76818084716797,-671.1362836567894,-27.73048994742402,-676.10547,-28.284904,-666.1671,-27.176075,1.6819077,0.0004373643
52.76055145263672,-671.24575496648,-26.74417037085914,-676.21387,-27.307945,-666.2776,-26.180397,1.6837914,0.003175524
53.75492477416992,-671.3585306500335,-25.756216289704305,-676.3262,-26.3243,-666.39087,-25.188131,1.6846592,0.0
54.74929428100586,-671.4713063335867,-24.76826220854947,-676.4394,-25.332462,-666.50323,-24.204063,1.6838769,0.0
55.74366760253906,-671.5840820171402,-23.780308127394633,-676.55316,-24.335861,-666.61505,-23.224754,1.6821369,0.0027785855
56.7415885925293,-671.6944903969919,-22.78851345570052,-676.6642,-23.338596,-666.72485,-22.23843,1.6810361,0.00067482877
57.74026107788086,-671.8043951699715,-21.795901758380197,-676.7738,-22.347832,-666.83496,-21.243973,1.6814075,6.1278115e-05
58.73894119262695,-671.914299942951,-20.803290061059876,-676.88293,-21.362617,-666.9457,-20.243961,1.6828967,0.0018322464
59.73982620239258,-672.0262808013094,-19.808689912129587,-676.99414,-20.374681,-667.0585,-19.242697,1.6842378,0.0016385756
60.74274826049805,-672.1401769211033,-18.812255346983743,-677.1077,-19.381227,-667.17267,-18.243284,1.6848378,0.0
61.745670318603516,-672.254073040897,-17.815820781837903,-677.2201,-18.39795,-667.2881,-17.233692,1.6874865,0.0017524373
62.749412536621094,-672.3698994369598,-16.818777579821965,-677.3334,-17.421953,-667.4064,-16.215601,1.691726,0.0066090384
63.75619125366211,-672.4927440237285,-15.819521466787323,-677.45526,-16.430573,-667.5302,-15.208471,1.6933128,5.9810212e-05
64.76296997070312,-672.615588610497,-14.82026535375268,-677.5782,-15.430956,-667.653,-14.209576,1.6932402,0.0
65.76974487304688,-672.7384331972656,-13.82100924071804,-677.70074,-14.433636,-667.77606,-13.208384,1.6936301,0.0005934014
66.7818374633789,-672.8625527778153,-12.816557142833178,-677.8248,-13.429592,-667.90027,-12.203522,1.6937126,5.8827874e-05
67.79444885253906,-672.9867964979052,-11.811599138817089,-677.9486,-12.42843,-668.025,-11.194768,1.6944776,0.0
68.80705261230469,-673.1110402179951,-10.806641134800998,-678.0713,-11.435932,-668.15076,-10.177351,1.696989,0.0034498132
69.8232650756836,-673.2392127977099,-9.798543750776073,-678.1982,-10.437652,-668.2802,-9.159436,1.6989685,0.0021445022
70.8418197631836,-673.3699308350779,-8.788412402793961,-678.32806,-9.434193,-668.4118,-8.142632,1.7003143,0.0
71.8603744506836,-673.5006488724458,-7.778281054811849,-678.4551,-8.452073,-668.54626,-7.104489,1.705966,0.004957629
72.88026428222656,-673.6366454537558,-6.767500501975347,-678.58563,-7.479808,-668.6877,-6.055193,1.7137442,0.011338943
73.9033203125,-673.7848189144589,-5.755222322274378,-678.7324,-6.476966,-668.83716,-5.0334787,1.715651,5.699964e-05
74.9263916015625,-673.9329923751617,-4.742944142573409,-678.8758,-5.4968705,-668.9902,-3.989018,1.7221589,5.6998877e-05
75.949462890625,-674.0811658358647,-3.7306659628724397,-679.0118,-4.5606537,-669.1506,-2.900678,1.7375659,0.026723338
76.9757308959961,-674.2575753491963,-2.7196667501342824,-679.1831,-3.5793486,-669.33203,-1.8599849,1.7435913,5.6466146e-05
78.00201416015625,-674.4340424380994,-1.708670145312137,-679.3546,-2.5960784,-669.5134,-0.82126176,1.7492232,0.000112929265
79.02830505371094,-674.6105095270025,-0.697673540489991,-679.51404,-1.6752114,-669.70703,0.27986437,1.7675713,0.02644268
80.05712127685547,-674.8150081583644,0.3106207860982225,-679.70654,-0.72505295,-669.92346,1.3462945,1.7794416,0.011634932
81.08731842041016,-675.0318939634795,1.3177209725472843,-679.9096,0.21844566,-670.15424,2.4169965,1.7924622,0.00011164983
82.11750030517578,-675.2487797685945,2.324821158996346,-680.06274,0.97352123,-670.4348,3.6761212,1.8444594,0.05322943
83.14036560058594,-675.5183867195267,3.311518966008321,-680.23895,1.6635196,-670.7978,4.9595184,1.906676,0.08519777
84.15800476074219,-675.8707702541849,4.266183340447479,-680.55927,2.52885,-671.1823,6.0035167,1.9256644,0.0
85.17562103271484,-676.2231537888432,5.220847714886638,-680.8443,3.3116848,-671.602,7.1300106,1.9625746,0.012006778
86.19226837158203,-676.5867047605354,6.1702592143872454,-681.0475,3.9115605,-672.126,8.428957,2.0395107,0.12915374
87.20777893066406,-677.0710035194246,7.062874062754992,-681.463,4.673278,-672.67896,9.45247,2.0690806,5.827842e-05
88.22332000732422,-677.5553022783138,7.955488911122738,-681.9021,5.4845967,-673.2085,10.42638,2.0876858,0.0
89.23886108398438,-678.0396010372029,8.848103759490485,-682.2321,6.1236367,-673.8471,11.572571,2.1470582,0.09228166
90.2579116821289,-678.6074045730085,9.694305148467217,-682.6981,6.8192444,-674.5167,12.569366,2.1834154,0.02568527
91.27954864501953,-679.1987305696907,10.527432329919549,-683.2424,7.5865517,-675.1551,13.468313,2.199598,5.7238405e-05
92.30118560791016,-679.790056566373,11.36055951137188,-683.68884,8.230206,-675.89124,14.490913,2.2473004,0.056769073
93.32667541503906,-680.4310816306313,12.160990092639501,-684.1707,8.842062,-676.69147,15.479918,2.2966652,0.06132495
94.36033630371094,-681.126864929908,12.925395689847216,-684.81323,9.54737,-677.44055,16.303421,2.3125815,0.0
95.39395904541016,-681.8226482291849,13.68980128705493,-685.39294,10.18936,-678.2523,17.190243,2.3463173,0.01956263
96.42967987060547,-682.5351796943968,14.441479968559795,-685.8919,10.735787,-679.1784,18.147173,2.405561,0.09228883
97.48136901855469,-683.3287069891345,15.131609994608535,-686.6093,11.35832,-680.04816,18.9049,2.425929,2.6237227e-05
98.53301239013672,-684.1222342838723,15.821740020657273,-687.32947,11.985868,-680.91504,19.657612,2.4452207,2.6238971e-05
99.58465576171875,-684.9157615786103,16.511870046706015,-687.9111,12.508331,-681.9205,20.515408,2.4992719,0.084935725
100.65188598632812,-685.7807781979868,17.136993323903035,-688.66095,13.049869,-682.9006,21.224117,2.5277228,0.0127466675
101.72232818603516,-686.6567699301775,17.75213669982234,-689.49023,13.632482,-683.82336,21.871792,2.5391095,4.9764807e-05
102.79271697998047,-687.5327616623678,18.36728007574164,-690.2182,14.149626,-684.84735,22.584936,2.5746205,0.04431958
103.8700942993164,-688.442911044255,18.943783172243695,-690.992,14.642353,-685.89386,23.245213,2.6066267,0.033763964
104.95454406738281,-689.379630222864,19.490229623206307,-691.88727,15.164508,-686.872,23.815952,2.6162348,0.0
106.03898620605469,-690.3163494014728,20.036676074168913,-692.75916,15.674034,-687.87354,24.399319,2.6311502,0.011564133
107.12155151367188,-691.2581739206751,20.570432076572907,-693.5979,16.15165,-688.91846,24.989216,2.654627,0.033458494
108.19956970214844,-692.214678299615,21.067698054178063,-694.516,16.628796,-689.9133,25.5066,2.6632967,2.4357616e-05
109.27764892578125,-693.1711826785549,21.564964031783216,-695.47723,17.128511,-690.8652,26.001417,2.6622334,2.4357616e-05
110.35566711425781,-694.1276870574949,22.062230009388372,-696.433,17.62538,-691.8224,26.499079,2.6624053,0.00025344186
111.405517578125,-695.0593109250008,22.546210126644763,-697.3594,18.106636,-692.7593,26.985783,2.6635883,2.6425443e-05
112.45398712158203,-695.9897242198482,23.02954381429207,-698.32587,18.608833,-693.6536,27.450253,2.6554508,0.0
113.50245666503906,-696.9201375146959,23.512877501939375,-699.3659,19.151888,-694.4744,27.873869,2.6304743,0.034377493
114.52423858642578,-697.809542512466,24.015861130733015,-700.33936,19.703053,-695.2798,28.32867,2.6111078,0.019740857
115.53211212158203,-698.6767850427099,24.529464346624376,-701.24744,20.240913,-696.1061,28.818016,2.6015954,5.961181e-05
116.54003143310547,-699.5440275729541,25.04306756251574,-702.24414,20.834848,-696.8439,29.251287,2.5711164,0.029691925
117.5390625,-700.3880852346133,25.577515306800425,-703.25415,21.480495,-697.522,29.674534,2.5311666,0.058421664
118.52371215820312,-701.188072506104,26.151584862863736,-704.10034,22.08727,-698.27576,30.215899,2.519847,0.0
119.50836181640625,-701.9880597775946,26.725654418927057,-705.01825,22.748507,-698.9578,30.702803,2.4905124,0.0048271376
120.49300384521484,-702.7852523555723,27.30351252478229,-706.0676,23.531755,-699.5029,31.07527,2.4254618,0.11493832
121.4830093383789,-703.5158806076395,27.971606737707134,-706.8923,24.283817,-700.13947,31.659397,2.400243,6.2897874e-05
122.47306060791016,-704.2465088597066,28.639700950631983,-707.6917,25.016048,-700.80133,32.263355,2.3814397,6.289799e-05
123.46306610107422,-704.9771371117738,29.30779516355683,-708.63354,25.89745,-701.3207,32.71814,2.3213844,0.092393465
124.47105407714844,-705.6550947371315,30.053710359907683,-709.444,26.791155,-701.8662,33.31627,2.2816901,0.031901322
125.48751831054688,-706.3141457161724,30.82756017374058,-710.14746,27.61732,-702.48083,34.037804,2.2679634,5.811704e-05
126.50398254394531,-706.9731966952136,31.601409987573486,-710.9169,28.5277,-703.02954,34.675117,2.2328548,0.03980845
127.52752685546875,-707.6046380358865,32.40699521001448,-711.6663,29.491087,-703.5429,35.322903,2.193436,0.050975483
128.56301879882812,-708.1996919744306,33.25440528576838,-712.29645,30.38791,-704.10297,36.1209,2.1813228,0.000109949804
129.5984649658203,-708.7947459129745,34.10181536152228,-712.94366,31.311419,-704.6458,36.892212,2.1628656,0.008570434
130.63441467285156,-709.3825784769026,34.95484163276011,-713.6296,32.31616,-705.13556,37.593525,2.1267304,0.0580281
131.67588806152344,-709.9207641445495,35.84647920579617,-714.20435,33.267483,-705.6372,38.425472,2.1127367,0.0
132.71734619140625,-710.4589498121966,36.738116778832236,-714.75305,34.17678,-706.1648,39.299454,2.1086195,0.0
133.75881958007812,-710.9971354798435,37.6297543518683,-715.3299,35.134377,-706.66437,40.12513,2.0933278,0.023885658
134.7954864501953,-711.5106711750545,38.530284087506224,-715.86633,36.07506,-707.155,40.985508,2.0840847,0.005266777
135.8311767578125,-712.0188890182902,39.43273217029766,-716.3761,36.980312,-707.6616,41.88515,2.0834413,0.00010987545
136.8668975830078,-712.5271068615259,40.33518025308909,-716.8847,37.883434,-708.1695,42.786922,2.0832865,0.00044361185
137.89617919921875,-713.0317895440985,41.23222651402738,-717.39014,38.78173,-708.67346,43.682724,2.0830002,0.0004517249
138.91946411132812,-713.5331842234564,42.12424861643092,-717.8923,39.675014,-709.17413,44.573483,2.0827103,0.0
139.9427490234375,-714.0345789028141,43.01627071883446,-718.3987,40.57606,-709.67053,45.45648,2.0806413,0.0014287282
140.96380615234375,-714.5336553535132,43.90707741351374,-718.90564,41.481033,-710.1616,46.333122,2.0773988,0.004989437
141.9768524169922,-715.0242007293654,44.793411411237486,-719.3988,42.372,-710.64966,47.21482,2.0763385,0.0
142.9898681640625,-715.5147461052175,45.6797454089612,-719.8929,43.264748,-711.13666,48.09474,2.0748737,5.8711314e-05
144.0028839111328,-716.0052914810695,46.566079406684935,-720.39264,44.167896,-711.618,48.96426,2.0710363,0.006478415
145.00765991210938,-716.4860918278893,47.44837370201355,-720.8778,45.05818,-712.09436,49.838562,2.0692155,0.0006626284
146.01165771484375,-716.9659194182364,48.33026475106759,-721.3608,45.945873,-712.5711,50.714657,2.0678964,6.031295e-05
147.01560974121094,-717.4457470085832,49.21215580012162,-721.8507,46.846478,-713.0408,51.57783,2.0636423,0.005829706
148.01504516601562,-717.9182357000593,50.09285720148771,-722.33167,47.743126,-713.50476,52.44259,2.0600264,0.003807339
149.0115509033203,-718.3859289226708,50.97278124939143,-722.8014,48.62685,-713.97046,53.318714,2.059166,6.167958e-05
150.008056640625,-718.8536221452823,51.85270529729516,-723.27014,49.50866,-714.43713,54.196754,2.0587392,0.00043313214
151.00245666503906,-719.3199205495528,52.73098594561018,-723.73816,50.390194,-714.90173,55.07178,2.0580022,0.0011882077
151.99192810058594,-719.7829700498469,53.60543867791481,-724.20197,51.266167,-715.36395,55.94471,2.0576575,6.3002124e-05
152.98143005371094,-720.2460195501409,54.479891410219444,-724.66327,52.13725,-715.8288,56.822536,2.058421,0.0
153.9709014892578,-720.7090690504348,55.35434414252409,-725.1224,53.004326,-716.2957,57.70436,2.0600913,0.0029857424
154.95494079589844,-721.1721434420344,56.22262095985395,-725.5833,53.86859,-716.7609,58.576653,2.0610008,6.405464e-05
155.93896484375,-721.6352179353523,57.090872539351885,-726.04926,54.742264,-717.2211,59.439484,2.0597718,6.405695e-05
156.92298889160156,-722.09829242867,57.95912411884981,-726.51996,55.62493,-717.6766,60.29332,2.0565095,0.0048217373
157.90463256835938,-722.5560428140834,58.827503233918044,-726.9836,56.504395,-718.1285,61.15061,2.0540035,0.0022619683
158.88522338867188,-723.0114178781124,59.695939248277746,-727.4388,57.372528,-718.58405,62.01935,2.0540717,0.0
159.86581420898438,-723.4667929421413,60.56437526263744,-727.88885,58.230824,-719.04474,62.89793,2.056364,0.0023973994
160.84576416015625,-723.9238859382856,61.43119927472143,-728.33984,59.08608,-719.50793,63.776318,2.0589817,0.0038322734
161.8247528076172,-724.3836994435168,62.295470527706634,-728.7979,59.947018,-719.96954,64.64393,2.059737,6.505307e-05
162.8037109375,-724.8435129487477,63.159741780691846,-729.25165,60.79999,-720.43536,65.519485,2.0622973,0.000845545
163.78280639648438,-725.304072895477,64.02375301581418,-729.69995,61.641212,-720.9082,66.40629,2.0674741,0.009019544
164.7633056640625,-725.7729209001449,64.88487716183762,-730.16345,62.492542,-721.38245,67.27722,2.0697052,0.00012950531
165.7437744140625,-726.2417689048127,65.74600130786108,-730.63403,63.356884,-721.8495,68.13512,2.0689716,0.0
166.72427368164062,-726.7106169094807,66.6071254538845,-731.10583,64.22337,-722.3154,68.990875,2.06775,0.0019999174
167.70716857910156,-727.1789586412922,67.47127576513655,-731.57574,65.090515,-722.78217,69.852036,2.0670698,0.0005136704
168.69076538085938,-727.6471560642867,68.3362886593211,-732.0459,65.95912,-723.2484,70.713455,2.066253,6.414028e-05
169.6743621826172,-728.1153534872811,69.20130155350567,-732.52094,66.83679,-723.7098,71.56581,2.0633771,0.003515936
170.66015625,-728.5816121935721,70.06986021061098,-732.99414,67.718315,-724.16907,72.42141,2.0604384,0.0038084616
171.64840698242188,-729.045717326748,70.94235758639846,-733.4606,68.595276,-724.63086,73.289444,2.0594268,6.323693e-05
172.63665771484375,-729.5098224599237,71.81485496218593,-733.93176,69.48105,-725.0879,74.14867,2.0564218,0.0017677803
173.6259765625,-729.9729084079656,72.68910809592174,-734.4069,70.37835,-725.5389,74.99987,2.0512161,0.0085666
174.62060546875,-730.430993984682,73.57197540720789,-734.86816,71.267296,-725.9938,75.876656,2.049846,0.0
175.61526489257812,-730.8890795613983,74.45484271849404,-735.3379,72.17262,-726.4403,76.73706,2.0447905,0.0
176.60989379882812,-731.3471651381145,75.33771002978018,-735.8252,73.11349,-726.86914,77.56193,2.031797,0.021674093
177.6094512939453,-731.7882386951582,76.23468277646954,-736.2808,74.03997,-727.2957,78.42939,2.0252175,0.0033572963
178.6098175048828,-732.2266543780454,77.1338592869062,-736.73065,74.96257,-727.7227,79.305145,2.020011,0.0
179.6101837158203,-732.6650700609327,78.03303579734286,-737.20483,75.93755,-728.12537,80.12852,2.003246,0.02220528
180.61386108398438,-733.0847502277619,78.94476055757754,-737.65497,76.91657,-728.5146,80.97295,1.9884733,0.017249953
181.6204833984375,-733.4897358821888,79.86632707566471,-738.0729,77.86755,-728.9066,81.8651,1.9820446,0.0
182.62710571289062,-733.8947215366159,80.78789359375187,-738.5207,78.89044,-729.26874,82.68535,1.9600414,0.017396308
183.6343994140625,-734.2837586348168,81.71702792193983,-738.96967,79.972786,-729.59784,83.461266,1.9271379,0.050142605
184.6453857421875,-734.626446075378,82.66815580253969,-739.32806,80.96676,-729.92487,84.36956,1.9180114,0.00011813631
185.65635681152344,-734.9691335159391,83.61928368313953,-739.7073,82.02243,-730.23096,85.21614,1.8958616,0.000118137556
186.66734313964844,-735.3118209565002,84.57041156373937,-740.13055,83.23629,-730.4931,85.90453,1.8408929,0.09452212
187.67857360839844,-735.5622383988484,85.55014039604553,-740.41205,84.33385,-730.71246,86.76643,1.8165197,0.004779161
188.6900634765625,-735.8079594817509,86.53132495992523,-740.67554,85.38813,-730.9404,87.67452,1.8014762,0.0
189.70155334472656,-736.0536805646535,87.51250952380495,-740.9726,86.615425,-731.1348,88.4096,1.751191,0.07145119
190.7121124267578,-736.2278624893397,88.50795217862442,-741.1778,87.80207,-731.2779,89.21383,1.712446,0.038705464
191.72439575195312,-736.3630353560842,89.51116952229226,-741.3236,88.88434,-731.40247,90.138,1.6964928,0.0
192.73667907714844,-736.4982082228287,90.51438686596006,-741.48193,90.11111,-731.5145,90.91767,1.6515404,0.043804854
193.74778747558594,-736.5887403599976,91.52143971944892,-741.5875,91.41095,-731.58997,91.63193,1.5928953,0.08374408
194.76220703125,-736.5936493134899,92.53584927532641,-741.59357,92.512115,-731.5937,92.559586,1.5755435,5.8468475e-05
195.77662658691406,-736.5985582669821,93.55025883120393,-741.5972,93.66682,-731.5999,93.43371,1.5474837,0.0044440436
196.79098510742188,-736.5989207976597,94.56461761777236,-741.5798,95.002235,-731.6181,94.12701,1.4831613,0.11050977
197.81045532226562,-736.4849945660975,95.57770015667754,-741.4531,96.14121,-731.51685,95.01418,1.4578527,5.7605248e-05
198.82992553710938,-736.3710683345353,96.59078269558273,-741.32965,97.23324,-731.41254,95.948326,1.4419491,0.0001152092
199.84939575195312,-736.257142102973,97.60386523448794,-741.1748,98.50739,-731.3395,96.70034,1.389093,0.0792913
200.87313842773438,-736.0608036291518,98.60859321289587,-740.9438,99.683846,-731.1778,97.53335,1.3540531,0.02837129
201.90005493164062,-735.8345718912938,99.61029075461131,-740.7009,100.75862,-730.96826,98.46196,1.339061,0.0
202.92698669433594,-735.6083401534358,100.61198829632671,-740.42096,101.967926,-730.7957,99.25606,1.2961704,0.047675148
203.95579528808594,-735.3327946082088,101.60321554969485,-740.07446,103.189735,-730.5912,100.0167,1.2479119,0.06267887
204.99093627929688,-734.9917155042009,102.58052874342205,-739.70917,104.23755,-730.27423,100.92351,1.2330052,5.5030487e-05
206.0260467529297,-734.6506364001932,103.5578419371492,-739.32635,105.3291,-729.9749,101.786575,1.2086809,0.0110088205
207.06101989746094,-734.2984968821904,104.53107569859615,-738.8845,106.52315,-729.7125,102.539,1.1610084,0.07688048
208.09878540039062,-733.8688985751256,105.47574019630369,-738.418,107.55072,-729.31976,103.40076,1.1428571,5.46104e-05
209.1365509033203,-733.4393002680608,106.42040469401124,-737.9714,108.53226,-728.90717,104.30855,1.1347369,0.0
210.17430114746094,-733.009701960996,107.36506919171876,-737.4829,109.59901,-728.5365,105.13113,1.1076252,0.042518657
211.20462036132812,-732.5424404411366,108.28332745565136,-736.9787,110.58975,-728.10614,105.9769,1.0913529,0.009338297
212.23355102539062,-732.0669401044161,109.19580936361409,-736.49756,111.51304,-727.63635,106.87858,1.0889158,0.0
213.26251220703125,-731.5914397676953,110.10829127157683,-736.011,112.44662,-727.1719,107.769966,1.0841484,0.006194994
214.28167724609375,-731.1147438659327,111.00910954946833,-735.5226,113.36935,-726.7069,108.64887,1.079185,0.0059605497
215.291748046875,-730.636926887116,111.89899088325433,-735.04144,114.26545,-726.23236,109.53254,1.0777738,5.9231897e-05
216.30177307128906,-730.1591099082992,112.78887221704032,-734.5613,115.15969,-725.75696,110.41805,1.0767821,0.00083371863
217.3082275390625,-729.6822925260025,113.67521167947181,-734.07996,116.0544,-725.28467,111.29602,1.0748801,0.0029930125
218.30130004882812,-729.20919863624,114.54835768705854,-733.6055,116.93011,-724.8129,112.1666,1.0742971,6.231875e-05
219.29440307617188,-728.7361047464777,115.42150369464525,-733.1296,117.808395,-724.3426,113.03461,1.0731266,6.231875e-05
220.2874755859375,-728.2630108567155,116.29464970223196,-732.6492,118.695,-723.87683,113.894295,1.0700617,0.0052587944
221.26966857910156,-727.7905908609714,117.15576729288068,-732.17303,119.56287,-723.40814,114.74867,1.0685234,0.0006452486
222.25074768066406,-727.3182397963458,118.01565452355204,-731.69916,120.425545,-722.9373,115.60577,1.0678855,0.0
223.23182678222656,-726.8458887317199,118.87554175422342,-731.2218,121.294495,-722.47,116.45659,1.0658164,0.0029309995
224.2078857421875,-726.3735042224964,119.72966439438049,-730.74506,122.15648,-722.0019,117.30286,1.0640191,0.0019792905
225.1805877685547,-725.9010976728281,120.57998809094796,-730.27203,123.007965,-721.5302,118.15201,1.0637511,6.6314795e-05
226.15333557128906,-725.4286911231599,121.43031178751542,-729.8019,123.85423,-721.05554,119.00639,1.0646797,0.00079673657
227.12525939941406,-724.9573374303549,122.28028040279762,-729.3335,124.698845,-720.5812,119.86172,1.0659041,0.0020003375
228.09524536132812,-724.4884600314144,123.12941387548952,-728.8654,125.54649,-720.1115,120.71234,1.0662452,6.6878674e-05
229.0652313232422,-724.0195826324743,123.9785473481814,-728.39825,126.39253,-719.6409,121.56456,1.0669495,6.6878674e-05
230.03521728515625,-723.5507052335339,124.8276808208733,-727.9335,127.234245,-719.16797,122.42112,1.0686451,0.0031253232
231.0089111328125,-723.0826155489011,125.68149053959617,-727.4675,128.08417,-718.69775,123.2788,1.0695295,0.0
231.982666015625,-722.6145307026374,126.53532898117537,-726.9967,128.94284,-718.2323,124.12782,1.0684289,6.6107634e-05
232.95639038085938,-722.1464458563737,127.38916742275457,-726.52155,129.80951,-717.7713,124.96883,1.0654978,0.0044545443
233.9360809326172,-721.6717327967756,128.24618261061815,-726.0417,130.6759,-717.3018,125.81647,1.0633545,0.0020038474
234.9185028076172,-721.1940343052751,129.10462864556305,-725.562,131.53793,-716.82605,126.67132,1.062532,0.0
235.9009246826172,-720.7163358137745,129.96307468050793,-725.079,132.40588,-716.35364,127.520256,1.0603538,0.0022994175
236.88844299316406,-720.2341034562522,130.8248741495817,-724.59033,133.27913,-715.8779,128.37062,1.0577314,0.0038180721
237.88421630859375,-719.7446293807767,131.69202989165072,-724.0994,134.14885,-715.38983,129.23521,1.0571417,6.181484e-05
238.87998962402344,-719.255155305301,132.55918563371975,-723.588,135.0544,-714.92224,130.06398,1.0483025,0.0025928717
239.8766326904297,-718.7629620369414,133.42580850168736,-723.05176,135.99599,-714.4741,130.85564,1.0309137,0.02968362
240.88372802734375,-718.2397453433292,134.28635177892318,-722.5132,136.88205,-713.9663,131.69064,1.0249511,0.0
241.89083862304688,-717.7165286497168,135.146895056159,-721.9649,137.78345,-713.4682,132.51035,1.0153648,0.0
242.89796447753906,-717.1933119561046,136.00743833339484,-721.3675,138.7599,-713.0191,133.25496,0.9878407,0.04287669
243.9102783203125,-716.6303492437736,136.84879045426695,-720.75775,139.67099,-712.503,134.02658,0.97103935,0.01226262
244.92446899414062,-716.0559233527371,137.6846076395139,-720.15857,140.54256,-711.95325,134.82664,0.9623513,5.8509657e-05
245.9386444091797,-715.4814974617005,138.52042482476088,-719.5063,141.4871,-711.4567,135.55376,0.9356012,0.03189372
246.95404052734375,-714.8797145309495,139.33826692073907,-718.82043,142.41571,-710.93896,136.26083,0.9077931,0.03526063
247.9720001220703,-714.2472936322727,140.13597817601843,-718.1589,143.25038,-710.33575,137.02156,0.8983746,5.785767e-05
248.99000549316406,-713.6148727335959,140.93368943129784,-717.4422,144.15103,-709.78754,137.71634,0.8717732,0.015061292
250.0071563720703,-712.9708368732357,141.72096509881604,-716.6434,145.11395,-709.2983,138.32797,0.8249455,0.075060345
251.02366638183594,-712.2689806432979,142.45629143085165,-715.886,145.90846,-708.652,139.00414,0.8087082,5.8109254e-05
252.04017639160156,-711.5671244133603,143.19161776288723,-715.1267,146.70294,-708.00757,139.6803,0.7922252,5.8110203e-05
253.0566864013672,-710.8652681834226,143.92694409492282,-714.2581,147.59967,-707.4725,140.25421,0.74580014,0.075886555
254.07167053222656,-710.1100263550068,144.6050077243077,-713.411,148.36049,-706.8091,140.84953,0.7210769,0.0120488
255.08694458007812,-709.3462982478961,145.27396876296854,-712.60504,149.06615,-706.0876,141.4818,0.70988584,2.9160225e-05
256.10223388671875,-708.5825701407856,145.94292980162936,-711.7059,149.84741,-705.4593,142.03845,0.674698,0.046149887
257.1165771484375,-707.7891394617269,146.57484575622266,-710.7864,150.57692,-704.7919,142.57277,0.64280987,0.03645768
258.1316833496094,-706.9722195265938,147.17746588190673,-709.9256,151.21202,-704.01886,143.1429,0.6318894,2.9171908e-05
259.1468505859375,-706.1552995914609,147.78008600759085,-709.00867,151.88596,-703.3019,143.67422,0.60733306,0.019461187
260.161865234375,-705.3266635594701,148.3663341897248,-708.0234,152.57677,-702.62994,144.1559,0.569656,0.05725174
261.178955078125,-704.4636115369285,148.90448984912211,-707.1127,153.14507,-701.8146,144.66393,0.5583788,2.9006138e-05
262.1960144042969,-703.6005595143869,149.44264550851946,-706.1678,153.73328,-701.0334,145.15201,0.539185,2.9003926e-05
263.213134765625,-702.7375074918455,149.9808011679168,-705.09357,154.39088,-700.3814,145.57072,0.49067217,0.08259972
264.23583984375,-701.8271976667753,150.44696743289495,-704.0875,154.9069,-699.5669,145.98701,0.46907032,0.004333136
265.25909423828125,-700.9143760810821,150.90930744873503,-703.1181,155.39748,-698.71063,146.42113,0.45642424,2.8484294e-05
266.2823486328125,-700.0015544953886,151.37164746457512,-702.01373,155.94887,-697.9893,146.79442,0.41418362,0.05911208
267.3100891113281,-699.0582259585551,151.77963710389048,-700.9202,156.42,-697.1962,147.13927,0.38159004,0.03213768
268.3420104980469,-698.0981138049726,152.15772549592717,-699.89886,156.82219,-696.2973,147.49327,0.36843958,2.7775786e-05
269.3738708496094,-697.1380016513899,152.53581388796383,-698.7683,157.26256,-695.5077,147.80907,0.33213663,0.034591008
270.40789794921875,-696.1629428072724,152.8800676480808,-697.5676,157.6787,-694.7583,148.08144,0.28477103,0.06605789
271.4499206542969,-695.1589549170757,153.15883509712532,-696.4985,157.97604,-693.8194,148.34161,0.27122098,2.6975567e-05
272.49188232421875,-694.154967026879,153.43760254616987,-695.3613,158.2899,-692.9486,148.58531,0.24367495,0.003964562
273.5340270996094,-693.149651204871,153.71227895265335,-694.0522,158.63016,-692.24713,148.7944,0.18149881,0.10367391
274.5877990722656,-692.109003701875,153.87810684037146,-692.88776,158.8171,-691.33026,148.93913,0.15638219,6.519916e-06
275.6415710449219,-691.0683561988792,154.04393472808957,-691.7981,158.9904,-690.3386,149.09746,0.14646518,6.519916e-06
276.6953430175781,-690.0277086958833,154.2097626158077,-690.57684,159.17952,-689.4786,149.24,0.11004305,0.05282141
277.75030517578125,-688.9782955943294,154.31752058080224,-689.4035,159.29941,-688.55304,149.33563,0.08515153,0.019280408
278.80645751953125,-687.9256697442388,154.40399488125033,-688.3185,159.38853,-687.53284,149.41945,0.07864371,3.237974e-06
279.86260986328125,-686.8730438941482,154.4904691816984,-687.20056,159.47972,-686.54553,149.5012,0.06554458,0.0144844595
280.9143371582031,-685.8236845282676,154.56056325506668,-686.07434,159.55428,-685.573,149.56685,0.050160974,0.019699395
281.9604187011719,-684.7787022465654,154.6087078475289,-685.0056,159.60355,-684.55176,149.61386,0.045404613,0.0
283.0065002441406,-683.7337199648636,154.65685243999113,-683.9388,159.65263,-683.5286,149.66106,0.041021764,0.0020382057
284.05072021484375,-682.6905052733853,154.70268409404198,-682.8494,159.70015,-682.53156,149.70522,0.03179239,0.014899664
285.08172607421875,-681.6599036534705,154.73201121140235,-681.7993,159.73007,-681.5205,149.73395,0.027888725,1.740287e-06
286.11279296875,-680.6293020335556,154.76133832876266,-680.774,159.75925,-680.48456,149.76343,0.028946523,1.740287e-06
287.143798828125,-679.5987004136407,154.79066544612303,-679.75073,159.78835,-679.44666,149.79298,0.03041756,0.0023146367
288.16082763671875,-678.5821337419252,154.82201070775045,-678.7387,159.81955,-678.4256,149.82446,0.031312607,0.00053364417
289.1748046875,-677.568679738361,154.85380355303087,-677.7257,159.85133,-677.4116,149.85628,0.03140851,1.4637327e-05
290.188720703125,-676.5552257347969,154.8855963983113,-676.7128,159.8831,-676.39764,149.88808,0.03152406,0.00018064167
291.19769287109375,-675.5467552062695,154.91739713444716,-675.7051,159.9149,-675.3884,149.9199,0.031670485,0.00013089174
292.20196533203125,-674.5429958913307,154.94920533033846,-674.70105,159.9467,-674.3849,149.9517,0.03161617,1.5065544e-05
293.2062072753906,-673.5392365763922,154.9810135262298,-673.69226,159.97867,-673.3862,149.98337,0.03061051,0.0006758407
294.2107238769531,-672.5352431257356,155.0121609988291,-672.68036,160.01006,-672.3901,150.01427,0.029035298,0.002485028
295.2159423828125,-671.5303667802923,155.04081697139353,-671.67163,160.03882,-671.38916,150.04282,0.028253347,3.7551197e-06
296.2212219238281,-670.5254904348487,155.06947294395795,-670.6742,160.06726,-670.37683,150.07169,0.029738499,1.8773889e-06
297.22650146484375,-669.5206140894052,155.09812891652237,-669.686,160.0954,-669.3553,150.10086,0.03307668,0.0056212344
298.2404479980469,-668.5072776762768,155.13277996311942,-668.67957,160.1298,-668.33496,150.13576,0.03446322,0.000581077
299.2552795410156,-667.4930549369665,155.168059088743,-667.6782,160.16463,-667.30786,150.1715,0.03704005,0.0
300.2701110839844,-666.4788321976561,155.20333821436654,-666.70496,160.19823,-666.2527,150.20845,0.04523968,0.01110399
301.2917785644531,-665.4582250586633,155.25039028576242,-665.7183,160.24362,-665.1982,150.25717,0.052037902,0.0072367196
302.3181457519531,-664.4333746345786,155.30526704980997,-664.7061,160.29782,-664.1606,150.31271,0.05458264,3.528473e-06
303.3444519042969,-663.4085242104941,155.36014381385755,-663.7142,160.35078,-663.10284,150.36949,0.06116612,0.005762691
304.3736877441406,-662.3810748249213,155.42124428453394,-662.73303,160.40884,-662.0292,150.43365,0.07044586,0.013431554
305.41009521484375,-661.3474529141747,155.4971260384336,-661.71063,160.48393,-660.9843,150.51033,0.07269375,0.0
306.4465026855469,-660.3138310034282,155.57300779233333,-660.7155,160.55685,-659.9122,150.58917,0.08041898,0.0
307.48291015625,-659.2802090926813,155.64888954623305,-659.7733,160.62453,-658.7871,150.67326,0.098776035,0.031252544
308.5270690917969,-658.2418863311603,155.75915594568818,-658.7698,160.73122,-657.714,150.7871,0.10577677,0.00026805256
309.5712585449219,-657.2035249920069,155.86970452347435,-657.7734,160.83713,-656.6337,150.90228,0.11421417,0.0
310.6155090332031,-656.1651636528533,155.9802531012605,-656.8681,160.93059,-655.4622,151.02992,0.14106104,0.038007054
311.6620178222656,-655.1297677729686,156.13229464661785,-655.92535,161.06859,-654.33417,151.196,0.15979397,0.017196199
312.7101135253906,-654.0957203061446,156.30320330641706,-654.94855,161.22993,-653.24286,151.37648,0.17141278,1.3253464e-05
313.7582092285156,-653.0616728393206,156.4741119662163,-654.11115,161.36272,-652.01215,151.5855,0.21147554,0.04015654
314.8035888671875,-652.0383279157832,156.6877669664558,-653.3235,161.51978,-650.7532,151.85574,0.25994328,0.064984135
315.8486022949219,-651.032225325501,156.97028846202997,-652.388,161.78297,-649.67645,152.15761,0.27459073,0.0
316.89361572265625,-650.0261227352188,157.2528099576042,-651.5173,162.02528,-648.535,152.48033,0.30283806,0.008310182
317.93804931640625,-649.023069753473,157.54388109437113,-650.79565,162.21912,-647.2505,152.86865,0.36240315,0.09768478
318.98150634765625,-648.055790272267,157.9352439866796,-649.938,162.56744,-646.1736,153.30304,0.3859554,1.3430543e-05
320.02496337890625,-647.088510791061,158.32660687898812,-649.0166,162.93991,-645.1604,153.71332,0.39587867,0.0
321.06842041015625,-646.121231309855,158.71796977129657,-648.2079,163.26172,-644.03455,154.17422,0.4305155,0.052242316
322.1103820800781,-645.1780473863628,159.16081706597816,-647.364,163.65765,-642.99207,154.66397,0.45247504,0.015265746
323.15252685546875,-644.2418944890258,159.6186873862298,-646.45764,164.10094,-642.0261,155.13643,0.45910504,0.0
324.1946716308594,-643.3057415916884,160.0765577064814,-645.59576,164.5213,-641.0157,155.6318,0.4757518,0.0195105
325.2353210449219,-642.3803573212243,160.55265277947134,-644.7494,164.95581,-640.01135,156.1495,0.49360603,0.022050511
326.27490234375,-641.4671320662353,161.0493256896529,-643.86017,165.43945,-639.07404,156.65921,0.49907508,5.4328644e-05
327.3144226074219,-640.5539068112463,161.54599859983443,-642.9752,165.92062,-638.13257,157.17139,0.5055197,0.0037512763
328.3535461425781,-639.6430282554766,162.04602930786493,-642.11725,166.39095,-637.16876,157.70113,0.517658,0.019152438
329.3905944824219,-638.7440045506601,162.56302264694008,-641.2364,166.89755,-636.25165,158.22849,0.521834,2.7360715e-05
330.4277038574219,-637.8449808458435,163.08001598601524,-640.3574,167.40294,-635.3325,158.7571,0.52647287,0.0
331.4647521972656,-636.945957141027,163.59700932509037,-639.51416,167.88707,-634.3778,159.30696,0.53941363,0.020691922
332.500732421875,-636.0591948310057,164.13261263084848,-638.6553,168.40582,-633.46313,159.8594,0.54593325,0.003376843
333.5365295410156,-635.1744152095273,164.67122520009877,-637.79596,168.92888,-632.5529,160.41356,0.55189455,0.0
334.5723876953125,-634.2896355880488,165.2098377693491,-636.99335,169.41576,-631.5859,161.00392,0.5713305,0.024792906
335.6075439453125,-633.4195104454192,165.7705905233733,-636.1966,169.92844,-630.6424,161.61273,0.5888656,0.01981217
336.64263916015625,-632.5610702785482,166.34899709675452,-635.3642,170.48938,-629.758,162.20862,0.5951272,5.5032473e-05
337.6777648925781,-631.7026301116772,166.92740367013576,-634.57025,171.02333,-628.835,162.83147,0.61080706,0.012087269
338.7124328613281,-630.8518556855274,167.5162409283996,-633.8171,171.54208,-627.88666,163.49039,0.6348322,0.035925668
339.7467346191406,-630.0238431463127,168.13605002338323,-633.01385,172.14354,-627.0339,164.12856,0.6409979,5.515976e-05
340.78106689453125,-629.195830607098,168.75585911836686,-632.2673,172.70125,-626.1243,164.81047,0.6614888,2.757988e-05
341.81536865234375,-628.3678180678831,169.37566821335045,-631.6336,173.16174,-625.102,165.5896,0.7117601,0.084284864
342.8489990234375,-627.5974004549832,170.06481040310024,-630.9539,173.77075,-624.2409,166.35886,0.73595566,0.004696364
343.8828430175781,-626.8301742932081,170.75779447958274,-630.1897,174.46101,-623.4707,167.05458,0.7367692,2.7615351e-05
344.9167175292969,-626.0629481314328,171.45077855606522,-629.4481,175.13052,-622.67773,167.77103,0.74372774,0.009835032
345.9483642578125,-625.3043974329642,172.14999240430996,-628.70874,175.81201,-621.9,168.48798,0.7489491,0.0054571554
346.97882080078125,-624.5506621590046,172.8526641653567,-627.96985,176.50082,-621.1315,169.2045,0.7530096,2.7890843e-05
348.00927734375,-623.796926885045,173.55533592640344,-627.2755,177.14694,-620.31836,169.96371,0.76940775,0.015270393
349.03912353515625,-623.0548347614149,174.26934966977578,-626.6089,177.78625,-619.50073,170.75244,0.7906519,0.029982565
350.068359375,-622.3354831330009,175.0055156904538,-625.91077,178.50089,-618.76025,171.51013,0.7966948,2.7988093e-05
351.09765625,-621.6161315045867,175.74168171113183,-625.23676,179.19003,-617.99554,172.29333,0.8097632,0.0017353405
352.1268615722656,-620.8981927294411,176.47911314574628,-624.6198,179.81822,-617.1766,173.14,0.83951795,0.050633736
353.1552429199219,-620.2201666652497,177.25229217128893,-623.9811,180.54703,-616.4592,173.95755,0.85137576,2.8061035e-05
354.1836242675781,-619.5421406010583,178.0254711968315,-623.3259,181.2939,-615.7583,174.75703,0.8583492,5.612536e-05
355.2119445800781,-618.8641145368669,178.79865022237408,-622.72406,181.97682,-615.0042,175.62047,0.88196415,0.03501746
356.2394104003906,-618.2149660620969,179.59506931630096,-622.1244,182.71217,-614.30554,176.47795,0.897686,0.013026765
357.2668762207031,-617.5765117799608,180.40009486849192,-621.50946,183.48752,-613.6436,177.31268,0.9052576,5.6268727e-05
358.29437255859375,-616.9380574978245,181.20512042068293,-620.9405,184.2019,-612.9356,178.20834,0.92810076,0.02517647
359.32122802734375,-616.320965338482,182.0258959300712,-620.39966,184.91801,-612.2423,179.13377,0.9540009,0.03403666
360.3484191894531,-615.7327375584757,182.86795269242592,-619.83466,185.72704,-611.6308,180.00887,0.96207833,0.0
361.3755798339844,-615.1445097784696,183.7100094547807,-619.2876,186.5091,-611.00146,180.91092,0.9766304,0.0063096723
362.4025573730469,-614.5619367925149,184.55574961190078,-618.7832,187.23555,-610.3407,181.87596,1.0051538,0.046565663
363.429443359375,-614.0204894517719,185.42827801009847,-618.26917,188.0644,-609.77185,182.79216,1.0154662,0.0
364.4563293457031,-613.479042111029,186.30080640829618,-617.753,188.89577,-609.20514,183.70586,1.0251253,0.0
365.48321533203125,-612.9375947702862,187.1733348064939,-617.28357,189.64577,-608.5917,184.70091,1.0535537,0.044692196
366.5103759765625,-612.4366729062048,188.07005257425874,-616.82306,190.46997,-608.05023,185.67014,1.0701598,0.010132921
367.5378723144531,-611.9448621830611,188.97220871742272,-616.34595,191.34508,-607.5438,186.59935,1.0763167,5.626595e-05
368.56536865234375,-611.4530514599173,189.87436486058672,-615.896,192.16788,-607.01013,187.58084,1.094262,0.022108307
369.593017578125,-610.9818976274993,190.78762675914905,-615.4645,193.00269,-606.49927,188.57257,1.1118397,0.021185407
370.6212463378906,-610.530431854017,191.71147354048546,-615.0269,193.89827,-606.034,189.52467,1.1181363,0.000112284164
371.6495056152344,-610.0789660805348,192.63532032182187,-614.6135,194.74194,-605.54443,190.52869,1.1358881,0.011732078
372.6778564453125,-609.6387310749714,193.56465787011913,-614.23267,195.5384,-605.0448,191.5909,1.1650008,0.04508328
373.7078857421875,-609.241371087731,194.5149571848562,-613.8536,196.44566,-604.6292,192.58424,1.174351,0.0
374.7379455566406,-608.8440111004904,195.4652564995933,-613.481,197.33559,-604.207,193.59492,1.1874082,0.0
375.7679748535156,-608.44665111325,196.41555581433033,-613.14557,198.1244,-603.74774,194.70671,1.221996,0.056865945
376.7995300292969,-608.1052237006481,197.3889713271354,-612.83246,199.0178,-603.378,195.76015,1.2389739,0.006112988
377.8314514160156,-607.7697953416177,198.3648661699458,-612.5109,199.95271,-603.0286,196.77702,1.2476324,0.0
378.8633728027344,-607.4343669825872,199.3407610127562,-612.21844,200.79439,-602.6503,197.88713,1.2758123,0.037590448
379.8956604003906,-607.1370380607481,200.329304621831,-611.9543,201.66869,-602.31976,198.98991,1.2996062,0.025262026
380.9290771484375,-606.8652468617098,201.32632658939212,-611.6937,202.62473,-602.03674,200.02792,1.3081063,5.5305383e-05
381.9624938964844,-606.5934556626717,202.32334855695325,-611.4474,203.52295,-601.7395,201.12375,1.3285116,0.017703153
382.9957275390625,-606.3399532557071,203.32500311487752,-611.22687,204.38254,-601.45306,202.26746,1.3576773,0.042333726
384.02996826171875,-606.1303135201547,204.33776818179925,-611.0259,205.3543,-601.23474,203.32124,1.3660636,0.0
385.064208984375,-605.9206737846026,205.35053324872092,-610.83044,206.29597,-601.01086,204.4051,1.3805653,5.517312e-05
386.0984191894531,-605.7110340490502,206.36329831564265,-610.6516,207.13217,-600.7705,205.59442,1.4164078,0.061279893
387.1332092285156,-605.5659782231616,207.3878576914382,-610.51764,208.08133,-600.6143,206.6944,1.4316553,0.0006609983
388.1679992675781,-605.4215862708452,208.41253830377713,-610.3771,209.07819,-600.46606,207.74689,1.4372693,5.508172e-05
389.20281982421875,-605.2771943185289,209.43721891611608,-610.2458,209.99707,-600.30865,208.87738,1.4585915,0.030408353
390.23638916015625,-605.1653033849277,210.46470740846533,-610.1419,210.94781,-600.18866,209.9816,1.4740238,0.014046253
391.26971435546875,-605.0683312432056,211.49348478895254,-610.04803,211.94394,-600.0887,211.04303,1.4805841,0.000110632995
392.30303955078125,-604.9713591014836,212.52226216943978,-609.9586,212.87956,-599.98413,212.16496,1.4992748,0.0191021
393.33575439453125,-604.8947913185043,213.55214329535536,-609.88885,213.79506,-599.9007,213.30922,1.5221938,0.031208899
394.36834716796875,-604.8513805674319,214.58381800483048,-609.84705,214.79248,-599.8557,214.37515,1.5290518,5.543664e-05
395.40093994140625,-604.8079698163596,215.61549271430562,-609.80615,215.7502,-599.8098,215.48079,1.5438535,0.0041586612
396.4333801269531,-604.7691209950436,216.64719539674343,-609.76904,216.62636,-599.76917,216.66805,1.5749657,0.05172918
397.4655456542969,-604.7853304980622,217.67923568728375,-609.7847,217.60007,-599.78595,217.75839,1.5866296,5.5505392e-05
398.4977111816406,-604.8015400010806,218.71127597782407,-609.7998,218.58134,-599.8032,218.8412,1.596785,0.0
399.5298767089844,-604.8177495040992,219.74331626836442,-609.8096,219.45743,-599.8259,220.0292,1.6280059,0.047575966
400.5613098144531,-604.8845198631318,220.7726049428635,-609.8698,220.38943,-599.89923,221.15576,1.6475035,0.01401124
401.5930480957031,-604.9662159047938,221.801081333889,-609.9481,221.37613,-599.98425,222.22604,1.6558906,0.00011115383
402.624755859375,-605.0479119464558,222.82955772491448,-610.018,222.28328,-600.0778,223.37584,1.68027,0.028389666
403.65545654296875,-605.1595966876818,223.8541861016498,-610.1139,223.17966,-600.2053,224.52872,1.7061149,0.032394767
404.6860656738281,-605.305419949668,224.8744339778086,-610.254,224.15953,-600.3568,225.58934,1.7142704,0.0
405.7166748046875,-605.4512432116544,225.89468185396734,-610.38947,225.11107,-600.513,226.6783,1.7281696,0.007923687
406.7467346191406,-605.6052301421805,226.91317709845092,-610.522,226.00441,-600.6885,227.82195,1.7535666,0.04037476
407.7750549316406,-605.801073572378,227.9226863059856,-610.7095,226.97005,-600.8927,228.87532,1.7624962,0.00011225835
408.8033752441406,-605.9969170025755,228.93219551352024,-610.8974,227.93959,-601.0964,229.92479,1.7706431,5.6127945e-05
409.83172607421875,-606.1927604327731,229.94170472105495,-611.0688,228.83537,-601.3167,231.04805,1.79391,0.03760303
410.8581848144531,-606.4269168828973,230.9410893622184,-611.28906,229.77487,-601.5648,232.1073,1.8062086,0.0061532166
411.88446044921875,-606.6673740801368,231.93880897325698,-611.52136,230.7395,-601.81335,233.13812,1.8130217,5.6464814e-05
412.9107360839844,-606.9078312773763,232.93652858429553,-611.73474,231.63239,-602.08093,234.24066,1.8346761,0.027926976
413.936279296875,-607.1765346895681,233.92624010907352,-611.9768,232.5272,-602.3762,235.32527,1.8543881,0.022522917
414.96185302734375,-607.467947028033,234.90951342466886,-612.2586,233.47781,-602.6773,236.34122,1.8612018,5.6586014e-05
415.9873962402344,-607.7593593664978,235.8927867402642,-612.5269,234.38612,-602.99176,237.39946,1.8768859,0.01222685
417.0127258300781,-608.0629636855247,236.87212827544857,-612.7927,235.25055,-603.33325,238.49371,1.9010855,0.03645774
418.0382995605469,-608.4031637277556,237.83966809007669,-613.12085,236.18349,-603.6854,239.49583,1.908408,5.6578254e-05
419.06390380859375,-608.7433637699866,238.8072079047048,-613.44073,237.09421,-604.04596,240.5202,1.9204777,0.0
420.0895080566406,-609.0835638122174,239.77474771933294,-613.72614,237.91823,-604.441,241.63127,1.9512113,0.051951073
421.11590576171875,-609.4751106485322,240.7235440179745,-614.0915,238.8029,-604.8587,242.64418,1.9650608,0.0030473073
422.1424560546875,-609.8696193525375,241.6712591232251,-614.4707,239.71417,-605.26855,243.62836,1.9729681,0.0
423.1689758300781,-610.2641280565426,242.61897422847582,-614.81165,240.5405,-605.71655,244.69745,1.9995048,0.036992718
424.196044921875,-610.6944844403639,243.5515210392581,-615.1979,241.37915,-606.19104,245.72388,2.0202498,0.020592434
425.2240295410156,-611.1449154907698,244.4755736195721,-615.63055,242.26678,-606.65924,246.68436,2.0283542,0.0
426.25201416015625,-611.5953465411758,245.399626199886,-616.03204,243.09409,-607.1586,247.70517,2.0500407,0.02062081
427.2799987792969,-612.0652327626005,246.31391324946844,-616.434,243.88206,-607.6965,248.74577,2.078728,0.040554766
428.30926513671875,-612.5734646584975,247.208952672694,-616.92163,244.74045,-608.22534,249.67746,2.0871358,0.0
429.3385314941406,-613.0816965543945,248.10399209591952,-617.3943,245.57385,-608.76917,250.63412,2.1013694,0.0018472985
430.3677673339844,-613.5916378283895,248.99803370425707,-617.8183,246.32683,-609.3649,251.66924,2.134407,0.05624678
431.3981628417969,-614.1530328901107,249.86204020479673,-618.3444,247.1359,-609.9616,252.5882,2.1474614,0.0
432.42852783203125,-614.7144279518321,250.7260467053364,-618.88245,247.96428,-610.5464,253.48781,2.1559806,5.5794433e-05
433.45892333984375,-615.2758230135533,251.59005320587605,-619.3638,248.71101,-611.18787,254.4691,2.1843877,0.04202264
434.4902038574219,-615.8746155627225,252.42968033793903,-619.90674,249.473,-611.8425,255.38637,2.203511,0.015618497
435.5223083496094,-616.487400767683,253.26018567774327,-620.4963,250.27203,-612.4786,256.24835,2.2113416,5.5516604e-05
436.55438232421875,-617.1001859726432,254.09069101754747,-621.0426,251.01544,-613.1577,257.16595,2.233246,0.024130322
437.58709716796875,-617.7337397495767,254.90620009632948,-621.5982,251.73346,-613.8693,258.07895,2.2582214,0.03256171
438.62158203125,-618.3955906590584,255.7012768032362,-622.2352,252.49866,-614.5559,258.9039,2.2659779,5.513081e-05
439.6560974121094,-619.0574415685402,256.4963535101429,-622.8549,253.24377,-615.25995,259.74896,2.279062,0.005620701
440.6908874511719,-619.7241275540421,257.28777211858875,-623.4364,253.93832,-616.01184,260.63724,2.304857,0.04172759
441.72900390625,-620.4266625085377,258.05206828723243,-624.1077,254.6683,-616.74554,261.43582,2.314136,2.7276647e-05
442.7671813964844,-621.1291974630332,258.816364455876,-624.7796,255.39954,-617.4788,262.23322,2.323163,2.7276647e-05
443.8052978515625,-621.8317324175285,259.5806606245197,-625.39056,256.0686,-618.2729,263.0927,2.3495743,0.04104702
444.846435546875,-622.5683450834996,260.3164331419377,-626.0733,256.75055,-619.0634,263.88232,2.3648138,0.00926229
445.8885192871094,-623.3127235637226,261.04570553456415,-626.79224,257.45505,-619.83325,264.63638,2.3719168,2.6967773e-05
446.93060302734375,-624.0571020439454,261.7749779271906,-627.4583,258.11002,-620.65594,265.4399,2.3935018,0.026136536
447.97406005859375,-624.8221172481022,262.4845886644514,-628.1452,258.74866,-621.4991,266.22052,2.4146128,0.025045361
449.0195007324219,-625.6069621207181,263.175306669101,-628.9024,259.415,-622.31146,266.93558,2.421978,2.6705322e-05
450.0650329589844,-626.3918069933341,263.86602467375064,-629.61505,260.04364,-623.1685,267.68842,2.441029,0.012445242
451.1104736328125,-627.185490716516,264.5464412631117,-630.2869,260.62457,-624.08405,268.46832,2.4724822,0.047945537
452.1572570800781,-628.0133395730959,265.18703941399014,-631.0738,261.2331,-624.95294,269.141,2.4828944,5.321623e-05
453.2039794921875,-628.841188429676,265.82763756486855,-631.85455,261.83768,-625.8278,269.8176,2.494749,5.321623e-05
454.2507629394531,-629.669037286256,266.4682357157469,-632.55286,262.38367,-626.7853,270.5528,2.5268395,0.051955685
455.2978820800781,-630.5308006595325,267.06307071724984,-633.34894,262.93292,-627.7127,271.19324,2.5428236,0.0057129273
456.34521484375,-631.3962863403138,267.65288295767726,-634.186,263.50345,-628.6066,271.80234,2.549705,0.0
457.3925476074219,-632.2617720210951,268.2426951981047,-634.9575,264.03165,-629.56604,272.45377,2.5721655,0.02953669
458.44000244140625,-633.1452243474586,268.8055188855401,-635.7602,264.54385,-630.5302,273.06717,2.5912251,0.019948682
459.4881896972656,-634.0408219088469,269.35009863770296,-636.62726,265.07104,-631.4544,273.62915,2.5979168,5.3000236e-05
460.5363464355469,-634.9364194702347,269.8946783898659,-637.4554,265.57556,-632.4174,274.2138,2.6136057,0.013383482
461.5845031738281,-635.8395503381045,270.4266809340348,-638.2605,266.05188,-633.4186,274.80145,2.6361473,0.032241493
462.633544921875,-636.7609268787351,270.9282214729919,-639.1551,266.5387,-634.36676,275.31775,2.642266,5.2868465e-05
463.6825866699219,-637.6823034193658,271.42976201194887,-640.0142,267.00684,-635.3504,275.85266,2.6563969,2.6434232e-05
464.73162841796875,-638.6036799599965,271.931302550906,-640.7818,267.43066,-636.4256,276.43195,2.6908605,0.058089126
465.77923583984375,-639.55260417755,272.3752080267899,-641.6664,267.844,-637.43884,276.90643,2.7051108,0.0007431778
466.8268737792969,-640.5018688981787,272.8184011044468,-642.5749,268.26837,-638.4289,277.3684,2.714092,5.308569e-05
467.87445068359375,-641.4511336188074,273.26159418210375,-643.38257,268.64972,-639.51965,277.87347,2.7449882,0.04353619
468.91961669921875,-642.4173111056814,273.6601512229213,-644.2443,269.00592,-640.5903,278.3144,2.7675245,0.020221552
469.96435546875,-643.3913254632566,274.03802525752565,-645.17694,269.36774,-641.60565,278.7083,2.7764044,2.6761074e-05
471.0091552734375,-644.3653398208318,274.41589929212995,-646.03864,269.7042,-642.6921,279.1276,2.8003535,0.024181847
472.0519104003906,-645.3467698247088,274.7683599540882,-646.8797,270.00916,-643.8138,279.5276,2.8299813,0.039994225
473.0929870605469,-646.3403547752723,275.0791656911663,-647.8299,270.30618,-644.85077,279.85214,2.8390915,2.7046544e-05
474.1340637207031,-647.3339397258358,275.3899714282443,-648.76404,270.59888,-645.9038,280.1811,2.851521,0.003625894
475.1748046875,-648.3283878990657,275.6969715078893,-649.628,270.8688,-647.02875,280.52512,2.878655,0.044776574
476.2130126953125,-649.333562607177,275.95668191502403,-650.58435,271.11566,-648.08276,280.79773,2.888745,4.0907173e-05
477.251220703125,-650.3387373152885,276.2163923221588,-651.542,271.36334,-649.1355,281.06946,2.898553,1.3635874e-05
478.2894287109375,-651.3439120233999,276.47610272929353,-652.40173,271.5893,-650.28613,281.3629,2.9284182,0.04521939
479.3244323730469,-652.3570349456519,276.68778358567846,-653.3229,271.78195,-651.39124,281.5936,2.9472117,0.013524938
480.35894775390625,-653.3725314037463,276.8851216150862,-654.3003,271.97195,-652.4448,281.7983,2.954968,1.37837205e-05
481.39337158203125,-654.3880278618407,277.08245964449384,-655.2061,272.14984,-653.5699,282.01508,2.977233,0.025843931
482.4257507324219,-655.4063079524078,277.2522610302813,-656.10706,272.3016,-654.70557,282.2029,3.0009763,0.029790875
483.45654296875,-656.4277828881828,277.39045791555475,-657.09125,272.4347,-655.76434,282.34625,3.0085106,2.7863694e-05
484.4873352050781,-657.449257823958,277.52865480082824,-658.047,272.5645,-656.85156,282.4928,3.0217643,0.0073847803
485.51739501953125,-658.4710613470542,277.65897896967505,-658.9481,272.68176,-657.994,282.63617,3.0460346,0.03864224
486.5447998046875,-659.4945750121465,277.7483293634654,-659.9296,272.76727,-659.0595,282.72937,3.0544677,3.5176447e-06
487.57220458984375,-660.5180886772388,277.83767975725584,-660.9091,272.853,-660.127,282.82236,3.0633025,7.0346646e-06
488.59967041015625,-661.5416023423309,277.9270301510462,-661.8083,272.93414,-661.27496,282.91992,3.0882378,0.040197548
489.6241149902344,-662.5649797077042,277.97395568927436,-662.76355,272.9779,-662.36646,282.97003,3.1018767,0.0067696874
490.648193359375,-663.588334280999,278.01378693087116,-663.76337,273.01685,-663.41327,283.01074,3.1065733,1.7757296e-06
491.6723327636719,-664.6116888542937,278.05361817246785,-664.7153,273.0547,-664.5081,283.05255,3.1208751,0.01852448
492.69482421875,-665.6339751049283,278.07400041766647,-665.67163,273.07416,-665.5963,283.07385,3.1340628,0.015095491
493.71624755859375,-666.6553953623626,278.0786171088224,-666.6709,273.07864,-666.6399,283.07858,3.1384883,2.2372242e-07
494.7376708984375,-667.6768156197969,278.08323379997836,-667.6451,273.0833,-667.70856,283.08313,3.147946,0.0073452536
495.758544921875,-668.6976929533452,278.0801615700333,-668.5921,273.0813,-668.8033,283.07904,3.1627142,0.022449639
496.7781066894531,-669.7169227977528,278.05375749866835,-669.5974,273.0552,-669.8364,283.05234,3.1654937,3.059357e-05
497.79766845703125,-670.7361526421606,278.0273534273033,-670.51215,273.03235,-670.96014,283.02234,3.186406,2.8793946e-05
498.8172302246094,-671.7553824865682,278.0009493559383,-671.27985,273.02362,-672.2309,282.97827,3.2368472,0.08573894
499.8343505859375,-672.7659766290332,277.8860048094625,-672.17236,272.9214,-673.3596,282.85065,3.260593,0.0051834276
500.8515625,-673.7760529318773,277.76575093592356,-673.14954,272.80515,-674.4026,282.72635,3.267222,3.6243968e-05
501.8687744140625,-674.7861292347217,277.6454970623846,-674.0394,272.70157,-675.53284,282.58945,3.2914925,0.034178182
502.88421630859375,-675.7896588867859,277.4905419705457,-674.94806,272.5619,-676.6313,282.4192,3.3107152,0.019346794
503.899169921875,-676.7894898970651,277.3159818347995,-675.91376,272.39325,-677.6652,282.2387,3.317644,7.2973926e-06
504.91412353515625,-677.7893209073444,277.14142169905347,-676.8304,272.23422,-678.7482,282.0486,3.3345718,0.01630117
505.92822265625,-678.7852895011927,276.95050179240855,-677.7156,272.06628,-679.855,281.83472,3.3572032,0.032527238
506.9414367675781,-679.7735755674732,276.727041533585,-678.67303,271.84967,-680.8741,281.60443,3.3635182,4.4006454e-05
507.9546813964844,-680.7618616337537,276.5035812747615,-679.5874,271.64346,-681.9363,281.36368,3.3786976,0.0018482837
508.9678955078125,-681.749707093579,276.2782640949559,-680.408,271.46164,-683.0914,281.09488,3.413254,0.059758097
509.98248291015625,-682.7233640623238,275.99315000008653,-681.3158,271.1954,-684.131,280.79092,3.426972,5.8446956e-05
510.99700927734375,-683.6970210310686,275.7080359052172,-682.2478,270.92267,-685.14624,280.4934,3.4356503,1.4612821e-05
512.0115356445312,-684.6706779998136,275.4229218103479,-683.08295,270.6817,-686.25836,280.16412,3.4647264,0.043607797
513.0277709960938,-685.6323372923304,275.0944328290847,-683.9524,270.38507,-687.31226,279.80377,3.4842439,0.016401978
514.045166015625,-686.5894612990278,274.7495475471175,-684.8675,270.05542,-688.31146,279.44366,3.4931865,0.0
515.0625,-687.5465853057251,274.4046622651503,-685.7017,269.75748,-689.3914,279.05185,3.5194993,0.029123992
516.0810546875,-688.4941516726997,274.03113545674483,-686.5109,269.44125,-690.47736,278.621,3.5494523,0.039743204
517.1026611328125,-689.4285866993685,273.61825775821916,-687.4027,269.04706,-691.45447,278.18945,3.558763,2.8622879e-05
518.124267578125,-690.3630217260372,273.2053800596934,-688.251,268.67334,-692.4751,277.73743,3.577691,0.008068297
519.1461791992188,-691.2942823959193,272.7847036278486,-689.0163,268.3338,-693.5723,277.2356,3.614646,0.060558748
520.1724243164062,-692.2015419427462,272.3050614367525,-689.86194,267.8862,-694.54114,276.7239,3.6285274,0.0
521.1986694335938,-693.1088014895729,271.82541924565635,-690.7324,267.42624,-695.4852,276.22458,3.6368763,0.0
522.2249145507812,-694.0160610363997,271.34577705456024,-691.52496,267.0105,-696.50714,275.68103,3.66313,0.04117873
523.2520751953125,-694.9030000333188,270.8277050924028,-692.3445,266.53192,-697.46155,275.12347,3.6787674,0.009540086
524.2796630859375,-695.7852457717484,270.3007573443984,-693.2088,266.01566,-698.36163,274.58585,3.682936,2.8122211e-05
525.3073120117188,-696.667491510178,269.77380959639396,-694.04443,265.5171,-699.2905,274.03052,3.6938505,0.013619696
526.3330688476562,-697.5406928438368,269.2356079340161,-694.8709,265.00803,-700.2105,273.46317,3.7048647,0.013237097
527.357177734375,-698.4051324273452,268.6865040632062,-695.72107,264.468,-701.08923,272.905,3.7082465,0.0
528.3812866210938,-699.2695720108535,268.1374001923962,-696.5659,263.93143,-701.97327,272.34335,3.712902,0.0032447288
529.4042358398438,-700.1312354154717,267.58607155481144,-697.39355,263.40213,-702.8689,271.77,3.7210007,0.012625248
530.4228515625,-700.9820328885764,267.0260352062444,-698.2327,262.8498,-703.7314,271.20227,3.7238023,5.7756828e-05
531.44140625,-701.832830361681,266.46599885767733,-699.074,262.29602,-704.5917,270.636,3.7260752,5.7756828e-05
532.4600219726562,-702.6836278347856,265.90596250911034,-699.898,261.75385,-705.4693,270.0581,3.7325208,0.010764547
533.4735717773438,-703.5240867382806,265.33950727124216,-700.7243,261.1969,-706.3239,269.48212,3.7359283,0.0012027806
534.4865112304688,-704.3633849575702,264.7723314014385,-701.5632,260.63004,-707.16364,268.91464,3.7360313,0.0
535.4994506835938,-705.2026831768599,264.2051555316349,-702.4009,260.06393,-708.0045,268.3464,3.7364194,0.000620113
536.508544921875,-706.0384768581876,263.6396480167528,-703.2348,259.49963,-708.8421,267.77966,3.7368567,0.00035774958
537.5150756835938,-706.8718814138034,263.07527785854427,-704.0697,258.9343,-709.6741,267.21628,3.7365088,5.9856535e-05
538.5216064453125,-707.705285969419,262.5109077003358,-704.91534,258.3616,-710.4952,266.6602,3.7335393,0.0025509086
539.5263061523438,-708.5385703874258,261.9496559399135,-705.7657,257.78897,-711.31146,266.11032,3.7294443,0.0061195903
540.5264892578125,-709.371560949212,261.39603177083626,-706.6047,257.23138,-712.1385,265.56067,3.7280083,6.100353e-05
541.526611328125,-710.2045515109985,260.8424076017591,-707.43744,256.6779,-712.9716,265.00693,3.7280555,6.100353e-05
542.5267944335938,-711.0375420727846,260.28878343268184,-708.2717,256.1234,-713.80334,264.45416,3.7277453,0.00055201247
543.5233154296875,-711.8678048530301,259.73763011570566,-709.10315,255.5715,-714.63245,263.90378,3.7274718,3.0839456e-05
544.519775390625,-712.6980282158695,259.18651250341424,-709.9291,255.02321,-715.4669,263.34982,3.7284915,6.1680475e-05
545.5162963867188,-713.5282515787092,258.6353948911228,-710.74713,254.48024,-716.3094,262.7906,3.7314243,0.004389044
546.5112915039062,-714.3548329948338,258.0815578569885,-711.564,253.93292,-717.1457,262.23016,3.7337732,0.0019850607
547.5054931640625,-715.1797109236975,257.52644883816333,-712.39087,253.37646,-717.9685,261.67645,3.7332854,0.0
548.499755859375,-716.0045888525613,256.97133981933814,-713.2334,252.80954,-718.77576,261.13315,3.7290354,0.004322687
549.492919921875,-716.8309256632754,256.4203795543705,-714.0808,252.24461,-719.58105,260.59613,3.7239804,0.007184043
550.4843139648438,-717.6596745077927,255.87627860740992,-714.91626,251.69612,-720.4031,260.05646,3.722376,3.1320065e-05
551.4757080078125,-718.4884233523098,255.3321776604493,-715.7484,251.1498,-721.2284,259.5146,3.721565,0.00028189775
552.467041015625,-719.3172539861308,254.78834539578844,-716.5857,250.60042,-722.0488,258.97626,3.719542,0.0034823194
553.4573974609375,-720.147131790804,254.2479531441808,-717.4205,250.05688,-722.87384,258.43903,3.7183871,6.284608e-05
554.4476928710938,-720.9770095954769,253.70756089257318,-718.2401,249.52312,-723.71387,257.89203,3.720812,3.142304e-05
555.4380493164062,-721.8068874001501,253.1671686409655,-719.0443,248.99965,-724.56946,257.3347,3.7269676,0.009734855
556.4287719726562,-722.6318578769506,252.61856877814844,-719.85223,248.46242,-725.41144,256.77475,3.731068,0.0028866418
557.4196166992188,-723.4553460173188,252.06748967582743,-720.6753,247.9116,-726.23535,256.22336,3.7311707,3.136883e-05
558.4104614257812,-724.2788341576868,251.51641057350636,-721.5044,247.35677,-727.0532,255.67604,3.729815,0.0015368205
559.4014282226562,-725.1032150228375,250.96648492309583,-722.3341,246.8033,-727.8723,255.12968,3.728532,0.0016616593
560.3925170898438,-725.9286289071508,250.41789399302658,-723.1615,246.25343,-728.6958,254.58235,3.7280755,3.1348387e-05
561.383544921875,-726.7540427914643,249.86930306295739,-723.9946,245.69968,-729.5134,254.03894,3.7262022,0.0010656375
562.3748168945312,-727.5801191502246,249.32149088773073,-724.83453,245.14278,-730.32574,253.5002,3.7229085,0.005447191
563.3666381835938,-728.4096959358563,248.77779354952088,-725.67126,244.59433,-731.1481,252.96124,3.7211776,3.1275827e-05
564.3585205078125,-729.2392727214882,248.23409621131103,-726.4871,244.0597,-731.9914,252.40851,3.7244713,3.1273412e-05
565.3504028320312,-730.0688495071199,247.69039887310115,-727.2845,243.5374,-732.8532,251.8434,3.7322025,0.012888816
566.3436889648438,-730.8925742336821,247.13536496577754,-728.08997,242.99469,-733.6952,251.27603,3.736616,0.0021478953
567.3372192382812,-731.7153041143791,246.5784038497954,-728.9121,242.43814,-734.51855,250.71866,3.736764,6.223747e-05
568.3306884765625,-732.5380339950758,246.02144273381325,-729.7351,241.88094,-735.34094,250.16194,3.7366757,6.2161984e-05
569.3250122070312,-733.3614438937622,245.46404043759094,-730.55835,241.32367,-736.16455,249.6044,3.7367263,0.0
570.3200073242188,-734.1854095752043,244.9062775621288,-731.3837,240.76495,-736.9871,249.0476,3.7363865,0.0
571.3150024414062,-735.0093752566464,244.34851468666662,-732.21985,240.199,-737.79895,248.49802,3.7334588,0.002229324
572.3103637695312,-735.834880481651,243.79236617855895,-733.0635,239.63075,-738.6063,247.954,3.7291017,0.0067345207
573.306884765625,-736.6651088293436,243.2411703429603,-733.90125,239.0745,-739.42896,247.40784,3.7272782,3.083593e-05
574.303466796875,-737.4953371770362,242.6899745073616,-734.72424,238.52814,-740.2665,246.8518,3.7290227,0.0
575.2999877929688,-738.3255655247286,242.1387786717629,-735.5397,237.98683,-741.11145,246.29073,3.732582,0.006183009
576.2981567382812,-739.1537398308238,241.58156325553475,-736.36096,237.43422,-741.94653,245.7289,3.7342331,0.00036814765
577.2964477539062,-739.9817862600728,241.02397308302753,-737.1863,236.8785,-742.77734,245.16945,3.7349033,6.1353094e-05
578.294677734375,-740.8098326893218,240.46638291052034,-738.0048,236.3273,-743.6148,244.60547,3.7371845,0.0032164417
579.2939453125,-741.6368321420431,239.90555821194542,-738.82385,235.77191,-744.4498,244.03922,3.7391195,0.0018948588
580.293701171875,-742.4632348529711,239.3428899411069,-739.6503,235.20918,-745.2762,243.47661,3.7390966,3.0540108e-05
581.29345703125,-743.289637563899,238.78022167026836,-740.4864,234.63994,-746.09283,242.92052,3.7367544,0.0021367827
582.2935791015625,-744.1174975120947,238.219141500052,-741.3265,234.07063,-746.9085,242.36766,3.7338154,0.004267068
583.2943115234375,-744.9482826296149,237.66124918628634,-742.1611,233.51018,-747.73553,241.81233,3.732893,3.0451836e-05
584.2949829101562,-745.7790677471351,237.1033568725207,-742.9945,232.95049,-748.5636,241.25624,3.7322507,0.0001218043
585.2957153320312,-746.6099106795216,236.54552704333676,-743.8322,232.38808,-749.38763,240.70299,3.7306027,0.0028602863
586.296875,-747.4427544694274,235.98985968124256,-744.6688,231.82988,-750.2167,240.14983,3.7296963,6.0818984e-05
587.2980346679688,-748.2755982593335,235.43419231914842,-745.4958,231.27814,-751.05536,239.59024,3.7311103,3.0407571e-05
588.2992553710938,-749.1084420492396,234.87852495705422,-746.31323,230.73283,-751.9037,239.02422,3.7348223,0.0056853653
589.300537109375,-749.9382387882084,234.31812298699398,-747.1319,230.17998,-752.74457,238.45628,3.7375147,0.0020974576
590.3018798828125,-750.7668718927748,233.75591292352613,-747.9612,229.61731,-753.5725,237.89453,3.7373538,3.0393001e-05
591.3032836914062,-751.595504997341,233.19370286005832,-748.7994,229.04863,-754.39166,237.33879,3.7350404,0.0024313808
592.3046264648438,-752.4255383640416,232.63354399389164,-749.63995,228.4814,-755.2111,236.78569,3.7325096,0.0034343544
593.3060302734375,-753.2575117012104,232.07622692576606,-750.47516,227.9219,-756.03986,236.23056,3.7317255,3.0390782e-05
594.3074340820312,-754.0894850383796,231.51890985764047,-751.3126,227.36089,-756.86633,235.67693,3.7303996,0.0006078243
595.308837890625,-754.9217800275924,230.96207086752838,-752.15594,226.7967,-757.68756,235.12743,3.7277496,0.0044673956
596.3102416992188,-755.7565558303264,230.4089191613086,-752.99585,226.24014,-758.5172,234.5777,3.7265139,0.0
597.3116455078125,-756.5913316330606,229.85576745508885,-753.8254,225.69048,-759.35724,234.02107,3.7277725,0.0
598.3130493164062,-757.4261074357945,229.30261574886913,-754.6483,225.14522,-760.20386,233.46,3.7306268,0.004558855
599.3143920898438,-758.2582489842966,228.74567758499202,-755.4732,224.59314,-761.0433,232.89822,3.7323701,0.0010942888
600.3157348632812,-759.0897739792779,228.187853191619,-756.30396,224.03586,-761.8756,232.33984,3.7325656,3.0397563e-05
601.3170166015625,-759.9212989742595,227.63002879824603,-757.1345,223.4787,-762.7081,231.78137,3.7328014,0.0003648118
602.3182373046875,-760.7526083161619,227.07197081149462,-757.96454,222.9215,-763.5407,231.22246,3.7331066,0.00033448188
603.3193969726562,-761.5837070367803,226.5136846817576,-758.79614,222.36284,-764.3712,230.66454,3.7329755,3.0408553e-05
604.3206176757812,-762.4148057573987,225.95539855202054,-759.6367,221.7982,-765.1929,230.1126,3.7306943,0.0014291387
605.3218383789062,-763.2467043755361,225.39833185202667,-760.4837,221.23112,-766.0097,229.56554,3.7270806,0.005777898
606.322998046875,-764.0817734855576,224.84609851132342,-761.3252,220.6746,-766.8384,229.0176,3.7255316,0.0
607.3241577148438,-764.9168425955794,224.29386517062008,-762.1543,220.12637,-767.67944,228.46136,3.7269764,3.0413885e-05
608.3252563476562,-765.751911705601,223.74163182991677,-762.97675,219.58247,-768.52704,227.9008,3.7299895,0.005078988
609.326416015625,-766.5841373180606,223.1851537160802,-763.80255,219.03033,-769.3658,227.33997,3.7315502,0.00060827995
610.3275146484375,-767.4160365237561,222.62818834222915,-764.633,218.4743,-770.19904,226.78207,3.7318883,3.0415888e-05
611.3286743164062,-768.2479357294517,222.07122296837804,-765.46014,217.92053,-771.0357,226.22192,3.7330298,0.0015517123
612.3295288085938,-769.0787088998184,221.51310491764815,-766.2866,217.36531,-771.87085,225.6609,3.7340734,0.001096201
613.3301391601562,-769.9087079227072,220.95419440341794,-767.11615,216.8067,-772.70123,225.10168,3.7341778,0.0
614.330810546875,-770.738706945596,220.39528388918777,-767.94934,216.24567,-773.5281,224.54489,3.7334208,0.00063966
615.3314208984375,-771.5690077410519,219.83690769419306,-768.7837,215.68457,-774.3544,223.98926,3.7324378,0.0014320904
616.3318481445312,-772.4000540149791,219.27985144518078,-769.61633,215.12642,-775.1837,223.43327,3.7320528,3.0475632e-05
617.3323364257812,-773.2311002889063,218.7227951961685,-770.4467,214.56981,-776.01544,222.87578,3.7322125,3.0473702e-05
618.3328247070312,-774.0621465628336,218.16573894715623,-771.27655,214.01358,-776.8477,222.3179,3.7325084,0.00048781346
619.3330078125,-774.8926121668729,217.60844392549896,-772.107,213.4563,-777.6783,221.76059,3.7325108,3.0505309e-05
620.3331298828125,-775.7230681614927,217.0511449524287,-772.933,212.902,-778.5132,221.2003,3.7335868,0.0
621.333251953125,-776.5535241561124,216.49384597935844,-773.7504,212.35347,-779.3566,220.63423,3.736722,0.0045780786
622.3330688476562,-777.3811497514935,215.9328904025569,-774.5682,211.79924,-780.19415,220.06654,3.7391193,0.0021988642
623.332763671875,-778.2074390085145,215.37020840505622,-775.3933,211.23737,-781.0216,219.50305,3.7394032,0.0
624.3324584960938,-779.0337282655354,214.80752640755554,-776.2223,210.67284,-781.8452,218.94221,3.73875,0.00058053876
625.3319702148438,-779.8602125104145,214.2454432333767,-777.0517,210.10875,-782.66876,218.38213,3.738038,0.0010090565
626.3311767578125,-780.6870219459694,213.68435874579595,-777.8792,209.54716,-783.4948,217.82155,3.7378561,3.0589537e-05
627.3304443359375,-781.5138313815243,213.12327425821516,-778.712,208.98209,-784.31573,217.26447,3.736431,0.0003059123
628.32958984375,-782.3408245574938,212.56252323529753,-779.55096,208.41321,-785.1307,216.71185,3.7335262,0.0049902853
629.3283081054688,-783.1702435102616,212.00617467791724,-780.3858,207.85321,-785.95465,216.15915,3.7322176,3.0635067e-05
630.3270263671875,-783.9996624630295,211.44982612053695,-781.2128,207.29848,-786.78644,215.60118,3.732794,6.126547e-05
631.3258056640625,-784.8290814157974,210.8934775631566,-782.0375,206.74536,-787.6207,215.0416,3.733956,0.0018695531
632.3241577148438,-785.6571997807902,210.33583127758428,-782.862,206.19014,-788.45245,214.48152,3.734822,0.00055210537
633.3223876953125,-786.4849207836485,209.77778850355188,-783.69183,205.63065,-789.278,213.92493,3.7343073,3.067863e-05
634.3206176757812,-787.3126417865068,209.2197457295195,-784.5296,205.06586,-790.09564,213.37363,3.7318857,0.0027922646
635.3187255859375,-788.1418093630101,208.66409894357196,-785.36926,204.5032,-790.9143,212.82498,3.7293665,0.0033151854
636.3167114257812,-788.9726646047823,208.1112474704596,-786.2035,203.94814,-791.7418,212.27437,3.7285607,3.0702093e-05
637.314697265625,-789.8035198465547,207.55839599734728,-787.04193,203.39024,-792.5651,211.72655,3.7267408,0.0010132702
638.3126220703125,-790.634906648121,207.00640832603824,-787.88715,202.82909,-793.3826,211.18373,3.723412,0.0054981927
639.3103637695312,-791.4691454067647,206.45905517692916,-788.728,202.27737,-794.2102,210.64075,3.7218218,3.0720737e-05
640.3081665039062,-792.3033841654084,205.91170202782,-789.55347,201.73586,-795.05334,210.08754,3.7239475,3.0720737e-05
641.305908203125,-793.137622924052,205.36434887871087,-790.3675,201.20186,-795.9078,209.52684,3.7287853,0.00799266
642.3032836914062,-793.9671485856808,204.81057895281182,-791.1859,200.6555,-796.7484,208.96565,3.7314565,0.0014458447
643.3005981445312,-794.795859863983,204.25570026212125,-792.0113,200.10283,-797.5804,208.40858,3.732251,0.0
644.2979736328125,-795.624571142285,203.70082157143077,-792.8301,199.55463,-798.41907,207.84702,3.7346447,0.003138811
645.2951049804688,-796.4513403506306,203.1434405854653,-793.6473,199.00374,-799.25543,207.28316,3.7369604,0.0026481883
646.2919921875,-797.2765091933741,202.58399757940106,-794.471,198.44524,-800.082,206.72276,3.7372983,0.0
647.2889404296875,-798.1016780361177,202.02455457333676,-795.30414,197.88045,-800.89923,206.16866,3.735391,0.001324501
648.2858276367188,-798.9275390404408,201.46628234426223,-796.14124,197.3146,-801.71387,205.61795,3.73268,0.004222203
649.2824096679688,-799.7555470097662,200.91164166206536,-796.9733,196.75722,-802.5378,205.06606,3.7316968,3.0830768e-05
650.2789916992188,-800.5835549790918,200.35700097986847,-797.80176,196.2023,-803.36536,204.51169,3.7315958,3.0830768e-05
651.2755737304688,-801.4115629484174,199.8023602976716,-798.632,195.64615,-804.1911,203.95856,3.731055,0.0009253851
652.2718505859375,-802.2397926428694,199.2486722806222,-799.46173,195.09148,-805.0179,203.40587,3.7306976,3.086315e-05
653.26806640625,-803.0680366513138,198.69504576513543,-800.28687,194.53993,-805.84924,202.85017,3.7314446,0.0
654.2642822265625,-803.8962806597584,198.14141924964878,-801.10596,193.99243,-806.68665,202.2904,3.7336433,0.0031494088
655.26025390625,-804.722582170216,197.58536095650558,-801.9248,193.4414,-807.5204,201.72931,3.7354443,0.0017919324
656.256103515625,-805.5477667472472,197.02790439486049,-802.74884,192.88475,-808.34674,201.17107,3.7357287,3.0903597e-05
657.2518920898438,-806.3729513242786,196.47044783321533,-803.5759,192.32596,-809.1699,200.61493,3.7352562,0.00043267943
658.2476806640625,-807.198282645113,195.9133423882886,-804.40344,191.76743,-809.99316,200.05927,3.7347422,0.0007419516
659.2432861328125,-808.0239112478345,195.35694825544817,-805.2293,191.21086,-810.81854,199.50304,3.734682,0.0
660.2388916015625,-808.8495398505561,194.8005541226077,-806.0597,190.65126,-811.6394,198.94984,3.7335374,0.0001546196
661.2344970703125,-809.6752340576759,194.24425738390724,-806.8958,190.08798,-812.45465,198.40054,3.7310247,0.004422157
662.2301025390625,-810.5033811951416,193.69160218521827,-807.72906,189.53188,-813.27765,197.85133,3.7297816,3.0921496e-05
663.2257690429688,-811.3315283326075,193.13894698652933,-808.5523,188.98253,-814.1108,197.29536,3.7309773,3.0921496e-05
664.2213745117188,-812.1596754700732,192.58629178784037,-809.36835,188.43796,-814.951,196.73462,3.7338789,0.00442165
665.217041015625,-812.9854367469494,192.02994824209253,-810.1857,187.8873,-815.7851,196.1726,3.7359076,0.001669295
666.2128295898438,-813.8102775931139,191.4721817850803,-811.0088,187.33073,-816.6118,195.61363,3.7363398,6.182166e-05
667.2085571289062,-814.6351184392785,190.91441532806812,-811.83136,186.77452,-817.4389,195.0543,3.7368948,0.0006799468
668.2044067382812,-815.4597078794021,190.3560280295829,-812.653,186.21812,-818.2664,194.49394,3.7376006,0.0009885171
669.200439453125,-816.2839460877832,189.79677337233548,-813.4764,185.65941,-819.0915,193.93413,3.7377982,3.088256e-05
670.1964721679688,-817.1081842961642,189.23751871508807,-814.3069,185.09593,-819.9094,193.3791,3.7362893,0.00064843934
671.192626953125,-817.9327854419914,188.67871437104503,-815.1427,184.52957,-820.7229,192.82785,3.7335908,0.0045360443
672.1890869140625,-818.7602429008994,188.123453986187,-815.9752,183.97093,-821.5453,192.27599,3.7323723,0.0
673.1856079101562,-819.5877003598075,187.56819360132897,-816.7986,183.41838,-822.37683,191.718,3.7333512,3.084117e-05
674.1820678710938,-820.4151578187157,187.01293321647094,-817.6172,182.86913,-823.21313,191.15675,3.7354946,0.00351532
675.1786499023438,-821.2407734087974,186.45476315761087,-818.4361,182.31546,-824.0455,190.59406,3.7371058,0.0007707395
676.17529296875,-822.0659521828043,185.89590304289072,-819.2691,181.75134,-824.86285,190.04047,3.7352307,6.166097e-05
677.171875,-822.8911309568113,185.33704292817063,-820.12476,181.17204,-825.6575,189.50203,3.727886,0.009097282
678.1683349609375,-823.7212070895112,184.7857480578788,-820.9853,180.60066,-826.4571,188.97084,3.72058,0.008976269
679.1647338867188,-824.5561054074101,184.24190230699944,-821.8279,180.05182,-827.2843,188.43198,3.7187524,0.0
680.1611328125,-825.391003725309,183.69805655612,-822.6555,179.51271,-828.12646,187.8834,3.7204847,0.000956501
681.1574096679688,-826.2252897066696,183.1535032651592,-823.48,178.97456,-828.9706,187.33244,3.7228253,0.0037368524
682.1531982421875,-827.0571176039116,182.60610971736446,-824.3092,178.42894,-829.80505,186.78328,3.7234652,6.181604e-05
683.14892578125,-827.8889455011533,182.05871616956972,-825.1325,177.88712,-830.6453,186.23032,3.725492,6.181604e-05
684.1447143554688,-828.7207733983954,181.51132262177498,-825.9428,177.35406,-831.4987,185.66858,3.7306724,0.008815011
685.1400146484375,-829.5473522717637,180.95695072529475,-826.7581,176.80722,-832.3366,185.10669,3.7333782,0.001083533
686.1351928710938,-830.3733153020047,180.40176009219212,-827.582,176.25346,-833.1646,184.55006,3.733889,3.096029e-05
687.1304321289062,-831.1992783322457,179.8465694590895,-828.4009,175.70302,-833.9977,183.99013,3.735586,0.0023537239
688.1254272460938,-832.0237234900966,179.2895818872266,-829.2188,175.15047,-834.8287,183.4287,3.737175,0.0016735834
689.1201782226562,-832.8471162870878,178.73134847412553,-830.04254,174.59198,-835.6517,182.87073,3.7370784,3.099966e-05
690.114990234375,-833.670509084079,178.17311506102445,-830.8784,174.02534,-836.46265,182.32088,3.7340827,0.0024494412
691.109619140625,-834.4951843231838,177.61699962328146,-831.7201,173.4578,-837.27026,181.77621,3.7299716,0.0062361667
692.10400390625,-835.3230592727112,177.06616856270932,-832.5539,172.903,-838.0922,181.22932,3.7285469,3.1037285e-05
693.098388671875,-836.1509342222388,176.51533750213713,-833.38293,172.35143,-838.91895,180.67924,3.728276,3.103768e-05
694.0927734375,-836.9788091717662,175.96450644156494,-834.21515,171.79773,-839.7425,180.13129,3.7272367,0.0018630131
695.0869140625,-837.8074656631449,175.41536681167617,-835.0464,171.24687,-840.5686,179.58385,3.7266192,3.1066305e-05
696.0809326171875,-838.6361367350074,174.8662587372025,-835.8703,170.70088,-841.4019,179.03163,3.7277467,6.213499e-05
697.0750122070312,-839.4648078068697,174.31715066272884,-836.6859,170.16049,-842.24365,178.47382,3.7308877,0.0046914592
698.0690307617188,-840.2908590807083,173.76427049966725,-837.50183,169.61438,-843.07983,177.91415,3.7333207,0.0022373404
699.06298828125,-841.1156618607379,173.20959270594662,-838.32635,169.05994,-843.90497,177.35925,3.7334058,3.1075047e-05
700.0569458007812,-841.9404646407673,172.654914912226,-839.158,168.50066,-844.72296,176.80919,3.7317486,0.001615998
701.0509033203125,-842.7661618909385,172.10158868289037,-839.99176,167.94193,-845.5406,176.26126,3.7298076,0.0027349049
702.0448608398438,-843.5933639169443,171.55053620348932,-840.8214,167.38927,-846.36536,175.7118,3.7292297,0.0
703.038818359375,-844.4205659429501,170.99948372408826,-841.6533,166.83508,-847.18787,175.16388,3.7280993,0.00027972134
704.03271484375,-845.2479436194161,170.4486825321687,-842.49084,166.27753,-848.005,174.61984,3.7256525,0.0042573167
705.0267944335938,-846.0777145089174,169.90130509715686,-843.32587,165.7267,-848.8295,174.07591,3.7244015,3.1068343e-05
706.0208740234375,-846.9074853984184,169.35392766214505,-844.1485,165.18402,-849.66644,173.52383,3.7261028,0.0
707.0149536132812,-847.7372562879195,168.80655022713324,-844.9609,164.64821,-850.5136,172.96489,3.7302847,0.006553381
708.0092163085938,-848.5635997973573,168.2536522180211,-845.77594,164.10286,-851.35126,172.40443,3.7330005,0.0020491192
709.0035400390625,-849.3888842374192,167.69904833711792,-846.59845,163.5501,-852.17926,171.848,3.7336571,3.1043033e-05
709.9979248046875,-850.214168677481,167.1444444562147,-847.4181,162.99931,-853.01025,171.28957,3.7350266,0.0016758984
710.9923706054688,-851.0386607014245,166.58836275848537,-848.2366,162.4473,-853.8407,170.72943,3.7364776,0.0019230909
711.9871215820312,-851.862220638727,166.03054276532097,-849.0602,161.8895,-854.6643,170.1716,3.7364798,6.2014195e-05
712.9818115234375,-852.6857805760294,165.47272277215657,-850.2502,161.10603,-855.1214,169.8394,3.650379,0.0027053985
713.822265625,-853.3804469745996,164.9996355045953,-848.4634,164.0927,-858.2975,165.90657,4.529993,2.3807766
713.8359985351562,-853.3727993667646,164.98823918428553,-849.839,168.52551,-856.9066,161.45096,5.4982815,0.0
713.8497314453125,-853.3651517589299,164.97684286397575,-848.4582,164.01672,-858.27216,165.93695,4.5191674,0.36872363
713.8634643554688,-853.357504151095,164.96544654366596,-851.0357,160.53722,-855.67926,169.39369,3.6245015,2.3510604
714.71240234375,-854.07050846277,164.50469617256294,-851.3702,160.2966,-856.7708,168.7128,3.7121115,0.002613276
715.71044921875,-854.9100572108398,163.96504050257738,-852.20074,159.76268,-857.6193,168.1674,3.7142363,3.0696676e-05
716.70849609375,-855.7496059589095,163.4253848325918,-853.016,159.23883,-858.4833,167.61194,3.7200422,0.007451131
717.707275390625,-856.5857308436053,162.87910575030855,-853.82996,158.70712,-859.34155,167.05109,3.7253523,0.006181734
718.7066650390625,-857.4190110208601,162.32732362418596,-854.65735,158.1592,-860.18066,166.49544,3.726753,3.05716e-05
719.7061157226562,-858.252291198115,161.7755414980634,-855.4876,157.60945,-861.017,165.94164,3.727488,0.0007639428
720.705810546875,-859.085461661921,161.2230152428765,-856.315,157.06075,-861.8559,165.3853,3.728863,0.002134851
721.70654296875,-859.918288025714,160.66815513688576,-857.14514,156.50766,-862.6914,164.82864,3.7295074,0.0
722.707275390625,-860.7511143895066,160.11329503089502,-857.983,155.94946,-863.5192,164.27713,3.7283027,0.0
723.7080078125,-861.5839407532994,159.5584349249042,-858.82684,155.3873,-864.341,163.72958,3.7256546,0.0045902533
724.7098999023438,-862.4202297320489,159.00676737902415,-859.66846,154.83212,-865.172,163.18143,3.724384,0.000273086
725.7118530273438,-863.2567502507858,158.45531331495974,-860.50574,154.28015,-866.0078,162.63046,3.724199,3.034129e-05
726.7137451171875,-864.0932707695225,157.90385925089532,-861.3456,153.72653,-866.84094,162.08118,3.7234087,0.0011821603
727.7163696289062,-864.930999163492,157.35296123742881,-862.1864,153.17358,-867.67554,161.53235,3.7226603,0.0006354501
728.7194213867188,-865.769428200733,156.8023857681288,-863.02313,152.62411,-868.5157,160.98065,3.7230678,6.047959e-05
729.7224731445312,-866.6078572379743,156.25181029882881,-863.84845,152.08221,-869.36725,160.42142,3.7262166,0.0029019911
730.7257690429688,-867.4448786253084,155.69866942084244,-864.66846,151.54036,-870.2213,159.85698,3.730295,0.005948871
731.7295532226562,-868.2790219269053,155.14028329962207,-865.4965,150.98602,-871.06146,159.29456,3.7317486,0.0
732.7333374023438,-869.1131652285021,154.5818971784017,-866.3344,150.42514,-871.8919,158.73865,3.7308545,3.017303e-05
733.7371215820312,-869.9473320595577,154.0235742740807,-867.17487,149.86264,-872.7198,158.18451,3.7293496,0.0026276202
734.7402954101562,-870.7824551956647,153.4678206868545,-868.012,149.30554,-873.5529,157.6301,3.7288642,6.046479e-05
735.743408203125,-871.6175783317717,152.91206709962827,-868.8521,148.74643,-874.383,157.0777,3.7276545,6.046479e-05
736.74658203125,-872.4527014678789,152.35631351240204,-869.70215,148.18083,-875.20325,156.53178,3.724084,0.005425394
737.7479858398438,-873.2893384143911,151.80603786088435,-870.55,147.62323,-876.02875,155.98883,3.7214124,0.0020990982
738.7486572265625,-874.1265652997175,151.25789698587968,-871.3847,147.07675,-876.86847,155.43906,3.7220147,0.0
739.7493286132812,-874.9637921850442,150.70975611087496,-872.2039,146.54048,-877.7237,154.87904,3.7263315,0.004669828
740.74853515625,-875.7972134081601,150.15857395320774,-873.01715,146.00272,-878.57733,154.31442,3.7311769,0.0065981215
741.74560546875,-876.625273140022,149.60310717712352,-873.83905,145.45135,-879.41144,153.75485,3.7326558,3.078588e-05
742.7427368164062,-877.4533328718837,149.04764040103927,-874.66614,144.89655,-880.2405,153.19873,3.73289,0.00012320932
743.7394409179688,-878.2809444638648,148.49226231684366,-875.49023,144.34355,-881.07166,152.64098,3.733744,0.0014559927
744.7327880859375,-879.1049561339466,147.93759669740643,-876.31213,143.79028,-881.8978,152.0849,3.7342474,3.113965e-05
745.72607421875,-879.9289678040284,147.3829310779692,-877.1409,143.2324,-882.717,151.53346,3.7330897,3.113965e-05
746.7194213867188,-880.7529794741101,146.828265458532,-877.97687,142.66975,-883.5291,150.98677,3.7302237,0.0046310425
747.70947265625,-881.5768588359947,146.2791820722436,-878.80817,142.11572,-884.3455,150.44263,3.7284405,0.0011962914
748.6987915039062,-882.4007064066516,145.731439993958,-879.6326,141.56758,-885.16876,149.89531,3.7282913,0.0
749.6881103515625,-883.2245539773085,145.1836979156724,-880.4565,141.01982,-885.9926,149.34758,3.7282856,6.3198284e-05
750.6757202148438,-884.046980866433,144.6369685644364,-881.27924,140.47289,-886.81476,148.80104,3.7282164,3.1768173e-05
751.6614990234375,-884.8679974479021,144.09124454527375,-882.0999,139.9274,-887.63605,148.2551,3.7282948,3.185168e-05
752.6473388671875,-885.6890140293714,143.54552052611112,-882.91583,139.38507,-888.4622,147.70596,3.7295241,0.0008284327
753.6329345703125,-886.5094001652016,142.9992976725774,-883.72797,138.84433,-889.29083,147.15427,3.7314997,0.0032244856
754.6174926757812,-887.3272229334103,142.45104657775468,-884.5421,138.29854,-890.1123,146.60356,3.7323802,0.0
755.60205078125,-888.145045701619,141.90279548293202,-885.3643,137.74734,-890.9257,146.05826,3.7313216,3.1971533e-05
756.586669921875,-888.9628684698279,141.35454438810933,-886.1918,137.19272,-891.734,145.51636,3.729027,0.0038645393
757.5718994140625,-889.7833869167658,140.80908522264875,-887.0175,136.64374,-892.54926,144.97443,3.7277584,0.00047853237
758.5572509765625,-890.6042284987454,140.26396072993685,-887.8371,136.09949,-893.3714,144.42844,3.7280695,0.0
759.5426025390625,-891.4250700807249,139.71883623722493,-888.6538,135.55707,-894.1963,143.88062,3.729049,0.001304962
760.5294189453125,-892.246390620915,139.17183387056807,-889.4719,135.01225,-895.0209,143.3314,3.729836,0.00095125876
761.5172119140625,-893.0680460333984,138.6235185543875,-890.29156,134.46527,-895.84454,142.78177,3.7303152,3.166177e-05
762.5050048828125,-893.8897014458818,138.07520323820694,-891.1051,133.9224,-896.6743,142.22803,3.7322733,0.0016760005
763.49365234375,-894.7111157191173,137.52507196268706,-891.915,133.37999,-897.50726,141.67015,3.7350411,0.004219136
764.4843139648438,-895.5319223097537,136.97036438155664,-892.73175,132.82803,-898.3321,141.1127,3.736026,3.1388412e-05
765.4749755859375,-896.3527289003897,136.41565680042618,-893.55286,132.27312,-899.1526,140.55818,3.7359524,3.1388412e-05
766.4656372070312,-897.1735354910262,135.86094921929578,-894.37305,131.7188,-899.974,140.0031,3.736089,0.0002805183
767.4609375,-897.9980495272118,135.3034325618299,-895.1972,131.16154,-900.7989,139.44533,3.7361813,0.0
768.4563598632812,-898.8226405744655,134.7458575542236,-896.0224,130.60358,-901.62286,138.88815,3.7360408,6.188398e-05
769.4517822265625,-899.6472316217192,134.18828254661724,-896.8486,130.04488,-902.44586,138.33168,3.7356446,0.0006147676
770.4515991210938,-900.4757516889936,133.62874152690753,-897.67865,129.48434,-903.2729,137.77313,3.7352905,0.00021310167
771.4534301757812,-901.3061616584542,133.06825483358116,-898.5077,128.92474,-904.1046,137.21176,3.7356074,3.034756e-05
772.455322265625,-902.1365716279149,132.50776814025477,-899.3305,128.36943,-904.9427,136.6461,3.7374485,0.0018740741
773.4598388671875,-902.9681503103063,131.94424732871536,-900.1529,127.81212,-905.7834,136.07637,3.7396598,0.0030503564
774.4688720703125,-903.801712334755,131.37557752455075,-900.9837,127.24535,-906.6197,135.50581,3.7403338,5.940629e-05
775.4779052734375,-904.6352743592038,130.80690772038614,-901.81445,126.67858,-907.45605,134.93526,3.7410054,0.00023737353
776.4876708984375,-905.4692740765867,130.2377078349188,-902.64215,126.113716,-908.29645,134.3617,3.7425454,0.0025729137
777.5067138671875,-906.3094336459309,129.66104787391157,-903.4787,125.53954,-909.1402,133.78255,3.7434247,5.7682115e-05
778.5257568359375,-907.1495932152752,129.08438791290428,-904.3263,124.95777,-909.9729,133.211,3.7416165,5.7682115e-05
779.5447998046875,-907.9897527846194,128.507727951897,-905.1852,124.36833,-910.7943,132.64711,3.737075,0.006961418
780.5767822265625,-908.8447045482768,127.92978789961553,-906.05316,123.78163,-911.6363,132.07794,3.733944,0.002042789
781.61279296875,-909.7042788541528,127.35144782041222,-906.9096,123.2054,-912.49896,131.4975,3.734697,0.0
782.6488037109375,-910.5638531600285,126.77310774120888,-907.75116,122.63924,-913.3765,130.90698,3.7390385,0.004777863
783.6923828125,-911.4267461005943,126.18624309535717,-908.5965,122.06441,-914.257,130.30807,3.7433074,0.005620437
784.744873046875,-912.293574741376,125.58926882855123,-909.45526,121.472984,-915.1319,129.70555,3.7452643,5.2349646e-05
785.79736328125,-913.160403382158,124.99229456174525,-910.2558,120.92248,-916.065,129.06212,3.7614455,0.008003652
786.8504028320312,-914.0226040853302,124.38774322927232,-911.00446,120.401405,-917.0407,128.37407,3.7896354,0.04391475
787.90771484375,-914.8591912678992,123.74125629957598,-911.81635,119.77374,-917.90204,127.70877,3.7958453,5.1641753e-05
788.9650268554688,-915.6957784504682,123.0947693698796,-912.50323,119.24673,-918.88837,126.94282,3.834161,0.0
790.0222778320312,-916.5323656330372,122.44828244018326,-912.9695,118.940285,-920.0952,125.956276,3.9347494,0.15823984
791.0526733398438,-917.2327903074577,121.69256990005275,-913.484,118.38397,-920.98157,125.001175,3.9892776,0.02942453
792.081298828125,-917.9089213784869,120.91736973666875,-914.0486,117.739655,-921.7693,124.09508,4.0236793,5.6079658e-05
793.1099243164062,-918.5850524495161,120.14216957328478,-914.3969,117.41089,-922.77313,122.87344,4.1345024,0.14101389
794.1273193359375,-919.1363861204318,119.2871286296965,-914.6903,116.99977,-923.5825,121.57449,4.237238,0.11894658
795.1517944335938,-919.5831777779306,118.36520555629016,-915.0591,116.236275,-924.1073,120.49413,4.272558,0.0
796.17626953125,-920.0299694354293,117.44328248288382,-915.34875,115.68648,-924.7112,119.20009,4.353364,0.06117427
797.2044677734375,-920.4193692599135,116.49170239959786,-915.55676,115.32756,-925.282,117.65584,4.477404,0.18369336
798.2704467773438,-920.6267529421468,115.44606617198892,-915.7202,114.483894,-925.5333,116.40824,4.5187464,0.0
799.33642578125,-920.8341366243803,114.40042994438001,-915.90576,113.55703,-925.76245,115.24383,4.542898,0.00010077192
800.4024047851562,-921.0415203066138,113.35479371677107,-916.06665,112.85421,-926.01636,113.855385,4.6121035,0.110671304
801.4945678710938,-921.1247752989219,112.26579296500213,-916.136,111.93055,-926.1135,112.601036,4.64529,0.0072846496
802.589111328125,-921.1994418583195,111.1737918326872,-916.2095,110.8579,-926.18945,111.48968,4.649169,4.65446e-05
803.6836547851562,-921.274108417717,110.08179070037227,-916.2795,109.849655,-926.26874,110.31392,4.665946,0.021895219
804.7745361328125,-921.322389178075,108.99199650567598,-916.325,108.83022,-926.31976,109.15377,4.680029,0.012963755
805.863525390625,-921.3552300398077,107.90349372129687,-916.35754,107.75157,-926.3529,108.05542,4.6819987,0.0
806.9525146484375,-921.3880709015403,106.81499093691771,-916.39124,106.63674,-926.3849,106.99323,4.6767325,0.0041157305
808.0324096679688,-921.4254322882986,105.73571715838496,-916.4298,105.525536,-926.421,105.9459,4.6703405,0.008804969
809.0936889648438,-921.4721221580529,104.67548820841094,-916.47687,104.457634,-926.46735,104.89335,4.668804,5.1064297e-05
810.1549682617188,-921.5188120278073,103.61525925843691,-916.52515,103.36316,-926.51245,103.867355,4.6619473,0.000613336
811.215576171875,-921.5661141949461,102.55571069246483,-916.577,102.22509,-926.5552,102.88633,4.6462173,0.026438164
812.24755859375,-921.6406626398128,101.52643815240049,-916.6536,101.16667,-926.62775,101.8862,4.6403747,5.5536446e-05
813.279541015625,-921.7152110846797,100.49716561233612,-916.73114,100.09826,-926.6993,100.896065,4.632523,0.0
814.3115234375,-921.7897595295462,99.46789307227178,-916.8171,98.945755,-926.7624,99.990036,4.6077704,0.036581606
815.3218383789062,-921.9002671808976,98.46363291606929,-916.93744,97.85485,-926.8631,99.07241,4.5903306,0.014916438
816.3240356445312,-922.024930020033,97.46921877776064,-917.0658,96.83089,-926.984,98.107544,4.5843735,6.0634957e-05
817.3262329101562,-922.1495928591686,96.47480463945202,-917.2003,95.76456,-927.0989,97.18506,4.569857,0.016271818
818.3225708007812,-922.289595477592,95.48835673216908,-917.35315,94.69366,-927.2261,96.28306,4.5527716,0.023669912
819.31103515625,-922.4513910934198,94.51322633140344,-917.5193,93.69218,-927.38354,95.33428,4.5474315,0.00012639584
820.2994995117188,-922.6131867092475,93.53809593063785,-917.69147,92.65663,-927.53485,94.419556,4.5351696,0.005118823
821.2879638671875,-922.7798293507918,92.56375594391072,-917.88086,91.56376,-927.67883,93.56376,4.5110316,0.041076608
822.277587890625,-922.9862281820582,91.59589907741245,-918.0961,90.5531,-927.8763,92.6387,4.5022864,0.00012595244
823.2672119140625,-923.1926270133245,90.62804221091417,-918.3118,89.54276,-928.0734,91.713326,4.493592,6.297501e-05
824.2568359375,-923.3990258445908,89.66018534441588,-918.5474,88.45119,-928.2507,90.86919,4.4681683,0.041132547
825.2545166015625,-923.6467799468186,88.69376970503768,-918.8139,87.41197,-928.4797,89.97557,4.4531345,0.009801902
826.25439453125,-923.9046007436248,87.72770488897407,-919.0792,86.417915,-928.73,89.0375,4.4473386,0.0
827.2542724609375,-924.1624215404307,86.7616400729105,-919.3595,85.37164,-928.96533,88.15164,4.430678,0.020891737
828.2597045898438,-924.4419347841236,85.79584957874334,-919.66284,84.326096,-929.22107,87.26561,4.41403,0.020475598
829.2711181640625,-924.7431580727272,84.83033362901665,-919.9718,83.33554,-929.5145,86.32512,4.4087887,0.0
830.2825317382812,-925.0443813613308,83.86481767928997,-920.2867,82.3272,-929.80206,85.40243,4.3998013,0.0059463973
831.2952880859375,-925.3518545928624,82.89986735447513,-920.61847,81.28893,-930.08527,84.510796,4.3843517,0.024349557
832.31396484375,-925.685069650288,81.93724668581397,-920.96,80.302025,-930.4101,83.57247,4.379214,5.7741625e-05
833.3326416015625,-926.0182847077135,80.97462601715279,-921.30304,79.31151,-930.7336,82.63774,4.3733053,0.00011548325
834.351318359375,-926.351499765139,80.0120053484916,-921.6636,78.27329,-931.0394,81.750725,4.3572264,0.026593754
835.3721923828125,-926.711468982849,79.05673282718374,-922.03705,77.28208,-931.3859,80.83138,4.3495493,0.0031540117
836.3933715820312,-927.0747136951744,78.1023599348245,-922.41284,76.29495,-931.7366,79.909775,4.342532,0.0
837.41455078125,-927.4379584074997,77.14798704246526,-922.8183,75.23524,-932.0577,79.06074,4.319834,0.03017809
838.4351196289062,-927.8302816611747,76.20580089274688,-923.2488,74.203316,-932.41174,78.20829,4.300329,0.021353273
839.4559326171875,-928.2431071376956,75.27220717242119,-923.67596,73.23718,-932.81024,77.307236,4.2932153,5.737943e-05
840.4767456054688,-928.6559326142166,74.33861345209552,-924.1258,72.22257,-933.1861,76.45466,4.2754045,0.015103076
841.4970092773438,-929.0828974382772,73.4119755419351,-924.6092,71.17896,-933.5566,75.64498,4.249426,0.038582627
842.5170288085938,-929.5458531898067,72.50304326199854,-925.08966,70.23534,-934.002,74.77075,4.2416544,5.7508067e-05
843.5370483398438,-930.008808941336,71.59411098206199,-925.57874,69.27576,-934.43884,73.91246,4.230256,5.7508067e-05
844.5570678710938,-930.4717646928656,70.68517870212543,-926.1103,68.24021,-934.8332,73.13015,4.201453,0.049591787
845.5770874023438,-930.9801325482795,69.80090565476428,-926.649,67.302635,-935.3112,72.29917,4.18919,0.001150244
846.5971069335938,-931.4895401939112,68.91719722402773,-927.17535,66.3898,-935.8038,71.444595,4.1824512,5.75098e-05
847.6171264648438,-931.9989478395429,68.03348879329118,-927.7451,65.40584,-936.2528,70.66113,4.159051,0.03357657
848.637451171875,-932.5385404297361,67.16748480902427,-928.3312,64.46593,-936.74585,69.86905,4.141581,0.01630385
849.6583862304688,-933.0927874477661,66.31007612075479,-928.90204,63.582813,-937.2835,69.03734,4.1354604,5.7352885e-05
850.6793212890625,-933.647034465796,65.45266743248527,-929.49695,62.66398,-937.7971,68.241356,4.120731,0.015144382
851.7001342773438,-934.2143629735342,64.60398834258882,-930.1168,61.738613,-938.3119,67.46936,4.1021357,0.025863133
852.7213745117188,-934.8040858759307,63.77025358055791,-930.72253,60.882175,-938.8856,66.658325,4.096585,0.0
853.7426147460938,-935.3938087783272,62.936518818527006,-931.34326,60.005123,-939.44434,65.86792,4.0859303,0.0027509655
854.7637939453125,-935.9857915877259,62.10442027469391,-932.00385,59.08046,-939.9677,65.12838,4.062885,0.038953867
855.7854614257812,-936.6106570401662,61.29612942687898,-932.6555,58.237244,-940.5658,64.35502,4.0540833,0.0
856.80712890625,-937.2355224926065,60.48783857906405,-933.30133,57.402065,-941.16974,63.573612,4.047268,5.723328e-05
857.8287963867188,-937.8603879450469,59.67954773124911,-933.9935,56.50978,-941.7273,62.84931,4.025735,0.032778613
858.8508911132812,-938.512351555288,58.89234189256158,-934.6898,55.669243,-942.33484,62.11544,4.0118637,0.010397117
859.8734130859375,-939.1728785523635,58.11179920385255,-935.3668,54.869217,-942.9789,61.354378,4.006756,5.708819e-05
860.89599609375,-939.833405549439,57.3312565151435,-936.07245,54.03659,-943.5944,60.625923,3.992989,0.015934752
861.918212890625,-940.5064409940347,56.56185325207841,-936.79517,53.211277,-944.2178,59.912426,3.9780254,0.019142032
862.9404296875,-941.1944328718317,55.80576947372768,-937.499,52.43774,-944.8899,59.1738,3.9733121,5.7136378e-05
863.9627075195312,-941.8824247496286,55.04968569537695,-938.21497,51.651203,-945.5499,58.44817,3.9650402,0.0044581015
864.9847412109375,-942.5736870573314,54.29686542456845,-938.9591,50.84217,-946.18823,57.751556,3.949602,0.024899002
866.0060424804688,-943.2833377046856,53.562394571686596,-939.68866,50.086967,-946.878,57.03782,3.9438508,0.0
867.02734375,-943.9929883520393,52.82792371880475,-940.40845,49.34205,-947.5775,56.313797,3.9409404,5.7295085e-05
868.0486450195312,-944.7026389993935,52.0934528659229,-941.15045,48.57467,-948.2548,55.612236,3.9317176,0.014843668
869.067138671875,-945.4213621065784,51.371834754897336,-941.88794,47.834244,-948.95483,54.909424,3.9264092,0.0027172982
870.0850830078125,-946.1417295868936,50.65254618886278,-942.61,47.113247,-949.67346,54.191845,3.9259255,5.7856087e-05
871.1030883789062,-946.8620970672087,49.93325762282823,-943.3334,46.390945,-950.39087,53.47557,3.9250712,0.0011048913
872.1176147460938,-947.5808965149151,49.21727676951937,-944.0555,45.671646,-951.10626,52.76291,3.9241307,0.00111529
873.1292724609375,-948.2983716150778,48.50408958338322,-944.7731,44.958397,-951.8237,52.04978,3.924114,0.0
874.1409301757812,-949.0158467152405,47.79090239724707,-945.48413,44.251564,-952.5476,51.33024,3.9259143,0.001300258
875.15087890625,-949.7312250647326,47.077974145559125,-946.1902,43.547916,-953.2722,50.60803,3.928539,0.0040609785
876.155517578125,-950.4398787628833,46.365876342578716,-946.89557,42.83913,-953.9842,49.89262,3.9294739,0.0
877.16015625,-951.1485324610338,45.65377853959829,-947.60297,42.128357,-954.69415,49.1792,3.929847,0.0
878.1647338867188,-951.8571861591845,44.94168073661788,-948.3076,41.420254,-955.40674,48.463108,3.930973,0.0019390694
879.1649780273438,-952.5613422765683,44.231327313742526,-949.0106,40.71107,-956.11206,47.751583,3.9313028,0.0001220441
880.1649169921875,-953.2651767220893,43.52109865082747,-949.7084,40.00701,-956.822,47.035187,3.9330382,0.0
881.164794921875,-953.9690111676103,42.81086998791241,-950.3934,39.3159,-957.5446,46.305843,3.9383981,0.0075221127
882.1636352539062,-954.6666881441163,42.09612806242737,-951.0761,38.616497,-958.25726,45.575756,3.9426804,0.004537079
883.1618041992188,-955.3607304332238,41.37872200683492,-951.7645,37.90489,-958.9569,44.85256,3.9442933,0.0
884.1599731445312,-956.0547727223312,40.661315951242486,-952.4443,37.202324,-959.6652,44.120308,3.948413,0.003981095
885.1594848632812,-956.7468869890696,39.94022689759092,-953.1172,36.501446,-960.3766,43.37901,3.9539955,0.008156718
886.1618041992188,-957.4349855655655,39.211466885549896,-953.7999,35.77835,-961.07007,42.644585,3.9555545,0.0
887.1641235351562,-958.1230841420612,38.48270687350889,-954.4763,35.062046,-961.7699,41.90337,3.958976,0.00030302675
888.1665649414062,-958.8110712631333,37.75364676370182,-955.13727,34.36205,-962.4849,41.145245,3.9669156,0.013910749
889.176025390625,-959.4935813775626,37.00983961508484,-955.8096,33.629314,-963.1776,40.39036,3.969926,5.933186e-05
890.1854858398438,-960.1760914919915,36.26603246646786,-956.4817,32.89683,-963.8705,39.635235,3.9729948,0.0
891.1949462890625,-960.8586016064205,35.52222531785088,-957.1316,32.1891,-964.5856,38.85535,3.9827173,0.014492437
892.209228515625,-961.533272860303,34.76488124019893,-957.7844,31.456345,-965.2821,38.073418,3.9892955,0.005774058
893.2254638671875,-962.2048273103071,34.00215475362859,-958.44507,30.70608,-965.9646,37.29823,3.9926145,5.8154474e-05
894.24169921875,-962.8763817603116,33.239428267058244,-959.08325,29.981825,-966.66956,36.497036,4.0028014,0.011086331
895.25927734375,-963.5401794476585,32.46817334898162,-959.70905,29.255278,-967.3713,35.68107,4.014529,0.015764885
896.2789916992188,-964.1928642666834,31.6847000170496,-960.35016,28.485695,-968.0356,34.883705,4.01815,0.00011512554
897.2987060546875,-964.8455490857084,30.901226685117578,-960.971,27.740835,-968.72003,34.06162,4.0281568,0.0037996306
898.318359375,-965.4950836175541,30.115230431900176,-961.55927,27.031471,-969.43085,33.19899,4.0477796,0.032473486
899.3380737304688,-966.1182257075551,29.308097676035533,-962.15955,26.253763,-970.0769,32.362434,4.055234,0.0
900.3577880859375,-966.7413677975561,28.50096492017088,-962.7688,25.464754,-970.714,31.537176,4.059804,5.7567508e-05
901.37744140625,-967.364509887557,27.693832164306233,-963.34863,24.715137,-971.3804,30.672527,4.0742035,0.022649555
902.3964233398438,-967.9684432583362,26.873110713137667,-963.92737,23.928686,-972.0095,29.817533,4.0827107,0.005596513
903.415283203125,-968.567640257606,26.049038642464115,-964.5149,23.12064,-972.62036,28.977436,4.086671,0.0
904.4341430664062,-969.1668372568757,25.22496657179056,-965.07916,22.3455,-973.25446,28.104431,4.098693,0.014672256
905.4523315429688,-969.753205209957,24.39260583655781,-965.63116,21.562704,-973.8753,27.22251,4.110767,0.014930834
906.469970703125,-970.3266287724089,23.551881914360614,-966.19293,20.738955,-974.46027,26.364809,4.114879,5.7915262e-05
907.4876098632812,-970.900052334861,22.711157992163415,-966.7373,19.941391,-975.06274,25.480927,4.1252837,0.0066641094
908.5048217773438,-971.4675123614638,21.866936611542364,-967.25653,19.171095,-975.6785,24.562777,4.14294,0.02800943
909.5206298828125,-972.0100888847452,21.008121704445816,-967.7832,18.337265,-976.23694,23.678978,4.148862,5.8222984e-05
910.5364990234375,-972.5526654080268,20.149306797349272,-968.30804,17.506788,-976.7973,22.791826,4.155552,0.00011644569
911.5523071289062,-973.0952419313084,19.29049189025272,-968.8029,16.726133,-977.3875,21.854849,4.1738625,0.030291907
912.5665893554688,-973.6102705588659,18.416724909634294,-969.2942,15.892574,-977.9264,20.940876,4.1832037,0.0039200587
913.5806884765625,-974.1218557289963,17.541088935858014,-969.7954,15.034629,-978.44824,20.047546,4.187298,0.0
914.5948486328125,-974.6334408991266,16.66545296208173,-970.27435,14.21632,-978.9925,19.114586,4.200498,0.017761998
915.6078491210938,-975.1286125040646,15.781744631916068,-970.74146,13.383199,-979.51575,18.18029,4.2120657,0.012635945
916.6202392578125,-975.6121140592892,14.892296853966556,-971.2167,12.508959,-980.00757,17.275635,4.215529,0.0
917.6326293945312,-976.095615614514,14.002849076017045,-971.6874,11.6433735,-980.5039,16.362324,4.22095,0.0047687553
918.6444091796875,-976.5745611428109,13.111575442489427,-972.14716,10.788299,-981.002,15.434852,4.2291436,0.012221485
919.6549072265625,-977.0417921689011,12.215607150756654,-972.60956,9.901453,-981.47406,14.52976,4.231203,5.9156857e-05
920.6654052734375,-977.5090231949913,11.319638859023884,-973.0613,9.035462,-981.9568,13.603816,4.2379546,0.0
921.6759033203125,-977.9762542210814,10.423670567291111,-973.4918,8.212349,-982.4607,12.634993,4.254267,0.028409215
922.6846923828125,-978.4168646333305,9.516171648336266,-973.9173,7.335803,-982.91644,11.69654,4.261158,0.0007134393
923.6934814453125,-978.8568087212552,8.608384113294628,-974.34753,6.448242,-983.3661,10.768526,4.2656484,0.0
924.7022705078125,-979.29675280918,7.700596578252989,-974.7552,5.6092052,-983.8383,9.791988,4.28084,0.02198372
925.709716796875,-979.7158777394568,6.7844612687137715,-975.1508,4.7448316,-984.28094,8.824091,4.2922077,0.010811392
926.7167358398438,-980.1248014484713,5.864235616225188,-975.5516,3.8429658,-984.69806,7.8855047,4.296226,5.9771606e-05
927.7237548828125,-980.5337251574858,4.9440099637366055,-975.9411,2.9672117,-985.1264,6.920808,4.3059297,0.0099954875
928.7298583984375,-980.9330028368594,4.020520379054326,-976.31647,2.1001372,-985.5495,5.940903,4.3181815,0.017293993
929.7346801757812,-981.3156221739865,3.091394102222741,-976.69226,1.1875379,-985.93896,4.9952507,4.3217587,0.0
930.739501953125,-981.6982415111138,2.162267825391157,-977.0589,0.29773903,-986.3376,4.026797,4.3302503,0.0020459276
931.744140625,-982.0788606684818,1.232493557757966,-977.40625,-0.54711735,-986.75146,3.0121045,4.3484883,0.031389974
932.7469482421875,-982.4293599184307,0.29296145567979187,-977.74396,-1.4525086,-987.1148,2.0384314,4.355785,0.0
933.7496948242188,-982.7798591683799,-0.646570646398382,-978.08905,-2.3776374,-987.47064,1.0844963,4.358857,0.0
934.7525024414062,-983.130358418329,-1.5861027484765564,-978.421,-3.2659383,-987.8397,0.093732715,4.369757,0.016880367
935.753173828125,-983.4641876549564,-2.529468245023082,-978.7434,-4.1770563,-988.18494,-0.8818805,4.3765965,0.0053650015
936.7532348632812,-983.7926900328494,-3.474058692648681,-979.0656,-5.1034956,-988.5197,-1.8446217,4.380439,0.000122037796
937.7533569335938,-984.1211924107422,-4.41864914027428,-979.37463,-5.990236,-988.8678,-2.8470626,4.3926516,0.014303142
938.7523193359375,-984.4357933585713,-5.366768470114596,-979.6689,-6.8756614,-989.2027,-3.8578753,4.4058313,0.01723395
939.7501831054688,-984.7336352804739,-6.319142083741418,-979.9605,-7.8082466,-989.5068,-4.830037,4.40998,0.0
940.748046875,-985.0314772023761,-7.271515697368238,-980.2478,-8.726292,-989.8152,-5.8167396,4.417164,0.0038725692
941.7454833984375,-985.3255010859941,-8.224617215814163,-980.5227,-9.614986,-990.1283,-6.8342476,4.4306006,0.022157023
942.74072265625,-985.597712229337,-9.181877309313982,-980.78864,-10.550304,-990.4068,-7.81345,4.4351664,6.192014e-05
943.7359619140625,-985.8699233726799,-10.139137402813803,-981.0527,-11.478598,-990.6872,-8.799677,4.4411845,6.192014e-05
944.731201171875,-986.1421345160229,-11.09639749631362,-981.30316,-12.355034,-990.98114,-9.837761,4.4579244,0.027637996
945.7244873046875,-986.3874332226833,-12.058900235497244,-981.5371,-13.272987,-991.2378,-10.844812,4.4671197,0.0051094377
946.7174682617188,-986.6277774801636,-13.022368120346288,-981.77216,-14.215074,-991.48346,-11.829663,4.4715257,6.233711e-05
947.71044921875,-986.8681217376438,-13.985836005195328,-981.9966,-15.112011,-991.7396,-12.859661,4.4852047,0.017925609
948.7022094726562,-987.0909456033514,-14.952211478942356,-982.2054,-16.015749,-991.9765,-13.888674,4.498044,0.015413009
949.693115234375,-987.2988501228226,-15.921062886221298,-982.40894,-16.964579,-992.1887,-14.877545,4.50214,6.273041e-05
950.6840209960938,-987.5067546422938,-16.889914293500244,-982.6092,-17.896675,-992.40436,-15.883152,4.5096507,0.0059028408
951.6742553710938,-987.7088988880699,-17.859273210310967,-982.7995,-18.806807,-992.61835,-16.911741,4.5217295,0.019044172
952.6624145507812,-987.8923596435509,-18.83027823803822,-982.9795,-19.759863,-992.8052,-17.900694,4.525384,0.00012650318
953.6505737304688,-988.0758203990316,-19.80128326576547,-983.1573,-20.700304,-992.9943,-18.902262,4.5316014,0.0
954.6387329101562,-988.2592811545125,-20.77228829349272,-983.32697,-21.592337,-993.1916,-19.952238,4.5476346,0.027993726
955.6246337890625,-988.4155245830856,-21.74571396888143,-983.4771,-22.527973,-993.35394,-20.963455,4.5552917,0.0021023557
956.6103515625,-988.5697576687788,-22.71931843963121,-983.6293,-23.488638,-993.51025,-21.949999,4.5579114,6.372148e-05
957.5960693359375,-988.7239907544716,-23.69292291038099,-983.77673,-24.417294,-993.67126,-22.968552,4.5670033,0.012974472
958.579833984375,-988.8654192151719,-24.666486529000004,-983.9131,-25.35506,-993.81775,-23.977913,4.574235,0.007833765
959.5625,-988.9992231327473,-25.640025822124688,-984.0447,-26.312702,-993.95374,-24.96735,4.5774446,6.4317006e-05
960.5452270507812,-989.1330270503227,-26.61356511524937,-984.1721,-27.237238,-994.094,-25.989893,4.587329,0.009467212
961.5270385742188,-989.2576762580442,-27.587445554209786,-984.2889,-28.145023,-994.2265,-27.02987,4.6006413,0.019974874
962.50732421875,-989.3630798476589,-28.562043171822264,-984.39233,-29.102146,-994.33386,-28.021938,4.604157,0.0
963.4876098632812,-989.4684834372739,-29.53664078943474,-984.4926,-30.027168,-994.4444,-29.046112,4.6141253,0.00071277673
964.4678344726562,-989.5731606564309,-30.511267116027764,-984.5873,-30.886856,-994.5591,-30.135677,4.6372004,0.041602004
965.4461669921875,-989.6380050906178,-31.4874677889294,-984.64874,-31.815294,-994.62726,-31.159643,4.6467767,6.517731e-05
966.4244995117188,-989.7028495248048,-32.46366846183104,-984.7126,-32.77644,-994.69305,-32.150898,4.649794,0.0
967.40283203125,-989.7676939589919,-33.439869134732675,-984.7741,-33.69241,-994.7613,-33.18733,4.661859,0.018652037
968.3785400390625,-989.8146653746415,-34.41443542526926,-984.8191,-34.62577,-994.8102,-34.203102,4.6701097,0.007436506
969.353271484375,-989.8544590665849,-35.38834535521278,-984.8581,-35.579803,-994.85077,-35.196884,4.674088,0.0
970.3280029296875,-989.8942527585278,-36.36225528515631,-984.89594,-36.492878,-994.8925,-36.231632,4.686261,0.013743567
971.3010864257812,-989.9209344135827,-37.334981159672,-984.9213,-37.394444,-994.9206,-37.275517,4.7004957,0.020068577
972.2721557617188,-989.9286721816372,-38.30599634557257,-984.9288,-38.343536,-994.9285,-38.268456,4.7048807,0.0
973.2432250976562,-989.9364099496919,-39.27701153147313,-984.9364,-39.276806,-994.9364,-39.277218,4.7124305,0.003068365
974.2138671875,-989.9412142734737,-40.2476167341933,-984.94183,-40.17055,-994.9406,-40.32468,4.7278023,0.026905408
975.18115234375,-989.9209076441042,-41.214712387224296,-984.92206,-41.108364,-994.91974,-41.321064,4.7336607,0.0
976.1484375,-989.9006010147344,-42.1818080402553,-984.9021,-42.05874,-994.89905,-42.30488,4.737005,6.74352e-05
977.11572265625,-989.880294385365,-43.14890369328629,-984.8834,-42.971844,-994.8772,-43.325962,4.7478085,0.017875576
978.0804443359375,-989.8434070516385,-44.11290221139492,-984.8477,-43.90489,-994.83905,-44.32092,4.754004,0.004491086
979.0445556640625,-989.802378782233,-45.07612723784558,-984.8077,-44.846367,-994.79706,-45.305885,4.758357,0.0
980.0086669921875,-989.7613505128274,-46.039352264296255,-984.7704,-45.738453,-994.7523,-46.340252,4.772605,0.018220363
980.9715576171875,-989.7034657295084,-47.000507615672966,-984.7174,-46.627895,-994.6896,-47.37312,4.78698,0.018691352
981.9335327148438,-989.6284338653091,-47.95955761560679,-984.644,-47.565037,-994.61285,-48.354076,4.7913747,0.0001371232
982.8955078125,-989.5534020011098,-48.91860761554063,-984.5714,-48.494637,-994.5354,-49.342575,4.7972846,0.004252224
983.8572998046875,-989.4745527493385,-49.87713891753474,-984.4973,-49.40082,-994.4518,-50.35346,4.807797,0.017583854
984.818359375,-989.3795649779556,-50.833477354194834,-984.404,-50.34005,-994.35516,-51.326904,4.811235,0.0
985.7794189453125,-989.2845772065727,-51.78981579085491,-984.31146,-51.272266,-994.25775,-52.30736,4.816084,0.0
986.740478515625,-989.1895894351899,-52.74615422751501,-984.2235,-52.164528,-994.15564,-53.32778,4.828978,0.022509322
987.7028198242188,-989.0736836684714,-53.701496316347914,-984.1113,-53.0888,-994.036,-54.314194,4.8352375,0.0028069704
988.6653442382812,-988.9551091778111,-54.656711290834636,-983.99603,-54.018375,-993.91425,-55.295048,4.840406,6.844106e-05
989.6278686523438,-988.8365346871509,-55.61192626532136,-983.88873,-54.891315,-993.78436,-56.33254,4.8570147,0.023341956
990.5922241210938,-988.6962301499613,-56.56602919688941,-983.7594,-55.773705,-993.63306,-57.358353,4.8715243,0.016632332
991.5581665039062,-988.540345638455,-57.51933481768834,-983.6068,-56.706863,-993.4739,-58.33181,4.8756075,0.0
992.5241088867188,-988.3844611269486,-58.47264043848726,-983.455,-57.635742,-993.3139,-59.30954,4.88056,0.0047264243
993.491943359375,-988.2239642343948,-59.4270744423729,-983.301,-58.552464,-993.14685,-60.301685,4.8882155,0.011826121
994.4647216796875,-988.0514873619328,-60.384439255002945,-983.13043,-59.499626,-992.9726,-61.26925,4.890288,0.0
995.4375,-987.8790104894708,-61.34180406763298,-982.96265,-60.431114,-992.7954,-62.252495,4.8955493,6.6303655e-05
996.4102783203125,-987.7065336170089,-62.29916888026303,-982.8022,-61.325886,-992.6109,-63.27245,4.908296,0.02288495
997.3921508789062,-987.5108448152208,-63.261371022822516,-982.61163,-62.262608,-992.4101,-64.26013,4.9134946,0.0006444782
998.3743286132812,-987.3145252772085,-64.22370460982906,-982.4201,-63.201584,-992.2089,-65.24582,4.918264,0.0
999.3565063476562,-987.118205739196,-65.1860381968356,-982.2402,-64.088394,-991.9963,-66.283676,4.9337196,0.023007084
1000.3458251953125,-986.8986146329512,-66.15063885831248,-982.0333,-64.99788,-991.7639,-67.303406,4.9450345,0.011158565
1001.3388061523438,-986.6675151900789,-67.11636064131855,-981.80853,-65.93725,-991.52655,-68.29548,4.9504547,6.233695e-05
1002.331787109375,-986.4364157472068,-68.08208242432461,-981.5978,-66.822075,-991.275,-69.342094,4.9671373,0.017172912
1003.3284301757812,-986.1878992922906,-69.04725742951113,-981.37646,-67.687065,-990.9994,-70.40745,4.987899,0.02958856
1004.3321533203125,-985.9090392590429,-70.01147984905577,-981.1058,-68.62281,-990.71234,-71.400154,4.9938235,6.0355593e-05
1005.3358764648438,-985.630179225795,-70.9757022686004,-980.8498,-69.51013,-990.4106,-72.44127,5.0098715,0.0037998518
1006.340087890625,-985.3475162605715,-71.93929595023515,-980.61993,-70.3115,-990.07513,-73.567085,5.043992,0.058420602
1007.3533325195312,-985.0055233997128,-72.89308063322994,-980.2991,-71.20498,-989.7119,-74.581184,5.056777,0.00011734359
1008.3665771484375,-984.6635305388542,-73.84686531622474,-979.97675,-72.10494,-989.3503,-75.58878,5.0682354,5.8673584e-05
1009.3798217773438,-984.3215376779954,-74.80064999921953,-979.6996,-72.89333,-988.9435,-76.70797,5.103769,0.0544868
1010.39794921875,-983.9254708593531,-75.73857181672237,-979.3476,-73.72785,-988.50336,-77.74929,5.1262455,0.017351897
1011.4182739257812,-983.5119327378699,-76.67136834030745,-978.95734,-74.60845,-988.0666,-78.73429,5.137677,5.745451e-05
1012.4386596679688,-983.0983946163866,-77.60416486389254,-978.6186,-75.38348,-987.5782,-79.82485,5.1726,0.040080883
1013.4605102539062,-982.6463143258343,-78.52055746900851,-978.2533,-76.132744,-987.0393,-80.90838,5.210269,0.048348356
1014.4864501953125,-982.1473858423396,-79.41701103187525,-977.78357,-76.976364,-986.5112,-81.85765,5.222333,5.6521338e-05
1015.5123901367188,-981.6484573588452,-80.31346459474196,-977.3526,-77.75497,-985.9443,-82.871956,5.249551,0.013849736
1016.5382080078125,-981.1368106230818,-81.2026275450513,-976.9747,-78.43202,-985.299,-83.973236,5.299697,0.08065191
1017.5677490234375,-980.5513210744392,-82.04946083186049,-976.4385,-79.20614,-984.6642,-84.892784,5.3172703,5.593115e-05
1018.5972900390625,-979.9658315257964,-82.89629411866967,-975.90466,-79.9796,-984.027,-85.81299,5.3352222,0.0
1019.6267700195312,-979.3803419771538,-83.74312740547886,-975.4739,-80.622375,-983.28687,-86.86388,5.3864317,0.081552036
1020.6583251953125,-978.7245488185681,-84.53936526203762,-974.9069,-81.3105,-982.5422,-87.768234,5.4144254,0.0150991725
1021.6910400390625,-978.0556120356601,-85.32614404063189,-974.28406,-82.04355,-981.82715,-88.608734,5.428583,0.0
1022.7237548828125,-977.3866752527524,-86.1129228192262,-973.7642,-82.6665,-981.0091,-89.55935,5.4728904,0.05587089
1023.75732421875,-976.6729157126783,-86.86043367469345,-973.1962,-83.26704,-980.1496,-90.453835,5.514292,0.04759466
1024.7943115234375,-975.9206738470529,-87.57423127606735,-972.4947,-83.93243,-979.3466,-91.21604,5.528317,5.4733384e-05
1025.831298828125,-975.1684319814273,-88.28802887744123,-971.85864,-84.540375,-978.4783,-92.03569,5.5597444,0.023010403
1026.869384765625,-974.3985992462103,-88.98436132043418,-971.27905,-85.07689,-977.5182,-92.89183,5.609447,0.07460026
1027.9149169921875,-973.5710601858935,-89.62339983021846,-970.51434,-85.66654,-976.62775,-93.58025,5.625437,5.3398642e-05
1028.96044921875,-972.7435211255769,-90.26243834000275,-969.7595,-86.25049,-975.72754,-94.27438,5.6436777,5.3398642e-05
1030.0059814453125,-971.9159820652601,-90.90147684978703,-969.129,-86.750206,-974.7029,-95.05274,5.6919503,0.07916129
1031.0589599609375,-971.0320585560936,-91.47369754524068,-968.338,-87.26154,-973.7261,-95.685844,5.7141657,0.0059006345
1032.11279296875,-970.1438377402574,-92.04082576138381,-967.5075,-87.79235,-972.7802,-96.2893,5.727795,0.0
1033.1666259765625,-969.2556169244209,-92.6079539775269,-966.8115,-88.24602,-971.6997,-96.969894,5.772456,0.05956755
1034.2261962890625,-968.3284052256115,-93.12078206339517,-966.04095,-88.67471,-970.6159,-97.56685,5.808011,0.035313256
1035.291259765625,-967.3777736918967,-93.60099483026052,-965.1553,-89.12209,-969.6002,-98.0799,5.822575,5.0519815e-05
1036.3563232421875,-966.4271421581822,-94.08120759712584,-964.392,-89.5141,-968.4622,-98.648315,5.864002,0.036660355
1037.42333984375,-965.4566865427785,-94.52475600870817,-963.67975,-89.85115,-967.2336,-99.198364,5.9198627,0.07658464
1038.4998779296875,-964.4441647651674,-94.89050365550499,-962.7435,-90.18861,-966.1448,-99.5924,5.936134,0.0
1039.576416015625,-963.4316429875563,-95.25625130230182,-961.8498,-90.51307,-965.0135,-99.99943,5.9612865,0.001589926
1040.6529541015625,-962.4185118044501,-95.62024495486219,-961.126,-90.79021,-963.71106,-100.45029,6.0217047,0.098822236
1041.734375,-961.3675998224321,-95.87549770486875,-960.1974,-91.014366,-962.53784,-100.736626,6.0469522,0.0
1042.8157958984375,-960.3166878404138,-96.13075045487527,-959.17773,-91.2622,-961.4557,-100.999306,6.0533786,2.4125991e-05
1043.8973388671875,-959.2657758583958,-96.38600320488182,-958.2611,-91.48797,-960.2704,-101.284035,6.0808806,0.038415615
1044.9681396484375,-958.2156458716695,-96.59549883470821,-957.3077,-91.678635,-959.1236,-101.51236,6.1005754,0.015892573
1046.03515625,-957.1658330657431,-96.78643517122201,-956.281,-91.86536,-958.05066,-101.70752,6.10528,0.0
1047.1021728515625,-956.1160202598167,-96.9773715077358,-955.26807,-92.0498,-956.964,-101.904945,6.112774,0.008103172
1048.1590576171875,-955.0745853758946,-97.15753678508723,-954.2731,-92.2222,-955.8761,-102.09288,6.1221867,0.012233611
1049.2012939453125,-954.045357075049,-97.32200869260075,-953.25854,-92.3843,-954.83215,-102.25971,6.125171,1.3475635e-05
1050.2435302734375,-953.0161287742034,-97.48648060011426,-952.21704,-92.55074,-953.8152,-102.42222,6.122687,0.0007168812
1051.283203125,-951.9895508444606,-97.65131868658288,-951.17096,-92.71879,-952.80817,-102.583855,6.11872,0.0065216203
1052.300537109375,-950.9861634155756,-97.81936080488074,-950.1634,-92.88752,-951.8089,-102.7512,6.117881,0.0
1053.31787109375,-949.9827759866905,-97.98740292317859,-949.129,-93.06084,-950.83655,-102.91397,6.1115904,1.4490865e-05
1054.335205078125,-948.9793885578052,-98.15544504147644,-948.04193,-93.24411,-949.9168,-103.06677,6.0945754,0.02690781
1055.3372802734375,-947.9959599035558,-98.3477196626518,-947.00995,-93.44591,-948.982,-103.24953,6.0846767,0.0070004226
1056.3355712890625,-947.0175794349082,-98.54612342624009,-945.9969,-93.65141,-948.03827,-103.44083,6.0776,0.0
1057.3338623046875,-946.0391989662606,-98.74452718982839,-944.90546,-93.874756,-947.1729,-103.6143,6.0544515,0.028597571
1058.327392578125,-945.071554715621,-98.96961701139831,-943.8241,-94.12773,-946.319,-103.81151,6.03103,0.029707214
1059.3167724609375,-944.1149210195058,-99.22207478472048,-942.83075,-94.38979,-945.3991,-104.05436,6.023444,3.151035e-05
1060.30615234375,-943.1582873233904,-99.47453255804263,-941.8046,-94.661255,-944.5119,-104.28781,6.009036,0.009508436
1061.2960205078125,-942.2035408454598,-99.73610762696588,-940.7305,-94.958015,-943.6766,-104.5142,5.984138,0.04045096
1062.289306640625,-941.2568789147238,-100.03673976261605,-939.74634,-95.27038,-942.76746,-104.80311,5.976278,0.0
1063.2825927734375,-940.3102169839877,-100.33737189826621,-938.7369,-95.59138,-941.8836,-105.08337,5.9630694,0.0
1064.27587890625,-939.3635550532518,-100.63800403391639,-937.6258,-95.949684,-941.10126,-105.32632,5.9282336,0.0587948
1065.2757568359375,-938.4299316021487,-100.99588709611024,-936.6101,-96.33883,-940.24976,-105.65295,5.910663,0.007528458
1066.2767333984375,-937.498005415946,-101.36122271342396,-935.63513,-96.721214,-939.36084,-106.00123,5.901403,0.0
1067.2777099609375,-936.5660792297433,-101.7265583307377,-934.56647,-97.143814,-938.56573,-106.309296,5.871751,0.04013686
1068.2828369140625,-935.6457869837304,-102.13080683534358,-933.5289,-97.60107,-937.76276,-106.660545,5.8460035,0.028646307
1069.2921142578125,-934.7339060584932,-102.5631892973169,-932.5771,-98.05229,-936.8907,-107.07408,5.8371835,5.9378868e-05
1070.30126953125,-933.8220251332556,-102.99557175929019,-931.5763,-98.5283,-936.06775,-107.46285,5.817371,0.016861767
1071.311767578125,-932.9164684776487,-103.44399018628566,-930.5411,-99.044266,-935.2918,-107.84372,5.788137,0.04385625
1072.3270263671875,-932.027505951212,-103.93448507277793,-929.61224,-99.55654,-934.4428,-108.31243,5.7790437,0.0
1073.34228515625,-931.1385434247753,-104.42497995927019,-928.6793,-100.07156,-933.5978,-108.7784,5.7689805,0.0
1074.3575439453125,-930.2495808983388,-104.91547484576243,-927.6775,-100.62778,-932.82166,-109.20317,5.742857,0.045024082
1075.3778076171875,-929.3798327750305,-105.44876799830742,-926.75946,-101.19039,-932.0002,-109.707146,5.731564,0.001292852
1076.398193359375,-928.5106481036115,-105.983316186656,-925.86646,-101.7397,-931.1548,-110.22693,5.725954,2.872418e-05
1077.4185791015625,-927.6414634321925,-106.51786437500456,-924.9149,-102.32672,-930.36804,-110.709015,5.706418,0.02788589
1078.4412841796875,-926.7859537327304,-107.0782357112192,-923.99774,-102.92783,-929.57416,-111.228645,5.6916423,0.013949941
1079.4654541015625,-925.9372689732148,-107.65149493005438,-923.13,-103.51394,-928.7445,-111.789055,5.687049,0.0
1080.4896240234375,-925.0885842136996,-108.22475414888959,-922.24207,-104.114105,-927.93506,-112.3354,5.6775303,0.009769342
1081.5140380859375,-924.2454365891475,-108.80655199624725,-921.3487,-104.731155,-927.14215,-112.88194,5.6652536,0.017074957
1082.5390625,-923.4120208564374,-109.40335706481363,-920.49963,-105.339134,-926.32446,-113.46758,5.661409,5.6667905e-05
1083.5640869140625,-922.5786051237271,-110.00016213337997,-919.6545,-105.94437,-925.50275,-114.055954,5.65852,0.00073676097
1084.5889892578125,-921.7457211981949,-110.59752622297684,-918.79333,-106.56226,-924.6981,-114.63279,5.6515317,0.011705287
1085.6123046875,-920.9214427213793,-111.20393612280347,-917.9572,-107.177376,-923.8857,-115.23049,5.64859,5.6957815e-05
1086.6356201171875,-920.0971642445637,-111.81034602263007,-917.1326,-107.78402,-923.0617,-115.83668,5.6485133,0.0
1087.658935546875,-919.2728857677482,-112.4167559224567,-916.30334,-108.39407,-922.24243,-116.43944,5.6472836,0.0018299898
1088.6795654296875,-918.451958864052,-113.02311270668663,-915.4791,-109.00288,-921.4248,-117.04334,5.6464596,0.00063241384
1089.69921875,-917.6321268257362,-113.6294521395338,-914.6587,-109.60968,-920.6056,-117.64923,5.6463046,0.0
1090.7188720703125,-916.8122947874205,-114.23579157238096,-913.83795,-110.2167,-919.7867,-118.25489,5.646078,0.00034626617
1091.73681640625,-915.9940122744144,-114.84136041376277,-913.01874,-110.822945,-918.9693,-118.85978,5.645848,0.00034819462
1092.752685546875,-915.1776287642581,-115.44598486567305,-912.20154,-111.42817,-918.1537,-119.4638,5.645647,0.0
1093.7685546875,-914.3612452541018,-116.05060931758335,-911.3714,-112.043015,-917.35114,-120.0582,5.6422176,0.0016306272
1094.7841796875,-913.5460926744544,-116.65645585604481,-910.5321,-112.666985,-916.56006,-120.64593,5.6361833,0.00986726
1095.79833984375,-912.7382045997298,-117.26951470560155,-909.7146,-113.28734,-915.76184,-121.25169,5.633766,5.8513164e-05
1096.8125,-911.930316525005,-117.88257355515826,-908.9071,-113.90009,-914.9535,-121.86506,5.6338673,0.0
1097.82666015625,-911.1224284502802,-118.49563240471497,-908.0971,-114.514755,-914.14777,-122.47652,5.6333375,0.0008227524
1098.837890625,-910.3173987213601,-119.10761738403477,-907.29004,-115.128265,-913.3447,-123.086975,5.632835,0.0001772201
1099.8485107421875,-909.512911589546,-119.71939851157367,-906.49097,-115.735954,-912.5349,-123.70284,5.6341853,5.912264e-05
1100.8592529296875,-908.7084244577319,-120.33117963911256,-905.7055,-116.33337,-911.71136,-124.32899,5.6389556,0.0060539576
1101.8673095703125,-907.9023301377771,-120.93644883499616,-904.91736,-116.92525,-910.8873,-124.94765,5.6434264,0.0053210664
1102.873046875,-907.0948446356388,-121.53608130231603,-904.1153,-117.52083,-910.0744,-125.55133,5.6447854,0.0
1103.8787841796875,-906.2873591335003,-122.13571376963591,-903.31555,-118.11471,-909.25916,-126.156715,5.6467175,0.001501512
1104.8837890625,-905.4796220683535,-122.73364808701398,-902.5207,-118.703186,-908.43854,-126.764114,5.64991,0.0049505504
1105.8861083984375,-904.6710502963202,-123.32594780231221,-901.7175,-119.29149,-907.6245,-127.36041,5.651261,6.0616945e-05
1106.888427734375,-903.862478524287,-123.91824751761048,-900.9037,-119.88768,-906.8213,-127.94882,5.649944,0.0
1107.8907470703125,-903.053906752254,-124.5105472329087,-900.08405,-120.488106,-906.02374,-128.53299,5.6472025,0.0046830713
1108.8907470703125,-902.2499314968517,-125.10532495777484,-899.27704,-121.08515,-905.22284,-129.12549,5.6464376,0.00024414973
1109.890625,-901.4463174196436,-125.7002973959626,-898.455,-121.693756,-904.43756,-129.70683,5.641866,0.0
1110.8905029296875,-900.6427033424357,-126.29526983415035,-897.5946,-122.3318,-903.6908,-130.25874,5.6276045,0.019986982
1111.8896484375,-899.8516842330058,-126.9057665357022,-896.75464,-122.98043,-902.9487,-130.8311,5.6151934,0.012056896
1112.888671875,-899.0682961587227,-127.5256690730963,-895.9756,-123.59692,-902.161,-131.45442,5.616297,0.0
1113.8876953125,-898.2849080844394,-128.14557161049038,-895.2778,-124.15091,-901.29205,-132.14023,5.637905,0.019391393
1114.883056640625,-897.4926391361423,-128.74804274545465,-894.59985,-124.66984,-900.3854,-132.82625,5.6662254,0.042084754
1115.8717041015625,-896.6813479462708,-129.3131769755717,-893.8372,-125.20087,-899.52545,-133.42548,5.6781125,3.157495e-05
1116.8604736328125,-895.870056756399,-129.87831120568876,-892.94385,-125.82401,-898.79626,-133.9326,5.6580076,0.0010103532
1117.8492431640625,-895.0593508881278,-130.44427034648425,-891.96857,-126.51399,-898.1501,-134.37456,5.6167927,0.07363765
1118.8399658203125,-894.2903546140456,-131.0690120259851,-891.1266,-127.19726,-897.4541,-134.94077,5.598078,0.0
1119.8306884765625,-893.5213583399633,-131.69375370548596,-890.383,-127.80139,-896.6597,-135.58612,5.6046185,0.0
1120.8214111328125,-892.7523620658809,-132.31849538498682,-889.6609,-128.38878,-895.8439,-136.24821,5.616612,0.01825621
1121.807861328125,-891.9756630270923,-132.9266061418588,-888.91797,-128.97054,-895.0333,-136.88268,5.6251817,0.007522403
1122.7926025390625,-891.1958086548658,-133.52790426608854,-888.1462,-129.56563,-894.2454,-137.49019,5.627215,6.391651e-05
1123.77734375,-890.4159542826395,-134.12920239031834,-887.3787,-130.15738,-893.4532,-138.10101,5.630348,0.0036512804
1124.7606201171875,-889.6350935885096,-134.72677960608655,-886.6133,-130.74321,-892.65686,-138.71034,5.6342254,0.005346296
1125.74169921875,-888.8527542649948,-135.3188895408891,-885.8359,-131.33163,-891.8697,-139.30615,5.635449,6.4625034e-05
1126.722900390625,-888.0704149414802,-135.91099947569165,-885.0599,-131.91893,-891.081,-139.90306,5.6370454,0.0006464491
1127.703857421875,-887.287919472883,-136.5024583807545,-884.2905,-132.50049,-890.2853,-140.50443,5.6403394,0.005647149
1128.682373046875,-886.5040269329124,-137.08809235045368,-883.51324,-133.0812,-889.4948,-141.09497,5.641982,0.0
1129.660888671875,-885.7201343929419,-137.67372632015287,-882.72076,-133.67325,-888.71954,-141.6742,5.639844,6.514644e-05
1130.639404296875,-884.936241852971,-138.25936028985208,-881.9164,-134.27429,-887.95605,-142.24442,5.63472,0.008353746
1131.61669921875,-884.1580977803635,-138.8506576406904,-881.1253,-134.87546,-887.19086,-142.82587,5.631462,0.0021586835
1132.59375,-883.3814260817251,-139.44340557208199,-880.3486,-135.46823,-886.41425,-143.41858,5.6314535,6.544438e-05
1133.57080078125,-882.604754383087,-140.0361535034736,-879.57605,-136.05783,-885.6334,-144.01447,5.632491,0.0012436471
1134.5477294921875,-881.8274518265222,-140.6279144659172,-878.80255,-136.64673,-884.85236,-144.6091,5.6334386,0.0013094861
1135.5245361328125,-881.0494970032165,-141.21865496560267,-878.0264,-137.23608,-884.0726,-145.20123,5.633897,6.5482775e-05
1136.5013427734375,-880.2715421799106,-141.8093954652881,-877.2583,-137.81937,-883.2848,-145.79944,5.63637,0.0015704797
1137.4786376953125,-879.4923332795125,-142.39921641027115,-876.49536,-138.39691,-882.48926,-146.40152,5.6404533,0.006650462
1138.457763671875,-878.7076800866434,-142.98504531618872,-875.71796,-138.97739,-881.69745,-146.9927,5.642244,0.0
1139.43701171875,-877.9230268937742,-143.57087422210626,-874.92676,-139.56807,-880.9193,-147.57368,5.6406198,6.5000866e-05
1140.416259765625,-877.138373700905,-144.1567031280238,-874.1283,-140.16428,-880.14844,-148.14914,5.6371675,0.005955045
1141.398193359375,-876.3548938480578,-144.7487377584736,-873.3372,-140.76208,-879.3726,-148.73538,5.635248,0.0007730056
1142.380615234375,-875.5715697897981,-145.3415963770902,-872.5553,-141.35385,-878.5879,-149.32935,5.635609,0.0
1143.363037109375,-874.7882457315383,-145.93445499570683,-871.7768,-141.94308,-877.79974,-149.92581,5.6368113,0.0015379721
1144.348388671875,-874.0015988908134,-146.52787431340693,-870.9941,-142.53351,-877.0091,-150.52225,5.637808,0.0010808575
1145.3359375,-873.2125295394566,-147.12170241486137,-870.2067,-143.12607,-876.2183,-151.11734,5.63823,0.0
1146.323486328125,-872.4234601880997,-147.71553051631588,-869.42285,-143.71597,-875.4241,-151.71509,5.639539,0.0011373988
1147.31298828125,-871.6322287268463,-148.30962582387636,-868.63916,-144.30441,-874.62524,-152.31485,5.641426,0.0028765409
1148.307373046875,-870.8352659381775,-148.90442944218643,-867.8447,-144.89735,-873.8258,-152.91151,5.6420465,6.206592e-05
1149.3017578125,-870.0383031495082,-149.49923306049646,-867.0497,-145.49075,-873.027,-153.50772,5.6425157,6.206134e-05
1150.2962646484375,-869.2413403608392,-150.0940366788065,-866.2576,-146.08188,-872.22504,-154.1062,5.643748,0.0021448266
1151.299072265625,-868.4363423589378,-150.6921264735813,-865.4557,-146.67766,-871.417,-154.70659,5.6445193,0.00012098392
1152.30224609375,-867.6310913682918,-151.290319733645,-864.644,-147.2807,-870.6182,-155.29993,5.642897,6.0467653e-05
1153.305419921875,-866.8258403776459,-151.88851299370864,-863.8203,-147.89268,-869.8314,-155.88435,5.638295,0.006599609
1154.313720703125,-866.020454153721,-152.49522673749257,-863.00146,-148.50955,-869.0394,-156.4809,5.6349254,0.0033801263
1155.32470703125,-865.214999816912,-153.10623198941664,-862.1888,-149.12605,-868.2413,-157.08641,5.633106,0.0
1156.335693359375,-864.409545480103,-153.71723724134068,-861.35925,-149.75545,-867.45984,-157.67903,5.6270523,0.006002079
1157.3492431640625,-863.6058541246333,-154.33471128957746,-860.52563,-150.39615,-866.68604,-158.27328,5.619478,0.010656967
1158.3673095703125,-862.8052887632356,-154.96365535084362,-859.71674,-151.03163,-865.89386,-158.89568,5.6173577,5.7841415e-05
1159.3853759765625,-862.0047234018381,-155.59259941210973,-858.89185,-151.67976,-865.11755,-159.50545,5.6111693,0.0013875547
1160.4036865234375,-861.2047795138117,-156.222831570958,-858.0404,-152.35155,-864.36914,-160.0941,5.597925,0.022417285
1161.427490234375,-860.4152788677305,-156.87470892864803,-857.2325,-153.01855,-863.5981,-160.73087,5.59316,5.68708e-05
1162.4512939453125,-859.6257782216492,-157.52658628633807,-856.4191,-153.69028,-862.83246,-161.36288,5.5869474,5.68708e-05
1163.47509765625,-858.8362775755679,-158.17846364402817,-855.5588,-154.4025,-862.11383,-161.95444,5.568341,0.028081832
1164.500732421875,-858.0646207528486,-158.85400962327927,-854.7423,-155.11739,-861.38696,-162.59062,5.556415,0.009212039
1165.527099609375,-857.2988570915174,-159.53737248145103,-853.955,-155.81998,-860.64264,-163.25476,5.550644,5.6453166e-05
1166.553466796875,-856.5330934301866,-160.2207353396227,-853.1254,-156.56178,-859.94073,-163.87968,5.533333,0.019761166
1167.579833984375,-855.7812841100987,-160.91944061038075,-852.3054,-157.32527,-859.2572,-164.5136,5.5145106,0.024198845
1168.6068115234375,-855.046717658211,-161.6371039382397,-851.5489,-158.06424,-858.5445,-165.20996,5.508403,5.6351808e-05
1169.6337890625,-854.3121512063235,-162.35476726609866,-850.7591,-158.83679,-857.8652,-165.87274,5.4928317,0.0077260784
1170.6602783203125,-853.5836109969107,-163.07790014063752,-849.93097,-159.66347,-857.23627,-166.49232,5.4640927,0.04632408
1171.6854248046875,-852.8912279207043,-163.8338500033252,-849.204,-160.45685,-856.5785,-167.21085,5.4538956,5.665855e-05
1172.7105712890625,-852.1988448444979,-164.5897998660128,-848.4784,-161.24944,-855.9193,-167.93016,5.444005,5.665855e-05
1173.7357177734375,-851.5064617682913,-165.3457497287004,-847.6922,-162.11287,-855.32074,-168.57863,5.415477,0.045570295
1174.759033203125,-850.8512831646219,-166.1318434014928,-846.9863,-162.95969,-854.7162,-169.30399,5.3996596,0.008885885
1175.7822265625,-850.2032744912914,-166.92374629570014,-846.3143,-163.78117,-854.0922,-170.06633,5.392031,5.6968875e-05
1176.805419921875,-849.5552658179606,-167.71564918990748,-845.59296,-164.66603,-853.5175,-170.76527,5.3683534,0.030030554
1177.8272705078125,-848.932683973917,-168.52597026171821,-844.90326,-165.56557,-852.9621,-171.48637,5.346026,0.026272457
1178.8487548828125,-848.3322923671964,-169.35236505343582,-844.2802,-166.4231,-852.38434,-172.28165,5.3383245,0.0
1179.8702392578125,-847.7319007604758,-170.17875984515342,-843.6273,-167.32352,-851.8364,-173.034,5.3201714,0.01329991
1180.8909912109375,-847.1431407205132,-171.01263005668693,-842.9576,-168.27747,-851.3287,-173.7478,5.2912054,0.044606347
1181.9107666015625,-846.5934204307281,-171.87159048419505,-842.38257,-169.17555,-850.8043,-174.56764,5.2818866,0.0
1182.9305419921875,-846.0437001409432,-172.73055091170323,-841.8027,-170.08223,-850.2847,-175.37886,5.2705913,5.7546124e-05
1183.9503173828125,-845.4939798511581,-173.5895113392114,-841.1755,-171.06947,-849.81244,-176.10954,5.24062,0.05045276
1184.968994140625,-844.9896633690842,-174.47461877169636,-840.6358,-172.01624,-849.34357,-176.93301,5.2264056,0.0040990408
1185.98779296875,-844.4890222797818,-175.36184277805313,-840.1189,-172.93246,-848.85913,-177.79123,5.2197556,5.773068e-05
1187.0064697265625,-843.9883811904792,-176.2490667844099,-839.56537,-173.91734,-848.41144,-178.5808,5.197544,0.030569948
1188.024658203125,-843.5159694422107,-177.15098847327795,-839.05176,-174.89914,-847.9802,-179.40283,5.179567,0.018675242
1189.04296875,-843.0608099053424,-178.06189257252086,-838.5806,-175.84196,-847.54095,-180.28181,5.1724296,5.7804114e-05
1190.061279296875,-842.605650368474,-178.97279667176375,-838.0832,-176.84036,-847.1281,-181.10522,5.152993,0.01781132
1191.079345703125,-842.1672065161441,-179.89160397919431,-837.5897,-177.8801,-846.74475,-181.9031,5.126416,0.03849518
1192.0980224609375,-841.7649044992601,-180.82749921677555,-837.17236,-178.85048,-846.3574,-182.80452,5.1188965,0.00011546869
1193.11669921875,-841.3626024823762,-181.76339445435676,-836.7419,-179.85326,-845.98334,-183.67354,5.1043777,0.00069284963
1194.1353759765625,-840.9609899945734,-182.69957350819033,-836.2769,-180.95053,-845.6451,-184.44861,5.0697556,0.060161162
1195.155029296875,-840.6171022362442,-183.65951256988444,-835.90924,-181.97559,-845.325,-185.34344,5.0558906,5.756873e-05
1196.1746826171875,-840.273214477915,-184.61945163157853,-835.5507,-182.97673,-844.99567,-186.26216,5.04715,0.0
1197.1943359375,-839.9293267195858,-185.5793906932726,-835.16,-184.07825,-844.69867,-187.08054,5.017322,0.043969195
1198.21533203125,-839.6283991081103,-186.55499384654686,-834.82874,-185.15387,-844.4281,-187.95612,4.9964185,0.018036773
1199.2374267578125,-839.3452437517228,-187.53707710409606,-834.5351,-186.17227,-844.15533,-188.90189,4.988858,5.716169e-05
1200.259521484375,-839.0620883953352,-188.5191603616453,-834.2266,-187.24692,-843.8975,-189.79141,4.969669,0.02073505
1201.2821044921875,-838.7996621820427,-189.50755219568566,-833.9366,-188.34564,-843.6628,-190.66946,4.9469147,0.030576702
1202.306396484375,-838.5679526472385,-190.50529214966068,-833.6968,-189.37747,-843.4391,-191.63312,4.9399114,5.6794124e-05
1203.3306884765625,-838.3362431124341,-191.5030321036358,-833.45184,-190.43417,-843.22064,-192.5719,4.9278255,0.00442937
1204.3551025390625,-838.1090834458307,-192.5019265523207,-833.19977,-191.55396,-843.0184,-193.44989,4.9031367,0.040828254
1205.3814697265625,-837.9235677086158,-193.51138783372545,-833.006,-192.6074,-842.8412,-194.41536,4.8941827,5.6451252e-05
1206.4078369140625,-837.7380519714011,-194.5208491151303,-832.8124,-193.6619,-842.6637,-195.37979,4.885034,0.000112902504
1207.4342041015625,-837.5525362341864,-195.53031039653504,-832.6054,-194.80502,-842.4997,-196.25558,4.8579583,0.041944124
1208.4625244140625,-837.4104839160299,-196.548797306739,-832.4523,-195.90347,-842.36865,-197.19412,4.841815,0.010931438
1209.49169921875,-837.2797039397293,-197.56962503539418,-832.3166,-196.96333,-842.24286,-198.17592,4.8339467,0.00011198217
1210.5208740234375,-837.148923963429,-198.5904527640494,-832.1727,-198.10323,-842.1251,-199.07768,4.8099895,0.028662292
1211.5516357421875,-837.0482264794439,-199.61622231925455,-832.06165,-199.2502,-842.0348,-199.98225,4.7856593,0.029770829
1212.5848388671875,-836.9788866640434,-200.64714318165625,-831.98956,-200.32072,-841.9682,-200.97356,4.777717,5.533025e-05
1213.6180419921875,-836.9095468486428,-201.67806404405792,-831.91547,-201.43466,-841.9036,-201.92148,4.7610884,0.010287555
1214.651611328125,-836.8511127402561,-202.7099323752447,-831.8521,-202.6103,-841.85016,-202.80956,4.732314,0.04490367
1215.687744140625,-836.8406633835036,-203.7459695378768,-831.8409,-203.6962,-841.8404,-203.79575,4.722345,0.00010975196
1216.723876953125,-836.8302140267509,-204.7820067005089,-831.8302,-204.77689,-841.8302,-204.78714,4.713414,5.4877255e-05
1217.760009765625,-836.8197646699984,-205.81804386314099,-831.8212,-205.93863,-841.8183,-205.69745,4.6882687,0.040595457
1218.79736328125,-836.8530473967312,-206.85491410245865,-831.85645,-207.04044,-841.8496,-206.6694,4.6752787,0.0055736164
1219.8350830078125,-836.8922512705394,-207.89189713698724,-831.89685,-208.1055,-841.8877,-207.67828,4.669656,5.4618322e-05
1220.872802734375,-836.9314551443476,-208.92888017151586,-831.9407,-209.23224,-841.92224,-208.62552,4.6516805,0.023463257
1221.90966796875,-836.9958255078471,-209.9637029449701,-832.0105,-210.34605,-841.9812,-209.58134,4.6358433,0.017202303
1222.9461669921875,-837.078697420713,-210.99693756777614,-832.09546,-211.40623,-842.0619,-210.58763,4.630437,5.4803564e-05
1223.982666015625,-837.161569333579,-212.03017219058228,-832.18353,-212.4986,-842.1396,-211.56174,4.618565,0.009769345
1225.0181884765625,-837.2547559194993,-213.06151053166147,-832.2858,-213.61818,-842.2237,-212.50484,4.6008224,0.026083158
1226.051513671875,-837.3755665232776,-214.08777038697468,-832.41,-214.67348,-842.3411,-213.50206,4.594978,5.5314682e-05
1227.0848388671875,-837.4963771270559,-215.11403024228787,-832.53326,-215.72018,-842.45953,-214.50787,4.5908585,5.5314682e-05
1228.1181640625,-837.6171877308338,-216.14029009760102,-832.6613,-216.80331,-842.57306,-215.47726,4.5793934,0.019502787
1229.14453125,-837.7576287806052,-217.157006076344,-832.80524,-217.8454,-842.71,-216.46863,4.574273,0.00062116067
1230.170654296875,-837.8987304861373,-218.1734008592752,-832.9477,-218.87132,-842.8498,-217.47548,4.572348,0.0
1231.19677734375,-838.0398321916693,-219.18979564220638,-833.0939,-219.92264,-842.98584,-218.45694,4.5652895,0.0100218225
1232.217529296875,-838.1905548365652,-220.1992954399166,-833.24866,-220.95917,-843.13245,-219.43942,4.5598226,0.005186594
1233.2354736328125,-838.3461676576208,-221.20529062221698,-833.40533,-221.97221,-843.28705,-220.43837,4.558396,0.00011572234
1234.25341796875,-838.5017804786764,-222.21128580451725,-833.56256,-222.98862,-843.441,-221.43396,4.5562887,0.0022670485
1235.2681884765625,-838.6591628408165,-223.21383353762315,-833.7222,-224.00522,-843.5961,-222.42245,4.553444,0.00394528
1236.2774658203125,-838.8197106772203,-224.21021424143737,-833.8835,-225.00641,-843.7559,-223.41403,4.5524697,5.9376067e-05
1237.2867431640625,-838.9802585136241,-225.20659494525154,-834.0437,-226.00032,-843.9169,-224.41286,4.552967,0.00017823308
1238.2955322265625,-839.1406706036307,-226.2025935271871,-834.2035,-226.99258,-844.0779,-225.4126,4.553725,0.0012614101
1239.29736328125,-839.2987107572987,-227.1919151822269,-834.3612,-227.98001,-844.2362,-226.40381,4.55411,6.0694594e-05
1240.2991943359375,-839.4567509109665,-228.18123683726668,-834.5198,-228.97275,-844.3937,-227.38974,4.553418,6.0693717e-05
1241.301025390625,-839.6147910646345,-229.17055849230647,-834.6792,-229.97038,-844.5504,-228.37074,4.551736,0.0024967252
1242.3006591796875,-839.7750733195796,-230.15729379128388,-834.8403,-230.96217,-844.7099,-229.3524,4.5507092,0.0009174675
1243.299560546875,-839.9361041542222,-231.14316557278406,-835.00195,-231.95207,-844.87024,-230.33424,4.5498924,0.0
1244.2984619140625,-840.0971349888647,-232.12903735428432,-835.1653,-232.95174,-845.02893,-231.30635,4.5471,0.0032419101
1245.298095703125,-840.2614405509133,-233.11505358015347,-835.33215,-233.9532,-845.1907,-232.2769,4.543963,0.004027825
1246.298583984375,-840.4298260330139,-234.10124976649095,-835.5012,-234.94313,-845.3584,-233.25938,4.5432096,0.0
1247.299072265625,-840.5982115151147,-235.08744595282843,-835.6651,-235.90271,-845.5313,-234.27219,4.548607,0.0025590486
1248.2998046875,-840.7641429638121,-236.07428285438112,-835.82367,-236.8436,-845.70465,-235.30496,4.5579123,0.015436763
1249.302001953125,-840.9151021153443,-237.0650288219591,-835.9722,-237.8187,-845.858,-236.31137,4.5610785,0.0
1250.30419921875,-841.0660612668765,-238.05577478953708,-836.1201,-238.78914,-846.01196,-237.3224,4.5651836,6.0637354e-05
1251.306396484375,-841.2170204184088,-239.04652075711508,-836.263,-239.72284,-846.1711,-238.37021,4.5767093,0.018825823
1252.3118896484375,-841.3497302073552,-240.04323412226847,-836.3917,-240.68974,-846.30774,-239.39671,4.582723,0.0035985103
1253.318115234375,-841.4788700783596,-241.0411148224217,-836.5173,-241.65953,-846.4405,-240.42271,4.5883913,0.0
1254.3243408203125,-841.608009949364,-242.03899552257496,-836.63574,-242.56465,-846.5803,-241.51335,4.6070633,0.023903295
1255.332275390625,-841.7133533794296,-243.04147511632462,-836.7326,-243.47977,-846.69415,-242.60318,4.624619,0.020854767
1256.34228515625,-841.7977589527023,-244.04800115448901,-836.8145,-244.45729,-846.78094,-243.63872,4.6304398,5.923063e-05
1257.352294921875,-841.8821645259753,-245.05452719265347,-836.8942,-245.40201,-846.87006,-244.70703,4.642834,0.009229196
1258.3631591796875,-841.9572887832197,-246.06258139088877,-836.96344,-246.31038,-846.9511,-245.81477,4.662807,0.031049874
1259.3773193359375,-842.0008999446599,-247.07582419110378,-837.00555,-247.29158,-846.9963,-246.86006,4.6692224,0.0
1260.3914794921875,-842.0445111061,-248.08906699131882,-837.0476,-248.26486,-847.0414,-247.91327,4.6772223,0.0
1261.4056396484375,-842.08812226754,-249.10230979153383,-837.0886,-249.17242,-847.08765,-249.0322,4.6983666,0.03577642
1262.421630859375,-842.0949858581873,-250.11827948212365,-837.09503,-250.14073,-847.0949,-250.09584,4.707901,0.002909001
1263.4378662109375,-842.0987872018595,-251.13447640982386,-837.0989,-251.11417,-847.09875,-251.15479,4.7164507,5.8161673e-05
1264.4541015625,-842.1025885455317,-252.15067333752407,-837.1051,-251.99242,-847.1001,-252.30894,4.7440486,0.037990868
1265.47021484375,-842.0671414446754,-253.16618658216842,-837.07446,-252.89534,-847.0598,-253.43703,4.7665834,0.023363532
1266.487060546875,-842.0074998640935,-254.18127837429333,-837.017,-253.8725,-846.998,-254.49005,4.774184,5.8052512e-05
1267.50390625,-841.9478582835113,-255.19637016641818,-836.96326,-254.80421,-846.9325,-255.58852,4.7908998,0.015560005
1268.5206298828125,-841.8722454164437,-256.2103365206796,-836.89813,-255.70244,-846.8464,-256.7182,4.8141413,0.033818863
1269.5382080078125,-841.7617731316967,-257.2218464598873,-836.791,-256.68192,-846.73254,-257.76175,4.8205833,5.793376e-05
1270.5557861328125,-841.6513008469498,-258.2333563990949,-836.6883,-257.62643,-846.6143,-258.8403,4.834073,0.00057933835
1271.5733642578125,-841.5402596972962,-259.2448038819828,-836.59937,-258.47852,-846.4812,-260.0111,4.866252,0.055970162
1272.592529296875,-841.3715569162574,-260.24992062932597,-836.44086,-259.42035,-846.3023,-261.07947,4.8790708,5.7655256e-05
1273.6116943359375,-841.2028541352188,-261.2550373766692,-836.2796,-260.38235,-846.12616,-262.12772,4.887825,0.0
1274.630859375,-841.0341513541803,-262.26015412401233,-836.1389,-261.2422,-845.92944,-263.27814,4.9174166,0.04352429
1275.652099609375,-840.8205949640327,-263.2587978773941,-835.9479,-262.1378,-845.69336,-264.3798,4.93851,0.018014923
1276.6748046875,-840.5883000696903,-264.2547374063689,-835.72205,-263.10602,-845.4546,-265.40344,4.9442043,5.706482e-05
1277.697509765625,-840.3560051753481,-265.2506769353437,-835.5024,-264.0498,-845.20966,-266.45154,4.9549336,0.011871552
1278.7200927734375,-840.1117243315244,-266.2436211916865,-835.2741,-264.9795,-844.9493,-267.50775,4.967988,0.017580422
1279.74267578125,-839.8495315787426,-267.23208928610535,-835.0171,-265.9486,-844.682,-268.51556,4.9719915,0.0
1280.765380859375,-839.5873388259606,-268.2205573805242,-834.76624,-266.89505,-844.40845,-269.54605,4.9806976,0.0030819508
1281.7879638671875,-839.3220086888176,-269.2081392486494,-834.525,-267.79794,-844.119,-270.61832,4.998303,0.029223783
1282.8106689453125,-839.0272907961926,-270.1874198700596,-834.2403,-268.74347,-843.8143,-271.63135,5.0053496,0.0
1283.8333740234375,-838.7325729035676,-271.16670049146984,-833.94763,-269.71588,-843.51746,-272.6175,5.006783,5.7064222e-05
1284.8560791015625,-838.4378550109427,-272.14598111288007,-833.6621,-270.66547,-843.2136,-273.62653,5.012999,0.009740252
1285.8759765625,-838.1342979653338,-273.1196877167522,-833.36426,-271.62073,-842.9043,-274.61865,5.016867,0.0025339092
1286.8951416015625,-837.8284198640141,-274.0919306503766,-833.0597,-272.58896,-842.59717,-275.59488,5.0177016,0.00011529209
1287.9144287109375,-837.5225417626947,-275.06417358400086,-832.7564,-273.55286,-842.28864,-276.5755,5.0194592,0.0021971883
1288.9315185546875,-837.2151143482617,-276.03376715021795,-832.4518,-274.51355,-841.9784,-277.55396,5.021317,0.0022691437
1289.946533203125,-836.9060587402915,-277.0005764613654,-832.1437,-275.4776,-841.66846,-278.52356,5.0219007,0.0
1290.9615478515625,-836.5970031323214,-277.9673857725129,-831.8356,-276.44135,-841.3584,-279.4934,5.022545,0.00046739297
1291.9759521484375,-836.2877317866424,-278.9334465281944,-831.5281,-277.4018,-841.04736,-280.4651,5.023726,0.0018205829
1292.9874267578125,-835.9774982585069,-279.8961687532984,-831.2191,-278.36063,-840.73584,-281.43173,5.024542,5.898105e-05
1293.9989013671875,-835.6672647303711,-280.8588909784023,-830.9044,-279.3372,-840.43005,-282.38058,5.0216327,0.00011796538
1295.0103759765625,-835.3570312022354,-281.8216132035063,-830.58386,-280.3327,-840.13025,-283.31055,5.014761,0.011434853
1296.018798828125,-835.0588122844431,-282.7849852097753,-830.28015,-281.3138,-839.8375,-284.25613,5.0110407,0.0016077477
1297.02685546875,-834.762251686906,-283.74844690228775,-829.983,-282.27924,-839.54156,-285.21765,5.01063,5.9578917e-05
1298.034912109375,-834.4656910893689,-284.7119085948002,-829.6847,-283.24832,-839.2467,-286.1755,5.00946,0.0016667717
1299.0435791015625,-834.1705397761552,-285.67642900599094,-829.388,-284.21783,-838.95306,-287.135,5.00841,0.0011887181
1300.052734375,-833.8764331859206,-286.641734260746,-829.093,-285.1859,-838.6598,-288.09753,5.007832,5.9397214e-05
1301.0618896484375,-833.5823265956858,-287.60703951550107,-828.79584,-286.16153,-838.36884,-289.05252,5.0056753,0.0018390933
1302.07177734375,-833.2897049078551,-288.57363907798316,-828.4987,-287.14313,-838.08075,-290.00415,5.0025473,0.004724818
1303.0838623046875,-833.0011011665536,-289.5437408633898,-828.209,-288.11697,-837.7932,-290.9705,5.0017643,5.8867307e-05
1304.095947265625,-832.7124974252521,-290.51384264879636,-827.9165,-289.10034,-837.50854,-291.92737,4.9990005,5.8867307e-05
1305.1080322265625,-832.4238936839505,-291.483944434203,-827.6185,-290.1025,-837.22925,-292.8654,4.9923196,0.011598226
1306.12353515625,-832.1457321434594,-292.4606148048633,-827.3364,-291.0929,-836.9551,-293.8283,4.989461,0.00034961704
1307.13916015625,-831.8679447829102,-293.4375205505075,-827.05597,-292.07913,-836.6799,-294.79593,4.9875245,5.825793e-05
1308.15478515625,-831.5901574223608,-294.41442629615165,-826.76953,-293.08707,-836.41077,-295.7418,4.981083,0.009117987
1309.172607421875,-831.3209352630771,-295.39597667324523,-826.49414,-294.09125,-836.1477,-296.70068,4.976391,0.004738806
1310.1915283203125,-831.0561064374892,-296.3799094130198,-826.2255,-295.08923,-835.88666,-297.6706,4.973482,5.7692792e-05
1311.21044921875,-830.791277611901,-297.3638421527943,-825.94763,-296.1232,-835.6349,-298.60446,4.9631352,0.010210894
1312.2294921875,-830.5366232180638,-298.350513512293,-825.67725,-297.17313,-835.396,-299.52792,4.9501023,0.018333908
1313.2489013671875,-830.3003314852808,-299.34212749138794,-825.43634,-298.18387,-835.16437,-300.5004,4.946164,0.0001152418
1314.268310546875,-830.0640397524982,-300.3337414704829,-825.1937,-299.2023,-834.9343,-301.46518,4.9406524,0.0012676064
1315.2877197265625,-829.8289287997667,-301.325637823452,-824.9449,-300.25516,-834.71295,-302.39615,4.9281588,0.021254398
1316.307373046875,-829.6153019771102,-302.3226719300897,-824.72626,-301.27515,-834.50433,-303.37018,4.923454,0.0
1317.3270263671875,-829.4016751544533,-303.3197060367275,-824.508,-302.29413,-834.29535,-304.34528,4.9189687,0.0
1318.3466796875,-829.1880483317968,-304.3167401433652,-824.2805,-303.3597,-834.0956,-305.27377,4.904982,0.021166954
1319.3651123046875,-828.9962425294451,-305.31699510334965,-824.08014,-304.4047,-833.9123,-306.22928,4.8958764,0.007224919
1320.38330078125,-828.8118014220779,-306.31833711619214,-823.8921,-305.42596,-833.73157,-307.2107,4.8918242,5.7823196e-05
1321.4014892578125,-828.6273603147109,-307.31967912903457,-823.6974,-306.48608,-833.5574,-308.15326,4.87989,0.0136062885
1322.4188232421875,-828.4569980651686,-308.32259967916883,-823.5164,-307.55396,-833.3975,-309.09125,4.8667316,0.017356751
1323.435302734375,-828.3043215654819,-309.327503175365,-823.36053,-308.58,-833.2481,-310.07504,4.8624578,5.8123635e-05
1324.45166015625,-828.1516450657949,-310.33240667156116,-823.19934,-309.6435,-833.104,-311.0213,4.8506117,0.005699667
1325.4676513671875,-828.0049276929,-311.33776986014095,-823.0387,-310.7579,-832.9712,-311.91763,4.8286214,0.035893053
1326.4818115234375,-827.8951879807622,-312.34598553862594,-822.92444,-311.80582,-832.86597,-312.88614,4.8206334,0.0
1327.4959716796875,-827.7854482686241,-313.35420121711087,-822.8114,-312.8458,-832.7595,-313.86258,4.8142414,0.0
1328.5101318359375,-827.6757085564861,-314.36241689559586,-822.6929,-313.9484,-832.65857,-314.77646,4.79529,0.0305939
1329.523193359375,-827.5973125589352,-315.37248672805646,-822.61035,-315.01144,-832.5842,-315.73355,4.7846656,0.0062227487
1330.5362548828125,-827.5251393798396,-316.38292467462634,-822.53656,-316.04565,-832.51373,-316.7202,4.7798934,0.00011742676
1331.54931640625,-827.452966200744,-317.3933626211963,-822.4599,-317.12936,-832.446,-317.65738,4.765217,0.018687598
1332.561767578125,-827.3999881460878,-318.4044186899403,-822.40375,-318.21057,-832.3962,-318.59827,4.7511697,0.016590979
1333.573974609375,-827.3640379397615,-319.4160230901455,-822.36694,-319.2441,-832.3611,-319.58792,4.746775,0.0
1334.586181640625,-827.3280877334348,-320.4276274903507,-822.3299,-320.2914,-832.32623,-320.5638,4.739634,0.0053556985
1335.598388671875,-827.2975864898016,-321.4393287994532,-822.2982,-321.36182,-832.297,-321.51685,4.727894,0.018308127
1336.6104736328125,-827.2858023983323,-322.45136299000154,-822.2862,-322.3905,-832.28546,-322.5122,4.724558,0.0
1337.62255859375,-827.2740183068634,-323.46339718054986,-822.2741,-323.44278,-832.274,-323.48404,4.716518,0.00011774144
1338.6346435546875,-827.2622342153941,-324.4754313710982,-822.2629,-324.55692,-832.26154,-324.39395,4.6960936,0.034592524
1339.6461181640625,-827.2857776654896,-325.4867027227443,-822.2875,-325.61707,-832.28406,-325.35632,4.6863112,0.0029484779
1340.65771484375,-827.3123495847794,-326.4979086796867,-822.3147,-326.6505,-832.31006,-326.34528,4.6818633,5.896569e-05
1341.6693115234375,-827.338921504069,-327.509114636629,-822.34406,-327.73608,-832.3338,-327.28217,4.666979,0.020650923
1342.680419921875,-827.3865748358845,-328.51915347133735,-822.3949,-328.8073,-832.3783,-328.23102,4.654726,0.012752565
1343.6915283203125,-827.4473361451265,-329.5284666140702,-822.4569,-329.8375,-832.43774,-329.21945,4.650545,0.0
1344.70263671875,-827.5080974543687,-330.5377797568032,-822.52075,-330.89316,-832.4955,-330.1824,4.6412544,0.008623319
1345.7135009765625,-827.5776311836472,-331.5462748124468,-822.59534,-331.9663,-832.55994,-331.12622,4.6282825,0.019092714
1346.72412109375,-827.6664938614402,-332.5529673138164,-822.6858,-332.99152,-832.6472,-332.11444,4.6245666,5.9132315e-05
1347.7347412109375,-827.7553565392334,-333.55965981518585,-822.7776,-334.03024,-832.73315,-333.08908,4.61813,0.00023654495
1348.745361328125,-827.8444358477021,-334.5663258755243,-822.8746,-335.11478,-832.8143,-334.01785,4.6024776,0.027522111
1349.7554931640625,-827.9613077512099,-335.56959968833627,-822.9949,-336.14792,-832.92773,-334.9913,4.5964704,0.0
1350.7655029296875,-828.0781796547176,-336.5728735011484,-823.1154,-337.18173,-833.04095,-335.96402,4.5903144,0.0
1351.7755126953125,-828.1950515582255,-337.5761473139605,-823.2453,-338.28317,-833.14484,-336.8691,4.5705066,0.029333357
1352.7852783203125,-828.3416063801856,-338.57526439650593,-823.40234,-339.35217,-833.2809,-337.79834,4.5563755,0.012444664
1353.7952880859375,-828.5006836079434,-339.5726278690324,-823.5649,-340.37134,-833.43646,-338.77393,4.5519605,0.00011849132
1354.8052978515625,-828.659760835701,-340.569991341559,-823.732,-341.41678,-833.5876,-339.72318,4.5422087,0.010608877
1355.8150634765625,-828.8295699168856,-341.56532865528663,-823.9121,-342.47003,-833.7471,-340.66064,4.530445,0.016189985
1356.8245849609375,-829.0155533493129,-342.55761227429997,-824.1014,-343.47995,-833.92975,-341.63528,4.5268626,5.931825e-05
1357.8341064453125,-829.2015367817401,-343.54989589331325,-824.2955,-344.51465,-834.1076,-342.58514,4.5182185,0.003084566
1358.8436279296875,-829.3905854197649,-344.541584810355,-824.50214,-345.5919,-834.279,-343.4913,4.5007534,0.029352184
1359.853515625,-829.6090305307005,-345.5275703121327,-824.7277,-346.61066,-834.4903,-344.44446,4.4940357,5.926024e-05
1360.8634033203125,-829.8274756416362,-346.5135558139104,-824.95026,-347.61484,-834.70465,-345.41226,4.49031,5.925762e-05
1361.873291015625,-830.0459207525716,-347.49954131568813,-825.1824,-348.65985,-834.9094,-346.33923,4.4781933,0.01913679
1362.88330078125,-830.2833349561417,-348.4813039447029,-825.4283,-349.67654,-835.13837,-347.28604,4.4709983,0.0050336276
1363.8934326171875,-830.5257919093765,-349.4619439638691,-825.67566,-350.67688,-835.376,-348.247,4.4669437,5.9208254e-05
1364.903564453125,-830.7682488626115,-350.4425839830352,-825.934,-351.71933,-835.6025,-349.16586,4.454181,0.015623358
1365.9140625,-831.0260948741897,-351.4196811190413,-826.2089,-352.7593,-835.8433,-350.08005,4.441152,0.016367355
1366.92529296875,-831.3002457230733,-352.39302454041274,-826.4888,-353.7531,-836.1117,-351.03296,4.4369044,5.9027454e-05
1367.9365234375,-831.5743965719571,-353.36636796178425,-826.775,-354.7685,-836.3738,-351.96423,4.4281535,0.0053710295
1368.94775390625,-831.853887763669,-354.33826075102365,-827.0765,-355.81354,-836.6313,-352.86298,4.412873,0.024468524
1369.959716796875,-832.1575242982842,-355.3035947833852,-827.388,-356.80417,-836.92706,-353.803,4.4075747,5.8896047e-05
1370.9716796875,-832.4611608328992,-356.26892881574673,-827.6988,-357.79196,-837.2236,-354.74588,4.4028645,0.0
1371.983642578125,-832.7647973675142,-357.2342628481083,-828.0232,-358.82092,-837.50635,-355.64758,4.389474,0.022146154
1372.99560546875,-833.0899637014504,-358.19256993506514,-828.3598,-359.8129,-837.8201,-356.57224,4.3823614,0.0030033134
1374.0076904296875,-833.4181585647424,-359.1498885636474,-828.6911,-360.7793,-838.1452,-357.5205,4.380449,5.8887348e-05
1375.0196533203125,-833.7463534280345,-360.1072071922296,-829.02905,-361.76474,-838.4636,-358.44968,4.37449,0.0079601435
1376.03076171875,-834.0819721860386,-361.06104851048593,-829.3735,-362.74326,-838.79047,-359.3788,4.3692484,0.006026805
1377.0413818359375,-834.4231403555559,-362.0122905157527,-829.71814,-363.70422,-839.1282,-360.32037,4.367188,5.9139173e-05
1378.0518798828125,-834.7643085250733,-362.9635325210195,-830.0696,-364.68396,-839.459,-361.2431,4.361123,0.005029213
1379.0621337890625,-835.1101290828404,-363.9127878672473,-830.431,-365.6752,-839.7892,-362.15036,4.3521643,0.0135086505
1380.07177734375,-835.4686693849167,-364.8566116386266,-830.7947,-366.6325,-840.1427,-363.0807,4.349282,5.930303e-05
1381.0814208984375,-835.8272096869927,-365.80043541000595,-831.1575,-367.58746,-840.49695,-364.01343,4.3469024,0.0
1382.091064453125,-836.1857499890688,-366.74425918138513,-831.52765,-368.56155,-840.8438,-364.92697,4.3404136,0.011296531
1383.0989990234375,-836.5543371203738,-367.68239455168714,-831.9016,-369.5133,-841.20703,-365.8515,4.337486,0.00041727116
1384.1068115234375,-836.9233062464865,-368.6203136408494,-832.27234,-370.45578,-841.5742,-366.78482,4.3365026,0.0
1385.11474609375,-837.2922753725993,-369.5582327300116,-832.648,-371.41043,-841.9366,-367.70602,4.332908,0.005136987
1386.1212158203125,-837.6656534800344,-370.4929576418247,-833.02637,-372.35764,-842.30493,-368.62827,4.330217,0.002756081
1387.1270751953125,-838.041313678375,-371.4260292458679,-833.4047,-373.29736,-842.6779,-369.5547,4.3287807,0.0
1388.1329345703125,-838.4169738767156,-372.3591008499111,-833.78937,-374.25253,-843.0446,-370.46567,4.3240147,0.004741794
1389.1383056640625,-838.7968885017473,-373.28989972591097,-834.18085,-375.21146,-843.4129,-371.36832,4.317921,0.00872107
1390.142822265625,-839.1845499495861,-374.216560224941,-834.5725,-376.14752,-843.79663,-372.28558,4.3158884,6.0220857e-05
1391.1473388671875,-839.5722113974247,-375.1432207239709,-834.95917,-377.07187,-844.18524,-373.21457,4.316389,0.0
1392.1517333984375,-839.9597828168509,-376.06977838110356,-835.3458,-377.99628,-844.5737,-374.14325,4.3168554,0.00084653805
1393.1536865234375,-840.3456459387432,-376.99438460363217,-835.7311,-378.91946,-844.9602,-375.0693,4.317165,6.0689985e-05
1394.155517578125,-840.7315090606357,-377.9189908261607,-836.1185,-379.84787,-845.3445,-375.99008,4.316338,0.0
1395.157470703125,-841.1173721825281,-378.8435970486892,-836.50854,-380.78238,-845.7262,-376.90482,4.3141956,0.0032838713
1396.157958984375,-841.5057772525117,-379.76566969082387,-836.8997,-381.71097,-846.1119,-377.82034,4.3127728,0.0010366393
1397.1580810546875,-841.8950495204708,-380.6868779896635,-837.2897,-382.63388,-846.50037,-378.7399,4.312412,6.102042e-05
1398.158203125,-842.2843217884301,-381.60808628850316,-837.6803,-383.55823,-846.8883,-379.65796,4.311731,0.00079417694
1399.157470703125,-842.6740287635946,-382.5282753477597,-838.0715,-384.48196,-847.27655,-380.57462,4.310959,0.0009800266
1400.15576171875,-843.0642863382474,-383.44717343970365,-838.46216,-385.40186,-847.6664,-381.4925,4.310741,6.134313e-05
1401.154052734375,-843.4545439128998,-384.3660715316476,-838.8519,-386.3195,-848.0571,-382.41263,4.3110123,6.1357496e-05
1402.1522216796875,-843.8446215266192,-385.28483780233654,-839.24115,-387.2363,-848.44806,-383.3334,4.31144,0.0006763541
1403.149169921875,-844.2335631494909,-386.2027719605403,-839.63025,-388.1545,-848.8369,-384.251,4.3113766,6.1601444e-05
1404.1461181640625,-844.6225047723626,-387.120706118744,-840.01544,-389.0636,-849.22955,-385.1778,4.3132963,6.159885e-05
1405.14306640625,-845.0114463952343,-388.0386402769478,-840.39496,-389.95905,-849.628,-386.11823,4.318175,0.008017674
1406.13916015625,-845.3927723162705,-388.95890126727204,-840.7707,-390.86584,-850.01483,-387.05194,4.32109,0.001544035
1407.1351318359375,-845.7725639391236,-389.87963103307766,-841.1506,-391.78674,-850.3946,-387.97253,4.321056,6.1776256e-05
1408.131103515625,-846.1523555619767,-390.8003607988834,-841.53174,-392.7108,-850.77295,-388.88992,4.3203373,0.00086498115
1409.1270751953125,-846.532896795287,-391.7207144285908,-841.9135,-393.6342,-851.1523,-389.80722,4.3196754,0.00067971915
1410.1229248046875,-846.9141084553983,-392.6407316546117,-842.29486,-394.55444,-851.5334,-390.727,4.3196216,6.1795e-05
1411.1187744140625,-847.2953201155094,-393.5607488806328,-842.6742,-395.47,-851.9165,-391.65152,4.320596,0.0006796664
1412.11474609375,-847.6759594667601,-394.4811028994465,-843.05206,-396.38367,-852.29987,-392.57855,4.3220377,0.002284857
1413.1109619140625,-848.0546098252144,-395.40262740238995,-843.43,-397.30334,-852.67926,-393.5019,4.322435,0.0
1414.1072998046875,-848.4332601836686,-396.32415190533334,-843.8063,-398.21912,-853.0603,-394.4292,4.3236837,6.172191e-05
1415.103515625,-848.8119105421229,-397.2456764082768,-844.17914,-399.12646,-853.44464,-395.36487,4.3267393,0.005236735
1416.10107421875,-849.1861831761167,-398.1703214106776,-844.5504,-400.04382,-853.8219,-396.2968,4.328317,0.0004303572
1417.0987548828125,-849.5600700033048,-399.09524142123365,-844.9248,-400.96988,-854.1953,-397.2206,4.3280716,0.0
1418.096435546875,-849.9339568304928,-400.02016143178975,-845.29987,-401.89777,-854.56805,-398.14258,4.327432,0.00085926923
1419.0950927734375,-850.3090359293121,-400.9457067744763,-845.67584,-402.8255,-854.9422,-399.06592,4.3269567,0.00061222893
1420.0943603515625,-850.6848627598853,-401.87164429347445,-846.0524,-403.75327,-855.3173,-399.99002,4.326565,6.116382e-05
1421.0936279296875,-851.0606895904585,-402.7975818124725,-846.4317,-404.68768,-855.68964,-400.90747,4.32473,0.001650445
1422.0933837890625,-851.4381798195836,-403.7232526686847,-846.8139,-405.62485,-856.06244,-401.8217,4.322252,0.00366086
1423.0938720703125,-851.8193701053023,-404.6483303613417,-847.1967,-406.5538,-856.4421,-402.74283,4.321406,6.093885e-05
1424.0943603515625,-852.200560391021,-405.57340805399866,-847.57733,-407.47757,-856.8238,-403.66922,4.321688,0.0
1425.094970703125,-852.5817493966821,-406.4984921006274,-847.9579,-408.40118,-857.20557,-404.59583,4.322016,0.0005476453
1426.096435546875,-852.9627150845331,-407.4246846560581,-848.33844,-409.32626,-857.587,-405.5231,4.322248,0.0
1427.097900390625,-853.3436807723841,-408.3508772114889,-848.7207,-410.25555,-857.9667,-406.44623,4.3215847,6.076326e-05
1428.099365234375,-853.7246464602352,-409.2770697669196,-849.10516,-411.19016,-858.3442,-407.36398,4.3197594,0.0027332513
1429.1011962890625,-854.1082823167327,-410.20249464782603,-849.4911,-412.1213,-858.72546,-408.28366,4.318522,0.001274639
1430.1031494140625,-854.4930556609611,-411.1275925005673,-849.8776,-413.0506,-859.10846,-409.2046,4.3176146,0.0
1431.1051025390625,-854.8778290051891,-412.0526903533086,-850.26855,-413.99048,-859.48706,-410.11493,4.314413,0.0033974543
1432.107177734375,-855.2658347943849,-412.9766284213304,-850.664,-414.93198,-859.8676,-411.02127,4.310591,0.005153208
1433.109619140625,-855.6587538726019,-413.89880362638394,-851.0594,-415.8599,-860.2581,-411.9377,4.3093495,0.0
1434.112060546875,-856.0516729508191,-414.82097883143734,-851.44696,-416.7694,-860.65643,-412.87256,4.3121014,0.00084831606
1435.114501953125,-856.4438255857604,-415.74352929677696,-851.8296,-417.66925,-861.0581,-413.8178,4.317022,0.008295255
1436.117431640625,-856.8284489638448,-416.6697661811522,-852.21027,-418.58618,-861.4466,-414.75336,4.3190403,6.0503833e-05
1437.120361328125,-857.2130723419294,-417.59600306552744,-852.59515,-419.51303,-861.831,-415.679,4.3189106,0.0
1438.123291015625,-857.597695720014,-418.5222399499028,-852.9791,-420.43762,-862.2163,-416.60687,4.3192654,0.0006045833
1439.126708984375,-857.9820167792261,-419.4491631674356,-853.36285,-421.36313,-862.60114,-417.5352,4.3195705,0.00012079432
1440.13037109375,-858.366256481583,-420.37627108368355,-853.74835,-422.29333,-862.9842,-418.45923,4.318903,0.0
1441.1339111328125,-858.75049618394,-421.30337899993145,-854.13763,-423.23257,-863.36334,-419.37418,4.31627,0.0032575435
1442.13818359375,-859.1379437113677,-422.2299026334928,-854.53033,-424.17157,-863.74554,-420.2882,4.3135605,0.003370788
1443.1431884765625,-859.528817760817,-423.15580215026245,-854.9226,-425.1007,-864.135,-421.21088,4.3128633,6.012419e-05
1444.148193359375,-859.9196918102665,-424.081701667032,-855.31195,-426.02307,-864.5274,-422.14032,4.313632,0.0004206641
1445.153564453125,-860.3103305600866,-425.0080548293701,-855.7005,-426.94443,-864.9201,-423.0717,4.314715,0.0017379831
1446.160400390625,-860.6998906848746,-425.93648752522785,-856.0896,-427.8717,-865.3102,-424.00128,4.3149643,5.9795642e-05
1447.167236328125,-861.0894508096629,-426.86492022108547,-856.4763,-428.7934,-865.70264,-424.93646,4.31643,0.000119595476
1448.174072265625,-861.4790109344509,-427.79335291694315,-856.8589,-429.70508,-866.0991,-425.88165,4.320059,0.0059640766
1449.1827392578125,-861.8635988645584,-428.72580801877245,-857.2398,-430.62866,-866.48737,-426.82294,4.3219733,0.0007729063
1450.191650390625,-862.2474741761694,-429.65883961470155,-857.6225,-431.55875,-866.8725,-427.75894,4.3226156,5.9431597e-05
1451.2005615234375,-862.6313494877803,-430.59187121063076,-858.0026,-432.48264,-867.2601,-428.70108,4.324589,0.002608792
1452.2110595703125,-863.0133408666695,-431.527402672076,-858.3815,-433.4104,-867.64526,-429.6444,4.3262672,0.0020074588
1453.2227783203125,-863.3939122441338,-432.46481839008345,-858.76,-434.34286,-868.02783,-430.58676,4.3273306,5.894034e-05
1454.2344970703125,-863.7744836215984,-433.4022341080909,-859.1316,-435.25787,-868.41736,-431.54657,4.3321657,0.003768585
1455.246826171875,-864.151609055958,-434.3417141325575,-859.4957,-436.16455,-868.8075,-432.51886,4.33922,0.010678187
1456.260986328125,-864.5192146767538,-435.2868970406846,-859.8596,-437.10016,-869.17883,-433.47363,4.3412766,0.0
1457.275146484375,-864.8868202975494,-436.2320799488119,-860.22034,-438.0276,-869.55334,-434.43658,4.3450885,5.851367e-05
1458.289306640625,-865.2544259183454,-437.1772628569391,-860.57104,-438.92825,-869.93787,-435.4263,4.3546076,0.01638471
1459.305908203125,-865.6071404924338,-438.1306923187053,-860.917,-439.86353,-870.29724,-436.3979,4.3584814,0.00063901243
1460.322509765625,-865.9592561682055,-439.0844534460145,-861.26184,-440.79752,-870.6566,-437.37137,4.362689,0.000116159106
1461.3392333984375,-866.3113718439776,-440.03821457332367,-861.5912,-441.68738,-871.0316,-438.38904,4.3762593,0.01931685
1462.3568115234375,-866.6450446443332,-440.9994769599004,-861.90826,-442.60043,-871.3818,-439.39853,4.38646,0.009956356
1463.3748779296875,-866.9690846998245,-441.96465726681515,-862.2253,-443.54468,-871.7128,-440.38464,4.3908777,5.7832156e-05
1464.39306640625,-867.2931247553156,-442.92983757372997,-862.5292,-444.44797,-872.0571,-441.4117,4.403895,0.012894278
1465.411376953125,-867.6046097770562,-443.89927824349513,-862.81604,-445.3379,-872.3932,-442.4607,4.4205465,0.023507386
1466.4302978515625,-867.8930290488399,-444.87654593039,-863.0975,-446.29175,-872.68854,-443.46136,4.42543,0.0
1467.44921875,-868.1814483206233,-445.8538136172849,-863.3733,-447.22546,-872.9896,-444.48218,4.434499,0.0017308105
1468.4681396484375,-868.468131579064,-446.8315982559822,-863.6331,-448.1055,-873.30316,-445.5577,4.45477,0.034581568
1469.4879150390625,-868.7204045498809,-447.81962962479696,-863.8754,-449.05496,-873.56537,-446.58432,4.462737,5.7562804e-05
1470.507568359375,-868.9726775206981,-448.8076609936119,-864.1219,-450.02014,-873.8234,-447.59515,4.4674506,5.7561527e-05
1471.52734375,-869.224950491515,-449.7956923624266,-864.35565,-450.93124,-874.0943,-448.66013,4.4832797,0.023921808
1472.5477294921875,-869.4532298481093,-450.79024950299095,-864.5725,-451.8759,-874.334,-449.70462,4.493521,0.008210114
1473.5684814453125,-869.6732356040148,-451.7870568935236,-864.78687,-452.84717,-874.5596,-450.72693,4.4987445,0.0
1474.58935546875,-869.89324135992,-452.78386428405616,-864.9904,-453.7649,-874.7961,-451.80286,4.514905,0.018305123
1475.610107421875,-870.0946380469045,-453.7845865920727,-865.1751,-454.67773,-875.0142,-452.89142,4.5327964,0.023281699
1476.63134765625,-870.2722690673818,-454.79030864638065,-865.3477,-455.65573,-875.19684,-453.9249,4.538428,0.0
1477.652587890625,-870.4499000878591,-455.79603070068856,-865.51624,-456.60782,-875.38354,-454.98422,4.549305,0.005270873
1478.6739501953125,-870.62213805167,-456.8027544410975,-865.6727,-457.5122,-875.57153,-456.09332,4.570023,0.03363386
1479.6964111328125,-870.7597370328491,-457.8159118961133,-865.80536,-458.4896,-875.7142,-457.14224,4.5772424,0.000114203045
1480.7188720703125,-870.897336014028,-458.82906935112914,-865.93726,-459.4598,-875.8574,-458.19833,4.585906,5.7102217e-05
1481.7413330078125,-871.0349349952069,-459.84222680614494,-866.0609,-460.35132,-876.0089,-459.33313,4.610393,0.039029527
1482.764404296875,-871.1320248473752,-460.8606834001859,-866.15137,-461.30026,-876.1127,-460.4211,4.624361,0.008032935
1483.787841796875,-871.2208342379637,-461.88022318999464,-866.23804,-462.29453,-876.2036,-461.4659,4.6294303,5.6944842e-05
1484.811279296875,-871.3096436285524,-462.89976297980337,-866.3212,-463.2398,-876.29803,-462.5597,4.644326,0.018830886
1485.8353271484375,-871.3788561653182,-463.9214660722125,-866.38605,-464.19025,-876.37164,-463.6527,4.658611,0.016914697
1486.8602294921875,-871.4303982622597,-464.94511980980025,-866.4364,-465.18912,-876.42444,-464.70114,4.6635723,5.668584e-05
1487.8851318359375,-871.4819403592014,-465.9687735473879,-866.48535,-466.1529,-876.4785,-465.78467,4.6755605,0.008444171
1488.9102783203125,-871.5245853416588,-466.9930062061768,-866.5254,-467.08038,-876.5238,-466.90564,4.694916,0.029752197
1489.9366455078125,-871.5359434797149,-468.019274650565,-866.53625,-468.07587,-876.53564,-467.9627,4.701074,5.6458277e-05
1490.9630126953125,-871.5473016177712,-469.0455430949533,-866.5473,-469.0591,-876.5473,-469.03195,4.709674,0.0
1491.9893798828125,-871.5586597558274,-470.0718115393415,-866.55963,-469.97235,-876.5577,-470.17126,4.7322826,0.037614796
1493.0166015625,-871.530335201556,-471.09862870842124,-866.5327,-470.9452,-876.52795,-471.25208,4.7430816,0.0033217114
1494.0439453125,-871.4984176061232,-472.125495561388,-866.5017,-471.94333,-876.4951,-472.30765,4.7488294,0.0
1495.0712890625,-871.4665000106903,-473.1523624143547,-866.4741,-472.87582,-876.45886,-473.42892,4.767725,0.025719007
1496.0987548828125,-871.4074891733866,-474.1782023533751,-866.42004,-473.82376,-876.3949,-474.53262,4.783333,0.016135674
1497.1268310546875,-871.3313403858042,-475.2033927134253,-866.34595,-474.82187,-876.3168,-475.58493,4.788772,5.6179855e-05
1498.15478515625,-871.2551915982218,-476.22858307347553,-866.2749,-475.78467,-876.2355,-476.6725,4.8012886,0.011236043
1499.182861328125,-871.1671597106567,-477.2528408754031,-866.1955,-476.72168,-876.13885,-477.784,4.8188205,0.025317822
1500.21142578125,-871.0524420398331,-478.2750044389609,-866.0836,-477.71735,-876.02124,-478.83264,4.8241487,0.0
1501.239990234375,-870.9377243690091,-479.29716800251873,-865.97235,-478.70993,-875.90314,-479.88443,4.8301125,0.00016825515
1502.2685546875,-870.8229055515684,-480.3193212690776,-865.86694,-479.65707,-875.7788,-480.9816,4.845231,0.02605797
1503.2977294921875,-870.6805853776608,-481.33867482322125,-865.72845,-480.64838,-875.63275,-482.029,4.850892,5.5980752e-05
1504.3270263671875,-870.5382652037531,-482.358028377365,-865.59125,-481.63223,-875.4853,-483.08383,4.858064,0.0
1505.3563232421875,-870.3959450298455,-483.37738193150864,-865.4666,-482.5398,-875.32526,-484.21497,4.8806973,0.032862585
1506.3856201171875,-870.2192477236986,-484.39139500970714,-865.3039,-483.4751,-875.1346,-485.30768,4.896691,0.014153224
1507.415283203125,-870.0277631465058,-485.4031108903161,-865.1186,-484.45453,-874.93695,-486.35168,4.9032598,5.590841e-05
1508.4449462890625,-869.8362785693132,-486.4148267709252,-864.9452,-485.3771,-874.7274,-487.45255,4.921454,0.019240914
1509.474365234375,-869.6249593452176,-487.42230602212936,-864.75757,-486.27823,-874.4923,-488.56638,4.94325,0.029363802
1510.504150390625,-869.3832339904088,-488.42329060226155,-864.5237,-487.24655,-874.2428,-489.6,4.9499617,0.0
1511.533935546875,-869.1415086356002,-489.4242751823937,-864.29346,-488.201,-873.9895,-490.64758,4.959555,0.003298137
1512.5635986328125,-868.8963763989805,-490.42435179607355,-864.07404,-489.1032,-873.7187,-491.74548,4.979792,0.03349968
1513.5931396484375,-868.6169457361871,-491.41528755249425,-863.80493,-490.0572,-873.42896,-492.77338,4.987464,5.5924625e-05
1514.6226806640625,-868.3375150733939,-492.40622330891495,-863.53296,-491.02203,-873.1421,-493.7904,4.992887,5.5924625e-05
1515.6522216796875,-868.0580844106005,-493.3971590653356,-863.2777,-491.93158,-872.8385,-494.86273,5.0098753,0.02617843
1516.6817626953125,-867.7521100625196,-494.3801180819437,-862.98706,-492.86542,-872.5172,-495.89484,5.020164,0.0071593006
1517.7113037109375,-867.4389053355957,-495.3609042709976,-862.6816,-493.82214,-872.1962,-496.89966,5.025217,5.5922064e-05
1518.740966796875,-867.1257006086718,-496.3416904600517,-862.3926,-494.7299,-871.85876,-497.95352,5.0406146,0.018233823
1519.7705078125,-866.7941251267274,-497.31635392444554,-862.0872,-495.62967,-871.50104,-499.00302,5.0564733,0.01973643
1520.8004150390625,-866.4427658666555,-498.2844237226516,-861.74475,-496.57312,-871.14075,-499.99573,5.061711,0.000111755515
1521.830322265625,-866.0914066065835,-499.25249352085774,-861.4144,-497.48453,-870.76843,-501.02048,5.0737977,0.0072094295
1522.860107421875,-865.732954045514,-500.21786250781014,-861.09436,-498.35156,-870.3716,-502.08417,5.094912,0.03319044
1523.89013671875,-865.3415301848722,-501.17067750093526,-860.7167,-499.27057,-869.96643,-503.0708,5.1022105,0.0
1524.920166015625,-864.9501063242302,-502.12349249406054,-860.339,-500.19028,-869.5613,-504.05673,5.109382,5.584248e-05
1525.9501953125,-864.5586824635884,-503.0763074871857,-859.9872,-501.051,-869.1301,-505.1016,5.1294312,0.032394655
1526.980224609375,-864.1355809036697,-504.01543414069795,-859.58575,-501.942,-868.68536,-506.0889,5.1399918,0.0048023057
1528.0103759765625,-863.7078548132587,-504.9525624753494,-859.16656,-502.8604,-868.2491,-507.04474,5.1441083,0.0
1529.0404052734375,-863.2801287228477,-505.88969081000096,-858.7664,-503.7388,-867.7939,-508.04056,5.1570773,0.016977921
1530.0704345703125,-862.836196055345,-506.819121984906,-858.3475,-504.61658,-867.3249,-509.02167,5.1685557,0.012788236
1531.1005859375,-862.379945996236,-507.74270313174407,-857.90094,-505.5204,-866.85895,-509.96503,5.1729665,5.583527e-05
1532.1307373046875,-861.9236959371269,-508.66628427858217,-857.47253,-506.38873,-866.3749,-510.94385,5.1853356,0.009885682
1533.16064453125,-861.4582067627383,-509.58501631438514,-857.0498,-507.2258,-865.8666,-511.94424,5.2037683,0.027434256
1534.1905517578125,-860.966925247399,-510.49021134785175,-856.57184,-508.1063,-865.362,-512.87415,5.2093797,0.0
1535.220458984375,-860.4756437320596,-511.3954063813183,-856.10004,-508.97586,-864.85126,-513.815,5.217508,0.0
1536.2503662109375,-859.98436221672,-512.3006014147849,-855.6599,-509.79077,-864.30884,-514.8104,5.23826,0.03523475
1537.2796630859375,-859.4609411504518,-513.1869172093805,-855.159,-510.63867,-863.7629,-515.7351,5.247159,0.0015109815
1538.30908203125,-858.9361565552987,-514.0724320473108,-854.65155,-511.49524,-863.22076,-516.64966,5.253913,0.0
1539.33837890625,-858.4113719601453,-514.9579468852412,-854.1851,-512.2861,-862.63763,-517.6298,5.2761536,0.031205172
1540.3670654296875,-857.8587873538353,-515.825616296955,-853.6788,-513.082,-862.03876,-518.5693,5.2932324,0.016370676
1541.3958740234375,-857.2915512495512,-516.6838805963979,-853.1282,-513.91516,-861.45496,-519.45264,5.299253,5.6054756e-05
1542.4246826171875,-856.724315145267,-517.5421448958408,-852.6011,-514.7139,-860.84753,-520.3704,5.313616,0.01407989
1543.4530029296875,-856.1449598715698,-518.3917005816726,-852.0753,-515.4869,-860.2146,-521.2966,5.3323126,0.026118143
1544.48095703125,-855.5431399375301,-519.2251135732197,-851.48975,-516.29767,-859.59656,-522.1525,5.337874,0.0
1545.5089111328125,-854.9413200034908,-520.0585265647665,-850.91595,-517.0927,-858.96674,-523.02435,5.347378,0.0017979547
1546.536865234375,-854.3380389414668,-520.8908071270564,-850.3771,-517.8394,-858.29895,-523.9422,5.3688064,0.03622316
1547.564208984375,-853.7044501640374,-521.6995980676248,-849.7687,-518.61584,-857.64026,-524.7833,5.3770013,5.6281977e-05
1548.5916748046875,-853.0708613866083,-522.508389008193,-849.157,-519.3968,-856.98474,-525.61993,5.3840804,0.0
1549.619140625,-852.4372726091791,-523.3171799487615,-848.5941,-520.1188,-856.2804,-526.5156,5.4064846,0.03358076
1550.6458740234375,-851.7766055404622,-524.1031162013434,-847.98114,-520.8482,-855.5721,-527.358,5.4212594,0.011672596
1551.6727294921875,-851.1065012676966,-524.881087241065,-847.3308,-521.6033,-854.8822,-528.15894,5.4273167,0.0
1552.699462890625,-850.4363969949308,-525.6590582807864,-846.717,-522.3175,-854.1558,-529.0006,5.444321,0.019074816
1553.7257080078125,-849.7515336295677,-526.4232730595674,-846.09625,-523.0117,-853.4068,-529.83484,5.4633145,0.024633233
1554.751708984375,-849.0476649519627,-527.1697738743813,-845.4127,-523.7365,-852.6826,-530.6031,5.469264,0.000113025344
1555.7777099609375,-848.3437962743575,-527.9162746891952,-844.7441,-524.4461,-851.94354,-531.3864,5.479468,0.004861392
1556.8035888671875,-847.6363449162922,-528.6590963299234,-844.1056,-525.11884,-851.1671,-532.1994,5.4991374,0.031983603
1557.8287353515625,-846.9054745517287,-529.3778682116009,-843.4007,-525.8118,-850.4102,-532.9439,5.506447,0.0
1558.853759765625,-846.1746041871653,-530.0966400932787,-842.6859,-526.51483,-849.6633,-533.6784,5.510953,5.666225e-05
1559.87890625,-845.4437338226018,-530.8154119749563,-842.00543,-527.18524,-848.882,-534.4456,5.5249305,0.022183476
1560.903076171875,-844.6973485599267,-531.516784497296,-841.28754,-527.8598,-848.1071,-535.17377,5.532755,0.0044887858
1561.9271240234375,-843.9477459899784,-532.2145489337211,-840.55316,-528.54346,-847.34235,-535.8856,5.536895,5.682801e-05
1562.9512939453125,-843.1981434200302,-532.912313370146,-839.8512,-529.1977,-846.54504,-536.6269,5.549809,0.016148595
1563.9749755859375,-842.43739532723,-533.5973112981451,-839.1366,-529.8417,-845.73816,-537.3529,5.5621576,0.014681622
1564.99853515625,-841.6665149999247,-534.2707033769706,-838.38196,-530.50085,-844.95105,-538.0405,5.5664763,5.6913468e-05
1566.0220947265625,-840.8956346726193,-534.9440954557961,-837.652,-531.139,-844.1393,-538.7492,5.5772696,0.007571428
1567.0455322265625,-840.1196889781385,-535.6113772184667,-836.943,-531.7502,-843.2964,-539.4726,5.594742,0.026999518
1568.0687255859375,-839.325718623786,-536.2569159629943,-836.17004,-532.37854,-842.48145,-540.13525,5.6001644,0.0
1569.092041015625,-838.5317482694336,-536.9024547075219,-835.4108,-532.9961,-841.65265,-540.80884,5.609101,0.0
1570.115234375,-837.7377779150812,-537.5479934520495,-834.7085,-533.5701,-840.7671,-541.5258,5.6323323,0.03880392
1571.138427734375,-836.9188770048746,-538.1615123046417,-833.93365,-534.15045,-839.9041,-542.17255,5.643376,0.003588734
1572.1617431640625,-836.0976583061789,-538.7720542746732,-833.1393,-534.74115,-839.056,-542.8029,5.650054,2.8479046e-05
1573.18505859375,-835.2764396074832,-539.3825962447048,-832.40674,-535.2881,-838.1461,-543.47705,5.671873,0.029709505
1574.2083740234375,-834.4370970010843,-539.9678508720594,-831.64197,-535.8221,-837.2322,-544.1136,5.689983,0.018930392
1575.2320556640625,-833.586191412648,-540.5369722739563,-830.81665,-536.3741,-836.3557,-544.6999,5.696132,5.6897134e-05
1576.2557373046875,-832.7352858242115,-541.106093675853,-830.022,-536.9063,-835.4486,-545.30585,5.7095857,0.012149714
1577.279296875,-831.877471115981,-541.6645073623719,-829.24426,-537.414,-834.5106,-545.915,5.72855,0.027480094
1578.30322265625,-831.0039915566786,-542.1986437499411,-828.3936,-537.93414,-833.6143,-546.4632,5.733913,2.843406e-05
1579.3270263671875,-830.1305119973762,-542.7327801375104,-827.5621,-538.4429,-832.6989,-547.0227,5.743708,8.531013e-05
1580.350830078125,-829.2569952261507,-543.2668560207477,-826.7919,-538.91675,-831.72217,-547.61694,5.767619,0.041517224
1581.375732421875,-828.3606788337604,-543.7638611017488,-825.9377,-539.39014,-830.7836,-548.1376,5.7772923,0.0
1582.400634765625,-827.4643624413702,-544.2608661827499,-825.0663,-539.8735,-829.8624,-548.64825,5.782972,2.8348752e-05
1583.425537109375,-826.5680460489799,-544.7578712637509,-824.2577,-540.32367,-828.8784,-549.1921,5.8028564,0.02894146
1584.4505615234375,-825.6572712312291,-545.2281665993144,-823.40967,-540.7618,-827.9049,-549.6945,5.816957,0.012518465
1585.4759521484375,-824.7402167908762,-545.6868612856401,-822.51825,-541.2077,-826.9622,-550.1661,5.822691,2.8307226e-05
1586.5013427734375,-823.8231623505233,-546.1455559719658,-821.6721,-541.6319,-825.97424,-550.65924,5.838463,0.016618704
1587.526611328125,-822.8984782547519,-546.5885424262357,-820.8334,-542.035,-824.9636,-551.14215,5.8574085,0.025689341
1588.552490234375,-821.9619979149107,-547.0072423132793,-819.9231,-542.44183,-824.00085,-551.5727,5.863168,2.8269778e-05
1589.5782470703125,-821.0255175750696,-547.425942200323,-819.0378,-542.8381,-823.01324,-552.01385,5.874346,0.0037323001
1590.60400390625,-820.0875192082456,-547.8410351158849,-818.2064,-543.20844,-821.9686,-552.4737,5.897473,0.0384342
1591.6297607421875,-819.1338511729423,-548.2188954605066,-817.2942,-543.5696,-820.9735,-552.86816,5.906407,8.481817e-05
1592.655517578125,-818.180183137639,-548.5967558051282,-816.3627,-543.9388,-819.9977,-553.2547,5.9111567,0.0
1593.6812744140625,-817.226515102336,-548.97461614975,-815.4824,-544.28864,-818.9706,-553.6606,5.9268727,0.024255857
1594.70556640625,-816.2651142369002,-549.328133430995,-814.5653,-544.6259,-817.96497,-554.03033,5.9363112,0.0067322934
1595.7296142578125,-815.3015814415992,-549.6749393655601,-813.62756,-544.9635,-816.9756,-554.38635,5.9417953,2.8418113e-05
1596.753662109375,-814.3380486462979,-550.0217453001253,-812.746,-545.282,-815.9302,-554.7615,5.9591165,0.020562984
1597.7772216796875,-813.3679136802099,-550.348050164218,-811.8609,-545.58057,-814.87494,-555.1155,5.9770193,0.022286205
1598.80078125,-812.3906105254566,-550.652096358287,-810.91095,-545.87604,-813.8703,-555.42816,5.9827476,7.115871e-05
1599.82421875,-811.4133073707031,-550.9561425523563,-809.98444,-546.1646,-812.8422,-555.7476,5.993367,0.006293478
1600.847412109375,-810.4344121992618,-551.2537162497483,-809.0963,-546.4361,-811.77246,-556.07135,6.012265,0.03007449
1601.8692626953125,-809.4480124124643,-551.5207792129796,-808.1413,-546.6945,-810.7547,-556.347,6.0187798,5.719421e-05
1602.89111328125,-808.4616126256668,-551.7878421762108,-807.18604,-546.9533,-809.7372,-556.6224,6.0252247,0.0
1603.9129638671875,-807.4752128388692,-552.054905139442,-806.2877,-547.198,-808.6627,-556.91187,6.0433884,0.02966307
1604.93310546875,-806.4828865182508,-552.2916132170645,-805.3428,-547.42334,-807.62305,-557.1599,6.053131,0.0044133
1605.953125,-805.4896791257111,-552.5238085663049,-804.36365,-547.6523,-806.6157,-557.3953,6.056023,0.0
1606.97314453125,-804.4964717331717,-552.7560039155451,-803.41425,-547.8745,-805.5787,-557.63745,6.065012,0.011829391
1607.990966796875,-803.5026588114081,-552.9756787463386,-802.4609,-548.08545,-804.5445,-557.86597,6.0732875,0.009298139
1609.0072021484375,-802.5083818420314,-553.1857584717739,-801.47687,-548.2933,-803.53986,-558.0782,6.075392,7.2694726e-05
1610.0234375,-801.514104872655,-553.3958381972091,-800.48706,-548.50244,-802.54114,-558.2892,6.076307,0.0009763646
1611.0380859375,-800.5211319430921,-553.6046411752809,-799.5028,-548.7094,-801.5394,-558.4998,6.078092,0.0026754742
1612.0484619140625,-799.5318378780838,-553.809842284321,-798.5159,-548.9141,-800.5478,-558.7055,6.078569,0.0
1613.058837890625,-798.5425438130752,-554.0150433933611,-797.5333,-549.1179,-799.55176,-558.9121,6.0799456,0.0
1614.0692138671875,-797.553249748067,-554.2202445024013,-796.56067,-549.3197,-798.5458,-559.1207,6.0833464,0.0058349194
1615.075439453125,-796.5667921542592,-554.4187573682582,-795.5822,-549.51666,-797.55133,-559.32086,6.0849786,0.00032958787
1616.0814208984375,-795.5804611839907,-554.6169716627702,-794.5959,-549.71484,-796.565,-559.51904,6.0849786,5.994114e-05
1617.0875244140625,-794.5941302137218,-554.8151859572822,-793.6113,-549.9127,-795.5769,-559.71765,6.085335,0.00057148945
1618.0911865234375,-793.6100446782337,-555.0123994251554,-792.6289,-550.1096,-794.5912,-559.91516,6.0856814,0.00024194324
1619.0936279296875,-792.6271532469692,-555.2090806614419,-791.6449,-550.3065,-793.6094,-560.1117,6.0854497,6.0603958e-05
1620.095947265625,-791.6442618157047,-555.4057618977283,-790.654,-550.5048,-792.6346,-560.3067,6.08381,0.0015929332
1621.0975341796875,-790.6625253894421,-555.6038297653317,-789.6622,-550.7049,-791.6629,-560.50275,6.0817475,0.0029840602
1622.0975341796875,-789.6829491860157,-555.8044910698742,-788.6797,-550.9062,-790.68616,-560.7028,6.0811706,3.0524632e-05
1623.097412109375,-788.7033729825896,-556.0051523744166,-787.693,-551.1083,-789.71375,-560.902,6.0797095,0.00032054257
1624.0972900390625,-787.723856225748,-556.2060643337427,-786.69775,-551.3125,-788.75,-561.0996,6.0764956,0.00555682
1625.0970458984375,-786.7456323857198,-556.4124278389588,-785.71405,-551.51996,-787.77716,-561.3049,6.075382,0.0
1626.0968017578125,-785.7674085456919,-556.6187913441753,-784.7263,-551.72833,-786.8085,-561.5092,6.0734396,1.5270698e-05
1627.0965576171875,-784.7891847056637,-556.8251548493914,-783.72003,-551.9408,-785.85834,-561.7095,6.067693,0.00884009
1628.0975341796875,-783.811611302365,-557.0403997533278,-782.725,-552.1599,-784.8982,-561.9209,6.064115,0.0030863266
1629.098876953125,-782.8342669999141,-557.2587729184556,-781.73315,-552.38153,-783.9354,-562.13605,6.061144,1.5193641e-05
1630.100341796875,-781.8569226974632,-557.4771460835836,-780.70496,-552.6117,-783.0089,-562.34265,6.050705,0.011838482
1631.1024169921875,-780.8816060899679,-557.7072899966726,-779.6735,-552.8554,-782.08966,-562.55914,6.0391593,0.015442311
1632.1055908203125,-779.9089222451076,-557.9527170692595,-778.6831,-553.1053,-781.13477,-562.8001,6.035497,0.0
1633.1087646484375,-778.9362384002472,-558.1981441418465,-777.67206,-553.3606,-780.2004,-563.03564,6.027578,0.003822039
1634.1123046875,-777.9641711998686,-558.4473175777078,-776.6275,-553.6293,-779.30084,-563.2654,6.0125656,0.024853598
1635.1182861328125,-776.9962072238335,-558.721419752001,-775.6333,-553.91077,-778.35913,-563.5321,6.0071025,0.0
1636.124267578125,-776.0282432477983,-558.9955219262941,-774.64453,-554.19086,-777.412,-563.80023,6.0027785,1.4986513e-05
1637.1302490234375,-775.0602792717632,-559.2696241005874,-773.61475,-554.48315,-776.50586,-564.05615,5.9898844,0.020777082
1638.1385498046875,-774.0961102011624,-559.56464379598,-772.6156,-554.7889,-775.57666,-564.3404,5.9825706,0.0044173957
1639.1473388671875,-773.1327393608377,-559.8640633371451,-771.63586,-555.0934,-774.62964,-564.63477,5.9791417,0.0
1640.1561279296875,-772.1693685205128,-560.1634828783103,-770.62244,-555.4088,-773.7163,-564.9182,5.9686337,0.013297735
1641.1658935546875,-771.2092133374788,-560.4761445154356,-769.6144,-555.7373,-772.8041,-565.21497,5.958547,0.012267093
1642.1767578125,-770.2520054042449,-560.8009429448692,-768.64014,-556.06793,-771.8639,-565.534,5.954948,4.432228e-05
1643.1876220703125,-769.294797471011,-561.1257413743026,-767.6373,-556.40845,-770.9523,-565.843,5.9452977,0.0068392376
1644.1986083984375,-768.3397126759236,-561.4571402085959,-766.6089,-556.7663,-770.07056,-566.148,5.9297066,0.024337888
1645.21044921875,-767.392273495085,-561.8123077032207,-765.6379,-557.1302,-769.14667,-566.49445,5.924682,2.945963e-05
1646.2222900390625,-766.4448343142464,-562.1674751978454,-764.66016,-557.4968,-768.2295,-566.83813,5.9182024,2.945963e-05
1647.234130859375,-765.4973951334076,-562.5226426924702,-763.63257,-557.8834,-767.3622,-567.16187,5.9009886,0.029013943
1648.24609375,-764.560590359262,-562.9055378590077,-762.6562,-558.2824,-766.465,-567.5286,5.89244,0.0027968523
1649.2581787109375,-763.624800172385,-563.2910784145844,-761.7087,-558.6728,-765.54095,-567.90936,5.8898993,0.0
1650.270263671875,-762.6890099855079,-563.6766189701611,-760.73334,-559.075,-764.6447,-568.27826,5.8813114,0.011839343
1651.281982421875,-761.7582334613005,-564.0732370363227,-759.76996,-559.4856,-763.7465,-568.6609,5.874221,0.007662801
1652.2935791015625,-760.8306830992684,-564.4769831938609,-758.82837,-559.89545,-762.833,-569.05853,5.8711557,2.9478484e-05
1653.30517578125,-759.903132737236,-564.8807293513988,-757.8582,-560.318,-761.94806,-569.4435,5.86185,0.008316121
1654.3165283203125,-758.979217942637,-565.2921706341372,-756.87555,-560.7563,-761.08295,-569.82806,5.848925,0.019033384
1655.3277587890625,-758.063625470899,-565.7212271358352,-755.945,-561.19226,-760.1822,-570.25024,5.8456388,2.9518482e-05
1656.3388671875,-757.1480329991612,-566.1502836375332,-754.98645,-561.64166,-759.3096,-570.6589,5.8361273,2.9520897e-05
1657.3499755859375,-756.2324405274233,-566.5793401392312,-753.969,-562.12103,-758.49585,-571.03766,5.8134036,0.039877705
1658.361328125,-755.3347415819806,-567.0450893934363,-753.02954,-562.6082,-757.6399,-571.482,5.804017,5.9009915e-05
1659.37255859375,-754.4370498946105,-567.5108535311618,-752.1138,-563.08344,-756.7604,-571.9383,5.799928,5.9009915e-05
1660.3839111328125,-753.5393582072403,-567.9766176688873,-751.14886,-563.5851,-755.9299,-572.36816,5.784693,0.022421509
1661.395263671875,-752.6524084692555,-568.4626653498393,-750.214,-564.09753,-755.0908,-572.82776,5.7737503,0.009849237
1662.4068603515625,-751.7701693059377,-568.9576077985336,-749.31396,-564.6025,-754.2263,-573.3127,5.769677,8.8440516e-05
1663.41845703125,-750.88793014262,-569.4525502472276,-748.3867,-565.12317,-753.38916,-573.782,5.7593074,0.011051569
1664.4302978515625,-750.0110821047416,-569.9575054834404,-747.4557,-565.65985,-752.5665,-574.2552,5.7467365,0.017245922
1665.44287109375,-749.1426407985191,-570.4780743088273,-746.57056,-566.19037,-751.7147,-574.7658,5.7428584,0.0
1666.4554443359375,-748.2741994922969,-570.9986431342144,-745.6784,-566.7253,-750.86993,-575.27203,5.7373195,0.0019109857
1667.4678955078125,-747.4067237369708,-571.5208665084751,-744.76105,-567.2782,-750.0524,-575.76355,5.725594,0.019744052
1668.48095703125,-746.5494726004442,-572.0606105868089,-743.8853,-567.8295,-749.2137,-576.2917,5.721232,0.0
1669.4940185546875,-745.6922214639176,-572.600354665143,-743.0121,-568.37933,-748.3723,-576.82135,5.717465,2.9355348e-05
1670.507080078125,-744.8349703273909,-573.1400987434769,-742.1066,-568.9501,-747.5633,-577.3301,5.7060065,0.01788376
1671.5198974609375,-743.9877822382118,-573.6951715744807,-741.23,-569.52454,-746.7456,-577.86584,5.698948,0.004904894
1672.53271484375,-743.1434019284748,-574.2545214157319,-740.37463,-570.09106,-745.9121,-578.41797,5.6963286,0.0
1673.5455322265625,-742.2990216187383,-574.8138712569831,-739.49994,-570.6708,-745.0981,-578.9569,5.6890163,0.008822484
1674.5576171875,-741.4603281959005,-575.3802616906834,-738.6295,-571.2588,-744.29114,-579.5017,5.6813483,0.009609722
1675.56884765625,-740.6278597664761,-575.9543589141264,-737.78754,-571.8394,-743.4682,-580.0693,5.6790285,2.9512621e-05
1676.580078125,-739.7953913370518,-576.5284561375695,-736.9455,-572.42017,-742.6453,-580.6367,5.676702,0.0015060705
1677.5909423828125,-738.9641444705094,-577.1035531698014,-736.0962,-573.0079,-741.83215,-581.1993,5.672302,0.007054338
1678.5997314453125,-738.1387380480727,-577.6834304122335,-735.2644,-573.59216,-741.01306,-581.77466,5.670747,8.919536e-05
1679.6083984375,-737.3133316256358,-578.2633076546655,-734.4331,-574.1763,-740.1936,-582.35034,5.6692915,2.9730241e-05
1680.6171875,-736.4879252031989,-578.8431848970977,-733.591,-574.76794,-739.3848,-582.91846,5.6652155,0.0068121636
1681.62548828125,-735.6667872838016,-579.4284587611074,-732.761,-575.35956,-738.57263,-583.4974,5.6630244,0.0009823474
1682.6337890625,-734.846295431711,-580.0145494409276,-731.9376,-575.94763,-737.755,-584.0814,5.662323,8.930436e-05
1683.64208984375,-734.0258035796205,-580.6006401207477,-731.10846,-576.54,-736.9432,-584.6613,5.660194,0.0027932925
1684.651611328125,-733.2060650530373,-581.1897494905415,-730.2808,-577.13477,-736.1313,-585.24475,5.6582503,0.0021627988
1685.6619873046875,-732.3869086379162,-581.7811914695684,-729.4596,-577.7277,-735.3142,-585.83466,5.6577315,0.0
1686.67236328125,-731.5677522227952,-582.3726334485951,-728.63934,-578.3199,-734.49615,-586.42535,5.6574645,0.00029543697
1687.6837158203125,-730.7479130099009,-582.9648845326609,-727.8177,-578.9135,-733.67816,-587.0163,5.6570086,0.0007049098
1688.697998046875,-729.9261270900719,-583.5594424350144,-726.99414,-579.50934,-732.85815,-587.60956,5.6565833,0.0
1689.7122802734375,-729.104341170243,-584.154000337368,-726.1814,-580.09735,-732.02734,-588.21063,5.658808,2.9243e-05
1690.7266845703125,-728.282555250414,-584.7485582397214,-725.38007,-580.6772,-731.185,-588.8199,5.6638536,0.0086171
1691.7440185546875,-727.4530886660209,-585.3375619963143,-724.559,-581.26025,-730.3471,-589.4149,5.6659217,0.00040571703
1692.761474609375,-726.6232621148276,-585.9263054488592,-723.73975,-581.8416,-729.50684,-590.01105,5.668484,5.7949146e-05
1693.7789306640625,-725.7934355636344,-586.5150489014043,-722.94293,-582.4072,-728.644,-590.6229,5.6765556,0.011430674
1694.7972412109375,-724.9562006388454,-587.0945816952229,-722.1309,-582.9693,-727.78143,-591.2199,5.682691,0.006037137
1695.81591796875,-724.1149905167218,-587.669172218576,-721.3006,-583.5365,-726.9294,-591.8019,5.685323,0.0
1696.8345947265625,-723.2737803945981,-588.2437627419292,-720.4913,-584.08954,-726.05634,-592.398,5.6930156,0.0074489843
1697.8531494140625,-722.4283144957528,-588.8118727409296,-719.6873,-584.6302,-725.1694,-592.9936,5.702969,0.014150504
1698.8717041015625,-721.5748171870115,-589.3677528343645,-718.8452,-585.1785,-724.30444,-593.55695,5.705699,2.8878521e-05
1699.8902587890625,-720.7213198782702,-589.9236329277994,-718.0245,-585.7133,-723.41815,-594.134,5.713497,0.0012997643
1700.90869140625,-719.8671917344633,-590.4783271538806,-717.2434,-586.22205,-722.49097,-594.7346,5.730756,0.029567905
1701.9249267578125,-718.9986468203317,-591.0059201958228,-716.4041,-586.73175,-721.5932,-595.2801,5.737611,0.0
1702.941162109375,-718.1301019062003,-591.533513237765,-715.5527,-587.249,-720.7076,-595.818,5.741606,5.8155285e-05
1703.9573974609375,-717.2615569920686,-592.0611062797074,-714.742,-587.7423,-719.78107,-596.3799,5.755066,0.020280229
1704.9722900390625,-716.3834781511771,-592.5699226140853,-713.9027,-588.22876,-718.86426,-596.91113,5.7640224,0.007303704
1705.9866943359375,-715.5020056389338,-593.0720552413046,-713.03784,-588.72144,-717.9662,-597.4227,5.7678456,8.769718e-05
1707.0010986328125,-714.6205331266908,-593.5741878685241,-712.2036,-589.1971,-717.0375,-597.95123,5.778673,0.012234767
1708.0146484375,-713.7336626893367,-594.0648736967685,-711.3702,-589.65875,-716.0971,-598.471,5.790847,0.01608317
1709.0272216796875,-712.8397252772528,-594.5405733520986,-710.4932,-590.12537,-715.1862,-598.9558,5.7946935,2.9391029e-05
1710.039794921875,-711.9457878651688,-595.0162730074286,-709.6312,-590.5843,-714.2604,-599.4483,5.801898,0.0034394576
1711.05224609375,-711.0503746425653,-595.4888495340292,-708.7973,-591.0252,-713.3034,-599.95245,5.8157344,0.022756634
1712.06396484375,-710.144962478425,-595.940266175155,-707.9122,-591.4665,-712.37775,-600.414,5.820269,2.947184e-05
1713.07568359375,-709.2395503142845,-596.3916828162808,-707.0427,-591.90015,-711.4364,-600.8832,5.8282886,2.947184e-05
1714.08740234375,-708.334138150144,-596.8430994574064,-706.23724,-592.304,-710.4311,-601.38214,5.85042,0.035575558
1715.097412109375,-707.4146263245106,-597.2610046102249,-705.37506,-592.69586,-709.45416,-601.8261,5.8630185,0.007554626
1716.107177734375,-706.4921066041376,-597.6717607240794,-704.47894,-593.095,-708.5053,-602.24854,5.868786,0.0
1717.1170654296875,-705.5695868837645,-598.0825168379339,-703.6371,-593.47107,-707.5021,-602.694,5.8863544,0.022250414
1718.126220703125,-704.6387602082677,-598.4721887884137,-702.785,-593.8285,-706.4925,-603.11584,5.9033704,0.020470722
1719.1351318359375,-703.7002576170261,-598.8423782378811,-701.8723,-594.18854,-705.5282,-603.4963,5.9089203,5.9441678e-05
1720.1439208984375,-702.7617550257847,-599.2125676873485,-700.98425,-594.5392,-704.5393,-603.886,5.919734,0.007699181
1721.1527099609375,-701.8205355527492,-599.5754135915242,-700.12683,-594.87103,-703.5143,-604.27985,5.937606,0.028081544
1722.1614990234375,-700.8694141921003,-599.9114953720939,-699.2039,-595.197,-702.53485,-604.626,5.9435997,2.9729026e-05
1723.1702880859375,-699.9182928314515,-600.2475771526636,-698.27905,-595.52386,-701.5575,-604.97125,5.9491696,5.9461338e-05
1724.1790771484375,-698.9671714708027,-600.5836589332332,-697.40094,-595.8353,-700.5334,-605.33203,5.9645824,0.026071222
1725.18798828125,-698.0074324097508,-600.8946952897494,-696.4769,-596.1347,-699.53796,-605.6547,5.9720902,0.002526011
1726.1968994140625,-697.046850078295,-601.2032808689264,-695.5341,-596.4376,-698.55963,-605.969,5.9758224,7.4283e-05
1727.205810546875,-696.0862677468392,-601.5118664481034,-694.6316,-596.7281,-697.5409,-606.2956,5.987993,0.01671324
1728.2147216796875,-695.1205262837032,-601.8041665380288,-693.7146,-597.00586,-696.5265,-606.6024,5.9981503,0.010884925
1729.2239990234375,-694.1514366012395,-602.085897525777,-692.7625,-597.28265,-695.54034,-606.8891,6.001705,1.4844865e-05
1730.233154296875,-693.1823469187758,-602.3676285135251,-691.83276,-597.5532,-694.532,-607.182,6.0098767,0.0074515985
1731.242431640625,-692.2111509318598,-602.6421199537949,-690.91724,-597.8124,-693.505,-607.4718,6.021432,0.017003704
1732.251953125,-691.235086636874,-602.8998786053289,-689.9579,-598.0658,-692.5123,-607.734,6.024874,7.415777e-05
1733.261474609375,-690.2590223418882,-603.1576372568629,-689.00464,-598.31757,-691.5134,-607.99774,6.029597,1.4830596e-05
1734.27099609375,-689.2829580469022,-603.415395908397,-688.0858,-598.56085,-690.4801,-608.26996,6.0414066,0.020769158
1735.2808837890625,-688.301376301452,-603.6526891377787,-687.1278,-598.79236,-689.475,-608.51306,6.04626,8.889502e-05
1736.290771484375,-687.3197810583214,-603.8899323013314,-686.1587,-599.0266,-688.48083,-608.7533,6.048829,0.0
1737.3006591796875,-686.3381858151905,-604.1271754648842,-685.2216,-599.2535,-687.4548,-609.0009,6.057966,0.013463585
1738.310791015625,-685.3532115601474,-604.3511411448341,-684.2683,-599.4703,-686.4381,-609.232,6.06446,0.0059206137
1739.321044921875,-684.3667412653791,-604.5692282888567,-683.2956,-599.6853,-685.4379,-609.4531,6.0672755,1.4796918e-05
1740.3314208984375,-683.3802709706106,-604.7873154328795,-682.349,-599.8948,-684.4115,-609.6798,6.075442,0.008594284
1741.3419189453125,-682.3917274373,-604.9967979345461,-681.40894,-600.09436,-683.3745,-609.8993,6.0853424,0.013699183
1742.3529052734375,-681.3999231887002,-605.1927473630452,-680.4319,-600.28735,-682.3679,-610.09814,6.0883574,1.4767997e-05
1743.3638916015625,-680.4081189401005,-605.3886967915444,-679.4672,-600.478,-681.34906,-610.2993,6.093876,0.0017868808
1744.3748779296875,-679.415924319752,-605.5828477555852,-678.5319,-600.6616,-680.3,-610.504,6.105439,0.019532466
1745.386474609375,-678.4194866173143,-605.7574506033596,-677.5564,-600.8325,-679.2826,-610.6824,6.1097007,0.0
1746.3980712890625,-677.4230489148767,-605.9320534511342,-676.5811,-601.0035,-678.26495,-610.86066,6.113992,5.1588097e-05
1747.40966796875,-676.4266112124392,-606.1066562989087,-675.648,-601.1676,-677.20526,-611.04565,6.126829,0.01999646
1748.4219970703125,-675.426159393763,-606.2611000855748,-674.68695,-601.31604,-676.16534,-611.2062,6.1348004,0.005682515
1749.4345703125,-674.4245741636269,-606.4098518320686,-673.7005,-601.4626,-675.1486,-611.3571,6.1378613,0.0
1750.4471435546875,-673.4229889334907,-606.5586035785625,-672.7414,-601.6053,-674.10455,-611.5119,6.1464496,0.010320953
1751.4599609375,-672.4196149807307,-606.6969121800814,-671.782,-601.73773,-673.05725,-611.65607,6.15531,0.01141001
1752.4732666015625,-671.4142670139055,-606.8236958448708,-670.7928,-601.8624,-672.0357,-611.7849,6.158574,6.599505e-05
1753.486572265625,-670.4089190470804,-606.9504795096603,-669.85004,-601.9818,-670.96783,-611.9192,6.171175,0.007278687
1754.5001220703125,-669.4024085027909,-607.0699534821237,-668.9515,-602.09033,-669.85333,-612.04956,6.1928787,0.034752976
1755.5157470703125,-668.3902595226202,-607.1539758543688,-667.97516,-602.17126,-668.80536,-612.1367,6.2000685,5.826094e-05
1756.5313720703125,-667.3781105424498,-607.2379982266139,-667.0124,-602.25134,-667.74384,-612.2246,6.209979,5.461963e-05
1757.5469970703125,-666.3659615622793,-607.322020598859,-666.1349,-602.3274,-666.59705,-612.31665,6.236951,0.044149175
1758.5655517578125,-665.348139414303,-607.3606380349011,-665.18774,-602.3632,-665.50854,-612.3581,6.2510986,0.00678432
1759.584716796875,-664.3294432537472,-607.392260351679,-664.205,-602.3938,-664.4539,-612.39075,6.258288,0.0
1760.60400390625,-663.3107470931916,-607.4238826684569,-663.3002,-602.4239,-663.3213,-612.4239,6.281068,0.029764773
1761.6251220703125,-662.2895976587573,-607.424535971491,-662.38055,-602.4254,-662.19867,-612.4237,6.3013744,0.023107627
1762.6484375,-661.266536779606,-607.4010600657009,-661.39667,-602.4028,-661.1364,-612.39935,6.309217,8.8989526e-07
1763.6717529296875,-660.2434759004548,-607.3775841599111,-660.4853,-602.3834,-660.00165,-612.3717,6.3315687,0.017607622
1764.6964111328125,-659.2197035341254,-607.3355965830301,-659.62897,-602.35236,-658.8105,-612.3188,6.365121,0.050236378
1765.7266845703125,-658.1938810232557,-607.2402677758275,-658.657,-602.2618,-657.73083,-612.2188,6.3759313,4.883598e-05
1766.7569580078125,-657.168058512386,-607.1449389686252,-657.6832,-602.1716,-656.65283,-612.11835,6.386414,6.976511e-06
1767.7872314453125,-656.1422360015164,-607.0496101614226,-656.79596,-602.0925,-655.48846,-612.0067,6.4143066,0.047013406
1768.8204345703125,-655.1192972943887,-606.9042097308761,-655.83594,-601.9559,-654.4027,-611.8526,6.427002,0.0023372637
1769.8538818359375,-654.0965001864188,-606.7563507073322,-654.83624,-601.81134,-653.35675,-611.70135,6.4316745,4.8388996e-05
1770.8873291015625,-653.0737030784486,-606.6084916837883,-653.8961,-601.67664,-652.25134,-611.5404,6.448412,0.023318917
1771.92041015625,-652.0551970127661,-606.4361311922128,-652.9425,-601.5155,-651.16785,-611.3568,6.461592,0.012658766
1772.953369140625,-651.0390141232222,-606.2505055724763,-651.9443,-601.3331,-650.1337,-611.16785,6.465246,5.53719e-05
1773.986328125,-650.022831233678,-606.0648799527396,-650.9573,-601.15295,-649.0884,-610.9768,6.471179,0.005947978
1775.0166015625,-649.0104286817942,-605.8735557767201,-649.98456,-600.96936,-648.0363,-610.7777,6.47926,0.011341242
1776.0418701171875,-648.0052248054644,-605.6713801737924,-648.99054,-600.7694,-647.01996,-610.57336,6.481544,2.8309682e-05
1777.0672607421875,-647.0000209291347,-605.4692045708647,-648.01306,-600.5729,-645.98694,-610.3655,6.487215,0.00086391234
1778.0921630859375,-645.9953917868079,-605.266186071159,-647.0708,-600.3832,-644.9199,-610.1492,6.499969,0.021824703
1779.1077880859375,-645.0045967165667,-605.0428787165616,-646.106,-600.1657,-643.90314,-609.9201,6.505289,5.8259582e-05
1780.1234130859375,-644.0138016463254,-604.8195713619641,-645.1223,-599.94403,-642.9053,-609.6951,6.506753,0.0
1781.1390380859375,-643.0230065760841,-604.5962640073667,-644.1606,-599.72736,-641.88544,-609.46515,6.5127068,0.008978728
1782.1431884765625,-642.0455017367346,-604.3665490940849,-643.20294,-599.5024,-640.8881,-609.2308,6.5167913,0.003381521
1783.143310546875,-641.0727775153365,-604.1345293231733,-642.236,-599.2717,-639.9095,-608.9973,6.5179877,4.5771292e-05
1784.143310546875,-640.1000532939387,-603.9025095522618,-641.2764,-599.0429,-638.92365,-608.76215,6.520691,0.0031821395
1785.1351318359375,-639.1359930269076,-603.6693757313593,-640.3275,-598.8134,-637.94446,-608.5253,6.523804,0.00426003
1786.1162109375,-638.1833700841057,-603.4347712481685,-639.37964,-598.57996,-636.98706,-608.28955,6.524782,6.463763e-05
1787.0972900390625,-637.2307471413037,-603.2001667649779,-638.43506,-598.3474,-636.0265,-608.053,6.5264277,0.00087587954
1788.075927734375,-636.2806716180265,-602.965419573253,-637.5005,-598.11646,-635.0609,-607.81433,6.5296245,0.005446174
1789.037841796875,-635.3481738445977,-602.7296876615427,-636.5746,-597.88245,-634.1217,-607.5769,6.530997,1.7147071e-05
1789.9996337890625,-634.415676071169,-602.4939557498321,-635.63934,-597.646,-633.19196,-607.3419,6.53043,0.0
1790.96142578125,-633.4831782977401,-602.2582238381219,-634.70154,-597.40894,-632.2648,-607.10754,6.529345,0.001751048
1791.909912109375,-632.5631470548363,-602.0273738438997,-633.779,-597.1774,-631.34735,-606.87726,6.5288086,0.00057475315
1792.8555908203125,-631.6458127485006,-601.7975799752587,-632.85583,-596.9462,-630.4358,-606.649,6.5276136,5.412375e-05
1793.80126953125,-630.7284784421646,-601.5677861066177,-631.9181,-596.71136,-629.5388,-606.42426,6.523412,0.005585582
1794.74169921875,-629.8150724207708,-601.3441455753574,-630.9844,-596.4828,-628.64575,-606.20544,6.51923,0.005437154
1795.6771240234375,-628.9053259800276,-601.1262374781609,-630.06915,-596.26355,-627.7415,-605.9889,6.5180993,0.0
1796.612548828125,-627.9955795392841,-600.9083293809643,-629.15924,-596.0456,-626.832,-605.77106,6.5180607,0.00014899186
1797.548583984375,-627.0853040598967,-600.6904246124251,-628.24744,-595.82733,-625.9232,-605.5535,6.5177536,0.0005008913
1798.4864501953125,-626.1730770127164,-600.4725321229513,-627.33136,-595.6085,-625.01483,-605.33655,6.516956,1.8495204e-05
1799.42431640625,-625.2608499655363,-600.2546396334775,-626.44543,-595.397,-624.0763,-605.1123,6.522368,0.0
1800.3621826171875,-624.348622918356,-600.0367471440038,-625.5945,-595.19446,-623.1028,-604.879,6.535013,0.022724777
1801.3204345703125,-623.4215753978098,-599.7940968926763,-624.6941,-594.9587,-622.14905,-604.62946,6.5405183,0.0021604449
1802.28076171875,-622.4930412140237,-599.5489631542467,-623.79987,-594.7227,-621.1862,-604.3752,6.5476174,0.0
1803.2410888671875,-621.5645070302377,-599.3038294158172,-622.97766,-594.5077,-620.15137,-604.1,6.569714,0.03156841
1804.2314453125,-620.6151824324188,-599.0216879926068,-622.1104,-594.2505,-619.11993,-603.79285,6.5868773,0.01908132
1805.241943359375,-619.6522496589737,-598.7153235273139,-621.19727,-593.96,-618.1072,-603.47064,6.5973396,8.873263e-05
1806.25244140625,-618.6893168855286,-598.4089590620209,-620.42535,-593.72,-616.9533,-603.0979,6.6377764,0.03567149
1807.2818603515625,-617.7203162794063,-598.0612812479789,-619.7063,-593.4726,-615.7344,-602.64996,6.691645,0.075681634
1808.3607177734375,-616.7371547658763,-597.6171877057059,-618.77655,-593.052,-614.6978,-602.1824,6.7033067,0.0
1809.4395751953125,-615.7539932523463,-597.173094163433,-618.02075,-592.71643,-613.4872,-601.62976,6.753713,0.0
1810.5184326171875,-614.7708317388162,-596.72900062116,-617.5366,-592.56366,-612.005,-600.89435,6.869343,0.18519278
1811.6513671875,-613.8549849931903,-596.0620631589555,-616.8047,-592.02484,-610.9053,-600.0993,6.914173,0.00081806496
1812.78466796875,-612.9394408571328,-595.3941239150535,-616.0276,-591.46173,-609.8513,-599.3265,6.9489093,4.19338e-05
1813.91796875,-612.0238967210754,-594.7261846711514,-615.541,-591.1723,-608.50684,-598.2801,7.063383,0.14906344
1815.07080078125,-611.2214165434223,-593.8984741285237,-615.01166,-590.63745,-607.4312,-597.15955,7.143492,0.063159704
1816.242919921875,-610.4694751567356,-592.9993469436466,-614.3701,-589.8712,-606.56885,-596.12744,7.1780534,0.0
1817.4150390625,-609.7175337700488,-592.1002197587695,-613.91864,-589.38904,-605.5164,-594.8114,7.2808833,0.09355685
1818.576171875,-609.0741510707169,-591.1336777592813,-613.57947,-588.9653,-604.56885,-593.30206,7.4054065,0.14871383
1819.74853515625,-608.6029755053237,-590.0601953362117,-613.18646,-588.0623,-604.0195,-592.05804,7.442926,0.0
1820.9208984375,-608.1317999399305,-588.9867129131421,-612.83386,-587.28656,-603.4297,-590.6868,7.507037,0.017402876
1822.08740234375,-607.684741594642,-587.9091990083629,-612.5759,-586.8717,-602.7936,-588.94666,7.6449714,0.20459485
1823.223876953125,-607.506906577759,-586.7866812051421,-612.447,-586.0153,-602.5668,-587.55804,7.6990967,8.315848e-05
1824.3603515625,-607.329071560876,-585.6641634019215,-612.2918,-585.05444,-602.3664,-586.2739,7.7317348,0.0
1825.4969482421875,-607.1512365439928,-584.5416455987007,-612.1509,-584.4795,-602.1516,-584.60376,7.841558,0.15519899
1826.57861328125,-607.1676598808692,-583.4601663244084,-612.15936,-583.7483,-602.17596,-583.172,7.911641,0.048258405
1827.6507568359375,-607.2395850604204,-582.3904122291476,-612.21954,-582.8376,-602.2596,-581.9433,7.943527,9.904795e-05
1828.722900390625,-607.3115102399717,-581.3206581338869,-612.22595,-582.2419,-602.3971,-580.3995,8.039279,0.10820154
1829.775146484375,-607.5021403670055,-580.2858233997753,-612.2979,-581.70026,-602.70636,-578.8714,8.140789,0.12489367
1830.8221435546875,-607.8248454347823,-579.2898410694797,-612.57056,-580.86414,-603.0791,-577.7156,8.174286,5.318762e-05
1831.869140625,-608.1475505025592,-578.2938587391842,-612.76465,-580.2127,-603.5304,-576.37506,8.247854,0.04150379
1832.916015625,-608.5131113238814,-577.3129743539408,-612.8457,-579.80865,-604.18054,-574.8173,8.376587,0.19722058
1833.9903564453125,-609.0895405513875,-576.4063782344829,-613.3099,-579.0875,-604.8692,-573.7252,8.41995,0.0
1835.064697265625,-609.6659697788936,-575.4997821150249,-613.7549,-578.3774,-605.577,-572.62213,8.467228,4.922491e-05
1836.1390380859375,-610.2423990063995,-574.593185995567,-613.9257,-577.9744,-606.559,-571.212,8.596641,0.19775534
1837.24072265625,-611.0186977640566,-573.8114446095975,-614.4649,-577.4341,-607.57245,-570.18884,8.664329,0.029341163
1838.351318359375,-611.82633154323,-573.0492776217734,-615.1723,-576.7647,-608.4804,-569.3338,8.691663,0.0
1839.4617919921875,-612.6339653224035,-572.2871106339493,-615.64514,-576.2787,-609.6228,-568.29553,8.7784815,0.10441505
1840.5640869140625,-613.5175570906395,-571.6280396555696,-616.2031,-575.84564,-610.83203,-567.41046,8.857775,0.08241458
1841.67041015625,-614.4608218366235,-571.0499614200654,-617.04535,-575.3302,-611.8763,-566.7698,8.881545,0.0
1842.7767333984375,-615.4040865826076,-570.4718831845612,-617.83,-574.84393,-612.9782,-566.0998,8.918206,0.027501643
1843.8720703125,-616.354868488316,-569.9280642384158,-618.5188,-574.4355,-614.1909,-565.4206,8.977192,0.08436215
1844.9412841796875,-617.3275433264675,-569.484021848177,-619.3963,-574.03595,-615.2587,-564.93207,8.998199,2.4964309e-05
1846.010498046875,-618.3002181646191,-569.0399794579384,-620.3382,-573.60583,-616.26227,-564.4741,9.004967,0.0
1847.0797119140625,-619.2728930027707,-568.5959370676998,-621.2052,-573.20746,-617.3406,-563.98444,9.027987,0.038152114
1848.10498046875,-620.2218408152759,-568.2077813071057,-622.10406,-572.83997,-618.33966,-563.57556,9.038831,0.002116472
1849.1279296875,-621.1695703401971,-567.8224951007504,-623.0336,-572.46204,-619.3055,-563.183,9.042732,2.850127e-05
1850.1510009765625,-622.1172998651182,-567.437208894395,-623.9157,-572.1026,-620.3189,-562.7718,9.056851,0.019915858
1851.1575927734375,-623.0572723963247,-567.0770310143498,-624.80206,-571.7627,-621.31244,-562.39136,9.068313,0.011293741
1852.1553955078125,-623.9930076588281,-566.7305685927905,-625.72705,-571.4203,-622.2589,-562.0409,9.070606,4.6074165e-05
1853.1533203125,-624.9287429213315,-566.3841061712311,-626.662,-571.0741,-623.19556,-561.6941,9.070782,0.0005262738
1854.1458740234375,-625.8598131768998,-566.0399185287125,-627.5897,-570.73114,-624.1299,-561.3487,9.071494,0.0009977517
1855.128662109375,-626.7819195874787,-565.7001018907796,-628.51013,-570.3919,-625.0537,-561.00824,9.071851,6.4308e-05
1856.1114501953125,-627.7040259980575,-565.3602852528467,-629.4382,-570.0499,-625.9699,-560.67065,9.070588,0.00019298523
1857.093994140625,-628.6259201417356,-565.0203629007448,-630.3722,-569.7055,-626.87964,-560.33527,9.068001,0.0046134093
1858.072509765625,-629.5424188529109,-564.6777534897484,-631.2937,-569.361,-627.79114,-559.99445,9.066928,8.1446306e-05
1859.0509033203125,-630.4589175640863,-564.3351440787519,-632.2104,-569.0184,-628.70746,-559.6519,9.066897,1.6289796e-05
1860.029296875,-631.3754162752617,-563.9925346677556,-633.12915,-568.6749,-629.6217,-559.3102,9.066411,0.0007964205
1861.0091552734375,-632.2930247656974,-563.6487598619123,-634.0484,-568.3305,-630.53766,-558.967,9.066059,0.00019444965
1861.9896240234375,-633.2110366407059,-563.3045614562418,-634.96533,-567.98676,-631.4568,-558.6224,9.0663,3.23849e-05
1862.969970703125,-634.1290485157147,-562.9603630505715,-635.8776,-567.64465,-632.38043,-558.2761,9.06751,0.0013720348
1863.9525146484375,-635.0494472777287,-562.6166998718664,-636.7915,-567.3034,-633.3074,-557.93,9.068906,0.001858659
1864.937744140625,-635.9730232492661,-562.2737491392086,-637.71326,-566.9611,-634.2328,-557.58636,9.069287,1.5956652e-05
1865.9229736328125,-636.8965992208035,-561.9307984065507,-638.64954,-566.61346,-635.1437,-557.2481,9.066583,0.0011636385
1866.9088134765625,-637.8204111265296,-561.5865554085564,-639.5958,-566.26074,-636.04504,-556.91235,9.061781,0.008094474
1867.8994140625,-638.7458814844779,-561.2332286896731,-640.52997,-565.9041,-636.96185,-556.5623,9.059923,1.5697186e-05
1868.8900146484375,-639.671351842426,-560.8799019707898,-641.4583,-565.5496,-637.88434,-556.21014,9.059301,3.139437e-05
1869.880615234375,-640.5968222003742,-560.5265752519065,-642.39417,-565.1923,-638.79944,-555.8608,9.0570755,0.003615979
1870.8758544921875,-641.5253582295454,-560.1682035391024,-643.3294,-564.8314,-639.72125,-555.505,9.05564,0.0008189324
1871.8721923828125,-642.454566720626,-559.8087251954828,-644.25684,-564.4726,-640.65234,-555.14484,9.056024,1.5427271e-05
1872.8685302734375,-643.3837752117065,-559.4492468518633,-645.17773,-564.11633,-641.58984,-554.7821,9.057805,0.0022259508
1873.8681640625,-644.3169145485977,-559.0905909248315,-646.1024,-563.76086,-642.5314,-554.4203,9.059607,0.0020826315
1874.8709716796875,-645.2537458144277,-558.7327074278942,-647.03925,-563.403,-643.4682,-554.06244,9.059607,6.0514678e-05
1875.8739013671875,-646.1905770802578,-558.3748239309568,-647.99884,-563.0364,-644.38226,-553.71326,9.054733,0.003171753
1876.8778076171875,-647.1272845731684,-558.0135248032818,-648.97064,-562.6613,-645.2839,-553.3658,9.047195,0.011926611
1877.8861083984375,-648.063529889949,-557.6394714883191,-649.9181,-562.2828,-646.209,-552.99615,9.0447855,1.4889256e-05
1878.894287109375,-648.9997752067299,-557.2654181733565,-650.8701,-561.90247,-647.1294,-552.6284,9.041386,2.9778512e-05
1879.902587890625,-649.9360205235105,-556.8913648583939,-651.8478,-561.5114,-648.0243,-552.2713,9.032435,0.0150579475
1880.91455078125,-650.8699140332127,-556.5016753758088,-652.80176,-561.1134,-648.9381,-551.8899,9.028089,0.0015010508
1881.9268798828125,-651.8035658226694,-556.110378797849,-653.7456,-560.71783,-649.8616,-551.50287,9.025883,1.4707741e-05
1882.939208984375,-652.7372176121261,-555.7190822198893,-654.71246,-560.3124,-650.762,-551.12573,9.018662,0.009847822
1883.9530029296875,-653.6682655258032,-555.3178931054684,-655.6704,-559.89954,-651.66614,-550.7362,9.012799,0.0064922906
1884.9677734375,-654.5975945421295,-554.9101736277897,-656.6144,-559.48535,-652.5808,-550.33496,9.00959,0.0
1885.9825439453125,-655.5269235584558,-554.502454150111,-657.5989,-559.0529,-653.45496,-549.95197,8.997504,0.0105119115
1886.997314453125,-656.4518665774785,-554.0848264734568,-658.60004,-558.59985,-654.30365,-549.5698,8.980683,0.02477222
1888.0126953125,-657.36647382869,-553.6438497527984,-659.53674,-558.1483,-655.19617,-549.1394,8.97579,0.0
1889.028076171875,-658.2810810799016,-553.2028730321398,-660.486,-557.6904,-656.0761,-548.71533,8.9680805,2.9152543e-05
1890.04345703125,-659.195688331113,-552.7618963114812,-661.4863,-557.20636,-656.905,-548.31744,8.948893,0.03352829
1891.0577392578125,-660.0937753969785,-552.2906036000574,-662.419,-556.717,-657.7685,-547.8642,8.941083,0.00017549643
1892.072021484375,-660.991754207486,-551.8191122305454,-663.33984,-556.23346,-658.6437,-547.4047,8.935923,5.8500795e-05
1893.086181640625,-661.8897330179934,-551.3476208610334,-664.3154,-555.7198,-659.464,-546.9754,8.91825,0.025787331
1894.0992431640625,-662.7740542597884,-550.8533239800811,-665.2557,-555.19403,-660.2924,-546.51263,8.905416,0.011715635
1895.112060546875,-663.6522123019639,-550.3487357418311,-666.15356,-554.6781,-661.1509,-546.0194,8.900863,0.0
1896.1248779296875,-664.5303703441394,-549.8441475035813,-667.08,-554.14526,-661.9808,-545.5431,8.889677,0.011882982
1897.1368408203125,-665.4016460365682,-549.3295284180836,-668.0101,-553.5952,-662.7933,-545.06384,8.875958,0.018942278
1898.1475830078125,-666.2619100512665,-548.7988600963041,-668.88794,-553.0538,-663.63586,-544.544,8.871813,0.0
1899.158447265625,-667.1221740659646,-548.2681917745248,-669.7849,-552.5002,-664.4595,-544.0362,8.863168,0.0026603483
1900.1690673828125,-667.980850101121,-547.7353096757258,-670.7195,-551.9186,-665.2422,-543.552,8.845129,0.03059192
1901.1781005859375,-668.821309141402,-547.1770315541459,-671.58844,-551.3415,-666.05414,-543.0125,8.838303,2.9711098e-05
1902.18701171875,-669.661768181683,-546.6187534325658,-672.4507,-550.7687,-666.8728,-542.4689,8.833053,2.9711098e-05
1903.196044921875,-670.502227221964,-546.0604753109859,-673.35864,-550.16425,-667.64575,-541.9567,8.816702,0.025505468
1904.203857421875,-671.327064359801,-545.4814085372398,-674.2248,-549.5561,-668.4294,-541.4067,8.806606,0.0073959823
1905.21142578125,-672.1473854531068,-544.8963320934633,-675.0644,-548.95734,-669.2304,-540.8354,8.801876,5.9669626e-05
1906.218994140625,-672.9677065464124,-544.3112556496872,-675.9415,-548.33075,-669.9939,-540.2918,8.7878,0.016866395
1907.2261962890625,-673.7776364472234,-543.712614243815,-676.8105,-547.68774,-670.7448,-539.7374,8.773037,0.018823605
1908.233154296875,-674.5759099894614,-543.0987562915936,-677.6274,-547.05963,-671.5245,-539.1379,8.768356,2.988611e-05
1909.2401123046875,-675.3741835316993,-542.4848983393722,-678.4582,-546.42053,-672.2902,-538.5493,8.760112,0.004842369
1910.2469482421875,-676.1693628413914,-541.8672342658452,-679.3117,-545.7564,-673.02704,-537.9781,8.745199,0.024136985
1911.2535400390625,-676.9490938259847,-541.2305676776658,-680.1107,-545.1041,-673.7875,-537.35706,8.740233,2.991687e-05
1912.26025390625,-677.7288248105783,-540.5939010894862,-680.9169,-544.4457,-674.5408,-536.74207,8.733386,5.983374e-05
1913.266845703125,-678.5085557951714,-539.9572345013067,-681.7681,-543.74866,-675.24896,-536.1658,8.714663,0.030867144
1914.2744140625,-679.2687861980247,-539.2960346984177,-682.5665,-543.0544,-675.97107,-535.53766,8.70457,0.0049515194
1915.2821044921875,-680.0259061251762,-538.6309216805668,-683.3374,-542.37714,-676.71436,-534.8847,8.700892,2.981826e-05
1916.2899169921875,-680.7830260523278,-537.9658086627157,-684.137,-541.674,-677.429,-534.2576,8.689494,0.015081842
1917.2979736328125,-681.5301477059895,-537.2891079237226,-684.9224,-540.96234,-678.1379,-533.6159,8.679119,0.011970685
1918.306396484375,-682.2693495589766,-536.6032283558236,-685.6745,-540.2645,-678.8642,-532.9419,8.675617,2.9762326e-05
1919.3148193359375,-683.0085514119637,-535.9173487879245,-686.4419,-539.5522,-679.5752,-532.28253,8.66788,0.0062195463
1920.3233642578125,-683.7435388926946,-535.2267785705155,-687.22,-538.82043,-680.2671,-531.6332,8.655956,0.018251894
1921.33251953125,-684.4661201359066,-534.5224000541706,-687.957,-538.10205,-680.9753,-530.94275,8.651943,0.0
1922.3416748046875,-685.1887013791187,-533.8180215378256,-688.68866,-537.3888,-681.6888,-530.2472,8.649398,0.0
1923.3507080078125,-685.9112826223305,-533.1136430214807,-689.43695,-536.659,-682.38556,-529.5683,8.642152,0.012456074
1924.3592529296875,-686.6245101278372,-532.4006610952184,-690.162,-535.9342,-683.08704,-528.86707,8.638826,0.00065458886
1925.36767578125,-687.3372362722781,-531.6872180255181,-690.87897,-535.2165,-683.7955,-528.1579,8.637626,2.9755944e-05
1926.3760986328125,-688.049962416719,-530.9737749558176,-691.6069,-534.4878,-684.4931,-527.4597,8.633319,0.0061648446
1927.3839111328125,-688.757859260701,-530.2563703988923,-692.3269,-533.75806,-685.18884,-526.75464,8.629862,0.0033702746
1928.391357421875,-689.463094522359,-529.5367825393406,-693.0344,-533.03613,-685.8917,-526.0375,8.629197,0.0
1929.39892578125,-690.1683297840169,-528.8171946797892,-693.73944,-532.31683,-686.5972,-525.31757,8.6292715,5.97326e-05
1930.40576171875,-690.8730744773619,-528.0980761485486,-694.4442,-531.5976,-687.3019,-524.5986,8.629248,2.9956691e-05
1931.411376953125,-691.5768679686821,-527.3798676353989,-695.14825,-530.87915,-688.00543,-523.8806,8.629175,3.0014566e-05
1932.4169921875,-692.2806614600023,-526.6616591222493,-695.84894,-530.1641,-688.71234,-523.15924,8.630069,0.00012006623
1933.4224853515625,-692.9844909564129,-525.9435906311344,-696.54614,-529.4528,-689.42285,-522.4344,8.631965,0.0033121977
1934.4259033203125,-693.6892896758687,-525.2292914010649,-697.2478,-528.7417,-690.13074,-521.7169,8.632848,3.0201529e-05
1935.429443359375,-694.3940883953247,-524.5149921709951,-697.9544,-528.02563,-690.8338,-521.0044,8.632353,3.0201529e-05
1936.432861328125,-695.0988871147806,-523.8006929409254,-698.66296,-527.3075,-691.5348,-520.29395,8.631278,0.0015722761
1937.435546875,-695.8019784545314,-523.0857935132353,-699.3683,-526.59033,-692.2357,-519.5813,8.630639,0.0006662072
1938.43798828125,-696.5044427156515,-522.3706736477006,-700.0737,-525.87213,-692.9352,-518.8692,8.629794,6.0595114e-05
1939.4404296875,-697.2069069767717,-521.655553782166,-700.7873,-525.1457,-693.6265,-518.16547,8.626607,0.0036059069
1940.4427490234375,-697.9067311333424,-520.938006950521,-701.49963,-524.4152,-694.31384,-517.46075,8.62302,0.004698432
1941.4449462890625,-698.6030116866167,-520.2172025944296,-702.1997,-523.6905,-695.00635,-516.74396,8.621925,6.0637838e-05
1942.4471435546875,-699.2992922398907,-519.4963982383383,-702.8945,-522.9713,-695.70416,-516.0215,8.622377,0.00012130727
1943.4490966796875,-699.9955698345797,-518.77579019357,-703.5887,-522.2528,-696.4024,-515.2988,8.622959,0.0009721176
1944.4501953125,-700.6918262378971,-518.0565882621344,-704.28406,-521.5345,-697.0996,-514.5787,8.623212,3.0424624e-05
1945.451171875,-701.3880826412144,-517.3373863306989,-704.9808,-520.8148,-697.79535,-513.86,8.623076,3.0424624e-05
1946.4522705078125,-702.0843390445319,-516.6181843992632,-705.6781,-520.09454,-698.4906,-513.1418,8.622783,0.00045683704
1947.4525146484375,-702.7797799697923,-515.8991433336719,-706.37384,-519.3752,-699.1857,-512.42316,8.622679,0.00021346344
1948.4527587890625,-703.4750395446708,-515.1801380422892,-707.0715,-518.6537,-699.8786,-511.70654,8.622008,6.1001203e-05
1949.452880859375,-704.1702991195493,-514.4611327509065,-707.7751,-517.926,-700.5655,-510.99622,8.619599,0.0030508013
1950.452880859375,-704.863256487486,-513.7401332538449,-708.47614,-517.1966,-701.2504,-510.28363,8.617263,0.0029303415
1951.45263671875,-705.5540338892015,-513.0172454378235,-709.1698,-516.4707,-701.93823,-509.56384,8.616417,0.0
1952.4525146484375,-706.2448112909171,-512.2943576218021,-709.8686,-515.7394,-702.62103,-508.84937,8.614092,0.0015875954
1953.452392578125,-706.9343983034936,-511.57039390521425,-710.5713,-515.0016,-703.2975,-508.13925,8.610277,0.0060467836
1954.4521484375,-707.619485509145,-510.8423631615856,-711.2623,-514.2673,-703.9767,-507.41748,8.608559,0.0
1955.4517822265625,-708.3045727147964,-510.11433241795675,-711.94006,-513.54694,-704.66907,-506.6817,8.610682,0.0
1956.4515380859375,-708.9896599204479,-509.3863016743281,-712.60944,-512.8356,-705.36993,-505.93704,8.615266,0.0077750986
1957.4498291015625,-709.6794270352988,-508.6646345810954,-713.2913,-512.12213,-706.06757,-505.20712,8.61755,0.00079773867
1958.447998046875,-710.3696867617915,-507.94363733168615,-713.97906,-511.40378,-706.7603,-504.4835,8.618276,6.137609e-05
1959.4461669921875,-711.0599464882844,-507.2226400822769,-714.6609,-510.69153,-707.459,-503.75372,8.620709,0.0033791007
1960.443603515625,-711.7521547457808,-506.504432075739,-715.3454,-509.9813,-708.1589,-503.02756,8.62292,0.0023076672
1961.440673828125,-712.4456602527299,-505.7880810290244,-716.0396,-509.26422,-708.85175,-502.31195,8.622717,6.157725e-05
1962.437744140625,-713.1391657596789,-505.0717299823099,-716.748,-508.53244,-709.53033,-501.611,8.618434,0.0035719448
1963.4346923828125,-713.8300145855037,-504.3529108229034,-717.4587,-507.79276,-710.20135,-500.91306,8.612671,0.00862433
1964.4315185546875,-714.51454151565,-503.6282184893256,-718.15063,-507.06018,-710.8784,-500.19623,8.610504,0.0
1965.4283447265625,-715.1990684457962,-502.9035261557476,-718.8309,-506.34015,-711.5673,-499.46692,8.611781,0.0001232211
1966.4251708984375,-715.8835953759425,-502.1788338221698,-719.5074,-505.62384,-712.2598,-498.73383,8.614095,0.00407662
1967.42041015625,-716.569970843738,-501.4581619961017,-720.19037,-504.9067,-712.9495,-498.0096,8.61507,0.00012383971
1968.4156494140625,-717.2563622437715,-500.73752482211756,-720.8747,-504.18823,-713.638,-497.2868,8.615668,6.191799e-05
1969.410888671875,-717.942753643805,-500.0168876481334,-721.55414,-503.47488,-714.33136,-496.55887,8.617688,0.0030394376
1970.4049072265625,-718.6304709920303,-499.2991568622378,-722.2365,-502.7628,-715.0245,-495.83554,8.619246,0.001306073
1971.3983154296875,-719.3187923956418,-498.5827501245892,-722.9253,-502.0459,-715.7123,-495.11963,8.619106,6.224111e-05
1972.391845703125,-720.0071137992534,-497.8663433869406,-723.6201,-501.3227,-716.39417,-494.40997,8.6172285,0.0019934806
1973.384765625,-720.693685603238,-497.1490343973473,-724.3143,-500.5974,-717.07306,-493.70068,8.615018,0.0029968482
1974.3768310546875,-721.3774338731151,-496.43026933797665,-725.0006,-499.87595,-717.7543,-492.9846,8.614281,0.0
1975.3687744140625,-722.0611821429926,-495.71150427860596,-725.6803,-499.16144,-718.442,-492.2616,8.615445,0.0003126205
1976.3607177734375,-722.7450930365203,-494.99300589302254,-726.35706,-498.45044,-719.1332,-491.53558,8.617528,0.0035693645
1977.3516845703125,-723.4309223320786,-494.2776533446804,-727.0403,-497.73773,-719.82153,-490.81757,8.618261,0.0
1978.3427734375,-724.1167516276372,-493.56230079633826,-727.72235,-497.02634,-720.51117,-490.09824,8.619356,0.0
1979.333740234375,-724.8025809231957,-492.8469482479961,-728.39716,-496.3224,-721.20795,-489.37152,8.622524,0.005018652
1980.3245849609375,-725.4918232962527,-492.1351601980558,-729.07886,-495.61844,-721.9048,-488.6519,8.624704,0.0014432959
1981.3153076171875,-726.1820639076986,-491.4244146732683,-729.7711,-494.90564,-722.593,-487.94318,8.624134,0.0
1982.3060302734375,-726.8723045191446,-490.71366914848085,-730.4721,-494.18378,-723.2725,-487.2436,8.621038,0.0036409644
1983.296630859375,-727.5598771443088,-490.0005560284513,-731.17065,-493.4592,-723.9491,-486.5419,8.617861,0.0040821936
1984.287109375,-728.244432398784,-489.2847652662855,-731.8584,-492.7401,-724.6305,-485.8294,8.616955,6.281772e-05
1985.277587890625,-728.9289876532595,-488.5689745041195,-732.54266,-492.02466,-725.31537,-485.11328,8.617041,0.00012569275
1986.2677001953125,-729.6133402891256,-487.8533682551716,-733.2272,-491.30884,-725.9995,-484.3979,8.616981,0.0
1987.2564697265625,-730.296666337786,-487.1386968606766,-733.91144,-490.5932,-726.68195,-483.6842,8.616715,0.00012627301
1988.2452392578125,-730.9799923864463,-486.4240254661815,-734.5883,-489.8852,-727.37164,-482.96283,8.618562,0.00012627301
1989.2340087890625,-731.6633184351066,-485.70935407168645,-735.2561,-489.1867,-728.07056,-482.232,8.623057,0.0075902035
1990.2215576171875,-732.3511151280876,-485.0006577468189,-735.935,-488.4872,-728.7673,-481.51413,8.625617,0.001204381
1991.2088623046875,-733.0396371793599,-484.2929308719873,-736.62415,-487.77878,-729.4551,-480.8071,8.6254225,6.340465e-05
1992.1962890625,-733.7281592306327,-483.5852039971558,-737.31604,-487.0676,-730.14026,-480.1028,8.624462,0.0012683104
1993.18359375,-734.4156971638452,-482.8767409270336,-738.0065,-486.3562,-730.82495,-479.39728,8.623639,0.0010150974
1994.170654296875,-735.1024491052867,-482.16768987518054,-738.6949,-485.64542,-731.5101,-478.68997,8.623156,0.0
1995.15771484375,-735.7892010467281,-481.4586388233274,-739.389,-484.92874,-732.1894,-477.98856,8.621035,0.0016499119
1996.1448974609375,-736.4748086069209,-480.74843237028387,-740.0855,-484.20715,-732.8641,-477.28973,8.617878,0.004948328
1997.1322021484375,-737.1570108331239,-480.03478779122236,-740.77203,-483.48895,-733.54193,-476.58063,8.616622,6.342436e-05
1998.1195068359375,-737.839213059327,-479.32114321216073,-741.4511,-482.77863,-734.22736,-475.86365,8.617542,6.342649e-05
1999.106689453125,-738.5214152855301,-478.60749863309917,-742.1271,-482.0715,-734.9158,-475.14352,8.619341,0.0031037226
2000.0948486328125,-739.2065089535827,-477.89531751748086,-742.8092,-481.36234,-735.60376,-474.4283,8.620183,0.00025295984
2001.0831298828125,-739.8917641487172,-477.1832181565689,-743.4932,-480.6516,-736.29034,-473.71484,8.620559,0.0
2002.0714111328125,-740.5770193438519,-476.4711187956569,-744.17395,-479.9442,-736.9801,-472.99805,8.621866,0.0019567013
2003.0609130859375,-741.2644927529601,-475.7594255206023,-744.85724,-479.23676,-737.6717,-472.2821,8.623053,0.001069818
2004.0511474609375,-741.9531995858199,-475.04795804700234,-745.54736,-478.52383,-738.359,-471.57205,8.622653,0.0
2005.0413818359375,-742.6419064186797,-474.33649057340233,-746.2482,-477.79974,-739.0356,-470.87323,8.6191435,0.0033917173
2006.0321044921875,-743.3286506015727,-473.62235098731725,-746.9505,-477.06946,-739.70685,-470.17523,8.61467,0.0064532645
2007.02392578125,-744.0115545410263,-472.90298297914285,-747.6393,-476.3438,-740.3838,-469.46216,8.612941,6.254696e-05
2008.015869140625,-744.69445848048,-472.18361497096845,-748.3118,-475.63535,-741.0771,-468.7319,8.615949,0.00037516505
2009.0079345703125,-745.3777270358742,-471.46438795174345,-748.9747,-474.93747,-741.7808,-467.9913,8.621867,0.010372784
2010.0042724609375,-746.0714238898694,-470.7491933257869,-749.6595,-474.2314,-742.48334,-467.267,8.624407,0.0
2011.0006103515625,-746.7651207438648,-470.0339986998302,-750.35333,-473.51608,-743.17694,-466.5519,8.624372,0.0
2011.9969482421875,-747.4588175978602,-469.31880407387365,-751.0443,-472.80365,-743.8733,-465.83398,8.625139,0.0012278449
2012.9967041015625,-748.1557316307133,-468.60198503078084,-751.73895,-472.0892,-744.5726,-465.11478,8.625802,0.0003657726
2013.9976806640625,-748.8538395272345,-467.88456318234626,-752.43994,-471.36877,-745.2677,-464.40033,8.624969,6.0850303e-05
2014.9986572265625,-749.5519474237559,-467.16714133391173,-753.1519,-470.63702,-745.95197,-463.69727,8.62098,0.0044925814
2016.001220703125,-750.2479183660334,-466.44556381207497,-753.8633,-469.8994,-746.63257,-462.9917,8.616535,0.0058578146
2017.0057373046875,-750.9409970734235,-465.71836184430913,-754.56104,-469.16733,-747.3209,-462.26938,8.615187,6.0203245e-05
2018.0103759765625,-751.6340757808136,-464.9911598765433,-755.25793,-468.43613,-748.01025,-461.54617,8.614084,0.0005413826
2019.0155029296875,-752.3271423627115,-464.2631819650735,-755.9591,-467.6996,-748.6952,-460.82678,8.611722,0.0038833565
2020.024658203125,-753.0201204218881,-463.52953924048984,-756.6549,-466.96295,-749.3854,-460.09613,8.610895,5.9386e-05
2021.0338134765625,-753.713098481065,-462.7958965159062,-757.3514,-466.2256,-750.07477,-459.3662,8.609877,5.9386e-05
2022.04296875,-754.4060765402418,-462.0622537913225,-758.0543,-465.48138,-750.7578,-458.64313,8.606974,0.0046657557
2023.0557861328125,-755.0980911836805,-461.32267184005894,-758.7515,-464.7362,-751.44464,-457.90912,8.605442,0.0009973433
2024.0694580078125,-755.7898886408511,-460.58175098760586,-759.44965,-463.9886,-752.1302,-457.17493,8.603612,0.00011719315
2025.0831298828125,-756.481686098022,-459.8408301351528,-760.1622,-463.22525,-752.8012,-456.4564,8.597502,0.0075438633
2026.09814453125,-757.1687203596218,-459.0936057967663,-760.8689,-462.45642,-753.4685,-455.73077,8.591651,0.00710534
2027.1146240234375,-757.8512074520374,-458.3403638560025,-761.5588,-461.695,-754.1436,-454.98572,8.589442,5.8120204e-05
2028.131103515625,-758.5336945444529,-457.58712191523887,-762.26514,-460.91525,-754.80225,-454.259,8.582311,0.004764692
2029.147705078125,-759.2126269571872,-456.83047958543574,-762.98254,-460.115,-755.44275,-453.54596,8.570684,0.0181641
2030.1650390625,-759.8779553687369,-456.06082373524043,-763.6597,-459.33163,-756.0961,-452.79,8.567055,0.0
2031.182373046875,-760.5432837802865,-455.2911678850451,-764.34436,-458.53952,-756.7422,-452.04282,8.561131,0.0
2032.19970703125,-761.2086121918359,-454.5215120348498,-765.0598,-457.71027,-757.3574,-451.33276,8.545554,0.025918696
2033.2169189453125,-761.8532565461538,-453.73472200548326,-765.7277,-456.89517,-757.9788,-450.57425,8.538232,0.002725851
2034.234130859375,-762.4956721432778,-452.94608572686974,-766.3903,-456.08163,-758.601,-449.81052,8.531824,5.799768e-05
2035.2513427734375,-763.1380877404016,-452.15744944825616,-767.097,-455.21143,-759.17914,-449.10345,8.511048,0.028041622
2036.2664794921875,-763.7564497609297,-451.3524314620298,-767.7688,-454.3359,-759.74414,-448.36893,8.493363,0.019049631
2037.2806396484375,-764.3586616498853,-450.53641441575627,-768.3875,-453.49753,-760.3298,-447.5753,8.4878,0.0
2038.2947998046875,-764.9608735388406,-449.7203973694826,-769.02026,-452.63956,-760.9015,-446.80124,8.477423,0.009307758
2039.3087158203125,-765.5551673602903,-448.89899650053223,-769.65826,-451.75638,-761.4521,-446.0416,8.462285,0.022388486
2040.3221435546875,-766.1304338662349,-448.06465817018545,-770.2451,-450.9053,-762.01575,-445.22403,8.458207,0.0
2041.3355712890625,-766.7057003721794,-447.23031983983856,-770.84784,-450.0308,-762.56354,-444.42984,8.448484,5.864109e-05
2042.3489990234375,-767.2809668781239,-446.3959815094918,-771.48816,-449.09772,-763.0737,-443.69427,8.424829,0.041318312
2043.361083984375,-767.8200456816191,-445.53948501228575,-772.0541,-448.199,-763.58606,-442.87997,8.4148245,0.00047105312
2044.3731689453125,-768.3587375209559,-444.6827515722564,-772.6047,-447.32327,-764.11285,-442.0422,8.410351,5.8888556e-05
2045.3851318359375,-768.8974293602927,-443.8260181322271,-773.18567,-446.39716,-764.60913,-441.25488,8.394088,0.023635294
2046.3966064453125,-769.4150807518248,-442.95704832091826,-773.73334,-445.4775,-765.09686,-440.4366,8.382309,0.011030767
2047.407958984375,-769.9230558728503,-442.0824511370544,-774.2539,-444.58118,-765.59216,-439.58374,8.377286,5.8991904e-05
2048.41943359375,-770.4310309938755,-441.2078539531905,-774.7971,-443.6445,-766.06494,-438.7712,8.36301,0.014936689
2049.430419921875,-770.9254990996989,-440.32613978437416,-775.33356,-442.686,-766.5174,-437.96628,8.345511,0.024177894
2050.44091796875,-771.3979805624873,-439.43284062766094,-775.8186,-441.7692,-766.9774,-437.09647,8.340184,0.0
2051.451416015625,-771.8704620252757,-438.5395414709477,-776.3131,-440.8337,-767.42786,-436.2454,8.33066,0.0028392838
2052.4619140625,-772.3403531701067,-437.6449678828128,-776.8284,-439.84888,-767.85223,-435.44104,8.3104515,0.034213793
2053.47216796875,-772.7788012003417,-436.7349243431527,-777.2844,-438.90277,-768.2732,-434.56708,8.302429,5.9214246e-05
2054.482421875,-773.2172492305766,-435.82488080349265,-777.7298,-437.97815,-768.70465,-433.67163,8.299199,0.0
2055.49267578125,-773.655697260812,-434.9148372638327,-778.19257,-437.01645,-769.11884,-432.8132,8.287783,0.017752256
2056.503173828125,-774.0779235512817,-433.9966718064657,-778.6292,-436.06686,-769.5267,-431.92648,8.280868,0.005320808
2057.513916015625,-774.4953501068189,-433.07610321277065,-779.0563,-435.12497,-769.93445,-431.02725,8.276184,5.910321e-05
2058.524658203125,-774.9127766623565,-432.1555346190756,-779.5046,-434.1343,-770.321,-430.1768,8.260871,0.01802957
2059.535400390625,-775.3132786153433,-431.227615283293,-779.9363,-433.13232,-770.6903,-429.32288,8.244801,0.020627325
2060.54638671875,-775.6944825416723,-430.29131437303397,-780.3273,-432.17197,-771.06165,-428.41068,8.239599,5.9078713e-05
2061.557373046875,-776.0756864680014,-429.3550134627751,-780.7297,-431.18265,-771.4217,-427.52737,8.228184,0.0064988746
2062.568359375,-776.4507537641693,-428.41628079952574,-781.1413,-430.14804,-771.7602,-426.68454,8.20766,0.033187594
2063.579833984375,-776.7942638830648,-427.465043022202,-781.49677,-429.16394,-772.09174,-425.76617,8.200659,5.8999707e-05
2064.59130859375,-777.1377740019605,-426.51380524487826,-781.8541,-428.1738,-772.4214,-424.8538,8.192409,0.0
2065.602783203125,-777.4812841208559,-425.5625674675546,-782.2345,-427.11392,-772.728,-424.0112,8.169464,0.037500013
2066.61474609375,-777.7885661962939,-424.5984344216237,-782.56067,-426.09082,-773.0165,-423.10602,8.157082,0.0062417802
2067.626953125,-778.0898704811956,-423.63217359822306,-782.8694,-425.1005,-773.3103,-422.16385,8.152042,0.00011773228
2068.63916015625,-778.3911747660975,-422.66591277482246,-783.1931,-424.05933,-773.58923,-421.27252,8.136401,0.020530714
2069.65185546875,-778.672495149594,-421.69317763843577,-783.4938,-423.01788,-773.8512,-420.36847,8.122128,0.016385067
2070.6650390625,-778.9377228176862,-420.7152288416025,-783.7657,-422.01562,-774.1098,-419.41486,8.117083,0.000117333744
2071.67822265625,-779.2029504857785,-419.73728004476936,-784.0463,-420.97894,-774.35956,-418.4956,8.104944,0.009558615
2072.69189453125,-779.4588199667529,-418.75653509622487,-784.3245,-419.9076,-774.5931,-417.60547,8.086278,0.028487178
2073.70703125,-779.6865388445874,-417.76737897186683,-784.55896,-418.8897,-774.8141,-416.64502,8.080378,5.836453e-05
2074.721923828125,-779.9142577224221,-416.77822284750874,-784.7946,-417.86542,-775.0339,-415.69104,8.073169,5.836453e-05
2075.737060546875,-780.1419766002568,-415.78906672315077,-785.04193,-416.7841,-775.242,-414.79404,8.054324,0.03220338
2076.753662109375,-780.3375845166435,-414.7914442659715,-785.2458,-415.745,-775.4294,-413.8379,8.045869,0.0018585853
2077.7705078125,-780.5313255859551,-413.79332959840826,-785.44446,-414.72113,-775.61816,-412.86554,8.040623,0.0
2078.787353515625,-780.7250666552666,-412.7952149308451,-785.6536,-413.63724,-775.79645,-411.95322,8.023189,0.024400381
2079.805419921875,-780.894093460706,-411.7912602586346,-785.8338,-412.5655,-775.9544,-411.01703,8.009455,0.013745072
2080.824462890625,-781.0492559001781,-410.78402942322964,-785.9927,-411.53427,-776.10583,-410.03378,8.004601,5.766525e-05
2081.843505859375,-781.2044183396501,-409.7767985878246,-786.1561,-410.46997,-776.2527,-409.08362,7.9930634,0.011063619
2082.863037109375,-781.3482030997872,-408.7673554226584,-786.31,-409.38416,-776.3864,-408.15057,7.9776535,0.021950059
2083.884033203125,-781.4695219589223,-407.75354388148753,-786.43414,-408.3477,-776.50494,-407.1594,7.9730945,0.0
2084.905029296875,-781.5908408180576,-406.73973234031666,-786.55963,-407.29745,-776.622,-406.18204,7.9657583,0.0008600407
2085.926025390625,-781.7111662820831,-405.72576592916164,-786.6888,-406.19843,-776.7336,-405.2531,7.9486556,0.029345294
2086.94873046875,-781.8011951039393,-404.707076281048,-786.7818,-405.14743,-776.8206,-404.2667,7.942172,0.0
2087.971435546875,-781.8912239257954,-403.6883866329342,-786.8746,-404.09616,-776.9079,-403.2806,7.9356303,5.7069316e-05
2088.994140625,-781.9812527476515,-402.6696969848205,-786.9719,-402.97504,-776.9906,-402.36438,7.915084,0.030681612
2090.0185546875,-782.0394371520081,-401.6468941630673,-787.0339,-401.88293,-777.045,-401.41083,7.901211,0.011394874
2091.0439453125,-782.0856822440696,-400.6225492039959,-787.08136,-400.8311,-777.09,-400.41403,7.8956976,5.661411e-05
2092.0693359375,-782.1319273361313,-399.5982042449245,-787.1301,-399.7314,-777.13367,-399.465,7.880627,0.016563404
2093.095703125,-782.1606715461622,-398.57221409652294,-787.1604,-398.61948,-777.1609,-398.52493,7.863438,0.022631643
2094.1240234375,-782.1655312006789,-397.54397865466603,-787.16547,-397.56436,-777.1656,-397.5236,7.8580604,5.614307e-05
2095.15234375,-782.1703908551954,-396.51574321280907,-787.1703,-396.47916,-777.17053,-396.55234,7.846666,0.00493915
2096.1806640625,-782.1701122402536,-395.4873176801705,-787.16797,-395.34015,-777.17224,-395.63446,7.824545,0.036086917
2097.211181640625,-782.1315886622893,-394.4574772713807,-787.12805,-394.26938,-777.13513,-394.6456,7.8163486,5.5766293e-05
2098.24169921875,-782.0930650843252,-393.4276368625909,-787.0883,-393.2102,-777.09784,-393.64508,7.810479,5.5763823e-05
2099.272216796875,-782.054541506361,-392.3977964538011,-787.04517,-392.0909,-777.06396,-392.70468,7.7925653,0.028098378
2100.302978515625,-781.9862535597341,-391.3692647046685,-786.9734,-391.01065,-776.99915,-391.72787,7.7821956,0.0064626853
2101.333984375,-781.9111645424134,-390.3410319804185,-786.89655,-389.9584,-776.92584,-390.72366,7.777382,5.5698623e-05
2102.364990234375,-781.8360755250926,-389.31279925616843,-786.81525,-388.8573,-776.8569,-389.7683,7.7627544,0.017781185
2103.3955078125,-781.7420399610304,-388.28661601155346,-786.7142,-387.75897,-776.76996,-388.81427,7.7482557,0.017294595
2104.42578125,-781.6297692448135,-387.26240529383193,-786.5994,-386.71268,-776.6601,-387.8121,7.7438154,0.0
2105.4560546875,-781.5174985285967,-386.23819457611046,-786.4837,-385.65765,-776.55133,-386.81873,7.737612,0.004358447
2106.4853515625,-781.400823676884,-385.21543695915045,-786.3605,-384.58157,-776.44116,-385.84927,7.7268696,0.016648242
2107.51123046875,-781.2670830047585,-384.19831004012406,-786.2245,-383.54703,-776.3097,-384.84958,7.723355,5.6532506e-05
2108.537109375,-781.133342332633,-383.1811831210977,-786.0877,-382.50702,-776.179,-383.85535,7.71874,0.0001130637
2109.56298828125,-780.9996016605077,-382.16405620207144,-785.94525,-381.42902,-776.0539,-382.8991,7.7064366,0.020319665
2110.584228515625,-780.8453643575806,-381.1545172430055,-785.7862,-380.38794,-775.9045,-381.92108,7.7000575,0.002236393
2111.60498046875,-780.6888671954457,-380.1458148956418,-785.629,-379.37454,-775.74866,-380.91708,7.699112,0.0
2112.625732421875,-780.5323700333108,-379.1371125482782,-785.47003,-378.35007,-775.59467,-379.92416,7.6959147,0.0043355287
2113.6416015625,-780.3721480166164,-378.1340312312691,-785.30756,-377.33298,-775.4367,-378.9351,7.69308,0.0029261217
2114.654052734375,-780.2094037981343,-377.13475606899215,-785.1443,-376.33035,-775.27454,-377.93918,7.692395,0.00011762241
2115.66650390625,-780.0466595796521,-376.13548090671515,-784.9813,-375.33005,-775.11194,-376.9409,7.6921954,0.00029511732
2116.676513671875,-779.8840434498253,-375.13864284571446,-784.8184,-374.33118,-774.94965,-375.9461,7.6917796,0.0007171121
2117.6806640625,-779.7217381598057,-374.14771903284856,-784.6562,-373.34076,-774.7873,-374.95465,7.691882,0.0
2118.684814453125,-779.5594328697858,-373.15679521998254,-784.49225,-372.33975,-774.62665,-373.97385,7.6898355,6.0286362e-05
2119.68896484375,-779.397127579766,-372.1658714071165,-784.32605,-371.32578,-774.46826,-373.00595,7.685162,0.008333844
2120.68701171875,-779.2276859210837,-371.1822478983007,-784.1549,-370.33224,-774.3004,-372.03226,7.6831536,0.0
2121.68505859375,-779.0581530866016,-370.19871765975836,-783.9849,-369.3462,-774.1314,-371.05127,7.6826344,6.139568e-05
2122.68310546875,-778.8886202521195,-369.21518742121617,-783.81354,-368.3519,-773.9637,-370.07846,7.6804576,0.0032113811
2123.67724609375,-778.7166079844922,-368.23605752010064,-783.6401,-367.3644,-773.79315,-369.1077,7.67876,0.0014950851
2124.66943359375,-778.5434446674948,-367.25897042688666,-783.467,-366.38766,-773.61993,-368.13028,7.6788287,0.0
2125.66162109375,-778.3702813504976,-366.28188333367285,-783.29535,-365.41946,-773.44525,-367.14432,7.680629,0.001817039
2126.65185546875,-778.1992414262659,-365.30649645260485,-783.1261,-364.45465,-773.27234,-366.15833,7.6827817,0.0030953342
2127.638671875,-778.0316879467099,-364.3339011867671,-782.95917,-363.4855,-773.1042,-365.18228,7.683477,0.0
2128.62548828125,-777.864134467154,-363.3613059209294,-782.7917,-362.51312,-772.9366,-364.20947,7.68352,6.35184e-05
2129.612060546875,-777.6966615205158,-362.38895806159996,-782.6244,-361.54208,-772.7689,-363.2358,7.6837916,0.00051085744
2130.595458984375,-777.5301952063362,-361.41970269449337,-782.4582,-360.57425,-772.60223,-362.26517,7.6840715,0.0
2131.578857421875,-777.3637288921569,-360.4504473273868,-782.2906,-359.59845,-772.4368,-361.30243,7.682749,6.41695e-05
2132.562255859375,-777.1972625779775,-359.4811919602801,-782.12115,-358.612,-772.2734,-360.3504,7.679256,0.0055932836
2133.54443359375,-777.0256887130133,-358.5140718786405,-781.9476,-357.63358,-772.1038,-359.39456,7.676959,0.0016110819
2134.5263671875,-776.8525861111583,-357.54759090756534,-781.7742,-356.6656,-771.931,-358.42957,7.676654,6.448196e-05
2135.50830078125,-776.6794835093032,-356.5811099364903,-781.60095,-355.69833,-771.75806,-357.4639,7.676495,0.0001933945
2136.490234375,-776.506111075063,-355.61450072499025,-781.42737,-354.73062,-771.58484,-356.49838,7.6762695,0.00025770286
2137.472412109375,-776.332428442286,-354.6477440886648,-781.25366,-353.7637,-771.41125,-355.53177,7.676243,6.440859e-05
2138.45458984375,-776.1587458095087,-353.6809874523395,-781.0808,-352.80176,-771.2367,-354.56024,7.6772137,0.00064347044
2139.4375,-775.9854529258602,-352.71353058043405,-780.909,-351.84235,-771.06195,-353.58472,7.6788535,0.0027506547
2140.423583984375,-775.8141946013833,-351.7424183553363,-780.73834,-350.87466,-770.8901,-352.6102,7.679548,0.0
2141.40966796875,-775.6429362769064,-350.7713061302385,-780.56665,-349.90134,-770.71924,-351.64127,7.679099,0.0
2142.395751953125,-775.4716779524297,-349.8001939051407,-780.39465,-348.92593,-770.5487,-350.67447,7.678225,0.0015168189
2143.386474609375,-775.2981813337299,-348.824714018772,-780.22064,-347.94788,-770.3757,-349.70154,7.6777015,0.00018803733
2144.3779296875,-775.1243091897994,-347.84850135697536,-780.04706,-346.973,-770.2016,-348.72403,7.677972,6.260468e-05
2145.36962890625,-774.950437045869,-346.87228869517884,-779.8741,-346.00174,-770.0268,-347.74283,7.67898,0.0013102263
2146.363525390625,-774.7774664255927,-345.8936548040135,-779.70184,-345.0274,-769.8531,-346.7599,7.679856,0.0011162728
2147.359130859375,-774.605227788758,-344.91305501899933,-779.53,-344.04935,-769.6804,-345.77676,7.680368,6.18474e-05
2148.354736328125,-774.4329891519234,-343.93245523398514,-779.35986,-343.0806,-769.5061,-344.78433,7.682776,0.0018537249
2149.350830078125,-774.2624506240061,-342.9509532816554,-779.1924,-342.1168,-769.3325,-343.78513,7.686367,0.005663928
2150.348876953125,-774.097082273234,-341.96670776108215,-779.0283,-341.1401,-769.1659,-342.7933,7.6878967,6.1393715e-05
2151.346923828125,-773.9317139224619,-340.982462240509,-778.8614,-340.1468,-769.002,-341.8181,7.686062,6.1396495e-05
2152.344970703125,-773.7663455716898,-339.99821671993584,-778.69275,-339.1435,-768.83997,-340.85297,7.6821876,0.006753334
2153.343017578125,-773.5943708057989,-339.015070512031,-778.51917,-338.15103,-768.66956,-339.87912,7.680303,0.00030693357
2154.341064453125,-773.4219968755939,-338.03199072538166,-778.3468,-337.16794,-768.4972,-338.89603,7.6803,0.0
2155.339111328125,-773.2496229453888,-337.04891093873243,-778.17413,-336.18326,-768.32513,-337.91458,7.6799703,0.000552841
2156.3369140625,-773.0768531803216,-336.0663201527275,-778.00104,-335.19897,-768.15265,-336.93365,7.679634,0.00018445932
2157.334228515625,-772.9038593882888,-335.08400612185693,-777.8284,-334.21887,-767.9793,-335.94916,7.680076,0.0
2158.331787109375,-772.7308655962561,-334.1016920909864,-777.65784,-333.25015,-767.80396,-334.95322,7.6828384,0.0025839068
2159.3291015625,-772.5604793762081,-333.1190907416567,-777.4905,-332.28525,-767.6305,-333.9529,7.686435,0.0051717334
2160.325927734375,-772.3952891967555,-332.135916860337,-777.32623,-331.308,-767.4643,-332.96384,7.68763,6.1596926e-05
2161.322998046875,-772.2300990173028,-331.15274297901715,-777.1615,-330.32742,-767.2987,-331.97806,7.6881576,0.0
2162.31982421875,-772.0649895923497,-330.16957432180425,-776.9976,-329.35147,-767.1324,-330.9877,7.6896167,0.0025895748
2163.316162109375,-771.9025172265626,-329.1865762591621,-776.83575,-328.37225,-766.9693,-330.00092,7.6903877,0.0
2164.3125,-771.7400448607756,-328.20357819651986,-776.6724,-327.384,-766.8077,-329.02316,7.6893206,6.17105e-05
2165.308837890625,-771.5775724949885,-327.2205801338778,-776.5077,-326.3876,-766.64746,-328.05356,7.6866064,0.0041384073
2166.3046875,-771.4111576635918,-326.2388708312549,-776.3396,-325.39612,-766.48267,-327.0816,7.6846223,0.0015462143
2167.300048828125,-771.2432494890817,-325.2576496903792,-776.17194,-324.41644,-766.3145,-326.09888,7.6849365,0.0
2168.295654296875,-771.0753413145715,-324.2764285495035,-776.0061,-323.44745,-766.14453,-325.1054,7.687416,0.002721144
2169.29150390625,-770.9100039472298,-323.2944978269922,-775.8431,-322.47882,-765.977,-324.11017,7.690117,0.0036452669
2170.28759765625,-770.7482045183516,-322.31159057998985,-775.68195,-321.49997,-765.8145,-323.1232,7.690936,6.174761e-05
2171.28369140625,-770.5864050894734,-321.3286833329875,-775.52045,-320.51913,-765.6524,-322.1382,7.691357,0.00024692313
2172.280029296875,-770.4247910544245,-320.3455634016898,-775.3596,-319.54086,-765.49,-321.15024,7.6923385,0.0016629222
2173.277587890625,-770.2645842994795,-319.3608290349032,-775.19995,-318.55942,-765.3292,-320.16226,7.693005,6.1462924e-05
2174.275390625,-770.1043775445346,-318.3760946681165,-775.0381,-317.56448,-765.17065,-319.1877,7.690939,0.0
2175.273193359375,-769.9441707895894,-317.39136030132977,-774.8736,-316.55438,-765.0147,-318.22833,7.6857934,0.008278044
2176.2724609375,-769.7755197432436,-316.4064548430027,-774.7024,-315.55432,-764.84863,-317.2586,7.682717,0.0018342278
2177.27197265625,-769.6049132026598,-315.42150976400114,-774.5311,-314.56577,-764.6787,-316.27725,7.6819854,0.0
2178.271484375,-769.434306662076,-314.43656468499955,-774.359,-313.57187,-764.50964,-315.30124,7.680172,0.0023264114
2179.269775390625,-769.2616355762755,-313.45323550576467,-774.18475,-312.57962,-764.33856,-314.32687,7.6783557,0.002211993
2180.26708984375,-769.0869612190318,-312.4714742679006,-774.0095,-311.5947,-764.1644,-313.34824,7.6777167,6.15535e-05
2181.26416015625,-768.9122868617881,-311.48971303003657,-773.8333,-310.60437,-763.9913,-312.37506,7.675976,0.0011711721
2182.260498046875,-768.7366250216002,-310.50905091415603,-773.655,-309.60956,-763.81824,-311.40857,7.673095,0.0047782557
2183.253173828125,-768.5570884972535,-309.53270153153744,-773.47437,-308.62708,-763.6398,-310.43835,7.6718464,0.0001247762
2184.245849609375,-768.3775519729069,-308.5563521489188,-773.29596,-307.65686,-763.45917,-309.45587,7.6730943,0.0001247762
2185.238525390625,-768.1980154485602,-307.58000276630025,-773.1188,-306.69348,-763.2772,-308.46655,7.67573,0.004504405
2186.2294921875,-768.0231650031799,-306.6046707024896,-772.9455,-305.72647,-763.1009,-307.48288,7.677427,0.0003765245
2187.22021484375,-767.8488430032974,-305.62945336093367,-772.76904,-304.73984,-762.9286,-306.51907,7.675107,0.00012554735
2188.2109375,-767.674521003415,-304.65423601937766,-772.58795,-303.728,-762.76105,-305.58047,7.6676545,0.0101837395
2189.20068359375,-767.4904591052799,-303.68173692975625,-772.3984,-302.72632,-762.5826,-304.63715,7.6617155,0.0070562824
2190.18994140625,-767.2997461135175,-302.711094055431,-772.2033,-301.7338,-762.3962,-303.6884,7.6572566,0.0
2191.17919921875,-767.109033121755,-301.74045118110575,-771.99164,-300.6633,-762.2264,-302.8176,7.6368523,0.017747631
2192.167236328125,-766.9015331188457,-300.7743191089595,-771.7513,-299.5577,-762.0518,-301.99094,7.608189,0.043676347
2193.154052734375,-766.6528911992311,-299.81924219403584,-771.4938,-298.56802,-761.812,-301.07047,7.601047,0.0
2194.140869140625,-766.4042492796167,-298.86416527911217,-771.21436,-297.49933,-761.5941,-300.229,7.5775084,0.0
2195.127685546875,-766.1556073600024,-297.9090883641885,-770.8814,-296.27615,-761.42975,-299.54202,7.5212884,0.10029653
2196.121337890625,-765.8111066211808,-296.97698175967366,-770.4986,-295.23715,-761.1236,-298.71683,7.498576,0.0014302279
2197.115234375,-765.4651806737095,-296.0452166728757,-770.1193,-294.2179,-760.8111,-297.87256,7.479851,6.216559e-05
2198.109130859375,-765.1192547262383,-295.11345158607776,-769.6534,-293.00595,-760.58514,-297.22098,7.418879,0.089877225
2199.117431640625,-764.6846902519585,-294.20354913813355,-769.12366,-291.90234,-760.2457,-296.50476,7.375713,0.04062746
2200.13525390625,-764.2085884483893,-293.3038918472547,-768.5956,-290.90497,-759.82166,-295.70282,7.3535733,5.7876507e-05
2201.153076171875,-763.73248664482,-292.40423455637585,-767.9405,-289.70377,-759.5245,-295.1047,7.2834363,0.07194556
2202.17626953125,-763.1888010134501,-291.5374787424442,-767.15314,-288.49054,-759.2244,-294.5844,7.198691,0.11488855
2203.219970703125,-762.5331829256963,-290.7252144134313,-766.4198,-287.57968,-758.6466,-293.87076,7.17358,5.3664815e-05
2204.263916015625,-761.8775648379425,-289.9129500844184,-765.6159,-286.5926,-758.1392,-293.23334,7.12773,0.012645282
2205.308837890625,-761.2106284802605,-289.10857544009406,-764.61194,-285.44373,-757.8093,-292.77344,7.031304,0.15608734
2206.38330078125,-760.3979019259799,-288.4058275186822,-763.66516,-284.621,-757.1306,-292.19064,6.99533,4.9212187e-05
2207.457763671875,-759.5851753716995,-287.70307959727023,-762.74524,-283.82828,-756.4252,-291.5779,6.967326,0.0
2208.5322265625,-758.7724488174188,-287.0003316758583,-761.58527,-282.86655,-755.95966,-291.13412,6.8806586,0.12564744
2209.623291015625,-757.8579191680305,-286.4053156458107,-760.4449,-282.12656,-755.27094,-290.68405,6.8269873,0.036658145
2210.72314453125,-756.9125682573108,-285.84291584195915,-759.39746,-281.5041,-754.42773,-290.18176,6.803285,2.292946e-05
2211.8232421875,-755.9672173465907,-285.2805160381076,-758.1427,-280.7786,-753.79175,-289.78244,6.733334,0.07598898
2212.925048828125,-754.9764554722485,-284.7982840923071,-756.8132,-280.14786,-753.1397,-289.4487,6.659338,0.0864827
2214.038818359375,-753.9330604115073,-284.40897001213654,-755.6604,-279.71683,-752.2057,-289.1011,6.6359224,2.209488e-05
2215.152587890625,-752.8896653507662,-284.0196559319661,-754.3971,-279.2523,-751.3822,-288.78702,6.5894365,0.023551911
2216.266357421875,-751.836318217415,-283.6578111321632,-752.93805,-278.7807,-750.73456,-288.5349,6.5053635,0.12291731
2217.393310546875,-750.7302259119342,-283.4415512751218,-751.6927,-278.53506,-749.76776,-288.34805,6.4768877,3.1977394e-05
2218.520263671875,-749.6241336064536,-283.2252914180803,-750.4189,-278.28885,-748.8294,-288.1617,6.442815,2.1318263e-05
2219.647216796875,-748.5180413009729,-283.00903156103885,-748.8426,-278.0196,-748.19354,-287.99847,6.34814,0.13858588
2220.776611328125,-747.3895232848062,-282.9677579726037,-747.46027,-277.96823,-747.3188,-287.96725,6.2973294,0.023426654
2221.908935546875,-746.2571804608639,-282.9563290945614,-746.20605,-277.9566,-746.30835,-287.95605,6.27296,2.3642244e-05
2223.041259765625,-745.1248376369214,-282.94490021651916,-744.6893,-277.9639,-745.56036,-287.92587,6.1959686,0.08970787
2224.167724609375,-744.002980313888,-283.04755448351636,-743.2167,-278.10977,-744.7893,-287.98532,6.1252627,0.0735748
2225.298095703125,-742.8897069044834,-283.24360246360703,-741.9825,-278.3266,-743.79694,-288.16058,6.1007285,0.0
2226.428466796875,-741.7764334950789,-283.43965044369776,-740.58014,-278.58487,-742.9727,-288.2944,6.0415826,0.040878728
2227.5517578125,-740.6803471808437,-283.6851868439244,-739.04095,-278.96158,-742.31976,-288.40878,5.949122,0.12829627
2228.668212890625,-739.637104181395,-284.0828799720783,-737.8581,-279.41006,-741.4161,-288.7557,5.919418,2.1928268e-05
2229.78466796875,-738.5938611819462,-284.48057310023216,-736.65436,-279.87207,-740.5334,-289.08905,5.884827,0.0
2230.901123046875,-737.5506181824976,-284.8782662283861,-735.19434,-280.4683,-739.90686,-289.28824,5.792469,0.14429407
2231.995361328125,-736.6032031877062,-285.4255952545148,-734.0605,-281.12042,-739.14594,-289.73077,5.749695,0.00927884
2233.089111328125,-735.6617979432381,-285.9823085351677,-733.0232,-281.73523,-738.3004,-290.22937,5.7272673,2.3326822e-05
2234.182861328125,-734.72039269877,-286.53902181582043,-731.7642,-282.50653,-737.6766,-290.57153,5.650593,0.10026523
2235.257568359375,-733.8601714101352,-287.1832748097258,-730.66223,-283.3397,-737.0581,-291.0269,5.5892296,0.05912466
2236.327392578125,-733.0463034609859,-287.87751006928016,-729.7604,-284.10886,-736.3323,-291.64615,5.5661044,0.0
2237.397216796875,-732.232435511837,-288.57174532883454,-728.7276,-285.00577,-735.73724,-292.13773,5.506437,0.05400727
2238.458740234375,-731.465717113634,-289.30603512666977,-727.6858,-286.03305,-735.2456,-292.579,5.426038,0.11092983
2239.514892578125,-730.7938169616513,-290.12087502512685,-726.9365,-286.93948,-734.6511,-293.30228,5.4020557,5.180985e-05
2240.571044921875,-730.1219168096686,-290.9357149235838,-726.1508,-287.8975,-734.09296,-293.97397,5.365482,0.0040433668
2241.626708984375,-729.453751625262,-291.7531434469466,-725.2358,-289.06824,-733.6717,-294.43805,5.2792435,0.14332001
2242.681884765625,-728.9167945020033,-292.6615094277276,-724.60626,-290.1279,-733.22736,-295.1951,5.2437673,5.194789e-05
2243.737060546875,-728.3798373787444,-293.5698754085086,-724.0383,-291.08972,-732.7213,-296.05005,5.231413,0.0
2244.792236328125,-727.8428802554857,-294.4782413892896,-723.3887,-292.2067,-732.2971,-296.7498,5.183984,0.06839288
2245.841796875,-727.3752196186686,-295.41777380620664,-722.849,-293.29343,-731.9015,-297.54214,5.151212,0.026378106
2246.890625,-726.9340762134593,-296.36923247866497,-722.38617,-294.29163,-731.482,-298.44684,5.1409073,0.0
2247.939453125,-726.49293280825,-297.3206911511233,-721.8961,-295.35358,-731.0897,-299.28778,5.116738,0.026234975
2248.98291015625,-726.08016594863,-298.2789777999255,-721.42926,-296.44336,-730.731,-300.11462,5.08831,0.036975328
2250.020263671875,-725.7067784475377,-299.24673992655187,-721.04,-297.4521,-730.3736,-301.04138,5.0795074,0.0
2251.0576171875,-725.3333909464453,-300.2145020531782,-720.65295,-298.4557,-730.0138,-301.97333,5.0718436,0.0033977174
2252.093505859375,-724.9639570428,-301.18219207585315,-720.2551,-299.5008,-729.6727,-302.8636,5.05535,0.026959384
2253.1181640625,-724.625138266036,-302.1493237534636,-719.90533,-300.499,-729.3449,-303.79965,5.0487614,5.671688e-05
2254.142822265625,-724.2863194892717,-303.1164554310739,-719.56433,-301.47238,-729.0083,-304.76053,5.0474353,5.671688e-05
2255.16748046875,-723.9475007125076,-304.0835871086843,-719.21625,-302.4664,-728.6788,-305.70078,5.04175,0.009014862
2256.179443359375,-723.6216509808365,-305.04174832973695,-718.8849,-303.4407,-728.3584,-306.6428,5.0383406,0.0021881794
2257.1884765625,-723.2988446972896,-305.99780445214975,-718.5603,-304.40216,-728.03735,-307.59344,5.0371995,5.940164e-05
2258.197509765625,-722.9760384137427,-306.95386057456255,-718.2324,-305.3732,-727.7196,-308.53452,5.0340376,0.00400867
2259.20166015625,-722.6585741299269,-307.9066116306936,-717.91,-306.34116,-727.40717,-309.47208,5.030835,0.003884095
2260.201171875,-722.3463356716203,-308.8561294969042,-717.59625,-307.29507,-727.0964,-310.4172,5.0299134,6.112211e-05
2261.20068359375,-722.0340972133138,-309.8056473631148,-717.28326,-308.24695,-726.785,-311.36432,5.0294104,0.00036732195
2262.19921875,-721.7225792981016,-310.75427092671794,-716.9702,-309.20035,-726.475,-312.3082,5.028407,0.0016044884
2263.193359375,-721.4139245562139,-311.69934086058043,-716.66064,-310.14807,-726.16724,-313.2506,5.0278473,6.21107e-05
2264.1875,-721.1052698143263,-312.64441079444293,-716.3541,-311.08673,-725.85645,-314.2021,5.0292006,0.0
2265.181640625,-720.7966150724387,-313.58948072830543,-716.05035,-312.01697,-725.5429,-315.162,5.032324,0.0053553227
2266.174072265625,-720.4835266703649,-314.53127969263363,-715.7397,-312.95142,-725.22736,-316.11115,5.0338697,0.00056207424
2267.166259765625,-720.1699270907322,-315.4727015314829,-715.4273,-313.88916,-724.91254,-317.0562,5.0346413,0.0
2268.158447265625,-719.8563275110996,-316.4141233703323,-715.11774,-314.81854,-724.5949,-318.0097,5.037188,0.0034938124
2269.151611328125,-719.5391583190774,-317.35525702880557,-714.80414,-315.7493,-724.27423,-318.9612,5.039374,0.0024278148
2270.145263671875,-719.2195308999395,-318.2961922307696,-714.48584,-316.68622,-723.95325,-319.9062,5.040227,0.0
2271.138916015625,-718.8999034808019,-319.23712743273364,-714.1698,-317.61652,-723.63,-320.85773,5.042471,0.0019866778
2272.1337890625,-718.5780311761048,-320.1785600180413,-713.85315,-318.54272,-723.30286,-321.8144,5.0456896,0.004750564
2273.131591796875,-718.2506022811135,-321.12122373758143,-713.5266,-319.48297,-722.9746,-322.75946,5.0462003,0.00012284175
2274.12939453125,-717.9231733861221,-322.0638874571215,-713.20734,-320.40216,-722.639,-323.7256,5.051173,6.141821e-05
2275.127197265625,-717.5957444911309,-323.00655117666156,-712.8996,-321.29022,-722.29193,-324.7229,5.062786,0.020509822
2276.13134765625,-717.2469706865888,-323.94805574537935,-712.5588,-322.20987,-721.9351,-325.68625,5.0674386,0.00024117954
2277.135498046875,-716.897834701276,-324.8895406456072,-712.217,-323.13174,-721.5787,-326.6473,5.071619,6.0285325e-05
2278.1396484375,-716.5486987159633,-325.8310255458351,-711.89233,-324.00943,-721.2051,-327.65262,5.085287,0.019951943
2279.14990234375,-716.1784410291732,-326.7710227558441,-711.54034,-324.90344,-720.8166,-328.6386,5.0951877,0.009427542
2280.163330078125,-715.798192418575,-327.71031626309315,-711.1684,-325.8222,-720.42804,-329.59845,5.099619,5.8657282e-05
2281.1767578125,-715.417943807977,-328.6496097703421,-710.813,-326.7017,-720.02295,-330.5975,5.1125665,0.013312838
2282.193115234375,-715.0238098913964,-329.58651932478796,-710.4504,-327.56564,-719.5972,-331.6074,5.128468,0.021964505
2283.215087890625,-714.6064786677954,-330.5194461592873,-710.0427,-328.47696,-719.1703,-332.56192,5.1331973,0.0
2284.237060546875,-714.1891474441946,-331.4523729937868,-709.64575,-329.3649,-718.73254,-333.53983,5.143071,0.0025718147
2285.25927734375,-713.7691670975931,-332.3844023455299,-709.27045,-330.20227,-718.2679,-334.56653,5.164013,0.035205517
2286.285888671875,-713.3139946057239,-333.3045091313785,-708.83185,-331.0885,-717.7961,-335.5205,5.171557,5.6423458e-05
2287.3125,-712.8588221138547,-334.224615917227,-708.3974,-331.96722,-717.32025,-336.482,5.180808,5.6423458e-05
2288.339111328125,-712.4036496219854,-335.1447227030756,-708.00616,-332.7652,-716.8011,-337.52423,5.20838,0.042023897
2289.364990234375,-711.9094754566343,-336.0438257887477,-707.5542,-333.58795,-716.2648,-338.4997,5.225826,0.012882921
2290.39111328125,-711.4033583363507,-336.93649719541185,-707.0664,-334.44843,-715.74036,-339.42456,5.233232,5.6483088e-05
2291.417236328125,-710.8972412160675,-337.82916860207604,-706.6144,-335.24902,-715.18005,-340.4093,5.254594,0.024813967
2292.44140625,-710.3695879958066,-338.706929853968,-706.1468,-336.02957,-714.59235,-341.3843,5.277457,0.029159475
2293.464111328125,-709.8167683567989,-339.5672675612548,-705.6141,-336.85846,-714.0195,-342.27606,5.284916,5.7073063e-05
2294.48681640625,-709.2639487177912,-340.4276052685418,-705.10876,-337.64658,-713.4192,-343.20865,5.3022075,0.009314229
2295.508544921875,-708.7034220909716,-341.28192311231476,-704.63745,-338.37192,-712.7694,-344.19193,5.3335733,0.050413202
2296.52734375,-708.1014185252424,-342.103843667119,-704.06757,-339.14954,-712.1353,-345.05817,5.344514,5.77167e-05
2297.546142578125,-707.4994149595129,-342.9257642219234,-703.4996,-339.92548,-711.4992,-345.92603,5.355959,0.0
2298.56494140625,-706.8974113937835,-343.74768477672774,-702.9969,-340.6194,-710.7979,-346.87598,5.3883615,0.052458514
2299.58251953125,-706.2530726038723,-344.5353269390972,-702.4077,-341.3395,-710.0984,-347.73117,5.4058056,0.0090922
2300.60009765625,-705.6013950240041,-345.317026959267,-701.785,-342.0867,-709.4178,-348.54733,5.414808,5.790505e-05
2301.617919921875,-704.9497174441358,-346.09872697943695,-701.2265,-342.76138,-708.6729,-349.43607,5.4431925,0.036607206
2302.635498046875,-704.2694105568224,-346.85548746127523,-700.6351,-343.4216,-707.90375,-350.2894,5.4694405,0.030196596
2303.654052734375,-703.5654729960921,-347.59166281067166,-699.96045,-344.127,-707.17053,-351.05634,5.477937,5.775622e-05
2304.672607421875,-702.8615354353619,-348.3278381600681,-699.31305,-344.8053,-706.41,-351.8504,5.494126,0.01253442
2305.691162109375,-702.1482576085414,-349.0549057102023,-698.69104,-345.44275,-705.60547,-352.66705,5.5196986,0.0390338
2306.710693359375,-701.4059440742766,-349.7536602131196,-697.97736,-346.11432,-704.83453,-353.393,5.5276003,0.0
2307.730224609375,-700.6636305400117,-350.4524147160369,-697.27814,-346.77295,-704.04913,-354.1319,5.539377,2.8803466e-05
2308.749755859375,-699.9213170057469,-351.1511692189541,-696.64905,-347.37067,-703.1936,-354.9317,5.5697303,0.051422942
2309.770751953125,-699.1421453980637,-351.81112122385093,-695.9228,-347.98544,-702.3615,-355.6368,5.583642,0.0033528826
2310.7919921875,-698.3605773861808,-352.4685504037443,-695.16974,-348.61908,-701.55145,-356.318,5.591058,2.8646487e-05
2311.813232421875,-697.5790093742982,-353.1259795836377,-694.4848,-349.19836,-700.67316,-357.0536,5.6159244,0.03453961
2312.834716796875,-696.7744543521883,-353.75552279257715,-693.7584,-349.7676,-699.7905,-357.74344,5.6356645,0.019959273
2313.857177734375,-695.9566586987079,-354.3690035445821,-692.97003,-350.359,-698.9433,-358.37903,5.6430287,5.7121462e-05
2314.87939453125,-695.138863045227,-354.98248429658713,-692.2278,-350.9173,-698.0499,-359.04767,5.661737,0.017637057
2315.901123046875,-694.310532428368,-355.5807744653034,-691.5026,-351.4437,-697.11847,-359.71786,5.6868806,0.03596499
2316.9228515625,-693.4608203302315,-356.148234230485,-690.6836,-351.99045,-696.23804,-360.306,5.694292,2.8606584e-05
2317.944580078125,-692.6111082320951,-356.7156939956666,-689.8828,-352.52563,-695.33936,-360.90576,5.706017,0.0012302977
2318.96630859375,-691.7607571052368,-357.28201023994717,-689.1497,-353.0179,-694.37177,-361.5461,5.7337475,0.047704946
2319.9853515625,-690.886124977092,-357.80487643023395,-688.32275,-353.51193,-693.44946,-362.0978,5.7448974,0.0
2321.00439453125,-690.011492848947,-358.3277426205207,-687.4744,-354.0192,-692.5485,-362.63626,5.751008,0.0
2322.0234375,-689.136860720802,-358.8506088108075,-686.69196,-354.48914,-691.5817,-363.2121,5.772262,0.0317042
2323.039306640625,-688.2485740075183,-359.3435125218568,-685.8673,-354.947,-690.6299,-363.74002,5.7867913,0.0123592615
2324.05419921875,-687.355008913516,-359.8248337958659,-685.0,-355.41415,-689.70996,-364.2355,5.7927647,2.918696e-05
2325.069091796875,-686.4614438195138,-360.30615506987505,-684.18066,-355.85666,-688.7422,-364.75565,5.8095183,0.018511275
2326.081787109375,-685.5610561751773,-360.76956142809627,-683.36694,-356.2767,-687.7551,-365.26242,5.828898,0.02614346
2327.091796875,-684.6511210426781,-361.20789762368776,-682.48413,-356.70187,-686.8181,-365.7139,5.834929,5.9241753e-05
2328.101806640625,-683.7411859101791,-361.6462338192793,-681.63116,-357.11328,-685.85126,-366.1792,5.8475227,0.0052792965
2329.11083984375,-682.8297597284878,-362.0793888892494,-680.8332,-357.4953,-684.82635,-366.66345,5.872415,0.041662224
2330.114013671875,-681.9065512719891,-362.47160269033674,-679.9549,-357.86823,-683.8582,-367.07495,5.8821936,3.0237155e-05
2331.1171875,-680.9833428154903,-362.8638164914241,-679.0457,-358.25455,-682.92096,-367.4731,5.885238,0.0
2332.120361328125,-680.0601343589915,-363.2560302925113,-678.17456,-358.6252,-681.9457,-367.88687,5.8965063,0.01813012
2333.111572265625,-679.140900199693,-363.6270803759243,-677.2867,-358.9836,-680.9952,-368.27054,5.9032617,0.0044200467
2334.10009765625,-678.2226110490265,-363.9930981492507,-676.37885,-359.34546,-680.06635,-368.64075,5.9055195,1.5794478e-05
2335.088623046875,-677.3043218983601,-364.3591159225772,-675.4902,-359.69986,-679.11847,-369.0184,5.9118857,0.008147214
2336.068359375,-676.391206301602,-364.714627076682,-674.6074,-360.04364,-678.17505,-369.38562,5.9183884,0.008215772
2337.039794921875,-675.4831931147696,-365.0597760930481,-673.7083,-360.38544,-677.2581,-369.73413,5.9202886,1.6646249e-05
2338.01123046875,-674.575179927937,-365.40492510941425,-672.80664,-360.72815,-676.34375,-370.08173,5.9216523,0.0010707407
2338.9794921875,-673.6698830710585,-365.74798461050466,-671.91345,-361.06665,-675.4263,-370.42932,5.9242435,0.0043256786
2339.934326171875,-672.7755180436424,-366.0826348884737,-671.0249,-361.3991,-674.5261,-370.76617,5.925489,1.752398e-05
2340.88916015625,-671.8811530162262,-366.41728516644275,-670.1217,-361.7371,-673.6406,-371.0975,5.923593,3.504855e-05
2341.843994140625,-670.9867879888103,-366.7519354444118,-669.2072,-362.07935,-672.7664,-371.4245,5.91929,0.007670235
2342.78759765625,-670.1054053704422,-367.0890546403599,-668.31525,-362.4205,-671.89557,-371.7576,5.9170303,0.0008915693
2343.72998046875,-669.225552491149,-367.4264647530623,-667.433,-362.75882,-671.01807,-372.0941,5.916514,5.470521e-05
2344.67236328125,-668.3456996118556,-367.76387486576476,-666.5456,-363.09915,-670.1458,-372.42862,5.914896,0.0023344476
2345.614501953125,-667.466690623772,-368.1032341358011,-665.6592,-363.44138,-669.2742,-372.7651,5.9133096,0.0016782435
2346.556640625,-666.5882676983125,-368.44394704982466,-664.783,-363.7812,-668.3935,-373.1067,5.913799,3.648782e-05
2347.498779296875,-665.7098447728532,-368.7846599638481,-663.9313,-364.1117,-667.4884,-373.45764,5.9195046,0.0050617955
2348.4443359375,-664.826529327046,-369.12242398401577,-663.0846,-364.43567,-666.5685,-373.8092,5.92734,0.012435855
2349.39892578125,-663.9309827109362,-369.45281584824045,-662.1994,-364.76224,-665.66254,-374.1434,5.9295454,3.5088997e-05
2350.353515625,-663.0354360948267,-369.7832077124652,-661.32385,-365.0853,-664.7471,-374.4811,5.933794,3.5088997e-05
2351.30810546875,-662.1398894787166,-370.11359957668986,-660.47675,-365.3983,-663.80304,-374.8289,5.9440947,0.018740349
2352.29150390625,-661.2113247675701,-370.4371236293395,-659.56445,-365.71613,-662.85815,-375.15814,5.9475503,0.000336727
2353.275390625,-660.282130171725,-370.76051666505987,-658.6757,-366.0256,-661.8885,-375.49545,5.956114,1.6021759e-05
2354.25927734375,-659.3529355758799,-371.08390970078017,-657.8679,-366.30954,-660.8379,-375.8583,5.9816384,0.03774865
2355.2705078125,-658.3859674328429,-371.3801344404057,-656.986,-366.5801,-659.78595,-376.18015,5.9993954,0.016946837
2356.29541015625,-657.4009644750762,-371.66338779600716,-656.0527,-366.8486,-658.7492,-376.47818,6.010149,1.4171936e-05
2357.3203125,-656.4159615173097,-371.9466411516087,-655.24414,-367.0859,-657.58777,-376.8074,6.0466266,0.036828432
2358.35986328125,-655.4067067915954,-372.19577515910936,-654.4486,-367.28842,-656.36475,-377.10312,6.0903816,0.0583572
2359.42724609375,-654.3565822559246,-372.3874102133075,-653.4602,-367.4684,-655.2529,-377.30643,6.102943,2.509022e-05
2360.49462890625,-653.3064577202537,-372.57904526750565,-652.55896,-367.63522,-654.05396,-377.52286,6.133124,0.0075996905
2361.564697265625,-652.2522417580759,-372.7625678891994,-651.8146,-367.78177,-652.68994,-377.74338,6.1955423,0.09833812
2362.677490234375,-651.1419237439903,-372.8348520201912,-650.8173,-367.8454,-651.4665,-377.82428,6.2182236,2.7692327e-05
2363.7900390625,-650.0316057299048,-372.9071361511832,-649.8155,-367.9118,-650.24774,-377.90247,6.239943,2.7692251e-06
2364.90283203125,-648.9212877158191,-372.97942028217506,-649.03107,-367.98065,-648.81146,-377.9782,6.30515,0.09073743
2366.043701171875,-647.7811219632567,-372.936934658732,-648.0905,-367.9465,-647.47174,-377.92734,6.345098,0.026592603
2367.19580078125,-646.6317124338713,-372.8589051029785,-647.0444,-367.87598,-646.21906,-377.84186,6.365809,2.2453221e-05
2368.347900390625,-645.4823029044857,-372.780875547225,-646.21326,-367.8346,-644.75134,-377.72717,6.429907,0.065904066
2369.503662109375,-644.3384861870825,-372.6151902229681,-645.4037,-367.72998,-643.2733,-377.50043,6.49787,0.07604227
2370.67236328125,-643.2012588148567,-372.34623053202915,-644.37085,-367.48495,-642.0316,-377.2075,6.519296,9.561143e-06
2371.8408203125,-642.064031442631,-372.0772708410902,-643.4399,-367.2703,-640.6882,-376.88425,6.561959,0.020142838
2373.008544921875,-640.9343043629507,-371.78186619857996,-642.6807,-367.09677,-639.1879,-376.46695,6.6399875,0.109437436
2374.182861328125,-639.8455716134077,-371.34192145065265,-641.7236,-366.708,-637.9676,-375.97583,6.668224,0.0
2375.357177734375,-638.7568388638648,-370.9019767027254,-640.72394,-366.30518,-636.78973,-375.49878,6.687533,1.8847082e-05
2376.531494140625,-637.6681061143216,-370.4620319547981,-639.8973,-365.98648,-635.4389,-374.9376,6.745296,0.08105503
2377.706787109375,-636.6251123939657,-369.9200029633303,-638.9409,-365.48865,-634.3093,-374.35138,6.76474,0.014220459
2378.883544921875,-635.5901759601126,-369.35999103666995,-638.3298,-365.17737,-632.8505,-373.5426,6.863072,0.0
2380.060302734375,-634.5552395262596,-368.7999791100096,-638.57056,-365.82053,-630.5399,-371.77945,7.215603,0.39731887
2381.1591796875,-633.9178294230804,-367.90481030652916,-638.671,-366.35318,-629.1647,-369.45645,7.5384417,0.31256965
2382.37255859375,-633.611243657276,-366.7307214840841,-638.4646,-365.5287,-628.75793,-367.93274,7.611198,0.0
2383.5859375,-633.3046578914714,-365.5566326616389,-638.1721,-364.4129,-628.43726,-366.70038,7.623191,0.013717379
2384.77587890625,-633.0230101051759,-364.400412596119,-637.9283,-363.4317,-628.11774,-365.36914,7.6590056,0.04871163
2385.89453125,-632.8197498953685,-363.3003594125113,-637.73737,-362.3965,-627.90216,-364.2042,7.672215,0.0
2387.01318359375,-632.6164896855609,-362.20030622890346,-637.5386,-361.32092,-627.69446,-363.0797,7.6771827,8.719611e-05
2388.1318359375,-632.4132294757533,-361.1002530452957,-637.34924,-360.3029,-627.4772,-361.8976,7.693824,0.02652518
2389.1787109375,-632.252564009857,-360.06581355941375,-637.19684,-359.32132,-627.3083,-360.81033,7.7045226,0.0019821762
2390.220703125,-632.0947664580118,-359.0357918591171,-637.0268,-358.2141,-627.1628,-359.85748,7.6888933,0.00010788161
2391.2626953125,-631.9369689061666,-358.00577015882044,-636.8229,-356.94382,-627.051,-359.06772,7.6399627,0.06703989
2392.254150390625,-631.7204178562888,-357.0383434434302,-636.55914,-355.7787,-626.88165,-358.29797,7.5993114,0.04382885
2393.21826171875,-631.4697265856947,-356.10728914282373,-636.2896,-354.77747,-626.64984,-357.43713,7.584776,0.0
2394.182373046875,-631.2190353151008,-355.17623484221735,-635.99274,-353.68893,-626.4454,-356.66354,7.5519495,0.032963976
2395.139892578125,-630.9410075821525,-354.2600693179675,-635.64276,-352.55917,-626.2392,-355.96097,7.506873,0.06922424
2396.08642578125,-630.6069847561037,-353.3744014640983,-635.2805,-351.5972,-625.9335,-355.15158,7.490599,0.0
2397.032958984375,-630.2729619300546,-352.48873361022896,-634.9619,-350.75278,-625.584,-354.2247,7.499406,0.0006475962
2397.979736328125,-629.9394431794809,-351.602742082624,-634.653,-349.93478,-625.2259,-353.27072,7.5138717,0.026746076
2398.931884765625,-629.6267720236862,-350.7033640301551,-634.33795,-349.0286,-624.9156,-352.37814,7.5124216,7.0698836e-05
2399.884033203125,-629.3141008678913,-349.8039859776862,-634.11487,-348.40674,-624.5133,-351.20123,7.57076,7.0698836e-05
2400.836181640625,-629.0014297120966,-348.90460792521725,-633.9655,-348.3064,-624.0373,-349.5028,7.734054,0.2595658
2401.79052734375,-628.9188809473891,-347.9537578161208,-633.91876,-347.92047,-623.919,-347.98706,7.8473244,0.09773594
2402.761474609375,-628.9261922282325,-346.98280848360116,-633.9253,-347.0793,-623.9271,-346.88632,7.873284,6.6673936e-05
2403.732421875,-628.9335035090758,-346.01185915108147,-633.9237,-346.3256,-623.94336,-345.69815,7.916765,0.052128483
2404.702880859375,-628.9900032695568,-345.043033527771,-633.9566,-345.61963,-624.0234,-344.46643,7.969556,0.07343467
2405.6767578125,-629.115916557428,-344.0772048287089,-634.0725,-344.7343,-624.1593,-343.4201,7.9857826,6.605591e-05
2406.650634765625,-629.2418298452993,-343.1113761296469,-634.1966,-343.78226,-624.28705,-342.44052,7.9885607,0.0020545428
2407.62255859375,-629.3693162253643,-342.14794341383214,-634.3176,-342.86526,-624.421,-341.43063,7.99794,0.016464707
2408.5771484375,-629.5094915402873,-341.20383726734923,-634.4551,-341.93976,-624.56396,-340.4679,8.001704,7.019614e-05
2409.531494140625,-629.6496668552102,-340.2597311208663,-634.59467,-340.99945,-624.70465,-339.52002,8.002472,7.019614e-05
2410.486083984375,-629.7898421701332,-339.3156249743834,-634.73236,-340.07156,-624.84735,-338.55966,8.005753,0.0054281843
2411.429443359375,-629.9333143000702,-338.38312651012654,-634.8742,-339.14966,-624.9924,-337.61658,8.0078945,0.0014597053
2412.370361328125,-630.077580651372,-337.4534244021044,-635.01874,-338.2182,-625.1364,-336.68866,8.007537,0.0
2413.311279296875,-630.2218470026738,-336.52372229408235,-635.16455,-337.27872,-625.2792,-335.7687,8.005563,0.0025082894
2414.248046875,-630.3632892070428,-335.5977430845216,-635.3074,-336.34344,-625.4192,-334.85205,8.003678,0.0025414785
2415.1806640625,-630.5019233359009,-334.67546558745903,-635.44653,-335.41776,-625.5574,-333.9332,8.00299,0.0
2416.11328125,-630.6405574647592,-333.75318809039646,-635.5866,-334.48563,-625.6945,-333.02072,8.001004,0.0013551855
2417.04541015625,-630.77792924711,-332.8311557876145,-635.72644,-333.54715,-625.82947,-332.11514,7.9976788,0.005742214
2417.975830078125,-630.9101552146243,-331.91012299198775,-635.85944,-332.6206,-625.9609,-331.19965,7.9965625,0.0
2418.90625,-631.0423811821386,-330.98909019636096,-635.99243,-331.69394,-626.0923,-330.28427,7.995422,7.57634e-05
2419.836669921875,-631.1746071496531,-330.06805740073423,-636.12695,-330.75705,-626.2223,-329.37906,7.99222,0.0058875782
2420.76953125,-631.302182872972,-329.14405001009726,-636.2556,-329.82486,-626.34875,-328.46323,7.990568,0.00067656883
2421.70263671875,-631.4291987988689,-328.21968453705693,-636.38293,-328.89822,-626.47546,-327.54117,7.990104,7.513953e-05
2422.6357421875,-631.5562147247662,-327.2953190640167,-636.511,-327.96652,-626.60144,-326.6241,7.9886284,0.002315382
2423.572509765625,-631.6818454587014,-326.3670157054046,-636.6374,-327.03204,-626.72626,-325.70197,7.9873867,0.0015527062
2424.511962890625,-631.8065060879563,-325.4359544898821,-636.76245,-326.09808,-626.8506,-324.7738,7.986801,0.0001472653
2425.451416015625,-631.9311667172115,-324.5048932743597,-636.8884,-325.15726,-626.9739,-323.8525,7.9848313,0.0017594701
2426.3935546875,-632.0546159352378,-323.5708846065872,-637.0137,-324.2094,-627.0956,-322.93237,7.982035,0.004475321
2427.3427734375,-632.1750062434285,-322.6294333871312,-637.1346,-323.264,-627.2154,-321.99484,7.98124,0.00014277382
2428.2919921875,-632.295396551619,-321.6879821676752,-637.2559,-322.31525,-627.3349,-321.06073,7.9797626,0.00014277382
2429.2412109375,-632.4157868598095,-320.7465309482192,-637.3785,-321.35593,-627.45306,-320.13712,7.976164,0.0066659194
2430.201171875,-632.5315189848959,-319.7934471977186,-637.4953,-320.39413,-627.5677,-319.19278,7.9744077,6.894451e-05
2431.16162109375,-632.6471523813849,-318.8401168997015,-637.61035,-319.4459,-627.68396,-318.23434,7.975433,0.0
2432.121826171875,-632.7627857778739,-317.88678660168455,-637.72437,-318.50525,-627.80115,-317.2683,7.977994,0.003814654
2433.089599609375,-632.882896605384,-316.9264632913579,-637.8434,-317.55365,-627.92236,-316.29926,7.979753,0.001941712
2434.06103515625,-633.0051651111844,-315.9627700417125,-637.9648,-316.59723,-628.0456,-315.3283,7.981219,6.658406e-05
2435.032470703125,-633.1274336169848,-314.99907679206706,-638.08325,-315.66214,-628.17163,-314.33603,7.986987,0.0061580637
2436.007568359375,-633.2558847848801,-314.0325751677617,-638.207,-314.7302,-628.30475,-313.33493,7.9939632,0.010241545
2436.98876953125,-633.39484637651,-313.0612993527876,-638.3449,-313.766,-628.44476,-312.35663,7.9953876,6.461899e-05
2437.969970703125,-633.53380796814,-312.0900235378134,-638.4701,-312.88574,-628.59753,-311.2943,8.013805,0.0045851585
2438.951416015625,-633.6772696512313,-311.1190224360194,-638.5803,-312.0986,-628.7742,-310.13943,8.051173,0.06531063
2439.9404296875,-633.8844802882595,-310.1519129613219,-638.7729,-311.20224,-628.99603,-309.1016,8.065622,6.3084466e-05
2440.929443359375,-634.0916909252878,-309.18480348662445,-638.9704,-310.27927,-629.21295,-308.09036,8.07466,0.0
2441.91845703125,-634.298901562316,-308.21769401192694,-639.14343,-309.45477,-629.45435,-306.9806,8.103993,0.04620406
2442.91357421875,-634.5517257095066,-307.2552081802975,-639.37146,-308.5856,-629.73193,-305.92484,8.1233,0.014318649
2443.9111328125,-634.8188358981424,-306.2941704625331,-639.63477,-307.6384,-630.0029,-304.94992,8.126176,6.149955e-05
2444.90869140625,-635.085946086778,-305.33313274476865,-639.8983,-306.68988,-630.27356,-303.97638,8.128776,0.0036196345
2445.90771484375,-635.3569079213472,-304.3714580348272,-640.165,-305.7435,-630.5489,-302.99942,8.131954,0.0041490644
2446.90869140625,-635.6324450441665,-303.4090266554325,-640.4391,-304.78607,-630.8258,-302.03198,8.132994,6.0835715e-05
2447.90966796875,-635.907982166986,-302.44659527603784,-640.71075,-303.83707,-631.10516,-301.05612,8.135793,0.0014590363
2448.9111328125,-636.1850823187243,-301.4841217875765,-640.9808,-302.8987,-631.38934,-300.06955,8.140818,0.008168543
2449.915283203125,-636.470860254598,-300.52141451368357,-641.26434,-301.9437,-631.6774,-299.09915,8.142419,0.0
2450.91943359375,-636.7566381904716,-299.5587072397906,-641.5462,-300.99414,-631.9671,-298.1233,8.145162,6.026798e-05
2451.923583984375,-637.0424161263454,-298.59599996589765,-641.82104,-300.06723,-632.2638,-297.1248,8.152646,0.012249415
2452.93017578125,-637.3407585473283,-297.6345324495772,-642.1128,-299.1271,-632.5687,-296.14194,8.157123,0.0022120052
2453.937255859375,-637.6413497543734,-296.67328682452603,-642.4148,-298.16135,-632.8679,-295.1852,8.156171,0.0
2454.9443359375,-637.9419409614186,-295.7120411994749,-642.7212,-297.18127,-633.1627,-294.2428,8.152229,0.0049543446
2455.9521484375,-638.2379002844622,-294.7487130161355,-643.0219,-296.20236,-633.4539,-293.29507,8.148971,0.0041711354
2456.96044921875,-638.5299731596826,-293.7836374327915,-643.3178,-295.22467,-633.7421,-292.3426,8.146336,5.954103e-05
2457.96875,-638.8220460349035,-292.8185618494475,-643.63196,-294.184,-634.0121,-291.45316,8.130579,0.011509138
2458.97607421875,-639.1025108868946,-291.85114757005255,-643.9438,-293.101,-634.2613,-290.60126,8.106637,0.03711155
2459.98095703125,-639.3460792702085,-290.876299671351,-644.1969,-292.08862,-634.49524,-289.664,8.098886,0.0
2460.98583984375,-639.5896476535225,-289.9014517726494,-644.4508,-291.07172,-634.7285,-288.7312,8.090222,6.0161197e-05
2461.99072265625,-639.8332160368366,-288.92660387394784,-644.72,-289.98465,-634.9464,-287.86856,8.067204,0.039479844
2462.995361328125,-640.0378754973256,-287.9429545212518,-644.93634,-288.94562,-635.13947,-286.9403,8.055884,0.0028281754
2464.000244140625,-640.2398248167226,-286.95869211683373,-645.139,-287.95764,-635.34064,-285.95972,8.055127,6.0170118e-05
2465.0048828125,-640.4417741361196,-285.97442971241566,-645.34485,-286.95422,-635.5387,-284.99463,8.051219,0.005720068
2466.00927734375,-640.6380627174643,-284.9894849505229,-645.5441,-285.9542,-635.732,-284.02475,8.048141,0.003315156
2467.013427734375,-640.8310330937128,-284.00414020508936,-645.73895,-284.95938,-635.92316,-283.04892,8.046212,0.0
2468.017578125,-641.0240034699614,-283.01879545965585,-645.93866,-283.93854,-636.1093,-282.09906,8.038985,0.0066933236
2469.021728515625,-641.2102550358561,-282.0322094398421,-646.13354,-282.90475,-636.287,-281.15964,8.029393,0.01393005
2470.02587890625,-641.3826161723207,-281.04305721659756,-646.3082,-281.90247,-636.45703,-280.18365,8.026723,0.0
2471.030029296875,-641.5549773087849,-280.053904993353,-646.4858,-280.88315,-636.6242,-279.22464,8.020599,0.00060298794
2472.0341796875,-641.7267929069483,-279.0646640354212,-646.6688,-279.82388,-636.7848,-278.30545,8.006412,0.024905035
2473.038330078125,-641.873866399733,-278.0713986433134,-646.82007,-278.80286,-636.9276,-277.33997,8.000797,0.000120581426
2474.04248046875,-642.0209398925176,-277.07813325120566,-646.9698,-277.79138,-637.0721,-276.36487,7.9971223,6.028991e-05
2475.046630859375,-642.1680133853023,-276.0848678590979,-647.12537,-276.7365,-637.2107,-275.43323,7.9846797,0.018756099
2476.050537109375,-642.2963883082631,-275.0891771617889,-647.2593,-275.697,-637.3335,-274.48135,7.975847,0.007358857
2477.054443359375,-642.4173878856468,-274.0925298424409,-647.38116,-274.69327,-637.45355,-273.4918,7.974418,6.031546e-05
2478.058349609375,-642.5383874630304,-273.09588252309294,-647.50256,-273.69363,-637.5742,-272.49814,7.973815,0.0009057925
2479.0615234375,-642.6583966469484,-272.0999179704585,-647.6231,-272.69287,-637.69366,-271.50696,7.972851,0.0012112104
2480.0634765625,-642.7769964381524,-271.10492503815954,-647.7419,-271.69644,-637.8121,-270.5134,7.9725657,6.0663588e-05
2481.0654296875,-642.8955962293564,-270.1099321058606,-647.86005,-270.705,-637.9311,-269.51486,7.973275,0.00030342862
2482.067138671875,-643.0144181467579,-269.1151950103706,-647.97815,-269.71637,-638.05066,-268.51404,7.9745083,0.0020697718
2483.067138671875,-643.1350696389362,-268.12256515201915,-648.0985,-268.726,-638.17163,-267.5191,7.9749675,6.104663e-05
2484.067138671875,-643.2557211311143,-267.1299352936677,-648.21906,-267.73425,-638.2924,-266.52563,7.9751387,0.0001220946
2485.067138671875,-643.3763726232927,-266.13730543531625,-648.3393,-266.7448,-638.4134,-265.5298,7.975786,0.0011624639
2486.065673828125,-643.4978389685316,-265.1462696814515,-648.4606,-265.756,-638.53516,-264.53653,7.9762316,0.00018405564
2487.063720703125,-643.6195041762679,-264.15562296410684,-648.5825,-264.76285,-638.6565,-263.54837,7.975733,6.138682e-05
2488.061767578125,-643.7411693840043,-263.1649762467623,-648.70526,-263.76285,-638.77704,-262.5671,7.97384,0.0023965405
2489.05908203125,-643.8604424016823,-262.1747195870341,-648.8257,-262.76324,-638.89514,-261.58618,7.9719586,0.0023397545
2490.055908203125,-643.977317402574,-261.1848539349971,-648.9429,-261.7707,-639.0117,-260.599,7.971423,6.163508e-05
2491.052734375,-644.0941924034659,-260.1949882829601,-649.0599,-260.77954,-639.1285,-259.6104,7.9711633,0.00018498069
2492.04931640625,-644.2108257477183,-259.20536348834156,-649.1768,-259.78717,-639.2448,-258.62354,7.97061,0.00086504576
2493.044677734375,-644.3264612009656,-258.21673328444433,-649.2926,-258.79773,-639.36035,-257.63574,7.9704423,0.0
2494.0400390625,-644.4420966542128,-257.2281030805471,-649.40845,-257.80695,-639.4757,-256.64923,7.970016,0.0
2495.035400390625,-644.5577321074604,-256.23947287664987,-649.5248,-256.81277,-639.5907,-255.66618,7.968892,0.0019214981
2496.02978515625,-644.6713933942127,-255.25160664811486,-649.6388,-255.82178,-639.704,-254.68143,7.9682655,0.00018626252
2497.02392578125,-644.7848119761309,-254.2638343430224,-649.752,-254.83519,-639.81757,-253.69249,7.9685006,0.00012419598
2498.018310546875,-644.8982305580491,-253.27606203793005,-649.8651,-253.85081,-639.9314,-252.70131,7.9691854,0.0008702383
2499.011962890625,-645.0125120759643,-252.28906646271304,-649.979,-252.86679,-640.046,-251.71133,7.969787,0.0006849544
2500.005126953125,-645.1274030366038,-251.30261944772835,-650.09375,-251.88153,-640.161,-250.7237,7.9700246,6.231404e-05
2500.998291015625,-645.2422939972432,-250.31617243274374,-650.2084,-250.89775,-640.27625,-249.7346,7.9705596,0.00037403606
2501.9912109375,-645.357623701783,-249.33005015888747,-650.3232,-249.91562,-640.392,-248.74448,7.9713664,0.0012485947
2502.9833984375,-645.4740724440389,-248.34475615311712,-650.43945,-248.93217,-640.50867,-247.75734,7.971737,0.0
2503.9755859375,-645.590521186295,-247.35946214734676,-650.5562,-247.94397,-640.6248,-246.77496,7.9711504,6.2494204e-05
2504.9677734375,-645.706969928551,-246.37416814157638,-650.6734,-246.95256,-640.74054,-245.79576,7.96992,0.0021259661
2505.95947265625,-645.8212579228859,-245.38897286751904,-650.78796,-245.96454,-640.8545,-244.81342,7.969351,6.2562576e-05
2506.951171875,-645.9354955260276,-244.40377989600194,-650.9021,-244.98051,-640.9689,-243.82704,7.9695854,0.0
2507.94287109375,-646.0497331291691,-243.41858692448477,-651.01605,-243.99785,-641.08344,-242.83934,7.970093,0.0007505
2508.934814453125,-646.1647492458227,-242.43325116058304,-651.13086,-243.01431,-641.1986,-241.8522,7.970456,0.00037504488
2509.927001953125,-646.2801440184027,-241.44784594485836,-651.24603,-242.03091,-641.3143,-240.86478,7.9708614,0.0
2510.919189453125,-646.3955387909825,-240.46244072913362,-651.3605,-241.0536,-641.43066,-239.87129,7.97249,0.0017493677
2511.91162109375,-646.5126150891941,-239.47702677579386,-651.4763,-240.07838,-641.54895,-238.87566,7.9745464,0.002871506
2512.904296875,-646.6325750356252,-238.49159783831854,-651.5958,-239.09683,-641.6693,-237.88635,7.975328,0.00012478197
2513.89697265625,-646.7525349820564,-237.50616890084316,-651.717,-238.10141,-641.78815,-236.91092,7.973315,0.0005614598
2514.8896484375,-646.8720568112492,-236.52061837726296,-651.83875,-237.09676,-641.9054,-235.94447,7.9694653,0.006726524
2515.883544921875,-646.9851606128306,-235.53328672545896,-651.95276,-236.1015,-642.0176,-234.96506,7.9678707,6.218761e-05
2516.87744140625,-647.0982644144118,-234.54595507365502,-652.0659,-235.11356,-642.1306,-233.97836,7.9677477,6.218761e-05
2517.871337890625,-647.211368215993,-233.55862342185105,-652.17957,-234.12172,-642.24316,-232.99553,7.966839,0.0014286987
2518.865966796875,-647.3231609153506,-232.5704099626176,-652.29175,-233.12996,-642.3546,-232.01085,7.9661264,0.0004962364
2519.860595703125,-647.4345383673865,-231.58191722068077,-652.4028,-232.1443,-642.46625,-231.01955,7.966695,6.2008505e-05
2520.85546875,-647.5459158194222,-230.59342447874405,-652.5127,-231.16853,-642.5791,-230.01833,7.9692564,0.0029128462
2521.8505859375,-647.6602294918799,-229.60493028115377,-652.6254,-230.19357,-642.695,-229.0163,7.9719834,0.0035905426
2522.84619140625,-647.7780597672418,-228.61643434018094,-652.7429,-229.20825,-642.81323,-228.02463,7.9726214,6.186797e-05
2523.841796875,-647.8958900426032,-227.62793839920818,-652.8615,-228.21318,-642.93024,-227.04271,7.971299,0.000699715
2524.987548828125,-648.0305892302251,-226.490092498236,-652.9971,-227.06812,-643.0641,-225.91208,7.969843,0.0014469598
2526.981201171875,-648.2604364584614,-224.50984752371065,-653.2271,-225.0859,-643.29376,-223.93378,7.9694514,1.540753e-05
2528.974853515625,-648.4902836866979,-222.52960254918528,-653.45685,-223.10716,-643.52374,-221.95204,7.9697523,1.5407706e-05
2530.968505859375,-648.7201309149343,-220.5493575746599,-653.6861,-221.13216,-643.7542,-219.96657,7.9708056,0.0010153842
2532.119384765625,-648.8546810908294,-219.40649829409458,-653.82007,-219.99356,-643.8893,-218.81943,7.971666,0.00064351776
2533.116943359375,-648.9719048422054,-218.4158882139319,-653.9372,-219.0042,-644.00665,-217.82759,7.9719157,0.0
2534.114501953125,-649.0891285935813,-217.42527813376927,-654.0541,-218.01636,-644.12415,-216.8342,7.9724755,0.0007376024
2535.1123046875,-649.2071093525665,-216.4344878010223,-654.17163,-217.02873,-644.24255,-215.84026,7.9731107,0.00073704106
2536.1103515625,-649.3257305191412,-215.44354497955317,-654.2905,-216.03613,-644.36096,-214.85095,7.972779,0.0
2537.1083984375,-649.4443516857156,-214.45260215808403,-654.41144,-215.02528,-644.47723,-213.87993,7.9687676,0.003007869
2538.106689453125,-649.5600869080419,-213.461158487849,-654.5305,-214.004,-644.5896,-212.9183,7.962766,0.009381716
2539.10546875,-649.6665456479893,-212.4681049061426,-654.6383,-212.99867,-644.6948,-211.93755,7.9602957,0.0
2540.104248046875,-649.773004387937,-211.4750513244362,-654.74384,-212.01445,-644.8022,-210.93565,7.962073,0.0
2541.10302734375,-649.8794631278845,-210.48199774272982,-654.8483,-211.03886,-644.9106,-209.92513,7.9655876,0.006062722
2542.10205078125,-649.9919464750784,-209.48932271887932,-654.9599,-210.05452,-645.024,-208.92412,7.967264,0.00048969337
2543.10107421875,-650.1048635146019,-208.4966749462058,-655.0725,-209.06433,-645.1372,-207.92902,7.9677577,6.121004e-05
2544.10009765625,-650.2177805541254,-207.5040271735323,-655.18445,-208.08049,-645.2511,-206.92757,7.9695296,0.0025087076
2545.099365234375,-650.3332107068975,-206.51143373777424,-655.29895,-207.09544,-645.36743,-205.92741,7.971051,0.001528844
2546.098876953125,-650.4501269019114,-205.51887243226412,-655.41595,-206.10254,-645.4843,-204.93521,7.9709806,0.0
2547.098388671875,-650.5670430969254,-204.52631112675394,-655.53406,-205.0995,-645.6,-203.95311,7.9688725,0.0019562645
2548.097900390625,-650.6820624019078,-203.53344255553182,-655.65063,-204.09305,-645.7135,-202.97385,7.966136,0.0040942226
2549.09765625,-650.7931235405985,-202.53993282495767,-655.76227,-203.09479,-645.82404,-201.98508,7.965183,6.1089675e-05
2550.097412109375,-650.9041846792891,-201.54642309438353,-655.87335,-202.10075,-645.935,-200.99208,7.9650774,6.109029e-05
2551.09716796875,-651.0152273524122,-200.55290958545186,-655.9847,-201.10474,-646.0457,-200.00107,7.964575,0.00085515203
2552.096923828125,-651.1253433992621,-199.55920647361054,-656.09503,-200.10909,-646.1557,-199.00932,7.9641795,0.0
2553.0966796875,-651.2354594461119,-198.56550336176923,-656.2045,-199.12088,-646.2664,-198.01013,7.9652867,0.0
2554.096435546875,-651.3455754929616,-197.57180024992792,-656.3129,-198.14227,-646.37823,-197.00134,7.9683228,0.0046415455
2555.09619140625,-651.460246778798,-196.5785990626368,-656.42633,-197.15993,-646.4942,-195.99727,7.970511,0.0017710539
2556.095947265625,-651.5767328797915,-195.58559784296187,-656.54266,-196.16795,-646.6108,-195.00325,7.970717,6.1069455e-05
2557.095703125,-651.693218980785,-194.59259662328702,-656.65955,-195.17203,-646.7269,-194.01315,7.9701285,0.0006106559
2558.095458984375,-651.8091333996291,-193.59948530261357,-656.7758,-194.17583,-646.84247,-193.02315,7.969507,0.00079373945
2559.095458984375,-651.9242274144665,-192.60621597928,-656.89105,-193.18161,-646.95746,-192.03082,7.9693155,0.0
2560.095458984375,-652.039321429304,-191.61294665594644,-657.0064,-192.1858,-647.0722,-191.04008,7.968807,0.0001831494
2561.095458984375,-652.1542114807695,-190.61964300333335,-657.1219,-191.18736,-647.1866,-190.05193,7.96777,0.001770173
2562.095458984375,-652.2673854695344,-189.6260505184873,-657.2354,-190.1907,-647.2994,-189.0614,7.967152,0.0
2563.095458984375,-652.3805594582993,-188.63245803364126,-657.3478,-189.20412,-647.4133,-188.0608,7.968563,0.0
2564.095458984375,-652.493733447064,-187.63886554879517,-657.4589,-188.2277,-647.5285,-187.05003,7.972023,0.00567534
2565.095458984375,-652.612402235788,-186.645841720642,-657.57635,-187.24521,-647.6485,-186.04648,7.974144,0.0012203162
2566.095458984375,-652.7324293633715,-185.6529584669391,-657.69617,-186.25375,-647.7687,-185.05215,7.9744315,6.1014995e-05
2567.095458984375,-652.8524564909546,-184.6600752132362,-657.81604,-185.2628,-647.8889,-184.05736,7.9748197,0.00042708206
2568.095703125,-652.9730093113047,-183.66722410010237,-657.9363,-184.27205,-648.00977,-183.0624,7.975245,0.0006100582
2569.095947265625,-653.0940934118395,-182.67440546914926,-658.0574,-183.27954,-648.13086,-182.06927,7.975304,6.1003182e-05
2570.09619140625,-653.2151775123742,-181.6815868381962,-658.17883,-182.283,-648.25146,-181.08015,7.974558,0.00042702627
2571.096435546875,-653.335795151012,-180.68871436218777,-658.30023,-181.28403,-648.3714,-180.09341,7.9733267,0.001952158
2572.0966796875,-653.4544613555086,-179.69561662645287,-658.4192,-180.28839,-648.48975,-179.10284,7.9728146,6.1004786e-05
2573.096923828125,-653.5731275600052,-178.70251889071798,-658.5377,-179.29628,-648.6085,-178.10875,7.973015,6.100617e-05
2574.09716796875,-653.691793764502,-177.70942115498312,-658.6562,-178.30481,-648.72736,-177.11404,7.97334,0.0006100574
2575.097412109375,-653.8109880384303,-176.71637774989068,-658.77527,-177.31268,-648.8467,-176.12009,7.973527,0.0
2576.09765625,-653.9302485915794,-175.72334116396348,-658.8946,-176.31908,-648.9659,-175.12761,7.973412,0.0
2577.097900390625,-654.0495091447284,-174.73030457803617,-659.0141,-175.32428,-649.0849,-174.13632,7.9730587,0.0005490337
2578.09814453125,-654.1682865115765,-173.7372065883285,-659.133,-174.33005,-649.20355,-173.14438,7.972829,0.00036601594
2579.098388671875,-654.2867197588828,-172.74406486757812,-659.2518,-173.3342,-649.3217,-172.15393,7.9722843,0.0
2580.0986328125,-654.4051530061889,-171.7509231468277,-659.3721,-172.32527,-649.43823,-171.17656,7.969106,0.0025622083
2581.098876953125,-654.5209621625019,-170.75749171234042,-659.49036,-171.30971,-649.5515,-170.20528,7.9646506,0.006711044
2582.09912109375,-654.6300106406678,-169.76331386268143,-659.6004,-170.30655,-649.6596,-169.2201,7.9628425,6.1008835e-05
2583.099365234375,-654.7390591188339,-168.76913601302238,-659.70856,-169.32062,-649.7696,-168.21765,7.9645042,0.0
2584.099609375,-654.848107597,-167.77495816336338,-659.8157,-168.34319,-649.8805,-167.20674,7.9678707,0.0059177713
2585.099853515625,-654.962999292541,-166.78141165536488,-659.9298,-167.35683,-649.9962,-166.20601,7.969319,6.1004022e-05
2586.10009765625,-655.078039736408,-165.78788121916534,-660.04456,-166.36594,-650.1116,-165.20984,7.96985,6.1004765e-05
2587.100341796875,-655.1930801802749,-164.79435078296584,-660.1583,-165.3827,-650.2278,-164.20601,7.9719257,0.002989033
2588.1005859375,-655.3111017595702,-163.8011359057419,-660.2754,-164.39755,-650.3468,-163.20471,7.9735503,0.0015248789
2589.100830078125,-655.4305867565629,-162.80807593412376,-660.3949,-163.40437,-650.4663,-162.21178,7.9735265,0.000121990284
2590.10107421875,-655.5500717535556,-161.8150159625056,-660.5152,-162.40428,-650.5849,-161.22575,7.9721103,0.0014029525
2591.101318359375,-655.6681635023006,-160.8218180093014,-660.6343,-161.40266,-650.702,-160.24098,7.9704123,0.0023791308
2592.1015625,-655.7838449565182,-159.82838135042348,-660.75037,-160.40617,-650.8174,-159.2506,7.9697995,0.0
2593.101806640625,-655.8995264107359,-158.83494469154553,-660.8658,-159.41475,-650.9333,-158.25514,7.970203,0.0
2594.10205078125,-656.015283535656,-157.84151763833052,-660.98114,-158.42476,-651.0494,-157.25829,7.970896,0.0012811861
2595.102294921875,-656.1321881193977,-156.8482362439011,-661.09796,-157.4325,-651.16644,-156.26398,7.971102,0.0
2596.1025390625,-656.2490927031394,-155.8549548494717,-661.21454,-156.44145,-651.2836,-155.26845,7.971552,6.1011033e-05
2597.102783203125,-656.3659972868811,-154.86167345504234,-661.3307,-155.45477,-651.40125,-154.26859,7.9728804,0.002135283
2598.10302734375,-656.4849210946171,-153.8686110252635,-661.4491,-154.46622,-651.52075,-153.271,7.9737897,0.0005490482
2599.103271484375,-656.6044915663653,-152.87561871973037,-661.5688,-153.47226,-651.6402,-152.27899,7.973594,6.1005623e-05
2600.103515625,-656.7240620381135,-151.88262641419723,-661.689,-152.47327,-651.7591,-151.29199,7.9723845,0.0014031467
2601.103759765625,-656.8422615757967,-150.8894942366563,-661.80804,-151.47386,-651.8765,-150.30513,7.971123,0.0016473136
2602.103759765625,-656.9588056620387,-149.89619315871192,-661.9248,-150.47847,-651.9928,-149.31392,7.970701,6.1014034e-05
2603.103759765625,-657.0753497482809,-148.90289208076751,-662.0423,-149.47733,-652.10846,-148.32846,7.969122,0.00091521227
2604.103759765625,-657.1910849145612,-147.90950736912606,-662.1596,-148.46983,-652.2226,-147.34917,7.9662833,0.0046986616
2605.103759765625,-657.3021838390373,-146.91564331952682,-662.27136,-147.46977,-652.333,-146.36153,7.965035,0.0
2606.103759765625,-657.4132827635136,-145.92177926992758,-662.3819,-146.48088,-652.44464,-145.36269,7.9660354,0.0
2607.103759765625,-657.5243816879897,-144.92791522032837,-662.4918,-145.49745,-652.5569,-144.35838,7.968136,0.003477974
2608.10400390625,-657.6389023665116,-143.93435436648443,-662.60565,-144.50995,-652.6722,-143.35876,7.969355,0.0006100861
2609.104248046875,-657.7540549195378,-142.94084950195617,-662.7208,-143.516,-652.78723,-142.3657,7.969268,0.000122012716
2610.1044921875,-657.8692074725641,-141.9473446374279,-662.8363,-142.51982,-652.9021,-141.37486,7.9687304,0.0007320534
2611.104736328125,-657.9836798567551,-140.9537429988805,-662.9511,-141.5239,-653.0163,-140.3836,7.96826,0.00054901105
2612.10498046875,-658.0975721025924,-139.96005881859156,-663.0652,-140.52838,-653.13,-139.39172,7.967894,6.099928e-05
2613.105224609375,-658.2114643484297,-138.96637463830263,-663.18024,-139.52457,-653.24274,-138.40817,7.9658546,0.0015860676
2614.10546875,-658.3238728473905,-137.97253695105064,-663.2943,-138.51546,-653.3534,-137.42961,7.962781,0.0048195366
2615.105712890625,-658.4314579504654,-136.97820024010025,-663.40265,-137.51389,-653.46027,-136.4425,7.9613247,6.1008734e-05
2616.10595703125,-658.5390430535408,-135.9838635291499,-663.509,-136.53166,-653.56915,-135.43605,7.963762,0.0
2617.106201171875,-658.6466281566157,-134.98952681819947,-663.61346,-135.56429,-653.67975,-134.41478,7.969186,0.009331419
2618.106689453125,-658.7634794820489,-133.99600238135838,-663.7288,-134.58376,-653.79816,-133.40825,7.971805,0.0006706
2619.107177734375,-658.8810195693719,-133.00253832116584,-663.84607,-133.59274,-653.916,-132.41232,7.972298,0.0
2620.107666015625,-658.998559656695,-132.0090742609733,-663.9624,-132.60901,-654.03467,-131.40915,7.974257,0.002803804
2621.108154296875,-659.1188423417897,-131.01581448947178,-664.0817,-131.62384,-654.15594,-130.40778,7.97589,0.001645179
2622.108642578125,-659.2407609454117,-130.02267657311728,-664.20355,-130.63171,-654.278,-129.41364,7.9760933,0.0
2623.109130859375,-659.3626795490334,-129.02953865676275,-664.3258,-129.63551,-654.39954,-128.42357,7.9754734,0.00048743514
2624.109619140625,-659.4840825135165,-128.03635715257687,-664.44763,-128.63873,-654.5205,-127.43398,7.97475,0.0010358748
2625.110107421875,-659.6043994536877,-127.04308384495526,-664.5681,-127.6443,-654.6406,-126.441864,7.9745164,6.0936953e-05
2626.110595703125,-659.7247163938588,-126.04981053733366,-664.6885,-126.65084,-654.761,-125.448784,7.9744787,0.0
2627.111083984375,-659.8450284883742,-125.05654047877661,-664.8089,-125.656784,-654.88116,-124.4563,7.974321,0.00018287281
2628.111328125,-659.9650685885591,-124.06345279535391,-664.92896,-124.663376,-655.0012,-123.46353,7.9742556,6.0977563e-05
2629.111572265625,-660.0851086887444,-123.07036511193122,-665.04895,-123.67015,-655.1212,-122.47058,7.974229,0.00012195513
2630.11181640625,-660.2051487889295,-122.07727742850854,-665.1691,-122.6765,-655.24115,-121.47806,7.974115,0.00024400144
2631.11181640625,-660.3249630561022,-121.08441947313219,-665.28894,-121.68328,-655.36096,-120.48556,7.9740424,6.103282e-05
2632.11181640625,-660.4446864497729,-120.09165395859026,-665.4088,-120.68946,-655.4806,-119.49384,7.97383,6.104318e-05
2633.11181640625,-660.5644098434435,-119.09888844404831,-665.529,-119.6928,-655.5998,-118.50498,7.9730444,0.00091587065
2634.111572265625,-660.6832576931183,-118.10618144621836,-665.6483,-118.695786,-655.71814,-117.51657,7.9721785,0.0011607693
2635.111083984375,-660.8008384585618,-117.11355913357092,-665.7661,-117.70182,-655.8356,-116.52529,7.971908,0.00012223067
2636.110595703125,-660.9184192240052,-116.12093682092342,-665.8855,-116.69378,-655.9513,-115.54809,7.9688034,0.001161296
2637.110107421875,-661.0348432505796,-115.12823789692827,-666.00525,-115.671776,-656.06445,-114.584694,7.962905,0.010031728
2638.109130859375,-661.141322294549,-114.13488031215799,-666.11316,-114.66486,-656.16943,-113.6049,7.960178,0.00012242072
2639.108154296875,-661.2478013385182,-113.14152272738772,-666.21826,-113.68422,-656.27734,-112.59883,7.9627347,0.0
2640.107177734375,-661.3542803824877,-112.14816514261746,-666.32153,-112.71948,-656.3871,-111.57684,7.968495,0.009179445
2641.1064453125,-661.4699525332284,-111.15568603281905,-666.4351,-111.74516,-656.5048,-110.56621,7.9721513,0.002324774
2642.105712890625,-661.5879264342886,-110.16342687369648,-666.55316,-110.75216,-656.62274,-109.5747,7.972001,0.0
2643.10498046875,-661.7059003353489,-109.17116771457388,-666.67206,-109.75166,-656.7397,-108.59067,7.970343,0.0018966194
2644.104248046875,-661.8219005994785,-108.17876764015182,-666.789,-108.75134,-656.8548,-107.606186,7.9687486,0.0020807276
2645.103271484375,-661.9358899467695,-107.1862239886897,-666.9033,-107.75594,-656.9685,-106.61651,7.968173,0.0001224131
2646.102294921875,-662.0498792940606,-106.1936803372276,-667.0182,-106.75573,-657.08154,-105.63163,7.966629,0.0009181259
2647.101318359375,-662.1628771707059,-105.20105220591667,-667.1327,-105.75006,-657.1931,-104.65204,7.964005,0.004346759
2648.100341796875,-662.2716724624539,-104.20806598660938,-667.24207,-104.751526,-657.3013,-103.66461,7.962888,6.123205e-05
2649.099365234375,-662.3804677542022,-103.2150797673021,-667.3504,-103.76272,-657.4106,-102.66744,7.963729,0.0
2650.098388671875,-662.4892630459503,-102.22209354799482,-667.45825,-102.77824,-657.52026,-101.66595,7.9654408,0.0029387816
2651.097412109375,-662.6009355132687,-101.22934408288917,-667.5694,-101.78995,-657.6325,-100.66875,7.9663386,0.00030608047
2652.096435546875,-662.7129765354003,-100.23662494506054,-667.68134,-100.79829,-657.74457,-99.674965,7.966551,0.00012242883
2653.095458984375,-662.8250175575321,-99.24390580723191,-667.79297,-99.80883,-657.85706,-98.67898,7.9672093,0.0009181683
2654.094482421875,-662.9379383719132,-98.25125349945475,-667.9056,-98.81909,-657.9703,-97.68341,7.9677954,0.00061206525
2655.093505859375,-663.0514910306995,-97.25864918731999,-668.01917,-97.82676,-658.08386,-96.690544,7.9678483,0.0
2656.092529296875,-663.1650436894861,-96.2660448751852,-668.1329,-96.83221,-658.1972,-95.69988,7.967457,0.00036722812
2657.091552734375,-663.2782867229961,-95.27340855676442,-668.2464,-95.83706,-658.3101,-94.709755,7.966952,0.00073446025
2658.090576171875,-663.3907239234969,-94.28068893854946,-668.35913,-94.8423,-658.42236,-93.71907,7.966542,6.120629e-05
2659.089599609375,-663.5031611239979,-93.28796932033454,-668.47064,-93.8576,-658.5357,-92.718346,7.968155,0.0
2660.088623046875,-663.6155983244986,-92.29524970211959,-668.58093,-92.883,-658.65027,-91.7075,7.971805,0.0064860573
2661.087890625,-663.7344160689316,-91.30308384415973,-668.6987,-91.89959,-658.77014,-90.70658,7.973567,0.0001223433
2662.087158203125,-663.8534099221706,-90.31093327048569,-668.81805,-90.90419,-658.88873,-89.71768,7.9729123,0.0001223407
2663.08642578125,-663.9724037754095,-89.31878269681165,-668.938,-89.904625,-659.00684,-88.73293,7.9714212,0.0022635688
2664.085693359375,-664.0892556376374,-88.32645180478829,-669.0555,-88.90666,-659.123,-87.74625,7.9702854,0.0010401969
2665.0849609375,-664.2050462939972,-87.33403157770726,-669.17126,-87.9138,-659.2388,-86.75426,7.9701977,6.1190134e-05
2666.084228515625,-664.3208369503569,-86.34161135062624,-669.28687,-86.92357,-659.35486,-85.75966,7.9706373,0.00042833804
2667.083251953125,-664.437061601957,-85.3492500465472,-669.4028,-85.93376,-659.4714,-84.76474,7.9711514,0.0007343282
2668.082275390625,-664.5540436762667,-84.35699157682134,-669.51965,-84.94223,-659.5884,-83.77176,7.9712977,0.0001223891
2669.081298828125,-664.6710257505763,-83.36473310709546,-669.636,-83.95547,-659.70605,-82.773994,7.972405,0.0003059633
2670.080322265625,-664.788259508373,-82.37249328573225,-669.7519,-82.97453,-659.82465,-81.77045,7.974683,0.0039153
2671.07958984375,-664.9094481182773,-81.38054649716663,-669.87244,-81.98759,-659.9464,-80.773506,7.9756904,6.1160106e-05
2672.078857421875,-665.0306367281817,-80.38859970860103,-669.9937,-80.995,-660.06757,-79.7822,7.975561,6.115873e-05
2673.078125,-665.1518253380859,-79.39665292003545,-670.115,-80.00295,-660.1887,-78.79035,7.97554,0.00040178705
