,ado0 timestamp,ado0_uvs_x,ado0_uvs_y,ado0_uvs_z,ado0_uvs_orientation_x,ado0_uvs_orientation_y,ado0_uvs_orientation_z,ado0_uvs_orientation_w,ado0_uvs_vx,ado0_uvs_vy,ado0_uvs_vz,ado0_uvs_wx,ado0_uvs_wy,ado0_uvs_wz,ado0_uvs time_s,ado1 timestamp,ado1_uvs_x,ado1_uvs_y,ado1_uvs_z,ado1_uvs_orientation_x,ado1_uvs_orientation_y,ado1_uvs_orientation_z,ado1_uvs_orientation_w,ado1_uvs_vx,ado1_uvs_vy,ado1_uvs_vz,ado1_uvs_wx,ado1_uvs_wy,ado1_uvs_wz,ado1_uvs time_s,ado2 timestamp,ado2_uvs_x,ado2_uvs_y,ado2_uvs_z,ado2_uvs_orientation_x,ado2_uvs_orientation_y,ado2_uvs_orientation_z,ado2_uvs_orientation_w,ado2_uvs_vx,ado2_uvs_vy,ado2_uvs_vz,ado2_uvs_wx,ado2_uvs_wy,ado2_uvs_wz,ado2_uvs time_s,ado3 timestamp,ado3_uvs_x,ado3_uvs_y,ado3_uvs_z,ado3_uvs_orientation_x,ado3_uvs_orientation_y,ado3_uvs_orientation_z,ado3_uvs_orientation_w,ado3_uvs_vx,ado3_uvs_vy,ado3_uvs_vz,ado3_uvs_wx,ado3_uvs_wy,ado3_uvs_wz,ado3_uvs time_s,ado4 timestamp,ado4_uvs_x,ado4_uvs_y,ado4_uvs_z,ado4_uvs_orientation_x,ado4_uvs_orientation_y,ado4_uvs_orientation_z,ado4_uvs_orientation_w,ado4_uvs_vx,ado4_uvs_vy,ado4_uvs_vz,ado4_uvs_wx,ado4_uvs_wy,ado4_uvs_wz,ado4_uvs time_s
0,0.0,-21.939613979788916,-68.49880643994513,0.0,0.0,0.0,-0.04914713428515807,0.9987915494193754,2.0,0.0,0.0,0.0,0.0,0.0,0.0,0.0,2.0399818171595836,-74.5300420126833,0.0,0.0,0.0,0.9806116829236654,0.19596103519224595,2.0,0.0,0.0,0.0,0.0,0.0,0.0,0.0,-1.3650340430016659,-60.23535571847316,0.0,0.0,0.0,0.9085145228778313,-0.4178532777423992,2.0,0.0,0.0,0.0,0.0,0.0,0.0,0.0,-16.01229635841129,-59.05641724619828,0.0,0.0,0.0,-0.48939569436555963,0.8720618408899977,2.0,0.0,0.0,0.0,0.0,0.0,0.0,0.0,-21.659786451308683,-72.62247949389767,0.0,0.0,0.0,0.11665565544650033,0.9931724211094202,2.0,0.0,0.0,0.0,0.0,0.0,0.0
1,0.0,-21.949033358024842,-68.59836156025759,0.0,0.0,0.0,-0.045151585564698525,0.9989801471105387,2.0,0.0,0.0,0.0,0.0,0.0,0.0,0.0,2.0399818171595836,-74.5300420126833,0.0,0.0,0.0,0.9806116829236654,0.19596103519224595,2.0,0.0,0.0,0.0,0.0,0.0,0.0,0.0,-1.3650340430016659,-60.23535571847316,0.0,0.0,0.0,0.9085145228778313,-0.4178532777423992,2.0,0.0,0.0,0.0,0.0,0.0,0.0,0.0,-16.01229635841129,-59.05641724619828,0.0,0.0,0.0,-0.48939569436555963,0.8720618408899977,2.0,0.0,0.0,0.0,0.0,0.0,0.0,0.0,-21.659786451308683,-72.62247949389767,0.0,0.0,0.0,0.11665565544650033,0.9931724211094202,2.0,0.0,0.0,0.0,0.0,0.0,0.0
2,0.0,-21.957656002375117,-68.69798884904529,0.0,0.0,0.0,-0.04115531441983318,0.99915276114066,2.0,0.0,0.0,0.0,0.0,0.0,0.0,0.0,2.0399818171595836,-74.5300420126833,0.0,0.0,0.0,0.9806116829236654,0.19596103519224595,2.0,0.0,0.0,0.0,0.0,0.0,0.0,0.0,-1.3650340430016659,-60.23535571847316,0.0,0.0,0.0,0.9085145228778313,-0.4178532777423992,2.0,0.0,0.0,0.0,0.0,0.0,0.0,0.0,-16.01229635841129,-59.05641724619828,0.0,0.0,0.0,-0.48939569436555963,0.8720618408899977,2.0,0.0,0.0,0.0,0.0,0.0,0.0,0.0,-21.659786451308683,-72.62247949389767,0.0,0.0,0.0,0.11665565544650033,0.9931724211094202,2.0,0.0,0.0,0.0,0.0,0.0,0.0
3,0.0,-21.965481360993444,-68.79768193019576,0.0,0.0,0.0,-0.03715838479081509,0.9993093887479181,2.0,0.0,0.0,0.0,0.0,0.0,0.0,0.0,2.0399818171595836,-74.5300420126833,0.0,0.0,0.0,0.9806116829236654,0.19596103519224595,2.0,0.0,0.0,0.0,0.0,0.0,0.0,0.0,-1.3650340430016659,-60.23535571847316,0.0,0.0,0.0,0.9085145228778313,-0.4178532777423992,2.0,0.0,0.0,0.0,0.0,0.0,0.0,0.0,-16.01229635841129,-59.05641724619828,0.0,0.0,0.0,-0.48939569436555963,0.8720618408899977,2.0,0.0,0.0,0.0,0.0,0.0,0.0,0.0,-21.659786451308683,-72.62247949389767,0.0,0.0,0.0,0.11665565544650033,0.9931724211094202,2.0,0.0,0.0,0.0,0.0,0.0,0.0
4,0.0,-21.97250893305954,-68.89743442338585,0.0,0.0,0.0,-0.03316086062843306,0.9994500274262749,2.0,0.0,0.0,0.0,0.0,0.0,0.0,0.0,2.0399818171595836,-74.5300420126833,0.0,0.0,0.0,0.9806116829236654,0.19596103519224595,2.0,0.0,0.0,0.0,0.0,0.0,0.0,0.0,-1.3650340430016659,-60.23535571847316,0.0,0.0,0.0,0.9085145228778313,-0.4178532777423992,2.0,0.0,0.0,0.0,0.0,0.0,0.0,0.0,-16.01229635841129,-59.05641724619828,0.0,0.0,0.0,-0.48939569436555963,0.8720618408899977,2.0,0.0,0.0,0.0,0.0,0.0,0.0,0.0,-21.659786451308683,-72.62247949389767,0.0,0.0,0.0,0.11665565544650033,0.9931724211094202,2.0,0.0,0.0,0.0,0.0,0.0,0.0
5,0.0,-21.9787382688112,-68.99723994449,0.0,0.0,0.0,-0.029162805892988412,0.9995746749255144,2.0,0.0,0.0,0.0,0.0,0.0,0.0,0.0,2.0399818171595836,-74.5300420126833,0.0,0.0,0.0,0.9806116829236654,0.19596103519224595,2.0,0.0,0.0,0.0,0.0,0.0,0.0,0.0,-1.3650340430016659,-60.23535571847316,0.0,0.0,0.0,0.9085145228778313,-0.4178532777423992,2.0,0.0,0.0,0.0,0.0,0.0,0.0,0.0,-16.01229635841129,-59.05641724619828,0.0,0.0,0.0,-0.48939569436555963,0.8720618408899977,2.0,0.0,0.0,0.0,0.0,0.0,0.0,0.0,-21.659786451308683,-72.62247949389767,0.0,0.0,0.0,0.11665565544650033,0.9931724211094202,2.0,0.0,0.0,0.0,0.0,0.0,0.0
6,0.0,-21.984168969573048,-69.09709210598898,0.0,0.0,0.0,-0.025164284553271615,0.9996833292512795,2.0,0.0,0.0,0.0,0.0,0.0,0.0,0.0,2.0399818171595836,-74.5300420126833,0.0,0.0,0.0,0.9806116829236654,0.19596103519224595,2.0,0.0,0.0,0.0,0.0,0.0,0.0,0.0,-1.3650340430016659,-60.23535571847316,0.0,0.0,0.0,0.9085145228778313,-0.4178532777423992,2.0,0.0,0.0,0.0,0.0,0.0,0.0,0.0,-16.01229635841129,-59.05641724619828,0.0,0.0,0.0,-0.48939569436555963,0.8720618408899977,2.0,0.0,0.0,0.0,0.0,0.0,0.0,0.0,-21.659786451308683,-72.62247949389767,0.0,0.0,0.0,0.11665565544650033,0.9931724211094202,2.0,0.0,0.0,0.0,0.0,0.0,0.0
7,0.0,-21.988800687782103,-69.1969845173785,0.0,0.0,0.0,-0.0211653605855388,0.999775988665103,2.0,0.0,0.0,0.0,0.0,0.0,0.0,0.0,2.0399818171595836,-74.5300420126833,0.0,0.0,0.0,0.9806116829236654,0.19596103519224595,2.0,0.0,0.0,0.0,0.0,0.0,0.0,0.0,-1.3650340430016659,-60.23535571847316,0.0,0.0,0.0,0.9085145228778313,-0.4178532777423992,2.0,0.0,0.0,0.0,0.0,0.0,0.0,0.0,-16.01229635841129,-59.05641724619828,0.0,0.0,0.0,-0.48939569436555963,0.8720618408899977,2.0,0.0,0.0,0.0,0.0,0.0,0.0,0.0,-21.659786451308683,-72.62247949389767,0.0,0.0,0.0,0.11665565544650033,0.9931724211094202,2.0,0.0,0.0,0.0,0.0,0.0,0.0
8,0.0,-21.992633127009974,-69.29691078557832,0.0,0.0,0.0,-0.017166097972488147,0.9998526516844364,2.0,0.0,0.0,0.0,0.0,0.0,0.0,0.0,2.0399818171595836,-74.5300420126833,0.0,0.0,0.0,0.9806116829236654,0.19596103519224595,2.0,0.0,0.0,0.0,0.0,0.0,0.0,0.0,-1.3650340430016659,-60.23535571847316,0.0,0.0,0.0,0.9085145228778313,-0.4178532777423992,2.0,0.0,0.0,0.0,0.0,0.0,0.0,0.0,-16.01229635841129,-59.05641724619828,0.0,0.0,0.0,-0.48939569436555963,0.8720618408899977,2.0,0.0,0.0,0.0,0.0,0.0,0.0,0.0,-21.659786451308683,-72.62247949389767,0.0,0.0,0.0,0.11665565544650033,0.9931724211094202,2.0,0.0,0.0,0.0,0.0,0.0,0.0
9,0.0,-21.995666041981856,-69.39686451534142,0.0,0.0,0.0,-0.01316656070223614,0.9999133170826731,2.0,0.0,0.0,0.0,0.0,0.0,0.0,0.0,2.0399818171595836,-74.5300420126833,0.0,0.0,0.0,0.9806116829236654,0.19596103519224595,2.0,0.0,0.0,0.0,0.0,0.0,0.0,0.0,-1.3650340430016659,-60.23535571847316,0.0,0.0,0.0,0.9085145228778313,-0.4178532777423992,2.0,0.0,0.0,0.0,0.0,0.0,0.0,0.0,-16.01229635841129,-59.05641724619828,0.0,0.0,0.0,-0.48939569436555963,0.8720618408899977,2.0,0.0,0.0,0.0,0.0,0.0,0.0,0.0,-21.659786451308683,-72.62247949389767,0.0,0.0,0.0,0.11665565544650033,0.9931724211094202,2.0,0.0,0.0,0.0,0.0,0.0,0.0
10,0.0,-21.997899238592233,-69.49683930966319,0.0,0.0,0.0,-0.009166812767293786,0.9999579838891679,2.0,0.0,0.0,0.0,0.0,0.0,0.0,0.0,2.0399818171595836,-74.5300420126833,0.0,0.0,0.0,0.9806116829236654,0.19596103519224595,2.0,0.0,0.0,0.0,0.0,0.0,0.0,0.0,-1.3650340430016659,-60.23535571847316,0.0,0.0,0.0,0.9085145228778313,-0.4178532777423992,2.0,0.0,0.0,0.0,0.0,0.0,0.0,0.0,-16.01229635841129,-59.05641724619828,0.0,0.0,0.0,-0.48939569436555963,0.8720618408899977,2.0,0.0,0.0,0.0,0.0,0.0,0.0,0.0,-21.659786451308683,-72.62247949389767,0.0,0.0,0.0,0.11665565544650033,0.9931724211094202,2.0,0.0,0.0,0.0,0.0,0.0,0.0
11,0.0,-21.99933257391728,-69.59682877019091,0.0,0.0,0.0,-0.005166918163542714,0.9999866513892529,2.0,0.0,0.0,0.0,0.0,0.0,0.0,0.0,2.0399818171595836,-74.5300420126833,0.0,0.0,0.0,0.9806116829236654,0.19596103519224595,2.0,0.0,0.0,0.0,0.0,0.0,0.0,0.0,-1.3650340430016659,-60.23535571847316,0.0,0.0,0.0,0.9085145228778313,-0.4178532777423992,2.0,0.0,0.0,0.0,0.0,0.0,0.0,0.0,-16.01229635841129,-59.05641724619828,0.0,0.0,0.0,-0.48939569436555963,0.8720618408899977,2.0,0.0,0.0,0.0,0.0,0.0,0.0,0.0,-21.659786451308683,-72.62247949389767,0.0,0.0,0.0,0.11665565544650033,0.9931724211094202,2.0,0.0,0.0,0.0,0.0,0.0,0.0
12,0.0,-21.999965956224028,-69.69682649763327,0.0,0.0,0.0,-0.0011669408892112524,0.9999993191242488,2.0,0.0,0.0,0.0,0.0,0.0,0.0,0.0,2.0399818171595836,-74.5300420126833,0.0,0.0,0.0,0.9806116829236654,0.19596103519224595,2.0,0.0,0.0,0.0,0.0,0.0,0.0,0.0,-1.3650340430016659,-60.23535571847316,0.0,0.0,0.0,0.9085145228778313,-0.4178532777423992,2.0,0.0,0.0,0.0,0.0,0.0,0.0,0.0,-16.01229635841129,-59.05641724619828,0.0,0.0,0.0,-0.48939569436555963,0.8720618408899977,2.0,0.0,0.0,0.0,0.0,0.0,0.0,0.0,-21.659786451308683,-72.62247949389767,0.0,0.0,0.0,0.11665565544650033,0.9931724211094202,2.0,0.0,0.0,0.0,0.0,0.0,0.0
13,0.0,-21.999799344976218,-69.79682609216981,0.0,0.0,0.0,0.0028330550561495417,0.9999959868914718,2.0,0.0,0.0,0.0,0.0,0.0,0.0,0.0,2.0399818171595836,-74.5300420126833,0.0,0.0,0.0,0.9806116829236654,0.19596103519224595,2.0,0.0,0.0,0.0,0.0,0.0,0.0,0.0,-1.3650340430016659,-60.23535571847316,0.0,0.0,0.0,0.9085145228778313,-0.4178532777423992,2.0,0.0,0.0,0.0,0.0,0.0,0.0,0.0,-16.01229635841129,-59.05641724619828,0.0,0.0,0.0,-0.48939569436555963,0.8720618408899977,2.0,0.0,0.0,0.0,0.0,0.0,0.0,0.0,-21.659786451308683,-72.62247949389767,0.0,0.0,0.0,0.11665565544650033,0.9931724211094202,2.0,0.0,0.0,0.0,0.0,0.0,0.0
14,0.0,-21.998832750836925,-69.89682115386061,0.0,0.0,0.0,0.006833005672689876,0.999976654744238,2.0,0.0,0.0,0.0,0.0,0.0,0.0,0.0,2.0399818171595836,-74.5300420126833,0.0,0.0,0.0,0.9806116829236654,0.19596103519224595,2.0,0.0,0.0,0.0,0.0,0.0,0.0,0.0,-1.3650340430016659,-60.23535571847316,0.0,0.0,0.0,0.9085145228778313,-0.4178532777423992,2.0,0.0,0.0,0.0,0.0,0.0,0.0,0.0,-16.01229635841129,-59.05641724619828,0.0,0.0,0.0,-0.48939569436555963,0.8720618408899977,2.0,0.0,0.0,0.0,0.0,0.0,0.0,0.0,-21.659786451308683,-72.62247949389767,0.0,0.0,0.0,0.11665565544650033,0.9931724211094202,2.0,0.0,0.0,0.0,0.0,0.0,0.0
15,0.0,-21.997066235667837,-69.99680528305589,0.0,0.0,0.0,0.010832846961285218,0.999941322991861,2.0,0.0,0.0,0.0,0.0,0.0,0.0,0.0,2.0399818171595836,-74.5300420126833,0.0,0.0,0.0,0.9806116829236654,0.19596103519224595,2.0,0.0,0.0,0.0,0.0,0.0,0.0,0.0,-1.3650340430016659,-60.23535571847316,0.0,0.0,0.0,0.9085145228778313,-0.4178532777423992,2.0,0.0,0.0,0.0,0.0,0.0,0.0,0.0,-16.01229635841129,-59.05641724619828,0.0,0.0,0.0,-0.48939569436555963,0.8720618408899977,2.0,0.0,0.0,0.0,0.0,0.0,0.0,0.0,-21.659786451308683,-72.62247949389767,0.0,0.0,0.0,0.11665565544650033,0.9931724211094202,2.0,0.0,0.0,0.0,0.0,0.0,0.0
16,0.0,-21.994499912525317,-70.0967720808055,0.0,0.0,0.0,0.01483251492456028,0.9998899921996482,2.0,0.0,0.0,0.0,0.0,0.0,0.0,0.0,2.0399818171595836,-74.5300420126833,0.0,0.0,0.0,0.9806116829236654,0.19596103519224595,2.0,0.0,0.0,0.0,0.0,0.0,0.0,0.0,-1.3650340430016659,-60.23535571847316,0.0,0.0,0.0,0.9085145228778313,-0.4178532777423992,2.0,0.0,0.0,0.0,0.0,0.0,0.0,0.0,-16.01229635841129,-59.05641724619828,0.0,0.0,0.0,-0.48939569436555963,0.8720618408899977,2.0,0.0,0.0,0.0,0.0,0.0,0.0,0.0,-21.659786451308683,-72.62247949389767,0.0,0.0,0.0,0.11665565544650033,0.9931724211094202,2.0,0.0,0.0,0.0,0.0,0.0,0.0
17,0.0,-21.991133945653182,-70.19671514926847,0.0,0.0,0.0,0.018831945567912976,0.9998226631888913,2.0,0.0,0.0,0.0,0.0,0.0,0.0,0.0,2.0399818171595836,-74.5300420126833,0.0,0.0,0.0,0.9806116829236654,0.19596103519224595,2.0,0.0,0.0,0.0,0.0,0.0,0.0,0.0,-1.3650340430016659,-60.23535571847316,0.0,0.0,0.0,0.9085145228778313,-0.4178532777423992,2.0,0.0,0.0,0.0,0.0,0.0,0.0,0.0,-16.01229635841129,-59.05641724619828,0.0,0.0,0.0,-0.48939569436555963,0.8720618408899977,2.0,0.0,0.0,0.0,0.0,0.0,0.0,0.0,-21.659786451308683,-72.62247949389767,0.0,0.0,0.0,0.11665565544650033,0.9931724211094202,2.0,0.0,0.0,0.0,0.0,0.0,0.0
18,0.0,-21.98696855047215,-70.29662809212257,0.0,0.0,0.0,0.022831074900538335,0.9997393370368528,2.0,0.0,0.0,0.0,0.0,0.0,0.0,0.0,2.0399818171595836,-74.5300420126833,0.0,0.0,0.0,0.9806116829236654,0.19596103519224595,2.0,0.0,0.0,0.0,0.0,0.0,0.0,0.0,-1.3650340430016659,-60.23535571847316,0.0,0.0,0.0,0.9085145228778313,-0.4178532777423992,2.0,0.0,0.0,0.0,0.0,0.0,0.0,0.0,-16.01229635841129,-59.05641724619828,0.0,0.0,0.0,-0.48939569436555963,0.8720618408899977,2.0,0.0,0.0,0.0,0.0,0.0,0.0,0.0,-21.659786451308683,-72.62247949389767,0.0,0.0,0.0,0.11665565544650033,0.9931724211094202,2.0,0.0,0.0,0.0,0.0,0.0,0.0
19,0.0,-21.9820039935661,-70.39650451497354,0.0,0.0,0.0,0.026829838936452344,0.9996400150767495,2.0,0.0,0.0,0.0,0.0,0.0,0.0,0.0,2.0399818171595836,-74.5300420126833,0.0,0.0,0.0,0.9806116829236654,0.19596103519224595,2.0,0.0,0.0,0.0,0.0,0.0,0.0,0.0,-1.3650340430016659,-60.23535571847316,0.0,0.0,0.0,0.9085145228778313,-0.4178532777423992,2.0,0.0,0.0,0.0,0.0,0.0,0.0,0.0,-16.01229635841129,-59.05641724619828,0.0,0.0,0.0,-0.48939569436555963,0.8720618408899977,2.0,0.0,0.0,0.0,0.0,0.0,0.0,0.0,-21.659786451308683,-72.62247949389767,0.0,0.0,0.0,0.11665565544650033,0.9931724211094202,2.0,0.0,0.0,0.0,0.0,0.0,0.0
20,0.0,-21.97624059266498,-70.49633802576443,0.0,0.0,0.0,0.030828173695515743,0.9995246988977307,2.0,0.0,0.0,0.0,0.0,0.0,0.0,0.0,2.0399818171595836,-74.5300420126833,0.0,0.0,0.0,0.9806116829236654,0.19596103519224595,2.0,0.0,0.0,0.0,0.0,0.0,0.0,0.0,-1.3650340430016659,-60.23535571847316,0.0,0.0,0.0,0.9085145228778313,-0.4178532777423992,2.0,0.0,0.0,0.0,0.0,0.0,0.0,0.0,-16.01229635841129,-59.05641724619828,0.0,0.0,0.0,-0.48939569436555963,0.8720618408899977,2.0,0.0,0.0,0.0,0.0,0.0,0.0,0.0,-21.659786451308683,-72.62247949389767,0.0,0.0,0.0,0.11665565544650033,0.9931724211094202,2.0,0.0,0.0,0.0,0.0,0.0,0.0
21,0.0,-21.969678716624472,-70.59612223518461,0.0,0.0,0.0,0.03482601520445768,0.9993933903448525,2.0,0.0,0.0,0.0,0.0,0.0,0.0,0.0,2.0399818171595836,-74.5300420126833,0.0,0.0,0.0,0.9806116829236654,0.19596103519224595,2.0,0.0,0.0,0.0,0.0,0.0,0.0,0.0,-1.3650340430016659,-60.23535571847316,0.0,0.0,0.0,0.9085145228778313,-0.4178532777423992,2.0,0.0,0.0,0.0,0.0,0.0,0.0,0.0,-16.01229635841129,-59.05641724619828,0.0,0.0,0.0,-0.48939569436555963,0.8720618408899977,2.0,0.0,0.0,0.0,0.0,0.0,0.0,0.0,-21.659786451308683,-72.62247949389767,0.0,0.0,0.0,0.11665565544650033,0.9931724211094202,2.0,0.0,0.0,0.0,0.0,0.0,0.0
22,0.0,-21.96231878540241,-70.69585075707873,0.0,0.0,0.0,0.0388232994978993,0.9992460915190494,2.0,0.0,0.0,0.0,0.0,0.0,0.0,0.0,2.0399818171595836,-74.5300420126833,0.0,0.0,0.0,0.9806116829236654,0.19596103519224595,2.0,0.0,0.0,0.0,0.0,0.0,0.0,0.0,-1.3650340430016659,-60.23535571847316,0.0,0.0,0.0,0.9085145228778313,-0.4178532777423992,2.0,0.0,0.0,0.0,0.0,0.0,0.0,0.0,-16.01229635841129,-59.05641724619828,0.0,0.0,0.0,-0.48939569436555963,0.8720618408899977,2.0,0.0,0.0,0.0,0.0,0.0,0.0,0.0,-21.659786451308683,-72.62247949389767,0.0,0.0,0.0,0.11665565544650033,0.9931724211094202,2.0,0.0,0.0,0.0,0.0,0.0,0.0
23,0.0,-21.95416127003188,-70.79551720885544,0.0,0.0,0.0,0.042819962619377185,0.9990828047770991,2.0,0.0,0.0,0.0,0.0,0.0,0.0,0.0,2.0399818171595836,-74.5300420126833,0.0,0.0,0.0,0.9806116829236654,0.19596103519224595,2.0,0.0,0.0,0.0,0.0,0.0,0.0,0.0,-1.3650340430016659,-60.23535571847316,0.0,0.0,0.0,0.9085145228778313,-0.4178532777423992,2.0,0.0,0.0,0.0,0.0,0.0,0.0,0.0,-16.01229635841129,-59.05641724619828,0.0,0.0,0.0,-0.48939569436555963,0.8720618408899977,2.0,0.0,0.0,0.0,0.0,0.0,0.0,0.0,-21.659786451308683,-72.62247949389767,0.0,0.0,0.0,0.11665565544650033,0.9931724211094202,2.0,0.0,0.0,0.0,0.0,0.0,0.0
24,0.0,-21.94520669259108,-70.89511521189586,0.0,0.0,0.0,0.046815940622366645,0.9989035327315862,2.0,0.0,0.0,0.0,0.0,0.0,0.0,0.0,2.0399818171595836,-74.5300420126833,0.0,0.0,0.0,0.9806116829236654,0.19596103519224595,2.0,0.0,0.0,0.0,0.0,0.0,0.0,0.0,-1.3650340430016659,-60.23535571847316,0.0,0.0,0.0,0.9085145228778313,-0.4178532777423992,2.0,0.0,0.0,0.0,0.0,0.0,0.0,0.0,-16.01229635841129,-59.05641724619828,0.0,0.0,0.0,-0.48939569436555963,0.8720618408899977,2.0,0.0,0.0,0.0,0.0,0.0,0.0,0.0,-21.659786451308683,-72.62247949389767,0.0,0.0,0.0,0.11665565544650033,0.9931724211094202,2.0,0.0,0.0,0.0,0.0,0.0,0.0
25,0.0,-21.935455626169905,-70.99463839196176,0.0,0.0,0.0,0.050811169571304896,0.9987082782508594,2.0,0.0,0.0,0.0,0.0,0.0,0.0,0.0,2.0399818171595836,-74.5300420126833,0.0,0.0,0.0,0.9806116829236654,0.19596103519224595,2.0,0.0,0.0,0.0,0.0,0.0,0.0,0.0,-1.3650340430016659,-60.23535571847316,0.0,0.0,0.0,0.9085145228778313,-0.4178532777423992,2.0,0.0,0.0,0.0,0.0,0.0,0.0,0.0,-16.01229635841129,-59.05641724619828,0.0,0.0,0.0,-0.48939569436555963,0.8720618408899977,2.0,0.0,0.0,0.0,0.0,0.0,0.0,0.0,-21.659786451308683,-72.62247949389767,0.0,0.0,0.0,0.11665565544650033,0.9931724211094202,2.0,0.0,0.0,0.0,0.0,0.0,0.0
26,0.0,-21.92490869483328,-71.09408037960361,0.0,0.0,0.0,0.05480558554261397,0.9984970444589865,2.0,0.0,0.0,0.0,0.0,0.0,0.0,0.0,2.0399818171595836,-74.5300420126833,0.0,0.0,0.0,0.9806116829236654,0.19596103519224595,2.0,0.0,0.0,0.0,0.0,0.0,0.0,0.0,-1.3650340430016659,-60.23535571847316,0.0,0.0,0.0,0.9085145228778313,-0.4178532777423992,2.0,0.0,0.0,0.0,0.0,0.0,0.0,0.0,-16.01229635841129,-59.05641724619828,0.0,0.0,0.0,-0.48939569436555963,0.8720618408899977,2.0,0.0,0.0,0.0,0.0,0.0,0.0,0.0,-21.659786451308683,-72.62247949389767,0.0,0.0,0.0,0.11665565544650033,0.9931724211094202,2.0,0.0,0.0,0.0,0.0,0.0,0.0
27,0.0,-21.913566573581214,-71.19343481056812,0.0,0.0,0.0,0.05879912462572355,0.9982698347357034,2.0,0.0,0.0,0.0,0.0,0.0,0.0,0.0,2.0399818171595836,-74.5300420126833,0.0,0.0,0.0,0.9806116829236654,0.19596103519224595,2.0,0.0,0.0,0.0,0.0,0.0,0.0,0.0,-1.3650340430016659,-60.23535571847316,0.0,0.0,0.0,0.9085145228778313,-0.4178532777423992,2.0,0.0,0.0,0.0,0.0,0.0,0.0,0.0,-16.01229635841129,-59.05641724619828,0.0,0.0,0.0,-0.48939569436555963,0.8720618408899977,2.0,0.0,0.0,0.0,0.0,0.0,0.0,0.0,-21.659786451308683,-72.62247949389767,0.0,0.0,0.0,0.11665565544650033,0.9931724211094202,2.0,0.0,0.0,0.0,0.0,0.0,0.0
28,0.0,-21.901429988305598,-71.29269532620566,0.0,0.0,0.0,0.0627917229240935,0.998026652716361,2.0,0.0,0.0,0.0,0.0,0.0,0.0,0.0,2.0399818171595836,-74.5300420126833,0.0,0.0,0.0,0.9806116829236654,0.19596103519224595,2.0,0.0,0.0,0.0,0.0,0.0,0.0,0.0,-1.3650340430016659,-60.23535571847316,0.0,0.0,0.0,0.9085145228778313,-0.4178532777423992,2.0,0.0,0.0,0.0,0.0,0.0,0.0,0.0,-16.01229635841129,-59.05641724619828,0.0,0.0,0.0,-0.48939569436555963,0.8720618408899977,2.0,0.0,0.0,0.0,0.0,0.0,0.0,0.0,-21.659786451308683,-72.62247949389767,0.0,0.0,0.0,0.11665565544650033,0.9931724211094202,2.0,0.0,0.0,0.0,0.0,0.0,0.0
29,0.0,-21.888499715743738,-71.39185557387707,0.0,0.0,0.0,0.06678331655623622,0.9977675022918664,2.0,0.0,0.0,0.0,0.0,0.0,0.0,0.0,2.0399818171595836,-74.5300420126833,0.0,0.0,0.0,0.9806116829236654,0.19596103519224595,2.0,0.0,0.0,0.0,0.0,0.0,0.0,0.0,-1.3650340430016659,-60.23535571847316,0.0,0.0,0.0,0.9085145228778313,-0.4178532777423992,2.0,0.0,0.0,0.0,0.0,0.0,0.0,0.0,-16.01229635841129,-59.05641724619828,0.0,0.0,0.0,-0.48939569436555963,0.8720618408899977,2.0,0.0,0.0,0.0,0.0,0.0,0.0,0.0,-21.659786451308683,-72.62247949389767,0.0,0.0,0.0,0.11665565544650033,0.9931724211094202,2.0,0.0,0.0,0.0,0.0,0.0,0.0
30,0.0,-21.87477658342867,-71.49090920736037,0.0,0.0,0.0,0.07077384165673875,0.9974923876086207,2.0,0.0,0.0,0.0,0.0,0.0,0.0,0.0,2.0399818171595836,-74.5300420126833,0.0,0.0,0.0,0.9806116829236654,0.19596103519224595,2.0,0.0,0.0,0.0,0.0,0.0,0.0,0.0,-1.3650340430016659,-60.23535571847316,0.0,0.0,0.0,0.9085145228778313,-0.4178532777423992,2.0,0.0,0.0,0.0,0.0,0.0,0.0,0.0,-16.01229635841129,-59.05641724619828,0.0,0.0,0.0,-0.48939569436555963,0.8720618408899977,2.0,0.0,0.0,0.0,0.0,0.0,0.0,0.0,-21.659786451308683,-72.62247949389767,0.0,0.0,0.0,0.11665565544650033,0.9931724211094202,2.0,0.0,0.0,0.0,0.0,0.0,0.0
31,0.0,-21.86026146963618,-71.58984988725682,0.0,0.0,0.0,0.07476323437728462,0.9972013130684532,2.0,0.0,0.0,0.0,0.0,0.0,0.0,0.0,2.0399818171595836,-74.5300420126833,0.0,0.0,0.0,0.9806116829236654,0.19596103519224595,2.0,0.0,0.0,0.0,0.0,0.0,0.0,0.0,-1.3650340430016659,-60.23535571847316,0.0,0.0,0.0,0.9085145228778313,-0.4178532777423992,2.0,0.0,0.0,0.0,0.0,0.0,0.0,0.0,-16.01229635841129,-59.05641724619828,0.0,0.0,0.0,-0.48939569436555963,0.8720618408899977,2.0,0.0,0.0,0.0,0.0,0.0,0.0,0.0,-21.659786451308683,-72.62247949389767,0.0,0.0,0.0,0.11665565544650033,0.9931724211094202,2.0,0.0,0.0,0.0,0.0,0.0,0.0
32,0.0,-21.84495530332859,-71.68867128139668,0.0,0.0,0.0,0.07875143088767539,0.9968942833285502,2.0,0.0,0.0,0.0,0.0,0.0,0.0,0.0,2.0399818171595836,-74.5300420126833,0.0,0.0,0.0,0.9806116829236654,0.19596103519224595,2.0,0.0,0.0,0.0,0.0,0.0,0.0,0.0,-1.3650340430016659,-60.23535571847316,0.0,0.0,0.0,0.9085145228778313,-0.4178532777423992,2.0,0.0,0.0,0.0,0.0,0.0,0.0,0.0,-16.01229635841129,-59.05641724619828,0.0,0.0,0.0,-0.48939569436555963,0.8720618408899977,2.0,0.0,0.0,0.0,0.0,0.0,0.0,0.0,-21.659786451308683,-72.62247949389767,0.0,0.0,0.0,0.11665565544650033,0.9931724211094202,2.0,0.0,0.0,0.0,0.0,0.0,0.0
33,0.0,-21.828859064095326,-71.78736706524445,0.0,0.0,0.0,0.082738367376852,0.996571303301381,2.0,0.0,0.0,0.0,0.0,0.0,0.0,0.0,2.0399818171595836,-74.5300420126833,0.0,0.0,0.0,0.9806116829236654,0.19596103519224595,2.0,0.0,0.0,0.0,0.0,0.0,0.0,0.0,-1.3650340430016659,-60.23535571847316,0.0,0.0,0.0,0.9085145228778313,-0.4178532777423992,2.0,0.0,0.0,0.0,0.0,0.0,0.0,0.0,-16.01229635841129,-59.05641724619828,0.0,0.0,0.0,-0.48939569436555963,0.8720618408899977,2.0,0.0,0.0,0.0,0.0,0.0,0.0,0.0,-21.659786451308683,-72.62247949389767,0.0,0.0,0.0,0.11665565544650033,0.9931724211094202,2.0,0.0,0.0,0.0,0.0,0.0,0.0
34,0.0,-21.8119737820902,-71.88593092230366,0.0,0.0,0.0,0.08672398005391566,0.9962323781546191,2.0,0.0,0.0,0.0,0.0,0.0,0.0,0.0,2.0399818171595836,-74.5300420126833,0.0,0.0,0.0,0.9806116829236654,0.19596103519224595,2.0,0.0,0.0,0.0,0.0,0.0,0.0,0.0,-1.3650340430016659,-60.23535571847316,0.0,0.0,0.0,0.9085145228778313,-0.4178532777423992,2.0,0.0,0.0,0.0,0.0,0.0,0.0,0.0,-16.01229635841129,-59.05641724619828,0.0,0.0,0.0,-0.48939569436555963,0.8720618408899977,2.0,0.0,0.0,0.0,0.0,0.0,0.0,0.0,-21.659786451308683,-72.62247949389767,0.0,0.0,0.0,0.11665565544650033,0.9931724211094202,2.0,0.0,0.0,0.0,0.0,0.0,0.0
35,0.0,-21.794300537965498,-71.98435654452109,0.0,0.0,0.0,0.09070820514914855,0.9958775133110598,2.0,0.0,0.0,0.0,0.0,0.0,0.0,0.0,2.0399818171595836,-74.5300420126833,0.0,0.0,0.0,0.9806116829236654,0.19596103519224595,2.0,0.0,0.0,0.0,0.0,0.0,0.0,0.0,-1.3650340430016659,-60.23535571847316,0.0,0.0,0.0,0.9085145228778313,-0.4178532777423992,2.0,0.0,0.0,0.0,0.0,0.0,0.0,0.0,-16.01229635841129,-59.05641724619828,0.0,0.0,0.0,-0.48939569436555963,0.8720618408899977,2.0,0.0,0.0,0.0,0.0,0.0,0.0,0.0,-21.659786451308683,-72.62247949389767,0.0,0.0,0.0,0.11665565544650033,0.9931724211094202,2.0,0.0,0.0,0.0,0.0,0.0,0.0
36,0.0,-21.77584046280281,-72.08263763269052,0.0,0.0,0.0,0.09469097891503418,0.9955067144485328,2.0,0.0,0.0,0.0,0.0,0.0,0.0,0.0,2.0399818171595836,-74.5300420126833,0.0,0.0,0.0,0.9806116829236654,0.19596103519224595,2.0,0.0,0.0,0.0,0.0,0.0,0.0,0.0,-1.3650340430016659,-60.23535571847316,0.0,0.0,0.0,0.9085145228778313,-0.4178532777423992,2.0,0.0,0.0,0.0,0.0,0.0,0.0,0.0,-16.01229635841129,-59.05641724619828,0.0,0.0,0.0,-0.48939569436555963,0.8720618408899977,2.0,0.0,0.0,0.0,0.0,0.0,0.0,0.0,-21.659786451308683,-72.62247949389767,0.0,0.0,0.0,0.11665565544650033,0.9931724211094202,2.0,0.0,0.0,0.0,0.0,0.0,0.0
37,0.0,-21.756594738040654,-72.18076789685587,0.0,0.0,0.0,0.09867223762727724,0.9951199874998121,2.0,0.0,0.0,0.0,0.0,0.0,0.0,0.0,2.0399818171595836,-74.5300420126833,0.0,0.0,0.0,0.9806116829236654,0.19596103519224595,2.0,0.0,0.0,0.0,0.0,0.0,0.0,0.0,-1.3650340430016659,-60.23535571847316,0.0,0.0,0.0,0.9085145228778313,-0.4178532777423992,2.0,0.0,0.0,0.0,0.0,0.0,0.0,0.0,-16.01229635841129,-59.05641724619828,0.0,0.0,0.0,-0.48939569436555963,0.8720618408899977,2.0,0.0,0.0,0.0,0.0,0.0,0.0,0.0,-21.659786451308683,-72.62247949389767,0.0,0.0,0.0,0.11665565544650033,0.9931724211094202,2.0,0.0,0.0,0.0,0.0,0.0,0.0
38,0.0,-21.736564595398832,-72.2787410567137,0.0,0.0,0.0,0.10265191758582327,0.9947173386525205,2.0,0.0,0.0,0.0,0.0,0.0,0.0,0.0,2.0399818171595836,-74.5300420126833,0.0,0.0,0.0,0.9806116829236654,0.19596103519224595,2.0,0.0,0.0,0.0,0.0,0.0,0.0,0.0,-1.3650340430016659,-60.23535571847316,0.0,0.0,0.0,0.9085145228778313,-0.4178532777423992,2.0,0.0,0.0,0.0,0.0,0.0,0.0,0.0,-16.01229635841129,-59.05641724619828,0.0,0.0,0.0,-0.48939569436555963,0.8720618408899977,2.0,0.0,0.0,0.0,0.0,0.0,0.0,0.0,-21.659786451308683,-72.62247949389767,0.0,0.0,0.0,0.11665565544650033,0.9931724211094202,2.0,0.0,0.0,0.0,0.0,0.0,0.0
39,0.0,-21.715751316799647,-72.37655084201523,0.0,0.0,0.0,0.10662995511587783,0.9942987743490314,2.0,0.0,0.0,0.0,0.0,0.0,0.0,0.0,2.0399818171595836,-74.5300420126833,0.0,0.0,0.0,0.9806116829236654,0.19596103519224595,2.0,0.0,0.0,0.0,0.0,0.0,0.0,0.0,-1.3650340430016659,-60.23535571847316,0.0,0.0,0.0,0.9085145228778313,-0.4178532777423992,2.0,0.0,0.0,0.0,0.0,0.0,0.0,0.0,-16.01229635841129,-59.05641724619828,0.0,0.0,0.0,-0.48939569436555963,0.8720618408899977,2.0,0.0,0.0,0.0,0.0,0.0,0.0,0.0,-21.659786451308683,-72.62247949389767,0.0,0.0,0.0,0.11665565544650033,0.9931724211094202,2.0,0.0,0.0,0.0,0.0,0.0,0.0
40,0.0,-21.69415623428582,-72.4741909929676,0.0,0.0,0.0,0.11060628656892531,0.9938643012863642,2.0,0.0,0.0,0.0,0.0,0.0,0.0,0.0,2.0399818171595836,-74.5300420126833,0.0,0.0,0.0,0.9806116829236654,0.19596103519224595,2.0,0.0,0.0,0.0,0.0,0.0,0.0,0.0,-1.3650340430016659,-60.23535571847316,0.0,0.0,0.0,0.9085145228778313,-0.4178532777423992,2.0,0.0,0.0,0.0,0.0,0.0,0.0,0.0,-16.01229635841129,-59.05641724619828,0.0,0.0,0.0,-0.48939569436555963,0.8720618408899977,2.0,0.0,0.0,0.0,0.0,0.0,0.0,0.0,-21.659786451308683,-72.62247949389767,0.0,0.0,0.0,0.11665565544650033,0.9931724211094202,2.0,0.0,0.0,0.0,0.0,0.0,0.0
41,0.0,-21.671780729935257,-72.57165526063447,0.0,0.0,0.0,0.11458084832374729,0.9934139264160788,2.0,0.0,0.0,0.0,0.0,0.0,0.0,0.0,2.0399818171595836,-74.5300420126833,0.0,0.0,0.0,0.9806116829236654,0.19596103519224595,2.0,0.0,0.0,0.0,0.0,0.0,0.0,0.0,-1.3650340430016659,-60.23535571847316,0.0,0.0,0.0,0.9085145228778313,-0.4178532777423992,2.0,0.0,0.0,0.0,0.0,0.0,0.0,0.0,-16.01229635841129,-59.05641724619828,0.0,0.0,0.0,-0.48939569436555963,0.8720618408899977,2.0,0.0,0.0,0.0,0.0,0.0,0.0,0.0,-21.659786451308683,-72.62247949389767,0.0,0.0,0.0,0.11665565544650033,0.9931724211094202,2.0,0.0,0.0,0.0,0.0,0.0,0.0
42,0.0,-21.64862623577261,-72.66893740733597,0.0,0.0,0.0,0.11855357678744047,0.9929476569441636,2.0,0.0,0.0,0.0,0.0,0.0,0.0,0.0,2.0399818171595836,-74.5300420126833,0.0,0.0,0.0,0.9806116829236654,0.19596103519224595,2.0,0.0,0.0,0.0,0.0,0.0,0.0,0.0,-1.3650340430016659,-60.23535571847316,0.0,0.0,0.0,0.9085145228778313,-0.4178532777423992,2.0,0.0,0.0,0.0,0.0,0.0,0.0,0.0,-16.01229635841129,-59.05641724619828,0.0,0.0,0.0,-0.48939569436555963,0.8720618408899977,2.0,0.0,0.0,0.0,0.0,0.0,0.0,0.0,-21.659786451308683,-72.62247949389767,0.0,0.0,0.0,0.11665565544650033,0.9931724211094202,2.0,0.0,0.0,0.0,0.0,0.0,0.0
43,0.0,-21.624694233677594,-72.76603120704793,0.0,0.0,0.0,0.1225244083964342,0.9924655003309202,2.0,0.0,0.0,0.0,0.0,0.0,0.0,0.0,2.0399818171595836,-74.5300420126833,0.0,0.0,0.0,0.9806116829236654,0.19596103519224595,2.0,0.0,0.0,0.0,0.0,0.0,0.0,0.0,-1.3650340430016659,-60.23535571847316,0.0,0.0,0.0,0.9085145228778313,-0.4178532777423992,2.0,0.0,0.0,0.0,0.0,0.0,0.0,0.0,-16.01229635841129,-59.05641724619828,0.0,0.0,0.0,-0.48939569436555963,0.8720618408899977,2.0,0.0,0.0,0.0,0.0,0.0,0.0,0.0,-21.659786451308683,-72.62247949389767,0.0,0.0,0.0,0.11665565544650033,0.9931724211094202,2.0,0.0,0.0,0.0,0.0,0.0,0.0
44,0.0,-21.599986255290176,-72.86293044580029,0.0,0.0,0.0,0.12649327961750745,0.9919674642908441,2.0,0.0,0.0,0.0,0.0,0.0,0.0,0.0,2.0399818171595836,-74.5300420126833,0.0,0.0,0.0,0.9806116829236654,0.19596103519224595,2.0,0.0,0.0,0.0,0.0,0.0,0.0,0.0,-1.3650340430016659,-60.23535571847316,0.0,0.0,0.0,0.9085145228778313,-0.4178532777423992,2.0,0.0,0.0,0.0,0.0,0.0,0.0,0.0,-16.01229635841129,-59.05641724619828,0.0,0.0,0.0,-0.48939569436555963,0.8720618408899977,2.0,0.0,0.0,0.0,0.0,0.0,0.0,0.0,-21.659786451308683,-72.62247949389767,0.0,0.0,0.0,0.11665565544650033,0.9931724211094202,2.0,0.0,0.0,0.0,0.0,0.0,0.0
45,0.0,-21.57450388191254,-72.95962892207486,0.0,0.0,0.0,0.13046012694880532,0.9914535567925012,2.0,0.0,0.0,0.0,0.0,0.0,0.0,0.0,2.0399818171595836,-74.5300420126833,0.0,0.0,0.0,0.9806116829236654,0.19596103519224595,2.0,0.0,0.0,0.0,0.0,0.0,0.0,0.0,-1.3650340430016659,-60.23535571847316,0.0,0.0,0.0,0.9085145228778313,-0.4178532777423992,2.0,0.0,0.0,0.0,0.0,0.0,0.0,0.0,-16.01229635841129,-59.05641724619828,0.0,0.0,0.0,-0.48939569436555963,0.8720618408899977,2.0,0.0,0.0,0.0,0.0,0.0,0.0,0.0,-21.659786451308683,-72.62247949389767,0.0,0.0,0.0,0.11665565544650033,0.9931724211094202,2.0,0.0,0.0,0.0,0.0,0.0,0.0
46,0.0,-21.548248744407882,-73.05612044720216,0.0,0.0,0.0,0.13442488692085516,0.9909237860584008,2.0,0.0,0.0,0.0,0.0,0.0,0.0,0.0,2.0399818171595836,-74.5300420126833,0.0,0.0,0.0,0.9806116829236654,0.19596103519224595,2.0,0.0,0.0,0.0,0.0,0.0,0.0,0.0,-1.3650340430016659,-60.23535571847316,0.0,0.0,0.0,0.9085145228778313,-0.4178532777423992,2.0,0.0,0.0,0.0,0.0,0.0,0.0,0.0,-16.01229635841129,-59.05641724619828,0.0,0.0,0.0,-0.48939569436555963,0.8720618408899977,2.0,0.0,0.0,0.0,0.0,0.0,0.0,0.0,-21.659786451308683,-72.62247949389767,0.0,0.0,0.0,0.11665565544650033,0.9931724211094202,2.0,0.0,0.0,0.0,0.0,0.0,0.0
47,0.0,-21.521222523096043,-73.15239884575752,0.0,0.0,0.0,0.138387496097582,0.990378160564863,2.0,0.0,0.0,0.0,0.0,0.0,0.0,0.0,2.0399818171595836,-74.5300420126833,0.0,0.0,0.0,0.9806116829236654,0.19596103519224595,2.0,0.0,0.0,0.0,0.0,0.0,0.0,0.0,-1.3650340430016659,-60.23535571847316,0.0,0.0,0.0,0.9085145228778313,-0.4178532777423992,2.0,0.0,0.0,0.0,0.0,0.0,0.0,0.0,-16.01229635841129,-59.05641724619828,0.0,0.0,0.0,-0.48939569436555963,0.8720618408899977,2.0,0.0,0.0,0.0,0.0,0.0,0.0,0.0,-21.659786451308683,-72.62247949389767,0.0,0.0,0.0,0.11665565544650033,0.9931724211094202,2.0,0.0,0.0,0.0,0.0,0.0,0.0
48,0.0,-21.49342694764596,-73.24845795595628,0.0,0.0,0.0,0.14234789107732354,0.9898166890418844,2.0,0.0,0.0,0.0,0.0,0.0,0.0,0.0,2.0399818171595836,-74.5300420126833,0.0,0.0,0.0,0.9806116829236654,0.19596103519224595,2.0,0.0,0.0,0.0,0.0,0.0,0.0,0.0,-1.3650340430016659,-60.23535571847316,0.0,0.0,0.0,0.9085145228778313,-0.4178532777423992,2.0,0.0,0.0,0.0,0.0,0.0,0.0,0.0,-16.01229635841129,-59.05641724619828,0.0,0.0,0.0,-0.48939569436555963,0.8720618408899977,2.0,0.0,0.0,0.0,0.0,0.0,0.0,0.0,-21.659786451308683,-72.62247949389767,0.0,0.0,0.0,0.11665565544650033,0.9931724211094202,2.0,0.0,0.0,0.0,0.0,0.0,0.0
49,0.0,-21.464863796964977,-73.3442916300482,0.0,0.0,0.0,0.14630600849384462,0.9892393804729971,2.0,0.0,0.0,0.0,0.0,0.0,0.0,0.0,2.0399818171595836,-74.5300420126833,0.0,0.0,0.0,0.9806116829236654,0.19596103519224595,2.0,0.0,0.0,0.0,0.0,0.0,0.0,0.0,-1.3650340430016659,-60.23535571847316,0.0,0.0,0.0,0.9085145228778313,-0.4178532777423992,2.0,0.0,0.0,0.0,0.0,0.0,0.0,0.0,-16.01229635841129,-59.05641724619828,0.0,0.0,0.0,-0.48939569436555963,0.8720618408899977,2.0,0.0,0.0,0.0,0.0,0.0,0.0,0.0,-21.659786451308683,-72.62247949389767,0.0,0.0,0.0,0.11665565544650033,0.9931724211094202,2.0,0.0,0.0,0.0,0.0,0.0,0.0
50,0.0,-21.435534899084985,-73.43989373471084,0.0,0.0,0.0,0.15026178501735096,0.9886462440951259,2.0,0.0,0.0,0.0,0.0,0.0,0.0,0.0,2.0399818171595836,-74.5300420126833,0.0,0.0,0.0,0.9806116829236654,0.19596103519224595,2.0,0.0,0.0,0.0,0.0,0.0,0.0,0.0,-1.3650340430016659,-60.23535571847316,0.0,0.0,0.0,0.9085145228778313,-0.4178532777423992,2.0,0.0,0.0,0.0,0.0,0.0,0.0,0.0,-16.01229635841129,-59.05641724619828,0.0,0.0,0.0,-0.48939569436555963,0.8720618408899977,2.0,0.0,0.0,0.0,0.0,0.0,0.0,0.0,-21.659786451308683,-72.62247949389767,0.0,0.0,0.0,0.11665565544650033,0.9931724211094202,2.0,0.0,0.0,0.0,0.0,0.0,0.0
51,0.0,-21.40544213104544,-73.53525815144212,0.0,0.0,0.0,0.15421515735550262,0.9880372893984405,2.0,0.0,0.0,0.0,0.0,0.0,0.0,0.0,2.0399818171595836,-74.5300420126833,0.0,0.0,0.0,0.9806116829236654,0.19596103519224595,2.0,0.0,0.0,0.0,0.0,0.0,0.0,0.0,-1.3650340430016659,-60.23535571847316,0.0,0.0,0.0,0.9085145228778313,-0.4178532777423992,2.0,0.0,0.0,0.0,0.0,0.0,0.0,0.0,-16.01229635841129,-59.05641724619828,0.0,0.0,0.0,-0.48939569436555963,0.8720618408899977,2.0,0.0,0.0,0.0,0.0,0.0,0.0,0.0,-21.659786451308683,-72.62247949389767,0.0,0.0,0.0,0.11665565544650033,0.9931724211094202,2.0,0.0,0.0,0.0,0.0,0.0,0.0
52,0.0,-21.374587418773224,-73.63037877695194,0.0,0.0,0.0,0.15816606225442653,0.9874125261262027,2.0,0.0,0.0,0.0,0.0,0.0,0.0,0.0,2.0399818171595836,-74.5300420126833,0.0,0.0,0.0,0.9806116829236654,0.19596103519224595,2.0,0.0,0.0,0.0,0.0,0.0,0.0,0.0,-1.3650340430016659,-60.23535571847316,0.0,0.0,0.0,0.9085145228778313,-0.4178532777423992,2.0,0.0,0.0,0.0,0.0,0.0,0.0,0.0,-16.01229635841129,-59.05641724619828,0.0,0.0,0.0,-0.48939569436555963,0.8720618408899977,2.0,0.0,0.0,0.0,0.0,0.0,0.0,0.0,-21.659786451308683,-72.62247949389767,0.0,0.0,0.0,0.11665565544650033,0.9931724211094202,2.0,0.0,0.0,0.0,0.0,0.0,0.0
53,0.0,-21.34297273695939,-73.72524952355272,0.0,0.0,0.0,0.16211443649972856,0.9867719642746117,2.0,0.0,0.0,0.0,0.0,0.0,0.0,0.0,2.0399818171595836,-74.5300420126833,0.0,0.0,0.0,0.9806116829236654,0.19596103519224595,2.0,0.0,0.0,0.0,0.0,0.0,0.0,0.0,-1.3650340430016659,-60.23535571847316,0.0,0.0,0.0,0.9085145228778313,-0.4178532777423992,2.0,0.0,0.0,0.0,0.0,0.0,0.0,0.0,-16.01229635841129,-59.05641724619828,0.0,0.0,0.0,-0.48939569436555963,0.8720618408899977,2.0,0.0,0.0,0.0,0.0,0.0,0.0,0.0,-21.659786451308683,-72.62247949389767,0.0,0.0,0.0,0.11665565544650033,0.9931724211094202,2.0,0.0,0.0,0.0,0.0,0.0,0.0
54,0.0,-21.31060010893278,-73.81986431954908,0.0,0.0,0.0,0.16606021691750503,0.9861156140926434,2.0,0.0,0.0,0.0,0.0,0.0,0.0,0.0,2.0399818171595836,-74.5300420126833,0.0,0.0,0.0,0.9806116829236654,0.19596103519224595,2.0,0.0,0.0,0.0,0.0,0.0,0.0,0.0,-1.3650340430016659,-60.23535571847316,0.0,0.0,0.0,0.9085145228778313,-0.4178532777423992,2.0,0.0,0.0,0.0,0.0,0.0,0.0,0.0,-16.01229635841129,-59.05641724619828,0.0,0.0,0.0,-0.48939569436555963,0.8720618408899977,2.0,0.0,0.0,0.0,0.0,0.0,0.0,0.0,-21.659786451308683,-72.62247949389767,0.0,0.0,0.0,0.11665565544650033,0.9931724211094202,2.0,0.0,0.0,0.0,0.0,0.0,0.0
55,0.0,-21.277471606530543,-73.91421710962635,0.0,0.0,0.0,0.17000334037535345,0.9854434860818867,2.0,0.0,0.0,0.0,0.0,0.0,0.0,0.0,2.0399818171595836,-74.5300420126833,0.0,0.0,0.0,0.9806116829236654,0.19596103519224595,2.0,0.0,0.0,0.0,0.0,0.0,0.0,0.0,-1.3650340430016659,-60.23535571847316,0.0,0.0,0.0,0.9085145228778313,-0.4178532777423992,2.0,0.0,0.0,0.0,0.0,0.0,0.0,0.0,-16.01229635841129,-59.05641724619828,0.0,0.0,0.0,-0.48939569436555963,0.8720618408899977,2.0,0.0,0.0,0.0,0.0,0.0,0.0,0.0,-21.659786451308683,-72.62247949389767,0.0,0.0,0.0,0.11665565544650033,0.9931724211094202,2.0,0.0,0.0,0.0,0.0,0.0,0.0
56,0.0,-21.243589349965525,-74.00830185523817,0.0,0.0,0.0,0.17394374378338257,0.9847555909963756,2.0,0.0,0.0,0.0,0.0,0.0,0.0,0.0,2.0399818171595836,-74.5300420126833,0.0,0.0,0.0,0.9806116829236654,0.19596103519224595,2.0,0.0,0.0,0.0,0.0,0.0,0.0,0.0,-1.3650340430016659,-60.23535571847316,0.0,0.0,0.0,0.9085145228778313,-0.4178532777423992,2.0,0.0,0.0,0.0,0.0,0.0,0.0,0.0,-16.01229635841129,-59.05641724619828,0.0,0.0,0.0,-0.48939569436555963,0.8720618408899977,2.0,0.0,0.0,0.0,0.0,0.0,0.0,0.0,-21.659786451308683,-72.62247949389767,0.0,0.0,0.0,0.11665565544650033,0.9931724211094202,2.0,0.0,0.0,0.0,0.0,0.0,0.0
57,0.0,-21.208955507690575,-74.10211253499295,0.0,0.0,0.0,0.17788136409522198,0.9840519398424166,2.0,0.0,0.0,0.0,0.0,0.0,0.0,0.0,2.0399818171595836,-74.5300420126833,0.0,0.0,0.0,0.9806116829236654,0.19596103519224595,2.0,0.0,0.0,0.0,0.0,0.0,0.0,0.0,-1.3650340430016659,-60.23535571847316,0.0,0.0,0.0,0.9085145228778313,-0.4178532777423992,2.0,0.0,0.0,0.0,0.0,0.0,0.0,0.0,-16.01229635841129,-59.05641724619828,0.0,0.0,0.0,-0.48939569436555963,0.8720618408899977,2.0,0.0,0.0,0.0,0.0,0.0,0.0,0.0,-21.659786451308683,-72.62247949389767,0.0,0.0,0.0,0.11665565544650033,0.9931724211094202,2.0,0.0,0.0,0.0,0.0,0.0,0.0
58,0.0,-21.173572296259785,-74.19564314503921,0.0,0.0,0.0,0.18181613830903065,0.9833325438784132,2.0,0.0,0.0,0.0,0.0,0.0,0.0,0.0,2.0399818171595836,-74.5300420126833,0.0,0.0,0.0,0.9806116829236654,0.19596103519224595,2.0,0.0,0.0,0.0,0.0,0.0,0.0,0.0,-1.3650340430016659,-60.23535571847316,0.0,0.0,0.0,0.9085145228778313,-0.4178532777423992,2.0,0.0,0.0,0.0,0.0,0.0,0.0,0.0,-16.01229635841129,-59.05641724619828,0.0,0.0,0.0,-0.48939569436555963,0.8720618408899977,2.0,0.0,0.0,0.0,0.0,0.0,0.0,0.0,-21.659786451308683,-72.62247949389767,0.0,0.0,0.0,0.11665565544650033,0.9931724211094202,2.0,0.0,0.0,0.0,0.0,0.0,0.0
59,0.0,-21.137441980186605,-74.28888769944982,0.0,0.0,0.0,0.18574800346850515,0.9825974146146855,2.0,0.0,0.0,0.0,0.0,0.0,0.0,0.0,2.0399818171595836,-74.5300420126833,0.0,0.0,0.0,0.9806116829236654,0.19596103519224595,2.0,0.0,0.0,0.0,0.0,0.0,0.0,0.0,-1.3650340430016659,-60.23535571847316,0.0,0.0,0.0,0.9085145228778313,-0.4178532777423992,2.0,0.0,0.0,0.0,0.0,0.0,0.0,0.0,-16.01229635841129,-59.05641724619828,0.0,0.0,0.0,-0.48939569436555963,0.8720618408899977,2.0,0.0,0.0,0.0,0.0,0.0,0.0,0.0,-21.659786451308683,-72.62247949389767,0.0,0.0,0.0,0.11665565544650033,0.9931724211094202,2.0,0.0,0.0,0.0,0.0,0.0,0.0
60,0.0,-21.100566871798932,-74.38184023060512,0.0,0.0,0.0,0.18967689666388673,0.981846563813286,2.0,0.0,0.0,0.0,0.0,0.0,0.0,0.0,2.0399818171595836,-74.5300420126833,0.0,0.0,0.0,0.9806116829236654,0.19596103519224595,2.0,0.0,0.0,0.0,0.0,0.0,0.0,0.0,-1.3650340430016659,-60.23535571847316,0.0,0.0,0.0,0.9085145228778313,-0.4178532777423992,2.0,0.0,0.0,0.0,0.0,0.0,0.0,0.0,-16.01229635841129,-59.05641724619828,0.0,0.0,0.0,-0.48939569436555963,0.8720618408899977,2.0,0.0,0.0,0.0,0.0,0.0,0.0,0.0,-21.659786451308683,-72.62247949389767,0.0,0.0,0.0,0.11665565544650033,0.9931724211094202,2.0,0.0,0.0,0.0,0.0,0.0,0.0
61,0.0,-21.06294933109111,-74.47449478957486,0.0,0.0,0.0,0.19360275503296817,0.9810800034878117,2.0,0.0,0.0,0.0,0.0,0.0,0.0,0.0,2.0399818171595836,-74.5300420126833,0.0,0.0,0.0,0.9806116829236654,0.19596103519224595,2.0,0.0,0.0,0.0,0.0,0.0,0.0,0.0,-1.3650340430016659,-60.23535571847316,0.0,0.0,0.0,0.9085145228778313,-0.4178532777423992,2.0,0.0,0.0,0.0,0.0,0.0,0.0,0.0,-16.01229635841129,-59.05641724619828,0.0,0.0,0.0,-0.48939569436555963,0.8720618408899977,2.0,0.0,0.0,0.0,0.0,0.0,0.0,0.0,-21.659786451308683,-72.62247949389767,0.0,0.0,0.0,0.11665565544650033,0.9931724211094202,2.0,0.0,0.0,0.0,0.0,0.0,0.0
62,0.0,-21.024591765572914,-74.56684544649887,0.0,0.0,0.0,0.19752551576209926,0.9802977459032112,2.0,0.0,0.0,0.0,0.0,0.0,0.0,0.0,2.0399818171595836,-74.5300420126833,0.0,0.0,0.0,0.9806116829236654,0.19596103519224595,2.0,0.0,0.0,0.0,0.0,0.0,0.0,0.0,-1.3650340430016659,-60.23535571847316,0.0,0.0,0.0,0.9085145228778313,-0.4178532777423992,2.0,0.0,0.0,0.0,0.0,0.0,0.0,0.0,-16.01229635841129,-59.05641724619828,0.0,0.0,0.0,-0.48939569436555963,0.8720618408899977,2.0,0.0,0.0,0.0,0.0,0.0,0.0,0.0,-21.659786451308683,-72.62247949389767,0.0,0.0,0.0,0.11665565544650033,0.9931724211094202,2.0,0.0,0.0,0.0,0.0,0.0,0.0
63,0.0,-20.985496630115442,-74.65888629096666,0.0,0.0,0.0,0.201445116087192,0.9794998035755892,2.0,0.0,0.0,0.0,0.0,0.0,0.0,0.0,2.0399818171595836,-74.5300420126833,0.0,0.0,0.0,0.9806116829236654,0.19596103519224595,2.0,0.0,0.0,0.0,0.0,0.0,0.0,0.0,-1.3650340430016659,-60.23535571847316,0.0,0.0,0.0,0.9085145228778313,-0.4178532777423992,2.0,0.0,0.0,0.0,0.0,0.0,0.0,0.0,-16.01229635841129,-59.05641724619828,0.0,0.0,0.0,-0.48939569436555963,0.8720618408899977,2.0,0.0,0.0,0.0,0.0,0.0,0.0,0.0,-21.659786451308683,-72.62247949389767,0.0,0.0,0.0,0.11665565544650033,0.9931724211094202,2.0,0.0,0.0,0.0,0.0,0.0,0.0
64,0.0,-20.945666426794016,-74.75061143239557,0.0,0.0,0.0,0.20536149329472486,0.978686189272006,2.0,0.0,0.0,0.0,0.0,0.0,0.0,0.0,2.0399818171595836,-74.5300420126833,0.0,0.0,0.0,0.9806116829236654,0.19596103519224595,2.0,0.0,0.0,0.0,0.0,0.0,0.0,0.0,-1.3650340430016659,-60.23535571847316,0.0,0.0,0.0,0.9085145228778313,-0.4178532777423992,2.0,0.0,0.0,0.0,0.0,0.0,0.0,0.0,-16.01229635841129,-59.05641724619828,0.0,0.0,0.0,-0.48939569436555963,0.8720618408899977,2.0,0.0,0.0,0.0,0.0,0.0,0.0,0.0,-21.659786451308683,-72.62247949389767,0.0,0.0,0.0,0.11665565544650033,0.9931724211094202,2.0,0.0,0.0,0.0,0.0,0.0,0.0
65,0.0,-20.905103704728056,-74.84201500040788,0.0,0.0,0.0,0.20927458472274607,0.977856916010273,2.0,0.0,0.0,0.0,0.0,0.0,0.0,0.0,2.0399818171595836,-74.5300420126833,0.0,0.0,0.0,0.9806116829236654,0.19596103519224595,2.0,0.0,0.0,0.0,0.0,0.0,0.0,0.0,-1.3650340430016659,-60.23535571847316,0.0,0.0,0.0,0.9085145228778313,-0.4178532777423992,2.0,0.0,0.0,0.0,0.0,0.0,0.0,0.0,-16.01229635841129,-59.05641724619828,0.0,0.0,0.0,-0.48939569436555963,0.8720618408899977,2.0,0.0,0.0,0.0,0.0,0.0,0.0,0.0,-21.659786451308683,-72.62247949389767,0.0,0.0,0.0,0.11665565544650033,0.9931724211094202,2.0,0.0,0.0,0.0,0.0,0.0,0.0
66,0.0,-20.86381105991792,-74.93309114520642,0.0,0.0,0.0,0.2131843277618762,0.9770119970587449,2.0,0.0,0.0,0.0,0.0,0.0,0.0,0.0,2.0399818171595836,-74.5300420126833,0.0,0.0,0.0,0.9806116829236654,0.19596103519224595,2.0,0.0,0.0,0.0,0.0,0.0,0.0,0.0,-1.3650340430016659,-60.23535571847316,0.0,0.0,0.0,0.9085145228778313,-0.4178532777423992,2.0,0.0,0.0,0.0,0.0,0.0,0.0,0.0,-16.01229635841129,-59.05641724619828,0.0,0.0,0.0,-0.48939569436555963,0.8720618408899977,2.0,0.0,0.0,0.0,0.0,0.0,0.0,0.0,-21.659786451308683,-72.62247949389767,0.0,0.0,0.0,0.11665565544650033,0.9931724211094202,2.0,0.0,0.0,0.0,0.0,0.0,0.0
67,0.0,-20.821791135078797,-75.02383403794902,0.0,0.0,0.0,0.2170906598563101,0.9761514459361067,2.0,0.0,0.0,0.0,0.0,0.0,0.0,0.0,2.0399818171595836,-74.5300420126833,0.0,0.0,0.0,0.9806116829236654,0.19596103519224595,2.0,0.0,0.0,0.0,0.0,0.0,0.0,0.0,-1.3650340430016659,-60.23535571847316,0.0,0.0,0.0,0.9085145228778313,-0.4178532777423992,2.0,0.0,0.0,0.0,0.0,0.0,0.0,0.0,-16.01229635841129,-59.05641724619828,0.0,0.0,0.0,-0.48939569436555963,0.8720618408899977,2.0,0.0,0.0,0.0,0.0,0.0,0.0,0.0,-21.659786451308683,-72.62247949389767,0.0,0.0,0.0,0.11665565544650033,0.9931724211094202,2.0,0.0,0.0,0.0,0.0,0.0,0.0
68,0.0,-20.779046619471522,-75.1142378711215,0.0,0.0,0.0,0.22099351850481755,0.9752752764111581,2.0,0.0,0.0,0.0,0.0,0.0,0.0,0.0,2.0399818171595836,-74.5300420126833,0.0,0.0,0.0,0.9806116829236654,0.19596103519224595,2.0,0.0,0.0,0.0,0.0,0.0,0.0,0.0,-1.3650340430016659,-60.23535571847316,0.0,0.0,0.0,0.9085145228778313,-0.4178532777423992,2.0,0.0,0.0,0.0,0.0,0.0,0.0,0.0,-16.01229635841129,-59.05641724619828,0.0,0.0,0.0,-0.48939569436555963,0.8720618408899977,2.0,0.0,0.0,0.0,0.0,0.0,0.0,0.0,-21.659786451308683,-72.62247949389767,0.0,0.0,0.0,0.11665565544650033,0.9931724211094202,2.0,0.0,0.0,0.0,0.0,0.0,0.0
69,0.0,-20.735580248730507,-75.20429685890943,0.0,0.0,0.0,0.22489284126174344,0.9743835025025928,2.0,0.0,0.0,0.0,0.0,0.0,0.0,0.0,2.0399818171595836,-74.5300420126833,0.0,0.0,0.0,0.9806116829236654,0.19596103519224595,2.0,0.0,0.0,0.0,0.0,0.0,0.0,0.0,-1.3650340430016659,-60.23535571847316,0.0,0.0,0.0,0.9085145228778313,-0.4178532777423992,2.0,0.0,0.0,0.0,0.0,0.0,0.0,0.0,-16.01229635841129,-59.05641724619828,0.0,0.0,0.0,-0.48939569436555963,0.8720618408899977,2.0,0.0,0.0,0.0,0.0,0.0,0.0,0.0,-21.659786451308683,-72.62247949389767,0.0,0.0,0.0,0.11665565544650033,0.9931724211094202,2.0,0.0,0.0,0.0,0.0,0.0,0.0
70,0.0,-20.691394804688642,-75.2940052375683,0.0,0.0,0.0,0.22878856573800688,0.9734761384787742,2.0,0.0,0.0,0.0,0.0,0.0,0.0,0.0,2.0399818171595836,-74.5300420126833,0.0,0.0,0.0,0.9806116829236654,0.19596103519224595,2.0,0.0,0.0,0.0,0.0,0.0,0.0,0.0,-1.3650340430016659,-60.23535571847316,0.0,0.0,0.0,0.9085145228778313,-0.4178532777423992,2.0,0.0,0.0,0.0,0.0,0.0,0.0,0.0,-16.01229635841129,-59.05641724619828,0.0,0.0,0.0,-0.48939569436555963,0.8720618408899977,2.0,0.0,0.0,0.0,0.0,0.0,0.0,0.0,-21.659786451308683,-72.62247949389767,0.0,0.0,0.0,0.11665565544650033,0.9931724211094202,2.0,0.0,0.0,0.0,0.0,0.0,0.0
71,0.0,-20.646493115199267,-75.38335726579251,0.0,0.0,0.0,0.23268062960209931,0.9725531988575076,2.0,0.0,0.0,0.0,0.0,0.0,0.0,0.0,2.0399818171595836,-74.5300420126833,0.0,0.0,0.0,0.9806116829236654,0.19596103519224595,2.0,0.0,0.0,0.0,0.0,0.0,0.0,0.0,-1.3650340430016659,-60.23535571847316,0.0,0.0,0.0,0.9085145228778313,-0.4178532777423992,2.0,0.0,0.0,0.0,0.0,0.0,0.0,0.0,-16.01229635841129,-59.05641724619828,0.0,0.0,0.0,-0.48939569436555963,0.8720618408899977,2.0,0.0,0.0,0.0,0.0,0.0,0.0,0.0,-21.659786451308683,-72.62247949389767,0.0,0.0,0.0,0.11665565544650033,0.9931724211094202,2.0,0.0,0.0,0.0,0.0,0.0,0.0
72,0.0,-20.600878053955178,-75.47234722508276,0.0,0.0,0.0,0.23656897058108198,0.9716146984058069,2.0,0.0,0.0,0.0,0.0,0.0,0.0,0.0,2.0399818171595836,-74.5300420126833,0.0,0.0,0.0,0.9806116829236654,0.19596103519224595,2.0,0.0,0.0,0.0,0.0,0.0,0.0,0.0,-1.3650340430016659,-60.23535571847316,0.0,0.0,0.0,0.9085145228778313,-0.4178532777423992,2.0,0.0,0.0,0.0,0.0,0.0,0.0,0.0,-16.01229635841129,-59.05641724619828,0.0,0.0,0.0,-0.48939569436555963,0.8720618408899977,2.0,0.0,0.0,0.0,0.0,0.0,0.0,0.0,-21.659786451308683,-72.62247949389767,0.0,0.0,0.0,0.11665565544650033,0.9931724211094202,2.0,0.0,0.0,0.0,0.0,0.0,0.0
73,0.0,-20.55455254030473,-75.560969420112,0.0,0.0,0.0,0.24045352646158213,0.9706606521396596,2.0,0.0,0.0,0.0,0.0,0.0,0.0,0.0,2.0399818171595836,-74.5300420126833,0.0,0.0,0.0,0.9806116829236654,0.19596103519224595,2.0,0.0,0.0,0.0,0.0,0.0,0.0,0.0,-1.3650340430016659,-60.23535571847316,0.0,0.0,0.0,0.9085145228778313,-0.4178532777423992,2.0,0.0,0.0,0.0,0.0,0.0,0.0,0.0,-16.01229635841129,-59.05641724619828,0.0,0.0,0.0,-0.48939569436555963,0.8720618408899977,2.0,0.0,0.0,0.0,0.0,0.0,0.0,0.0,-21.659786451308683,-72.62247949389767,0.0,0.0,0.0,0.11665565544650033,0.9931724211094202,2.0,0.0,0.0,0.0,0.0,0.0,0.0
74,0.0,-20.50751953906498,-75.64921817909003,0.0,0.0,0.0,0.24433423509078858,0.9696910753237854,2.0,0.0,0.0,0.0,0.0,0.0,0.0,0.0,2.0399818171595836,-74.5300420126833,0.0,0.0,0.0,0.9806116829236654,0.19596103519224595,2.0,0.0,0.0,0.0,0.0,0.0,0.0,0.0,-1.3650340430016659,-60.23535571847316,0.0,0.0,0.0,0.9085145228778313,-0.4178532777423992,2.0,0.0,0.0,0.0,0.0,0.0,0.0,0.0,-16.01229635841129,-59.05641724619828,0.0,0.0,0.0,-0.48939569436555963,0.8720618408899977,2.0,0.0,0.0,0.0,0.0,0.0,0.0,0.0,-21.659786451308683,-72.62247949389767,0.0,0.0,0.0,0.11665565544650033,0.9931724211094202,2.0,0.0,0.0,0.0,0.0,0.0,0.0
75,0.0,-20.459782060331957,-75.73708785412639,0.0,0.0,0.0,0.24821103437744602,0.9687059834713928,2.0,0.0,0.0,0.0,0.0,0.0,0.0,0.0,2.0399818171595836,-74.5300420126833,0.0,0.0,0.0,0.9806116829236654,0.19596103519224595,2.0,0.0,0.0,0.0,0.0,0.0,0.0,0.0,-1.3650340430016659,-60.23535571847316,0.0,0.0,0.0,0.9085145228778313,-0.4178532777423992,2.0,0.0,0.0,0.0,0.0,0.0,0.0,0.0,-16.01229635841129,-59.05641724619828,0.0,0.0,0.0,-0.48939569436555963,0.8720618408899977,2.0,0.0,0.0,0.0,0.0,0.0,0.0,0.0,-21.659786451308683,-72.62247949389767,0.0,0.0,0.0,0.11665565544650033,0.9931724211094202,2.0,0.0,0.0,0.0,0.0,0.0,0.0
76,0.0,-20.411343159288002,-75.82457282159186,0.0,0.0,0.0,0.2520838622928486,0.9677053923439304,2.0,0.0,0.0,0.0,0.0,0.0,0.0,0.0,2.0399818171595836,-74.5300420126833,0.0,0.0,0.0,0.9806116829236654,0.19596103519224595,2.0,0.0,0.0,0.0,0.0,0.0,0.0,0.0,-1.3650340430016659,-60.23535571847316,0.0,0.0,0.0,0.9085145228778313,-0.4178532777423992,2.0,0.0,0.0,0.0,0.0,0.0,0.0,0.0,-16.01229635841129,-59.05641724619828,0.0,0.0,0.0,-0.48939569436555963,0.8720618408899977,2.0,0.0,0.0,0.0,0.0,0.0,0.0,0.0,-21.659786451308683,-72.62247949389767,0.0,0.0,0.0,0.11665565544650033,0.9931724211094202,2.0,0.0,0.0,0.0,0.0,0.0,0.0
77,0.0,-20.36220593600625,-75.91166748247839,0.0,0.0,0.0,0.2559526568718323,0.9666893179508348,2.0,0.0,0.0,0.0,0.0,0.0,0.0,0.0,2.0399818171595836,-74.5300420126833,0.0,0.0,0.0,0.9806116829236654,0.19596103519224595,2.0,0.0,0.0,0.0,0.0,0.0,0.0,0.0,-1.3650340430016659,-60.23535571847316,0.0,0.0,0.0,0.9085145228778313,-0.4178532777423992,2.0,0.0,0.0,0.0,0.0,0.0,0.0,0.0,-16.01229635841129,-59.05641724619828,0.0,0.0,0.0,-0.48939569436555963,0.8720618408899977,2.0,0.0,0.0,0.0,0.0,0.0,0.0,0.0,-21.659786451308683,-72.62247949389767,0.0,0.0,0.0,0.11665565544650033,0.9931724211094202,2.0,0.0,0.0,0.0,0.0,0.0,0.0
78,0.0,-20.31237353525222,-75.99836626275741,0.0,0.0,0.0,0.25981735621376634,0.9656577765492746,2.0,0.0,0.0,0.0,0.0,0.0,0.0,0.0,2.0399818171595836,-74.5300420126833,0.0,0.0,0.0,0.9806116829236654,0.19596103519224595,2.0,0.0,0.0,0.0,0.0,0.0,0.0,0.0,-1.3650340430016659,-60.23535571847316,0.0,0.0,0.0,0.9085145228778313,-0.4178532777423992,2.0,0.0,0.0,0.0,0.0,0.0,0.0,0.0,-16.01229635841129,-59.05641724619828,0.0,0.0,0.0,-0.48939569436555963,0.8720618408899977,2.0,0.0,0.0,0.0,0.0,0.0,0.0,0.0,-21.659786451308683,-72.62247949389767,0.0,0.0,0.0,0.11665565544650033,0.9931724211094202,2.0,0.0,0.0,0.0,0.0,0.0,0.0
79,0.0,-20.26184914628255,-76.08466361373658,0.0,0.0,0.0,0.2636778984835437,0.9646107846438905,2.0,0.0,0.0,0.0,0.0,0.0,0.0,0.0,2.0399818171595836,-74.5300420126833,0.0,0.0,0.0,0.9806116829236654,0.19596103519224595,2.0,0.0,0.0,0.0,0.0,0.0,0.0,0.0,-1.3650340430016659,-60.23535571847316,0.0,0.0,0.0,0.9085145228778313,-0.4178532777423992,2.0,0.0,0.0,0.0,0.0,0.0,0.0,0.0,-16.01229635841129,-59.05641724619828,0.0,0.0,0.0,-0.48939569436555963,0.8720618408899977,2.0,0.0,0.0,0.0,0.0,0.0,0.0,0.0,-21.659786451308683,-72.62247949389767,0.0,0.0,0.0,0.11665565544650033,0.9931724211094202,2.0,0.0,0.0,0.0,0.0,0.0,0.0
80,0.0,-20.210636002640886,-76.1705540124149,0.0,0.0,0.0,0.26753422191257054,0.9635483589865304,2.0,0.0,0.0,0.0,0.0,0.0,0.0,0.0,2.0399818171595836,-74.5300420126833,0.0,0.0,0.0,0.9806116829236654,0.19596103519224595,2.0,0.0,0.0,0.0,0.0,0.0,0.0,0.0,-1.3650340430016659,-60.23535571847316,0.0,0.0,0.0,0.9085145228778313,-0.4178532777423992,2.0,0.0,0.0,0.0,0.0,0.0,0.0,0.0,-16.01229635841129,-59.05641724619828,0.0,0.0,0.0,-0.48939569436555963,0.8720618408899977,2.0,0.0,0.0,0.0,0.0,0.0,0.0,0.0,-21.659786451308683,-72.62247949389767,0.0,0.0,0.0,0.11665565544650033,0.9931724211094202,2.0,0.0,0.0,0.0,0.0,0.0,0.0
81,0.0,-20.158737381950942,-76.25603196183614,0.0,0.0,0.0,0.2713862647997541,0.962470516575982,2.0,0.0,0.0,0.0,0.0,0.0,0.0,0.0,2.0399818171595836,-74.5300420126833,0.0,0.0,0.0,0.9806116829236654,0.19596103519224595,2.0,0.0,0.0,0.0,0.0,0.0,0.0,0.0,-1.3650340430016659,-60.23535571847316,0.0,0.0,0.0,0.9085145228778313,-0.4178532777423992,2.0,0.0,0.0,0.0,0.0,0.0,0.0,0.0,-16.01229635841129,-59.05641724619828,0.0,0.0,0.0,-0.48939569436555963,0.8720618408899977,2.0,0.0,0.0,0.0,0.0,0.0,0.0,0.0,-21.659786451308683,-72.62247949389767,0.0,0.0,0.0,0.11665565544650033,0.9931724211094202,2.0,0.0,0.0,0.0,0.0,0.0,0.0
82,0.0,-20.10615660570673,-76.34109199144075,0.0,0.0,0.0,0.27523396551249046,0.9613772746577013,2.0,0.0,0.0,0.0,0.0,0.0,0.0,0.0,2.0399818171595836,-74.5300420126833,0.0,0.0,0.0,0.9806116829236654,0.19596103519224595,2.0,0.0,0.0,0.0,0.0,0.0,0.0,0.0,-1.3650340430016659,-60.23535571847316,0.0,0.0,0.0,0.9085145228778313,-0.4178532777423992,2.0,0.0,0.0,0.0,0.0,0.0,0.0,0.0,-16.01229635841129,-59.05641724619828,0.0,0.0,0.0,-0.48939569436555963,0.8720618408899977,2.0,0.0,0.0,0.0,0.0,0.0,0.0,0.0,-21.659786451308683,-72.62247949389767,0.0,0.0,0.0,0.11665565544650033,0.9931724211094202,2.0,0.0,0.0,0.0,0.0,0.0,0.0
83,0.0,-20.052897039059978,-76.42572865741585,0.0,0.0,0.0,0.27907726248765025,0.9602686507235354,2.0,0.0,0.0,0.0,0.0,0.0,0.0,0.0,2.0399818171595836,-74.5300420126833,0.0,0.0,0.0,0.9806116829236654,0.19596103519224595,2.0,0.0,0.0,0.0,0.0,0.0,0.0,0.0,-1.3650340430016659,-60.23535571847316,0.0,0.0,0.0,0.9085145228778313,-0.4178532777423992,2.0,0.0,0.0,0.0,0.0,0.0,0.0,0.0,-16.01229635841129,-59.05641724619828,0.0,0.0,0.0,-0.48939569436555963,0.8720618408899977,2.0,0.0,0.0,0.0,0.0,0.0,0.0,0.0,-21.659786451308683,-72.62247949389767,0.0,0.0,0.0,0.11665565544650033,0.9931724211094202,2.0,0.0,0.0,0.0,0.0,0.0,0.0
84,0.0,-19.998962090604774,-76.50993654304371,0.0,0.0,0.0,0.282916094232564,0.9591446625114436,2.0,0.0,0.0,0.0,0.0,0.0,0.0,0.0,2.0399818171595836,-74.5300420126833,0.0,0.0,0.0,0.9806116829236654,0.19596103519224595,2.0,0.0,0.0,0.0,0.0,0.0,0.0,0.0,-1.3650340430016659,-60.23535571847316,0.0,0.0,0.0,0.9085145228778313,-0.4178532777423992,2.0,0.0,0.0,0.0,0.0,0.0,0.0,0.0,-16.01229635841129,-59.05641724619828,0.0,0.0,0.0,-0.48939569436555963,0.8720618408899977,2.0,0.0,0.0,0.0,0.0,0.0,0.0,0.0,-21.659786451308683,-72.62247949389767,0.0,0.0,0.0,0.11665565544650033,0.9931724211094202,2.0,0.0,0.0,0.0,0.0,0.0,0.0
85,0.0,-19.944355212159408,-76.5937102590484,0.0,0.0,0.0,0.28675039932600543,0.9580053280052133,2.0,0.0,0.0,0.0,0.0,0.0,0.0,0.0,2.0399818171595836,-74.5300420126833,0.0,0.0,0.0,0.9806116829236654,0.19596103519224595,2.0,0.0,0.0,0.0,0.0,0.0,0.0,0.0,-1.3650340430016659,-60.23535571847316,0.0,0.0,0.0,0.9085145228778313,-0.4178532777423992,2.0,0.0,0.0,0.0,0.0,0.0,0.0,0.0,-16.01229635841129,-59.05641724619828,0.0,0.0,0.0,-0.48939569436555963,0.8720618408899977,2.0,0.0,0.0,0.0,0.0,0.0,0.0,0.0,-21.659786451308683,-72.62247949389767,0.0,0.0,0.0,0.11665565544650033,0.9931724211094202,2.0,0.0,0.0,0.0,0.0,0.0,0.0
86,0.0,-19.889079898545468,-76.67704444394067,0.0,0.0,0.0,0.29058011641917497,0.9568506654341725,2.0,0.0,0.0,0.0,0.0,0.0,0.0,0.0,2.0399818171595836,-74.5300420126833,0.0,0.0,0.0,0.9806116829236654,0.19596103519224595,2.0,0.0,0.0,0.0,0.0,0.0,0.0,0.0,-1.3650340430016659,-60.23535571847316,0.0,0.0,0.0,0.9085145228778313,-0.4178532777423992,2.0,0.0,0.0,0.0,0.0,0.0,0.0,0.0,-16.01229635841129,-59.05641724619828,0.0,0.0,0.0,-0.48939569436555963,0.8720618408899977,2.0,0.0,0.0,0.0,0.0,0.0,0.0,0.0,-21.659786451308683,-72.62247949389767,0.0,0.0,0.0,0.11665565544650033,0.9931724211094202,2.0,0.0,0.0,0.0,0.0,0.0,0.0
87,0.0,-19.83313968736415,-76.75993376436116,0.0,0.0,0.0,0.294405184236681,0.9556806932728975,2.0,0.0,0.0,0.0,0.0,0.0,0.0,0.0,2.0399818171595836,-74.5300420126833,0.0,0.0,0.0,0.9806116829236654,0.19596103519224595,2.0,0.0,0.0,0.0,0.0,0.0,0.0,0.0,-1.3650340430016659,-60.23535571847316,0.0,0.0,0.0,0.9085145228778313,-0.4178532777423992,2.0,0.0,0.0,0.0,0.0,0.0,0.0,0.0,-16.01229635841129,-59.05641724619828,0.0,0.0,0.0,-0.48939569436555963,0.8720618408899977,2.0,0.0,0.0,0.0,0.0,0.0,0.0,0.0,-21.659786451308683,-72.62247949389767,0.0,0.0,0.0,0.11665565544650033,0.9931724211094202,2.0,0.0,0.0,0.0,0.0,0.0,0.0
88,0.0,-19.776538158769874,-76.84237291542163,0.0,0.0,0.0,0.29822554157751974,0.954495430240918,2.0,0.0,0.0,0.0,0.0,0.0,0.0,0.0,2.0399818171595836,-74.5300420126833,0.0,0.0,0.0,0.9806116829236654,0.19596103519224595,2.0,0.0,0.0,0.0,0.0,0.0,0.0,0.0,-1.3650340430016659,-60.23535571847316,0.0,0.0,0.0,0.9085145228778313,-0.4178532777423992,2.0,0.0,0.0,0.0,0.0,0.0,0.0,0.0,-16.01229635841129,-59.05641724619828,0.0,0.0,0.0,-0.48939569436555963,0.8720618408899977,2.0,0.0,0.0,0.0,0.0,0.0,0.0,0.0,-21.659786451308683,-72.62247949389767,0.0,0.0,0.0,0.11665565544650033,0.9931724211094202,2.0,0.0,0.0,0.0,0.0,0.0,0.0
89,0.0,-19.719278935241157,-76.92435662104458,0.0,0.0,0.0,0.30204112731605537,0.9532948953024172,2.0,0.0,0.0,0.0,0.0,0.0,0.0,0.0,2.0399818171595836,-74.5300420126833,0.0,0.0,0.0,0.9806116829236654,0.19596103519224595,2.0,0.0,0.0,0.0,0.0,0.0,0.0,0.0,-1.3650340430016659,-60.23535571847316,0.0,0.0,0.0,0.9085145228778313,-0.4178532777423992,2.0,0.0,0.0,0.0,0.0,0.0,0.0,0.0,-16.01229635841129,-59.05641724619828,0.0,0.0,0.0,-0.48939569436555963,0.8720618408899977,2.0,0.0,0.0,0.0,0.0,0.0,0.0,0.0,-21.659786451308683,-72.62247949389767,0.0,0.0,0.0,0.11665565544650033,0.9931724211094202,2.0,0.0,0.0,0.0,0.0,0.0,0.0
90,0.0,-19.661365681348762,-77.00587963430081,0.0,0.0,0.0,0.30585188040299754,0.9520791076659284,2.0,0.0,0.0,0.0,0.0,0.0,0.0,0.0,2.0399818171595836,-74.5300420126833,0.0,0.0,0.0,0.9806116829236654,0.19596103519224595,2.0,0.0,0.0,0.0,0.0,0.0,0.0,0.0,-1.3650340430016659,-60.23535571847316,0.0,0.0,0.0,0.9085145228778313,-0.4178532777423992,2.0,0.0,0.0,0.0,0.0,0.0,0.0,0.0,-16.01229635841129,-59.05641724619828,0.0,0.0,0.0,-0.48939569436555963,0.8720618408899977,2.0,0.0,0.0,0.0,0.0,0.0,0.0,0.0,-21.659786451308683,-72.62247949389767,0.0,0.0,0.0,0.11665565544650033,0.9931724211094202,2.0,0.0,0.0,0.0,0.0,0.0,0.0
91,0.0,-19.602802103521164,-77.0869367377453,0.0,0.0,0.0,0.3096577398663782,0.950848086784028,2.0,0.0,0.0,0.0,0.0,0.0,0.0,0.0,2.0399818171595836,-74.5300420126833,0.0,0.0,0.0,0.9806116829236654,0.19596103519224595,2.0,0.0,0.0,0.0,0.0,0.0,0.0,0.0,-1.3650340430016659,-60.23535571847316,0.0,0.0,0.0,0.9085145228778313,-0.4178532777423992,2.0,0.0,0.0,0.0,0.0,0.0,0.0,0.0,-16.01229635841129,-59.05641724619828,0.0,0.0,0.0,-0.48939569436555963,0.8720618408899977,2.0,0.0,0.0,0.0,0.0,0.0,0.0,0.0,-21.659786451308683,-72.62247949389767,0.0,0.0,0.0,0.11665565544650033,0.9931724211094202,2.0,0.0,0.0,0.0,0.0,0.0,0.0
92,0.0,-19.54359194980735,-77.1675227437511,0.0,0.0,0.0,0.3134586448125269,0.9496018523530239,2.0,0.0,0.0,0.0,0.0,0.0,0.0,0.0,2.0399818171595836,-74.5300420126833,0.0,0.0,0.0,0.9806116829236654,0.19596103519224595,2.0,0.0,0.0,0.0,0.0,0.0,0.0,0.0,-1.3650340430016659,-60.23535571847316,0.0,0.0,0.0,0.9085145228778313,-0.4178532777423992,2.0,0.0,0.0,0.0,0.0,0.0,0.0,0.0,-16.01229635841129,-59.05641724619828,0.0,0.0,0.0,-0.48939569436555963,0.8720618408899977,2.0,0.0,0.0,0.0,0.0,0.0,0.0,0.0,-21.659786451308683,-72.62247949389767,0.0,0.0,0.0,0.11665565544650033,0.9931724211094202,2.0,0.0,0.0,0.0,0.0,0.0,0.0
93,0.0,-19.483739009636963,-77.24763249484134,0.0,0.0,0.0,0.31725453442704565,0.9483404243126402,2.0,0.0,0.0,0.0,0.0,0.0,0.0,0.0,2.0399818171595836,-74.5300420126833,0.0,0.0,0.0,0.9806116829236654,0.19596103519224595,2.0,0.0,0.0,0.0,0.0,0.0,0.0,0.0,-1.3650340430016659,-60.23535571847316,0.0,0.0,0.0,0.9085145228778313,-0.4178532777423992,2.0,0.0,0.0,0.0,0.0,0.0,0.0,0.0,-16.01229635841129,-59.05641724619828,0.0,0.0,0.0,-0.48939569436555963,0.8720618408899977,2.0,0.0,0.0,0.0,0.0,0.0,0.0,0.0,-21.659786451308683,-72.62247949389767,0.0,0.0,0.0,0.11665565544650033,0.9931724211094202,2.0,0.0,0.0,0.0,0.0,0.0,0.0
94,0.0,-19.42324711357773,-77.32726086401928,0.0,0.0,0.0,0.32104534797578177,0.9470638228456988,2.0,0.0,0.0,0.0,0.0,0.0,0.0,0.0,2.0399818171595836,-74.5300420126833,0.0,0.0,0.0,0.9806116829236654,0.19596103519224595,2.0,0.0,0.0,0.0,0.0,0.0,0.0,0.0,-1.3650340430016659,-60.23535571847316,0.0,0.0,0.0,0.9085145228778313,-0.4178532777423992,2.0,0.0,0.0,0.0,0.0,0.0,0.0,0.0,-16.01229635841129,-59.05641724619828,0.0,0.0,0.0,-0.48939569436555963,0.8720618408899977,2.0,0.0,0.0,0.0,0.0,0.0,0.0,0.0,-21.659786451308683,-72.62247949389767,0.0,0.0,0.0,0.11665565544650033,0.9931724211094202,2.0,0.0,0.0,0.0,0.0,0.0,0.0
95,0.0,-19.362120133090357,-77.4064027550965,0.0,0.0,0.0,0.3248310248057992,0.9457720683777959,2.0,0.0,0.0,0.0,0.0,0.0,0.0,0.0,2.0399818171595836,-74.5300420126833,0.0,0.0,0.0,0.9806116829236654,0.19596103519224595,2.0,0.0,0.0,0.0,0.0,0.0,0.0,0.0,-1.3650340430016659,-60.23535571847316,0.0,0.0,0.0,0.9085145228778313,-0.4178532777423992,2.0,0.0,0.0,0.0,0.0,0.0,0.0,0.0,-16.01229635841129,-59.05641724619828,0.0,0.0,0.0,-0.48939569436555963,0.8720618408899977,2.0,0.0,0.0,0.0,0.0,0.0,0.0,0.0,-21.659786451308683,-72.62247949389767,0.0,0.0,0.0,0.11665565544650033,0.9931724211094202,2.0,0.0,0.0,0.0,0.0,0.0,0.0
96,0.0,-19.300361980280726,-77.48505310301896,0.0,0.0,0.0,0.32861150434634945,0.9444651815769755,2.0,0.0,0.0,0.0,0.0,0.0,0.0,0.0,2.0399818171595836,-74.5300420126833,0.0,0.0,0.0,0.9806116829236654,0.19596103519224595,2.0,0.0,0.0,0.0,0.0,0.0,0.0,0.0,-1.3650340430016659,-60.23535571847316,0.0,0.0,0.0,0.9085145228778313,-0.4178532777423992,2.0,0.0,0.0,0.0,0.0,0.0,0.0,0.0,-16.01229635841129,-59.05641724619828,0.0,0.0,0.0,-0.48939569436555963,0.8720618408899977,2.0,0.0,0.0,0.0,0.0,0.0,0.0,0.0,-21.659786451308683,-72.62247949389767,0.0,0.0,0.0,0.11665565544650033,0.9931724211094202,2.0,0.0,0.0,0.0,0.0,0.0,0.0
97,0.0,-19.237976607649543,-77.56320687419122,0.0,0.0,0.0,0.33238672610984066,0.9431431833533982,2.0,0.0,0.0,0.0,0.0,0.0,0.0,0.0,2.0399818171595836,-74.5300420126833,0.0,0.0,0.0,0.9806116829236654,0.19596103519224595,2.0,0.0,0.0,0.0,0.0,0.0,0.0,0.0,-1.3650340430016659,-60.23535571847316,0.0,0.0,0.0,0.9085145228778313,-0.4178532777423992,2.0,0.0,0.0,0.0,0.0,0.0,0.0,0.0,-16.01229635841129,-59.05641724619828,0.0,0.0,0.0,-0.48939569436555963,0.8720618408899977,2.0,0.0,0.0,0.0,0.0,0.0,0.0,0.0,-21.659786451308683,-72.62247949389767,0.0,0.0,0.0,0.11665565544650033,0.9931724211094202,2.0,0.0,0.0,0.0,0.0,0.0,0.0
98,0.0,-19.17496800783936,-77.64085906679865,0.0,0.0,0.0,0.33615662969280485,0.9418060948590078,2.0,0.0,0.0,0.0,0.0,0.0,0.0,0.0,2.0399818171595836,-74.5300420126833,0.0,0.0,0.0,0.9806116829236654,0.19596103519224595,2.0,0.0,0.0,0.0,0.0,0.0,0.0,0.0,-1.3650340430016659,-60.23535571847316,0.0,0.0,0.0,0.9085145228778313,-0.4178532777423992,2.0,0.0,0.0,0.0,0.0,0.0,0.0,0.0,-16.01229635841129,-59.05641724619828,0.0,0.0,0.0,-0.48939569436555963,0.8720618408899977,2.0,0.0,0.0,0.0,0.0,0.0,0.0,0.0,-21.659786451308683,-72.62247949389767,0.0,0.0,0.0,0.11665565544650033,0.9931724211094202,2.0,0.0,0.0,0.0,0.0,0.0,0.0
99,0.0,-19.11134021337906,-77.7180047111274,0.0,0.0,0.0,0.3399211547768654,0.9404539374871915,2.0,0.0,0.0,0.0,0.0,0.0,0.0,0.0,2.0399818171595836,-74.5300420126833,0.0,0.0,0.0,0.9806116829236654,0.19596103519224595,2.0,0.0,0.0,0.0,0.0,0.0,0.0,0.0,-1.3650340430016659,-60.23535571847316,0.0,0.0,0.0,0.9085145228778313,-0.4178532777423992,2.0,0.0,0.0,0.0,0.0,0.0,0.0,0.0,-16.01229635841129,-59.05641724619828,0.0,0.0,0.0,-0.48939569436555963,0.8720618408899977,2.0,0.0,0.0,0.0,0.0,0.0,0.0,0.0,-21.659786451308683,-72.62247949389767,0.0,0.0,0.0,0.11665565544650033,0.9931724211094202,2.0,0.0,0.0,0.0,0.0,0.0,0.0
100,0.0,-19.04709729642576,-77.79463886988258,0.0,0.0,0.0,0.3436802411297011,0.9390867328724384,2.0,0.0,0.0,0.0,0.0,0.0,0.0,0.0,2.0399818171595836,-74.5300420126833,0.0,0.0,0.0,0.9806116829236654,0.19596103519224595,2.0,0.0,0.0,0.0,0.0,0.0,0.0,0.0,-1.3650340430016659,-60.23535571847316,0.0,0.0,0.0,0.9085145228778313,-0.4178532777423992,2.0,0.0,0.0,0.0,0.0,0.0,0.0,0.0,-16.01229635841129,-59.05641724619828,0.0,0.0,0.0,-0.48939569436555963,0.8720618408899977,2.0,0.0,0.0,0.0,0.0,0.0,0.0,0.0,-21.659786451308683,-72.62247949389767,0.0,0.0,0.0,0.11665565544650033,0.9931724211094202,2.0,0.0,0.0,0.0,0.0,0.0,0.0
101,0.0,-18.98224336850423,-77.87075663850416,0.0,0.0,0.0,0.3474338286060107,0.9377045028899932,2.0,0.0,0.0,0.0,0.0,0.0,0.0,0.0,2.0399818171595836,-74.5300420126833,0.0,0.0,0.0,0.9806116829236654,0.19596103519224595,2.0,0.0,0.0,0.0,0.0,0.0,0.0,0.0,-1.3650340430016659,-60.23535571847316,0.0,0.0,0.0,0.9085145228778313,-0.4178532777423992,2.0,0.0,0.0,0.0,0.0,0.0,0.0,0.0,-16.01229635841129,-59.05641724619828,0.0,0.0,0.0,-0.48939569436555963,0.8720618408899977,2.0,0.0,0.0,0.0,0.0,0.0,0.0,0.0,-21.659786451308683,-72.62247949389767,0.0,0.0,0.0,0.11665565544650033,0.9931724211094202,2.0,0.0,0.0,0.0,0.0,0.0,0.0
102,0.0,-18.916782580243712,-77.94635314548096,0.0,0.0,0.0,0.3511818571484744,0.936307269655506,2.0,0.0,0.0,0.0,0.0,0.0,0.0,0.0,2.0399818171595836,-74.5300420126833,0.0,0.0,0.0,0.9806116829236654,0.19596103519224595,2.0,0.0,0.0,0.0,0.0,0.0,0.0,0.0,-1.3650340430016659,-60.23535571847316,0.0,0.0,0.0,0.9085145228778313,-0.4178532777423992,2.0,0.0,0.0,0.0,0.0,0.0,0.0,0.0,-16.01229635841129,-59.05641724619828,0.0,0.0,0.0,-0.48939569436555963,0.8720618408899977,2.0,0.0,0.0,0.0,0.0,0.0,0.0,0.0,-21.659786451308683,-72.62247949389767,0.0,0.0,0.0,0.11665565544650033,0.9931724211094202,2.0,0.0,0.0,0.0,0.0,0.0,0.0
103,0.0,-18.850719121112316,-78.0214235526623,0.0,0.0,0.0,0.3549242667887156,0.934895055524679,2.0,0.0,0.0,0.0,0.0,0.0,0.0,0.0,2.0399818171595836,-74.5300420126833,0.0,0.0,0.0,0.9806116829236654,0.19596103519224595,2.0,0.0,0.0,0.0,0.0,0.0,0.0,0.0,-1.3650340430016659,-60.23535571847316,0.0,0.0,0.0,0.9085145228778313,-0.4178532777423992,2.0,0.0,0.0,0.0,0.0,0.0,0.0,0.0,-16.01229635841129,-59.05641724619828,0.0,0.0,0.0,-0.48939569436555963,0.8720618408899977,2.0,0.0,0.0,0.0,0.0,0.0,0.0,0.0,-21.659786451308683,-72.62247949389767,0.0,0.0,0.0,0.11665565544650033,0.9931724211094202,2.0,0.0,0.0,0.0,0.0,0.0,0.0
104,0.0,-18.78405721914887,-78.0959630555678,0.0,0.0,0.0,0.35866099764825987,0.933467883092908,2.0,0.0,0.0,0.0,0.0,0.0,0.0,0.0,2.0399818171595836,-74.5300420126833,0.0,0.0,0.0,0.9806116829236654,0.19596103519224595,2.0,0.0,0.0,0.0,0.0,0.0,0.0,0.0,-1.3650340430016659,-60.23535571847316,0.0,0.0,0.0,0.9085145228778313,-0.4178532777423992,2.0,0.0,0.0,0.0,0.0,0.0,0.0,0.0,-16.01229635841129,-59.05641724619828,0.0,0.0,0.0,-0.48939569436555963,0.8720618408899977,2.0,0.0,0.0,0.0,0.0,0.0,0.0,0.0,-21.659786451308683,-72.62247949389767,0.0,0.0,0.0,0.11665565544650033,0.9931724211094202,2.0,0.0,0.0,0.0,0.0,0.0,0.0
105,0.0,-18.716801140692354,-78.16996688369466,0.0,0.0,0.0,0.3623919899394933,0.9320257751949214,2.0,0.0,0.0,0.0,0.0,0.0,0.0,0.0,2.0399818171595836,-74.5300420126833,0.0,0.0,0.0,0.9806116829236654,0.19596103519224595,2.0,0.0,0.0,0.0,0.0,0.0,0.0,0.0,-1.3650340430016659,-60.23535571847316,0.0,0.0,0.0,0.9085145228778313,-0.4178532777423992,2.0,0.0,0.0,0.0,0.0,0.0,0.0,0.0,-16.01229635841129,-59.05641724619828,0.0,0.0,0.0,-0.48939569436555963,0.8720618408899977,2.0,0.0,0.0,0.0,0.0,0.0,0.0,0.0,-21.659786451308683,-72.62247949389767,0.0,0.0,0.0,0.11665565544650033,0.9931724211094202,2.0,0.0,0.0,0.0,0.0,0.0,0.0
106,0.0,-18.64895519010883,-78.24343030082318,0.0,0.0,0.0,0.36611718396661863,0.9305687549044149,2.0,0.0,0.0,0.0,0.0,0.0,0.0,0.0,2.0399818171595836,-74.5300420126833,0.0,0.0,0.0,0.9806116829236654,0.19596103519224595,2.0,0.0,0.0,0.0,0.0,0.0,0.0,0.0,-1.3650340430016659,-60.23535571847316,0.0,0.0,0.0,0.9085145228778313,-0.4178532777423992,2.0,0.0,0.0,0.0,0.0,0.0,0.0,0.0,-16.01229635841129,-59.05641724619828,0.0,0.0,0.0,-0.48939569436555963,0.8720618408899977,2.0,0.0,0.0,0.0,0.0,0.0,0.0,0.0,-21.659786451308683,-72.62247949389767,0.0,0.0,0.0,0.11665565544650033,0.9931724211094202,2.0,0.0,0.0,0.0,0.0,0.0,0.0
107,0.0,-18.58052370951597,-78.31634860531972,0.0,0.0,0.0,0.36983652012661106,0.9290968455336821,2.0,0.0,0.0,0.0,0.0,0.0,0.0,0.0,2.0399818171595836,-74.5300420126833,0.0,0.0,0.0,0.9806116829236654,0.19596103519224595,2.0,0.0,0.0,0.0,0.0,0.0,0.0,0.0,-1.3650340430016659,-60.23535571847316,0.0,0.0,0.0,0.9085145228778313,-0.4178532777423992,2.0,0.0,0.0,0.0,0.0,0.0,0.0,0.0,-16.01229635841129,-59.05641724619828,0.0,0.0,0.0,-0.48939569436555963,0.8720618408899977,2.0,0.0,0.0,0.0,0.0,0.0,0.0,0.0,-21.659786451308683,-72.62247949389767,0.0,0.0,0.0,0.11665565544650033,0.9931724211094202,2.0,0.0,0.0,0.0,0.0,0.0,0.0
108,0.0,-18.511511078505183,-78.38871713043767,0.0,0.0,0.0,0.37354993891017124,0.9276100706332415,2.0,0.0,0.0,0.0,0.0,0.0,0.0,0.0,2.0399818171595836,-74.5300420126833,0.0,0.0,0.0,0.9806116829236654,0.19596103519224595,2.0,0.0,0.0,0.0,0.0,0.0,0.0,0.0,-1.3650340430016659,-60.23535571847316,0.0,0.0,0.0,0.9085145228778313,-0.4178532777423992,2.0,0.0,0.0,0.0,0.0,0.0,0.0,0.0,-16.01229635841129,-59.05641724619828,0.0,0.0,0.0,-0.48939569436555963,0.8720618408899977,2.0,0.0,0.0,0.0,0.0,0.0,0.0,0.0,-21.659786451308683,-72.62247949389767,0.0,0.0,0.0,0.11665565544650033,0.9931724211094202,2.0,0.0,0.0,0.0,0.0,0.0,0.0
109,0.0,-18.441921713861294,-78.46053124461616,0.0,0.0,0.0,0.37725738090267796,0.9261084539914598,2.0,0.0,0.0,0.0,0.0,0.0,0.0,0.0,2.0399818171595836,-74.5300420126833,0.0,0.0,0.0,0.9806116829236654,0.19596103519224595,2.0,0.0,0.0,0.0,0.0,0.0,0.0,0.0,-1.3650340430016659,-60.23535571847316,0.0,0.0,0.0,0.9085145228778313,-0.4178532777423992,2.0,0.0,0.0,0.0,0.0,0.0,0.0,0.0,-16.01229635841129,-59.05641724619828,0.0,0.0,0.0,-0.48939569436555963,0.8720618408899977,2.0,0.0,0.0,0.0,0.0,0.0,0.0,0.0,-21.659786451308683,-72.62247949389767,0.0,0.0,0.0,0.11665565544650033,0.9931724211094202,2.0,0.0,0.0,0.0,0.0,0.0,0.0
110,0.0,-18.371760069279887,-78.53178635177636,0.0,0.0,0.0,0.3809587867851384,0.9245920196341711,2.0,0.0,0.0,0.0,0.0,0.0,0.0,0.0,2.0399818171595836,-74.5300420126833,0.0,0.0,0.0,0.9806116829236654,0.19596103519224595,2.0,0.0,0.0,0.0,0.0,0.0,0.0,0.0,-1.3650340430016659,-60.23535571847316,0.0,0.0,0.0,0.9085145228778313,-0.4178532777423992,2.0,0.0,0.0,0.0,0.0,0.0,0.0,0.0,-16.01229635841129,-59.05641724619828,0.0,0.0,0.0,-0.48939569436555963,0.8720618408899977,2.0,0.0,0.0,0.0,0.0,0.0,0.0,0.0,-21.659786451308683,-72.62247949389767,0.0,0.0,0.0,0.11665565544650033,0.9931724211094202,2.0,0.0,0.0,0.0,0.0,0.0,0.0
111,0.0,-18.301030635082267,-78.60247789161576,0.0,0.0,0.0,0.38465409733513733,0.9230607918242929,2.0,0.0,0.0,0.0,0.0,0.0,0.0,0.0,2.0399818171595836,-74.5300420126833,0.0,0.0,0.0,0.9806116829236654,0.19596103519224595,2.0,0.0,0.0,0.0,0.0,0.0,0.0,0.0,-1.3650340430016659,-60.23535571847316,0.0,0.0,0.0,0.9085145228778313,-0.4178532777423992,2.0,0.0,0.0,0.0,0.0,0.0,0.0,0.0,-16.01229635841129,-59.05641724619828,0.0,0.0,0.0,-0.48939569436555963,0.8720618408899977,2.0,0.0,0.0,0.0,0.0,0.0,0.0,0.0,-21.659786451308683,-72.62247949389767,0.0,0.0,0.0,0.11665565544650033,0.9931724211094202,2.0,0.0,0.0,0.0,0.0,0.0,0.0
112,0.0,-18.22973793792808,-78.67260133989993,0.0,0.0,0.0,0.3883432534277849,0.9215147950614375,2.0,0.0,0.0,0.0,0.0,0.0,0.0,0.0,2.0399818171595836,-74.5300420126833,0.0,0.0,0.0,0.9806116829236654,0.19596103519224595,2.0,0.0,0.0,0.0,0.0,0.0,0.0,0.0,-1.3650340430016659,-60.23535571847316,0.0,0.0,0.0,0.9085145228778313,-0.4178532777423992,2.0,0.0,0.0,0.0,0.0,0.0,0.0,0.0,-16.01229635841129,-59.05641724619828,0.0,0.0,0.0,-0.48939569436555963,0.8720618408899977,2.0,0.0,0.0,0.0,0.0,0.0,0.0,0.0,-21.659786451308683,-72.62247949389767,0.0,0.0,0.0,0.11665565544650033,0.9931724211094202,2.0,0.0,0.0,0.0,0.0,0.0,0.0
113,0.0,-18.15788654052561,-78.7421522087521,0.0,0.0,0.0,0.3920261960366623,0.9199540540815201,2.0,0.0,0.0,0.0,0.0,0.0,0.0,0.0,2.0399818171595836,-74.5300420126833,0.0,0.0,0.0,0.9806116829236654,0.19596103519224595,2.0,0.0,0.0,0.0,0.0,0.0,0.0,0.0,-1.3650340430016659,-60.23535571847316,0.0,0.0,0.0,0.9085145228778313,-0.4178532777423992,2.0,0.0,0.0,0.0,0.0,0.0,0.0,0.0,-16.01229635841129,-59.05641724619828,0.0,0.0,0.0,-0.48939569436555963,0.8720618408899977,2.0,0.0,0.0,0.0,0.0,0.0,0.0,0.0,-21.659786451308683,-72.62247949389767,0.0,0.0,0.0,0.11665565544650033,0.9931724211094202,2.0,0.0,0.0,0.0,0.0,0.0,0.0
114,0.0,-18.085481041339765,-78.81112604694043,0.0,0.0,0.0,0.3957028662347663,0.918378593856363,2.0,0.0,0.0,0.0,0.0,0.0,0.0,0.0,2.0399818171595836,-74.5300420126833,0.0,0.0,0.0,0.9806116829236654,0.19596103519224595,2.0,0.0,0.0,0.0,0.0,0.0,0.0,0.0,-1.3650340430016659,-60.23535571847316,0.0,0.0,0.0,0.9085145228778313,-0.4178532777423992,2.0,0.0,0.0,0.0,0.0,0.0,0.0,0.0,-16.01229635841129,-59.05641724619828,0.0,0.0,0.0,-0.48939569436555963,0.8720618408899977,2.0,0.0,0.0,0.0,0.0,0.0,0.0,0.0,-21.659786451308683,-72.62247949389767,0.0,0.0,0.0,0.11665565544650033,0.9931724211094202,2.0,0.0,0.0,0.0,0.0,0.0,0.0
115,0.0,-18.01252607429778,-78.8795184401628,0.0,0.0,0.0,0.3993732051954522,0.9167884395932964,2.0,0.0,0.0,0.0,0.0,0.0,0.0,0.0,2.0399818171595836,-74.5300420126833,0.0,0.0,0.0,0.9806116829236654,0.19596103519224595,2.0,0.0,0.0,0.0,0.0,0.0,0.0,0.0,-1.3650340430016659,-60.23535571847316,0.0,0.0,0.0,0.9085145228778313,-0.4178532777423992,2.0,0.0,0.0,0.0,0.0,0.0,0.0,0.0,-16.01229635841129,-59.05641724619828,0.0,0.0,0.0,-0.48939569436555963,0.8720618408899977,2.0,0.0,0.0,0.0,0.0,0.0,0.0,0.0,-21.659786451308683,-72.62247949389767,0.0,0.0,0.0,0.11665565544650033,0.9931724211094202,2.0,0.0,0.0,0.0,0.0,0.0,0.0
116,0.0,-17.939026308492643,-78.9473250113294,0.0,0.0,0.0,0.40303715419337494,0.9151836167347543,2.0,0.0,0.0,0.0,0.0,0.0,0.0,0.0,2.0399818171595836,-74.5300420126833,0.0,0.0,0.0,0.9806116829236654,0.19596103519224595,2.0,0.0,0.0,0.0,0.0,0.0,0.0,0.0,-1.3650340430016659,-60.23535571847316,0.0,0.0,0.0,0.9085145228778313,-0.4178532777423992,2.0,0.0,0.0,0.0,0.0,0.0,0.0,0.0,-16.01229635841129,-59.05641724619828,0.0,0.0,0.0,-0.48939569436555963,0.8720618408899977,2.0,0.0,0.0,0.0,0.0,0.0,0.0,0.0,-21.659786451308683,-72.62247949389767,0.0,0.0,0.0,0.11665565544650033,0.9931724211094202,2.0,0.0,0.0,0.0,0.0,0.0,0.0
117,0.0,-17.864986447884277,-79.0145414208428,0.0,0.0,0.0,0.40669465460542875,0.9135641509578685,2.0,0.0,0.0,0.0,0.0,0.0,0.0,0.0,2.0399818171595836,-74.5300420126833,0.0,0.0,0.0,0.9806116829236654,0.19596103519224595,2.0,0.0,0.0,0.0,0.0,0.0,0.0,0.0,-1.3650340430016659,-60.23535571847316,0.0,0.0,0.0,0.9085145228778313,-0.4178532777423992,2.0,0.0,0.0,0.0,0.0,0.0,0.0,0.0,-16.01229635841129,-59.05641724619828,0.0,0.0,0.0,-0.48939569436555963,0.8720618408899977,2.0,0.0,0.0,0.0,0.0,0.0,0.0,0.0,-21.659786451308683,-72.62247949389767,0.0,0.0,0.0,0.11665565544650033,0.9931724211094202,2.0,0.0,0.0,0.0,0.0,0.0,0.0
118,0.0,-17.790411230998487,-79.08116336687576,0.0,0.0,0.0,0.41034564791168493,0.9119300681740566,2.0,0.0,0.0,0.0,0.0,0.0,0.0,0.0,2.0399818171595836,-74.5300420126833,0.0,0.0,0.0,0.9806116829236654,0.19596103519224595,2.0,0.0,0.0,0.0,0.0,0.0,0.0,0.0,-1.3650340430016659,-60.23535571847316,0.0,0.0,0.0,0.9085145228778313,-0.4178532777423992,2.0,0.0,0.0,0.0,0.0,0.0,0.0,0.0,-16.01229635841129,-59.05641724619828,0.0,0.0,0.0,-0.48939569436555963,0.8720618408899977,2.0,0.0,0.0,0.0,0.0,0.0,0.0,0.0,-21.659786451308683,-72.62247949389767,0.0,0.0,0.0,0.11665565544650033,0.9931724211094202,2.0,0.0,0.0,0.0,0.0,0.0,0.0
119,0.0,-17.7153054306237,-79.14718658564645,0.0,0.0,0.0,0.4139900756963287,0.9102813945286085,2.0,0.0,0.0,0.0,0.0,0.0,0.0,0.0,2.0399818171595836,-74.5300420126833,0.0,0.0,0.0,0.9806116829236654,0.19596103519224595,2.0,0.0,0.0,0.0,0.0,0.0,0.0,0.0,-1.3650340430016659,-60.23535571847316,0.0,0.0,0.0,0.9085145228778313,-0.4178532777423992,2.0,0.0,0.0,0.0,0.0,0.0,0.0,0.0,-16.01229635841129,-59.05641724619828,0.0,0.0,0.0,-0.48939569436555963,0.8720618408899977,2.0,0.0,0.0,0.0,0.0,0.0,0.0,0.0,-21.659786451308683,-72.62247949389767,0.0,0.0,0.0,0.11665565544650033,0.9931724211094202,2.0,0.0,0.0,0.0,0.0,0.0,0.0
120,0.0,-17.639673853505514,-79.21260685169142,0.0,0.0,0.0,0.4176278796485927,0.9086181564002672,2.0,0.0,0.0,0.0,0.0,0.0,0.0,0.0,2.0399818171595836,-74.5300420126833,0.0,0.0,0.0,0.9806116829236654,0.19596103519224595,2.0,0.0,0.0,0.0,0.0,0.0,0.0,0.0,-1.3650340430016659,-60.23535571847316,0.0,0.0,0.0,0.9085145228778313,-0.4178532777423992,2.0,0.0,0.0,0.0,0.0,0.0,0.0,0.0,-16.01229635841129,-59.05641724619828,0.0,0.0,0.0,-0.48939569436555963,0.8720618408899977,2.0,0.0,0.0,0.0,0.0,0.0,0.0,0.0,-21.659786451308683,-72.62247949389767,0.0,0.0,0.0,0.11665565544650033,0.9931724211094202,2.0,0.0,0.0,0.0,0.0,0.0,0.0
121,0.0,-17.56352134003903,-79.27741997813598,0.0,0.0,0.0,0.42125900156369206,0.9069403804008074,2.0,0.0,0.0,0.0,0.0,0.0,0.0,0.0,2.0399818171595836,-74.5300420126833,0.0,0.0,0.0,0.9806116829236654,0.19596103519224595,2.0,0.0,0.0,0.0,0.0,0.0,0.0,0.0,-1.3650340430016659,-60.23535571847316,0.0,0.0,0.0,0.9085145228778313,-0.4178532777423992,2.0,0.0,0.0,0.0,0.0,0.0,0.0,0.0,-16.01229635841129,-59.05641724619828,0.0,0.0,0.0,-0.48939569436555963,0.8720618408899977,2.0,0.0,0.0,0.0,0.0,0.0,0.0,0.0,-21.659786451308683,-72.62247949389767,0.0,0.0,0.0,0.11665565544650033,0.9931724211094202,2.0,0.0,0.0,0.0,0.0,0.0,0.0
122,0.0,-17.48685276395913,-79.34162181696215,0.0,0.0,0.0,0.42488338334375325,0.9052480933746092,2.0,0.0,0.0,0.0,0.0,0.0,0.0,0.0,2.0399818171595836,-74.5300420126833,0.0,0.0,0.0,0.9806116829236654,0.19596103519224595,2.0,0.0,0.0,0.0,0.0,0.0,0.0,0.0,-1.3650340430016659,-60.23535571847316,0.0,0.0,0.0,0.9085145228778313,-0.4178532777423992,2.0,0.0,0.0,0.0,0.0,0.0,0.0,0.0,-16.01229635841129,-59.05641724619828,0.0,0.0,0.0,-0.48939569436555963,0.8720618408899977,2.0,0.0,0.0,0.0,0.0,0.0,0.0,0.0,-21.659786451308683,-72.62247949389767,0.0,0.0,0.0,0.11665565544650033,0.9931724211094202,2.0,0.0,0.0,0.0,0.0,0.0,0.0
123,0.0,-17.409673032028508,-79.40520825927415,0.0,0.0,0.0,0.42850096699874507,0.903541322398229,2.0,0.0,0.0,0.0,0.0,0.0,0.0,0.0,2.0399818171595836,-74.5300420126833,0.0,0.0,0.0,0.9806116829236654,0.19596103519224595,2.0,0.0,0.0,0.0,0.0,0.0,0.0,0.0,-1.3650340430016659,-60.23535571847316,0.0,0.0,0.0,0.9085145228778313,-0.4178532777423992,2.0,0.0,0.0,0.0,0.0,0.0,0.0,0.0,-16.01229635841129,-59.05641724619828,0.0,0.0,0.0,-0.48939569436555963,0.8720618408899977,2.0,0.0,0.0,0.0,0.0,0.0,0.0,0.0,-21.659786451308683,-72.62247949389767,0.0,0.0,0.0,0.11665565544650033,0.9931724211094202,2.0,0.0,0.0,0.0,0.0,0.0,0.0
124,0.0,-17.331987083723668,-79.46817523556139,0.0,0.0,0.0,0.4321116946474063,0.9018200947799659,2.0,0.0,0.0,0.0,0.0,0.0,0.0,0.0,2.0399818171595836,-74.5300420126833,0.0,0.0,0.0,0.9806116829236654,0.19596103519224595,2.0,0.0,0.0,0.0,0.0,0.0,0.0,0.0,-1.3650340430016659,-60.23535571847316,0.0,0.0,0.0,0.9085145228778313,-0.4178532777423992,2.0,0.0,0.0,0.0,0.0,0.0,0.0,0.0,-16.01229635841129,-59.05641724619828,0.0,0.0,0.0,-0.48939569436555963,0.8720618408899977,2.0,0.0,0.0,0.0,0.0,0.0,0.0,0.0,-21.659786451308683,-72.62247949389767,0.0,0.0,0.0,0.11665565544650033,0.9931724211094202,2.0,0.0,0.0,0.0,0.0,0.0,0.0
125,0.0,-17.253799890918778,-79.53051871595888,0.0,0.0,0.0,0.43571550851817153,0.9000844380594252,2.0,0.0,0.0,0.0,0.0,0.0,0.0,0.0,2.0399818171595836,-74.5300420126833,0.0,0.0,0.0,0.9806116829236654,0.19596103519224595,2.0,0.0,0.0,0.0,0.0,0.0,0.0,0.0,-1.3650340430016659,-60.23535571847316,0.0,0.0,0.0,0.9085145228778313,-0.4178532777423992,2.0,0.0,0.0,0.0,0.0,0.0,0.0,0.0,-16.01229635841129,-59.05641724619828,0.0,0.0,0.0,-0.48939569436555963,0.8720618408899977,2.0,0.0,0.0,0.0,0.0,0.0,0.0,0.0,-21.659786451308683,-72.62247949389767,0.0,0.0,0.0,0.11665565544650033,0.9931724211094202,2.0,0.0,0.0,0.0,0.0,0.0,0.0
126,0.0,-17.175116457567498,-79.59223471050514,0.0,0.0,0.0,0.4393123509500957,0.8983343800070773,2.0,0.0,0.0,0.0,0.0,0.0,0.0,0.0,2.0399818171595836,-74.5300420126833,0.0,0.0,0.0,0.9806116829236654,0.19596103519224595,2.0,0.0,0.0,0.0,0.0,0.0,0.0,0.0,-1.3650340430016659,-60.23535571847316,0.0,0.0,0.0,0.9085145228778313,-0.4178532777423992,2.0,0.0,0.0,0.0,0.0,0.0,0.0,0.0,-16.01229635841129,-59.05641724619828,0.0,0.0,0.0,-0.48939569436555963,0.8720618408899977,2.0,0.0,0.0,0.0,0.0,0.0,0.0,0.0,-21.659786451308683,-72.62247949389767,0.0,0.0,0.0,0.11665565544650033,0.9931724211094202,2.0,0.0,0.0,0.0,0.0,0.0,0.0
127,0.0,-17.0959418193827,-79.65331926939761,0.0,0.0,0.0,0.44290216439377667,0.8965699486238138,2.0,0.0,0.0,0.0,0.0,0.0,0.0,0.0,2.0399818171595836,-74.5300420126833,0.0,0.0,0.0,0.9806116829236654,0.19596103519224595,2.0,0.0,0.0,0.0,0.0,0.0,0.0,0.0,-1.3650340430016659,-60.23535571847316,0.0,0.0,0.0,0.9085145228778313,-0.4178532777423992,2.0,0.0,0.0,0.0,0.0,0.0,0.0,0.0,-16.01229635841129,-59.05641724619828,0.0,0.0,0.0,-0.48939569436555963,0.8720618408899977,2.0,0.0,0.0,0.0,0.0,0.0,0.0,0.0,-21.659786451308683,-72.62247949389767,0.0,0.0,0.0,0.11665565544650033,0.9931724211094202,2.0,0.0,0.0,0.0,0.0,0.0,0.0
128,0.0,-17.016281043514205,-79.71376848324535,0.0,0.0,0.0,0.44648489141227593,0.894791172140499,2.0,0.0,0.0,0.0,0.0,0.0,0.0,0.0,2.0399818171595836,-74.5300420126833,0.0,0.0,0.0,0.9806116829236654,0.19596103519224595,2.0,0.0,0.0,0.0,0.0,0.0,0.0,0.0,-1.3650340430016659,-60.23535571847316,0.0,0.0,0.0,0.9085145228778313,-0.4178532777423992,2.0,0.0,0.0,0.0,0.0,0.0,0.0,0.0,-16.01229635841129,-59.05641724619828,0.0,0.0,0.0,-0.48939569436555963,0.8720618408899977,2.0,0.0,0.0,0.0,0.0,0.0,0.0,0.0,-21.659786451308683,-72.62247949389767,0.0,0.0,0.0,0.11665565544650033,0.9931724211094202,2.0,0.0,0.0,0.0,0.0,0.0,0.0
129,0.0,-16.936139228224473,-79.77357848331931,0.0,0.0,0.0,0.45006047468203764,0.8929980790175189,2.0,0.0,0.0,0.0,0.0,0.0,0.0,0.0,2.0399818171595836,-74.5300420126833,0.0,0.0,0.0,0.9806116829236654,0.19596103519224595,2.0,0.0,0.0,0.0,0.0,0.0,0.0,0.0,-1.3650340430016659,-60.23535571847316,0.0,0.0,0.0,0.9085145228778313,-0.4178532777423992,2.0,0.0,0.0,0.0,0.0,0.0,0.0,0.0,-16.01229635841129,-59.05641724619828,0.0,0.0,0.0,-0.48939569436555963,0.8720618408899977,2.0,0.0,0.0,0.0,0.0,0.0,0.0,0.0,-21.659786451308683,-72.62247949389767,0.0,0.0,0.0,0.11665565544650033,0.9931724211094202,2.0,0.0,0.0,0.0,0.0,0.0,0.0
130,0.0,-16.855521502562333,-79.8327454417999,0.0,0.0,0.0,0.4536288569938057,0.8911906979443251,2.0,0.0,0.0,0.0,0.0,0.0,0.0,0.0,2.0399818171595836,-74.5300420126833,0.0,0.0,0.0,0.9806116829236654,0.19596103519224595,2.0,0.0,0.0,0.0,0.0,0.0,0.0,0.0,-1.3650340430016659,-60.23535571847316,0.0,0.0,0.0,0.9085145228778313,-0.4178532777423992,2.0,0.0,0.0,0.0,0.0,0.0,0.0,0.0,-16.01229635841129,-59.05641724619828,0.0,0.0,0.0,-0.48939569436555963,0.8720618408899977,2.0,0.0,0.0,0.0,0.0,0.0,0.0,0.0,-21.659786451308683,-72.62247949389767,0.0,0.0,0.0,0.11665565544650033,0.9931724211094202,2.0,0.0,0.0,0.0,0.0,0.0,0.0
131,0.0,-16.77443302603471,-79.89126557202198,0.0,0.0,0.0,0.45718998125353927,0.8893690578389764,2.0,0.0,0.0,0.0,0.0,0.0,0.0,0.0,2.0399818171595836,-74.5300420126833,0.0,0.0,0.0,0.9806116829236654,0.19596103519224595,2.0,0.0,0.0,0.0,0.0,0.0,0.0,0.0,-1.3650340430016659,-60.23535571847316,0.0,0.0,0.0,0.9085145228778313,-0.4178532777423992,2.0,0.0,0.0,0.0,0.0,0.0,0.0,0.0,-16.01229635841129,-59.05641724619828,0.0,0.0,0.0,-0.48939569436555963,0.8720618408899977,2.0,0.0,0.0,0.0,0.0,0.0,0.0,0.0,-21.659786451308683,-72.62247949389767,0.0,0.0,0.0,0.11665565544650033,0.9931724211094202,2.0,0.0,0.0,0.0,0.0,0.0,0.0
132,0.0,-16.692878988276423,-79.94913512871719,0.0,0.0,0.0,0.46074379048332614,0.8875331878476753,2.0,0.0,0.0,0.0,0.0,0.0,0.0,0.0,2.0399818171595836,-74.5300420126833,0.0,0.0,0.0,0.9806116829236654,0.19596103519224595,2.0,0.0,0.0,0.0,0.0,0.0,0.0,0.0,-1.3650340430016659,-60.23535571847316,0.0,0.0,0.0,0.9085145228778313,-0.4178532777423992,2.0,0.0,0.0,0.0,0.0,0.0,0.0,0.0,-16.01229635841129,-59.05641724619828,0.0,0.0,0.0,-0.48939569436555963,0.8720618408899977,2.0,0.0,0.0,0.0,0.0,0.0,0.0,0.0,-21.659786451308683,-72.62247949389767,0.0,0.0,0.0,0.11665565544650033,0.9931724211094202,2.0,0.0,0.0,0.0,0.0,0.0,0.0
133,0.0,-16.610864608718046,-80.00635040825365,0.0,0.0,0.0,0.46429022782229445,0.8856831173443027,2.0,0.0,0.0,0.0,0.0,0.0,0.0,0.0,2.0399818171595836,-74.5300420126833,0.0,0.0,0.0,0.9806116829236654,0.19596103519224595,2.0,0.0,0.0,0.0,0.0,0.0,0.0,0.0,-1.3650340430016659,-60.23535571847316,0.0,0.0,0.0,0.9085145228778313,-0.4178532777423992,2.0,0.0,0.0,0.0,0.0,0.0,0.0,0.0,-16.01229635841129,-59.05641724619828,0.0,0.0,0.0,-0.48939569436555963,0.8720618408899977,2.0,0.0,0.0,0.0,0.0,0.0,0.0,0.0,-21.659786451308683,-72.62247949389767,0.0,0.0,0.0,0.11665565544650033,0.9931724211094202,2.0,0.0,0.0,0.0,0.0,0.0,0.0
134,0.0,-16.528395136251884,-80.062907748873,0.0,0.0,0.0,0.4678292365275225,0.8838188759299472,2.0,0.0,0.0,0.0,0.0,0.0,0.0,0.0,2.0399818171595836,-74.5300420126833,0.0,0.0,0.0,0.9806116829236654,0.19596103519224595,2.0,0.0,0.0,0.0,0.0,0.0,0.0,0.0,-1.3650340430016659,-60.23535571847316,0.0,0.0,0.0,0.9085145228778313,-0.4178532777423992,2.0,0.0,0.0,0.0,0.0,0.0,0.0,0.0,-16.01229635841129,-59.05641724619828,0.0,0.0,0.0,-0.48939569436555963,0.8720618408899977,2.0,0.0,0.0,0.0,0.0,0.0,0.0,0.0,-21.659786451308683,-72.62247949389767,0.0,0.0,0.0,0.11665565544650033,0.9931724211094202,2.0,0.0,0.0,0.0,0.0,0.0,0.0
135,0.0,-16.445475848896024,-80.11880353092475,0.0,0.0,0.0,0.4713607599749465,0.8819404934324316,2.0,0.0,0.0,0.0,0.0,0.0,0.0,0.0,2.0399818171595836,-74.5300420126833,0.0,0.0,0.0,0.9806116829236654,0.19596103519224595,2.0,0.0,0.0,0.0,0.0,0.0,0.0,0.0,-1.3650340430016659,-60.23535571847316,0.0,0.0,0.0,0.9085145228778313,-0.4178532777423992,2.0,0.0,0.0,0.0,0.0,0.0,0.0,0.0,-16.01229635841129,-59.05641724619828,0.0,0.0,0.0,-0.48939569436555963,0.8720618408899977,2.0,0.0,0.0,0.0,0.0,0.0,0.0,0.0,-21.659786451308683,-72.62247949389767,0.0,0.0,0.0,0.11665565544650033,0.9931724211094202,2.0,0.0,0.0,0.0,0.0,0.0,0.0
136,0.0,-16.36211205345655,-80.17403417709792,0.0,0.0,0.0,0.4748847416602665,0.8800479999058358,2.0,0.0,0.0,0.0,0.0,0.0,0.0,0.0,2.0399818171595836,-74.5300420126833,0.0,0.0,0.0,0.9806116829236654,0.19596103519224595,2.0,0.0,0.0,0.0,0.0,0.0,0.0,0.0,-1.3650340430016659,-60.23535571847316,0.0,0.0,0.0,0.9085145228778313,-0.4178532777423992,2.0,0.0,0.0,0.0,0.0,0.0,0.0,0.0,-16.01229635841129,-59.05641724619828,0.0,0.0,0.0,-0.48939569436555963,0.8720618408899977,2.0,0.0,0.0,0.0,0.0,0.0,0.0,0.0,-21.659786451308683,-72.62247949389767,0.0,0.0,0.0,0.11665565544650033,0.9931724211094202,2.0,0.0,0.0,0.0,0.0,0.0,0.0
137,0.0,-16.278309085187917,-80.22859615265001,0.0,0.0,0.0,0.4784011251998508,0.8781414256300158,2.0,0.0,0.0,0.0,0.0,0.0,0.0,0.0,2.0399818171595836,-74.5300420126833,0.0,0.0,0.0,0.9806116829236654,0.19596103519224595,2.0,0.0,0.0,0.0,0.0,0.0,0.0,0.0,-1.3650340430016659,-60.23535571847316,0.0,0.0,0.0,0.9085145228778313,-0.4178532777423992,2.0,0.0,0.0,0.0,0.0,0.0,0.0,0.0,-16.01229635841129,-59.05641724619828,0.0,0.0,0.0,-0.48939569436555963,0.8720618408899977,2.0,0.0,0.0,0.0,0.0,0.0,0.0,0.0,-21.659786451308683,-72.62247949389767,0.0,0.0,0.0,0.11665565544650033,0.9931724211094202,2.0,0.0,0.0,0.0,0.0,0.0,0.0
138,0.0,-16.19407230745149,-80.28248596563321,0.0,0.0,0.0,0.4819098543316379,0.8762208011101195,2.0,0.0,0.0,0.0,0.0,0.0,0.0,0.0,2.0399818171595836,-74.5300420126833,0.0,0.0,0.0,0.9806116829236654,0.19596103519224595,2.0,0.0,0.0,0.0,0.0,0.0,0.0,0.0,-1.3650340430016659,-60.23535571847316,0.0,0.0,0.0,0.9085145228778313,-0.4178532777423992,2.0,0.0,0.0,0.0,0.0,0.0,0.0,0.0,-16.01229635841129,-59.05641724619828,0.0,0.0,0.0,-0.48939569436555963,0.8720618408899977,2.0,0.0,0.0,0.0,0.0,0.0,0.0,0.0,-21.659786451308683,-72.62247949389767,0.0,0.0,0.0,0.11665565544650033,0.9931724211094202,2.0,0.0,0.0,0.0,0.0,0.0,0.0
139,0.0,-16.109407111372292,-80.33570016711789,0.0,0.0,0.0,0.4854108729160363,0.8742861570760981,2.0,0.0,0.0,0.0,0.0,0.0,0.0,0.0,2.0399818171595836,-74.5300420126833,0.0,0.0,0.0,0.9806116829236654,0.19596103519224595,2.0,0.0,0.0,0.0,0.0,0.0,0.0,0.0,-1.3650340430016659,-60.23535571847316,0.0,0.0,0.0,0.9085145228778313,-0.4178532777423992,2.0,0.0,0.0,0.0,0.0,0.0,0.0,0.0,-16.01229635841129,-59.05641724619828,0.0,0.0,0.0,-0.48939569436555963,0.8720618408899977,2.0,0.0,0.0,0.0,0.0,0.0,0.0,0.0,-21.659786451308683,-72.62247949389767,0.0,0.0,0.0,0.11665565544650033,0.9931724211094202,2.0,0.0,0.0,0.0,0.0,0.0,0.0
140,0.0,-16.02431891549397,-80.3882353514133,0.0,0.0,0.0,0.4889041249368235,0.8723375244822149,2.0,0.0,0.0,0.0,0.0,0.0,0.0,0.0,2.0399818171595836,-74.5300420126833,0.0,0.0,0.0,0.9806116829236654,0.19596103519224595,2.0,0.0,0.0,0.0,0.0,0.0,0.0,0.0,-1.3650340430016659,-60.23535571847316,0.0,0.0,0.0,0.9085145228778313,-0.4178532777423992,2.0,0.0,0.0,0.0,0.0,0.0,0.0,0.0,-16.01229635841129,-59.05641724619828,0.0,0.0,0.0,-0.48939569436555963,0.8720618408899977,2.0,0.0,0.0,0.0,0.0,0.0,0.0,0.0,-21.659786451308683,-72.62247949389767,0.0,0.0,0.0,0.11665565544650033,0.9931724211094202,2.0,0.0,0.0,0.0,0.0,0.0,0.0
141,0.0,-15.93881316543202,-80.4400881562856,0.0,0.0,0.0,0.4923895545020417,0.8703749345065498,2.0,0.0,0.0,0.0,0.0,0.0,0.0,0.0,2.0399818171595836,-74.5300420126833,0.0,0.0,0.0,0.9806116829236654,0.19596103519224595,2.0,0.0,0.0,0.0,0.0,0.0,0.0,0.0,-1.3650340430016659,-60.23535571847316,0.0,0.0,0.0,0.9085145228778313,-0.4178532777423992,2.0,0.0,0.0,0.0,0.0,0.0,0.0,0.0,-16.01229635841129,-59.05641724619828,0.0,0.0,0.0,-0.48939569436555963,0.8720618408899977,2.0,0.0,0.0,0.0,0.0,0.0,0.0,0.0,-21.659786451308683,-72.62247949389767,0.0,0.0,0.0,0.11665565544650033,0.9931724211094202,2.0,0.0,0.0,0.0,0.0,0.0,0.0
142,0.0,-15.852895333525261,-80.49125526317295,0.0,0.0,0.0,0.4958671058448922,0.8683984185505006,2.0,0.0,0.0,0.0,0.0,0.0,0.0,0.0,2.0399818171595836,-74.5300420126833,0.0,0.0,0.0,0.9806116829236654,0.19596103519224595,2.0,0.0,0.0,0.0,0.0,0.0,0.0,0.0,-1.3650340430016659,-60.23535571847316,0.0,0.0,0.0,0.9085145228778313,-0.4178532777423992,2.0,0.0,0.0,0.0,0.0,0.0,0.0,0.0,-16.01229635841129,-59.05641724619828,0.0,0.0,0.0,-0.48939569436555963,0.8720618408899977,2.0,0.0,0.0,0.0,0.0,0.0,0.0,0.0,-21.659786451308683,-72.62247949389767,0.0,0.0,0.0,0.11665565544650033,0.9931724211094202,2.0,0.0,0.0,0.0,0.0,0.0,0.0
143,0.0,-15.766570918485606,-80.54173339739799,0.0,0.0,0.0,0.4993367233246276,0.8664080082382805,2.0,0.0,0.0,0.0,0.0,0.0,0.0,0.0,2.0399818171595836,-74.5300420126833,0.0,0.0,0.0,0.9806116829236654,0.19596103519224595,2.0,0.0,0.0,0.0,0.0,0.0,0.0,0.0,-1.3650340430016659,-60.23535571847316,0.0,0.0,0.0,0.9085145228778313,-0.4178532777423992,2.0,0.0,0.0,0.0,0.0,0.0,0.0,0.0,-16.01229635841129,-59.05641724619828,0.0,0.0,0.0,-0.48939569436555963,0.8720618408899977,2.0,0.0,0.0,0.0,0.0,0.0,0.0,0.0,-21.659786451308683,-72.62247949389767,0.0,0.0,0.0,0.11665565544650033,0.9931724211094202,2.0,0.0,0.0,0.0,0.0,0.0,0.0
144,0.0,-15.679845445046153,-80.59151932837737,0.0,0.0,0.0,0.5027983514274423,0.8644037354164119,2.0,0.0,0.0,0.0,0.0,0.0,0.0,0.0,2.0399818171595836,-74.5300420126833,0.0,0.0,0.0,0.9806116829236654,0.19596103519224595,2.0,0.0,0.0,0.0,0.0,0.0,0.0,0.0,-1.3650340430016659,-60.23535571847316,0.0,0.0,0.0,0.9085145228778313,-0.4178532777423992,2.0,0.0,0.0,0.0,0.0,0.0,0.0,0.0,-16.01229635841129,-59.05641724619828,0.0,0.0,0.0,-0.48939569436555963,0.8720618408899977,2.0,0.0,0.0,0.0,0.0,0.0,0.0,0.0,-21.659786451308683,-72.62247949389767,0.0,0.0,0.0,0.11665565544650033,0.9931724211094202,2.0,0.0,0.0,0.0,0.0,0.0,0.0
145,0.0,-15.592724463607599,-80.6406098698285,0.0,0.0,0.0,0.5062519347673606,0.8623856321532172,2.0,0.0,0.0,0.0,0.0,0.0,0.0,0.0,2.0399818171595836,-74.5300420126833,0.0,0.0,0.0,0.9806116829236654,0.19596103519224595,2.0,0.0,0.0,0.0,0.0,0.0,0.0,0.0,-1.3650340430016659,-60.23535571847316,0.0,0.0,0.0,0.9085145228778313,-0.4178532777423992,2.0,0.0,0.0,0.0,0.0,0.0,0.0,0.0,-16.01229635841129,-59.05641724619828,0.0,0.0,0.0,-0.48939569436555963,0.8720618408899977,2.0,0.0,0.0,0.0,0.0,0.0,0.0,0.0,-21.659786451308683,-72.62247949389767,0.0,0.0,0.0,0.11665565544650033,0.9931724211094202,2.0,0.0,0.0,0.0,0.0,0.0,0.0
146,0.0,-15.50521354988302,-80.68900187997345,0.0,0.0,0.0,0.5096974180871227,0.8603537307383056,2.0,0.0,0.0,0.0,0.0,0.0,0.0,0.0,2.0399818171595836,-74.5300420126833,0.0,0.0,0.0,0.9806116829236654,0.19596103519224595,2.0,0.0,0.0,0.0,0.0,0.0,0.0,0.0,-1.3650340430016659,-60.23535571847316,0.0,0.0,0.0,0.9085145228778313,-0.4178532777423992,2.0,0.0,0.0,0.0,0.0,0.0,0.0,0.0,-16.01229635841129,-59.05641724619828,0.0,0.0,0.0,-0.48939569436555963,0.8720618408899977,2.0,0.0,0.0,0.0,0.0,0.0,0.0,0.0,-21.659786451308683,-72.62247949389767,0.0,0.0,0.0,0.11665565544650033,0.9931724211094202,2.0,0.0,0.0,0.0,0.0,0.0,0.0
147,0.0,-15.417318304541023,-80.73669226174012,0.0,0.0,0.0,0.513134746259069,0.8583080636820564,2.0,0.0,0.0,0.0,0.0,0.0,0.0,0.0,2.0399818171595836,-74.5300420126833,0.0,0.0,0.0,0.9806116829236654,0.19596103519224595,2.0,0.0,0.0,0.0,0.0,0.0,0.0,0.0,-1.3650340430016659,-60.23535571847316,0.0,0.0,0.0,0.9085145228778313,-0.4178532777423992,2.0,0.0,0.0,0.0,0.0,0.0,0.0,0.0,-16.01229635841129,-59.05641724619828,0.0,0.0,0.0,-0.48939569436555963,0.8720618408899977,2.0,0.0,0.0,0.0,0.0,0.0,0.0,0.0,-21.659786451308683,-72.62247949389767,0.0,0.0,0.0,0.11665565544650033,0.9931724211094202,2.0,0.0,0.0,0.0,0.0,0.0,0.0
148,0.0,-15.329044352847312,-80.78367796296034,0.0,0.0,0.0,0.5165638642860217,0.8562486637150989,2.0,0.0,0.0,0.0,0.0,0.0,0.0,0.0,2.0399818171595836,-74.5300420126833,0.0,0.0,0.0,0.9806116829236654,0.19596103519224595,2.0,0.0,0.0,0.0,0.0,0.0,0.0,0.0,-1.3650340430016659,-60.23535571847316,0.0,0.0,0.0,0.9085145228778313,-0.4178532777423992,2.0,0.0,0.0,0.0,0.0,0.0,0.0,0.0,-16.01229635841129,-59.05641724619828,0.0,0.0,0.0,-0.48939569436555963,0.8720618408899977,2.0,0.0,0.0,0.0,0.0,0.0,0.0,0.0,-21.659786451308683,-72.62247949389767,0.0,0.0,0.0,0.11665565544650033,0.9931724211094202,2.0,0.0,0.0,0.0,0.0,0.0,0.0
149,0.0,-15.24039734430466,-80.82995597656529,0.0,0.0,0.0,0.5199847173021661,0.8541755637877886,2.0,0.0,0.0,0.0,0.0,0.0,0.0,0.0,2.0399818171595836,-74.5300420126833,0.0,0.0,0.0,0.9806116829236654,0.19596103519224595,2.0,0.0,0.0,0.0,0.0,0.0,0.0,0.0,-1.3650340430016659,-60.23535571847316,0.0,0.0,0.0,0.9085145228778313,-0.4178532777423992,2.0,0.0,0.0,0.0,0.0,0.0,0.0,0.0,-16.01229635841129,-59.05641724619828,0.0,0.0,0.0,-0.48939569436555963,0.8720618408899977,2.0,0.0,0.0,0.0,0.0,0.0,0.0,0.0,-21.659786451308683,-72.62247949389767,0.0,0.0,0.0,0.11665565544650033,0.9931724211094202,2.0,0.0,0.0,0.0,0.0,0.0,0.0
150,0.0,-15.151382952291355,-80.87552334077787,0.0,0.0,0.0,0.5233972505739266,0.85208879706968,2.0,0.0,0.0,0.0,0.0,0.0,0.0,0.0,2.0399818171595836,-74.5300420126833,0.0,0.0,0.0,0.9806116829236654,0.19596103519224595,2.0,0.0,0.0,0.0,0.0,0.0,0.0,0.0,-1.3650340430016659,-60.23535571847316,0.0,0.0,0.0,0.9085145228778313,-0.4178532777423992,2.0,0.0,0.0,0.0,0.0,0.0,0.0,0.0,-16.01229635841129,-59.05641724619828,0.0,0.0,0.0,-0.48939569436555963,0.8720618408899977,2.0,0.0,0.0,0.0,0.0,0.0,0.0,0.0,-21.659786451308683,-72.62247949389767,0.0,0.0,0.0,0.11665565544650033,0.9931724211094202,2.0,0.0,0.0,0.0,0.0,0.0,0.0
151,0.0,-15.062006873698106,-80.92037713930235,0.0,0.0,0.0,0.5268014095008438,0.8499883969489962,2.0,0.0,0.0,0.0,0.0,0.0,0.0,0.0,2.0399818171595836,-74.5300420126833,0.0,0.0,0.0,0.9806116829236654,0.19596103519224595,2.0,0.0,0.0,0.0,0.0,0.0,0.0,0.0,-1.3650340430016659,-60.23535571847316,0.0,0.0,0.0,0.9085145228778313,-0.4178532777423992,2.0,0.0,0.0,0.0,0.0,0.0,0.0,0.0,-16.01229635841129,-59.05641724619828,0.0,0.0,0.0,-0.48939569436555963,0.8720618408899977,2.0,0.0,0.0,0.0,0.0,0.0,0.0,0.0,-21.659786451308683,-72.62247949389767,0.0,0.0,0.0,0.11665565544650033,0.9931724211094202,2.0,0.0,0.0,0.0,0.0,0.0,0.0
152,0.0,-14.972274828563435,-80.9645145015109,0.0,0.0,0.0,0.5301971396164473,0.8478743970320943,2.0,0.0,0.0,0.0,0.0,0.0,0.0,0.0,2.0399818171595836,-74.5300420126833,0.0,0.0,0.0,0.9806116829236654,0.19596103519224595,2.0,0.0,0.0,0.0,0.0,0.0,0.0,0.0,-1.3650340430016659,-60.23535571847316,0.0,0.0,0.0,0.9085145228778313,-0.4178532777423992,2.0,0.0,0.0,0.0,0.0,0.0,0.0,0.0,-16.01229635841129,-59.05641724619828,0.0,0.0,0.0,-0.48939569436555963,0.8720618408899977,2.0,0.0,0.0,0.0,0.0,0.0,0.0,0.0,-21.659786451308683,-72.62247949389767,0.0,0.0,0.0,0.11665565544650033,0.9931724211094202,2.0,0.0,0.0,0.0,0.0,0.0,0.0
153,0.0,-14.882192559707603,-81.00793260262745,0.0,0.0,0.0,0.5335843865891279,0.8457468311429279,2.0,0.0,0.0,0.0,0.0,0.0,0.0,0.0,2.0399818171595836,-74.5300420126833,0.0,0.0,0.0,0.9806116829236654,0.19596103519224595,2.0,0.0,0.0,0.0,0.0,0.0,0.0,0.0,-1.3650340430016659,-60.23535571847316,0.0,0.0,0.0,0.9085145228778313,-0.4178532777423992,2.0,0.0,0.0,0.0,0.0,0.0,0.0,0.0,-16.01229635841129,-59.05641724619828,0.0,0.0,0.0,-0.48939569436555963,0.8720618408899977,2.0,0.0,0.0,0.0,0.0,0.0,0.0,0.0,-21.659786451308683,-72.62247949389767,0.0,0.0,0.0,0.11665565544650033,0.9931724211094202,2.0,0.0,0.0,0.0,0.0,0.0,0.0
154,0.0,-14.791765832365066,-81.05062866390831,0.0,0.0,0.0,0.5369630962230061,0.8436057333225058,2.0,0.0,0.0,0.0,0.0,0.0,0.0,0.0,2.0399818171595836,-74.5300420126833,0.0,0.0,0.0,0.9806116829236654,0.19596103519224595,2.0,0.0,0.0,0.0,0.0,0.0,0.0,0.0,-1.3650340430016659,-60.23535571847316,0.0,0.0,0.0,0.9085145228778313,-0.4178532777423992,2.0,0.0,0.0,0.0,0.0,0.0,0.0,0.0,-16.01229635841129,-59.05641724619828,0.0,0.0,0.0,-0.48939569436555963,0.8720618408899977,2.0,0.0,0.0,0.0,0.0,0.0,0.0,0.0,-21.659786451308683,-72.62247949389767,0.0,0.0,0.0,0.11665565544650033,0.9931724211094202,2.0,0.0,0.0,0.0,0.0,0.0,0.0
155,0.0,-14.70100043381551,-81.09259995282014,0.0,0.0,0.0,0.5403332144588,0.8414511378283474,2.0,0.0,0.0,0.0,0.0,0.0,0.0,0.0,2.0399818171595836,-74.5300420126833,0.0,0.0,0.0,0.9806116829236654,0.19596103519224595,2.0,0.0,0.0,0.0,0.0,0.0,0.0,0.0,-1.3650340430016659,-60.23535571847316,0.0,0.0,0.0,0.9085145228778313,-0.4178532777423992,2.0,0.0,0.0,0.0,0.0,0.0,0.0,0.0,-16.01229635841129,-59.05641724619828,0.0,0.0,0.0,-0.48939569436555963,0.8720618408899977,2.0,0.0,0.0,0.0,0.0,0.0,0.0,0.0,-21.659786451308683,-72.62247949389767,0.0,0.0,0.0,0.11665565544650033,0.9931724211094202,2.0,0.0,0.0,0.0,0.0,0.0,0.0
156,0.0,-14.609902173013461,-81.13384378321479,0.0,0.0,0.0,0.5436946873746896,0.8392830791339347,2.0,0.0,0.0,0.0,0.0,0.0,0.0,0.0,2.0399818171595836,-74.5300420126833,0.0,0.0,0.0,0.9806116829236654,0.19596103519224595,2.0,0.0,0.0,0.0,0.0,0.0,0.0,0.0,-1.3650340430016659,-60.23535571847316,0.0,0.0,0.0,0.9085145228778313,-0.4178532777423992,2.0,0.0,0.0,0.0,0.0,0.0,0.0,0.0,-16.01229635841129,-59.05641724619828,0.0,0.0,0.0,-0.48939569436555963,0.8720618408899977,2.0,0.0,0.0,0.0,0.0,0.0,0.0,0.0,-21.659786451308683,-72.62247949389767,0.0,0.0,0.0,0.11665565544650033,0.9931724211094202,2.0,0.0,0.0,0.0,0.0,0.0,0.0
157,0.0,-14.518476880216516,-81.17435751550119,0.0,0.0,0.0,0.5470474611871801,0.8371015919281606,2.0,0.0,0.0,0.0,0.0,0.0,0.0,0.0,2.0399818171595836,-74.5300420126833,0.0,0.0,0.0,0.9806116829236654,0.19596103519224595,2.0,0.0,0.0,0.0,0.0,0.0,0.0,0.0,-1.3650340430016659,-60.23535571847316,0.0,0.0,0.0,0.9085145228778313,-0.4178532777423992,2.0,0.0,0.0,0.0,0.0,0.0,0.0,0.0,-16.01229635841129,-59.05641724619828,0.0,0.0,0.0,-0.48939569436555963,0.8720618408899977,2.0,0.0,0.0,0.0,0.0,0.0,0.0,0.0,-21.659786451308683,-72.62247949389767,0.0,0.0,0.0,0.11665565544650033,0.9931724211094202,2.0,0.0,0.0,0.0,0.0,0.0,0.0
158,0.0,-14.426730406612206,-81.21413855681428,0.0,0.0,0.0,0.5503914822519619,0.8349067111147738,2.0,0.0,0.0,0.0,0.0,0.0,0.0,0.0,2.0399818171595836,-74.5300420126833,0.0,0.0,0.0,0.9806116829236654,0.19596103519224595,2.0,0.0,0.0,0.0,0.0,0.0,0.0,0.0,-1.3650340430016659,-60.23535571847316,0.0,0.0,0.0,0.9085145228778313,-0.4178532777423992,2.0,0.0,0.0,0.0,0.0,0.0,0.0,0.0,-16.01229635841129,-59.05641724619828,0.0,0.0,0.0,-0.48939569436555963,0.8720618408899977,2.0,0.0,0.0,0.0,0.0,0.0,0.0,0.0,-21.659786451308683,-72.62247949389767,0.0,0.0,0.0,0.11665565544650033,0.9931724211094202,2.0,0.0,0.0,0.0,0.0,0.0,0.0
159,0.0,-14.334668623943527,-81.25318436118101,0.0,0.0,0.0,0.5537266970647694,0.8326984718118204,2.0,0.0,0.0,0.0,0.0,0.0,0.0,0.0,2.0399818171595836,-74.5300420126833,0.0,0.0,0.0,0.9806116829236654,0.19596103519224595,2.0,0.0,0.0,0.0,0.0,0.0,0.0,0.0,-1.3650340430016659,-60.23535571847316,0.0,0.0,0.0,0.9085145228778313,-0.4178532777423992,2.0,0.0,0.0,0.0,0.0,0.0,0.0,0.0,-16.01229635841129,-59.05641724619828,0.0,0.0,0.0,-0.48939569436555963,0.8720618408899977,2.0,0.0,0.0,0.0,0.0,0.0,0.0,0.0,-21.659786451308683,-72.62247949389767,0.0,0.0,0.0,0.11665565544650033,0.9931724211094202,2.0,0.0,0.0,0.0,0.0,0.0,0.0
160,0.0,-14.242297424133145,-81.29149242968323,0.0,0.0,0.0,0.5570530522622367,0.8304769093510823,2.0,0.0,0.0,0.0,0.0,0.0,0.0,0.0,2.0399818171595836,-74.5300420126833,0.0,0.0,0.0,0.9806116829236654,0.19596103519224595,2.0,0.0,0.0,0.0,0.0,0.0,0.0,0.0,-1.3650340430016659,-60.23535571847316,0.0,0.0,0.0,0.9085145228778313,-0.4178532777423992,2.0,0.0,0.0,0.0,0.0,0.0,0.0,0.0,-16.01229635841129,-59.05641724619828,0.0,0.0,0.0,-0.48939569436555963,0.8720618408899977,2.0,0.0,0.0,0.0,0.0,0.0,0.0,0.0,-21.659786451308683,-72.62247949389767,0.0,0.0,0.0,0.11665565544650033,0.9931724211094202,2.0,0.0,0.0,0.0,0.0,0.0,0.0
161,0.0,-14.14962271890632,-81.32906031061763,0.0,0.0,0.0,0.5603704946227515,0.8282420592775115,2.0,0.0,0.0,0.0,0.0,0.0,0.0,0.0,2.0399818171595836,-74.5300420126833,0.0,0.0,0.0,0.9806116829236654,0.19596103519224595,2.0,0.0,0.0,0.0,0.0,0.0,0.0,0.0,-1.3650340430016659,-60.23535571847316,0.0,0.0,0.0,0.9085145228778313,-0.4178532777423992,2.0,0.0,0.0,0.0,0.0,0.0,0.0,0.0,-16.01229635841129,-59.05641724619828,0.0,0.0,0.0,-0.48939569436555963,0.8720618408899977,2.0,0.0,0.0,0.0,0.0,0.0,0.0,0.0,-21.659786451308683,-72.62247949389767,0.0,0.0,0.0,0.11665565544650033,0.9931724211094202,2.0,0.0,0.0,0.0,0.0,0.0,0.0
162,0.0,-14.056650439412554,-81.36588559965266,0.0,0.0,0.0,0.5636789710673069,0.8259939573486613,2.0,0.0,0.0,0.0,0.0,0.0,0.0,0.0,2.0399818171595836,-74.5300420126833,0.0,0.0,0.0,0.9806116829236654,0.19596103519224595,2.0,0.0,0.0,0.0,0.0,0.0,0.0,0.0,-1.3650340430016659,-60.23535571847316,0.0,0.0,0.0,0.9085145228778313,-0.4178532777423992,2.0,0.0,0.0,0.0,0.0,0.0,0.0,0.0,-16.01229635841129,-59.05641724619828,0.0,0.0,0.0,-0.48939569436555963,0.8720618408899977,2.0,0.0,0.0,0.0,0.0,0.0,0.0,0.0,-21.659786451308683,-72.62247949389767,0.0,0.0,0.0,0.11665565544650033,0.9931724211094202,2.0,0.0,0.0,0.0,0.0,0.0,0.0
163,0.0,-13.963386535845995,-81.40196593998238,0.0,0.0,0.0,0.5669784286603504,0.8237326395341148,2.0,0.0,0.0,0.0,0.0,0.0,0.0,0.0,2.0399818171595836,-74.5300420126833,0.0,0.0,0.0,0.9806116829236654,0.19596103519224595,2.0,0.0,0.0,0.0,0.0,0.0,0.0,0.0,-1.3650340430016659,-60.23535571847316,0.0,0.0,0.0,0.9085145228778313,-0.4178532777423992,2.0,0.0,0.0,0.0,0.0,0.0,0.0,0.0,-16.01229635841129,-59.05641724619828,0.0,0.0,0.0,-0.48939569436555963,0.8720618408899977,2.0,0.0,0.0,0.0,0.0,0.0,0.0,0.0,-21.659786451308683,-72.62247949389767,0.0,0.0,0.0,0.11665565544650033,0.9931724211094202,2.0,0.0,0.0,0.0,0.0,0.0,0.0
164,0.0,-13.869836977064645,-81.43729902247733,0.0,0.0,0.0,0.570268814610631,0.8214581420149086,2.0,0.0,0.0,0.0,0.0,0.0,0.0,0.0,2.0399818171595836,-74.5300420126833,0.0,0.0,0.0,0.9806116829236654,0.19596103519224595,2.0,0.0,0.0,0.0,0.0,0.0,0.0,0.0,-1.3650340430016659,-60.23535571847316,0.0,0.0,0.0,0.9085145228778313,-0.4178532777423992,2.0,0.0,0.0,0.0,0.0,0.0,0.0,0.0,-16.01229635841129,-59.05641724619828,0.0,0.0,0.0,-0.48939569436555963,0.8720618408899977,2.0,0.0,0.0,0.0,0.0,0.0,0.0,0.0,-21.659786451308683,-72.62247949389767,0.0,0.0,0.0,0.11665565544650033,0.9931724211094202,2.0,0.0,0.0,0.0,0.0,0.0,0.0
165,0.0,-13.77600775020833,-81.47188258583229,0.0,0.0,0.0,0.5735500762720434,0.8191705011829548,2.0,0.0,0.0,0.0,0.0,0.0,0.0,0.0,2.0399818171595836,-74.5300420126833,0.0,0.0,0.0,0.9806116829236654,0.19596103519224595,2.0,0.0,0.0,0.0,0.0,0.0,0.0,0.0,-1.3650340430016659,-60.23535571847316,0.0,0.0,0.0,0.9085145228778313,-0.4178532777423992,2.0,0.0,0.0,0.0,0.0,0.0,0.0,0.0,-16.01229635841129,-59.05641724619828,0.0,0.0,0.0,-0.48939569436555963,0.8720618408899977,2.0,0.0,0.0,0.0,0.0,0.0,0.0,0.0,-21.659786451308683,-72.62247949389767,0.0,0.0,0.0,0.11665565544650033,0.9931724211094202,2.0,0.0,0.0,0.0,0.0,0.0,0.0
166,0.0,-13.68190486031554,-81.50571441671102,0.0,0.0,0.0,0.5768221611444712,0.8168697536404574,2.0,0.0,0.0,0.0,0.0,0.0,0.0,0.0,2.0399818171595836,-74.5300420126833,0.0,0.0,0.0,0.9806116829236654,0.19596103519224595,2.0,0.0,0.0,0.0,0.0,0.0,0.0,0.0,-1.3650340430016659,-60.23535571847316,0.0,0.0,0.0,0.9085145228778313,-0.4178532777423992,2.0,0.0,0.0,0.0,0.0,0.0,0.0,0.0,-16.01229635841129,-59.05641724619828,0.0,0.0,0.0,-0.48939569436555963,0.8720618408899977,2.0,0.0,0.0,0.0,0.0,0.0,0.0,0.0,-21.659786451308683,-72.62247949389767,0.0,0.0,0.0,0.11665565544650033,0.9931724211094202,2.0,0.0,0.0,0.0,0.0,0.0,0.0
167,0.0,-13.587534329939114,-81.53879234988786,0.0,0.0,0.0,0.5800850168746262,0.8145559361993285,2.0,0.0,0.0,0.0,0.0,0.0,0.0,0.0,2.0399818171595836,-74.5300420126833,0.0,0.0,0.0,0.9806116829236654,0.19596103519224595,2.0,0.0,0.0,0.0,0.0,0.0,0.0,0.0,-1.3650340430016659,-60.23535571847316,0.0,0.0,0.0,0.9085145228778313,-0.4178532777423992,2.0,0.0,0.0,0.0,0.0,0.0,0.0,0.0,-16.01229635841129,-59.05641724619828,0.0,0.0,0.0,-0.48939569436555963,0.8720618408899977,2.0,0.0,0.0,0.0,0.0,0.0,0.0,0.0,-21.659786451308683,-72.62247949389767,0.0,0.0,0.0,0.11665565544650033,0.9931724211094202,2.0,0.0,0.0,0.0,0.0,0.0,0.0
168,0.0,-13.492902198760778,-81.57111426838641,0.0,0.0,0.0,0.5833385912568865,0.8122290858805976,2.0,0.0,0.0,0.0,0.0,0.0,0.0,0.0,2.0399818171595836,-74.5300420126833,0.0,0.0,0.0,0.9806116829236654,0.19596103519224595,2.0,0.0,0.0,0.0,0.0,0.0,0.0,0.0,-1.3650340430016659,-60.23535571847316,0.0,0.0,0.0,0.9085145228778313,-0.4178532777423992,2.0,0.0,0.0,0.0,0.0,0.0,0.0,0.0,-16.01229635841129,-59.05641724619828,0.0,0.0,0.0,-0.48939569436555963,0.8720618408899977,2.0,0.0,0.0,0.0,0.0,0.0,0.0,0.0,-21.659786451308683,-72.62247949389767,0.0,0.0,0.0,0.11665565544650033,0.9931724211094202,2.0,0.0,0.0,0.0,0.0,0.0,0.0
169,0.0,-13.39801452320463,-81.6026781036149,0.0,0.0,0.0,0.5865828322341311,0.8098892399138201,2.0,0.0,0.0,0.0,0.0,0.0,0.0,0.0,2.0399818171595836,-74.5300420126833,0.0,0.0,0.0,0.9806116829236654,0.19596103519224595,2.0,0.0,0.0,0.0,0.0,0.0,0.0,0.0,-1.3650340430016659,-60.23535571847316,0.0,0.0,0.0,0.9085145228778313,-0.4178532777423992,2.0,0.0,0.0,0.0,0.0,0.0,0.0,0.0,-16.01229635841129,-59.05641724619828,0.0,0.0,0.0,-0.48939569436555963,0.8720618408899977,2.0,0.0,0.0,0.0,0.0,0.0,0.0,0.0,-21.659786451308683,-72.62247949389767,0.0,0.0,0.0,0.11665565544650033,0.9931724211094202,2.0,0.0,0.0,0.0,0.0,0.0,0.0
170,0.0,-13.302877376049516,-81.63348183549867,0.0,0.0,0.0,0.5898176878985737,0.8075364357364816,2.0,0.0,0.0,0.0,0.0,0.0,0.0,0.0,2.0399818171595836,-74.5300420126833,0.0,0.0,0.0,0.9806116829236654,0.19596103519224595,2.0,0.0,0.0,0.0,0.0,0.0,0.0,0.0,-1.3650340430016659,-60.23535571847316,0.0,0.0,0.0,0.9085145228778313,-0.4178532777423992,2.0,0.0,0.0,0.0,0.0,0.0,0.0,0.0,-16.01229635841129,-59.05641724619828,0.0,0.0,0.0,-0.48939569436555963,0.8720618408899977,2.0,0.0,0.0,0.0,0.0,0.0,0.0,0.0,-21.659786451308683,-72.62247949389767,0.0,0.0,0.0,0.11665565544650033,0.9931724211094202,2.0,0.0,0.0,0.0,0.0,0.0,0.0
171,0.0,-13.207496846040382,-81.66352349260937,0.0,0.0,0.0,0.5930431064925927,0.8051707109933988,2.0,0.0,0.0,0.0,0.0,0.0,0.0,0.0,2.0399818171595836,-74.5300420126833,0.0,0.0,0.0,0.9806116829236654,0.19596103519224595,2.0,0.0,0.0,0.0,0.0,0.0,0.0,0.0,-1.3650340430016659,-60.23535571847316,0.0,0.0,0.0,0.9085145228778313,-0.4178532777423992,2.0,0.0,0.0,0.0,0.0,0.0,0.0,0.0,-16.01229635841129,-59.05641724619828,0.0,0.0,0.0,-0.48939569436555963,0.8720618408899977,2.0,0.0,0.0,0.0,0.0,0.0,0.0,0.0,-21.659786451308683,-72.62247949389767,0.0,0.0,0.0,0.11665565544650033,0.9931724211094202,2.0,0.0,0.0,0.0,0.0,0.0,0.0
172,0.0,-13.11187903749859,-81.69280115229121,0.0,0.0,0.0,0.5962590364095595,0.802792103536117,2.0,0.0,0.0,0.0,0.0,0.0,0.0,0.0,2.0399818171595836,-74.5300420126833,0.0,0.0,0.0,0.9806116829236654,0.19596103519224595,2.0,0.0,0.0,0.0,0.0,0.0,0.0,0.0,-1.3650340430016659,-60.23535571847316,0.0,0.0,0.0,0.9085145228778313,-0.4178532777423992,2.0,0.0,0.0,0.0,0.0,0.0,0.0,0.0,-16.01229635841129,-59.05641724619828,0.0,0.0,0.0,-0.48939569436555963,0.8720618408899977,2.0,0.0,0.0,0.0,0.0,0.0,0.0,0.0,-21.659786451308683,-72.62247949389767,0.0,0.0,0.0,0.11665565544650033,0.9931724211094202,2.0,0.0,0.0,0.0,0.0,0.0,0.0
173,0.0,-13.016030069931249,-81.72131294078396,0.0,0.0,0.0,0.5994654261946638,0.8004006514223049,2.0,0.0,0.0,0.0,0.0,0.0,0.0,0.0,2.0399818171595836,-74.5300420126833,0.0,0.0,0.0,0.9806116829236654,0.19596103519224595,2.0,0.0,0.0,0.0,0.0,0.0,0.0,0.0,-1.3650340430016659,-60.23535571847316,0.0,0.0,0.0,0.9085145228778313,-0.4178532777423992,2.0,0.0,0.0,0.0,0.0,0.0,0.0,0.0,-16.01229635841129,-59.05641724619828,0.0,0.0,0.0,-0.48939569436555963,0.8720618408899977,2.0,0.0,0.0,0.0,0.0,0.0,0.0,0.0,-21.659786451308683,-72.62247949389767,0.0,0.0,0.0,0.11665565544650033,0.9931724211094202,2.0,0.0,0.0,0.0,0.0,0.0,0.0
174,0.0,-12.91995607763957,-81.7490570333429,0.0,0.0,0.0,0.6026622245457377,0.7979963929151452,2.0,0.0,0.0,0.0,0.0,0.0,0.0,0.0,2.0399818171595836,-74.5300420126833,0.0,0.0,0.0,0.9806116829236654,0.19596103519224595,2.0,0.0,0.0,0.0,0.0,0.0,0.0,0.0,-1.3650340430016659,-60.23535571847316,0.0,0.0,0.0,0.9085145228778313,-0.4178532777423992,2.0,0.0,0.0,0.0,0.0,0.0,0.0,0.0,-16.01229635841129,-59.05641724619828,0.0,0.0,0.0,-0.48939569436555963,0.8720618408899977,2.0,0.0,0.0,0.0,0.0,0.0,0.0,0.0,-21.659786451308683,-72.62247949389767,0.0,0.0,0.0,0.11665565544650033,0.9931724211094202,2.0,0.0,0.0,0.0,0.0,0.0,0.0
175,0.0,-12.823663209326265,-81.77603165435556,0.0,0.0,0.0,0.6058493803140755,0.7955793664827229,2.0,0.0,0.0,0.0,0.0,0.0,0.0,0.0,2.0399818171595836,-74.5300420126833,0.0,0.0,0.0,0.9806116829236654,0.19596103519224595,2.0,0.0,0.0,0.0,0.0,0.0,0.0,0.0,-1.3650340430016659,-60.23535571847316,0.0,0.0,0.0,0.9085145228778313,-0.4178532777423992,2.0,0.0,0.0,0.0,0.0,0.0,0.0,0.0,-16.01229635841129,-59.05641724619828,0.0,0.0,0.0,-0.48939569436555963,0.8720618408899977,2.0,0.0,0.0,0.0,0.0,0.0,0.0,0.0,-21.659786451308683,-72.62247949389767,0.0,0.0,0.0,0.11665565544650033,0.9931724211094202,2.0,0.0,0.0,0.0,0.0,0.0,0.0
176,0.0,-12.727157627702034,-81.8022350774554,0.0,0.0,0.0,0.6090268425052532,0.7931496107974091,2.0,0.0,0.0,0.0,0.0,0.0,0.0,0.0,2.0399818171595836,-74.5300420126833,0.0,0.0,0.0,0.9806116829236654,0.19596103519224595,2.0,0.0,0.0,0.0,0.0,0.0,0.0,0.0,-1.3650340430016659,-60.23535571847316,0.0,0.0,0.0,0.9085145228778313,-0.4178532777423992,2.0,0.0,0.0,0.0,0.0,0.0,0.0,0.0,-16.01229635841129,-59.05641724619828,0.0,0.0,0.0,-0.48939569436555963,0.8720618408899977,2.0,0.0,0.0,0.0,0.0,0.0,0.0,0.0,-21.659786451308683,-72.62247949389767,0.0,0.0,0.0,0.11665565544650033,0.9931724211094202,2.0,0.0,0.0,0.0,0.0,0.0,0.0
177,0.0,-12.630445509091167,-81.82766562563232,0.0,0.0,0.0,0.6121945602799433,0.790707164735243,2.0,0.0,0.0,0.0,0.0,0.0,0.0,0.0,2.0399818171595836,-74.5300420126833,0.0,0.0,0.0,0.9806116829236654,0.19596103519224595,2.0,0.0,0.0,0.0,0.0,0.0,0.0,0.0,-1.3650340430016659,-60.23535571847316,0.0,0.0,0.0,0.9085145228778313,-0.4178532777423992,2.0,0.0,0.0,0.0,0.0,0.0,0.0,0.0,-16.01229635841129,-59.05641724619828,0.0,0.0,0.0,-0.48939569436555963,0.8720618408899977,2.0,0.0,0.0,0.0,0.0,0.0,0.0,0.0,-21.659786451308683,-72.62247949389767,0.0,0.0,0.0,0.11665565544650033,0.9931724211094202,2.0,0.0,0.0,0.0,0.0,0.0,0.0
178,0.0,-12.533533043036243,-81.85232167133988,0.0,0.0,0.0,0.6153524829547292,0.7882520673753097,2.0,0.0,0.0,0.0,0.0,0.0,0.0,0.0,2.0399818171595836,-74.5300420126833,0.0,0.0,0.0,0.9806116829236654,0.19596103519224595,2.0,0.0,0.0,0.0,0.0,0.0,0.0,0.0,-1.3650340430016659,-60.23535571847316,0.0,0.0,0.0,0.9085145228778313,-0.4178532777423992,2.0,0.0,0.0,0.0,0.0,0.0,0.0,0.0,-16.01229635841129,-59.05641724619828,0.0,0.0,0.0,-0.48939569436555963,0.8720618408899977,2.0,0.0,0.0,0.0,0.0,0.0,0.0,0.0,-21.659786451308683,-72.62247949389767,0.0,0.0,0.0,0.11665565544650033,0.9931724211094202,2.0,0.0,0.0,0.0,0.0,0.0,0.0
179,0.0,-12.436426431902007,-81.87620163659959,0.0,0.0,0.0,0.6185005600029152,0.7857843579991144,2.0,0.0,0.0,0.0,0.0,0.0,0.0,0.0,2.0399818171595836,-74.5300420126833,0.0,0.0,0.0,0.9806116829236654,0.19596103519224595,2.0,0.0,0.0,0.0,0.0,0.0,0.0,0.0,-1.3650340430016659,-60.23535571847316,0.0,0.0,0.0,0.9085145228778313,-0.4178532777423992,2.0,0.0,0.0,0.0,0.0,0.0,0.0,0.0,-16.01229635841129,-59.05641724619828,0.0,0.0,0.0,-0.48939569436555963,0.8720618408899977,2.0,0.0,0.0,0.0,0.0,0.0,0.0,0.0,-21.659786451308683,-72.62247949389767,0.0,0.0,0.0,0.11665565544650033,0.9931724211094202,2.0,0.0,0.0,0.0,0.0,0.0,0.0
180,0.0,-12.339131890478427,-81.89930399310181,0.0,0.0,0.0,0.6216387410553359,0.7833040760899544,2.0,0.0,0.0,0.0,0.0,0.0,0.0,0.0,2.0399818171595836,-74.5300420126833,0.0,0.0,0.0,0.9806116829236654,0.19596103519224595,2.0,0.0,0.0,0.0,0.0,0.0,0.0,0.0,-1.3650340430016659,-60.23535571847316,0.0,0.0,0.0,0.9085145228778313,-0.4178532777423992,2.0,0.0,0.0,0.0,0.0,0.0,0.0,0.0,-16.01229635841129,-59.05641724619828,0.0,0.0,0.0,-0.48939569436555963,0.8720618408899977,2.0,0.0,0.0,0.0,0.0,0.0,0.0,0.0,-21.659786451308683,-72.62247949389767,0.0,0.0,0.0,0.11665565544650033,0.9931724211094202,2.0,0.0,0.0,0.0,0.0,0.0,0.0
181,0.0,-12.241655645582943,-81.92162726230362,0.0,0.0,0.0,0.6247669759011613,0.7808112613322875,2.0,0.0,0.0,0.0,0.0,0.0,0.0,0.0,2.0399818171595836,-74.5300420126833,0.0,0.0,0.0,0.9806116829236654,0.19596103519224595,2.0,0.0,0.0,0.0,0.0,0.0,0.0,0.0,-1.3650340430016659,-60.23535571847316,0.0,0.0,0.0,0.9085145228778313,-0.4178532777423992,2.0,0.0,0.0,0.0,0.0,0.0,0.0,0.0,-16.01229635841129,-59.05641724619828,0.0,0.0,0.0,-0.48939569436555963,0.8720618408899977,2.0,0.0,0.0,0.0,0.0,0.0,0.0,0.0,-21.659786451308683,-72.62247949389767,0.0,0.0,0.0,0.11665565544650033,0.9931724211094202,2.0,0.0,0.0,0.0,0.0,0.0,0.0
182,0.0,-12.14400393566196,-81.9431700155234,0.0,0.0,0.0,0.6278852144887006,0.7783059536110966,2.0,0.0,0.0,0.0,0.0,0.0,0.0,0.0,2.0399818171595836,-74.5300420126833,0.0,0.0,0.0,0.9806116829236654,0.19596103519224595,2.0,0.0,0.0,0.0,0.0,0.0,0.0,0.0,-1.3650340430016659,-60.23535571847316,0.0,0.0,0.0,0.9085145228778313,-0.4178532777423992,2.0,0.0,0.0,0.0,0.0,0.0,0.0,0.0,-16.01229635841129,-59.05641724619828,0.0,0.0,0.0,-0.48939569436555963,0.8720618408899977,2.0,0.0,0.0,0.0,0.0,0.0,0.0,0.0,-21.659786451308683,-72.62247949389767,0.0,0.0,0.0,0.11665565544650033,0.9931724211094202,2.0,0.0,0.0,0.0,0.0,0.0,0.0
183,0.0,-12.04618301039158,-81.96393087403231,0.0,0.0,0.0,0.630993406926203,0.7757881930112518,2.0,0.0,0.0,0.0,0.0,0.0,0.0,0.0,2.0399818171595836,-74.5300420126833,0.0,0.0,0.0,0.9806116829236654,0.19596103519224595,2.0,0.0,0.0,0.0,0.0,0.0,0.0,0.0,-1.3650340430016659,-60.23535571847316,0.0,0.0,0.0,0.9085145228778313,-0.4178532777423992,2.0,0.0,0.0,0.0,0.0,0.0,0.0,0.0,-16.01229635841129,-59.05641724619828,0.0,0.0,0.0,-0.48939569436555963,0.8720618408899977,2.0,0.0,0.0,0.0,0.0,0.0,0.0,0.0,-21.659786451308683,-72.62247949389767,0.0,0.0,0.0,0.11665565544650033,0.9931724211094202,2.0,0.0,0.0,0.0,0.0,0.0,0.0
184,0.0,-11.94819913027763,-81.9839085091425,0.0,0.0,0.0,0.6340915034826557,0.7732580198168689,2.0,0.0,0.0,0.0,0.0,0.0,0.0,0.0,2.0399818171595836,-74.5300420126833,0.0,0.0,0.0,0.9806116829236654,0.19596103519224595,2.0,0.0,0.0,0.0,0.0,0.0,0.0,0.0,-1.3650340430016659,-60.23535571847316,0.0,0.0,0.0,0.9085145228778313,-0.4178532777423992,2.0,0.0,0.0,0.0,0.0,0.0,0.0,0.0,-16.01229635841129,-59.05641724619828,0.0,0.0,0.0,-0.48939569436555963,0.8720618408899977,2.0,0.0,0.0,0.0,0.0,0.0,0.0,0.0,-21.659786451308683,-72.62247949389767,0.0,0.0,0.0,0.11665565544650033,0.9931724211094202,2.0,0.0,0.0,0.0,0.0,0.0,0.0
185,0.0,-11.85005856625499,-82.00310164229211,0.0,0.0,0.0,0.63717945458858,0.7707154745106651,2.0,0.0,0.0,0.0,0.0,0.0,0.0,0.0,2.0399818171595836,-74.5300420126833,0.0,0.0,0.0,0.9806116829236654,0.19596103519224595,2.0,0.0,0.0,0.0,0.0,0.0,0.0,0.0,-1.3650340430016659,-60.23535571847316,0.0,0.0,0.0,0.9085145228778313,-0.4178532777423992,2.0,0.0,0.0,0.0,0.0,0.0,0.0,0.0,-16.01229635841129,-59.05641724619828,0.0,0.0,0.0,-0.48939569436555963,0.8720618408899977,2.0,0.0,0.0,0.0,0.0,0.0,0.0,0.0,-21.659786451308683,-72.62247949389767,0.0,0.0,0.0,0.11665565544650033,0.9931724211094202,2.0,0.0,0.0,0.0,0.0,0.0,0.0
186,0.0,-11.751767599286264,-82.02150904512719,0.0,0.0,0.0,0.6402572108368241,0.768160597773311,2.0,0.0,0.0,0.0,0.0,0.0,0.0,0.0,2.0399818171595836,-74.5300420126833,0.0,0.0,0.0,0.9806116829236654,0.19596103519224595,2.0,0.0,0.0,0.0,0.0,0.0,0.0,0.0,-1.3650340430016659,-60.23535571847316,0.0,0.0,0.0,0.9085145228778313,-0.4178532777423992,2.0,0.0,0.0,0.0,0.0,0.0,0.0,0.0,-16.01229635841129,-59.05641724619828,0.0,0.0,0.0,-0.48939569436555963,0.8720618408899977,2.0,0.0,0.0,0.0,0.0,0.0,0.0,0.0,-21.659786451308683,-72.62247949389767,0.0,0.0,0.0,0.11665565544650033,0.9931724211094202,2.0,0.0,0.0,0.0,0.0,0.0,0.0
187,0.0,-11.653332519959784,-82.03912953958024,0.0,0.0,0.0,0.6433247229833535,0.7655934304827801,2.0,0.0,0.0,0.0,0.0,0.0,0.0,0.0,2.0399818171595836,-74.5300420126833,0.0,0.0,0.0,0.9806116829236654,0.19596103519224595,2.0,0.0,0.0,0.0,0.0,0.0,0.0,0.0,-1.3650340430016659,-60.23535571847316,0.0,0.0,0.0,0.9085145228778313,-0.4178532777423992,2.0,0.0,0.0,0.0,0.0,0.0,0.0,0.0,-16.01229635841129,-59.05641724619828,0.0,0.0,0.0,-0.48939569436555963,0.8720618408899977,2.0,0.0,0.0,0.0,0.0,0.0,0.0,0.0,-21.659786451308683,-72.62247949389767,0.0,0.0,0.0,0.11665565544650033,0.9931724211094202,2.0,0.0,0.0,0.0,0.0,0.0,0.0
188,0.0,-11.55475962808703,-82.05596199794564,0.0,0.0,0.0,0.6463819419480396,0.763014013713694,2.0,0.0,0.0,0.0,0.0,0.0,0.0,0.0,2.0399818171595836,-74.5300420126833,0.0,0.0,0.0,0.9806116829236654,0.19596103519224595,2.0,0.0,0.0,0.0,0.0,0.0,0.0,0.0,-1.3650340430016659,-60.23535571847316,0.0,0.0,0.0,0.9085145228778313,-0.4178532777423992,2.0,0.0,0.0,0.0,0.0,0.0,0.0,0.0,-16.01229635841129,-59.05641724619828,0.0,0.0,0.0,-0.48939569436555963,0.8720618408899977,2.0,0.0,0.0,0.0,0.0,0.0,0.0,0.0,-21.659786451308683,-72.62247949389767,0.0,0.0,0.0,0.11665565544650033,0.9931724211094202,2.0,0.0,0.0,0.0,0.0,0.0,0.0
189,0.0,-11.456055232299434,-82.07200534295178,0.0,0.0,0.0,0.6494288188154438,0.7604223887366661,2.0,0.0,0.0,0.0,0.0,0.0,0.0,0.0,2.0399818171595836,-74.5300420126833,0.0,0.0,0.0,0.9806116829236654,0.19596103519224595,2.0,0.0,0.0,0.0,0.0,0.0,0.0,0.0,-1.3650340430016659,-60.23535571847316,0.0,0.0,0.0,0.9085145228778313,-0.4178532777423992,2.0,0.0,0.0,0.0,0.0,0.0,0.0,0.0,-16.01229635841129,-59.05641724619828,0.0,0.0,0.0,-0.48939569436555963,0.8720618408899977,2.0,0.0,0.0,0.0,0.0,0.0,0.0,0.0,-21.659786451308683,-72.62247949389767,0.0,0.0,0.0,0.11665565544650033,0.9931724211094202,2.0,0.0,0.0,0.0,0.0,0.0,0.0
190,0.0,-11.357225649644636,-82.08725854783007,0.0,0.0,0.0,0.6524653048356016,0.7578185970176409,2.0,0.0,0.0,0.0,0.0,0.0,0.0,0.0,2.0399818171595836,-74.5300420126833,0.0,0.0,0.0,0.9806116829236654,0.19596103519224595,2.0,0.0,0.0,0.0,0.0,0.0,0.0,0.0,-1.3650340430016659,-60.23535571847316,0.0,0.0,0.0,0.9085145228778313,-0.4178532777423992,2.0,0.0,0.0,0.0,0.0,0.0,0.0,0.0,-16.01229635841129,-59.05641724619828,0.0,0.0,0.0,-0.48939569436555963,0.8720618408899977,2.0,0.0,0.0,0.0,0.0,0.0,0.0,0.0,-21.659786451308683,-72.62247949389767,0.0,0.0,0.0,0.11665565544650033,0.9931724211094202,2.0,0.0,0.0,0.0,0.0,0.0,0.0
191,0.0,-11.258277205182194,-82.1017206363806,0.0,0.0,0.0,0.6554913514248012,0.75520268021723,2.0,0.0,0.0,0.0,0.0,0.0,0.0,0.0,2.0399818171595836,-74.5300420126833,0.0,0.0,0.0,0.9806116829236654,0.19596103519224595,2.0,0.0,0.0,0.0,0.0,0.0,0.0,0.0,-1.3650340430016659,-60.23535571847316,0.0,0.0,0.0,0.9085145228778313,-0.4178532777423992,2.0,0.0,0.0,0.0,0.0,0.0,0.0,0.0,-16.01229635841129,-59.05641724619828,0.0,0.0,0.0,-0.48939569436555963,0.8720618408899977,2.0,0.0,0.0,0.0,0.0,0.0,0.0,0.0,-21.659786451308683,-72.62247949389767,0.0,0.0,0.0,0.11665565544650033,0.9931724211094202,2.0,0.0,0.0,0.0,0.0,0.0,0.0
192,0.0,-11.159216231578776,-82.11539068303463,0.0,0.0,0.0,0.6585069101663618,0.7525746801900467,2.0,0.0,0.0,0.0,0.0,0.0,0.0,0.0,2.0399818171595836,-74.5300420126833,0.0,0.0,0.0,0.9806116829236654,0.19596103519224595,2.0,0.0,0.0,0.0,0.0,0.0,0.0,0.0,-1.3650340430016659,-60.23535571847316,0.0,0.0,0.0,0.9085145228778313,-0.4178532777423992,2.0,0.0,0.0,0.0,0.0,0.0,0.0,0.0,-16.01229635841129,-59.05641724619828,0.0,0.0,0.0,-0.48939569436555963,0.8720618408899977,2.0,0.0,0.0,0.0,0.0,0.0,0.0,0.0,-21.659786451308683,-72.62247949389767,0.0,0.0,0.0,0.11665565544650033,0.9931724211094202,2.0,0.0,0.0,0.0,0.0,0.0,0.0
193,0.0,-11.060049068702883,-82.12826781291386,0.0,0.0,0.0,0.6615119328114079,0.7499346389840353,2.0,0.0,0.0,0.0,0.0,0.0,0.0,0.0,2.0399818171595836,-74.5300420126833,0.0,0.0,0.0,0.9806116829236654,0.19596103519224595,2.0,0.0,0.0,0.0,0.0,0.0,0.0,0.0,-1.3650340430016659,-60.23535571847316,0.0,0.0,0.0,0.9085145228778313,-0.4178532777423992,2.0,0.0,0.0,0.0,0.0,0.0,0.0,0.0,-16.01229635841129,-59.05641724619828,0.0,0.0,0.0,-0.48939569436555963,0.8720618408899977,2.0,0.0,0.0,0.0,0.0,0.0,0.0,0.0,-21.659786451308683,-72.62247949389767,0.0,0.0,0.0,0.11665565544650033,0.9931724211094202,2.0,0.0,0.0,0.0,0.0,0.0,0.0
194,0.0,-10.960782063219089,-82.14035120188636,0.0,0.0,0.0,0.6645063712796413,0.7472825988397988,2.0,0.0,0.0,0.0,0.0,0.0,0.0,0.0,2.0399818171595836,-74.5300420126833,0.0,0.0,0.0,0.9806116829236654,0.19596103519224595,2.0,0.0,0.0,0.0,0.0,0.0,0.0,0.0,-1.3650340430016659,-60.23535571847316,0.0,0.0,0.0,0.9085145228778313,-0.4178532777423992,2.0,0.0,0.0,0.0,0.0,0.0,0.0,0.0,-16.01229635841129,-59.05641724619828,0.0,0.0,0.0,-0.48939569436555963,0.8720618408899977,2.0,0.0,0.0,0.0,0.0,0.0,0.0,0.0,-21.659786451308683,-72.62247949389767,0.0,0.0,0.0,0.11665565544650033,0.9931724211094202,2.0,0.0,0.0,0.0,0.0,0.0,0.0
195,0.0,-10.86142156818186,-82.15164007661936,0.0,0.0,0.0,0.6674901776601102,0.7446186021899228,2.0,0.0,0.0,0.0,0.0,0.0,0.0,0.0,2.0399818171595836,-74.5300420126833,0.0,0.0,0.0,0.9806116829236654,0.19596103519224595,2.0,0.0,0.0,0.0,0.0,0.0,0.0,0.0,-1.3650340430016659,-60.23535571847316,0.0,0.0,0.0,0.9085145228778313,-0.4178532777423992,2.0,0.0,0.0,0.0,0.0,0.0,0.0,0.0,-16.01229635841129,-59.05641724619828,0.0,0.0,0.0,-0.48939569436555963,0.8720618408899977,2.0,0.0,0.0,0.0,0.0,0.0,0.0,0.0,-21.659786451308683,-72.62247949389767,0.0,0.0,0.0,0.11665565544650033,0.9931724211094202,2.0,0.0,0.0,0.0,0.0,0.0,0.0
196,0.0,-10.761973942628966,-82.16213371462874,0.0,0.0,0.0,0.6704633042119765,0.741942691658297,2.0,0.0,0.0,0.0,0.0,0.0,0.0,0.0,2.0399818171595836,-74.5300420126833,0.0,0.0,0.0,0.9806116829236654,0.19596103519224595,2.0,0.0,0.0,0.0,0.0,0.0,0.0,0.0,-1.3650340430016659,-60.23535571847316,0.0,0.0,0.0,0.9085145228778313,-0.4178532777423992,2.0,0.0,0.0,0.0,0.0,0.0,0.0,0.0,-16.01229635841129,-59.05641724619828,0.0,0.0,0.0,-0.48939569436555963,0.8720618408899977,2.0,0.0,0.0,0.0,0.0,0.0,0.0,0.0,-21.659786451308683,-72.62247949389767,0.0,0.0,0.0,0.11665565544650033,0.9931724211094202,2.0,0.0,0.0,0.0,0.0,0.0,0.0
197,0.0,-10.662445551174496,-82.17183144432522,0.0,0.0,0.0,0.6734257033652785,0.7392549100594327,2.0,0.0,0.0,0.0,0.0,0.0,0.0,0.0,2.0399818171595836,-74.5300420126833,0.0,0.0,0.0,0.9806116829236654,0.19596103519224595,2.0,0.0,0.0,0.0,0.0,0.0,0.0,0.0,-1.3650340430016659,-60.23535571847316,0.0,0.0,0.0,0.9085145228778313,-0.4178532777423992,2.0,0.0,0.0,0.0,0.0,0.0,0.0,0.0,-16.01229635841129,-59.05641724619828,0.0,0.0,0.0,-0.48939569436555963,0.8720618408899977,2.0,0.0,0.0,0.0,0.0,0.0,0.0,0.0,-21.659786451308683,-72.62247949389767,0.0,0.0,0.0,0.11665565544650033,0.9931724211094202,2.0,0.0,0.0,0.0,0.0,0.0,0.0
198,0.0,-10.56284276360153,-82.18073264505745,0.0,0.0,0.0,0.6763773277216931,0.7365553003977782,2.0,0.0,0.0,0.0,0.0,0.0,0.0,0.0,2.0399818171595836,-74.5300420126833,0.0,0.0,0.0,0.9806116829236654,0.19596103519224595,2.0,0.0,0.0,0.0,0.0,0.0,0.0,0.0,-1.3650340430016659,-60.23535571847316,0.0,0.0,0.0,0.9085145228778313,-0.4178532777423992,2.0,0.0,0.0,0.0,0.0,0.0,0.0,0.0,-16.01229635841129,-59.05641724619828,0.0,0.0,0.0,-0.48939569436555963,0.8720618408899977,2.0,0.0,0.0,0.0,0.0,0.0,0.0,0.0,-21.659786451308683,-72.62247949389767,0.0,0.0,0.0,0.11665565544650033,0.9931724211094202,2.0,0.0,0.0,0.0,0.0,0.0,0.0
199,0.0,-10.463171954454479,-82.1888367471516,0.0,0.0,0.0,0.6793181300552936,0.7338439058670305,2.0,0.0,0.0,0.0,0.0,0.0,0.0,0.0,2.0399818171595836,-74.5300420126833,0.0,0.0,0.0,0.9806116829236654,0.19596103519224595,2.0,0.0,0.0,0.0,0.0,0.0,0.0,0.0,-1.3650340430016659,-60.23535571847316,0.0,0.0,0.0,0.9085145228778313,-0.4178532777423992,2.0,0.0,0.0,0.0,0.0,0.0,0.0,0.0,-16.01229635841129,-59.05641724619828,0.0,0.0,0.0,-0.48939569436555963,0.8720618408899977,2.0,0.0,0.0,0.0,0.0,0.0,0.0,0.0,-21.659786451308683,-72.62247949389767,0.0,0.0,0.0,0.11665565544650033,0.9931724211094202,2.0,0.0,0.0,0.0,0.0,0.0,0.0
200,0.0,-10.363439502631104,-82.1961432319479,0.0,0.0,0.0,0.6822480633133052,0.7311207698494444,2.0,0.0,0.0,0.0,0.0,0.0,0.0,0.0,2.0399818171595836,-74.5300420126833,0.0,0.0,0.0,0.9806116829236654,0.19596103519224595,2.0,0.0,0.0,0.0,0.0,0.0,0.0,0.0,-1.3650340430016659,-60.23535571847316,0.0,0.0,0.0,0.9085145228778313,-0.4178532777423992,2.0,0.0,0.0,0.0,0.0,0.0,0.0,0.0,-16.01229635841129,-59.05641724619828,0.0,0.0,0.0,-0.48939569436555963,0.8720618408899977,2.0,0.0,0.0,0.0,0.0,0.0,0.0,0.0,-21.659786451308683,-72.62247949389767,0.0,0.0,0.0,0.11665565544650033,0.9931724211094202,2.0,0.0,0.0,0.0,0.0,0.0,0.0
201,0.0,-10.26365179097428,-82.20265163183383,0.0,0.0,0.0,0.6851670806168586,0.7283859359151378,2.0,0.0,0.0,0.0,0.0,0.0,0.0,0.0,2.0399818171595836,-74.5300420126833,0.0,0.0,0.0,0.9806116829236654,0.19596103519224595,2.0,0.0,0.0,0.0,0.0,0.0,0.0,0.0,-1.3650340430016659,-60.23535571847316,0.0,0.0,0.0,0.9085145228778313,-0.4178532777423992,2.0,0.0,0.0,0.0,0.0,0.0,0.0,0.0,-16.01229635841129,-59.05641724619828,0.0,0.0,0.0,-0.48939569436555963,0.8720618408899977,2.0,0.0,0.0,0.0,0.0,0.0,0.0,0.0,-21.659786451308683,-72.62247949389767,0.0,0.0,0.0,0.11665565544650033,0.9931724211094202,2.0,0.0,0.0,0.0,0.0,0.0,0.0
202,0.0,-10.163815205863493,-82.208361530274,0.0,0.0,0.0,0.6880751352617388,0.7256394478213956,2.0,0.0,0.0,0.0,0.0,0.0,0.0,0.0,2.0399818171595836,-74.5300420126833,0.0,0.0,0.0,0.9806116829236654,0.19596103519224595,2.0,0.0,0.0,0.0,0.0,0.0,0.0,0.0,-1.3650340430016659,-60.23535571847316,0.0,0.0,0.0,0.9085145228778313,-0.4178532777423992,2.0,0.0,0.0,0.0,0.0,0.0,0.0,0.0,-16.01229635841129,-59.05641724619828,0.0,0.0,0.0,-0.48939569436555963,0.8720618408899977,2.0,0.0,0.0,0.0,0.0,0.0,0.0,0.0,-21.659786451308683,-72.62247949389767,0.0,0.0,0.0,0.11665565544650033,0.9931724211094202,2.0,0.0,0.0,0.0,0.0,0.0,0.0
203,0.0,-10.063936136806113,-82.21327256183687,0.0,0.0,0.0,0.6909721807191339,0.7228813495119684,2.0,0.0,0.0,0.0,0.0,0.0,0.0,0.0,2.0399818171595836,-74.5300420126833,0.0,0.0,0.0,0.9806116829236654,0.19596103519224595,2.0,0.0,0.0,0.0,0.0,0.0,0.0,0.0,-1.3650340430016659,-60.23535571847316,0.0,0.0,0.0,0.9085145228778313,-0.4178532777423992,2.0,0.0,0.0,0.0,0.0,0.0,0.0,0.0,-16.01229635841129,-59.05641724619828,0.0,0.0,0.0,-0.48939569436555963,0.8720618408899977,2.0,0.0,0.0,0.0,0.0,0.0,0.0,0.0,-21.659786451308683,-72.62247949389767,0.0,0.0,0.0,0.11665565544650033,0.9931724211094202,2.0,0.0,0.0,0.0,0.0,0.0,0.0
204,0.0,-9.964020976028468,-82.21738441221811,0.0,0.0,0.0,0.6938581706363781,0.7201116851163705,2.0,0.0,0.0,0.0,0.0,0.0,0.0,0.0,2.0399818171595836,-74.5300420126833,0.0,0.0,0.0,0.9806116829236654,0.19596103519224595,2.0,0.0,0.0,0.0,0.0,0.0,0.0,0.0,-1.3650340430016659,-60.23535571847316,0.0,0.0,0.0,0.9085145228778313,-0.4178532777423992,2.0,0.0,0.0,0.0,0.0,0.0,0.0,0.0,-16.01229635841129,-59.05641724619828,0.0,0.0,0.0,-0.48939569436555963,0.8720618408899977,2.0,0.0,0.0,0.0,0.0,0.0,0.0,0.0,-21.659786451308683,-72.62247949389767,0.0,0.0,0.0,0.11665565544650033,0.9931724211094202,2.0,0.0,0.0,0.0,0.0,0.0,0.0
205,0.0,-9.864076118066741,-82.22069681826068,0.0,0.0,0.0,0.6967330588376945,0.7173304989491731,2.0,0.0,0.0,0.0,0.0,0.0,0.0,0.0,2.0399818171595836,-74.5300420126833,0.0,0.0,0.0,0.9806116829236654,0.19596103519224595,2.0,0.0,0.0,0.0,0.0,0.0,0.0,0.0,-1.3650340430016659,-60.23535571847316,0.0,0.0,0.0,0.9085145228778313,-0.4178532777423992,2.0,0.0,0.0,0.0,0.0,0.0,0.0,0.0,-16.01229635841129,-59.05641724619828,0.0,0.0,0.0,-0.48939569436555963,0.8720618408899977,2.0,0.0,0.0,0.0,0.0,0.0,0.0,0.0,-21.659786451308683,-72.62247949389767,0.0,0.0,0.0,0.11665565544650033,0.9931724211094202,2.0,0.0,0.0,0.0,0.0,0.0,0.0
206,0.0,-9.76410795935773,-82.22320956797172,0.0,0.0,0.0,0.6995967993249331,0.7145378355092956,2.0,0.0,0.0,0.0,0.0,0.0,0.0,0.0,2.0399818171595836,-74.5300420126833,0.0,0.0,0.0,0.9806116829236654,0.19596103519224595,2.0,0.0,0.0,0.0,0.0,0.0,0.0,0.0,-1.3650340430016659,-60.23535571847316,0.0,0.0,0.0,0.9085145228778313,-0.4178532777423992,2.0,0.0,0.0,0.0,0.0,0.0,0.0,0.0,-16.01229635841129,-59.05641724619828,0.0,0.0,0.0,-0.48939569436555963,0.8720618408899977,2.0,0.0,0.0,0.0,0.0,0.0,0.0,0.0,-21.659786451308683,-72.62247949389767,0.0,0.0,0.0,0.11665565544650033,0.9931724211094202,2.0,0.0,0.0,0.0,0.0,0.0,0.0
207,0.0,-9.664122897829468,-82.22492250053611,0.0,0.0,0.0,0.7024493462783072,0.7117337394792934,2.0,0.0,0.0,0.0,0.0,0.0,0.0,0.0,2.0399818171595836,-74.5300420126833,0.0,0.0,0.0,0.9806116829236654,0.19596103519224595,2.0,0.0,0.0,0.0,0.0,0.0,0.0,0.0,-1.3650340430016659,-60.23535571847316,0.0,0.0,0.0,0.9085145228778313,-0.4178532777423992,2.0,0.0,0.0,0.0,0.0,0.0,0.0,0.0,-16.01229635841129,-59.05641724619828,0.0,0.0,0.0,-0.48939569436555963,0.8720618408899977,2.0,0.0,0.0,0.0,0.0,0.0,0.0,0.0,-21.659786451308683,-72.62247949389767,0.0,0.0,0.0,0.11665565544650033,0.9931724211094202,2.0,0.0,0.0,0.0,0.0,0.0,0.0
208,0.0,-9.564127332491765,-82.22583550632677,0.0,0.0,0.0,0.7052906540571265,0.7089182557246433,2.0,0.0,0.0,0.0,0.0,0.0,0.0,0.0,2.0399818171595836,-74.5300420126833,0.0,0.0,0.0,0.9806116829236654,0.19596103519224595,2.0,0.0,0.0,0.0,0.0,0.0,0.0,0.0,-1.3650340430016659,-60.23535571847316,0.0,0.0,0.0,0.9085145228778313,-0.4178532777423992,2.0,0.0,0.0,0.0,0.0,0.0,0.0,0.0,-16.01229635841129,-59.05641724619828,0.0,0.0,0.0,-0.48939569436555963,0.8720618408899977,2.0,0.0,0.0,0.0,0.0,0.0,0.0,0.0,-21.659786451308683,-72.62247949389767,0.0,0.0,0.0,0.11665565544650033,0.9931724211094202,2.0,0.0,0.0,0.0,0.0,0.0,0.0
209,0.0,-9.464127663026673,-82.22594852691162,0.0,0.0,0.0,0.7081206772005271,0.706091429293025,2.0,0.0,0.0,0.0,0.0,0.0,0.0,0.0,2.0399818171595836,-74.5300420126833,0.0,0.0,0.0,0.9806116829236654,0.19596103519224595,2.0,0.0,0.0,0.0,0.0,0.0,0.0,0.0,-1.3650340430016659,-60.23535571847316,0.0,0.0,0.0,0.9085145228778313,-0.4178532777423992,2.0,0.0,0.0,0.0,0.0,0.0,0.0,0.0,-16.01229635841129,-59.05641724619828,0.0,0.0,0.0,-0.48939569436555963,0.8720618408899977,2.0,0.0,0.0,0.0,0.0,0.0,0.0,0.0,-21.659786451308683,-72.62247949389767,0.0,0.0,0.0,0.11665565544650033,0.9931724211094202,2.0,0.0,0.0,0.0,0.0,0.0,0.0
210,0.0,-9.3641302893789,-82.22526155505739,0.0,0.0,0.0,0.710939370428199,0.7032533054136014,2.0,0.0,0.0,0.0,0.0,0.0,0.0,0.0,2.0399818171595836,-74.5300420126833,0.0,0.0,0.0,0.9806116829236654,0.19596103519224595,2.0,0.0,0.0,0.0,0.0,0.0,0.0,0.0,-1.3650340430016659,-60.23535571847316,0.0,0.0,0.0,0.9085145228778313,-0.4178532777423992,2.0,0.0,0.0,0.0,0.0,0.0,0.0,0.0,-16.01229635841129,-59.05641724619828,0.0,0.0,0.0,-0.48939569436555963,0.8720618408899977,2.0,0.0,0.0,0.0,0.0,0.0,0.0,0.0,-21.659786451308683,-72.62247949389767,0.0,0.0,0.0,0.11665565544650033,0.9931724211094202,2.0,0.0,0.0,0.0,0.0,0.0,0.0
211,0.0,-9.264141611346233,-82.22377463473003,0.0,0.0,0.0,0.7137466886411107,0.7004039294962938,2.0,0.0,0.0,0.0,0.0,0.0,0.0,0.0,2.0399818171595836,-74.5300420126833,0.0,0.0,0.0,0.9806116829236654,0.19596103519224595,2.0,0.0,0.0,0.0,0.0,0.0,0.0,0.0,-1.3650340430016659,-60.23535571847316,0.0,0.0,0.0,0.9085145228778313,-0.4178532777423992,2.0,0.0,0.0,0.0,0.0,0.0,0.0,0.0,-16.01229635841129,-59.05641724619828,0.0,0.0,0.0,-0.48939569436555963,0.8720618408899977,2.0,0.0,0.0,0.0,0.0,0.0,0.0,0.0,-21.659786451308683,-72.62247949389767,0.0,0.0,0.0,0.11665565544650033,0.9931724211094202,2.0,0.0,0.0,0.0,0.0,0.0,0.0
212,0.0,-9.164168028169932,-82.22148786109197,0.0,0.0,0.0,0.7165425869222307,0.6975433471310564,2.0,0.0,0.0,0.0,0.0,0.0,0.0,0.0,2.0399818171595836,-74.5300420126833,0.0,0.0,0.0,0.9806116829236654,0.19596103519224595,2.0,0.0,0.0,0.0,0.0,0.0,0.0,0.0,-1.3650340430016659,-60.23535571847316,0.0,0.0,0.0,0.9085145228778313,-0.4178532777423992,2.0,0.0,0.0,0.0,0.0,0.0,0.0,0.0,-16.01229635841129,-59.05641724619828,0.0,0.0,0.0,-0.48939569436555963,0.8720618408899977,2.0,0.0,0.0,0.0,0.0,0.0,0.0,0.0,-21.659786451308683,-72.62247949389767,0.0,0.0,0.0,0.11665565544650033,0.9931724211094202,2.0,0.0,0.0,0.0,0.0,0.0,0.0
213,0.0,-9.0642159381252,-82.2184013804959,0.0,0.0,0.0,0.7193270205372463,0.6946716040871457,2.0,0.0,0.0,0.0,0.0,0.0,0.0,0.0,2.0399818171595836,-74.5300420126833,0.0,0.0,0.0,0.9806116829236654,0.19596103519224595,2.0,0.0,0.0,0.0,0.0,0.0,0.0,0.0,-1.3650340430016659,-60.23535571847316,0.0,0.0,0.0,0.9085145228778313,-0.4178532777423992,2.0,0.0,0.0,0.0,0.0,0.0,0.0,0.0,-16.01229635841129,-59.05641724619828,0.0,0.0,0.0,-0.48939569436555963,0.8720618408899977,2.0,0.0,0.0,0.0,0.0,0.0,0.0,0.0,-21.659786451308683,-72.62247949389767,0.0,0.0,0.0,0.11665565544650033,0.9931724211094202,2.0,0.0,0.0,0.0,0.0,0.0,0.0
214,0.0,-8.964291738111678,-82.21451539047554,0.0,0.0,0.0,0.722099944935279,0.6917887463123892,2.0,0.0,0.0,0.0,0.0,0.0,0.0,0.0,2.0399818171595836,-74.5300420126833,0.0,0.0,0.0,0.9806116829236654,0.19596103519224595,2.0,0.0,0.0,0.0,0.0,0.0,0.0,0.0,-1.3650340430016659,-60.23535571847316,0.0,0.0,0.0,0.9085145228778313,-0.4178532777423992,2.0,0.0,0.0,0.0,0.0,0.0,0.0,0.0,-16.01229635841129,-59.05641724619828,0.0,0.0,0.0,-0.48939569436555963,0.8720618408899977,2.0,0.0,0.0,0.0,0.0,0.0,0.0,0.0,-21.659786451308683,-72.62247949389767,0.0,0.0,0.0,0.11665565544650033,0.9931724211094202,2.0,0.0,0.0,0.0,0.0,0.0,0.0
215,0.0,-8.864401823244062,-82.20983013973294,0.0,0.0,0.0,0.7248613157495973,0.6888948199324499,2.0,0.0,0.0,0.0,0.0,0.0,0.0,0.0,2.0399818171595836,-74.5300420126833,0.0,0.0,0.0,0.9806116829236654,0.19596103519224595,2.0,0.0,0.0,0.0,0.0,0.0,0.0,0.0,-1.3650340430016659,-60.23535571847316,0.0,0.0,0.0,0.9085145228778313,-0.4178532777423992,2.0,0.0,0.0,0.0,0.0,0.0,0.0,0.0,-16.01229635841129,-59.05641724619828,0.0,0.0,0.0,-0.48939569436555963,0.8720618408899977,2.0,0.0,0.0,0.0,0.0,0.0,0.0,0.0,-21.659786451308683,-72.62247949389767,0.0,0.0,0.0,0.11665565544650033,0.9931724211094202,2.0,0.0,0.0,0.0,0.0,0.0,0.0
216,0.0,-8.76455258644281,-82.20434592812252,0.0,0.0,0.0,0.7276110887983275,0.6859898712500881,2.0,0.0,0.0,0.0,0.0,0.0,0.0,0.0,2.0399818171595836,-74.5300420126833,0.0,0.0,0.0,0.9806116829236654,0.19596103519224595,2.0,0.0,0.0,0.0,0.0,0.0,0.0,0.0,-1.3650340430016659,-60.23535571847316,0.0,0.0,0.0,0.9085145228778313,-0.4178532777423992,2.0,0.0,0.0,0.0,0.0,0.0,0.0,0.0,-16.01229635841129,-59.05641724619828,0.0,0.0,0.0,-0.48939569436555963,0.8720618408899977,2.0,0.0,0.0,0.0,0.0,0.0,0.0,0.0,-21.659786451308683,-72.62247949389767,0.0,0.0,0.0,0.11665565544650033,0.9931724211094202,2.0,0.0,0.0,0.0,0.0,0.0,0.0
217,0.0,-8.664750418024992,-82.19806310663198,0.0,0.0,0.0,0.7303492200851591,0.6830739467444208,2.0,0.0,0.0,0.0,0.0,0.0,0.0,0.0,2.0399818171595836,-74.5300420126833,0.0,0.0,0.0,0.9806116829236654,0.19596103519224595,2.0,0.0,0.0,0.0,0.0,0.0,0.0,0.0,-1.3650340430016659,-60.23535571847316,0.0,0.0,0.0,0.9085145228778313,-0.4178532777423992,2.0,0.0,0.0,0.0,0.0,0.0,0.0,0.0,-16.01229635841129,-59.05641724619828,0.0,0.0,0.0,-0.48939569436555963,0.8720618408899977,2.0,0.0,0.0,0.0,0.0,0.0,0.0,0.0,-21.659786451308683,-72.62247949389767,0.0,0.0,0.0,0.11665565544650033,0.9931724211094202,2.0,0.0,0.0,0.0,0.0,0.0,0.0
218,0.0,-8.565001705295323,-82.19098207735973,0.0,0.0,0.0,0.7330756658000502,0.6801470930701777,2.0,0.0,0.0,0.0,0.0,0.0,0.0,0.0,2.0399818171595836,-74.5300420126833,0.0,0.0,0.0,0.9806116829236654,0.19596103519224595,2.0,0.0,0.0,0.0,0.0,0.0,0.0,0.0,-1.3650340430016659,-60.23535571847316,0.0,0.0,0.0,0.9085145228778313,-0.4178532777423992,2.0,0.0,0.0,0.0,0.0,0.0,0.0,0.0,-16.01229635841129,-59.05641724619828,0.0,0.0,0.0,-0.48939569436555963,0.8720618408899977,2.0,0.0,0.0,0.0,0.0,0.0,0.0,0.0,-21.659786451308683,-72.62247949389767,0.0,0.0,0.0,0.11665565544650033,0.9931724211094202,2.0,0.0,0.0,0.0,0.0,0.0,0.0
219,0.0,-8.465312832137371,-82.18310329348924,0.0,0.0,0.0,0.7357903823199275,0.6772093570569554,2.0,0.0,0.0,0.0,0.0,0.0,0.0,0.0,2.0399818171595836,-74.5300420126833,0.0,0.0,0.0,0.9806116829236654,0.19596103519224595,2.0,0.0,0.0,0.0,0.0,0.0,0.0,0.0,-1.3650340430016659,-60.23535571847316,0.0,0.0,0.0,0.9085145228778313,-0.4178532777423992,2.0,0.0,0.0,0.0,0.0,0.0,0.0,0.0,-16.01229635841129,-59.05641724619828,0.0,0.0,0.0,-0.48939569436555963,0.8720618408899977,2.0,0.0,0.0,0.0,0.0,0.0,0.0,0.0,-21.659786451308683,-72.62247949389767,0.0,0.0,0.0,0.11665565544650033,0.9931724211094202,2.0,0.0,0.0,0.0,0.0,0.0,0.0
220,0.0,-8.365690178604988,-82.17442725925997,0.0,0.0,0.0,0.7384933262093846,0.6742607857084673,2.0,0.0,0.0,0.0,0.0,0.0,0.0,0.0,2.0399818171595836,-74.5300420126833,0.0,0.0,0.0,0.9806116829236654,0.19596103519224595,2.0,0.0,0.0,0.0,0.0,0.0,0.0,0.0,-1.3650340430016659,-60.23535571847316,0.0,0.0,0.0,0.9085145228778313,-0.4178532777423992,2.0,0.0,0.0,0.0,0.0,0.0,0.0,0.0,-16.01229635841129,-59.05641724619828,0.0,0.0,0.0,-0.48939569436555963,0.8720618408899977,2.0,0.0,0.0,0.0,0.0,0.0,0.0,0.0,-21.659786451308683,-72.62247949389767,0.0,0.0,0.0,0.11665565544650033,0.9931724211094202,2.0,0.0,0.0,0.0,0.0,0.0,0.0
221,0.0,-8.266140120513997,-82.16495452993517,0.0,0.0,0.0,0.7411844542213767,0.671301426201792,2.0,0.0,0.0,0.0,0.0,0.0,0.0,0.0,2.0399818171595836,-74.5300420126833,0.0,0.0,0.0,0.9806116829236654,0.19596103519224595,2.0,0.0,0.0,0.0,0.0,0.0,0.0,0.0,-1.3650340430016659,-60.23535571847316,0.0,0.0,0.0,0.9085145228778313,-0.4178532777423992,2.0,0.0,0.0,0.0,0.0,0.0,0.0,0.0,-16.01229635841129,-59.05641724619828,0.0,0.0,0.0,-0.48939569436555963,0.8720618408899977,2.0,0.0,0.0,0.0,0.0,0.0,0.0,0.0,-21.659786451308683,-72.62247949389767,0.0,0.0,0.0,0.11665565544650033,0.9931724211094202,2.0,0.0,0.0,0.0,0.0,0.0,0.0
222,0.0,-8.166669029034137,-82.15468571176628,0.0,0.0,0.0,0.7438637232979133,0.6683313258866186,2.0,0.0,0.0,0.0,0.0,0.0,0.0,0.0,2.0399818171595836,-74.5300420126833,0.0,0.0,0.0,0.9806116829236654,0.19596103519224595,2.0,0.0,0.0,0.0,0.0,0.0,0.0,0.0,-1.3650340430016659,-60.23535571847316,0.0,0.0,0.0,0.9085145228778313,-0.4178532777423992,2.0,0.0,0.0,0.0,0.0,0.0,0.0,0.0,-16.01229635841129,-59.05641724619828,0.0,0.0,0.0,-0.48939569436555963,0.8720618408899977,2.0,0.0,0.0,0.0,0.0,0.0,0.0,0.0,-21.659786451308683,-72.62247949389767,0.0,0.0,0.0,0.11665565544650033,0.9931724211094202,2.0,0.0,0.0,0.0,0.0,0.0,0.0
223,0.0,-8.067283270281312,-82.14362146195414,0.0,0.0,0.0,0.7465310905707461,0.6653505322844887,2.0,0.0,0.0,0.0,0.0,0.0,0.0,0.0,2.0399818171595836,-74.5300420126833,0.0,0.0,0.0,0.9806116829236654,0.19596103519224595,2.0,0.0,0.0,0.0,0.0,0.0,0.0,0.0,-1.3650340430016659,-60.23535571847316,0.0,0.0,0.0,0.9085145228778313,-0.4178532777423992,2.0,0.0,0.0,0.0,0.0,0.0,0.0,0.0,-16.01229635841129,-59.05641724619828,0.0,0.0,0.0,-0.48939569436555963,0.8720618408899977,2.0,0.0,0.0,0.0,0.0,0.0,0.0,0.0,-21.659786451308683,-72.62247949389767,0.0,0.0,0.0,0.11665565544650033,0.9931724211094202,2.0,0.0,0.0,0.0,0.0,0.0,0.0
224,0.0,-7.967989204910153,-82.13176248860698,0.0,0.0,0.0,0.7491865133620558,0.6623590930880364,2.0,0.0,0.0,0.0,0.0,0.0,0.0,0.0,2.0399818171595836,-74.5300420126833,0.0,0.0,0.0,0.9806116829236654,0.19596103519224595,2.0,0.0,0.0,0.0,0.0,0.0,0.0,0.0,-1.3650340430016659,-60.23535571847316,0.0,0.0,0.0,0.9085145228778313,-0.4178532777423992,2.0,0.0,0.0,0.0,0.0,0.0,0.0,0.0,-16.01229635841129,-59.05641724619828,0.0,0.0,0.0,-0.48939569436555963,0.8720618408899977,2.0,0.0,0.0,0.0,0.0,0.0,0.0,0.0,-21.659786451308683,-72.62247949389767,0.0,0.0,0.0,0.11665565544650033,0.9931724211094202,2.0,0.0,0.0,0.0,0.0,0.0,0.0
225,0.0,-7.868793187706955,-82.11910955069504,0.0,0.0,0.0,0.7518299491851343,0.6593570561602251,2.0,0.0,0.0,0.0,0.0,0.0,0.0,0.0,2.0399818171595836,-74.5300420126833,0.0,0.0,0.0,0.9806116829236654,0.19596103519224595,2.0,0.0,0.0,0.0,0.0,0.0,0.0,0.0,-1.3650340430016659,-60.23535571847316,0.0,0.0,0.0,0.9085145228778313,-0.4178532777423992,2.0,0.0,0.0,0.0,0.0,0.0,0.0,0.0,-16.01229635841129,-59.05641724619828,0.0,0.0,0.0,-0.48939569436555963,0.8720618408899977,2.0,0.0,0.0,0.0,0.0,0.0,0.0,0.0,-21.659786451308683,-72.62247949389767,0.0,0.0,0.0,0.11665565544650033,0.9931724211094202,2.0,0.0,0.0,0.0,0.0,0.0,0.0
226,0.0,-7.769701567182961,-82.10566345800203,0.0,0.0,0.0,0.754461355745065,0.6563444695335815,2.0,0.0,0.0,0.0,0.0,0.0,0.0,0.0,2.0399818171595836,-74.5300420126833,0.0,0.0,0.0,0.9806116829236654,0.19596103519224595,2.0,0.0,0.0,0.0,0.0,0.0,0.0,0.0,-1.3650340430016659,-60.23535571847316,0.0,0.0,0.0,0.9085145228778313,-0.4178532777423992,2.0,0.0,0.0,0.0,0.0,0.0,0.0,0.0,-16.01229635841129,-59.05641724619828,0.0,0.0,0.0,-0.48939569436555963,0.8720618408899977,2.0,0.0,0.0,0.0,0.0,0.0,0.0,0.0,-21.659786451308683,-72.62247949389767,0.0,0.0,0.0,0.11665565544650033,0.9931724211094202,2.0,0.0,0.0,0.0,0.0,0.0,0.0
227,0.0,-7.6707206851680585,-82.09142507107329,0.0,0.0,0.0,0.7570806909393989,0.6533213814094273,2.0,0.0,0.0,0.0,0.0,0.0,0.0,0.0,2.0399818171595836,-74.5300420126833,0.0,0.0,0.0,0.9806116829236654,0.19596103519224595,2.0,0.0,0.0,0.0,0.0,0.0,0.0,0.0,-1.3650340430016659,-60.23535571847316,0.0,0.0,0.0,0.9085145228778313,-0.4178532777423992,2.0,0.0,0.0,0.0,0.0,0.0,0.0,0.0,-16.01229635841129,-59.05641724619828,0.0,0.0,0.0,-0.48939569436555963,0.8720618408899977,2.0,0.0,0.0,0.0,0.0,0.0,0.0,0.0,-21.659786451308683,-72.62247949389767,0.0,0.0,0.0,0.11665565544650033,0.9931724211094202,2.0,0.0,0.0,0.0,0.0,0.0,0.0
228,0.0,-7.5718568764049135,-82.07639530116073,0.0,0.0,0.0,0.7596879128588288,0.650287840157108,2.0,0.0,0.0,0.0,0.0,0.0,0.0,0.0,2.0399818171595836,-74.5300420126833,0.0,0.0,0.0,0.9806116829236654,0.19596103519224595,2.0,0.0,0.0,0.0,0.0,0.0,0.0,0.0,-1.3650340430016659,-60.23535571847316,0.0,0.0,0.0,0.9085145228778313,-0.4178532777423992,2.0,0.0,0.0,0.0,0.0,0.0,0.0,0.0,-16.01229635841129,-59.05641724619828,0.0,0.0,0.0,-0.48939569436555963,0.8720618408899977,2.0,0.0,0.0,0.0,0.0,0.0,0.0,0.0,-21.659786451308683,-72.62247949389767,0.0,0.0,0.0,0.11665565544650033,0.9931724211094202,2.0,0.0,0.0,0.0,0.0,0.0,0.0
229,0.0,-7.473116468143539,-82.06057511016448,0.0,0.0,0.0,0.7622829797878596,0.6472438943132192,2.0,0.0,0.0,0.0,0.0,0.0,0.0,0.0,2.0399818171595836,-74.5300420126833,0.0,0.0,0.0,0.9806116829236654,0.19596103519224595,2.0,0.0,0.0,0.0,0.0,0.0,0.0,0.0,-1.3650340430016659,-60.23535571847316,0.0,0.0,0.0,0.9085145228778313,-0.4178532777423992,2.0,0.0,0.0,0.0,0.0,0.0,0.0,0.0,-16.01229635841129,-59.05641724619828,0.0,0.0,0.0,-0.48939569436555963,0.8720618408899977,2.0,0.0,0.0,0.0,0.0,0.0,0.0,0.0,-21.659786451308683,-72.62247949389767,0.0,0.0,0.0,0.11665565544650033,0.9931724211094202,2.0,0.0,0.0,0.0,0.0,0.0,0.0
230,0.0,-7.374505779736364,-82.04396551057137,0.0,0.0,0.0,0.7648658502054758,0.6441895925808291,2.0,0.0,0.0,0.0,0.0,0.0,0.0,0.0,2.0399818171595836,-74.5300420126833,0.0,0.0,0.0,0.9806116829236654,0.19596103519224595,2.0,0.0,0.0,0.0,0.0,0.0,0.0,0.0,-1.3650340430016659,-60.23535571847316,0.0,0.0,0.0,0.9085145228778313,-0.4178532777423992,2.0,0.0,0.0,0.0,0.0,0.0,0.0,0.0,-16.01229635841129,-59.05641724619828,0.0,0.0,0.0,-0.48939569436555963,0.8720618408899977,2.0,0.0,0.0,0.0,0.0,0.0,0.0,0.0,-21.659786451308683,-72.62247949389767,0.0,0.0,0.0,0.11665565544650033,0.9931724211094202,2.0,0.0,0.0,0.0,0.0,0.0,0.0
231,0.0,-7.276031122233784,-82.02656756539011,0.0,0.0,0.0,0.7674364827858059,0.6411249838287004,2.0,0.0,0.0,0.0,0.0,0.0,0.0,0.0,2.0399818171595836,-74.5300420126833,0.0,0.0,0.0,0.9806116829236654,0.19596103519224595,2.0,0.0,0.0,0.0,0.0,0.0,0.0,0.0,-1.3650340430016659,-60.23535571847316,0.0,0.0,0.0,0.9085145228778313,-0.4178532777423992,2.0,0.0,0.0,0.0,0.0,0.0,0.0,0.0,-16.01229635841129,-59.05641724619828,0.0,0.0,0.0,-0.48939569436555963,0.8720618408899977,2.0,0.0,0.0,0.0,0.0,0.0,0.0,0.0,-21.659786451308683,-72.62247949389767,0.0,0.0,0.0,0.11665565544650033,0.9931724211094202,2.0,0.0,0.0,0.0,0.0,0.0,0.0
232,0.0,-7.177698797980268,-82.00838238808325,0.0,0.0,0.0,0.7699948363987834,0.6380501170905079,2.0,0.0,0.0,0.0,0.0,0.0,0.0,0.0,2.0399818171595836,-74.5300420126833,0.0,0.0,0.0,0.9806116829236654,0.19596103519224595,2.0,0.0,0.0,0.0,0.0,0.0,0.0,0.0,-1.3650340430016659,-60.23535571847316,0.0,0.0,0.0,0.9085145228778313,-0.4178532777423992,2.0,0.0,0.0,0.0,0.0,0.0,0.0,0.0,-16.01229635841129,-59.05641724619828,0.0,0.0,0.0,-0.48939569436555963,0.8720618408899977,2.0,0.0,0.0,0.0,0.0,0.0,0.0,0.0,-21.659786451308683,-72.62247949389767,0.0,0.0,0.0,0.11665565544650033,0.9931724211094202,2.0,0.0,0.0,0.0,0.0,0.0,0.0
233,0.0,-7.079515100211005,-81.98941114249594,0.0,0.0,0.0,0.7725408701108051,0.6349650415640535,2.0,0.0,0.0,0.0,0.0,0.0,0.0,0.0,2.0399818171595836,-74.5300420126833,0.0,0.0,0.0,0.9806116829236654,0.19596103519224595,2.0,0.0,0.0,0.0,0.0,0.0,0.0,0.0,-1.3650340430016659,-60.23535571847316,0.0,0.0,0.0,0.9085145228778313,-0.4178532777423992,2.0,0.0,0.0,0.0,0.0,0.0,0.0,0.0,-16.01229635841129,-59.05641724619828,0.0,0.0,0.0,-0.48939569436555963,0.8720618408899977,2.0,0.0,0.0,0.0,0.0,0.0,0.0,0.0,-21.659786451308683,-72.62247949389767,0.0,0.0,0.0,0.11665565544650033,0.9931724211094202,2.0,0.0,0.0,0.0,0.0,0.0,0.0
234,0.0,-6.981486312649137,-81.9696550427814,0.0,0.0,0.0,0.7750745431853858,0.6318698066104801,2.0,0.0,0.0,0.0,0.0,0.0,0.0,0.0,2.0399818171595836,-74.5300420126833,0.0,0.0,0.0,0.9806116829236654,0.19596103519224595,2.0,0.0,0.0,0.0,0.0,0.0,0.0,0.0,-1.3650340430016659,-60.23535571847316,0.0,0.0,0.0,0.9085145228778313,-0.4178532777423992,2.0,0.0,0.0,0.0,0.0,0.0,0.0,0.0,-16.01229635841129,-59.05641724619828,0.0,0.0,0.0,-0.48939569436555963,0.8720618408899977,2.0,0.0,0.0,0.0,0.0,0.0,0.0,0.0,-21.659786451308683,-72.62247949389767,0.0,0.0,0.0,0.11665565544650033,0.9931724211094202,2.0,0.0,0.0,0.0,0.0,0.0,0.0
235,0.0,-6.88361870910361,-81.94911535332328,0.0,0.0,0.0,0.7775958150838105,0.6287644617534808,2.0,0.0,0.0,0.0,0.0,0.0,0.0,0.0,2.0399818171595836,-74.5300420126833,0.0,0.0,0.0,0.9806116829236654,0.19596103519224595,2.0,0.0,0.0,0.0,0.0,0.0,0.0,0.0,-1.3650340430016659,-60.23535571847316,0.0,0.0,0.0,0.9085145228778313,-0.4178532777423992,2.0,0.0,0.0,0.0,0.0,0.0,0.0,0.0,-16.01229635841129,-59.05641724619828,0.0,0.0,0.0,-0.48939569436555963,0.8720618408899977,2.0,0.0,0.0,0.0,0.0,0.0,0.0,0.0,-21.659786451308683,-72.62247949389767,0.0,0.0,0.0,0.11665565544650033,0.9931724211094202,2.0,0.0,0.0,0.0,0.0,0.0,0.0
236,0.0,-6.785918553067643,-81.9277933886547,0.0,0.0,0.0,0.7801046454657825,0.6256490566785071,2.0,0.0,0.0,0.0,0.0,0.0,0.0,0.0,2.0399818171595836,-74.5300420126833,0.0,0.0,0.0,0.9806116829236654,0.19596103519224595,2.0,0.0,0.0,0.0,0.0,0.0,0.0,0.0,-1.3650340430016659,-60.23535571847316,0.0,0.0,0.0,0.9085145228778313,-0.4178532777423992,2.0,0.0,0.0,0.0,0.0,0.0,0.0,0.0,-16.01229635841129,-59.05641724619828,0.0,0.0,0.0,-0.48939569436555963,0.8720618408899977,2.0,0.0,0.0,0.0,0.0,0.0,0.0,0.0,-21.659786451308683,-72.62247949389767,0.0,0.0,0.0,0.11665565544650033,0.9931724211094202,2.0,0.0,0.0,0.0,0.0,0.0,0.0
237,0.0,-6.688392097317875,-81.90569051337411,0.0,0.0,0.0,0.7826009941900693,0.6225236412319737,2.0,0.0,0.0,0.0,0.0,0.0,0.0,0.0,2.0399818171595836,-74.5300420126833,0.0,0.0,0.0,0.9806116829236654,0.19596103519224595,2.0,0.0,0.0,0.0,0.0,0.0,0.0,0.0,-1.3650340430016659,-60.23535571847316,0.0,0.0,0.0,0.9085145228778313,-0.4178532777423992,2.0,0.0,0.0,0.0,0.0,0.0,0.0,0.0,-16.01229635841129,-59.05641724619828,0.0,0.0,0.0,-0.48939569436555963,0.8720618408899977,2.0,0.0,0.0,0.0,0.0,0.0,0.0,0.0,-21.659786451308683,-72.62247949389767,0.0,0.0,0.0,0.11665565544650033,0.9931724211094202,2.0,0.0,0.0,0.0,0.0,0.0,0.0
238,0.0,-6.591045583514186,-81.882808142058,0.0,0.0,0.0,0.7850848213151446,0.619388265420461,2.0,0.0,0.0,0.0,0.0,0.0,0.0,0.0,2.0399818171595836,-74.5300420126833,0.0,0.0,0.0,0.9806116829236654,0.19596103519224595,2.0,0.0,0.0,0.0,0.0,0.0,0.0,0.0,-1.3650340430016659,-60.23535571847316,0.0,0.0,0.0,0.9085145228778313,-0.4178532777423992,2.0,0.0,0.0,0.0,0.0,0.0,0.0,0.0,-16.01229635841129,-59.05641724619828,0.0,0.0,0.0,-0.48939569436555963,0.8720618408899977,2.0,0.0,0.0,0.0,0.0,0.0,0.0,0.0,-21.659786451308683,-72.62247949389767,0.0,0.0,0.0,0.11665565544650033,0.9931724211094202,2.0,0.0,0.0,0.0,0.0,0.0,0.0
239,0.0,-6.493885241800231,-81.85914773917031,0.0,0.0,0.0,0.7875560870998273,0.6162429794099153,2.0,0.0,0.0,0.0,0.0,0.0,0.0,0.0,2.0399818171595836,-74.5300420126833,0.0,0.0,0.0,0.9806116829236654,0.19596103519224595,2.0,0.0,0.0,0.0,0.0,0.0,0.0,0.0,-1.3650340430016659,-60.23535571847316,0.0,0.0,0.0,0.9085145228778313,-0.4178532777423992,2.0,0.0,0.0,0.0,0.0,0.0,0.0,0.0,-16.01229635841129,-59.05641724619828,0.0,0.0,0.0,-0.48939569436555963,0.8720618408899977,2.0,0.0,0.0,0.0,0.0,0.0,0.0,0.0,-21.659786451308683,-72.62247949389767,0.0,0.0,0.0,0.11665565544650033,0.9931724211094202,2.0,0.0,0.0,0.0,0.0,0.0,0.0
240,0.0,-6.396917290404716,-81.83471081896874,0.0,0.0,0.0,0.7900147520039176,0.6130878335248455,2.0,0.0,0.0,0.0,0.0,0.0,0.0,0.0,2.0399818171595836,-74.5300420126833,0.0,0.0,0.0,0.9806116829236654,0.19596103519224595,2.0,0.0,0.0,0.0,0.0,0.0,0.0,0.0,-1.3650340430016659,-60.23535571847316,0.0,0.0,0.0,0.9085145228778313,-0.4178532777423992,2.0,0.0,0.0,0.0,0.0,0.0,0.0,0.0,-16.01229635841129,-59.05641724619828,0.0,0.0,0.0,-0.48939569436555963,0.8720618408899977,2.0,0.0,0.0,0.0,0.0,0.0,0.0,0.0,-21.659786451308683,-72.62247949389767,0.0,0.0,0.0,0.11665565544650033,0.9931724211094202,2.0,0.0,0.0,0.0,0.0,0.0,0.0
241,0.0,-6.300147935243431,-81.80949894540787,0.0,0.0,0.0,0.7924607766888294,0.6099228782475186,2.0,0.0,0.0,0.0,0.0,0.0,0.0,0.0,2.0399818171595836,-74.5300420126833,0.0,0.0,0.0,0.9806116829236654,0.19596103519224595,2.0,0.0,0.0,0.0,0.0,0.0,0.0,0.0,-1.3650340430016659,-60.23535571847316,0.0,0.0,0.0,0.9085145228778313,-0.4178532777423992,2.0,0.0,0.0,0.0,0.0,0.0,0.0,0.0,-16.01229635841129,-59.05641724619828,0.0,0.0,0.0,-0.48939569436555963,0.8720618408899977,2.0,0.0,0.0,0.0,0.0,0.0,0.0,0.0,-21.659786451308683,-72.62247949389767,0.0,0.0,0.0,0.11665565544650033,0.9931724211094202,2.0,0.0,0.0,0.0,0.0,0.0,0.0
242,0.0,-6.203583369522077,-81.78351373203898,0.0,0.0,0.0,0.7948941220182201,0.6067481642171513,2.0,0.0,0.0,0.0,0.0,0.0,0.0,0.0,2.0399818171595836,-74.5300420126833,0.0,0.0,0.0,0.9806116829236654,0.19596103519224595,2.0,0.0,0.0,0.0,0.0,0.0,0.0,0.0,-1.3650340430016659,-60.23535571847316,0.0,0.0,0.0,0.9085145228778313,-0.4178532777423992,2.0,0.0,0.0,0.0,0.0,0.0,0.0,0.0,-16.01229635841129,-59.05641724619828,0.0,0.0,0.0,-0.48939569436555963,0.8720618408899977,2.0,0.0,0.0,0.0,0.0,0.0,0.0,0.0,-21.659786451308683,-72.62247949389767,0.0,0.0,0.0,0.11665565544650033,0.9931724211094202,2.0,0.0,0.0,0.0,0.0,0.0,0.0
243,0.0,-6.107229773339899,-81.75675684190686,0.0,0.0,0.0,0.7973147490586161,0.6035637422291005,2.0,0.0,0.0,0.0,0.0,0.0,0.0,0.0,2.0399818171595836,-74.5300420126833,0.0,0.0,0.0,0.9806116829236654,0.19596103519224595,2.0,0.0,0.0,0.0,0.0,0.0,0.0,0.0,-1.3650340430016659,-60.23535571847316,0.0,0.0,0.0,0.9085145228778313,-0.4178532777423992,2.0,0.0,0.0,0.0,0.0,0.0,0.0,0.0,-16.01229635841129,-59.05641724619828,0.0,0.0,0.0,-0.48939569436555963,0.8720618408899977,2.0,0.0,0.0,0.0,0.0,0.0,0.0,0.0,-21.659786451308683,-72.62247949389767,0.0,0.0,0.0,0.11665565544650033,0.9931724211094202,2.0,0.0,0.0,0.0,0.0,0.0,0.0
244,0.0,-6.011093313294165,-81.72922998744335,0.0,0.0,0.0,0.7997226190800366,0.60036966323405,2.0,0.0,0.0,0.0,0.0,0.0,0.0,0.0,2.0399818171595836,-74.5300420126833,0.0,0.0,0.0,0.9806116829236654,0.19596103519224595,2.0,0.0,0.0,0.0,0.0,0.0,0.0,0.0,-1.3650340430016659,-60.23535571847316,0.0,0.0,0.0,0.9085145228778313,-0.4178532777423992,2.0,0.0,0.0,0.0,0.0,0.0,0.0,0.0,-16.01229635841129,-59.05641724619828,0.0,0.0,0.0,-0.48939569436555963,0.8720618408899977,2.0,0.0,0.0,0.0,0.0,0.0,0.0,0.0,-21.659786451308683,-72.62247949389767,0.0,0.0,0.0,0.11665565544650033,0.9931724211094202,2.0,0.0,0.0,0.0,0.0,0.0,0.0
245,0.0,-5.915180142085502,-81.70093493035773,0.0,0.0,0.0,0.8021176935566127,0.5971659783371958,2.0,0.0,0.0,0.0,0.0,0.0,0.0,0.0,2.0399818171595836,-74.5300420126833,0.0,0.0,0.0,0.9806116829236654,0.19596103519224595,2.0,0.0,0.0,0.0,0.0,0.0,0.0,0.0,-1.3650340430016659,-60.23535571847316,0.0,0.0,0.0,0.9085145228778313,-0.4178532777423992,2.0,0.0,0.0,0.0,0.0,0.0,0.0,0.0,-16.01229635841129,-59.05641724619828,0.0,0.0,0.0,-0.48939569436555963,0.8720618408899977,2.0,0.0,0.0,0.0,0.0,0.0,0.0,0.0,-21.659786451308683,-72.62247949389767,0.0,0.0,0.0,0.11665565544650033,0.9931724211094202,2.0,0.0,0.0,0.0,0.0,0.0,0.0
246,0.0,-5.819496398124128,-81.67187348152402,0.0,0.0,0.0,0.8044999341672036,0.5939527387974275,2.0,0.0,0.0,0.0,0.0,0.0,0.0,0.0,2.0399818171595836,-74.5300420126833,0.0,0.0,0.0,0.9806116829236654,0.19596103519224595,2.0,0.0,0.0,0.0,0.0,0.0,0.0,0.0,-1.3650340430016659,-60.23535571847316,0.0,0.0,0.0,0.9085145228778313,-0.4178532777423992,2.0,0.0,0.0,0.0,0.0,0.0,0.0,0.0,-16.01229635841129,-59.05641724619828,0.0,0.0,0.0,-0.48939569436555963,0.8720618408899977,2.0,0.0,0.0,0.0,0.0,0.0,0.0,0.0,-21.659786451308683,-72.62247949389767,0.0,0.0,0.0,0.11665565544650033,0.9931724211094202,2.0,0.0,0.0,0.0,0.0,0.0,0.0
247,0.0,-5.7240482051370005,-81.64204750086499,0.0,0.0,0.0,0.8068693027960104,0.5907299960265096,2.0,0.0,0.0,0.0,0.0,0.0,0.0,0.0,2.0399818171595836,-74.5300420126833,0.0,0.0,0.0,0.9806116829236654,0.19596103519224595,2.0,0.0,0.0,0.0,0.0,0.0,0.0,0.0,-1.3650340430016659,-60.23535571847316,0.0,0.0,0.0,0.9085145228778313,-0.4178532777423992,2.0,0.0,0.0,0.0,0.0,0.0,0.0,0.0,-16.01229635841129,-59.05641724619828,0.0,0.0,0.0,-0.48939569436555963,0.8720618408899977,2.0,0.0,0.0,0.0,0.0,0.0,0.0,0.0,-21.659786451308683,-72.62247949389767,0.0,0.0,0.0,0.11665565544650033,0.9931724211094202,2.0,0.0,0.0,0.0,0.0,0.0,0.0
248,0.0,-5.628841671775888,-81.61145889723325,0.0,0.0,0.0,0.8092257615331858,0.5874978015882575,2.0,0.0,0.0,0.0,0.0,0.0,0.0,0.0,2.0399818171595836,-74.5300420126833,0.0,0.0,0.0,0.9806116829236654,0.19596103519224595,2.0,0.0,0.0,0.0,0.0,0.0,0.0,0.0,-1.3650340430016659,-60.23535571847316,0.0,0.0,0.0,0.9085145228778313,-0.4178532777423992,2.0,0.0,0.0,0.0,0.0,0.0,0.0,0.0,-16.01229635841129,-59.05641724619828,0.0,0.0,0.0,-0.48939569436555963,0.8720618408899977,2.0,0.0,0.0,0.0,0.0,0.0,0.0,0.0,-21.659786451308683,-72.62247949389767,0.0,0.0,0.0,0.11665565544650033,0.9931724211094202,2.0,0.0,0.0,0.0,0.0,0.0,0.0
249,0.0,-5.533882891226429,-81.58010962828898,0.0,0.0,0.0,0.8115692726754401,0.5842562071977132,2.0,0.0,0.0,0.0,0.0,0.0,0.0,0.0,2.0399818171595836,-74.5300420126833,0.0,0.0,0.0,0.9806116829236654,0.19596103519224595,2.0,0.0,0.0,0.0,0.0,0.0,0.0,0.0,-1.3650340430016659,-60.23535571847316,0.0,0.0,0.0,0.9085145228778313,-0.4178532777423992,2.0,0.0,0.0,0.0,0.0,0.0,0.0,0.0,-16.01229635841129,-59.05641724619828,0.0,0.0,0.0,-0.48939569436555963,0.8720618408899977,2.0,0.0,0.0,0.0,0.0,0.0,0.0,0.0,-21.659786451308683,-72.62247949389767,0.0,0.0,0.0,0.11665565544650033,0.9931724211094202,2.0,0.0,0.0,0.0,0.0,0.0,0.0
250,0.0,-5.439177940818166,-81.5480017003747,0.0,0.0,0.0,0.8138997987266451,0.5810052647203179,2.0,0.0,0.0,0.0,0.0,0.0,0.0,0.0,2.0399818171595836,-74.5300420126833,0.0,0.0,0.0,0.9806116829236654,0.19596103519224595,2.0,0.0,0.0,0.0,0.0,0.0,0.0,0.0,-1.3650340430016659,-60.23535571847316,0.0,0.0,0.0,0.9085145228778313,-0.4178532777423992,2.0,0.0,0.0,0.0,0.0,0.0,0.0,0.0,-16.01229635841129,-59.05641724619828,0.0,0.0,0.0,-0.48939569436555963,0.8720618408899977,2.0,0.0,0.0,0.0,0.0,0.0,0.0,0.0,-21.659786451308683,-72.62247949389767,0.0,0.0,0.0,0.11665565544650033,0.9931724211094202,2.0,0.0,0.0,0.0,0.0,0.0,0.0
251,0.0,-5.344732881635601,-81.51513716838681,0.0,0.0,0.0,0.8162173023984336,0.5777450261710819,2.0,0.0,0.0,0.0,0.0,0.0,0.0,0.0,2.0399818171595836,-74.5300420126833,0.0,0.0,0.0,0.9806116829236654,0.19596103519224595,2.0,0.0,0.0,0.0,0.0,0.0,0.0,0.0,-1.3650340430016659,-60.23535571847316,0.0,0.0,0.0,0.9085145228778313,-0.4178532777423992,2.0,0.0,0.0,0.0,0.0,0.0,0.0,0.0,-16.01229635841129,-59.05641724619828,0.0,0.0,0.0,-0.48939569436555963,0.8720618408899977,2.0,0.0,0.0,0.0,0.0,0.0,0.0,0.0,-21.659786451308683,-72.62247949389767,0.0,0.0,0.0,0.11665565544650033,0.9931724211094202,2.0,0.0,0.0,0.0,0.0,0.0,0.0
252,0.0,-5.250553758130282,-81.48151813564418,0.0,0.0,0.0,0.8185217466107964,0.5744755437137523,2.0,0.0,0.0,0.0,0.0,0.0,0.0,0.0,2.0399818171595836,-74.5300420126833,0.0,0.0,0.0,0.9806116829236654,0.19596103519224595,2.0,0.0,0.0,0.0,0.0,0.0,0.0,0.0,-1.3650340430016659,-60.23535571847316,0.0,0.0,0.0,0.9085145228778313,-0.4178532777423992,2.0,0.0,0.0,0.0,0.0,0.0,0.0,0.0,-16.01229635841129,-59.05641724619828,0.0,0.0,0.0,-0.48939569436555963,0.8720618408899977,2.0,0.0,0.0,0.0,0.0,0.0,0.0,0.0,-21.659786451308683,-72.62247949389767,0.0,0.0,0.0,0.11665565544650033,0.9931724211094202,2.0,0.0,0.0,0.0,0.0,0.0,0.0
253,0.0,-5.156646597733968,-81.44714675375342,0.0,0.0,0.0,0.8208130944926751,0.5711968696599787,2.0,0.0,0.0,0.0,0.0,0.0,0.0,0.0,2.0399818171595836,-74.5300420126833,0.0,0.0,0.0,0.9806116829236654,0.19596103519224595,2.0,0.0,0.0,0.0,0.0,0.0,0.0,0.0,-1.3650340430016659,-60.23535571847316,0.0,0.0,0.0,0.9085145228778313,-0.4178532777423992,2.0,0.0,0.0,0.0,0.0,0.0,0.0,0.0,-16.01229635841129,-59.05641724619828,0.0,0.0,0.0,-0.48939569436555963,0.8720618408899977,2.0,0.0,0.0,0.0,0.0,0.0,0.0,0.0,-21.659786451308683,-72.62247949389767,0.0,0.0,0.0,0.11665565544650033,0.9931724211094202,2.0,0.0,0.0,0.0,0.0,0.0,0.0
254,0.0,-5.063017410472872,-81.4120252224712,0.0,0.0,0.0,0.8230913093825527,0.5679090564684762,2.0,0.0,0.0,0.0,0.0,0.0,0.0,0.0,2.0399818171595836,-74.5300420126833,0.0,0.0,0.0,0.9806116829236654,0.19596103519224595,2.0,0.0,0.0,0.0,0.0,0.0,0.0,0.0,-1.3650340430016659,-60.23535571847316,0.0,0.0,0.0,0.9085145228778313,-0.4178532777423992,2.0,0.0,0.0,0.0,0.0,0.0,0.0,0.0,-16.01229635841129,-59.05641724619828,0.0,0.0,0.0,-0.48939569436555963,0.8720618408899977,2.0,0.0,0.0,0.0,0.0,0.0,0.0,0.0,-21.659786451308683,-72.62247949389767,0.0,0.0,0.0,0.11665565544650033,0.9931724211094202,2.0,0.0,0.0,0.0,0.0,0.0,0.0
255,0.0,-4.969672188583019,-81.37615578956358,0.0,0.0,0.0,0.8253563548290395,0.5646121567441855,2.0,0.0,0.0,0.0,0.0,0.0,0.0,0.0,2.0399818171595836,-74.5300420126833,0.0,0.0,0.0,0.9806116829236654,0.19596103519224595,2.0,0.0,0.0,0.0,0.0,0.0,0.0,0.0,-1.3650340430016659,-60.23535571847316,0.0,0.0,0.0,0.9085145228778313,-0.4178532777423992,2.0,0.0,0.0,0.0,0.0,0.0,0.0,0.0,-16.01229635841129,-59.05641724619828,0.0,0.0,0.0,-0.48939569436555963,0.8720618408899977,2.0,0.0,0.0,0.0,0.0,0.0,0.0,0.0,-21.659786451308683,-72.62247949389767,0.0,0.0,0.0,0.11665565544650033,0.9931724211094202,2.0,0.0,0.0,0.0,0.0,0.0,0.0
256,0.0,-4.876616906126746,-81.339540750662,0.0,0.0,0.0,0.8276081945914565,0.5613062232374321,2.0,0.0,0.0,0.0,0.0,0.0,0.0,0.0,2.0399818171595836,-74.5300420126833,0.0,0.0,0.0,0.9806116829236654,0.19596103519224595,2.0,0.0,0.0,0.0,0.0,0.0,0.0,0.0,-1.3650340430016659,-60.23535571847316,0.0,0.0,0.0,0.9085145228778313,-0.4178532777423992,2.0,0.0,0.0,0.0,0.0,0.0,0.0,0.0,-16.01229635841129,-59.05641724619828,0.0,0.0,0.0,-0.48939569436555963,0.8720618408899977,2.0,0.0,0.0,0.0,0.0,0.0,0.0,0.0,-21.659786451308683,-72.62247949389767,0.0,0.0,0.0,0.11665565544650033,0.9931724211094202,2.0,0.0,0.0,0.0,0.0,0.0,0.0
257,0.0,-4.783857518610372,-81.30218244911646,0.0,0.0,0.0,0.8298467926404157,0.5579913088430812,2.0,0.0,0.0,0.0,0.0,0.0,0.0,0.0,2.0399818171595836,-74.5300420126833,0.0,0.0,0.0,0.9806116829236654,0.19596103519224595,2.0,0.0,0.0,0.0,0.0,0.0,0.0,0.0,-1.3650340430016659,-60.23535571847316,0.0,0.0,0.0,0.9085145228778313,-0.4178532777423992,2.0,0.0,0.0,0.0,0.0,0.0,0.0,0.0,-16.01229635841129,-59.05641724619828,0.0,0.0,0.0,-0.48939569436555963,0.8720618408899977,2.0,0.0,0.0,0.0,0.0,0.0,0.0,0.0,-21.659786451308683,-72.62247949389767,0.0,0.0,0.0,0.11665565544650033,0.9931724211094202,2.0,0.0,0.0,0.0,0.0,0.0,0.0
258,0.0,-4.6913999626030325,-81.26408327584551,0.0,0.0,0.0,0.832072113158396,0.5546674665996928,2.0,0.0,0.0,0.0,0.0,0.0,0.0,0.0,2.0399818171595836,-74.5300420126833,0.0,0.0,0.0,0.9806116829236654,0.19596103519224595,2.0,0.0,0.0,0.0,0.0,0.0,0.0,0.0,-1.3650340430016659,-60.23535571847316,0.0,0.0,0.0,0.9085145228778313,-0.4178532777423992,2.0,0.0,0.0,0.0,0.0,0.0,0.0,0.0,-16.01229635841129,-59.05641724619828,0.0,0.0,0.0,-0.48939569436555963,0.8720618408899977,2.0,0.0,0.0,0.0,0.0,0.0,0.0,0.0,-21.659786451308683,-72.62247949389767,0.0,0.0,0.0,0.11665565544650033,0.9931724211094202,2.0,0.0,0.0,0.0,0.0,0.0,0.0
259,0.0,-4.599250155356755,-81.22524566918322,0.0,0.0,0.0,0.8342841205403168,0.5513347496886717,2.0,0.0,0.0,0.0,0.0,0.0,0.0,0.0,2.0399818171595836,-74.5300420126833,0.0,0.0,0.0,0.9806116829236654,0.19596103519224595,2.0,0.0,0.0,0.0,0.0,0.0,0.0,0.0,-1.3650340430016659,-60.23535571847316,0.0,0.0,0.0,0.9085145228778313,-0.4178532777423992,2.0,0.0,0.0,0.0,0.0,0.0,0.0,0.0,-16.01229635841129,-59.05641724619828,0.0,0.0,0.0,-0.48939569436555963,0.8720618408899977,2.0,0.0,0.0,0.0,0.0,0.0,0.0,0.0,-21.659786451308683,-72.62247949389767,0.0,0.0,0.0,0.11665565544650033,0.9931724211094202,2.0,0.0,0.0,0.0,0.0,0.0,0.0
260,0.0,-4.507413994427748,-81.18567211472318,0.0,0.0,0.0,0.8364827793941069,0.5479932114334173,2.0,0.0,0.0,0.0,0.0,0.0,0.0,0.0,2.0399818171595836,-74.5300420126833,0.0,0.0,0.0,0.9806116829236654,0.19596103519224595,2.0,0.0,0.0,0.0,0.0,0.0,0.0,0.0,-1.3650340430016659,-60.23535571847316,0.0,0.0,0.0,0.9085145228778313,-0.4178532777423992,2.0,0.0,0.0,0.0,0.0,0.0,0.0,0.0,-16.01229635841129,-59.05641724619828,0.0,0.0,0.0,-0.48939569436555963,0.8720618408899977,2.0,0.0,0.0,0.0,0.0,0.0,0.0,0.0,-21.659786451308683,-72.62247949389767,0.0,0.0,0.0,0.11665565544650033,0.9931724211094202,2.0,0.0,0.0,0.0,0.0,0.0,0.0
261,0.0,-4.415897357298966,-81.14536514515936,0.0,0.0,0.0,0.8386680545412716,0.5446429052984705,2.0,0.0,0.0,0.0,0.0,0.0,0.0,0.0,2.0399818171595836,-74.5300420126833,0.0,0.0,0.0,0.9806116829236654,0.19596103519224595,2.0,0.0,0.0,0.0,0.0,0.0,0.0,0.0,-1.3650340430016659,-60.23535571847316,0.0,0.0,0.0,0.9085145228778313,-0.4178532777423992,2.0,0.0,0.0,0.0,0.0,0.0,0.0,0.0,-16.01229635841129,-59.05641724619828,0.0,0.0,0.0,-0.48939569436555963,0.8720618408899977,2.0,0.0,0.0,0.0,0.0,0.0,0.0,0.0,-21.659786451308683,-72.62247949389767,0.0,0.0,0.0,0.11665565544650033,0.9931724211094202,2.0,0.0,0.0,0.0,0.0,0.0,0.0
262,0.0,-4.3247061010039465,-81.10432734012404,0.0,0.0,0.0,0.8408399110174553,0.541283884888658,2.0,0.0,0.0,0.0,0.0,0.0,0.0,0.0,2.0399818171595836,-74.5300420126833,0.0,0.0,0.0,0.9806116829236654,0.19596103519224595,2.0,0.0,0.0,0.0,0.0,0.0,0.0,0.0,-1.3650340430016659,-60.23535571847316,0.0,0.0,0.0,0.9085145228778313,-0.4178532777423992,2.0,0.0,0.0,0.0,0.0,0.0,0.0,0.0,-16.01229635841129,-59.05641724619828,0.0,0.0,0.0,-0.48939569436555963,0.8720618408899977,2.0,0.0,0.0,0.0,0.0,0.0,0.0,0.0,-21.659786451308683,-72.62247949389767,0.0,0.0,0.0,0.11665565544650033,0.9931724211094202,2.0,0.0,0.0,0.0,0.0,0.0,0.0
263,0.0,-4.233846061751966,-81.06256132602275,0.0,0.0,0.0,0.8429983140730006,0.5379162039482345,2.0,0.0,0.0,0.0,0.0,0.0,0.0,0.0,2.0399818171595836,-74.5300420126833,0.0,0.0,0.0,0.9806116829236654,0.19596103519224595,2.0,0.0,0.0,0.0,0.0,0.0,0.0,0.0,-1.3650340430016659,-60.23535571847316,0.0,0.0,0.0,0.9085145228778313,-0.4178532777423992,2.0,0.0,0.0,0.0,0.0,0.0,0.0,0.0,-16.01229635841129,-59.05641724619828,0.0,0.0,0.0,-0.48939569436555963,0.8720618408899977,2.0,0.0,0.0,0.0,0.0,0.0,0.0,0.0,-21.659786451308683,-72.62247949389767,0.0,0.0,0.0,0.11665565544650033,0.9931724211094202,2.0,0.0,0.0,0.0,0.0,0.0,0.0
264,0.0,-4.143323054554524,-81.02006977586613,0.0,0.0,0.0,0.8451432291735047,0.5345399163600235,2.0,0.0,0.0,0.0,0.0,0.0,0.0,0.0,2.0399818171595836,-74.5300420126833,0.0,0.0,0.0,0.9806116829236654,0.19596103519224595,2.0,0.0,0.0,0.0,0.0,0.0,0.0,0.0,-1.3650340430016659,-60.23535571847316,0.0,0.0,0.0,0.9085145228778313,-0.4178532777423992,2.0,0.0,0.0,0.0,0.0,0.0,0.0,0.0,-16.01229635841129,-59.05641724619828,0.0,0.0,0.0,-0.48939569436555963,0.8720618408899977,2.0,0.0,0.0,0.0,0.0,0.0,0.0,0.0,-21.659786451308683,-72.62247949389767,0.0,0.0,0.0,0.11665565544650033,0.9931724211094202,2.0,0.0,0.0,0.0,0.0,0.0,0.0
265,0.0,-4.053142872853182,-80.9768554090989,0.0,0.0,0.0,0.8472746220003717,0.5311550761445543,2.0,0.0,0.0,0.0,0.0,0.0,0.0,0.0,2.0399818171595836,-74.5300420126833,0.0,0.0,0.0,0.9806116829236654,0.19596103519224595,2.0,0.0,0.0,0.0,0.0,0.0,0.0,0.0,-1.3650340430016659,-60.23535571847316,0.0,0.0,0.0,0.9085145228778313,-0.4178532777423992,2.0,0.0,0.0,0.0,0.0,0.0,0.0,0.0,-16.01229635841129,-59.05641724619828,0.0,0.0,0.0,-0.48939569436555963,0.8720618408899977,2.0,0.0,0.0,0.0,0.0,0.0,0.0,0.0,-21.659786451308683,-72.62247949389767,0.0,0.0,0.0,0.11665565544650033,0.9931724211094202,2.0,0.0,0.0,0.0,0.0,0.0,0.0
266,0.0,-3.9633112881487866,-80.93292099142576,0.0,0.0,0.0,0.8493924584513619,0.527761737459198,2.0,0.0,0.0,0.0,0.0,0.0,0.0,0.0,2.0399818171595836,-74.5300420126833,0.0,0.0,0.0,0.9806116829236654,0.19596103519224595,2.0,0.0,0.0,0.0,0.0,0.0,0.0,0.0,-1.3650340430016659,-60.23535571847316,0.0,0.0,0.0,0.9085145228778313,-0.4178532777423992,2.0,0.0,0.0,0.0,0.0,0.0,0.0,0.0,-16.01229635841129,-59.05641724619828,0.0,0.0,0.0,-0.48939569436555963,0.8720618408899977,2.0,0.0,0.0,0.0,0.0,0.0,0.0,0.0,-21.659786451308683,-72.62247949389767,0.0,0.0,0.0,0.11665565544650033,0.9931724211094202,2.0,0.0,0.0,0.0,0.0,0.0,0.0
267,0.0,-3.873834049632098,-80.88826933463446,0.0,0.0,0.0,0.8514967046411372,0.5243599545973013,2.0,0.0,0.0,0.0,0.0,0.0,0.0,0.0,2.0399818171595836,-74.5300420126833,0.0,0.0,0.0,0.9806116829236654,0.19596103519224595,2.0,0.0,0.0,0.0,0.0,0.0,0.0,0.0,-1.3650340430016659,-60.23535571847316,0.0,0.0,0.0,0.9085145228778313,-0.4178532777423992,2.0,0.0,0.0,0.0,0.0,0.0,0.0,0.0,-16.01229635841129,-59.05641724619828,0.0,0.0,0.0,-0.48939569436555963,0.8720618408899977,2.0,0.0,0.0,0.0,0.0,0.0,0.0,0.0,-21.659786451308683,-72.62247949389767,0.0,0.0,0.0,0.11665565544650033,0.9931724211094202,2.0,0.0,0.0,0.0,0.0,0.0,0.0
268,0.0,-3.7847168838158387,-80.84290329641578,0.0,0.0,0.0,0.8535873269018036,0.5209497819873173,2.0,0.0,0.0,0.0,0.0,0.0,0.0,0.0,2.0399818171595836,-74.5300420126833,0.0,0.0,0.0,0.9806116829236654,0.19596103519224595,2.0,0.0,0.0,0.0,0.0,0.0,0.0,0.0,-1.3650340430016659,-60.23535571847316,0.0,0.0,0.0,0.9085145228778313,-0.4178532777423992,2.0,0.0,0.0,0.0,0.0,0.0,0.0,0.0,-16.01229635841129,-59.05641724619828,0.0,0.0,0.0,-0.48939569436555963,0.8720618408899977,2.0,0.0,0.0,0.0,0.0,0.0,0.0,0.0,-21.659786451308683,-72.62247949389767,0.0,0.0,0.0,0.11665565544650033,0.9931724211094202,2.0,0.0,0.0,0.0,0.0,0.0,0.0
269,0.0,-3.6959654941682034,-80.79682578018071,0.0,0.0,0.0,0.8556642917834494,0.5175312741919352,2.0,0.0,0.0,0.0,0.0,0.0,0.0,0.0,2.0399818171595836,-74.5300420126833,0.0,0.0,0.0,0.9806116829236654,0.19596103519224595,2.0,0.0,0.0,0.0,0.0,0.0,0.0,0.0,-1.3650340430016659,-60.23535571847316,0.0,0.0,0.0,0.9085145228778313,-0.4178532777423992,2.0,0.0,0.0,0.0,0.0,0.0,0.0,0.0,-16.01229635841129,-59.05641724619828,0.0,0.0,0.0,-0.48939569436555963,0.8720618408899977,2.0,0.0,0.0,0.0,0.0,0.0,0.0,0.0,-21.659786451308683,-72.62247949389767,0.0,0.0,0.0,0.11665565544650033,0.9931724211094202,2.0,0.0,0.0,0.0,0.0,0.0,0.0
270,0.0,-3.607585560747834,-80.75003973487453,0.0,0.0,0.0,0.8577275660546807,0.5141044859072067,2.0,0.0,0.0,0.0,0.0,0.0,0.0,0.0,2.0399818171595836,-74.5300420126833,0.0,0.0,0.0,0.9806116829236654,0.19596103519224595,2.0,0.0,0.0,0.0,0.0,0.0,0.0,0.0,-1.3650340430016659,-60.23535571847316,0.0,0.0,0.0,0.9085145228778313,-0.4178532777423992,2.0,0.0,0.0,0.0,0.0,0.0,0.0,0.0,-16.01229635841129,-59.05641724619828,0.0,0.0,0.0,-0.48939569436555963,0.8720618408899977,2.0,0.0,0.0,0.0,0.0,0.0,0.0,0.0,-21.659786451308683,-72.62247949389767,0.0,0.0,0.0,0.11665565544650033,0.9931724211094202,2.0,0.0,0.0,0.0,0.0,0.0,0.0
271,0.0,-3.5195827398403043,-80.70254815478819,0.0,0.0,0.0,0.8597771167031534,0.5106694719616712,2.0,0.0,0.0,0.0,0.0,0.0,0.0,0.0,2.0399818171595836,-74.5300420126833,0.0,0.0,0.0,0.9806116829236654,0.19596103519224595,2.0,0.0,0.0,0.0,0.0,0.0,0.0,0.0,-1.3650340430016659,-60.23535571847316,0.0,0.0,0.0,0.9085145228778313,-0.4178532777423992,2.0,0.0,0.0,0.0,0.0,0.0,0.0,0.0,-16.01229635841129,-59.05641724619828,0.0,0.0,0.0,-0.48939569436555963,0.8720618408899977,2.0,0.0,0.0,0.0,0.0,0.0,0.0,0.0,-21.659786451308683,-72.62247949389767,0.0,0.0,0.0,0.11665565544650033,0.9931724211094202,2.0,0.0,0.0,0.0,0.0,0.0,0.0
272,0.0,-3.4319626635961136,-80.65435407936658,0.0,0.0,0.0,0.8618129109361008,0.5072262873154787,2.0,0.0,0.0,0.0,0.0,0.0,0.0,0.0,2.0399818171595836,-74.5300420126833,0.0,0.0,0.0,0.9806116829236654,0.19596103519224595,2.0,0.0,0.0,0.0,0.0,0.0,0.0,0.0,-1.3650340430016659,-60.23535571847316,0.0,0.0,0.0,0.9085145228778313,-0.4178532777423992,2.0,0.0,0.0,0.0,0.0,0.0,0.0,0.0,-16.01229635841129,-59.05641724619828,0.0,0.0,0.0,-0.48939569436555963,0.8720618408899977,2.0,0.0,0.0,0.0,0.0,0.0,0.0,0.0,-21.659786451308683,-72.62247949389767,0.0,0.0,0.0,0.11665565544650033,0.9931724211094202,2.0,0.0,0.0,0.0,0.0,0.0,0.0
273,0.0,-3.3447309396702334,-80.60546059301412,0.0,0.0,0.0,0.8638349161808584,0.5037749870595098,2.0,0.0,0.0,0.0,0.0,0.0,0.0,0.0,2.0399818171595836,-74.5300420126833,0.0,0.0,0.0,0.9806116829236654,0.19596103519224595,2.0,0.0,0.0,0.0,0.0,0.0,0.0,0.0,-1.3650340430016659,-60.23535571847316,0.0,0.0,0.0,0.9085145228778313,-0.4178532777423992,2.0,0.0,0.0,0.0,0.0,0.0,0.0,0.0,-16.01229635841129,-59.05641724619828,0.0,0.0,0.0,-0.48939569436555963,0.8720618408899977,2.0,0.0,0.0,0.0,0.0,0.0,0.0,0.0,-21.659786451308683,-72.62247949389767,0.0,0.0,0.0,0.11665565544650033,0.9931724211094202,2.0,0.0,0.0,0.0,0.0,0.0,0.0
274,0.0,-3.2578931508632207,-80.55587082489721,0.0,0.0,0.0,0.8658431000853857,0.5003156264144952,2.0,0.0,0.0,0.0,0.0,0.0,0.0,0.0,2.0399818171595836,-74.5300420126833,0.0,0.0,0.0,0.9806116829236654,0.19596103519224595,2.0,0.0,0.0,0.0,0.0,0.0,0.0,0.0,-1.3650340430016659,-60.23535571847316,0.0,0.0,0.0,0.9085145228778313,-0.4178532777423992,2.0,0.0,0.0,0.0,0.0,0.0,0.0,0.0,-16.01229635841129,-59.05641724619828,0.0,0.0,0.0,-0.48939569436555963,0.8720618408899977,2.0,0.0,0.0,0.0,0.0,0.0,0.0,0.0,-21.659786451308683,-72.62247949389767,0.0,0.0,0.0,0.11665565544650033,0.9931724211094202,2.0,0.0,0.0,0.0,0.0,0.0,0.0
275,0.0,-3.171454854763918,-80.5055879487441,0.0,0.0,0.0,0.8678374305187829,0.49684826073013144,2.0,0.0,0.0,0.0,0.0,0.0,0.0,0.0,2.0399818171595836,-74.5300420126833,0.0,0.0,0.0,0.9806116829236654,0.19596103519224595,2.0,0.0,0.0,0.0,0.0,0.0,0.0,0.0,-1.3650340430016659,-60.23535571847316,0.0,0.0,0.0,0.9085145228778313,-0.4178532777423992,2.0,0.0,0.0,0.0,0.0,0.0,0.0,0.0,-16.01229635841129,-59.05641724619828,0.0,0.0,0.0,-0.48939569436555963,0.8720618408899977,2.0,0.0,0.0,0.0,0.0,0.0,0.0,0.0,-21.659786451308683,-72.62247949389767,0.0,0.0,0.0,0.11665565544650033,0.9931724211094202,2.0,0.0,0.0,0.0,0.0,0.0,0.0
276,0.0,-3.0854215833937717,-80.45461518264167,0.0,0.0,0.0,0.8698178755718057,0.49337294548419536,2.0,0.0,0.0,0.0,0.0,0.0,0.0,0.0,2.0399818171595836,-74.5300420126833,0.0,0.0,0.0,0.9806116829236654,0.19596103519224595,2.0,0.0,0.0,0.0,0.0,0.0,0.0,0.0,-1.3650340430016659,-60.23535571847316,0.0,0.0,0.0,0.9085145228778313,-0.4178532777423992,2.0,0.0,0.0,0.0,0.0,0.0,0.0,0.0,-16.01229635841129,-59.05641724619828,0.0,0.0,0.0,-0.48939569436555963,0.8720618408899977,2.0,0.0,0.0,0.0,0.0,0.0,0.0,0.0,-21.659786451308683,-72.62247949389767,0.0,0.0,0.0,0.11665565544650033,0.9931724211094202,2.0,0.0,0.0,0.0,0.0,0.0,0.0
277,0.0,-2.9997988428527824,-80.4029557888296,0.0,0.0,0.0,0.8717844035573754,0.48988973628165683,2.0,0.0,0.0,0.0,0.0,0.0,0.0,0.0,2.0399818171595836,-74.5300420126833,0.0,0.0,0.0,0.9806116829236654,0.19596103519224595,2.0,0.0,0.0,0.0,0.0,0.0,0.0,0.0,-1.3650340430016659,-60.23535571847316,0.0,0.0,0.0,0.9085145228778313,-0.4178532777423992,2.0,0.0,0.0,0.0,0.0,0.0,0.0,0.0,-16.01229635841129,-59.05641724619828,0.0,0.0,0.0,-0.48939569436555963,0.8720618408899977,2.0,0.0,0.0,0.0,0.0,0.0,0.0,0.0,-21.659786451308683,-72.62247949389767,0.0,0.0,0.0,0.11665565544650033,0.9931724211094202,2.0,0.0,0.0,0.0,0.0,0.0,0.0
278,0.0,-2.914592112967121,-80.35061307349143,0.0,0.0,0.0,0.8737369830110863,0.48639868885378873,2.0,0.0,0.0,0.0,0.0,0.0,0.0,0.0,2.0399818171595836,-74.5300420126833,0.0,0.0,0.0,0.9806116829236654,0.19596103519224595,2.0,0.0,0.0,0.0,0.0,0.0,0.0,0.0,-1.3650340430016659,-60.23535571847316,0.0,0.0,0.0,0.9085145228778313,-0.4178532777423992,2.0,0.0,0.0,0.0,0.0,0.0,0.0,0.0,-16.01229635841129,-59.05641724619828,0.0,0.0,0.0,-0.48939569436555963,0.8720618408899977,2.0,0.0,0.0,0.0,0.0,0.0,0.0,0.0,-21.659786451308683,-72.62247949389767,0.0,0.0,0.0,0.11665565544650033,0.9931724211094202,2.0,0.0,0.0,0.0,0.0,0.0,0.0
279,0.0,-2.829806846938415,-80.29759038654309,0.0,0.0,0.0,0.8756755826917086,0.4828998590572755,2.0,0.0,0.0,0.0,0.0,0.0,0.0,0.0,2.0399818171595836,-74.5300420126833,0.0,0.0,0.0,0.9806116829236654,0.19596103519224595,2.0,0.0,0.0,0.0,0.0,0.0,0.0,0.0,-1.3650340430016659,-60.23535571847316,0.0,0.0,0.0,0.9085145228778313,-0.4178532777423992,2.0,0.0,0.0,0.0,0.0,0.0,0.0,0.0,-16.01229635841129,-59.05641724619828,0.0,0.0,0.0,-0.48939569436555963,0.8720618408899977,2.0,0.0,0.0,0.0,0.0,0.0,0.0,0.0,-21.659786451308683,-72.62247949389767,0.0,0.0,0.0,0.11665565544650033,0.9931724211094202,2.0,0.0,0.0,0.0,0.0,0.0,0.0
280,0.0,-2.7454484709947504,-80.24389112141844,0.0,0.0,0.0,0.877600171581689,0.4793933028733192,2.0,0.0,0.0,0.0,0.0,0.0,0.0,0.0,2.0399818171595836,-74.5300420126833,0.0,0.0,0.0,0.9806116829236654,0.19596103519224595,2.0,0.0,0.0,0.0,0.0,0.0,0.0,0.0,-1.3650340430016659,-60.23535571847316,0.0,0.0,0.0,0.9085145228778313,-0.4178532777423992,2.0,0.0,0.0,0.0,0.0,0.0,0.0,0.0,-16.01229635841129,-59.05641724619828,0.0,0.0,0.0,-0.48939569436555963,0.8720618408899977,2.0,0.0,0.0,0.0,0.0,0.0,0.0,0.0,-21.659786451308683,-72.62247949389767,0.0,0.0,0.0,0.11665565544650033,0.9931724211094202,2.0,0.0,0.0,0.0,0.0,0.0,0.0
281,0.0,-2.661522384043394,-80.18951871485211,0.0,0.0,0.0,0.8795107188876462,0.475879076406744,2.0,0.0,0.0,0.0,0.0,0.0,0.0,0.0,2.0399818171595836,-74.5300420126833,0.0,0.0,0.0,0.9806116829236654,0.19596103519224595,2.0,0.0,0.0,0.0,0.0,0.0,0.0,0.0,-1.3650340430016659,-60.23535571847316,0.0,0.0,0.0,0.9085145228778313,-0.4178532777423992,2.0,0.0,0.0,0.0,0.0,0.0,0.0,0.0,-16.01229635841129,-59.05641724619828,0.0,0.0,0.0,-0.48939569436555963,0.8720618408899977,2.0,0.0,0.0,0.0,0.0,0.0,0.0,0.0,-21.659786451308683,-72.62247949389767,0.0,0.0,0.0,0.11665565544650033,0.9931724211094202,2.0,0.0,0.0,0.0,0.0,0.0,0.0
282,0.0,-2.578033957325262,-80.13447664665958,0.0,0.0,0.0,0.8814071940408641,0.47235723588509837,2.0,0.0,0.0,0.0,0.0,0.0,0.0,0.0,2.0399818171595836,-74.5300420126833,0.0,0.0,0.0,0.9806116829236654,0.19596103519224595,2.0,0.0,0.0,0.0,0.0,0.0,0.0,0.0,-1.3650340430016659,-60.23535571847316,0.0,0.0,0.0,0.9085145228778313,-0.4178532777423992,2.0,0.0,0.0,0.0,0.0,0.0,0.0,0.0,-16.01229635841129,-59.05641724619828,0.0,0.0,0.0,-0.48939569436555963,0.8720618408899977,2.0,0.0,0.0,0.0,0.0,0.0,0.0,0.0,-21.659786451308683,-72.62247949389767,0.0,0.0,0.0,0.11665565544650033,0.9931724211094202,2.0,0.0,0.0,0.0,0.0,0.0,0.0
283,0.0,-2.4949885340711697,-80.0787684395144,0.0,0.0,0.0,0.8832895666977807,0.4688278376577555,2.0,0.0,0.0,0.0,0.0,0.0,0.0,0.0,2.0399818171595836,-74.5300420126833,0.0,0.0,0.0,0.9806116829236654,0.19596103519224595,2.0,0.0,0.0,0.0,0.0,0.0,0.0,0.0,-1.3650340430016659,-60.23535571847316,0.0,0.0,0.0,0.9085145228778313,-0.4178532777423992,2.0,0.0,0.0,0.0,0.0,0.0,0.0,0.0,-16.01229635841129,-59.05641724619828,0.0,0.0,0.0,-0.48939569436555963,0.8720618408899977,2.0,0.0,0.0,0.0,0.0,0.0,0.0,0.0,-21.659786451308683,-72.62247949389767,0.0,0.0,0.0,0.11665565544650033,0.9931724211094202,2.0,0.0,0.0,0.0,0.0,0.0,0.0
284,0.0,-2.412391429159859,-80.02239765872285,0.0,0.0,0.0,0.8851578067404736,0.46529093819501177,2.0,0.0,0.0,0.0,0.0,0.0,0.0,0.0,2.0399818171595836,-74.5300420126833,0.0,0.0,0.0,0.9806116829236654,0.19596103519224595,2.0,0.0,0.0,0.0,0.0,0.0,0.0,0.0,-1.3650340430016659,-60.23535571847316,0.0,0.0,0.0,0.9085145228778313,-0.4178532777423992,2.0,0.0,0.0,0.0,0.0,0.0,0.0,0.0,-16.01229635841129,-59.05641724619828,0.0,0.0,0.0,-0.48939569436555963,0.8720618408899977,2.0,0.0,0.0,0.0,0.0,0.0,0.0,0.0,-21.659786451308683,-72.62247949389767,0.0,0.0,0.0,0.11665565544650033,0.9931724211094202,2.0,0.0,0.0,0.0,0.0,0.0,0.0
285,0.0,-2.3302479287778484,-79.96536791199563,0.0,0.0,0.0,0.8870118842771421,0.46174659408718316,2.0,0.0,0.0,0.0,0.0,0.0,0.0,0.0,2.0399818171595836,-74.5300420126833,0.0,0.0,0.0,0.9806116829236654,0.19596103519224595,2.0,0.0,0.0,0.0,0.0,0.0,0.0,0.0,-1.3650340430016659,-60.23535571847316,0.0,0.0,0.0,0.9085145228778313,-0.4178532777423992,2.0,0.0,0.0,0.0,0.0,0.0,0.0,0.0,-16.01229635841129,-59.05641724619828,0.0,0.0,0.0,-0.48939569436555963,0.8720618408899977,2.0,0.0,0.0,0.0,0.0,0.0,0.0,0.0,-21.659786451308683,-72.62247949389767,0.0,0.0,0.0,0.11665565544650033,0.9931724211094202,2.0,0.0,0.0,0.0,0.0,0.0,0.0
286,0.0,-2.248563290081126,-79.90768284921707,0.0,0.0,0.0,0.888851769642585,0.4581948620436997,2.0,0.0,0.0,0.0,0.0,0.0,0.0,0.0,2.0399818171595836,-74.5300420126833,0.0,0.0,0.0,0.9806116829236654,0.19596103519224595,2.0,0.0,0.0,0.0,0.0,0.0,0.0,0.0,-1.3650340430016659,-60.23535571847316,0.0,0.0,0.0,0.9085145228778313,-0.4178532777423992,2.0,0.0,0.0,0.0,0.0,0.0,0.0,0.0,-16.01229635841129,-59.05641724619828,0.0,0.0,0.0,-0.48939569436555963,0.8720618408899977,2.0,0.0,0.0,0.0,0.0,0.0,0.0,0.0,-21.659786451308683,-72.62247949389767,0.0,0.0,0.0,0.11665565544650033,0.9931724211094202,2.0,0.0,0.0,0.0,0.0,0.0,0.0
287,0.0,-2.167342740858688,-79.84934616221149,0.0,0.0,0.0,0.8906774333986758,0.4546357988921984,2.0,0.0,0.0,0.0,0.0,0.0,0.0,0.0,2.0399818171595836,-74.5300420126833,0.0,0.0,0.0,0.9806116829236654,0.19596103519224595,2.0,0.0,0.0,0.0,0.0,0.0,0.0,0.0,-1.3650340430016659,-60.23535571847316,0.0,0.0,0.0,0.9085145228778313,-0.4178532777423992,2.0,0.0,0.0,0.0,0.0,0.0,0.0,0.0,-16.01229635841129,-59.05641724619828,0.0,0.0,0.0,-0.48939569436555963,0.8720618408899977,2.0,0.0,0.0,0.0,0.0,0.0,0.0,0.0,-21.659786451308683,-72.62247949389767,0.0,0.0,0.0,0.11665565544650033,0.9931724211094202,2.0,0.0,0.0,0.0,0.0,0.0,0.0
288,0.0,-2.086591479197959,-79.79036158450697,0.0,0.0,0.0,0.8924888463348333,0.4510694615776137,2.0,0.0,0.0,0.0,0.0,0.0,0.0,0.0,2.0399818171595836,-74.5300420126833,0.0,0.0,0.0,0.9806116829236654,0.19596103519224595,2.0,0.0,0.0,0.0,0.0,0.0,0.0,0.0,-1.3650340430016659,-60.23535571847316,0.0,0.0,0.0,0.9085145228778313,-0.4178532777423992,2.0,0.0,0.0,0.0,0.0,0.0,0.0,0.0,-16.01229635841129,-59.05641724619828,0.0,0.0,0.0,-0.48939569436555963,0.8720618408899977,2.0,0.0,0.0,0.0,0.0,0.0,0.0,0.0,-21.659786451308683,-72.62247949389767,0.0,0.0,0.0,0.11665565544650033,0.9931724211094202,2.0,0.0,0.0,0.0,0.0,0.0,0.0
289,0.0,-2.006314673152124,-79.73073289109634,0.0,0.0,0.0,0.8942859794684892,0.4474959071612665,2.0,0.0,0.0,0.0,0.0,0.0,0.0,0.0,2.0399818171595836,-74.5300420126833,0.0,0.0,0.0,0.9806116829236654,0.19596103519224595,2.0,0.0,0.0,0.0,0.0,0.0,0.0,0.0,-1.3650340430016659,-60.23535571847316,0.0,0.0,0.0,0.9085145228778313,-0.4178532777423992,2.0,0.0,0.0,0.0,0.0,0.0,0.0,0.0,-16.01229635841129,-59.05641724619828,0.0,0.0,0.0,-0.48939569436555963,0.8720618408899977,2.0,0.0,0.0,0.0,0.0,0.0,0.0,0.0,-21.659786451308683,-72.62247949389767,0.0,0.0,0.0,0.11665565544650033,0.9931724211094202,2.0,0.0,0.0,0.0,0.0,0.0,0.0
290,0.0,-1.926517460409367,-79.6704638981956,0.0,0.0,0.0,0.8960688040455518,0.4439151928199514,2.0,0.0,0.0,0.0,0.0,0.0,0.0,0.0,2.0399818171595836,-74.5300420126833,0.0,0.0,0.0,0.9806116829236654,0.19596103519224595,2.0,0.0,0.0,0.0,0.0,0.0,0.0,0.0,-1.3650340430016659,-60.23535571847316,0.0,0.0,0.0,0.9085145228778313,-0.4178532777423992,2.0,0.0,0.0,0.0,0.0,0.0,0.0,0.0,-16.01229635841129,-59.05641724619828,0.0,0.0,0.0,-0.48939569436555963,0.8720618408899977,2.0,0.0,0.0,0.0,0.0,0.0,0.0,0.0,-21.659786451308683,-72.62247949389767,0.0,0.0,0.0,0.11665565544650033,0.9931724211094202,2.0,0.0,0.0,0.0,0.0,0.0,0.0
291,0.0,-1.8472049479640678,-79.60955846299977,0.0,0.0,0.0,0.8978372915408657,0.4403273758450213,2.0,0.0,0.0,0.0,0.0,0.0,0.0,0.0,2.0399818171595836,-74.5300420126833,0.0,0.0,0.0,0.9806116829236654,0.19596103519224595,2.0,0.0,0.0,0.0,0.0,0.0,0.0,0.0,-1.3650340430016659,-60.23535571847316,0.0,0.0,0.0,0.9085145228778313,-0.4178532777423992,2.0,0.0,0.0,0.0,0.0,0.0,0.0,0.0,-16.01229635841129,-59.05641724619828,0.0,0.0,0.0,-0.48939569436555963,0.8720618408899977,2.0,0.0,0.0,0.0,0.0,0.0,0.0,0.0,-21.659786451308683,-72.62247949389767,0.0,0.0,0.0,0.11665565544650033,0.9931724211094202,2.0,0.0,0.0,0.0,0.0,0.0,0.0
292,0.0,-1.76838221178995,-79.54802048343588,0.0,0.0,0.0,0.8995914136586687,0.43673251364147136,2.0,0.0,0.0,0.0,0.0,0.0,0.0,0.0,2.0399818171595836,-74.5300420126833,0.0,0.0,0.0,0.9806116829236654,0.19596103519224595,2.0,0.0,0.0,0.0,0.0,0.0,0.0,0.0,-1.3650340430016659,-60.23535571847316,0.0,0.0,0.0,0.9085145228778313,-0.4178532777423992,2.0,0.0,0.0,0.0,0.0,0.0,0.0,0.0,-16.01229635841129,-59.05641724619828,0.0,0.0,0.0,-0.48939569436555963,0.8720618408899977,2.0,0.0,0.0,0.0,0.0,0.0,0.0,0.0,-21.659786451308683,-72.62247949389767,0.0,0.0,0.0,0.11665565544650033,0.9931724211094202,2.0,0.0,0.0,0.0,0.0,0.0,0.0
293,0.0,-1.6900542965152257,-79.48585389791361,0.0,0.0,0.0,0.9013311423330446,0.4331306637270201,2.0,0.0,0.0,0.0,0.0,0.0,0.0,0.0,2.0399818171595836,-74.5300420126833,0.0,0.0,0.0,0.9806116829236654,0.19596103519224595,2.0,0.0,0.0,0.0,0.0,0.0,0.0,0.0,-1.3650340430016659,-60.23535571847316,0.0,0.0,0.0,0.9085145228778313,-0.4178532777423992,2.0,0.0,0.0,0.0,0.0,0.0,0.0,0.0,-16.01229635841129,-59.05641724619828,0.0,0.0,0.0,-0.48939569436555963,0.8720618408899977,2.0,0.0,0.0,0.0,0.0,0.0,0.0,0.0,-21.659786451308683,-72.62247949389767,0.0,0.0,0.0,0.11665565544650033,0.9931724211094202,2.0,0.0,0.0,0.0,0.0,0.0,0.0
294,0.0,-1.6122262150997333,-79.42306268507326,0.0,0.0,0.0,0.9030564497283715,0.4295218837311893,2.0,0.0,0.0,0.0,0.0,0.0,0.0,0.0,2.0399818171595836,-74.5300420126833,0.0,0.0,0.0,0.9806116829236654,0.19596103519224595,2.0,0.0,0.0,0.0,0.0,0.0,0.0,0.0,-1.3650340430016659,-60.23535571847316,0.0,0.0,0.0,0.9085145228778313,-0.4178532777423992,2.0,0.0,0.0,0.0,0.0,0.0,0.0,0.0,-16.01229635841129,-59.05641724619828,0.0,0.0,0.0,-0.48939569436555963,0.8720618408899977,2.0,0.0,0.0,0.0,0.0,0.0,0.0,0.0,-21.659786451308683,-72.62247949389767,0.0,0.0,0.0,0.11665565544650033,0.9931724211094202,2.0,0.0,0.0,0.0,0.0,0.0,0.0
295,0.0,-1.5349029485141221,-79.35965086353097,0.0,0.0,0.0,0.9047673082397679,0.42590623139438194,2.0,0.0,0.0,0.0,0.0,0.0,0.0,0.0,2.0399818171595836,-74.5300420126833,0.0,0.0,0.0,0.9806116829236654,0.19596103519224595,2.0,0.0,0.0,0.0,0.0,0.0,0.0,0.0,-1.3650340430016659,-60.23535571847316,0.0,0.0,0.0,0.9085145228778313,-0.4178532777423992,2.0,0.0,0.0,0.0,0.0,0.0,0.0,0.0,-16.01229635841129,-59.05641724619828,0.0,0.0,0.0,-0.48939569436555963,0.8720618408899977,2.0,0.0,0.0,0.0,0.0,0.0,0.0,0.0,-21.659786451308683,-72.62247949389767,0.0,0.0,0.0,0.11665565544650033,0.9931724211094202,2.0,0.0,0.0,0.0,0.0,0.0,0.0
296,0.0,-1.4580894454210576,-79.2956224916217,0.0,0.0,0.0,0.9064636904935341,0.42228376456695826,2.0,0.0,0.0,0.0,0.0,0.0,0.0,0.0,2.0399818171595836,-74.5300420126833,0.0,0.0,0.0,0.9806116829236654,0.19596103519224595,2.0,0.0,0.0,0.0,0.0,0.0,0.0,0.0,-1.3650340430016659,-60.23535571847316,0.0,0.0,0.0,0.9085145228778313,-0.4178532777423992,2.0,0.0,0.0,0.0,0.0,0.0,0.0,0.0,-16.01229635841129,-59.05641724619828,0.0,0.0,0.0,-0.48939569436555963,0.8720618408899977,2.0,0.0,0.0,0.0,0.0,0.0,0.0,0.0,-21.659786451308683,-72.62247949389767,0.0,0.0,0.0,0.11665565544650033,0.9931724211094202,2.0,0.0,0.0,0.0,0.0,0.0,0.0
297,0.0,-1.381790621858519,-79.23098166713937,0.0,0.0,0.0,0.9081455693475905,0.41865454120831025,2.0,0.0,0.0,0.0,0.0,0.0,0.0,0.0,2.0399818171595836,-74.5300420126833,0.0,0.0,0.0,0.9806116829236654,0.19596103519224595,2.0,0.0,0.0,0.0,0.0,0.0,0.0,0.0,-1.3650340430016659,-60.23535571847316,0.0,0.0,0.0,0.9085145228778313,-0.4178532777423992,2.0,0.0,0.0,0.0,0.0,0.0,0.0,0.0,-16.01229635841129,-59.05641724619828,0.0,0.0,0.0,-0.48939569436555963,0.8720618408899977,2.0,0.0,0.0,0.0,0.0,0.0,0.0,0.0,-21.659786451308683,-72.62247949389767,0.0,0.0,0.0,0.11665565544650033,0.9931724211094202,2.0,0.0,0.0,0.0,0.0,0.0,0.0
298,0.0,-1.306011360925174,-79.16573252707472,0.0,0.0,0.0,0.909812917891911,0.4150186193859342,2.0,0.0,0.0,0.0,0.0,0.0,0.0,0.0,2.0399818171595836,-74.5300420126833,0.0,0.0,0.0,0.9806116829236654,0.19596103519224595,2.0,0.0,0.0,0.0,0.0,0.0,0.0,0.0,-1.3650340430016659,-60.23535571847316,0.0,0.0,0.0,0.9085145228778313,-0.4178532777423992,2.0,0.0,0.0,0.0,0.0,0.0,0.0,0.0,-16.01229635841129,-59.05641724619828,0.0,0.0,0.0,-0.48939569436555963,0.8720618408899977,2.0,0.0,0.0,0.0,0.0,0.0,0.0,0.0,-21.659786451308683,-72.62247949389767,0.0,0.0,0.0,0.11665565544650033,0.9931724211094202,2.0,0.0,0.0,0.0,0.0,0.0,0.0
299,0.0,-1.2307565124678543,-79.09987924735043,0.0,0.0,0.0,0.9114657094489544,0.4113760572745017,2.0,0.0,0.0,0.0,0.0,0.0,0.0,0.0,2.0399818171595836,-74.5300420126833,0.0,0.0,0.0,0.9806116829236654,0.19596103519224595,2.0,0.0,0.0,0.0,0.0,0.0,0.0,0.0,-1.3650340430016659,-60.23535571847316,0.0,0.0,0.0,0.9085145228778313,-0.4178532777423992,2.0,0.0,0.0,0.0,0.0,0.0,0.0,0.0,-16.01229635841129,-59.05641724619828,0.0,0.0,0.0,-0.48939569436555963,0.8720618408899977,2.0,0.0,0.0,0.0,0.0,0.0,0.0,0.0,-21.659786451308683,-72.62247949389767,0.0,0.0,0.0,0.11665565544650033,0.9931724211094202,2.0,0.0,0.0,0.0,0.0,0.0,0.0
300,0.0,-1.1560308927711738,-79.03342604255393,0.0,0.0,0.0,0.9131039175740914,0.4077269131549288,2.0,0.0,0.0,0.0,0.0,0.0,0.0,0.0,2.0399818171595836,-74.5300420126833,0.0,0.0,0.0,0.9806116829236654,0.19596103519224595,2.0,0.0,0.0,0.0,0.0,0.0,0.0,0.0,-1.3650340430016659,-60.23535571847316,0.0,0.0,0.0,0.9085145228778313,-0.4178532777423992,2.0,0.0,0.0,0.0,0.0,0.0,0.0,0.0,-16.01229635841129,-59.05641724619828,0.0,0.0,0.0,-0.48939569436555963,0.8720618408899977,2.0,0.0,0.0,0.0,0.0,0.0,0.0,0.0,-21.659786451308683,-72.62247949389767,0.0,0.0,0.0,0.11665565544650033,0.9931724211094202,2.0,0.0,0.0,0.0,0.0,0.0,0.0
301,0.0,-1.0818392842492859,-78.96637716566761,0.0,0.0,0.0,0.9147275160560268,0.40407124541344364,2.0,0.0,0.0,0.0,0.0,0.0,0.0,0.0,2.0399818171595836,-74.5300420126833,0.0,0.0,0.0,0.9806116829236654,0.19596103519224595,2.0,0.0,0.0,0.0,0.0,0.0,0.0,0.0,-1.3650340430016659,-60.23535571847316,0.0,0.0,0.0,0.9085145228778313,-0.4178532777423992,2.0,0.0,0.0,0.0,0.0,0.0,0.0,0.0,-16.01229635841129,-59.05641724619828,0.0,0.0,0.0,-0.48939569436555963,0.8720618408899977,2.0,0.0,0.0,0.0,0.0,0.0,0.0,0.0,-21.659786451308683,-72.62247949389767,0.0,0.0,0.0,0.11665565544650033,0.9931724211094202,2.0,0.0,0.0,0.0,0.0,0.0,0.0
302,0.0,-1.0081864351398142,-78.89873690779675,0.0,0.0,0.0,0.9163364789172193,0.400409112540652,2.0,0.0,0.0,0.0,0.0,0.0,0.0,0.0,2.0399818171595836,-74.5300420126833,0.0,0.0,0.0,0.9806116829236654,0.19596103519224595,2.0,0.0,0.0,0.0,0.0,0.0,0.0,0.0,-1.3650340430016659,-60.23535571847316,0.0,0.0,0.0,0.9085145228778313,-0.4178532777423992,2.0,0.0,0.0,0.0,0.0,0.0,0.0,0.0,-16.01229635841129,-59.05641724619828,0.0,0.0,0.0,-0.48939569436555963,0.8720618408899977,2.0,0.0,0.0,0.0,0.0,0.0,0.0,0.0,-21.659786451308683,-72.62247949389767,0.0,0.0,0.0,0.11665565544650033,0.9931724211094202,2.0,0.0,0.0,0.0,0.0,0.0,0.0
303,0.0,-0.9350770591999602,-78.83050959789472,0.0,0.0,0.0,0.9179307804142977,0.3967405731306018,2.0,0.0,0.0,0.0,0.0,0.0,0.0,0.0,2.0399818171595836,-74.5300420126833,0.0,0.0,0.0,0.9806116829236654,0.19596103519224595,2.0,0.0,0.0,0.0,0.0,0.0,0.0,0.0,-1.3650340430016659,-60.23535571847316,0.0,0.0,0.0,0.9085145228778313,-0.4178532777423992,2.0,0.0,0.0,0.0,0.0,0.0,0.0,0.0,-16.01229635841129,-59.05641724619828,0.0,0.0,0.0,-0.48939569436555963,0.8720618408899977,2.0,0.0,0.0,0.0,0.0,0.0,0.0,0.0,-21.659786451308683,-72.62247949389767,0.0,0.0,0.0,0.11665565544650033,0.9931724211094202,2.0,0.0,0.0,0.0,0.0,0.0,0.0
304,0.0,-0.8625158354048317,-78.76169960248612,0.0,0.0,0.0,0.919510395038472,0.39306568587984525,2.0,0.0,0.0,0.0,0.0,0.0,0.0,0.0,2.0399818171595836,-74.5300420126833,0.0,0.0,0.0,0.9806116829236654,0.19596103519224595,2.0,0.0,0.0,0.0,0.0,0.0,0.0,0.0,-1.3650340430016659,-60.23535571847316,0.0,0.0,0.0,0.9085145228778313,-0.4178532777423992,2.0,0.0,0.0,0.0,0.0,0.0,0.0,0.0,-16.01229635841129,-59.05641724619828,0.0,0.0,0.0,-0.48939569436555963,0.8720618408899977,2.0,0.0,0.0,0.0,0.0,0.0,0.0,0.0,-21.659786451308683,-72.62247949389767,0.0,0.0,0.0,0.11665565544650033,0.9931724211094202,2.0,0.0,0.0,0.0,0.0,0.0,0.0
305,0.0,-0.790507407647981,-78.69231132538712,0.0,0.0,0.0,0.9210752975159419,0.38938450958650006,2.0,0.0,0.0,0.0,0.0,0.0,0.0,0.0,2.0399818171595836,-74.5300420126833,0.0,0.0,0.0,0.9806116829236654,0.19596103519224595,2.0,0.0,0.0,0.0,0.0,0.0,0.0,0.0,-1.3650340430016659,-60.23535571847316,0.0,0.0,0.0,0.9085145228778313,-0.4178532777423992,2.0,0.0,0.0,0.0,0.0,0.0,0.0,0.0,-16.01229635841129,-59.05641724619828,0.0,0.0,0.0,-0.48939569436555963,0.8720618408899977,2.0,0.0,0.0,0.0,0.0,0.0,0.0,0.0,-21.659786451308683,-72.62247949389767,0.0,0.0,0.0,0.11665565544650033,0.9931724211094202,2.0,0.0,0.0,0.0,0.0,0.0,0.0
306,0.0,-0.7190563844442046,-78.6223492074238,0.0,0.0,0.0,0.9226254628083012,0.38569710314930833,2.0,0.0,0.0,0.0,0.0,0.0,0.0,0.0,2.0399818171595836,-74.5300420126833,0.0,0.0,0.0,0.9806116829236654,0.19596103519224595,2.0,0.0,0.0,0.0,0.0,0.0,0.0,0.0,-1.3650340430016659,-60.23535571847316,0.0,0.0,0.0,0.9085145228778313,-0.4178532777423992,2.0,0.0,0.0,0.0,0.0,0.0,0.0,0.0,-16.01229635841129,-59.05641724619828,0.0,0.0,0.0,-0.48939569436555963,0.8720618408899977,2.0,0.0,0.0,0.0,0.0,0.0,0.0,0.0,-21.659786451308683,-72.62247949389767,0.0,0.0,0.0,0.11665565544650033,0.9931724211094202,2.0,0.0,0.0,0.0,0.0,0.0,0.0
307,0.0,-0.6481673386346056,-78.5518177261478,0.0,0.0,0.0,0.924160866112938,0.3820035255666944,2.0,0.0,0.0,0.0,0.0,0.0,0.0,0.0,2.0399818171595836,-74.5300420126833,0.0,0.0,0.0,0.9806116829236654,0.19596103519224595,2.0,0.0,0.0,0.0,0.0,0.0,0.0,0.0,-1.3650340430016659,-60.23535571847316,0.0,0.0,0.0,0.9085145228778313,-0.4178532777423992,2.0,0.0,0.0,0.0,0.0,0.0,0.0,0.0,-16.01229635841129,-59.05641724619828,0.0,0.0,0.0,-0.48939569436555963,0.8720618408899977,2.0,0.0,0.0,0.0,0.0,0.0,0.0,0.0,-21.659786451308683,-72.62247949389767,0.0,0.0,0.0,0.11665565544650033,0.9931724211094202,2.0,0.0,0.0,0.0,0.0,0.0,0.0
308,0.0,-0.5778448070939142,-78.48072139554989,0.0,0.0,0.0,0.9256814828634327,0.37830383593582084,2.0,0.0,0.0,0.0,0.0,0.0,0.0,0.0,2.0399818171595836,-74.5300420126833,0.0,0.0,0.0,0.9806116829236654,0.19596103519224595,2.0,0.0,0.0,0.0,0.0,0.0,0.0,0.0,-1.3650340430016659,-60.23535571847316,0.0,0.0,0.0,0.9085145228778313,-0.4178532777423992,2.0,0.0,0.0,0.0,0.0,0.0,0.0,0.0,-16.01229635841129,-59.05641724619828,0.0,0.0,0.0,-0.48939569436555963,0.8720618408899977,2.0,0.0,0.0,0.0,0.0,0.0,0.0,0.0,-21.659786451308683,-72.62247949389767,0.0,0.0,0.0,0.11665565544650033,0.9931724211094202,2.0,0.0,0.0,0.0,0.0,0.0,0.0
309,0.0,-0.5080932904401436,-78.40906476577092,0.0,0.0,0.0,0.9271872887299493,0.3745980934516428,2.0,0.0,0.0,0.0,0.0,0.0,0.0,0.0,2.0399818171595836,-74.5300420126833,0.0,0.0,0.0,0.9806116829236654,0.19596103519224595,2.0,0.0,0.0,0.0,0.0,0.0,0.0,0.0,-1.3650340430016659,-60.23535571847316,0.0,0.0,0.0,0.9085145228778313,-0.4178532777423992,2.0,0.0,0.0,0.0,0.0,0.0,0.0,0.0,-16.01229635841129,-59.05641724619828,0.0,0.0,0.0,-0.48939569436555963,0.8720618408899977,2.0,0.0,0.0,0.0,0.0,0.0,0.0,0.0,-21.659786451308683,-72.62247949389767,0.0,0.0,0.0,0.11665565544650033,0.9931724211094202,2.0,0.0,0.0,0.0,0.0,0.0,0.0
310,0.0,-0.43891725274655613,-78.33685242281076,0.0,0.0,0.0,0.9286782596196261,0.37088635740596093,2.0,0.0,0.0,0.0,0.0,0.0,0.0,0.0,2.0399818171595836,-74.5300420126833,0.0,0.0,0.0,0.9806116829236654,0.19596103519224595,2.0,0.0,0.0,0.0,0.0,0.0,0.0,0.0,-1.3650340430016659,-60.23535571847316,0.0,0.0,0.0,0.9085145228778313,-0.4178532777423992,2.0,0.0,0.0,0.0,0.0,0.0,0.0,0.0,-16.01229635841129,-59.05641724619828,0.0,0.0,0.0,-0.48939569436555963,0.8720618408899977,2.0,0.0,0.0,0.0,0.0,0.0,0.0,0.0,-21.659786451308683,-72.62247949389767,0.0,0.0,0.0,0.11665565544650033,0.9931724211094202,2.0,0.0,0.0,0.0,0.0,0.0,0.0
311,0.0,-0.37032112125594985,-78.2640889882347,0.0,0.0,0.0,0.930154371676961,0.36716868718647283,2.0,0.0,0.0,0.0,0.0,0.0,0.0,0.0,2.0399818171595836,-74.5300420126833,0.0,0.0,0.0,0.9806116829236654,0.19596103519224595,2.0,0.0,0.0,0.0,0.0,0.0,0.0,0.0,-1.3650340430016659,-60.23535571847316,0.0,0.0,0.0,0.9085145228778313,-0.4178532777423992,2.0,0.0,0.0,0.0,0.0,0.0,0.0,0.0,-16.01229635841129,-59.05641724619828,0.0,0.0,0.0,-0.48939569436555963,0.8720618408899977,2.0,0.0,0.0,0.0,0.0,0.0,0.0,0.0,-21.659786451308683,-72.62247949389767,0.0,0.0,0.0,0.11665565544650033,0.9931724211094202,2.0,0.0,0.0,0.0,0.0,0.0,0.0
312,0.0,-0.30230928609732466,-78.19077911887773,0.0,0.0,0.0,0.9316156012841922,0.36344514227582264,2.0,0.0,0.0,0.0,0.0,0.0,0.0,0.0,2.0399818171595836,-74.5300420126833,0.0,0.0,0.0,0.9806116829236654,0.19596103519224595,2.0,0.0,0.0,0.0,0.0,0.0,0.0,0.0,-1.3650340430016659,-60.23535571847316,0.0,0.0,0.0,0.9085145228778313,-0.4178532777423992,2.0,0.0,0.0,0.0,0.0,0.0,0.0,0.0,-16.01229635841129,-59.05641724619828,0.0,0.0,0.0,-0.48939569436555963,0.8720618408899977,2.0,0.0,0.0,0.0,0.0,0.0,0.0,0.0,-21.659786451308683,-72.62247949389767,0.0,0.0,0.0,0.11665565544650033,0.9931724211094202,2.0,0.0,0.0,0.0,0.0,0.0,0.0
313,0.0,-0.23488610000491938,-78.11692750654646,0.0,0.0,0.0,0.9330619250616774,0.35971578225064954,2.0,0.0,0.0,0.0,0.0,0.0,0.0,0.0,2.0399818171595836,-74.5300420126833,0.0,0.0,0.0,0.9806116829236654,0.19596103519224595,2.0,0.0,0.0,0.0,0.0,0.0,0.0,0.0,-1.3650340430016659,-60.23535571847316,0.0,0.0,0.0,0.9085145228778313,-0.4178532777423992,2.0,0.0,0.0,0.0,0.0,0.0,0.0,0.0,-16.01229635841129,-59.05641724619828,0.0,0.0,0.0,-0.48939569436555963,0.8720618408899977,2.0,0.0,0.0,0.0,0.0,0.0,0.0,0.0,-21.659786451308683,-72.62247949389767,0.0,0.0,0.0,0.11665565544650033,0.9931724211094202,2.0,0.0,0.0,0.0,0.0,0.0,0.0
314,0.0,-0.16805587803962574,-78.04253887771885,0.0,0.0,0.0,0.9344933198682669,0.35598066678063434,2.0,0.0,0.0,0.0,0.0,0.0,0.0,0.0,2.0399818171595836,-74.5300420126833,0.0,0.0,0.0,0.9806116829236654,0.19596103519224595,2.0,0.0,0.0,0.0,0.0,0.0,0.0,0.0,-1.3650340430016659,-60.23535571847316,0.0,0.0,0.0,0.9085145228778313,-0.4178532777423992,2.0,0.0,0.0,0.0,0.0,0.0,0.0,0.0,-16.01229635841129,-59.05641724619828,0.0,0.0,0.0,-0.48939569436555963,0.8720618408899977,2.0,0.0,0.0,0.0,0.0,0.0,0.0,0.0,-21.659786451308683,-72.62247949389767,0.0,0.0,0.0,0.11665565544650033,0.9931724211094202,2.0,0.0,0.0,0.0,0.0,0.0,0.0
315,0.0,-0.101822897312843,-77.96761799324179,0.0,0.0,0.0,0.9359097628016744,0.3522398556275449,2.0,0.0,0.0,0.0,0.0,0.0,0.0,0.0,2.0399818171595836,-74.5300420126833,0.0,0.0,0.0,0.9806116829236654,0.19596103519224595,2.0,0.0,0.0,0.0,0.0,0.0,0.0,0.0,-1.3650340430016659,-60.23535571847316,0.0,0.0,0.0,0.9085145228778313,-0.4178532777423992,2.0,0.0,0.0,0.0,0.0,0.0,0.0,0.0,-16.01229635841129,-59.05641724619828,0.0,0.0,0.0,-0.48939569436555963,0.8720618408899977,2.0,0.0,0.0,0.0,0.0,0.0,0.0,0.0,-21.659786451308683,-72.62247949389767,0.0,0.0,0.0,0.11665565544650033,0.9931724211094202,2.0,0.0,0.0,0.0,0.0,0.0,0.0
316,0.0,-0.0361913967127272,-77.89216964802628,0.0,0.0,0.0,0.937311231198843,0.3484934086442799,2.0,0.0,0.0,0.0,0.0,0.0,0.0,0.0,2.0399818171595836,-74.5300420126833,0.0,0.0,0.0,0.9806116829236654,0.19596103519224595,2.0,0.0,0.0,0.0,0.0,0.0,0.0,0.0,-1.3650340430016659,-60.23535571847316,0.0,0.0,0.0,0.9085145228778313,-0.4178532777423992,2.0,0.0,0.0,0.0,0.0,0.0,0.0,0.0,-16.01229635841129,-59.05641724619828,0.0,0.0,0.0,-0.48939569436555963,0.8720618408899977,2.0,0.0,0.0,0.0,0.0,0.0,0.0,0.0,-21.659786451308683,-72.62247949389767,0.0,0.0,0.0,0.11665565544650033,0.9931724211094202,2.0,0.0,0.0,0.0,0.0,0.0,0.0
317,0.0,0.028834423367085193,-77.81619867074069,0.0,0.0,0.0,0.9386977026363085,0.3447413857739111,2.0,0.0,0.0,0.0,0.0,0.0,0.0,0.0,2.0399818171595836,-74.5300420126833,0.0,0.0,0.0,0.9806116829236654,0.19596103519224595,2.0,0.0,0.0,0.0,0.0,0.0,0.0,0.0,-1.3650340430016659,-60.23535571847316,0.0,0.0,0.0,0.9085145228778313,-0.4178532777423992,2.0,0.0,0.0,0.0,0.0,0.0,0.0,0.0,-16.01229635841129,-59.05641724619828,0.0,0.0,0.0,-0.48939569436555963,0.8720618408899977,2.0,0.0,0.0,0.0,0.0,0.0,0.0,0.0,-21.659786451308683,-72.62247949389767,0.0,0.0,0.0,0.11665565544650033,0.9931724211094202,2.0,0.0,0.0,0.0,0.0,0.0,0.0
318,0.0,0.09325040129630224,-77.73970992350162,0.0,0.0,0.0,0.9400691549305573,0.3409838470487244,2.0,0.0,0.0,0.0,0.0,0.0,0.0,0.0,2.0399818171595836,-74.5300420126833,0.0,0.0,0.0,0.9806116829236654,0.19596103519224595,2.0,0.0,0.0,0.0,0.0,0.0,0.0,0.0,-1.3650340430016659,-60.23535571847316,0.0,0.0,0.0,0.9085145228778313,-0.4178532777423992,2.0,0.0,0.0,0.0,0.0,0.0,0.0,0.0,-16.01229635841129,-59.05641724619828,0.0,0.0,0.0,-0.48939569436555963,0.8720618408899977,2.0,0.0,0.0,0.0,0.0,0.0,0.0,0.0,-21.659786451308683,-72.62247949389767,0.0,0.0,0.0,0.11665565544650033,0.9931724211094202,2.0,0.0,0.0,0.0,0.0,0.0,0.0
319,0.0,0.15705241447432705,-77.66270830156279,0.0,0.0,0.0,0.941425566138382,0.3372208525892592,2.0,0.0,0.0,0.0,0.0,0.0,0.0,0.0,2.0399818171595836,-74.5300420126833,0.0,0.0,0.0,0.9806116829236654,0.19596103519224595,2.0,0.0,0.0,0.0,0.0,0.0,0.0,0.0,-1.3650340430016659,-60.23535571847316,0.0,0.0,0.0,0.9085145228778313,-0.4178532777423992,2.0,0.0,0.0,0.0,0.0,0.0,0.0,0.0,-16.01229635841129,-59.05641724619828,0.0,0.0,0.0,-0.48939569436555963,0.8720618408899977,2.0,0.0,0.0,0.0,0.0,0.0,0.0,0.0,-21.659786451308683,-72.62247949389767,0.0,0.0,0.0,0.11665565544650033,0.9931724211094202,2.0,0.0,0.0,0.0,0.0,0.0,0.0
320,0.0,0.22023637959409115,-77.5851987330017,0.0,0.0,0.0,0.9427669145572323,0.3334524626033467,2.0,0.0,0.0,0.0,0.0,0.0,0.0,0.0,2.0399818171595836,-74.5300420126833,0.0,0.0,0.0,0.9806116829236654,0.19596103519224595,2.0,0.0,0.0,0.0,0.0,0.0,0.0,0.0,-1.3650340430016659,-60.23535571847316,0.0,0.0,0.0,0.9085145228778313,-0.4178532777423992,2.0,0.0,0.0,0.0,0.0,0.0,0.0,0.0,-16.01229635841129,-59.05641724619828,0.0,0.0,0.0,-0.48939569436555963,0.8720618408899977,2.0,0.0,0.0,0.0,0.0,0.0,0.0,0.0,-21.659786451308683,-72.62247949389767,0.0,0.0,0.0,0.11665565544650033,0.9931724211094202,2.0,0.0,0.0,0.0,0.0,0.0,0.0
321,0.0,0.28279825290339566,-77.50718617840431,0.0,0.0,0.0,0.944093178725562,0.32967873738514614,2.0,0.0,0.0,0.0,0.0,0.0,0.0,0.0,2.0399818171595836,-74.5300420126833,0.0,0.0,0.0,0.9806116829236654,0.19596103519224595,2.0,0.0,0.0,0.0,0.0,0.0,0.0,0.0,-1.3650340430016659,-60.23535571847316,0.0,0.0,0.0,0.9085145228778313,-0.4178532777423992,2.0,0.0,0.0,0.0,0.0,0.0,0.0,0.0,-16.01229635841129,-59.05641724619828,0.0,0.0,0.0,-0.48939569436555963,0.8720618408899977,2.0,0.0,0.0,0.0,0.0,0.0,0.0,0.0,-21.659786451308683,-72.62247949389767,0.0,0.0,0.0,0.11665565544650033,0.9931724211094202,2.0,0.0,0.0,0.0,0.0,0.0,0.0
322,0.0,0.34473403046370166,-77.42867563054747,0.0,0.0,0.0,0.9454043374231726,0.32589973731418054,2.0,0.0,0.0,0.0,0.0,0.0,0.0,0.0,2.0399818171595836,-74.5300420126833,0.0,0.0,0.0,0.9806116829236654,0.19596103519224595,2.0,0.0,0.0,0.0,0.0,0.0,0.0,0.0,-1.3650340430016659,-60.23535571847316,0.0,0.0,0.0,0.9085145228778313,-0.4178532777423992,2.0,0.0,0.0,0.0,0.0,0.0,0.0,0.0,-16.01229635841129,-59.05641724619828,0.0,0.0,0.0,-0.48939569436555963,0.8720618408899977,2.0,0.0,0.0,0.0,0.0,0.0,0.0,0.0,-21.659786451308683,-72.62247949389767,0.0,0.0,0.0,0.11665565544650033,0.9931724211094202,2.0,0.0,0.0,0.0,0.0,0.0,0.0
323,0.0,0.40603974840638735,-77.34967211407945,0.0,0.0,0.0,0.9467003696715532,0.32211552285437045,2.0,0.0,0.0,0.0,0.0,0.0,0.0,0.0,2.0399818171595836,-74.5300420126833,0.0,0.0,0.0,0.9806116829236654,0.19596103519224595,2.0,0.0,0.0,0.0,0.0,0.0,0.0,0.0,-1.3650340430016659,-60.23535571847316,0.0,0.0,0.0,0.9085145228778313,-0.4178532777423992,2.0,0.0,0.0,0.0,0.0,0.0,0.0,0.0,-16.01229635841129,-59.05641724619828,0.0,0.0,0.0,-0.48939569436555963,0.8720618408899977,2.0,0.0,0.0,0.0,0.0,0.0,0.0,0.0,-21.659786451308683,-72.62247949389767,0.0,0.0,0.0,0.11665565544650033,0.9931724211094202,2.0,0.0,0.0,0.0,0.0,0.0,0.0
324,0.0,0.46671148318642786,-77.27018068519834,0.0,0.0,0.0,0.9479812547342154,0.3183261545530665,2.0,0.0,0.0,0.0,0.0,0.0,0.0,0.0,2.0399818171595836,-74.5300420126833,0.0,0.0,0.0,0.9806116829236654,0.19596103519224595,2.0,0.0,0.0,0.0,0.0,0.0,0.0,0.0,-1.3650340430016659,-60.23535571847316,0.0,0.0,0.0,0.9085145228778313,-0.4178532777423992,2.0,0.0,0.0,0.0,0.0,0.0,0.0,0.0,-16.01229635841129,-59.05641724619828,0.0,0.0,0.0,-0.48939569436555963,0.8720618408899977,2.0,0.0,0.0,0.0,0.0,0.0,0.0,0.0,-21.659786451308683,-72.62247949389767,0.0,0.0,0.0,0.11665565544650033,0.9931724211094202,2.0,0.0,0.0,0.0,0.0,0.0,0.0
325,0.0,0.5267453518335099,-77.19020643132845,0.0,0.0,0.0,0.9492469721170252,0.31453169304008066,2.0,0.0,0.0,0.0,0.0,0.0,0.0,0.0,2.0399818171595836,-74.5300420126833,0.0,0.0,0.0,0.9806116829236654,0.19596103519224595,2.0,0.0,0.0,0.0,0.0,0.0,0.0,0.0,-1.3650340430016659,-60.23535571847316,0.0,0.0,0.0,0.9085145228778313,-0.4178532777423992,2.0,0.0,0.0,0.0,0.0,0.0,0.0,0.0,-16.01229635841129,-59.05641724619828,0.0,0.0,0.0,-0.48939569436555963,0.8720618408899977,2.0,0.0,0.0,0.0,0.0,0.0,0.0,0.0,-21.659786451308683,-72.62247949389767,0.0,0.0,0.0,0.11665565544650033,0.9931724211094202,2.0,0.0,0.0,0.0,0.0,0.0,0.0
326,0.0,0.5861375122005299,-77.10975447079474,0.0,0.0,0.0,0.9504975015685319,0.31073219902671617,2.0,0.0,0.0,0.0,0.0,0.0,0.0,0.0,2.0399818171595836,-74.5300420126833,0.0,0.0,0.0,0.9806116829236654,0.19596103519224595,2.0,0.0,0.0,0.0,0.0,0.0,0.0,0.0,-1.3650340430016659,-60.23535571847316,0.0,0.0,0.0,0.9085145228778313,-0.4178532777423992,2.0,0.0,0.0,0.0,0.0,0.0,0.0,0.0,-16.01229635841129,-59.05641724619828,0.0,0.0,0.0,-0.48939569436555963,0.8720618408899977,2.0,0.0,0.0,0.0,0.0,0.0,0.0,0.0,-21.659786451308683,-72.62247949389767,0.0,0.0,0.0,0.11665565544650033,0.9931724211094202,2.0,0.0,0.0,0.0,0.0,0.0,0.0
327,0.0,0.644884163209495,-77.0288299524952,0.0,0.0,0.0,0.9517328230802907,0.3069277333047962,2.0,0.0,0.0,0.0,0.0,0.0,0.0,0.0,2.0399818171595836,-74.5300420126833,0.0,0.0,0.0,0.9806116829236654,0.19596103519224595,2.0,0.0,0.0,0.0,0.0,0.0,0.0,0.0,-1.3650340430016659,-60.23535571847316,0.0,0.0,0.0,0.9085145228778313,-0.4178532777423992,2.0,0.0,0.0,0.0,0.0,0.0,0.0,0.0,-16.01229635841129,-59.05641724619828,0.0,0.0,0.0,-0.48939569436555963,0.8720618408899977,2.0,0.0,0.0,0.0,0.0,0.0,0.0,0.0,-21.659786451308683,-72.62247949389767,0.0,0.0,0.0,0.11665565544650033,0.9931724211094202,2.0,0.0,0.0,0.0,0.0,0.0,0.0
328,0.0,0.7029815450947972,-76.94743805557141,0.0,0.0,0.0,0.9529529168871839,0.30311835674569115,2.0,0.0,0.0,0.0,0.0,0.0,0.0,0.0,2.0399818171595836,-74.5300420126833,0.0,0.0,0.0,0.9806116829236654,0.19596103519224595,2.0,0.0,0.0,0.0,0.0,0.0,0.0,0.0,-1.3650340430016659,-60.23535571847316,0.0,0.0,0.0,0.9085145228778313,-0.4178532777423992,2.0,0.0,0.0,0.0,0.0,0.0,0.0,0.0,-16.01229635841129,-59.05641724619828,0.0,0.0,0.0,-0.48939569436555963,0.8720618408899977,2.0,0.0,0.0,0.0,0.0,0.0,0.0,0.0,-21.659786451308683,-72.62247949389767,0.0,0.0,0.0,0.11665565544650033,0.9931724211094202,2.0,0.0,0.0,0.0,0.0,0.0,0.0
329,0.0,0.760425939643822,-76.86558398907697,0.0,0.0,0.0,0.9541577634677364,0.2993041302993447,2.0,0.0,0.0,0.0,0.0,0.0,0.0,0.0,2.0399818171595836,-74.5300420126833,0.0,0.0,0.0,0.9806116829236654,0.19596103519224595,2.0,0.0,0.0,0.0,0.0,0.0,0.0,0.0,-1.3650340430016659,-60.23535571847316,0.0,0.0,0.0,0.9085145228778313,-0.4178532777423992,2.0,0.0,0.0,0.0,0.0,0.0,0.0,0.0,-16.01229635841129,-59.05641724619828,0.0,0.0,0.0,-0.48939569436555963,0.8720618408899977,2.0,0.0,0.0,0.0,0.0,0.0,0.0,0.0,-21.659786451308683,-72.62247949389767,0.0,0.0,0.0,0.11665565544650033,0.9931724211094202,2.0,0.0,0.0,0.0,0.0,0.0,0.0
330,0.0,0.8172136704349278,-76.7832729916442,0.0,0.0,0.0,0.955347343544429,0.2954851149932986,2.0,0.0,0.0,0.0,0.0,0.0,0.0,0.0,2.0399818171595836,-74.5300420126833,0.0,0.0,0.0,0.9806116829236654,0.19596103519224595,2.0,0.0,0.0,0.0,0.0,0.0,0.0,0.0,-1.3650340430016659,-60.23535571847316,0.0,0.0,0.0,0.9085145228778313,-0.4178532777423992,2.0,0.0,0.0,0.0,0.0,0.0,0.0,0.0,-16.01229635841129,-59.05641724619828,0.0,0.0,0.0,-0.48939569436555963,0.8720618408899977,2.0,0.0,0.0,0.0,0.0,0.0,0.0,0.0,-21.659786451308683,-72.62247949389767,0.0,0.0,0.0,0.11665565544650033,0.9931724211094202,2.0,0.0,0.0,0.0,0.0,0.0,0.0
331,0.0,0.8733411030727254,-76.70051033114885,0.0,0.0,0.0,0.9565216380840055,0.29166137193171626,2.0,0.0,0.0,0.0,0.0,0.0,0.0,0.0,2.0399818171595836,-74.5300420126833,0.0,0.0,0.0,0.9806116829236654,0.19596103519224595,2.0,0.0,0.0,0.0,0.0,0.0,0.0,0.0,-1.3650340430016659,-60.23535571847316,0.0,0.0,0.0,0.9085145228778313,-0.4178532777423992,2.0,0.0,0.0,0.0,0.0,0.0,0.0,0.0,-16.01229635841129,-59.05641724619828,0.0,0.0,0.0,-0.48939569436555963,0.8720618408899977,2.0,0.0,0.0,0.0,0.0,0.0,0.0,0.0,-21.659786451308683,-72.62247949389767,0.0,0.0,0.0,0.11665565544650033,0.9931724211094202,2.0,0.0,0.0,0.0,0.0,0.0,0.0
332,0.0,0.9288046454206871,-76.61730130437292,0.0,0.0,0.0,0.9576806282977783,0.2878329622944052,2.0,0.0,0.0,0.0,0.0,0.0,0.0,0.0,2.0399818171595836,-74.5300420126833,0.0,0.0,0.0,0.9806116829236654,0.19596103519224595,2.0,0.0,0.0,0.0,0.0,0.0,0.0,0.0,-1.3650340430016659,-60.23535571847316,0.0,0.0,0.0,0.9085145228778313,-0.4178532777423992,2.0,0.0,0.0,0.0,0.0,0.0,0.0,0.0,-16.01229635841129,-59.05641724619828,0.0,0.0,0.0,-0.48939569436555963,0.8720618408899977,2.0,0.0,0.0,0.0,0.0,0.0,0.0,0.0,-21.659786451308683,-72.62247949389767,0.0,0.0,0.0,0.11665565544650033,0.9931724211094202,2.0,0.0,0.0,0.0,0.0,0.0,0.0
333,0.0,0.9836007478310336,-76.53365123666575,0.0,0.0,0.0,0.9588242956419291,0.2839999473358378,2.0,0.0,0.0,0.0,0.0,0.0,0.0,0.0,2.0399818171595836,-74.5300420126833,0.0,0.0,0.0,0.9806116829236654,0.19596103519224595,2.0,0.0,0.0,0.0,0.0,0.0,0.0,0.0,-1.3650340430016659,-60.23535571847316,0.0,0.0,0.0,0.9085145228778313,-0.4178532777423992,2.0,0.0,0.0,0.0,0.0,0.0,0.0,0.0,-16.01229635841129,-59.05641724619828,0.0,0.0,0.0,-0.48939569436555963,0.8720618408899977,2.0,0.0,0.0,0.0,0.0,0.0,0.0,0.0,-21.659786451308683,-72.62247949389767,0.0,0.0,0.0,0.11665565544650033,0.9931724211094202,2.0,0.0,0.0,0.0,0.0,0.0,0.0
334,0.0,1.0377259033719124,-76.44956548160309,0.0,0.0,0.0,0.9599526218178044,0.2801623883841717,2.0,0.0,0.0,0.0,0.0,0.0,0.0,0.0,2.0399818171595836,-74.5300420126833,0.0,0.0,0.0,0.9806116829236654,0.19596103519224595,2.0,0.0,0.0,0.0,0.0,0.0,0.0,0.0,-1.3650340430016659,-60.23535571847316,0.0,0.0,0.0,0.9085145228778313,-0.4178532777423992,2.0,0.0,0.0,0.0,0.0,0.0,0.0,0.0,-16.01229635841129,-59.05641724619828,0.0,0.0,0.0,-0.48939569436555963,0.8720618408899977,2.0,0.0,0.0,0.0,0.0,0.0,0.0,0.0,-21.659786451308683,-72.62247949389767,0.0,0.0,0.0,0.11665565544650033,0.9931724211094202,2.0,0.0,0.0,0.0,0.0,0.0,0.0
335,0.0,1.0911766480518459,-76.3650494206446,0.0,0.0,0.0,0.9610655887722096,0.27632034684026824,2.0,0.0,0.0,0.0,0.0,0.0,0.0,0.0,2.0399818171595836,-74.5300420126833,0.0,0.0,0.0,0.9806116829236654,0.19596103519224595,2.0,0.0,0.0,0.0,0.0,0.0,0.0,0.0,-1.3650340430016659,-60.23535571847316,0.0,0.0,0.0,0.9085145228778313,-0.4178532777423992,2.0,0.0,0.0,0.0,0.0,0.0,0.0,0.0,-16.01229635841129,-59.05641724619828,0.0,0.0,0.0,-0.48939569436555963,0.8720618408899977,2.0,0.0,0.0,0.0,0.0,0.0,0.0,0.0,-21.659786451308683,-72.62247949389767,0.0,0.0,0.0,0.11665565544650033,0.9931724211094202,2.0,0.0,0.0,0.0,0.0,0.0,0.0
336,0.0,1.143949561041417,-76.28010846278929,0.0,0.0,0.0,0.9621631786976972,0.27247388417671015,2.0,0.0,0.0,0.0,0.0,0.0,0.0,0.0,2.0399818171595836,-74.5300420126833,0.0,0.0,0.0,0.9806116829236654,0.19596103519224595,2.0,0.0,0.0,0.0,0.0,0.0,0.0,0.0,-1.3650340430016659,-60.23535571847316,0.0,0.0,0.0,0.9085145228778313,-0.4178532777423992,2.0,0.0,0.0,0.0,0.0,0.0,0.0,0.0,-16.01229635841129,-59.05641724619828,0.0,0.0,0.0,-0.48939569436555963,0.8720618408899977,2.0,0.0,0.0,0.0,0.0,0.0,0.0,0.0,-21.659786451308683,-72.62247949389767,0.0,0.0,0.0,0.11665565544650033,0.9931724211094202,2.0,0.0,0.0,0.0,0.0,0.0,0.0
337,0.0,1.1960412648922105,-76.1947480442295,0.0,0.0,0.0,0.9632453740328517,0.268623061936818,2.0,0.0,0.0,0.0,0.0,0.0,0.0,0.0,2.0399818171595836,-74.5300420126833,0.0,0.0,0.0,0.9806116829236654,0.19596103519224595,2.0,0.0,0.0,0.0,0.0,0.0,0.0,0.0,-1.3650340430016659,-60.23535571847316,0.0,0.0,0.0,0.9085145228778313,-0.4178532777423992,2.0,0.0,0.0,0.0,0.0,0.0,0.0,0.0,-16.01229635841129,-59.05641724619828,0.0,0.0,0.0,-0.48939569436555963,0.8720618408899977,2.0,0.0,0.0,0.0,0.0,0.0,0.0,0.0,-21.659786451308683,-72.62247949389767,0.0,0.0,0.0,0.11665565544650033,0.9931724211094202,2.0,0.0,0.0,0.0,0.0,0.0,0.0
338,0.0,1.2474484257529568,-76.10897362800289,0.0,0.0,0.0,0.9643121574625709,0.2647679417336655,2.0,0.0,0.0,0.0,0.0,0.0,0.0,0.0,2.0399818171595836,-74.5300420126833,0.0,0.0,0.0,0.9806116829236654,0.19596103519224595,2.0,0.0,0.0,0.0,0.0,0.0,0.0,0.0,-1.3650340430016659,-60.23535571847316,0.0,0.0,0.0,0.9085145228778313,-0.4178532777423992,2.0,0.0,0.0,0.0,0.0,0.0,0.0,0.0,-16.01229635841129,-59.05641724619828,0.0,0.0,0.0,-0.48939569436555963,0.8720618408899977,2.0,0.0,0.0,0.0,0.0,0.0,0.0,0.0,-21.659786451308683,-72.62247949389767,0.0,0.0,0.0,0.11665565544650033,0.9931724211094202,2.0,0.0,0.0,0.0,0.0,0.0,0.0
339,0.0,1.2981677535829093,-76.02279070364278,0.0,0.0,0.0,0.9653635119183428,0.26090858524909366,2.0,0.0,0.0,0.0,0.0,0.0,0.0,0.0,2.0399818171595836,-74.5300420126833,0.0,0.0,0.0,0.9806116829236654,0.19596103519224595,2.0,0.0,0.0,0.0,0.0,0.0,0.0,0.0,-1.3650340430016659,-60.23535571847316,0.0,0.0,0.0,0.9085145228778313,-0.4178532777423992,2.0,0.0,0.0,0.0,0.0,0.0,0.0,0.0,-16.01229635841129,-59.05641724619828,0.0,0.0,0.0,-0.48939569436555963,0.8720618408899977,2.0,0.0,0.0,0.0,0.0,0.0,0.0,0.0,-21.659786451308683,-72.62247949389767,0.0,0.0,0.0,0.11665565544650033,0.9931724211094202,2.0,0.0,0.0,0.0,0.0,0.0,0.0
340,0.0,1.3481960023623998,-75.93620478682695,0.0,0.0,0.0,0.9663994205785184,0.2570450542327239,2.0,0.0,0.0,0.0,0.0,0.0,0.0,0.0,2.0399818171595836,-74.5300420126833,0.0,0.0,0.0,0.9806116829236654,0.19596103519224595,2.0,0.0,0.0,0.0,0.0,0.0,0.0,0.0,-1.3650340430016659,-60.23535571847316,0.0,0.0,0.0,0.9085145228778313,-0.4178532777423992,2.0,0.0,0.0,0.0,0.0,0.0,0.0,0.0,-16.01229635841129,-59.05641724619828,0.0,0.0,0.0,-0.48939569436555963,0.8720618408899977,2.0,0.0,0.0,0.0,0.0,0.0,0.0,0.0,-21.659786451308683,-72.62247949389767,0.0,0.0,0.0,0.11665565544650033,0.9931724211094202,2.0,0.0,0.0,0.0,0.0,0.0,0.0
341,0.0,1.3975299703005817,-75.84922141902452,0.0,0.0,0.0,0.9674198668685812,0.25317741050097003,2.0,0.0,0.0,0.0,0.0,0.0,0.0,0.0,2.0399818171595836,-74.5300420126833,0.0,0.0,0.0,0.9806116829236654,0.19596103519224595,2.0,0.0,0.0,0.0,0.0,0.0,0.0,0.0,-1.3650340430016659,-60.23535571847316,0.0,0.0,0.0,0.9085145228778313,-0.4178532777423992,2.0,0.0,0.0,0.0,0.0,0.0,0.0,0.0,-16.01229635841129,-59.05641724619828,0.0,0.0,0.0,-0.48939569436555963,0.8720618408899977,2.0,0.0,0.0,0.0,0.0,0.0,0.0,0.0,-21.659786451308683,-72.62247949389767,0.0,0.0,0.0,0.11665565544650033,0.9931724211094202,2.0,0.0,0.0,0.0,0.0,0.0,0.0
342,0.0,1.4461665000403485,-75.76184616714131,0.0,0.0,0.0,0.9684248344614124,0.24930571593604922,2.0,0.0,0.0,0.0,0.0,0.0,0.0,0.0,2.0399818171595836,-74.5300420126833,0.0,0.0,0.0,0.9806116829236654,0.19596103519224595,2.0,0.0,0.0,0.0,0.0,0.0,0.0,0.0,-1.3650340430016659,-60.23535571847316,0.0,0.0,0.0,0.9085145228778313,-0.4178532777423992,2.0,0.0,0.0,0.0,0.0,0.0,0.0,0.0,-16.01229635841129,-59.05641724619828,0.0,0.0,0.0,-0.48939569436555963,0.8720618408899977,2.0,0.0,0.0,0.0,0.0,0.0,0.0,0.0,-21.659786451308683,-72.62247949389767,0.0,0.0,0.0,0.11665565544650033,0.9931724211094202,2.0,0.0,0.0,0.0,0.0,0.0,0.0
343,0.0,1.4941024788603947,-75.67408462316364,0.0,0.0,0.0,0.9694143072775518,0.24543003248499198,2.0,0.0,0.0,0.0,0.0,0.0,0.0,0.0,2.0399818171595836,-74.5300420126833,0.0,0.0,0.0,0.9806116829236654,0.19596103519224595,2.0,0.0,0.0,0.0,0.0,0.0,0.0,0.0,-1.3650340430016659,-60.23535571847316,0.0,0.0,0.0,0.9085145228778313,-0.4178532777423992,2.0,0.0,0.0,0.0,0.0,0.0,0.0,0.0,-16.01229635841129,-59.05641724619828,0.0,0.0,0.0,-0.48939569436555963,0.8720618408899977,2.0,0.0,0.0,0.0,0.0,0.0,0.0,0.0,-21.659786451308683,-72.62247949389767,0.0,0.0,0.0,0.11665565544650033,0.9931724211094202,2.0,0.0,0.0,0.0,0.0,0.0,0.0
344,0.0,1.5413348388744392,-75.58594240380036,0.0,0.0,0.0,0.9703882694854558,0.2415504221586508,2.0,0.0,0.0,0.0,0.0,0.0,0.0,0.0,2.0399818171595836,-74.5300420126833,0.0,0.0,0.0,0.9806116829236654,0.19596103519224595,2.0,0.0,0.0,0.0,0.0,0.0,0.0,0.0,-1.3650340430016659,-60.23535571847316,0.0,0.0,0.0,0.9085145228778313,-0.4178532777423992,2.0,0.0,0.0,0.0,0.0,0.0,0.0,0.0,-16.01229635841129,-59.05641724619828,0.0,0.0,0.0,-0.48939569436555963,0.8720618408899977,2.0,0.0,0.0,0.0,0.0,0.0,0.0,0.0,-21.659786451308683,-72.62247949389767,0.0,0.0,0.0,0.11665565544650033,0.9931724211094202,2.0,0.0,0.0,0.0,0.0,0.0,0.0
345,0.0,1.5878605572275628,-75.49742515012343,0.0,0.0,0.0,0.9713467055017495,0.23766694703070818,2.0,0.0,0.0,0.0,0.0,0.0,0.0,0.0,2.0399818171595836,-74.5300420126833,0.0,0.0,0.0,0.9806116829236654,0.19596103519224595,2.0,0.0,0.0,0.0,0.0,0.0,0.0,0.0,-1.3650340430016659,-60.23535571847316,0.0,0.0,0.0,0.9085145228778313,-0.4178532777423992,2.0,0.0,0.0,0.0,0.0,0.0,0.0,0.0,-16.01229635841129,-59.05641724619828,0.0,0.0,0.0,-0.48939569436555963,0.8720618408899977,2.0,0.0,0.0,0.0,0.0,0.0,0.0,0.0,-21.659786451308683,-72.62247949389767,0.0,0.0,0.0,0.11665565544650033,0.9931724211094202,2.0,0.0,0.0,0.0,0.0,0.0,0.0
346,0.0,1.6336766562896727,-75.40853852720687,0.0,0.0,0.0,0.9722895999914773,0.23377966923668328,2.0,0.0,0.0,0.0,0.0,0.0,0.0,0.0,2.0399818171595836,-74.5300420126833,0.0,0.0,0.0,0.9806116829236654,0.19596103519224595,2.0,0.0,0.0,0.0,0.0,0.0,0.0,0.0,-1.3650340430016659,-60.23535571847316,0.0,0.0,0.0,0.9085145228778313,-0.4178532777423992,2.0,0.0,0.0,0.0,0.0,0.0,0.0,0.0,-16.01229635841129,-59.05641724619828,0.0,0.0,0.0,-0.48939569436555963,0.8720618408899977,2.0,0.0,0.0,0.0,0.0,0.0,0.0,0.0,-21.659786451308683,-72.62247949389767,0.0,0.0,0.0,0.11665565544650033,0.9931724211094202,2.0,0.0,0.0,0.0,0.0,0.0,0.0
347,0.0,1.6787802038460686,-75.3192882237642,0.0,0.0,0.0,0.9732169378683474,0.2298886509729379,2.0,0.0,0.0,0.0,0.0,0.0,0.0,0.0,2.0399818171595836,-74.5300420126833,0.0,0.0,0.0,0.9806116829236654,0.19596103519224595,2.0,0.0,0.0,0.0,0.0,0.0,0.0,0.0,-1.3650340430016659,-60.23535571847316,0.0,0.0,0.0,0.9085145228778313,-0.4178532777423992,2.0,0.0,0.0,0.0,0.0,0.0,0.0,0.0,-16.01229635841129,-59.05641724619828,0.0,0.0,0.0,-0.48939569436555963,0.8720618408899977,2.0,0.0,0.0,0.0,0.0,0.0,0.0,0.0,-21.659786451308683,-72.62247949389767,0.0,0.0,0.0,0.11665565544650033,0.9931724211094202,2.0,0.0,0.0,0.0,0.0,0.0,0.0
348,0.0,1.7231683132850986,-75.22967995178438,0.0,0.0,0.0,0.9741287042949736,0.22599395449568122,2.0,0.0,0.0,0.0,0.0,0.0,0.0,0.0,2.0399818171595836,-74.5300420126833,0.0,0.0,0.0,0.9806116829236654,0.19596103519224595,2.0,0.0,0.0,0.0,0.0,0.0,0.0,0.0,-1.3650340430016659,-60.23535571847316,0.0,0.0,0.0,0.9085145228778313,-0.4178532777423992,2.0,0.0,0.0,0.0,0.0,0.0,0.0,0.0,-16.01229635841129,-59.05641724619828,0.0,0.0,0.0,-0.48939569436555963,0.8720618408899977,2.0,0.0,0.0,0.0,0.0,0.0,0.0,0.0,-21.659786451308683,-72.62247949389767,0.0,0.0,0.0,0.11665565544650033,0.9931724211094202,2.0,0.0,0.0,0.0,0.0,0.0,0.0
349,0.0,1.7668381437829126,-75.13971944616623,0.0,0.0,0.0,0.9750248846831123,0.22209564211997382,2.0,0.0,0.0,0.0,0.0,0.0,0.0,0.0,2.0399818171595836,-74.5300420126833,0.0,0.0,0.0,0.9806116829236654,0.19596103519224595,2.0,0.0,0.0,0.0,0.0,0.0,0.0,0.0,-1.3650340430016659,-60.23535571847316,0.0,0.0,0.0,0.9085145228778313,-0.4178532777423992,2.0,0.0,0.0,0.0,0.0,0.0,0.0,0.0,-16.01229635841129,-59.05641724619828,0.0,0.0,0.0,-0.48939569436555963,0.8720618408899977,2.0,0.0,0.0,0.0,0.0,0.0,0.0,0.0,-21.659786451308683,-72.62247949389767,0.0,0.0,0.0,0.11665565544650033,0.9931724211094202,2.0,0.0,0.0,0.0,0.0,0.0,0.0
350,0.0,1.8097869004852623,-75.0494124643514,0.0,0.0,0.0,0.9759054646938967,0.21819377621873054,2.0,0.0,0.0,0.0,0.0,0.0,0.0,0.0,2.0399818171595836,-74.5300420126833,0.0,0.0,0.0,0.9806116829236654,0.19596103519224595,2.0,0.0,0.0,0.0,0.0,0.0,0.0,0.0,-1.3650340430016659,-60.23535571847316,0.0,0.0,0.0,0.9085145228778313,-0.4178532777423992,2.0,0.0,0.0,0.0,0.0,0.0,0.0,0.0,-16.01229635841129,-59.05641724619828,0.0,0.0,0.0,-0.48939569436555963,0.8720618408899977,2.0,0.0,0.0,0.0,0.0,0.0,0.0,0.0,-21.659786451308683,-72.62247949389767,0.0,0.0,0.0,0.11665565544650033,0.9931724211094202,2.0,0.0,0.0,0.0,0.0,0.0,0.0
351,0.0,1.8520118346863814,-74.95876478595592,0.0,0.0,0.0,0.9767704302380653,0.21428841922172256,2.0,0.0,0.0,0.0,0.0,0.0,0.0,0.0,2.0399818171595836,-74.5300420126833,0.0,0.0,0.0,0.9806116829236654,0.19596103519224595,2.0,0.0,0.0,0.0,0.0,0.0,0.0,0.0,-1.3650340430016659,-60.23535571847316,0.0,0.0,0.0,0.9085145228778313,-0.4178532777423992,2.0,0.0,0.0,0.0,0.0,0.0,0.0,0.0,-16.01229635841129,-59.05641724619828,0.0,0.0,0.0,-0.48939569436555963,0.8720618408899977,2.0,0.0,0.0,0.0,0.0,0.0,0.0,0.0,-21.659786451308683,-72.62247949389767,0.0,0.0,0.0,0.11665565544650033,0.9931724211094202,2.0,0.0,0.0,0.0,0.0,0.0,0.0
352,0.0,1.8935102440048919,-74.86778221240024,0.0,0.0,0.0,0.977619767476188,0.21037963361457854,2.0,0.0,0.0,0.0,0.0,0.0,0.0,0.0,2.0399818171595836,-74.5300420126833,0.0,0.0,0.0,0.9806116829236654,0.19596103519224595,2.0,0.0,0.0,0.0,0.0,0.0,0.0,0.0,-1.3650340430016659,-60.23535571847316,0.0,0.0,0.0,0.9085145228778313,-0.4178532777423992,2.0,0.0,0.0,0.0,0.0,0.0,0.0,0.0,-16.01229635841129,-59.05641724619828,0.0,0.0,0.0,-0.48939569436555963,0.8720618408899977,2.0,0.0,0.0,0.0,0.0,0.0,0.0,0.0,-21.659786451308683,-72.62247949389767,0.0,0.0,0.0,0.11665565544650033,0.9931724211094202,2.0,0.0,0.0,0.0,0.0,0.0,0.0
353,0.0,1.9342794725567636,-74.77647056653804,0.0,0.0,0.0,0.9784534628188867,0.20646748193778475,2.0,0.0,0.0,0.0,0.0,0.0,0.0,0.0,2.0399818171595836,-74.5300420126833,0.0,0.0,0.0,0.9806116829236654,0.19596103519224595,2.0,0.0,0.0,0.0,0.0,0.0,0.0,0.0,-1.3650340430016659,-60.23535571847316,0.0,0.0,0.0,0.9085145228778313,-0.4178532777423992,2.0,0.0,0.0,0.0,0.0,0.0,0.0,0.0,-16.01229635841129,-59.05641724619828,0.0,0.0,0.0,-0.48939569436555963,0.8720618408899977,2.0,0.0,0.0,0.0,0.0,0.0,0.0,0.0,-21.659786451308683,-72.62247949389767,0.0,0.0,0.0,0.11665565544650033,0.9931724211094202,2.0,0.0,0.0,0.0,0.0,0.0,0.0
354,0.0,1.9743169111252818,-74.68483569228346,0.0,0.0,0.0,0.9792715029270541,0.2025520267856846,2.0,0.0,0.0,0.0,0.0,0.0,0.0,0.0,2.0399818171595836,-74.5300420126833,0.0,0.0,0.0,0.9806116829236654,0.19596103519224595,2.0,0.0,0.0,0.0,0.0,0.0,0.0,0.0,-1.3650340430016659,-60.23535571847316,0.0,0.0,0.0,0.9085145228778313,-0.4178532777423992,2.0,0.0,0.0,0.0,0.0,0.0,0.0,0.0,-16.01229635841129,-59.05641724619828,0.0,0.0,0.0,-0.48939569436555963,0.8720618408899977,2.0,0.0,0.0,0.0,0.0,0.0,0.0,0.0,-21.659786451308683,-72.62247949389767,0.0,0.0,0.0,0.11665565544650033,0.9931724211094202,2.0,0.0,0.0,0.0,0.0,0.0,0.0
355,0.0,2.013619997328048,-74.59288345423718,0.0,0.0,0.0,0.9800738747120658,0.198633330805477,2.0,0.0,0.0,0.0,0.0,0.0,0.0,0.0,2.0399818171595836,-74.5300420126833,0.0,0.0,0.0,0.9806116829236654,0.19596103519224595,2.0,0.0,0.0,0.0,0.0,0.0,0.0,0.0,-1.3650340430016659,-60.23535571847316,0.0,0.0,0.0,0.9085145228778313,-0.4178532777423992,2.0,0.0,0.0,0.0,0.0,0.0,0.0,0.0,-16.01229635841129,-59.05641724619828,0.0,0.0,0.0,-0.48939569436555963,0.8720618408899977,2.0,0.0,0.0,0.0,0.0,0.0,0.0,0.0,-21.659786451308683,-72.62247949389767,0.0,0.0,0.0,0.11665565544650033,0.9931724211094202,2.0,0.0,0.0,0.0,0.0,0.0,0.0
356,0.0,2.0521862157809583,-74.50061973731107,0.0,0.0,0.0,0.9808605653359902,0.194711456696214,2.0,0.0,0.0,0.0,0.0,0.0,0.0,0.0,2.0399818171595836,-74.5300420126833,0.0,0.0,0.0,0.9806116829236654,0.19596103519224595,2.0,0.0,0.0,0.0,0.0,0.0,0.0,0.0,-1.3650340430016659,-60.23535571847316,0.0,0.0,0.0,0.9085145228778313,-0.4178532777423992,2.0,0.0,0.0,0.0,0.0,0.0,0.0,0.0,-16.01229635841129,-59.05641724619828,0.0,0.0,0.0,-0.48939569436555963,0.8720618408899977,2.0,0.0,0.0,0.0,0.0,0.0,0.0,0.0,-21.659786451308683,-72.62247949389767,0.0,0.0,0.0,0.11665565544650033,0.9931724211094202,2.0,0.0,0.0,0.0,0.0,0.0,0.0
357,0.0,2.090013098259197,-74.4080504463515,0.0,0.0,0.0,0.9816315622117944,0.1907864672077977,2.0,0.0,0.0,0.0,0.0,0.0,0.0,0.0,2.0399818171595836,-74.5300420126833,0.0,0.0,0.0,0.9806116829236654,0.19596103519224595,2.0,0.0,0.0,0.0,0.0,0.0,0.0,0.0,-1.3650340430016659,-60.23535571847316,0.0,0.0,0.0,0.9085145228778313,-0.4178532777423992,2.0,0.0,0.0,0.0,0.0,0.0,0.0,0.0,-16.01229635841129,-59.05641724619828,0.0,0.0,0.0,-0.48939569436555963,0.8720618408899977,2.0,0.0,0.0,0.0,0.0,0.0,0.0,0.0,-21.659786451308683,-72.62247949389767,0.0,0.0,0.0,0.11665565544650033,0.9931724211094202,2.0,0.0,0.0,0.0,0.0,0.0,0.0
358,0.0,2.127098223855196,-74.31518150576149,0.0,0.0,0.0,0.9823868530035446,0.18685842513997622,2.0,0.0,0.0,0.0,0.0,0.0,0.0,0.0,2.0399818171595836,-74.5300420126833,0.0,0.0,0.0,0.9806116829236654,0.19596103519224595,2.0,0.0,0.0,0.0,0.0,0.0,0.0,0.0,-1.3650340430016659,-60.23535571847316,0.0,0.0,0.0,0.9085145228778313,-0.4178532777423992,2.0,0.0,0.0,0.0,0.0,0.0,0.0,0.0,-16.01229635841129,-59.05641724619828,0.0,0.0,0.0,-0.48939569436555963,0.8720618408899977,2.0,0.0,0.0,0.0,0.0,0.0,0.0,0.0,-21.659786451308683,-72.62247949389767,0.0,0.0,0.0,0.11665565544650033,0.9931724211094202,2.0,0.0,0.0,0.0,0.0,0.0,0.0
359,0.0,2.1634392191335774,-74.22201885912156,0.0,0.0,0.0,0.9831264256266043,0.18292739334133878,2.0,0.0,0.0,0.0,0.0,0.0,0.0,0.0,2.0399818171595836,-74.5300420126833,0.0,0.0,0.0,0.9806116829236654,0.19596103519224595,2.0,0.0,0.0,0.0,0.0,0.0,0.0,0.0,-1.3650340430016659,-60.23535571847316,0.0,0.0,0.0,0.9085145228778313,-0.4178532777423992,2.0,0.0,0.0,0.0,0.0,0.0,0.0,0.0,-16.01229635841129,-59.05641724619828,0.0,0.0,0.0,-0.48939569436555963,0.8720618408899977,2.0,0.0,0.0,0.0,0.0,0.0,0.0,0.0,-21.659786451308683,-72.62247949389767,0.0,0.0,0.0,0.11665565544650033,0.9931724211094202,2.0,0.0,0.0,0.0,0.0,0.0,0.0
360,0.0,2.1990337582830453,-74.12856846880928,0.0,0.0,0.0,0.9838502682478274,0.17899343470831033,2.0,0.0,0.0,0.0,0.0,0.0,0.0,0.0,2.0399818171595836,-74.5300420126833,0.0,0.0,0.0,0.9806116829236654,0.19596103519224595,2.0,0.0,0.0,0.0,0.0,0.0,0.0,0.0,-1.3650340430016659,-60.23535571847316,0.0,0.0,0.0,0.9085145228778313,-0.4178532777423992,2.0,0.0,0.0,0.0,0.0,0.0,0.0,0.0,-16.01229635841129,-59.05641724619828,0.0,0.0,0.0,-0.48939569436555963,0.8720618408899977,2.0,0.0,0.0,0.0,0.0,0.0,0.0,0.0,-21.659786451308683,-72.62247949389767,0.0,0.0,0.0,0.11665565544650033,0.9931724211094202,2.0,0.0,0.0,0.0,0.0,0.0,0.0
361,0.0,2.233879563265246,-74.03483631561774,0.0,0.0,0.0,0.9845583692857472,0.1750566121841451,2.0,0.0,0.0,0.0,0.0,0.0,0.0,0.0,2.0399818171595836,-74.5300420126833,0.0,0.0,0.0,0.9806116829236654,0.19596103519224595,2.0,0.0,0.0,0.0,0.0,0.0,0.0,0.0,-1.3650340430016659,-60.23535571847316,0.0,0.0,0.0,0.9085145228778313,-0.4178532777423992,2.0,0.0,0.0,0.0,0.0,0.0,0.0,0.0,-16.01229635841129,-59.05641724619828,0.0,0.0,0.0,-0.48939569436555963,0.8720618408899977,2.0,0.0,0.0,0.0,0.0,0.0,0.0,0.0,-21.659786451308683,-72.62247949389767,0.0,0.0,0.0,0.11665565544650033,0.9931724211094202,2.0,0.0,0.0,0.0,0.0,0.0,0.0
362,0.0,2.267974403960551,-73.94082839837273,0.0,0.0,0.0,0.9852507174107624,0.17111698875791945,2.0,0.0,0.0,0.0,0.0,0.0,0.0,0.0,2.0399818171595836,-74.5300420126833,0.0,0.0,0.0,0.9806116829236654,0.19596103519224595,2.0,0.0,0.0,0.0,0.0,0.0,0.0,0.0,-1.3650340430016659,-60.23535571847316,0.0,0.0,0.0,0.9085145228778313,-0.4178532777423992,2.0,0.0,0.0,0.0,0.0,0.0,0.0,0.0,-16.01229635841129,-59.05641724619828,0.0,0.0,0.0,-0.48939569436555963,0.8720618408899977,2.0,0.0,0.0,0.0,0.0,0.0,0.0,0.0,-21.659786451308683,-72.62247949389767,0.0,0.0,0.0,0.11665565544650033,0.9931724211094202,2.0,0.0,0.0,0.0,0.0,0.0,0.0
363,0.0,2.3013160983107976,-73.84655073354891,0.0,0.0,0.0,0.9859273015453177,0.16717462746352416,2.0,0.0,0.0,0.0,0.0,0.0,0.0,0.0,2.0399818171595836,-74.5300420126833,0.0,0.0,0.0,0.9806116829236654,0.19596103519224595,2.0,0.0,0.0,0.0,0.0,0.0,0.0,0.0,-1.3650340430016659,-60.23535571847316,0.0,0.0,0.0,0.9085145228778313,-0.4178532777423992,2.0,0.0,0.0,0.0,0.0,0.0,0.0,0.0,-16.01229635841129,-59.05641724619828,0.0,0.0,0.0,-0.48939569436555963,0.8720618408899977,2.0,0.0,0.0,0.0,0.0,0.0,0.0,0.0,-21.659786451308683,-72.62247949389767,0.0,0.0,0.0,0.11665565544650033,0.9931724211094202,2.0,0.0,0.0,0.0,0.0,0.0,0.0
364,0.0,2.333902512458925,-73.7520093548846,0.0,0.0,0.0,0.9865881108640815,0.16322959137865584,2.0,0.0,0.0,0.0,0.0,0.0,0.0,0.0,2.0399818171595836,-74.5300420126833,0.0,0.0,0.0,0.9806116829236654,0.19596103519224595,2.0,0.0,0.0,0.0,0.0,0.0,0.0,0.0,-1.3650340430016659,-60.23535571847316,0.0,0.0,0.0,0.9085145228778313,-0.4178532777423992,2.0,0.0,0.0,0.0,0.0,0.0,0.0,0.0,-16.01229635841129,-59.05641724619828,0.0,0.0,0.0,-0.48939569436555963,0.8720618408899977,2.0,0.0,0.0,0.0,0.0,0.0,0.0,0.0,-21.659786451308683,-72.62247949389767,0.0,0.0,0.0,0.11665565544650033,0.9931724211094202,2.0,0.0,0.0,0.0,0.0,0.0,0.0
365,0.0,2.3657315608855534,-73.65721031299579,0.0,0.0,0.0,0.9872331347941184,0.15928194362380768,2.0,0.0,0.0,0.0,0.0,0.0,0.0,0.0,2.0399818171595836,-74.5300420126833,0.0,0.0,0.0,0.9806116829236654,0.19596103519224595,2.0,0.0,0.0,0.0,0.0,0.0,0.0,0.0,-1.3650340430016659,-60.23535571847316,0.0,0.0,0.0,0.9085145228778313,-0.4178532777423992,2.0,0.0,0.0,0.0,0.0,0.0,0.0,0.0,-16.01229635841129,-59.05641724619828,0.0,0.0,0.0,-0.48939569436555963,0.8720618408899977,2.0,0.0,0.0,0.0,0.0,0.0,0.0,0.0,-21.659786451308683,-72.62247949389767,0.0,0.0,0.0,0.11665565544650033,0.9931724211094202,2.0,0.0,0.0,0.0,0.0,0.0,0.0
366,0.0,2.3968012065424453,-73.5621596749888,0.0,0.0,0.0,0.9878623630150598,0.15533174736125957,2.0,0.0,0.0,0.0,0.0,0.0,0.0,0.0,2.0399818171595836,-74.5300420126833,0.0,0.0,0.0,0.9806116829236654,0.19596103519224595,2.0,0.0,0.0,0.0,0.0,0.0,0.0,0.0,-1.3650340430016659,-60.23535571847316,0.0,0.0,0.0,0.9085145228778313,-0.4178532777423992,2.0,0.0,0.0,0.0,0.0,0.0,0.0,0.0,-16.01229635841129,-59.05641724619828,0.0,0.0,0.0,-0.48939569436555963,0.8720618408899977,2.0,0.0,0.0,0.0,0.0,0.0,0.0,0.0,-21.659786451308683,-72.62247949389767,0.0,0.0,0.0,0.11665565544650033,0.9931724211094202,2.0,0.0,0.0,0.0,0.0,0.0,0.0
367,0.0,2.4271094609828854,-73.46686352407202,0.0,0.0,0.0,0.9884757854592673,0.1513790657940674,2.0,0.0,0.0,0.0,0.0,0.0,0.0,0.0,2.0399818171595836,-74.5300420126833,0.0,0.0,0.0,0.9806116829236654,0.19596103519224595,2.0,0.0,0.0,0.0,0.0,0.0,0.0,0.0,-1.3650340430016659,-60.23535571847316,0.0,0.0,0.0,0.9085145228778313,-0.4178532777423992,2.0,0.0,0.0,0.0,0.0,0.0,0.0,0.0,-16.01229635841129,-59.05641724619828,0.0,0.0,0.0,-0.48939569436555963,0.8720618408899977,2.0,0.0,0.0,0.0,0.0,0.0,0.0,0.0,-21.659786451308683,-72.62247949389767,0.0,0.0,0.0,0.11665565544650033,0.9931724211094202,2.0,0.0,0.0,0.0,0.0,0.0,0.0
368,0.0,2.4566543844889317,-73.37132795916658,0.0,0.0,0.0,0.9890733923119949,0.14742396216505196,2.0,0.0,0.0,0.0,0.0,0.0,0.0,0.0,2.0399818171595836,-74.5300420126833,0.0,0.0,0.0,0.9806116829236654,0.19596103519224595,2.0,0.0,0.0,0.0,0.0,0.0,0.0,0.0,-1.3650340430016659,-60.23535571847316,0.0,0.0,0.0,0.9085145228778313,-0.4178532777423992,2.0,0.0,0.0,0.0,0.0,0.0,0.0,0.0,-16.01229635841129,-59.05641724619828,0.0,0.0,0.0,-0.48939569436555963,0.8720618408899977,2.0,0.0,0.0,0.0,0.0,0.0,0.0,0.0,-21.659786451308683,-72.62247949389767,0.0,0.0,0.0,0.11665565544650033,0.9931724211094202,2.0,0.0,0.0,0.0,0.0,0.0,0.0
369,0.0,2.4854340861955695,-73.27555909451601,0.0,0.0,0.0,0.9896551740115457,0.14346649975578693,2.0,0.0,0.0,0.0,0.0,0.0,0.0,0.0,2.0399818171595836,-74.5300420126833,0.0,0.0,0.0,0.9806116829236654,0.19596103519224595,2.0,0.0,0.0,0.0,0.0,0.0,0.0,0.0,-1.3650340430016659,-60.23535571847316,0.0,0.0,0.0,0.9085145228778313,-0.4178532777423992,2.0,0.0,0.0,0.0,0.0,0.0,0.0,0.0,-16.01229635841129,-59.05641724619828,0.0,0.0,0.0,-0.48939569436555963,0.8720618408899977,2.0,0.0,0.0,0.0,0.0,0.0,0.0,0.0,-21.659786451308683,-72.62247949389767,0.0,0.0,0.0,0.11665565544650033,0.9931724211094202,2.0,0.0,0.0,0.0,0.0,0.0,0.0
370,0.0,2.5134467242117093,-73.17956305929499,0.0,0.0,0.0,0.990221121249425,0.13950674188558643,2.0,0.0,0.0,0.0,0.0,0.0,0.0,0.0,2.0399818171595836,-74.5300420126833,0.0,0.0,0.0,0.9806116829236654,0.19596103519224595,2.0,0.0,0.0,0.0,0.0,0.0,0.0,0.0,-1.3650340430016659,-60.23535571847316,0.0,0.0,0.0,0.9085145228778313,-0.4178532777423992,2.0,0.0,0.0,0.0,0.0,0.0,0.0,0.0,-16.01229635841129,-59.05641724619828,0.0,0.0,0.0,-0.48939569436555963,0.8720618408899977,2.0,0.0,0.0,0.0,0.0,0.0,0.0,0.0,-21.659786451308683,-72.62247949389767,0.0,0.0,0.0,0.11665565544650033,0.9931724211094202,2.0,0.0,0.0,0.0,0.0,0.0,0.0
371,0.0,2.5406905057380804,-73.08334599721698,0.0,0.0,0.0,0.990771224970489,0.13554475191049187,2.0,0.0,0.0,0.0,0.0,0.0,0.0,0.0,2.0399818171595836,-74.5300420126833,0.0,0.0,0.0,0.9806116829236654,0.19596103519224595,2.0,0.0,0.0,0.0,0.0,0.0,0.0,0.0,-1.3650340430016659,-60.23535571847316,0.0,0.0,0.0,0.9085145228778313,-0.4178532777423992,2.0,0.0,0.0,0.0,0.0,0.0,0.0,0.0,-16.01229635841129,-59.05641724619828,0.0,0.0,0.0,-0.48939569436555963,0.8720618408899977,2.0,0.0,0.0,0.0,0.0,0.0,0.0,0.0,-21.659786451308683,-72.62247949389767,0.0,0.0,0.0,0.11665565544650033,0.9931724211094202,2.0,0.0,0.0,0.0,0.0,0.0,0.0
372,0.0,2.5671636871819636,-72.98691406614111,0.0,0.0,0.0,0.9913054763730899,0.1315805932222584,2.0,0.0,0.0,0.0,0.0,0.0,0.0,0.0,2.0399818171595836,-74.5300420126833,0.0,0.0,0.0,0.9806116829236654,0.19596103519224595,2.0,0.0,0.0,0.0,0.0,0.0,0.0,0.0,-1.3650340430016659,-60.23535571847316,0.0,0.0,0.0,0.9085145228778313,-0.4178532777423992,2.0,0.0,0.0,0.0,0.0,0.0,0.0,0.0,-16.01229635841129,-59.05641724619828,0.0,0.0,0.0,-0.48939569436555963,0.8720618408899977,2.0,0.0,0.0,0.0,0.0,0.0,0.0,0.0,-21.659786451308683,-72.62247949389767,0.0,0.0,0.0,0.11665565544650033,0.9931724211094202,2.0,0.0,0.0,0.0,0.0,0.0,0.0
373,0.0,2.592864574268784,-72.89027343767808,0.0,0.0,0.0,0.9918238669092166,0.1276143292473404,2.0,0.0,0.0,0.0,0.0,0.0,0.0,0.0,2.0399818171595836,-74.5300420126833,0.0,0.0,0.0,0.9806116829236654,0.19596103519224595,2.0,0.0,0.0,0.0,0.0,0.0,0.0,0.0,-1.3650340430016659,-60.23535571847316,0.0,0.0,0.0,0.9085145228778313,-0.4178532777423992,2.0,0.0,0.0,0.0,0.0,0.0,0.0,0.0,-16.01229635841129,-59.05641724619828,0.0,0.0,0.0,-0.48939569436555963,0.8720618408899977,2.0,0.0,0.0,0.0,0.0,0.0,0.0,0.0,-21.659786451308683,-72.62247949389767,0.0,0.0,0.0,0.11665565544650033,0.9931724211094202,2.0,0.0,0.0,0.0,0.0,0.0,0.0
374,0.0,2.61779152215054,-72.7934302967951,0.0,0.0,0.0,0.9923263882846317,0.12364602344587688,2.0,0.0,0.0,0.0,0.0,0.0,0.0,0.0,2.0399818171595836,-74.5300420126833,0.0,0.0,0.0,0.9806116829236654,0.19596103519224595,2.0,0.0,0.0,0.0,0.0,0.0,0.0,0.0,-1.3650340430016659,-60.23535571847316,0.0,0.0,0.0,0.9085145228778313,-0.4178532777423992,2.0,0.0,0.0,0.0,0.0,0.0,0.0,0.0,-16.01229635841129,-59.05641724619828,0.0,0.0,0.0,-0.48939569436555963,0.8720618408899977,2.0,0.0,0.0,0.0,0.0,0.0,0.0,0.0,-21.659786451308683,-72.62247949389767,0.0,0.0,0.0,0.11665565544650033,0.9931724211094202,2.0,0.0,0.0,0.0,0.0,0.0,0.0
375,0.0,2.641942935511077,-72.69639084142014,0.0,0.0,0.0,0.9928130324590039,0.11967573931067602,2.0,0.0,0.0,0.0,0.0,0.0,0.0,0.0,2.0399818171595836,-74.5300420126833,0.0,0.0,0.0,0.9806116829236654,0.19596103519224595,2.0,0.0,0.0,0.0,0.0,0.0,0.0,0.0,-1.3650340430016659,-60.23535571847316,0.0,0.0,0.0,0.9085145228778313,-0.4178532777423992,2.0,0.0,0.0,0.0,0.0,0.0,0.0,0.0,-16.01229635841129,-59.05641724619828,0.0,0.0,0.0,-0.48939569436555963,0.8720618408899977,2.0,0.0,0.0,0.0,0.0,0.0,0.0,0.0,-21.659786451308683,-72.62247949389767,0.0,0.0,0.0,0.11665565544650033,0.9931724211094202,2.0,0.0,0.0,0.0,0.0,0.0,0.0
376,0.0,2.6653172686681827,-72.59916128204522,0.0,0.0,0.0,0.9932837916460368,0.11570354036619926,2.0,0.0,0.0,0.0,0.0,0.0,0.0,0.0,2.0399818171595836,-74.5300420126833,0.0,0.0,0.0,0.9806116829236654,0.19596103519224595,2.0,0.0,0.0,0.0,0.0,0.0,0.0,0.0,-1.3650340430016659,-60.23535571847316,0.0,0.0,0.0,0.9085145228778313,-0.4178532777423992,2.0,0.0,0.0,0.0,0.0,0.0,0.0,0.0,-16.01229635841129,-59.05641724619828,0.0,0.0,0.0,-0.48939569436555963,0.8720618408899977,2.0,0.0,0.0,0.0,0.0,0.0,0.0,0.0,-21.659786451308683,-72.62247949389767,0.0,0.0,0.0,0.11665565544650033,0.9931724211094202,2.0,0.0,0.0,0.0,0.0,0.0,0.0
377,0.0,2.6879130256725112,-72.50174784132895,0.0,0.0,0.0,0.9937386583135933,0.11172949016754499,2.0,0.0,0.0,0.0,0.0,0.0,0.0,0.0,2.0399818171595836,-74.5300420126833,0.0,0.0,0.0,0.9806116829236654,0.19596103519224595,2.0,0.0,0.0,0.0,0.0,0.0,0.0,0.0,-1.3650340430016659,-60.23535571847316,0.0,0.0,0.0,0.9085145228778313,-0.4178532777423992,2.0,0.0,0.0,0.0,0.0,0.0,0.0,0.0,-16.01229635841129,-59.05641724619828,0.0,0.0,0.0,-0.48939569436555963,0.8720618408899977,2.0,0.0,0.0,0.0,0.0,0.0,0.0,0.0,-21.659786451308683,-72.62247949389767,0.0,0.0,0.0,0.11665565544650033,0.9931724211094202,2.0,0.0,0.0,0.0,0.0,0.0,0.0
378,0.0,2.7097287604033298,-72.40415675369829,0.0,0.0,0.0,0.9941776251838166,0.1077536522994316,2.0,0.0,0.0,0.0,0.0,0.0,0.0,0.0,2.0399818171595836,-74.5300420126833,0.0,0.0,0.0,0.9806116829236654,0.19596103519224595,2.0,0.0,0.0,0.0,0.0,0.0,0.0,0.0,-1.3650340430016659,-60.23535571847316,0.0,0.0,0.0,0.9085145228778313,-0.4178532777423992,2.0,0.0,0.0,0.0,0.0,0.0,0.0,0.0,-16.01229635841129,-59.05641724619828,0.0,0.0,0.0,-0.48939569436555963,0.8720618408899977,2.0,0.0,0.0,0.0,0.0,0.0,0.0,0.0,-21.659786451308683,-72.62247949389767,0.0,0.0,0.0,0.11665565544650033,0.9931724211094202,2.0,0.0,0.0,0.0,0.0,0.0,0.0
379,0.0,2.730763076661061,-72.30639426494953,0.0,0.0,0.0,0.994600685233246,0.10377609037518015,2.0,0.0,0.0,0.0,0.0,0.0,0.0,0.0,2.0399818171595836,-74.5300420126833,0.0,0.0,0.0,0.9806116829236654,0.19596103519224595,2.0,0.0,0.0,0.0,0.0,0.0,0.0,0.0,-1.3650340430016659,-60.23535571847316,0.0,0.0,0.0,0.9085145228778313,-0.4178532777423992,2.0,0.0,0.0,0.0,0.0,0.0,0.0,0.0,-16.01229635841129,-59.05641724619828,0.0,0.0,0.0,-0.48939569436555963,0.8720618408899977,2.0,0.0,0.0,0.0,0.0,0.0,0.0,0.0,-21.659786451308683,-72.62247949389767,0.0,0.0,0.0,0.11665565544650033,0.9931724211094202,2.0,0.0,0.0,0.0,0.0,0.0,0.0
380,0.0,2.7510146282566446,-72.2084666318486,0.0,0.0,0.0,0.9950078316929298,0.0997968680356966,2.0,0.0,0.0,0.0,0.0,0.0,0.0,0.0,2.0399818171595836,-74.5300420126833,0.0,0.0,0.0,0.9806116829236654,0.19596103519224595,2.0,0.0,0.0,0.0,0.0,0.0,0.0,0.0,-1.3650340430016659,-60.23535571847316,0.0,0.0,0.0,0.9085145228778313,-0.4178532777423992,2.0,0.0,0.0,0.0,0.0,0.0,0.0,0.0,-16.01229635841129,-59.05641724619828,0.0,0.0,0.0,-0.48939569436555963,0.8720618408899977,2.0,0.0,0.0,0.0,0.0,0.0,0.0,0.0,-21.659786451308683,-72.62247949389767,0.0,0.0,0.0,0.11665565544650033,0.9931724211094202,2.0,0.0,0.0,0.0,0.0,0.0,0.0
381,0.0,2.7704821190976894,-72.11038012173057,0.0,0.0,0.0,0.9953990580485333,0.09581604894845347,2.0,0.0,0.0,0.0,0.0,0.0,0.0,0.0,2.0399818171595836,-74.5300420126833,0.0,0.0,0.0,0.9806116829236654,0.19596103519224595,2.0,0.0,0.0,0.0,0.0,0.0,0.0,0.0,-1.3650340430016659,-60.23535571847316,0.0,0.0,0.0,0.9085145228778313,-0.4178532777423992,2.0,0.0,0.0,0.0,0.0,0.0,0.0,0.0,-16.01229635841129,-59.05641724619828,0.0,0.0,0.0,-0.48939569436555963,0.8720618408899977,2.0,0.0,0.0,0.0,0.0,0.0,0.0,0.0,-21.659786451308683,-72.62247949389767,0.0,0.0,0.0,0.11665565544650033,0.9931724211094202,2.0,0.0,0.0,0.0,0.0,0.0,0.0
382,0.0,2.789164303271427,-72.01214101209861,0.0,0.0,0.0,0.9957743580404433,0.09183369680647124,2.0,0.0,0.0,0.0,0.0,0.0,0.0,0.0,2.0399818171595836,-74.5300420126833,0.0,0.0,0.0,0.9806116829236654,0.19596103519224595,2.0,0.0,0.0,0.0,0.0,0.0,0.0,0.0,-1.3650340430016659,-60.23535571847316,0.0,0.0,0.0,0.9085145228778313,-0.4178532777423992,2.0,0.0,0.0,0.0,0.0,0.0,0.0,0.0,-16.01229635841129,-59.05641724619828,0.0,0.0,0.0,-0.48939569436555963,0.8720618408899977,2.0,0.0,0.0,0.0,0.0,0.0,0.0,0.0,-21.659786451308683,-72.62247949389767,0.0,0.0,0.0,0.11665565544650033,0.9931724211094202,2.0,0.0,0.0,0.0,0.0,0.0,0.0
383,0.0,2.80705998512445,-71.91375559022222,0.0,0.0,0.0,0.9961337256638678,0.08784987532729922,2.0,0.0,0.0,0.0,0.0,0.0,0.0,0.0,2.0399818171595836,-74.5300420126833,0.0,0.0,0.0,0.9806116829236654,0.19596103519224595,2.0,0.0,0.0,0.0,0.0,0.0,0.0,0.0,-1.3650340430016659,-60.23535571847316,0.0,0.0,0.0,0.9085145228778313,-0.4178532777423992,2.0,0.0,0.0,0.0,0.0,0.0,0.0,0.0,-16.01229635841129,-59.05641724619828,0.0,0.0,0.0,-0.48939569436555963,0.8720618408899977,2.0,0.0,0.0,0.0,0.0,0.0,0.0,0.0,-21.659786451308683,-72.62247949389767,0.0,0.0,0.0,0.11665565544650033,0.9931724211094202,2.0,0.0,0.0,0.0,0.0,0.0,0.0
384,0.0,2.824168019339224,-71.81523015273481,0.0,0.0,0.0,0.9964771551689326,0.0838646482519961,2.0,0.0,0.0,0.0,0.0,0.0,0.0,0.0,2.0399818171595836,-74.5300420126833,0.0,0.0,0.0,0.9806116829236654,0.19596103519224595,2.0,0.0,0.0,0.0,0.0,0.0,0.0,0.0,-1.3650340430016659,-60.23535571847316,0.0,0.0,0.0,0.9085145228778313,-0.4178532777423992,2.0,0.0,0.0,0.0,0.0,0.0,0.0,0.0,-16.01229635841129,-59.05641724619828,0.0,0.0,0.0,-0.48939569436555963,0.8720618408899977,2.0,0.0,0.0,0.0,0.0,0.0,0.0,0.0,-21.659786451308683,-72.62247949389767,0.0,0.0,0.0,0.11665565544650033,0.9931724211094202,2.0,0.0,0.0,0.0,0.0,0.0,0.0
385,0.0,2.8404873110074025,-71.71657100523073,0.0,0.0,0.0,0.9968046410607728,0.07987807934411006,2.0,0.0,0.0,0.0,0.0,0.0,0.0,0.0,2.0399818171595836,-74.5300420126833,0.0,0.0,0.0,0.9806116829236654,0.19596103519224595,2.0,0.0,0.0,0.0,0.0,0.0,0.0,0.0,-1.3650340430016659,-60.23535571847316,0.0,0.0,0.0,0.9085145228778313,-0.4178532777423992,2.0,0.0,0.0,0.0,0.0,0.0,0.0,0.0,-16.01229635841129,-59.05641724619828,0.0,0.0,0.0,-0.48939569436555963,0.8720618408899977,2.0,0.0,0.0,0.0,0.0,0.0,0.0,0.0,-21.659786451308683,-72.62247949389767,0.0,0.0,0.0,0.11665565544650033,0.9931724211094202,2.0,0.0,0.0,0.0,0.0,0.0,0.0
386,0.0,2.856016815699885,-71.61778446186179,0.0,0.0,0.0,0.9971161780996212,0.07589023238865858,2.0,0.0,0.0,0.0,0.0,0.0,0.0,0.0,2.0399818171595836,-74.5300420126833,0.0,0.0,0.0,0.9806116829236654,0.19596103519224595,2.0,0.0,0.0,0.0,0.0,0.0,0.0,0.0,-1.3650340430016659,-60.23535571847316,0.0,0.0,0.0,0.9085145228778313,-0.4178532777423992,2.0,0.0,0.0,0.0,0.0,0.0,0.0,0.0,-16.01229635841129,-59.05641724619828,0.0,0.0,0.0,-0.48939569436555963,0.8720618408899977,2.0,0.0,0.0,0.0,0.0,0.0,0.0,0.0,-21.659786451308683,-72.62247949389767,0.0,0.0,0.0,0.11665565544650033,0.9931724211094202,2.0,0.0,0.0,0.0,0.0,0.0,0.0
387,0.0,2.8707555395336755,-71.51887684493299,0.0,0.0,0.0,0.9974117613008917,0.07190117119110787,2.0,0.0,0.0,0.0,0.0,0.0,0.0,0.0,2.0399818171595836,-74.5300420126833,0.0,0.0,0.0,0.9806116829236654,0.19596103519224595,2.0,0.0,0.0,0.0,0.0,0.0,0.0,0.0,-1.3650340430016659,-60.23535571847316,0.0,0.0,0.0,0.9085145228778313,-0.4178532777423992,2.0,0.0,0.0,0.0,0.0,0.0,0.0,0.0,-16.01229635841129,-59.05641724619828,0.0,0.0,0.0,-0.48939569436555963,0.8720618408899977,2.0,0.0,0.0,0.0,0.0,0.0,0.0,0.0,-21.659786451308683,-72.62247949389767,0.0,0.0,0.0,0.11665565544650033,0.9931724211094202,2.0,0.0,0.0,0.0,0.0,0.0,0.0
388,0.0,2.8847025392354766,-71.4198544844981,0.0,0.0,0.0,0.9976913859352596,0.06791095957635199,2.0,0.0,0.0,0.0,0.0,0.0,0.0,0.0,2.0399818171595836,-74.5300420126833,0.0,0.0,0.0,0.9806116829236654,0.19596103519224595,2.0,0.0,0.0,0.0,0.0,0.0,0.0,0.0,-1.3650340430016659,-60.23535571847316,0.0,0.0,0.0,0.9085145228778313,-0.4178532777423992,2.0,0.0,0.0,0.0,0.0,0.0,0.0,0.0,-16.01229635841129,-59.05641724619828,0.0,0.0,0.0,-0.48939569436555963,0.8720618408899977,2.0,0.0,0.0,0.0,0.0,0.0,0.0,0.0,-21.659786451308683,-72.62247949389767,0.0,0.0,0.0,0.11665565544650033,0.9931724211094202,2.0,0.0,0.0,0.0,0.0,0.0,0.0
389,0.0,2.8978569222020703,-71.32072371795437,0.0,0.0,0.0,0.9979550475287365,0.06391966138769166,2.0,0.0,0.0,0.0,0.0,0.0,0.0,0.0,2.0399818171595836,-74.5300420126833,0.0,0.0,0.0,0.9806116829236654,0.19596103519224595,2.0,0.0,0.0,0.0,0.0,0.0,0.0,0.0,-1.3650340430016659,-60.23535571847316,0.0,0.0,0.0,0.9085145228778313,-0.4178532777423992,2.0,0.0,0.0,0.0,0.0,0.0,0.0,0.0,-16.01229635841129,-59.05641724619828,0.0,0.0,0.0,-0.48939569436555963,0.8720618408899977,2.0,0.0,0.0,0.0,0.0,0.0,0.0,0.0,-21.659786451308683,-72.62247949389767,0.0,0.0,0.0,0.11665565544650033,0.9931724211094202,2.0,0.0,0.0,0.0,0.0,0.0,0.0
390,0.0,2.910217846557437,-71.22149088963701,0.0,0.0,0.0,0.9982027418627427,0.05992734048581274,2.0,0.0,0.0,0.0,0.0,0.0,0.0,0.0,2.0399818171595836,-74.5300420126833,0.0,0.0,0.0,0.9806116829236654,0.19596103519224595,2.0,0.0,0.0,0.0,0.0,0.0,0.0,0.0,-1.3650340430016659,-60.23535571847316,0.0,0.0,0.0,0.9085145228778313,-0.4178532777423992,2.0,0.0,0.0,0.0,0.0,0.0,0.0,0.0,-16.01229635841129,-59.05641724619828,0.0,0.0,0.0,-0.48939569436555963,0.8720618408899977,2.0,0.0,0.0,0.0,0.0,0.0,0.0,0.0,-21.659786451308683,-72.62247949389767,0.0,0.0,0.0,0.11665565544650033,0.9931724211094202,2.0,0.0,0.0,0.0,0.0,0.0,0.0
391,0.0,2.921784521206634,-71.12216235041318,0.0,0.0,0.0,0.9984344649741741,0.0559340607477645,2.0,0.0,0.0,0.0,0.0,0.0,0.0,0.0,2.0399818171595836,-74.5300420126833,0.0,0.0,0.0,0.9806116829236654,0.19596103519224595,2.0,0.0,0.0,0.0,0.0,0.0,0.0,0.0,-1.3650340430016659,-60.23535571847316,0.0,0.0,0.0,0.9085145228778313,-0.4178532777423992,2.0,0.0,0.0,0.0,0.0,0.0,0.0,0.0,-16.01229635841129,-59.05641724619828,0.0,0.0,0.0,-0.48939569436555963,0.8720618408899977,2.0,0.0,0.0,0.0,0.0,0.0,0.0,0.0,-21.659786451308683,-72.62247949389767,0.0,0.0,0.0,0.11665565544650033,0.9931724211094202,2.0,0.0,0.0,0.0,0.0,0.0,0.0
392,0.0,2.932556205886435,-71.02274445727548,0.0,0.0,0.0,0.9986502131554659,0.05193988606593755,2.0,0.0,0.0,0.0,0.0,0.0,0.0,0.0,2.0399818171595836,-74.5300420126833,0.0,0.0,0.0,0.9806116829236654,0.19596103519224595,2.0,0.0,0.0,0.0,0.0,0.0,0.0,0.0,-1.3650340430016659,-60.23535571847316,0.0,0.0,0.0,0.9085145228778313,-0.4178532777423992,2.0,0.0,0.0,0.0,0.0,0.0,0.0,0.0,-16.01229635841129,-59.05641724619828,0.0,0.0,0.0,-0.48939569436555963,0.8720618408899977,2.0,0.0,0.0,0.0,0.0,0.0,0.0,0.0,-21.659786451308683,-72.62247949389767,0.0,0.0,0.0,0.11665565544650033,0.9931724211094202,2.0,0.0,0.0,0.0,0.0,0.0,0.0
393,0.0,2.942532211212697,-70.92324357293514,0.0,0.0,0.0,0.9988499829546517,0.0479448803470416,2.0,0.0,0.0,0.0,0.0,0.0,0.0,0.0,2.0399818171595836,-74.5300420126833,0.0,0.0,0.0,0.9806116829236654,0.19596103519224595,2.0,0.0,0.0,0.0,0.0,0.0,0.0,0.0,-1.3650340430016659,-60.23535571847316,0.0,0.0,0.0,0.9085145228778313,-0.4178532777423992,2.0,0.0,0.0,0.0,0.0,0.0,0.0,0.0,-16.01229635841129,-59.05641724619828,0.0,0.0,0.0,-0.48939569436555963,0.8720618408899977,2.0,0.0,0.0,0.0,0.0,0.0,0.0,0.0,-21.659786451308683,-72.62247949389767,0.0,0.0,0.0,0.11665565544650033,0.9931724211094202,2.0,0.0,0.0,0.0,0.0,0.0,0.0
394,0.0,2.951711898724483,-70.82366606541478,0.0,0.0,0.0,0.9990337711754189,0.04394910751108292,2.0,0.0,0.0,0.0,0.0,0.0,0.0,0.0,2.0399818171595836,-74.5300420126833,0.0,0.0,0.0,0.9806116829236654,0.19596103519224595,2.0,0.0,0.0,0.0,0.0,0.0,0.0,0.0,-1.3650340430016659,-60.23535571847316,0.0,0.0,0.0,0.9085145228778313,-0.4178532777423992,2.0,0.0,0.0,0.0,0.0,0.0,0.0,0.0,-16.01229635841129,-59.05641724619828,0.0,0.0,0.0,-0.48939569436555963,0.8720618408899977,2.0,0.0,0.0,0.0,0.0,0.0,0.0,0.0,-21.659786451308683,-72.62247949389767,0.0,0.0,0.0,0.11665565544650033,0.9931724211094202,2.0,0.0,0.0,0.0,0.0,0.0,0.0
395,0.0,2.9600946809249233,-70.7240183076409,0.0,0.0,0.0,0.9992015748771601,0.039952631490341645,2.0,0.0,0.0,0.0,0.0,0.0,0.0,0.0,2.0399818171595836,-74.5300420126833,0.0,0.0,0.0,0.9806116829236654,0.19596103519224595,2.0,0.0,0.0,0.0,0.0,0.0,0.0,0.0,-1.3650340430016659,-60.23535571847316,0.0,0.0,0.0,0.9085145228778313,-0.4178532777423992,2.0,0.0,0.0,0.0,0.0,0.0,0.0,0.0,-16.01229635841129,-59.05641724619828,0.0,0.0,0.0,-0.48939569436555963,0.8720618408899977,2.0,0.0,0.0,0.0,0.0,0.0,0.0,0.0,-21.659786451308683,-72.62247949389767,0.0,0.0,0.0,0.11665565544650033,0.9931724211094202,2.0,0.0,0.0,0.0,0.0,0.0,0.0
396,0.0,2.9676800213188237,-70.624306677036,0.0,0.0,0.0,0.9993533913750196,0.03595551622834884,2.0,0.0,0.0,0.0,0.0,0.0,0.0,0.0,2.0399818171595836,-74.5300420126833,0.0,0.0,0.0,0.9806116829236654,0.19596103519224595,2.0,0.0,0.0,0.0,0.0,0.0,0.0,0.0,-1.3650340430016659,-60.23535571847316,0.0,0.0,0.0,0.9085145228778313,-0.4178532777423992,2.0,0.0,0.0,0.0,0.0,0.0,0.0,0.0,-16.01229635841129,-59.05641724619828,0.0,0.0,0.0,-0.48939569436555963,0.8720618408899977,2.0,0.0,0.0,0.0,0.0,0.0,0.0,0.0,-21.659786451308683,-72.62247949389767,0.0,0.0,0.0,0.11665565544650033,0.9931724211094202,2.0,0.0,0.0,0.0,0.0,0.0,0.0
397,0.0,2.974467434446984,-70.52453755511038,0.0,0.0,0.0,0.9994892182399365,0.03195782567886344,2.0,0.0,0.0,0.0,0.0,0.0,0.0,0.0,2.0399818171595836,-74.5300420126833,0.0,0.0,0.0,0.9806116829236654,0.19596103519224595,2.0,0.0,0.0,0.0,0.0,0.0,0.0,0.0,-1.3650340430016659,-60.23535571847316,0.0,0.0,0.0,0.9085145228778313,-0.4178532777423992,2.0,0.0,0.0,0.0,0.0,0.0,0.0,0.0,-16.01229635841129,-59.05641724619828,0.0,0.0,0.0,-0.48939569436555963,0.8720618408899977,2.0,0.0,0.0,0.0,0.0,0.0,0.0,0.0,-21.659786451308683,-72.62247949389767,0.0,0.0,0.0,0.11665565544650033,0.9931724211094202,2.0,0.0,0.0,0.0,0.0,0.0,0.0
398,0.0,2.9804564859172835,-70.42471732705381,0.0,0.0,0.0,0.999609053298684,0.02795962380484894,2.0,0.0,0.0,0.0,0.0,0.0,0.0,0.0,2.0399818171595836,-74.5300420126833,0.0,0.0,0.0,0.9806116829236654,0.19596103519224595,2.0,0.0,0.0,0.0,0.0,0.0,0.0,0.0,-1.3650340430016659,-60.23535571847316,0.0,0.0,0.0,0.9085145228778313,-0.4178532777423992,2.0,0.0,0.0,0.0,0.0,0.0,0.0,0.0,-16.01229635841129,-59.05641724619828,0.0,0.0,0.0,-0.48939569436555963,0.8720618408899977,2.0,0.0,0.0,0.0,0.0,0.0,0.0,0.0,-21.659786451308683,-72.62247949389767,0.0,0.0,0.0,0.11665565544650033,0.9931724211094202,2.0,0.0,0.0,0.0,0.0,0.0,0.0
399,0.0,2.985646792432469,-70.3248523813268,0.0,0.0,0.0,0.9997128946339038,0.02396097457745004,2.0,0.0,0.0,0.0,0.0,0.0,0.0,0.0,2.0399818171595836,-74.5300420126833,0.0,0.0,0.0,0.9806116829236654,0.19596103519224595,2.0,0.0,0.0,0.0,0.0,0.0,0.0,0.0,-1.3650340430016659,-60.23535571847316,0.0,0.0,0.0,0.9085145228778313,-0.4178532777423992,2.0,0.0,0.0,0.0,0.0,0.0,0.0,0.0,-16.01229635841129,-59.05641724619828,0.0,0.0,0.0,-0.48939569436555963,0.8720618408899977,2.0,0.0,0.0,0.0,0.0,0.0,0.0,0.0,-21.659786451308683,-72.62247949389767,0.0,0.0,0.0,0.11665565544650033,0.9931724211094202,2.0,0.0,0.0,0.0,0.0,0.0,0.0
400,0.0,2.9900380218146996,-70.2249491092518,0.0,0.0,0.0,0.9998007405841366,0.01996194197496906,2.0,0.0,0.0,0.0,0.0,0.0,0.0,0.0,2.0399818171595836,-74.5300420126833,0.0,0.0,0.0,0.9806116829236654,0.19596103519224595,2.0,0.0,0.0,0.0,0.0,0.0,0.0,0.0,-1.3650340430016659,-60.23535571847316,0.0,0.0,0.0,0.9085145228778313,-0.4178532777423992,2.0,0.0,0.0,0.0,0.0,0.0,0.0,0.0,-16.01229635841129,-59.05641724619828,0.0,0.0,0.0,-0.48939569436555963,0.8720618408899977,2.0,0.0,0.0,0.0,0.0,0.0,0.0,0.0,-21.659786451308683,-72.62247949389767,0.0,0.0,0.0,0.11665565544650033,0.9931724211094202,2.0,0.0,0.0,0.0,0.0,0.0,0.0
401,0.0,2.993629893026789,-70.1250139046041,0.0,0.0,0.0,0.9998725897438491,0.01596258998184234,2.0,0.0,0.0,0.0,0.0,0.0,0.0,0.0,2.0399818171595836,-74.5300420126833,0.0,0.0,0.0,0.9806116829236654,0.19596103519224595,2.0,0.0,0.0,0.0,0.0,0.0,0.0,0.0,-1.3650340430016659,-60.23535571847316,0.0,0.0,0.0,0.9085145228778313,-0.4178532777423992,2.0,0.0,0.0,0.0,0.0,0.0,0.0,0.0,-16.01229635841129,-59.05641724619828,0.0,0.0,0.0,-0.48939569436555963,0.8720618408899977,2.0,0.0,0.0,0.0,0.0,0.0,0.0,0.0,-21.659786451308683,-72.62247949389767,0.0,0.0,0.0,0.11665565544650033,0.9931724211094202,2.0,0.0,0.0,0.0,0.0,0.0,0.0
402,0.0,2.99642217619021,-70.02505316320271,0.0,0.0,0.0,0.9999284409634563,0.011962982587616446,2.0,0.0,0.0,0.0,0.0,0.0,0.0,0.0,2.0399818171595836,-74.5300420126833,0.0,0.0,0.0,0.9806116829236654,0.19596103519224595,2.0,0.0,0.0,0.0,0.0,0.0,0.0,0.0,-1.3650340430016659,-60.23535571847316,0.0,0.0,0.0,0.9085145228778313,-0.4178532777423992,2.0,0.0,0.0,0.0,0.0,0.0,0.0,0.0,-16.01229635841129,-59.05641724619828,0.0,0.0,0.0,-0.48939569436555963,0.8720618408899977,2.0,0.0,0.0,0.0,0.0,0.0,0.0,0.0,-21.659786451308683,-72.62247949389767,0.0,0.0,0.0,0.11665565544650033,0.9931724211094202,2.0,0.0,0.0,0.0,0.0,0.0,0.0
403,0.0,2.9984146925997894,-69.92507328250095,0.0,0.0,0.0,0.9999682933493399,0.007963183785924357,2.0,0.0,0.0,0.0,0.0,0.0,0.0,0.0,2.0399818171595836,-74.5300420126833,0.0,0.0,0.0,0.9806116829236654,0.19596103519224595,2.0,0.0,0.0,0.0,0.0,0.0,0.0,0.0,-1.3650340430016659,-60.23535571847316,0.0,0.0,0.0,0.9085145228778313,-0.4178532777423992,2.0,0.0,0.0,0.0,0.0,0.0,0.0,0.0,-16.01229635841129,-59.05641724619828,0.0,0.0,0.0,-0.48939569436555963,0.8720618408899977,2.0,0.0,0.0,0.0,0.0,0.0,0.0,0.0,-21.659786451308683,-72.62247949389767,0.0,0.0,0.0,0.11665565544650033,0.9931724211094202,2.0,0.0,0.0,0.0,0.0,0.0,0.0
404,0.0,2.99960731473516,-69.82508066117705,0.0,0.0,0.0,0.9999921462638626,0.003963257573461577,2.0,0.0,0.0,0.0,0.0,0.0,0.0,0.0,2.0399818171595836,-74.5300420126833,0.0,0.0,0.0,0.9806116829236654,0.19596103519224595,2.0,0.0,0.0,0.0,0.0,0.0,0.0,0.0,-1.3650340430016659,-60.23535571847316,0.0,0.0,0.0,0.9085145228778313,-0.4178532777423992,2.0,0.0,0.0,0.0,0.0,0.0,0.0,0.0,-16.01229635841129,-59.05641724619828,0.0,0.0,0.0,-0.48939569436555963,0.8720618408899977,2.0,0.0,0.0,0.0,0.0,0.0,0.0,0.0,-21.659786451308683,-72.62247949389767,0.0,0.0,0.0,0.11665565544650033,0.9931724211094202,2.0,0.0,0.0,0.0,0.0,0.0,0.0
405,0.0,2.999999966268911,-69.72508169872467,0.0,0.0,0.0,0.9999999993253782,-3.673205103782976e-05,2.0,0.0,0.0,0.0,0.0,0.0,0.0,0.0,2.0399818171595836,-74.5300420126833,0.0,0.0,0.0,0.9806116829236654,0.19596103519224595,2.0,0.0,0.0,0.0,0.0,0.0,0.0,0.0,-1.3650340430016659,-60.23535571847316,0.0,0.0,0.0,0.9085145228778313,-0.4178532777423992,2.0,0.0,0.0,0.0,0.0,0.0,0.0,0.0,-16.01229635841129,-59.05641724619828,0.0,0.0,0.0,-0.48939569436555963,0.8720618408899977,2.0,0.0,0.0,0.0,0.0,0.0,0.0,0.0,-21.659786451308683,-72.62247949389767,0.0,0.0,0.0,0.11665565544650033,0.9931724211094202,2.0,0.0,0.0,0.0,0.0,0.0,0.0
406,0.0,2.999592622071477,-69.62508279504326,0.0,0.0,0.0,0.999991852408238,-0.004036721087825204,2.0,0.0,0.0,0.0,0.0,0.0,0.0,0.0,2.0399818171595836,-74.5300420126833,0.0,0.0,0.0,0.9806116829236654,0.19596103519224595,2.0,0.0,0.0,0.0,0.0,0.0,0.0,0.0,-1.3650340430016659,-60.23535571847316,0.0,0.0,0.0,0.9085145228778313,-0.4178532777423992,2.0,0.0,0.0,0.0,0.0,0.0,0.0,0.0,-16.01229635841129,-59.05641724619828,0.0,0.0,0.0,-0.48939569436555963,0.8720618408899977,2.0,0.0,0.0,0.0,0.0,0.0,0.0,0.0,-21.659786451308683,-72.62247949389767,0.0,0.0,0.0,0.11665565544650033,0.9931724211094202,2.0,0.0,0.0,0.0,0.0,0.0,0.0
407,0.0,2.9983853082127503,-69.5250903500285,0.0,0.0,0.0,0.9999677056427922,-0.008036645537161288,2.0,0.0,0.0,0.0,0.0,0.0,0.0,0.0,2.0399818171595836,-74.5300420126833,0.0,0.0,0.0,0.9806116829236654,0.19596103519224595,2.0,0.0,0.0,0.0,0.0,0.0,0.0,0.0,-1.3650340430016659,-60.23535571847316,0.0,0.0,0.0,0.9085145228778313,-0.4178532777423992,2.0,0.0,0.0,0.0,0.0,0.0,0.0,0.0,-16.01229635841129,-59.05641724619828,0.0,0.0,0.0,-0.48939569436555963,0.8720618408899977,2.0,0.0,0.0,0.0,0.0,0.0,0.0,0.0,-21.659786451308683,-72.62247949389767,0.0,0.0,0.0,0.11665565544650033,0.9931724211094202,2.0,0.0,0.0,0.0,0.0,0.0,0.0
408,0.0,2.9963781019604045,-69.42511076316278,0.0,0.0,0.0,0.9999275594153889,-0.012036441400340228,2.0,0.0,0.0,0.0,0.0,0.0,0.0,0.0,2.0399818171595836,-74.5300420126833,0.0,0.0,0.0,0.9806116829236654,0.19596103519224595,2.0,0.0,0.0,0.0,0.0,0.0,0.0,0.0,-1.3650340430016659,-60.23535571847316,0.0,0.0,0.0,0.9085145228778313,-0.4178532777423992,2.0,0.0,0.0,0.0,0.0,0.0,0.0,0.0,-16.01229635841129,-59.05641724619828,0.0,0.0,0.0,-0.48939569436555963,0.8720618408899977,2.0,0.0,0.0,0.0,0.0,0.0,0.0,0.0,-21.659786451308683,-72.62247949389767,0.0,0.0,0.0,0.11665565544650033,0.9931724211094202,2.0,0.0,0.0,0.0,0.0,0.0,0.0
409,0.0,2.9935711317749547,-69.32515043310552,0.0,0.0,0.0,0.9998714143683668,-0.016036044680713537,2.0,0.0,0.0,0.0,0.0,0.0,0.0,0.0,2.0399818171595836,-74.5300420126833,0.0,0.0,0.0,0.9806116829236654,0.19596103519224595,2.0,0.0,0.0,0.0,0.0,0.0,0.0,0.0,-1.3650340430016659,-60.23535571847316,0.0,0.0,0.0,0.9085145228778313,-0.4178532777423992,2.0,0.0,0.0,0.0,0.0,0.0,0.0,0.0,-16.01229635841129,-59.05641724619828,0.0,0.0,0.0,-0.48939569436555963,0.8720618408899977,2.0,0.0,0.0,0.0,0.0,0.0,0.0,0.0,-21.659786451308683,-72.62247949389767,0.0,0.0,0.0,0.11665565544650033,0.9931724211094202,2.0,0.0,0.0,0.0,0.0,0.0,0.0
410,0.0,2.9899645773015333,-69.2252157572837,0.0,0.0,0.0,0.9997992714000452,-0.02003539138471406,2.0,0.0,0.0,0.0,0.0,0.0,0.0,0.0,2.0399818171595836,-74.5300420126833,0.0,0.0,0.0,0.9806116829236654,0.19596103519224595,2.0,0.0,0.0,0.0,0.0,0.0,0.0,0.0,-1.3650340430016659,-60.23535571847316,0.0,0.0,0.0,0.9085145228778313,-0.4178532777423992,2.0,0.0,0.0,0.0,0.0,0.0,0.0,0.0,-16.01229635841129,-59.05641724619828,0.0,0.0,0.0,-0.48939569436555963,0.8720618408899977,2.0,0.0,0.0,0.0,0.0,0.0,0.0,0.0,-21.659786451308683,-72.62247949389767,0.0,0.0,0.0,0.11665565544650033,0.9931724211094202,2.0,0.0,0.0,0.0,0.0,0.0,0.0
411,0.0,2.9855586693583973,-69.12531313148249,0.0,0.0,0.0,0.9997111316647104,-0.02403441752287985,2.0,0.0,0.0,0.0,0.0,0.0,0.0,0.0,2.0399818171595836,-74.5300420126833,0.0,0.0,0.0,0.9806116829236654,0.19596103519224595,2.0,0.0,0.0,0.0,0.0,0.0,0.0,0.0,-1.3650340430016659,-60.23535571847316,0.0,0.0,0.0,0.9085145228778313,-0.4178532777423992,2.0,0.0,0.0,0.0,0.0,0.0,0.0,0.0,-16.01229635841129,-59.05641724619828,0.0,0.0,0.0,-0.48939569436555963,0.8720618408899977,2.0,0.0,0.0,0.0,0.0,0.0,0.0,0.0,-21.659786451308683,-72.62247949389767,0.0,0.0,0.0,0.11665565544650033,0.9931724211094202,2.0,0.0,0.0,0.0,0.0,0.0,0.0
412,0.0,2.9803536899221506,-69.02544894943583,0.0,0.0,0.0,0.999606996572596,-0.028033059110878004,2.0,0.0,0.0,0.0,0.0,0.0,0.0,0.0,2.0399818171595836,-74.5300420126833,0.0,0.0,0.0,0.9806116829236654,0.19596103519224595,2.0,0.0,0.0,0.0,0.0,0.0,0.0,0.0,-1.3650340430016659,-60.23535571847316,0.0,0.0,0.0,0.9085145228778313,-0.4178532777423992,2.0,0.0,0.0,0.0,0.0,0.0,0.0,0.0,-16.01229635841129,-59.05641724619828,0.0,0.0,0.0,-0.48939569436555963,0.8720618408899977,2.0,0.0,0.0,0.0,0.0,0.0,0.0,0.0,-21.659786451308683,-72.62247949389767,0.0,0.0,0.0,0.11665565544650033,0.9931724211094202,2.0,0.0,0.0,0.0,0.0,0.0,0.0
413,0.0,2.9743499721097013,-68.92562960241729,0.0,0.0,0.0,0.9994868677898615,-0.03203125217052842,2.0,0.0,0.0,0.0,0.0,0.0,0.0,0.0,2.0399818171595836,-74.5300420126833,0.0,0.0,0.0,0.9806116829236654,0.19596103519224595,2.0,0.0,0.0,0.0,0.0,0.0,0.0,0.0,-1.3650340430016659,-60.23535571847316,0.0,0.0,0.0,0.9085145228778313,-0.4178532777423992,2.0,0.0,0.0,0.0,0.0,0.0,0.0,0.0,-16.01229635841129,-59.05641724619828,0.0,0.0,0.0,-0.48939569436555963,0.8720618408899977,2.0,0.0,0.0,0.0,0.0,0.0,0.0,0.0,-21.659786451308683,-72.62247949389767,0.0,0.0,0.0,0.11665565544650033,0.9931724211094202,2.0,0.0,0.0,0.0,0.0,0.0,0.0
414,0.0,2.967547900156937,-68.82586147883099,0.0,0.0,0.0,0.9993507472385647,-0.03602893273082745,2.0,0.0,0.0,0.0,0.0,0.0,0.0,0.0,2.0399818171595836,-74.5300420126833,0.0,0.0,0.0,0.9806116829236654,0.19596103519224595,2.0,0.0,0.0,0.0,0.0,0.0,0.0,0.0,-1.3650340430016659,-60.23535571847316,0.0,0.0,0.0,0.9085145228778313,-0.4178532777423992,2.0,0.0,0.0,0.0,0.0,0.0,0.0,0.0,-16.01229635841129,-59.05641724619828,0.0,0.0,0.0,-0.48939569436555963,0.8720618408899977,2.0,0.0,0.0,0.0,0.0,0.0,0.0,0.0,-21.659786451308683,-72.62247949389767,0.0,0.0,0.0,0.11665565544650033,0.9931724211094202,2.0,0.0,0.0,0.0,0.0,0.0,0.0
415,0.0,2.9599479093941454,-68.72615096380281,0.0,0.0,0.0,0.9991986370966315,-0.04002603682897139,2.0,0.0,0.0,0.0,0.0,0.0,0.0,0.0,2.0399818171595836,-74.5300420126833,0.0,0.0,0.0,0.9806116829236654,0.19596103519224595,2.0,0.0,0.0,0.0,0.0,0.0,0.0,0.0,-1.3650340430016659,-60.23535571847316,0.0,0.0,0.0,0.9085145228778313,-0.4178532777423992,2.0,0.0,0.0,0.0,0.0,0.0,0.0,0.0,-16.01229635841129,-59.05641724619828,0.0,0.0,0.0,-0.48939569436555963,0.8720618408899977,2.0,0.0,0.0,0.0,0.0,0.0,0.0,0.0,-21.659786451308683,-72.62247949389767,0.0,0.0,0.0,0.11665565544650033,0.9931724211094202,2.0,0.0,0.0,0.0,0.0,0.0,0.0
416,0.0,2.9515504862181388,-68.62650443877165,0.0,0.0,0.0,0.999030539797821,-0.044022500511379965,2.0,0.0,0.0,0.0,0.0,0.0,0.0,0.0,2.0399818171595836,-74.5300420126833,0.0,0.0,0.0,0.9806116829236654,0.19596103519224595,2.0,0.0,0.0,0.0,0.0,0.0,0.0,0.0,-1.3650340430016659,-60.23535571847316,0.0,0.0,0.0,0.9085145228778313,-0.4178532777423992,2.0,0.0,0.0,0.0,0.0,0.0,0.0,0.0,-16.01229635841129,-59.05641724619828,0.0,0.0,0.0,-0.48939569436555963,0.8720618408899977,2.0,0.0,0.0,0.0,0.0,0.0,0.0,0.0,-21.659786451308683,-72.62247949389767,0.0,0.0,0.0,0.11665565544650033,0.9931724211094202,2.0,0.0,0.0,0.0,0.0,0.0,0.0
417,0.0,2.942356168061135,-68.52692828108113,0.0,0.0,0.0,0.9988464580316864,-0.0480182598347195,2.0,0.0,0.0,0.0,0.0,0.0,0.0,0.0,2.0399818171595836,-74.5300420126833,0.0,0.0,0.0,0.9806116829236654,0.19596103519224595,2.0,0.0,0.0,0.0,0.0,0.0,0.0,0.0,-1.3650340430016659,-60.23535571847316,0.0,0.0,0.0,0.9085145228778313,-0.4178532777423992,2.0,0.0,0.0,0.0,0.0,0.0,0.0,0.0,-16.01229635841129,-59.05641724619828,0.0,0.0,0.0,-0.48939569436555963,0.8720618408899977,2.0,0.0,0.0,0.0,0.0,0.0,0.0,0.0,-21.659786451308683,-72.62247949389767,0.0,0.0,0.0,0.11665565544650033,0.9931724211094202,2.0,0.0,0.0,0.0,0.0,0.0,0.0
418,0.0,2.9323655433563545,-68.42742886357134,0.0,0.0,0.0,0.9986463947435319,-0.052013250866926077,2.0,0.0,0.0,0.0,0.0,0.0,0.0,0.0,2.0399818171595836,-74.5300420126833,0.0,0.0,0.0,0.9806116829236654,0.19596103519224595,2.0,0.0,0.0,0.0,0.0,0.0,0.0,0.0,-1.3650340430016659,-60.23535571847316,0.0,0.0,0.0,0.9085145228778313,-0.4178532777423992,2.0,0.0,0.0,0.0,0.0,0.0,0.0,0.0,-16.01229635841129,-59.05641724619828,0.0,0.0,0.0,-0.48939569436555963,0.8720618408899977,2.0,0.0,0.0,0.0,0.0,0.0,0.0,0.0,-21.659786451308683,-72.62247949389767,0.0,0.0,0.0,0.11665565544650033,0.9931724211094202,2.0,0.0,0.0,0.0,0.0,0.0,0.0
419,0.0,2.921579251500374,-68.32801255417102,0.0,0.0,0.0,0.9984303531343661,-0.05600740968822839,2.0,0.0,0.0,0.0,0.0,0.0,0.0,0.0,2.0399818171595836,-74.5300420126833,0.0,0.0,0.0,0.9806116829236654,0.19596103519224595,2.0,0.0,0.0,0.0,0.0,0.0,0.0,0.0,-1.3650340430016659,-60.23535571847316,0.0,0.0,0.0,0.9085145228778313,-0.4178532777423992,2.0,0.0,0.0,0.0,0.0,0.0,0.0,0.0,-16.01229635841129,-59.05641724619828,0.0,0.0,0.0,-0.48939569436555963,0.8720618408899977,2.0,0.0,0.0,0.0,0.0,0.0,0.0,0.0,-21.659786451308683,-72.62247949389767,0.0,0.0,0.0,0.11665565544650033,0.9931724211094202,2.0,0.0,0.0,0.0,0.0,0.0,0.0
420,0.0,2.909997982812186,-68.22868571549007,0.0,0.0,0.0,0.9981983366608499,-0.060000672392170516,2.0,0.0,0.0,0.0,0.0,0.0,0.0,0.0,2.0399818171595836,-74.5300420126833,0.0,0.0,0.0,0.9806116829236654,0.19596103519224595,2.0,0.0,0.0,0.0,0.0,0.0,0.0,0.0,-1.3650340430016659,-60.23535571847316,0.0,0.0,0.0,0.9085145228778313,-0.4178532777423992,2.0,0.0,0.0,0.0,0.0,0.0,0.0,0.0,-16.01229635841129,-59.05641724619828,0.0,0.0,0.0,-0.48939569436555963,0.8720618408899977,2.0,0.0,0.0,0.0,0.0,0.0,0.0,0.0,-21.659786451308683,-72.62247949389767,0.0,0.0,0.0,0.11665565544650033,0.9931724211094202,2.0,0.0,0.0,0.0,0.0,0.0,0.0
421,0.0,2.8976224784890334,-68.12945470441224,0.0,0.0,0.0,0.997950349035242,-0.06399297508663439,2.0,0.0,0.0,0.0,0.0,0.0,0.0,0.0,2.0399818171595836,-74.5300420126833,0.0,0.0,0.0,0.9806116829236654,0.19596103519224595,2.0,0.0,0.0,0.0,0.0,0.0,0.0,0.0,-1.3650340430016659,-60.23535571847316,0.0,0.0,0.0,0.9085145228778313,-0.4178532777423992,2.0,0.0,0.0,0.0,0.0,0.0,0.0,0.0,-16.01229635841129,-59.05641724619828,0.0,0.0,0.0,-0.48939569436555963,0.8720618408899977,2.0,0.0,0.0,0.0,0.0,0.0,0.0,0.0,-21.659786451308683,-72.62247949389767,0.0,0.0,0.0,0.11665565544650033,0.9931724211094202,2.0,0.0,0.0,0.0,0.0,0.0,0.0
422,0.0,2.8844535305589734,-68.03032587168838,0.0,0.0,0.0,0.9976863942253392,-0.06798425389486204,2.0,0.0,0.0,0.0,0.0,0.0,0.0,0.0,2.0399818171595836,-74.5300420126833,0.0,0.0,0.0,0.9806116829236654,0.19596103519224595,2.0,0.0,0.0,0.0,0.0,0.0,0.0,0.0,-1.3650340430016659,-60.23535571847316,0.0,0.0,0.0,0.9085145228778313,-0.4178532777423992,2.0,0.0,0.0,0.0,0.0,0.0,0.0,0.0,-16.01229635841129,-59.05641724619828,0.0,0.0,0.0,-0.48939569436555963,0.8720618408899977,2.0,0.0,0.0,0.0,0.0,0.0,0.0,0.0,-21.659786451308683,-72.62247949389767,0.0,0.0,0.0,0.11665565544650033,0.9931724211094202,2.0,0.0,0.0,0.0,0.0,0.0,0.0
423,0.0,2.870491981830174,-67.93130556152994,0.0,0.0,0.0,0.9974064764544127,-0.07197444495647772,2.0,0.0,0.0,0.0,0.0,0.0,0.0,0.0,2.0399818171595836,-74.5300420126833,0.0,0.0,0.0,0.9806116829236654,0.19596103519224595,2.0,0.0,0.0,0.0,0.0,0.0,0.0,0.0,-1.3650340430016659,-60.23535571847316,0.0,0.0,0.0,0.9085145228778313,-0.4178532777423992,2.0,0.0,0.0,0.0,0.0,0.0,0.0,0.0,-16.01229635841129,-59.05641724619828,0.0,0.0,0.0,-0.48939569436555963,0.8720618408899977,2.0,0.0,0.0,0.0,0.0,0.0,0.0,0.0,-21.659786451308683,-72.62247949389767,0.0,0.0,0.0,0.11665565544650033,0.9931724211094202,2.0,0.0,0.0,0.0,0.0,0.0,0.0
424,0.0,2.8557387258369893,-67.83240011120297,0.0,0.0,0.0,0.997110600201141,-0.07596348442850955,2.0,0.0,0.0,0.0,0.0,0.0,0.0,0.0,2.0399818171595836,-74.5300420126833,0.0,0.0,0.0,0.9806116829236654,0.19596103519224595,2.0,0.0,0.0,0.0,0.0,0.0,0.0,0.0,-1.3650340430016659,-60.23535571847316,0.0,0.0,0.0,0.9085145228778313,-0.4178532777423992,2.0,0.0,0.0,0.0,0.0,0.0,0.0,0.0,-16.01229635841129,-59.05641724619828,0.0,0.0,0.0,-0.48939569436555963,0.8720618408899977,2.0,0.0,0.0,0.0,0.0,0.0,0.0,0.0,-21.659786451308683,-72.62247949389767,0.0,0.0,0.0,0.11665565544650033,0.9931724211094202,2.0,0.0,0.0,0.0,0.0,0.0,0.0
425,0.0,2.8401947067827678,-67.73361585062254,0.0,0.0,0.0,0.9967987701995377,-0.07995130848641106,2.0,0.0,0.0,0.0,0.0,0.0,0.0,0.0,2.0399818171595836,-74.5300420126833,0.0,0.0,0.0,0.9806116829236654,0.19596103519224595,2.0,0.0,0.0,0.0,0.0,0.0,0.0,0.0,-1.3650340430016659,-60.23535571847316,0.0,0.0,0.0,0.9085145228778313,-0.4178532777423992,2.0,0.0,0.0,0.0,0.0,0.0,0.0,0.0,-16.01229635841129,-59.05641724619828,0.0,0.0,0.0,-0.48939569436555963,0.8720618408899977,2.0,0.0,0.0,0.0,0.0,0.0,0.0,0.0,-21.659786451308683,-72.62247949389767,0.0,0.0,0.0,0.11665565544650033,0.9931724211094202,2.0,0.0,0.0,0.0,0.0,0.0,0.0
426,0.0,2.823860919479424,-67.6349591019476,0.0,0.0,0.0,0.9964709914388762,-0.08393785332508244,2.0,0.0,0.0,0.0,0.0,0.0,0.0,0.0,2.0399818171595836,-74.5300420126833,0.0,0.0,0.0,0.9806116829236654,0.19596103519224595,2.0,0.0,0.0,0.0,0.0,0.0,0.0,0.0,-1.3650340430016659,-60.23535571847316,0.0,0.0,0.0,0.9085145228778313,-0.4178532777423992,2.0,0.0,0.0,0.0,0.0,0.0,0.0,0.0,-16.01229635841129,-59.05641724619828,0.0,0.0,0.0,-0.48939569436555963,0.8720618408899977,2.0,0.0,0.0,0.0,0.0,0.0,0.0,0.0,-21.659786451308683,-72.62247949389767,0.0,0.0,0.0,0.11665565544650033,0.9931724211094202,2.0,0.0,0.0,0.0,0.0,0.0,0.0
427,0.0,2.806738409283769,-67.5364361791764,0.0,0.0,0.0,0.9961272691636098,-0.08792305515989128,2.0,0.0,0.0,0.0,0.0,0.0,0.0,0.0,2.0399818171595836,-74.5300420126833,0.0,0.0,0.0,0.9806116829236654,0.19596103519224595,2.0,0.0,0.0,0.0,0.0,0.0,0.0,0.0,-1.3650340430016659,-60.23535571847316,0.0,0.0,0.0,0.9085145228778313,-0.4178532777423992,2.0,0.0,0.0,0.0,0.0,0.0,0.0,0.0,-16.01229635841129,-59.05641724619828,0.0,0.0,0.0,-0.48939569436555963,0.8720618408899977,2.0,0.0,0.0,0.0,0.0,0.0,0.0,0.0,-21.659786451308683,-72.62247949389767,0.0,0.0,0.0,0.11665565544650033,0.9931724211094202,2.0,0.0,0.0,0.0,0.0,0.0,0.0
428,0.0,2.78882827203061,-67.43805338774236,0.0,0.0,0.0,0.9957676088732874,-0.09190685022769325,2.0,0.0,0.0,0.0,0.0,0.0,0.0,0.0,2.0399818171595836,-74.5300420126833,0.0,0.0,0.0,0.9806116829236654,0.19596103519224595,2.0,0.0,0.0,0.0,0.0,0.0,0.0,0.0,-1.3650340430016659,-60.23535571847316,0.0,0.0,0.0,0.9085145228778313,-0.4178532777423992,2.0,0.0,0.0,0.0,0.0,0.0,0.0,0.0,-16.01229635841129,-59.05641724619828,0.0,0.0,0.0,-0.48939569436555963,0.8720618408899977,2.0,0.0,0.0,0.0,0.0,0.0,0.0,0.0,-21.659786451308683,-72.62247949389767,0.0,0.0,0.0,0.11665565544650033,0.9931724211094202,2.0,0.0,0.0,0.0,0.0,0.0,0.0
429,0.0,2.7701316539626184,-67.33981702411056,0.0,0.0,0.0,0.9953920163224661,-0.09588917478785225,2.0,0.0,0.0,0.0,0.0,0.0,0.0,0.0,2.0399818171595836,-74.5300420126833,0.0,0.0,0.0,0.9806116829236654,0.19596103519224595,2.0,0.0,0.0,0.0,0.0,0.0,0.0,0.0,-1.3650340430016659,-60.23535571847316,0.0,0.0,0.0,0.9085145228778313,-0.4178532777423992,2.0,0.0,0.0,0.0,0.0,0.0,0.0,0.0,-16.01229635841129,-59.05641724619828,0.0,0.0,0.0,-0.48939569436555963,0.8720618408899977,2.0,0.0,0.0,0.0,0.0,0.0,0.0,0.0,-21.659786451308683,-72.62247949389767,0.0,0.0,0.0,0.11665565544650033,0.9931724211094202,2.0,0.0,0.0,0.0,0.0,0.0,0.0
430,0.0,2.750649751656969,-67.24173337537472,0.0,0.0,0.0,0.9950004975206187,-0.09986996512326028,2.0,0.0,0.0,0.0,0.0,0.0,0.0,0.0,2.0399818171595836,-74.5300420126833,0.0,0.0,0.0,0.9806116829236654,0.19596103519224595,2.0,0.0,0.0,0.0,0.0,0.0,0.0,0.0,-1.3650340430016659,-60.23535571847316,0.0,0.0,0.0,0.9085145228778313,-0.4178532777423992,2.0,0.0,0.0,0.0,0.0,0.0,0.0,0.0,-16.01229635841129,-59.05641724619828,0.0,0.0,0.0,-0.48939569436555963,0.8720618408899977,2.0,0.0,0.0,0.0,0.0,0.0,0.0,0.0,-21.659786451308683,-72.62247949389767,0.0,0.0,0.0,0.11665565544650033,0.9931724211094202,2.0,0.0,0.0,0.0,0.0,0.0,0.0
431,0.0,2.7303838119487605,-67.14380871885491,0.0,0.0,0.0,0.9945930587320376,-0.10384915754135692,2.0,0.0,0.0,0.0,0.0,0.0,0.0,0.0,2.0399818171595836,-74.5300420126833,0.0,0.0,0.0,0.9806116829236654,0.19596103519224595,2.0,0.0,0.0,0.0,0.0,0.0,0.0,0.0,-1.3650340430016659,-60.23535571847316,0.0,0.0,0.0,0.9085145228778313,-0.4178532777423992,2.0,0.0,0.0,0.0,0.0,0.0,0.0,0.0,-16.01229635841129,-59.05641724619828,0.0,0.0,0.0,-0.48939569436555963,0.8720618408899977,2.0,0.0,0.0,0.0,0.0,0.0,0.0,0.0,-21.659786451308683,-72.62247949389767,0.0,0.0,0.0,0.11665565544650033,0.9931724211094202,2.0,0.0,0.0,0.0,0.0,0.0,0.0
432,0.0,2.7093351318512156,-67.0460493216957,0.0,0.0,0.0,0.9941697064757348,-0.10782668837514832,2.0,0.0,0.0,0.0,0.0,0.0,0.0,0.0,2.0399818171595836,-74.5300420126833,0.0,0.0,0.0,0.9806116829236654,0.19596103519224595,2.0,0.0,0.0,0.0,0.0,0.0,0.0,0.0,-1.3650340430016659,-60.23535571847316,0.0,0.0,0.0,0.9085145228778313,-0.4178532777423992,2.0,0.0,0.0,0.0,0.0,0.0,0.0,0.0,-16.01229635841129,-59.05641724619828,0.0,0.0,0.0,-0.48939569436555963,0.8720618408899977,2.0,0.0,0.0,0.0,0.0,0.0,0.0,0.0,-21.659786451308683,-72.62247949389767,0.0,0.0,0.0,0.11665565544650033,0.9931724211094202,2.0,0.0,0.0,0.0,0.0,0.0,0.0
433,0.0,2.687505058472677,-66.94846144046515,0.0,0.0,0.0,0.9937304475253372,-0.11180249398422602,2.0,0.0,0.0,0.0,0.0,0.0,0.0,0.0,2.0399818171595836,-74.5300420126833,0.0,0.0,0.0,0.9806116829236654,0.19596103519224595,2.0,0.0,0.0,0.0,0.0,0.0,0.0,0.0,-1.3650340430016659,-60.23535571847316,0.0,0.0,0.0,0.9085145228778313,-0.4178532777423992,2.0,0.0,0.0,0.0,0.0,0.0,0.0,0.0,-16.01229635841129,-59.05641724619828,0.0,0.0,0.0,-0.48939569436555963,0.8720618408899977,2.0,0.0,0.0,0.0,0.0,0.0,0.0,0.0,-21.659786451308683,-72.62247949389767,0.0,0.0,0.0,0.11665565544650033,0.9931724211094202,2.0,0.0,0.0,0.0,0.0,0.0,0.0
434,0.0,2.6648949889303886,-66.85105132075435,0.0,0.0,0.0,0.993275288908979,-0.1157765107557851,2.0,0.0,0.0,0.0,0.0,0.0,0.0,0.0,2.0399818171595836,-74.5300420126833,0.0,0.0,0.0,0.9806116829236654,0.19596103519224595,2.0,0.0,0.0,0.0,0.0,0.0,0.0,0.0,-1.3650340430016659,-60.23535571847316,0.0,0.0,0.0,0.9085145228778313,-0.4178532777423992,2.0,0.0,0.0,0.0,0.0,0.0,0.0,0.0,-16.01229635841129,-59.05641724619828,0.0,0.0,0.0,-0.48939569436555963,0.8720618408899977,2.0,0.0,0.0,0.0,0.0,0.0,0.0,0.0,-21.659786451308683,-72.62247949389767,0.0,0.0,0.0,0.11665565544650033,0.9931724211094202,2.0,0.0,0.0,0.0,0.0,0.0,0.0
435,0.0,2.6415063702610855,-66.7538251967777,0.0,0.0,0.0,0.9928042379091879,-0.11974867510564198,2.0,0.0,0.0,0.0,0.0,0.0,0.0,0.0,2.0399818171595836,-74.5300420126833,0.0,0.0,0.0,0.9806116829236654,0.19596103519224595,2.0,0.0,0.0,0.0,0.0,0.0,0.0,0.0,-1.3650340430016659,-60.23535571847316,0.0,0.0,0.0,0.9085145228778313,-0.4178532777423992,2.0,0.0,0.0,0.0,0.0,0.0,0.0,0.0,-16.01229635841129,-59.05641724619828,0.0,0.0,0.0,-0.48939569436555963,0.8720618408899977,2.0,0.0,0.0,0.0,0.0,0.0,0.0,0.0,-21.659786451308683,-72.62247949389767,0.0,0.0,0.0,0.11665565544650033,0.9931724211094202,2.0,0.0,0.0,0.0,0.0,0.0,0.0
436,0.0,2.617340699328375,-66.65678929097396,0.0,0.0,0.0,0.9923173020627701,-0.12371892347925181,2.0,0.0,0.0,0.0,0.0,0.0,0.0,0.0,2.0399818171595836,-74.5300420126833,0.0,0.0,0.0,0.9806116829236654,0.19596103519224595,2.0,0.0,0.0,0.0,0.0,0.0,0.0,0.0,-1.3650340430016659,-60.23535571847316,0.0,0.0,0.0,0.9085145228778313,-0.4178532777423992,2.0,0.0,0.0,0.0,0.0,0.0,0.0,0.0,-16.01229635841129,-59.05641724619828,0.0,0.0,0.0,-0.48939569436555963,0.8720618408899977,2.0,0.0,0.0,0.0,0.0,0.0,0.0,0.0,-21.659786451308683,-72.62247949389767,0.0,0.0,0.0,0.11665565544650033,0.9931724211094202,2.0,0.0,0.0,0.0,0.0,0.0,0.0
437,0.0,2.5923995227269536,-66.55994981360797,0.0,0.0,0.0,0.9918144891606888,-0.1276871923527253,2.0,0.0,0.0,0.0,0.0,0.0,0.0,0.0,2.0399818171595836,-74.5300420126833,0.0,0.0,0.0,0.9806116829236654,0.19596103519224595,2.0,0.0,0.0,0.0,0.0,0.0,0.0,0.0,-1.3650340430016659,-60.23535571847316,0.0,0.0,0.0,0.9085145228778313,-0.4178532777423992,2.0,0.0,0.0,0.0,0.0,0.0,0.0,0.0,-16.01229635841129,-59.05641724619828,0.0,0.0,0.0,-0.48939569436555963,0.8720618408899977,2.0,0.0,0.0,0.0,0.0,0.0,0.0,0.0,-21.659786451308683,-72.62247949389767,0.0,0.0,0.0,0.11665565544650033,0.9931724211094202,2.0,0.0,0.0,0.0,0.0,0.0,0.0
438,0.0,2.5666844366836052,-66.46331296237324,0.0,0.0,0.0,0.9912958072479396,-0.13165341823384516,2.0,0.0,0.0,0.0,0.0,0.0,0.0,0.0,2.0399818171595836,-74.5300420126833,0.0,0.0,0.0,0.9806116829236654,0.19596103519224595,2.0,0.0,0.0,0.0,0.0,0.0,0.0,0.0,-1.3650340430016659,-60.23535571847316,0.0,0.0,0.0,0.9085145228778313,-0.4178532777423992,2.0,0.0,0.0,0.0,0.0,0.0,0.0,0.0,-16.01229635841129,-59.05641724619828,0.0,0.0,0.0,-0.48939569436555963,0.8720618408899977,2.0,0.0,0.0,0.0,0.0,0.0,0.0,0.0,-21.659786451308683,-72.62247949389767,0.0,0.0,0.0,0.11665565544650033,0.9931724211094202,2.0,0.0,0.0,0.0,0.0,0.0,0.0
439,0.0,2.5401970869550645,-66.36688492199526,0.0,0.0,0.0,0.9907612646234221,-0.13561753766308188,2.0,0.0,0.0,0.0,0.0,0.0,0.0,0.0,2.0399818171595836,-74.5300420126833,0.0,0.0,0.0,0.9806116829236654,0.19596103519224595,2.0,0.0,0.0,0.0,0.0,0.0,0.0,0.0,-1.3650340430016659,-60.23535571847316,0.0,0.0,0.0,0.9085145228778313,-0.4178532777423992,2.0,0.0,0.0,0.0,0.0,0.0,0.0,0.0,-16.01229635841129,-59.05641724619828,0.0,0.0,0.0,-0.48939569436555963,0.8720618408899977,2.0,0.0,0.0,0.0,0.0,0.0,0.0,0.0,-21.659786451308683,-72.62247949389767,0.0,0.0,0.0,0.11665565544650033,0.9931724211094202,2.0,0.0,0.0,0.0,0.0,0.0,0.0
440,0.0,2.512939168722669,-66.27067186383569,0.0,0.0,0.0,0.9902108698398068,-0.13957948721460914,2.0,0.0,0.0,0.0,0.0,0.0,0.0,0.0,2.0399818171595836,-74.5300420126833,0.0,0.0,0.0,0.9806116829236654,0.19596103519224595,2.0,0.0,0.0,0.0,0.0,0.0,0.0,0.0,-1.3650340430016659,-60.23535571847316,0.0,0.0,0.0,0.9085145228778313,-0.4178532777423992,2.0,0.0,0.0,0.0,0.0,0.0,0.0,0.0,-16.01229635841129,-59.05641724619828,0.0,0.0,0.0,-0.48939569436555963,0.8720618408899977,2.0,0.0,0.0,0.0,0.0,0.0,0.0,0.0,-21.659786451308683,-72.62247949389767,0.0,0.0,0.0,0.11665565544650033,0.9931724211094202,2.0,0.0,0.0,0.0,0.0,0.0,0.0
441,0.0,2.4849124264838824,-66.17467994549742,0.0,0.0,0.0,0.9896446317033986,-0.14353920349731866,2.0,0.0,0.0,0.0,0.0,0.0,0.0,0.0,2.0399818171595836,-74.5300420126833,0.0,0.0,0.0,0.9806116829236654,0.19596103519224595,2.0,0.0,0.0,0.0,0.0,0.0,0.0,0.0,-1.3650340430016659,-60.23535571847316,0.0,0.0,0.0,0.9085145228778313,-0.4178532777423992,2.0,0.0,0.0,0.0,0.0,0.0,0.0,0.0,-16.01229635841129,-59.05641724619828,0.0,0.0,0.0,-0.48939569436555963,0.8720618408899977,2.0,0.0,0.0,0.0,0.0,0.0,0.0,0.0,-21.659786451308683,-72.62247949389767,0.0,0.0,0.0,0.11665565544650033,0.9931724211094202,2.0,0.0,0.0,0.0,0.0,0.0,0.0
442,0.0,2.456118653940644,-66.07891531043046,0.0,0.0,0.0,0.9890625592739954,-0.14749662315583442,2.0,0.0,0.0,0.0,0.0,0.0,0.0,0.0,2.0399818171595836,-74.5300420126833,0.0,0.0,0.0,0.9806116829236654,0.19596103519224595,2.0,0.0,0.0,0.0,0.0,0.0,0.0,0.0,-1.3650340430016659,-60.23535571847316,0.0,0.0,0.0,0.9085145228778313,-0.4178532777423992,2.0,0.0,0.0,0.0,0.0,0.0,0.0,0.0,-16.01229635841129,-59.05641724619828,0.0,0.0,0.0,-0.48939569436555963,0.8720618408899977,2.0,0.0,0.0,0.0,0.0,0.0,0.0,0.0,-21.659786451308683,-72.62247949389767,0.0,0.0,0.0,0.11665565544650033,0.9931724211094202,2.0,0.0,0.0,0.0,0.0,0.0,0.0
443,0.0,2.426559693884565,-65.98338408753875,0.0,0.0,0.0,0.988464661864744,-0.15145168287152624,2.0,0.0,0.0,0.0,0.0,0.0,0.0,0.0,2.0399818171595836,-74.5300420126833,0.0,0.0,0.0,0.9806116829236654,0.19596103519224595,2.0,0.0,0.0,0.0,0.0,0.0,0.0,0.0,-1.3650340430016659,-60.23535571847316,0.0,0.0,0.0,0.9085145228778313,-0.4178532777423992,2.0,0.0,0.0,0.0,0.0,0.0,0.0,0.0,-16.01229635841129,-59.05641724619828,0.0,0.0,0.0,-0.48939569436555963,0.8720618408899977,2.0,0.0,0.0,0.0,0.0,0.0,0.0,0.0,-21.659786451308683,-72.62247949389767,0.0,0.0,0.0,0.11665565544650033,0.9931724211094202,2.0,0.0,0.0,0.0,0.0,0.0,0.0
444,0.0,2.3962374380790017,-65.88809239078797,0.0,0.0,0.0,0.9878509490419899,-0.1554043193635231,2.0,0.0,0.0,0.0,0.0,0.0,0.0,0.0,2.0399818171595836,-74.5300420126833,0.0,0.0,0.0,0.9806116829236654,0.19596103519224595,2.0,0.0,0.0,0.0,0.0,0.0,0.0,0.0,-1.3650340430016659,-60.23535571847316,0.0,0.0,0.0,0.9085145228778313,-0.4178532777423992,2.0,0.0,0.0,0.0,0.0,0.0,0.0,0.0,-16.01229635841129,-59.05641724619828,0.0,0.0,0.0,-0.48939569436555963,0.8720618408899977,2.0,0.0,0.0,0.0,0.0,0.0,0.0,0.0,-21.659786451308683,-72.62247949389767,0.0,0.0,0.0,0.11665565544650033,0.9931724211094202,2.0,0.0,0.0,0.0,0.0,0.0,0.0
445,0.0,2.365153827137977,-65.79304631881419,0.0,0.0,0.0,0.9872214306251252,-0.15935446938972547,2.0,0.0,0.0,0.0,0.0,0.0,0.0,0.0,2.0399818171595836,-74.5300420126833,0.0,0.0,0.0,0.9806116829236654,0.19596103519224595,2.0,0.0,0.0,0.0,0.0,0.0,0.0,0.0,-1.3650340430016659,-60.23535571847316,0.0,0.0,0.0,0.9085145228778313,-0.4178532777423992,2.0,0.0,0.0,0.0,0.0,0.0,0.0,0.0,-16.01229635841129,-59.05641724619828,0.0,0.0,0.0,-0.48939569436555963,0.8720618408899977,2.0,0.0,0.0,0.0,0.0,0.0,0.0,0.0,-21.659786451308683,-72.62247949389767,0.0,0.0,0.0,0.11665565544650033,0.9931724211094202,2.0,0.0,0.0,0.0,0.0,0.0,0.0
446,0.0,2.3333108504019755,-65.69825195453355,0.0,0.0,0.0,0.9865761166864314,-0.16330206974781714,2.0,0.0,0.0,0.0,0.0,0.0,0.0,0.0,2.0399818171595836,-74.5300420126833,0.0,0.0,0.0,0.9806116829236654,0.19596103519224595,2.0,0.0,0.0,0.0,0.0,0.0,0.0,0.0,-1.3650340430016659,-60.23535571847316,0.0,0.0,0.0,0.9085145228778313,-0.4178532777423992,2.0,0.0,0.0,0.0,0.0,0.0,0.0,0.0,-16.01229635841129,-59.05641724619828,0.0,0.0,0.0,-0.48939569436555963,0.8720618408899977,2.0,0.0,0.0,0.0,0.0,0.0,0.0,0.0,-21.659786451308683,-72.62247949389767,0.0,0.0,0.0,0.11665565544650033,0.9931724211094202,2.0,0.0,0.0,0.0,0.0,0.0,0.0
447,0.0,2.300710545810645,-65.60371536475301,0.0,0.0,0.0,0.9859150175509175,-0.1672470572762766,2.0,0.0,0.0,0.0,0.0,0.0,0.0,0.0,2.0399818171595836,-74.5300420126833,0.0,0.0,0.0,0.9806116829236654,0.19596103519224595,2.0,0.0,0.0,0.0,0.0,0.0,0.0,0.0,-1.3650340430016659,-60.23535571847316,0.0,0.0,0.0,0.9085145228778313,-0.4178532777423992,2.0,0.0,0.0,0.0,0.0,0.0,0.0,0.0,-16.01229635841129,-59.05641724619828,0.0,0.0,0.0,-0.48939569436555963,0.8720618408899977,2.0,0.0,0.0,0.0,0.0,0.0,0.0,0.0,-21.659786451308683,-72.62247949389767,0.0,0.0,0.0,0.11665565544650033,0.9931724211094202,2.0,0.0,0.0,0.0,0.0,0.0,0.0
448,0.0,2.267354999772351,-65.50944259978206,0.0,0.0,0.0,0.9852381437961555,-0.1711893688553876,2.0,0.0,0.0,0.0,0.0,0.0,0.0,0.0,2.0399818171595836,-74.5300420126833,0.0,0.0,0.0,0.9806116829236654,0.19596103519224595,2.0,0.0,0.0,0.0,0.0,0.0,0.0,0.0,-1.3650340430016659,-60.23535571847316,0.0,0.0,0.0,0.9085145228778313,-0.4178532777423992,2.0,0.0,0.0,0.0,0.0,0.0,0.0,0.0,-16.01229635841129,-59.05641724619828,0.0,0.0,0.0,-0.48939569436555963,0.8720618408899977,2.0,0.0,0.0,0.0,0.0,0.0,0.0,0.0,-21.659786451308683,-72.62247949389767,0.0,0.0,0.0,0.11665565544650033,0.9931724211094202,2.0,0.0,0.0,0.0,0.0,0.0,0.0
449,0.0,2.2332463470306525,-65.41543969304549,0.0,0.0,0.0,0.9845455062521112,-0.17512894140824894,2.0,0.0,0.0,0.0,0.0,0.0,0.0,0.0,2.0399818171595836,-74.5300420126833,0.0,0.0,0.0,0.9806116829236654,0.19596103519224595,2.0,0.0,0.0,0.0,0.0,0.0,0.0,0.0,-1.3650340430016659,-60.23535571847316,0.0,0.0,0.0,0.9085145228778313,-0.4178532777423992,2.0,0.0,0.0,0.0,0.0,0.0,0.0,0.0,-16.01229635841129,-59.05641724619828,0.0,0.0,0.0,-0.48939569436555963,0.8720618408899977,2.0,0.0,0.0,0.0,0.0,0.0,0.0,0.0,-21.659786451308683,-72.62247949389767,0.0,0.0,0.0,0.11665565544650033,0.9931724211094202,2.0,0.0,0.0,0.0,0.0,0.0,0.0
450,0.0,2.1983867705276836,-65.3217126606972,0.0,0.0,0.0,0.9838371160009707,-0.17906571190178383,2.0,0.0,0.0,0.0,0.0,0.0,0.0,0.0,2.0399818171595836,-74.5300420126833,0.0,0.0,0.0,0.9806116829236654,0.19596103519224595,2.0,0.0,0.0,0.0,0.0,0.0,0.0,0.0,-1.3650340430016659,-60.23535571847316,0.0,0.0,0.0,0.9085145228778313,-0.4178532777423992,2.0,0.0,0.0,0.0,0.0,0.0,0.0,0.0,-16.01229635841129,-59.05641724619828,0.0,0.0,0.0,-0.48939569436555963,0.8720618408899977,2.0,0.0,0.0,0.0,0.0,0.0,0.0,0.0,-21.659786451308683,-72.62247949389767,0.0,0.0,0.0,0.11665565544650033,0.9931724211094202,2.0,0.0,0.0,0.0,0.0,0.0,0.0
451,0.0,2.162778501264441,-65.22826750123532,0.0,0.0,0.0,0.9831129843769625,-0.18299961734774836,2.0,0.0,0.0,0.0,0.0,0.0,0.0,0.0,2.0399818171595836,-74.5300420126833,0.0,0.0,0.0,0.9806116829236654,0.19596103519224595,2.0,0.0,0.0,0.0,0.0,0.0,0.0,0.0,-1.3650340430016659,-60.23535571847316,0.0,0.0,0.0,0.9085145228778313,-0.4178532777423992,2.0,0.0,0.0,0.0,0.0,0.0,0.0,0.0,-16.01229635841129,-59.05641724619828,0.0,0.0,0.0,-0.48939569436555963,0.8720618408899977,2.0,0.0,0.0,0.0,0.0,0.0,0.0,0.0,-21.659786451308683,-72.62247949389767,0.0,0.0,0.0,0.11665565544650033,0.9931724211094202,2.0,0.0,0.0,0.0,0.0,0.0,0.0
452,0.0,2.1264238181580044,-65.13511019511813,0.0,0.0,0.0,0.9823731229661774,-0.1869305948037393,2.0,0.0,0.0,0.0,0.0,0.0,0.0,0.0,2.0399818171595836,-74.5300420126833,0.0,0.0,0.0,0.9806116829236654,0.19596103519224595,2.0,0.0,0.0,0.0,0.0,0.0,0.0,0.0,-1.3650340430016659,-60.23535571847316,0.0,0.0,0.0,0.9085145228778313,-0.4178532777423992,2.0,0.0,0.0,0.0,0.0,0.0,0.0,0.0,-16.01229635841129,-59.05641724619828,0.0,0.0,0.0,-0.48939569436555963,0.8720618408899977,2.0,0.0,0.0,0.0,0.0,0.0,0.0,0.0,-21.659786451308683,-72.62247949389767,0.0,0.0,0.0,0.11665565544650033,0.9931724211094202,2.0,0.0,0.0,0.0,0.0,0.0,0.0
453,0.0,2.0893250478956844,-65.04224670438144,0.0,0.0,0.0,0.9816175436063821,-0.19085858137420125,2.0,0.0,0.0,0.0,0.0,0.0,0.0,0.0,2.0399818171595836,-74.5300420126833,0.0,0.0,0.0,0.9806116829236654,0.19596103519224595,2.0,0.0,0.0,0.0,0.0,0.0,0.0,0.0,-1.3650340430016659,-60.23535571847316,0.0,0.0,0.0,0.9085145228778313,-0.4178532777423992,2.0,0.0,0.0,0.0,0.0,0.0,0.0,0.0,-16.01229635841129,-59.05641724619828,0.0,0.0,0.0,-0.48939569436555963,0.8720618408899977,2.0,0.0,0.0,0.0,0.0,0.0,0.0,0.0,-21.659786451308683,-72.62247949389767,0.0,0.0,0.0,0.11665565544650033,0.9931724211094202,2.0,0.0,0.0,0.0,0.0,0.0,0.0
454,0.0,2.0514845647861133,-64.94968297225695,0.0,0.0,0.0,0.9808462583868303,-0.19478351421143286,2.0,0.0,0.0,0.0,0.0,0.0,0.0,0.0,2.0399818171595836,-74.5300420126833,0.0,0.0,0.0,0.9806116829236654,0.19596103519224595,2.0,0.0,0.0,0.0,0.0,0.0,0.0,0.0,-1.3650340430016659,-60.23535571847316,0.0,0.0,0.0,0.9085145228778313,-0.4178532777423992,2.0,0.0,0.0,0.0,0.0,0.0,0.0,0.0,-16.01229635841129,-59.05641724619828,0.0,0.0,0.0,-0.48939569436555963,0.8720618408899977,2.0,0.0,0.0,0.0,0.0,0.0,0.0,0.0,-21.659786451308683,-72.62247949389767,0.0,0.0,0.0,0.11665565544650033,0.9931724211094202,2.0,0.0,0.0,0.0,0.0,0.0,0.0
455,0.0,2.012904790607294,-64.85742492279192,0.0,0.0,0.0,0.9800592796480689,-0.19870533051659248,2.0,0.0,0.0,0.0,0.0,0.0,0.0,0.0,2.0399818171595836,-74.5300420126833,0.0,0.0,0.0,0.9806116829236654,0.19596103519224595,2.0,0.0,0.0,0.0,0.0,0.0,0.0,0.0,-1.3650340430016659,-60.23535571847316,0.0,0.0,0.0,0.9085145228778313,-0.4178532777423992,2.0,0.0,0.0,0.0,0.0,0.0,0.0,0.0,-16.01229635841129,-59.05641724619828,0.0,0.0,0.0,-0.48939569436555963,0.8720618408899977,2.0,0.0,0.0,0.0,0.0,0.0,0.0,0.0,-21.659786451308683,-72.62247949389767,0.0,0.0,0.0,0.11665565544650033,0.9931724211094202,2.0,0.0,0.0,0.0,0.0,0.0,0.0
456,0.0,1.9735881944516045,-64.76547846047004,0.0,0.0,0.0,0.9792566199817412,-0.20262396754070286,2.0,0.0,0.0,0.0,0.0,0.0,0.0,0.0,2.0399818171595836,-74.5300420126833,0.0,0.0,0.0,0.9806116829236654,0.19596103519224595,2.0,0.0,0.0,0.0,0.0,0.0,0.0,0.0,-1.3650340430016659,-60.23535571847316,0.0,0.0,0.0,0.9085145228778313,-0.4178532777423992,2.0,0.0,0.0,0.0,0.0,0.0,0.0,0.0,-16.01229635841129,-59.05641724619828,0.0,0.0,0.0,-0.48939569436555963,0.8720618408899977,2.0,0.0,0.0,0.0,0.0,0.0,0.0,0.0,-21.659786451308683,-72.62247949389767,0.0,0.0,0.0,0.11665565544650033,0.9931724211094202,2.0,0.0,0.0,0.0,0.0,0.0,0.0
457,0.0,1.933537292567781,-64.67384946983348,0.0,0.0,0.0,0.9784382922303845,-0.20653936258565522,2.0,0.0,0.0,0.0,0.0,0.0,0.0,0.0,2.0399818171595836,-74.5300420126833,0.0,0.0,0.0,0.9806116829236654,0.19596103519224595,2.0,0.0,0.0,0.0,0.0,0.0,0.0,0.0,-1.3650340430016659,-60.23535571847316,0.0,0.0,0.0,0.9085145228778313,-0.4178532777423992,2.0,0.0,0.0,0.0,0.0,0.0,0.0,0.0,-16.01229635841129,-59.05641724619828,0.0,0.0,0.0,-0.48939569436555963,0.8720618408899977,2.0,0.0,0.0,0.0,0.0,0.0,0.0,0.0,-21.659786451308683,-72.62247949389767,0.0,0.0,0.0,0.11665565544650033,0.9931724211094202,2.0,0.0,0.0,0.0,0.0,0.0,0.0
458,0.0,1.8927546481998707,-64.5825438151064,0.0,0.0,0.0,0.9776043094872254,-0.2104514530052124,2.0,0.0,0.0,0.0,0.0,0.0,0.0,0.0,2.0399818171595836,-74.5300420126833,0.0,0.0,0.0,0.9806116829236654,0.19596103519224595,2.0,0.0,0.0,0.0,0.0,0.0,0.0,0.0,-1.3650340430016659,-60.23535571847316,0.0,0.0,0.0,0.9085145228778313,-0.4178532777423992,2.0,0.0,0.0,0.0,0.0,0.0,0.0,0.0,-16.01229635841129,-59.05641724619828,0.0,0.0,0.0,-0.48939569436555963,0.8720618408899977,2.0,0.0,0.0,0.0,0.0,0.0,0.0,0.0,-21.659786451308683,-72.62247949389767,0.0,0.0,0.0,0.11665565544650033,0.9931724211094202,2.0,0.0,0.0,0.0,0.0,0.0,0.0
459,0.0,1.8512428714231959,-64.49156733981953,0.0,0.0,0.0,0.9767546850959702,-0.2143601762060111,2.0,0.0,0.0,0.0,0.0,0.0,0.0,0.0,2.0399818171595836,-74.5300420126833,0.0,0.0,0.0,0.9806116829236654,0.19596103519224595,2.0,0.0,0.0,0.0,0.0,0.0,0.0,0.0,-1.3650340430016659,-60.23535571847316,0.0,0.0,0.0,0.9085145228778313,-0.4178532777423992,2.0,0.0,0.0,0.0,0.0,0.0,0.0,0.0,-16.01229635841129,-59.05641724619828,0.0,0.0,0.0,-0.48939569436555963,0.8720618408899977,2.0,0.0,0.0,0.0,0.0,0.0,0.0,0.0,-21.659786451308683,-72.62247949389767,0.0,0.0,0.0,0.11665565544650033,0.9931724211094202,2.0,0.0,0.0,0.0,0.0,0.0,0.0
460,0.0,1.8090046189772995,-64.40092586643621,0.0,0.0,0.0,0.9758894326505908,-0.21826546964856355,2.0,0.0,0.0,0.0,0.0,0.0,0.0,0.0,2.0399818171595836,-74.5300420126833,0.0,0.0,0.0,0.9806116829236654,0.19596103519224595,2.0,0.0,0.0,0.0,0.0,0.0,0.0,0.0,-1.3650340430016659,-60.23535571847316,0.0,0.0,0.0,0.9085145228778313,-0.4178532777423992,2.0,0.0,0.0,0.0,0.0,0.0,0.0,0.0,-16.01229635841129,-59.05641724619828,0.0,0.0,0.0,-0.48939569436555963,0.8720618408899977,2.0,0.0,0.0,0.0,0.0,0.0,0.0,0.0,-21.659786451308683,-72.62247949389767,0.0,0.0,0.0,0.11665565544650033,0.9931724211094202,2.0,0.0,0.0,0.0,0.0,0.0,0.0
461,0.0,1.7660425940959197,-64.31062519597982,0.0,0.0,0.0,0.975008565995108,-0.22216727084825794,2.0,0.0,0.0,0.0,0.0,0.0,0.0,0.0,2.0399818171595836,-74.5300420126833,0.0,0.0,0.0,0.9806116829236654,0.19596103519224595,2.0,0.0,0.0,0.0,0.0,0.0,0.0,0.0,-1.3650340430016659,-60.23535571847316,0.0,0.0,0.0,0.9085145228778313,-0.4178532777423992,2.0,0.0,0.0,0.0,0.0,0.0,0.0,0.0,-16.01229635841129,-59.05641724619828,0.0,0.0,0.0,-0.48939569436555963,0.8720618408899977,2.0,0.0,0.0,0.0,0.0,0.0,0.0,0.0,-21.659786451308683,-72.62247949389767,0.0,0.0,0.0,0.11665565544650033,0.9931724211094202,2.0,0.0,0.0,0.0,0.0,0.0,0.0
462,0.0,1.7223595463339851,-64.22067110766245,0.0,0.0,0.0,0.9741120992233694,-0.22606551737635833,2.0,0.0,0.0,0.0,0.0,0.0,0.0,0.0,2.0399818171595836,-74.5300420126833,0.0,0.0,0.0,0.9806116829236654,0.19596103519224595,2.0,0.0,0.0,0.0,0.0,0.0,0.0,0.0,-1.3650340430016659,-60.23535571847316,0.0,0.0,0.0,0.9085145228778313,-0.4178532777423992,2.0,0.0,0.0,0.0,0.0,0.0,0.0,0.0,-16.01229635841129,-59.05641724619828,0.0,0.0,0.0,-0.48939569436555963,0.8720618408899977,2.0,0.0,0.0,0.0,0.0,0.0,0.0,0.0,-21.659786451308683,-72.62247949389767,0.0,0.0,0.0,0.11665565544650033,0.9931724211094202,2.0,0.0,0.0,0.0,0.0,0.0,0.0
463,0.0,1.6779582713916437,-64.13106935851505,0.0,0.0,0.0,0.9732000466788243,-0.2299601468610034,2.0,0.0,0.0,0.0,0.0,0.0,0.0,0.0,2.0399818171595836,-74.5300420126833,0.0,0.0,0.0,0.9806116829236654,0.19596103519224595,2.0,0.0,0.0,0.0,0.0,0.0,0.0,0.0,-1.3650340430016659,-60.23535571847316,0.0,0.0,0.0,0.9085145228778313,-0.4178532777423992,2.0,0.0,0.0,0.0,0.0,0.0,0.0,0.0,-16.01229635841129,-59.05641724619828,0.0,0.0,0.0,-0.48939569436555963,0.8720618408899977,2.0,0.0,0.0,0.0,0.0,0.0,0.0,0.0,-21.659786451308683,-72.62247949389767,0.0,0.0,0.0,0.11665565544650033,0.9931724211094202,2.0,0.0,0.0,0.0,0.0,0.0,0.0
464,0.0,1.6328416109353334,-64.04182568301897,0.0,0.0,0.0,0.972272422954294,-0.23385109698820453,2.0,0.0,0.0,0.0,0.0,0.0,0.0,0.0,2.0399818171595836,-74.5300420126833,0.0,0.0,0.0,0.9806116829236654,0.19596103519224595,2.0,0.0,0.0,0.0,0.0,0.0,0.0,0.0,-1.3650340430016659,-60.23535571847316,0.0,0.0,0.0,0.9085145228778313,-0.4178532777423992,2.0,0.0,0.0,0.0,0.0,0.0,0.0,0.0,-16.01229635841129,-59.05641724619828,0.0,0.0,0.0,-0.48939569436555963,0.8720618408899977,2.0,0.0,0.0,0.0,0.0,0.0,0.0,0.0,-21.659786451308683,-72.62247949389767,0.0,0.0,0.0,0.11665565544650033,0.9931724211094202,2.0,0.0,0.0,0.0,0.0,0.0,0.0
465,0.0,1.5870124524159266,-63.95294579273897,0.0,0.0,0.0,0.971329242891738,-0.23773830550284267,2.0,0.0,0.0,0.0,0.0,0.0,0.0,0.0,2.0399818171595836,-74.5300420126833,0.0,0.0,0.0,0.9806116829236654,0.19596103519224595,2.0,0.0,0.0,0.0,0.0,0.0,0.0,0.0,-1.3650340430016659,-60.23535571847316,0.0,0.0,0.0,0.9085145228778313,-0.4178532777423992,2.0,0.0,0.0,0.0,0.0,0.0,0.0,0.0,-16.01229635841129,-59.05641724619828,0.0,0.0,0.0,-0.48939569436555963,0.8720618408899977,2.0,0.0,0.0,0.0,0.0,0.0,0.0,0.0,-21.659786451308683,-72.62247949389767,0.0,0.0,0.0,0.11665565544650033,0.9931724211094202,2.0,0.0,0.0,0.0,0.0,0.0,0.0
466,0.0,1.5404737288839225,-63.86443537595772,0.0,0.0,0.0,0.9703705215820176,-0.2416217102096645,2.0,0.0,0.0,0.0,0.0,0.0,0.0,0.0,2.0399818171595836,-74.5300420126833,0.0,0.0,0.0,0.9806116829236654,0.19596103519224595,2.0,0.0,0.0,0.0,0.0,0.0,0.0,0.0,-1.3650340430016659,-60.23535571847316,0.0,0.0,0.0,0.9085145228778313,-0.4178532777423992,2.0,0.0,0.0,0.0,0.0,0.0,0.0,0.0,-16.01229635841129,-59.05641724619828,0.0,0.0,0.0,-0.48939569436555963,0.8720618408899977,2.0,0.0,0.0,0.0,0.0,0.0,0.0,0.0,-21.659786451308683,-72.62247949389767,0.0,0.0,0.0,0.11665565544650033,0.9931724211094202,2.0,0.0,0.0,0.0,0.0,0.0,0.0
467,0.0,1.4932284188017437,-63.776300097311655,0.0,0.0,0.0,0.9693962743646531,-0.24550124897427758,2.0,0.0,0.0,0.0,0.0,0.0,0.0,0.0,2.0399818171595836,-74.5300420126833,0.0,0.0,0.0,0.9806116829236654,0.19596103519224595,2.0,0.0,0.0,0.0,0.0,0.0,0.0,0.0,-1.3650340430016659,-60.23535571847316,0.0,0.0,0.0,0.9085145228778313,-0.4178532777423992,2.0,0.0,0.0,0.0,0.0,0.0,0.0,0.0,-16.01229635841129,-59.05641724619828,0.0,0.0,0.0,-0.48939569436555963,0.8720618408899977,2.0,0.0,0.0,0.0,0.0,0.0,0.0,0.0,-21.659786451308683,-72.62247949389767,0.0,0.0,0.0,0.11665565544650033,0.9931724211094202,2.0,0.0,0.0,0.0,0.0,0.0,0.0
468,0.0,1.4452795458531096,-63.688545597428536,0.0,0.0,0.0,0.9684065168275792,-0.24937685972414445,2.0,0.0,0.0,0.0,0.0,0.0,0.0,0.0,2.0399818171595836,-74.5300420126833,0.0,0.0,0.0,0.9806116829236654,0.19596103519224595,2.0,0.0,0.0,0.0,0.0,0.0,0.0,0.0,-1.3650340430016659,-60.23535571847316,0.0,0.0,0.0,0.9085145228778313,-0.4178532777423992,2.0,0.0,0.0,0.0,0.0,0.0,0.0,0.0,-16.01229635841129,-59.05641724619828,0.0,0.0,0.0,-0.48939569436555963,0.8720618408899977,2.0,0.0,0.0,0.0,0.0,0.0,0.0,0.0,-21.659786451308683,-72.62247949389767,0.0,0.0,0.0,0.11665565544650033,0.9931724211094202,2.0,0.0,0.0,0.0,0.0,0.0,0.0
469,0.0,1.3966301787495201,-63.6011774925664,0.0,0.0,0.0,0.9674012648068954,-0.2532484804495757,2.0,0.0,0.0,0.0,0.0,0.0,0.0,0.0,2.0399818171595836,-74.5300420126833,0.0,0.0,0.0,0.9806116829236654,0.19596103519224595,2.0,0.0,0.0,0.0,0.0,0.0,0.0,0.0,-1.3650340430016659,-60.23535571847316,0.0,0.0,0.0,0.9085145228778313,-0.4178532777423992,2.0,0.0,0.0,0.0,0.0,0.0,0.0,0.0,-16.01229635841129,-59.05641724619828,0.0,0.0,0.0,-0.48939569436555963,0.8720618408899977,2.0,0.0,0.0,0.0,0.0,0.0,0.0,0.0,-21.659786451308683,-72.62247949389767,0.0,0.0,0.0,0.11665565544650033,0.9931724211094202,2.0,0.0,0.0,0.0,0.0,0.0,0.0
470,0.0,1.347283431033869,-63.51420137425414,0.0,0.0,0.0,0.9663805343866125,-0.2571160492047225,2.0,0.0,0.0,0.0,0.0,0.0,0.0,0.0,2.0399818171595836,-74.5300420126833,0.0,0.0,0.0,0.9806116829236654,0.19596103519224595,2.0,0.0,0.0,0.0,0.0,0.0,0.0,0.0,-1.3650340430016659,-60.23535571847316,0.0,0.0,0.0,0.9085145228778313,-0.4178532777423992,2.0,0.0,0.0,0.0,0.0,0.0,0.0,0.0,-16.01229635841129,-59.05641724619828,0.0,0.0,0.0,-0.48939569436555963,0.8720618408899977,2.0,0.0,0.0,0.0,0.0,0.0,0.0,0.0,-21.659786451308683,-72.62247949389767,0.0,0.0,0.0,0.11665565544650033,0.9931724211094202,2.0,0.0,0.0,0.0,0.0,0.0,0.0
471,0.0,1.2972424608811615,-63.42762280893364,0.0,0.0,0.0,0.9653443418983956,-0.2609795041085671,2.0,0.0,0.0,0.0,0.0,0.0,0.0,0.0,2.0399818171595836,-74.5300420126833,0.0,0.0,0.0,0.9806116829236654,0.19596103519224595,2.0,0.0,0.0,0.0,0.0,0.0,0.0,0.0,-1.3650340430016659,-60.23535571847316,0.0,0.0,0.0,0.9085145228778313,-0.4178532777423992,2.0,0.0,0.0,0.0,0.0,0.0,0.0,0.0,-16.01229635841129,-59.05641724619828,0.0,0.0,0.0,-0.48939569436555963,0.8720618408899977,2.0,0.0,0.0,0.0,0.0,0.0,0.0,0.0,-21.659786451308683,-72.62247949389767,0.0,0.0,0.0,0.11665565544650033,0.9931724211094202,2.0,0.0,0.0,0.0,0.0,0.0,0.0
472,0.0,1.246510470896407,-63.341447337603526,0.0,0.0,0.0,0.9642927039213023,-0.2648387833459135,2.0,0.0,0.0,0.0,0.0,0.0,0.0,0.0,2.0399818171595836,-74.5300420126833,0.0,0.0,0.0,0.9806116829236654,0.19596103519224595,2.0,0.0,0.0,0.0,0.0,0.0,0.0,0.0,-1.3650340430016659,-60.23535571847316,0.0,0.0,0.0,0.9085145228778313,-0.4178532777423992,2.0,0.0,0.0,0.0,0.0,0.0,0.0,0.0,-16.01229635841129,-59.05641724619828,0.0,0.0,0.0,-0.48939569436555963,0.8720618408899977,2.0,0.0,0.0,0.0,0.0,0.0,0.0,0.0,-21.659786451308683,-72.62247949389767,0.0,0.0,0.0,0.11665565544650033,0.9931724211094202,2.0,0.0,0.0,0.0,0.0,0.0,0.0
473,0.0,1.1950907079096513,-63.25568047546455,0.0,0.0,0.0,0.9632256372815178,-0.26869382516837625,2.0,0.0,0.0,0.0,0.0,0.0,0.0,0.0,2.0399818171595836,-74.5300420126833,0.0,0.0,0.0,0.9806116829236654,0.19596103519224595,2.0,0.0,0.0,0.0,0.0,0.0,0.0,0.0,-1.3650340430016659,-60.23535571847316,0.0,0.0,0.0,0.9085145228778313,-0.4178532777423992,2.0,0.0,0.0,0.0,0.0,0.0,0.0,0.0,-16.01229635841129,-59.05641724619828,0.0,0.0,0.0,-0.48939569436555963,0.8720618408899977,2.0,0.0,0.0,0.0,0.0,0.0,0.0,0.0,-21.659786451308683,-72.62247949389767,0.0,0.0,0.0,0.11665565544650033,0.9931724211094202,2.0,0.0,0.0,0.0,0.0,0.0,0.0
474,0.0,1.1429864627681727,-63.170327711566614,0.0,0.0,0.0,0.9621431590520856,-0.27254456789536846,2.0,0.0,0.0,0.0,0.0,0.0,0.0,0.0,2.0399818171595836,-74.5300420126833,0.0,0.0,0.0,0.9806116829236654,0.19596103519224595,2.0,0.0,0.0,0.0,0.0,0.0,0.0,0.0,-1.3650340430016659,-60.23535571847316,0.0,0.0,0.0,0.9085145228778313,-0.4178532777423992,2.0,0.0,0.0,0.0,0.0,0.0,0.0,0.0,-16.01229635841129,-59.05641724619828,0.0,0.0,0.0,-0.48939569436555963,0.8720618408899977,2.0,0.0,0.0,0.0,0.0,0.0,0.0,0.0,-21.659786451308683,-72.62247949389767,0.0,0.0,0.0,0.11665565544650033,0.9931724211094202,2.0,0.0,0.0,0.0,0.0,0.0,0.0
475,0.0,1.0902010701258735,-63.08539450845747,0.0,0.0,0.0,0.9610452865526343,-0.27639094991508867,2.0,0.0,0.0,0.0,0.0,0.0,0.0,0.0,2.0399818171595836,-74.5300420126833,0.0,0.0,0.0,0.9806116829236654,0.19596103519224595,2.0,0.0,0.0,0.0,0.0,0.0,0.0,0.0,-1.3650340430016659,-60.23535571847316,0.0,0.0,0.0,0.9085145228778313,-0.4178532777423992,2.0,0.0,0.0,0.0,0.0,0.0,0.0,0.0,-16.01229635841129,-59.05641724619828,0.0,0.0,0.0,-0.48939569436555963,0.8720618408899977,2.0,0.0,0.0,0.0,0.0,0.0,0.0,0.0,-21.659786451308683,-72.62247949389767,0.0,0.0,0.0,0.11665565544650033,0.9931724211094202,2.0,0.0,0.0,0.0,0.0,0.0,0.0
476,0.0,1.0367379082298687,-63.000886301833134,0.0,0.0,0.0,0.9599320373491005,-0.2802329096855065,2.0,0.0,0.0,0.0,0.0,0.0,0.0,0.0,2.0399818171595836,-74.5300420126833,0.0,0.0,0.0,0.9806116829236654,0.19596103519224595,2.0,0.0,0.0,0.0,0.0,0.0,0.0,0.0,-1.3650340430016659,-60.23535571847316,0.0,0.0,0.0,0.9085145228778313,-0.4178532777423992,2.0,0.0,0.0,0.0,0.0,0.0,0.0,0.0,-16.01229635841129,-59.05641724619828,0.0,0.0,0.0,-0.48939569436555963,0.8720618408899977,2.0,0.0,0.0,0.0,0.0,0.0,0.0,0.0,-21.659786451308683,-72.62247949389767,0.0,0.0,0.0,0.11665565544650033,0.9931724211094202,2.0,0.0,0.0,0.0,0.0,0.0,0.0
477,0.0,0.9826003987042693,-62.91680850018997,0.0,0.0,0.0,0.9588034292534475,-0.2840703857353477,2.0,0.0,0.0,0.0,0.0,0.0,0.0,0.0,2.0399818171595836,-74.5300420126833,0.0,0.0,0.0,0.9806116829236654,0.19596103519224595,2.0,0.0,0.0,0.0,0.0,0.0,0.0,0.0,-1.3650340430016659,-60.23535571847316,0.0,0.0,0.0,0.9085145228778313,-0.4178532777423992,2.0,0.0,0.0,0.0,0.0,0.0,0.0,0.0,-16.01229635841129,-59.05641724619828,0.0,0.0,0.0,-0.48939569436555963,0.8720618408899977,2.0,0.0,0.0,0.0,0.0,0.0,0.0,0.0,-21.659786451308683,-72.62247949389767,0.0,0.0,0.0,0.11665565544650033,0.9931724211094202,2.0,0.0,0.0,0.0,0.0,0.0,0.0
478,0.0,0.927792006331206,-62.8331664844786,0.0,0.0,0.0,0.957659480323381,-0.2879033166650773,2.0,0.0,0.0,0.0,0.0,0.0,0.0,0.0,2.0399818171595836,-74.5300420126833,0.0,0.0,0.0,0.9806116829236654,0.19596103519224595,2.0,0.0,0.0,0.0,0.0,0.0,0.0,0.0,-1.3650340430016659,-60.23535571847316,0.0,0.0,0.0,0.9085145228778313,-0.4178532777423992,2.0,0.0,0.0,0.0,0.0,0.0,0.0,0.0,-16.01229635841129,-59.05641724619828,0.0,0.0,0.0,-0.48939569436555963,0.8720618408899977,2.0,0.0,0.0,0.0,0.0,0.0,0.0,0.0,-21.659786451308683,-72.62247949389767,0.0,0.0,0.0,0.11665565544650033,0.9931724211094202,2.0,0.0,0.0,0.0,0.0,0.0,0.0
479,0.0,0.8723162388290824,-62.749965607759485,0.0,0.0,0.0,0.9565002088620594,-0.2917316411478822,2.0,0.0,0.0,0.0,0.0,0.0,0.0,0.0,2.0399818171595836,-74.5300420126833,0.0,0.0,0.0,0.9806116829236654,0.19596103519224595,2.0,0.0,0.0,0.0,0.0,0.0,0.0,0.0,-1.3650340430016659,-60.23535571847316,0.0,0.0,0.0,0.9085145228778313,-0.4178532777423992,2.0,0.0,0.0,0.0,0.0,0.0,0.0,0.0,-16.01229635841129,-59.05641724619828,0.0,0.0,0.0,-0.48939569436555963,0.8720618408899977,2.0,0.0,0.0,0.0,0.0,0.0,0.0,0.0,-21.659786451308683,-72.62247949389767,0.0,0.0,0.0,0.11665565544650033,0.9931724211094202,2.0,0.0,0.0,0.0,0.0,0.0,0.0
480,0.0,0.8161766466280831,-62.667211194860315,0.0,0.0,0.0,0.9553256334178013,-0.2955552979306523,2.0,0.0,0.0,0.0,0.0,0.0,0.0,0.0,2.0399818171595836,-74.5300420126833,0.0,0.0,0.0,0.9806116829236654,0.19596103519224595,2.0,0.0,0.0,0.0,0.0,0.0,0.0,0.0,-1.3650340430016659,-60.23535571847316,0.0,0.0,0.0,0.9085145228778313,-0.4178532777423992,2.0,0.0,0.0,0.0,0.0,0.0,0.0,0.0,-16.01229635841129,-59.05641724619828,0.0,0.0,0.0,-0.48939569436555963,0.8720618408899977,2.0,0.0,0.0,0.0,0.0,0.0,0.0,0.0,-21.659786451308683,-72.62247949389767,0.0,0.0,0.0,0.11665565544650033,0.9931724211094202,2.0,0.0,0.0,0.0,0.0,0.0,0.0
481,0.0,0.7593768226429471,-62.58490854203528,0.0,0.0,0.0,0.9541357727837888,-0.29937422583496076,2.0,0.0,0.0,0.0,0.0,0.0,0.0,0.0,2.0399818171595836,-74.5300420126833,0.0,0.0,0.0,0.9806116829236654,0.19596103519224595,2.0,0.0,0.0,0.0,0.0,0.0,0.0,0.0,-1.3650340430016659,-60.23535571847316,0.0,0.0,0.0,0.9085145228778313,-0.4178532777423992,2.0,0.0,0.0,0.0,0.0,0.0,0.0,0.0,-16.01229635841129,-59.05641724619828,0.0,0.0,0.0,-0.48939569436555963,0.8720618408899977,2.0,0.0,0.0,0.0,0.0,0.0,0.0,0.0,-21.659786451308683,-72.62247949389767,0.0,0.0,0.0,0.11665565544650033,0.9931724211094202,2.0,0.0,0.0,0.0,0.0,0.0,0.0
482,0.0,0.7019204020430223,-62.503062916626064,0.0,0.0,0.0,0.9529306459977667,-0.3031883637580424,2.0,0.0,0.0,0.0,0.0,0.0,0.0,0.0,2.0399818171595836,-74.5300420126833,0.0,0.0,0.0,0.9806116829236654,0.19596103519224595,2.0,0.0,0.0,0.0,0.0,0.0,0.0,0.0,-1.3650340430016659,-60.23535571847316,0.0,0.0,0.0,0.9085145228778313,-0.4178532777423992,2.0,0.0,0.0,0.0,0.0,0.0,0.0,0.0,-16.01229635841129,-59.05641724619828,0.0,0.0,0.0,-0.48939569436555963,0.8720618408899977,2.0,0.0,0.0,0.0,0.0,0.0,0.0,0.0,-21.659786451308683,-72.62247949389767,0.0,0.0,0.0,0.11665565544650033,0.9931724211094202,2.0,0.0,0.0,0.0,0.0,0.0,0.0
483,0.0,0.6438110620196156,-62.42167955672477,0.0,0.0,0.0,0.9517102723417378,-0.30699765067377205,2.0,0.0,0.0,0.0,0.0,0.0,0.0,0.0,2.0399818171595836,-74.5300420126833,0.0,0.0,0.0,0.9806116829236654,0.19596103519224595,2.0,0.0,0.0,0.0,0.0,0.0,0.0,0.0,-1.3650340430016659,-60.23535571847316,0.0,0.0,0.0,0.9085145228778313,-0.4178532777423992,2.0,0.0,0.0,0.0,0.0,0.0,0.0,0.0,-16.01229635841129,-59.05641724619828,0.0,0.0,0.0,-0.48939569436555963,0.8720618408899977,2.0,0.0,0.0,0.0,0.0,0.0,0.0,0.0,-21.659786451308683,-72.62247949389767,0.0,0.0,0.0,0.11665565544650033,0.9931724211094202,2.0,0.0,0.0,0.0,0.0,0.0,0.0
484,0.0,0.5850525215506526,-62.34076367083863,0.0,0.0,0.0,0.9504746713416545,-0.3108020256336401,2.0,0.0,0.0,0.0,0.0,0.0,0.0,0.0,2.0399818171595836,-74.5300420126833,0.0,0.0,0.0,0.9806116829236654,0.19596103519224595,2.0,0.0,0.0,0.0,0.0,0.0,0.0,0.0,-1.3650340430016659,-60.23535571847316,0.0,0.0,0.0,0.9085145228778313,-0.4178532777423992,2.0,0.0,0.0,0.0,0.0,0.0,0.0,0.0,-16.01229635841129,-59.05641724619828,0.0,0.0,0.0,-0.48939569436555963,0.8720618408899977,2.0,0.0,0.0,0.0,0.0,0.0,0.0,0.0,-21.659786451308683,-72.62247949389767,0.0,0.0,0.0,0.11665565544650033,0.9931724211094202,2.0,0.0,0.0,0.0,0.0,0.0,0.0
485,0.0,0.525648541162667,-62.26032043755674,0.0,0.0,0.0,0.9492238627671066,-0.3146014277677285,2.0,0.0,0.0,0.0,0.0,0.0,0.0,0.0,2.0399818171595836,-74.5300420126833,0.0,0.0,0.0,0.9806116829236654,0.19596103519224595,2.0,0.0,0.0,0.0,0.0,0.0,0.0,0.0,-1.3650340430016659,-60.23535571847316,0.0,0.0,0.0,0.9085145228778313,-0.4178532777423992,2.0,0.0,0.0,0.0,0.0,0.0,0.0,0.0,-16.01229635841129,-59.05641724619828,0.0,0.0,0.0,-0.48939569436555963,0.8720618408899977,2.0,0.0,0.0,0.0,0.0,0.0,0.0,0.0,-21.659786451308683,-72.62247949389767,0.0,0.0,0.0,0.11665565544650033,0.9931724211094202,2.0,0.0,0.0,0.0,0.0,0.0,0.0
486,0.0,0.4656029226901275,-62.18035500521857,0.0,0.0,0.0,0.9479578666310045,-0.3183957962856841,2.0,0.0,0.0,0.0,0.0,0.0,0.0,0.0,2.0399818171595836,-74.5300420126833,0.0,0.0,0.0,0.9806116829236654,0.19596103519224595,2.0,0.0,0.0,0.0,0.0,0.0,0.0,0.0,-1.3650340430016659,-60.23535571847316,0.0,0.0,0.0,0.9085145228778313,-0.4178532777423992,2.0,0.0,0.0,0.0,0.0,0.0,0.0,0.0,-16.01229635841129,-59.05641724619828,0.0,0.0,0.0,-0.48939569436555963,0.8720618408899977,2.0,0.0,0.0,0.0,0.0,0.0,0.0,0.0,-21.659786451308683,-72.62247949389767,0.0,0.0,0.0,0.11665565544650033,0.9931724211094202,2.0,0.0,0.0,0.0,0.0,0.0,0.0
487,0.0,0.4049195090321227,-62.1008724915845,0.0,0.0,0.0,0.9466767031892593,-0.32218507047769157,2.0,0.0,0.0,0.0,0.0,0.0,0.0,0.0,2.0399818171595836,-74.5300420126833,0.0,0.0,0.0,0.9806116829236654,0.19596103519224595,2.0,0.0,0.0,0.0,0.0,0.0,0.0,0.0,-1.3650340430016659,-60.23535571847316,0.0,0.0,0.0,0.9085145228778313,-0.4178532777423992,2.0,0.0,0.0,0.0,0.0,0.0,0.0,0.0,-16.01229635841129,-59.05641724619828,0.0,0.0,0.0,-0.48939569436555963,0.8720618408899977,2.0,0.0,0.0,0.0,0.0,0.0,0.0,0.0,-21.659786451308683,-72.62247949389767,0.0,0.0,0.0,0.11665565544650033,0.9931724211094202,2.0,0.0,0.0,0.0,0.0,0.0,0.0
488,0.0,0.34360218390641073,-62.02187798350825,0.0,0.0,0.0,0.9453803929404588,-0.3259691897154447,2.0,0.0,0.0,0.0,0.0,0.0,0.0,0.0,2.0399818171595836,-74.5300420126833,0.0,0.0,0.0,0.9806116829236654,0.19596103519224595,2.0,0.0,0.0,0.0,0.0,0.0,0.0,0.0,-1.3650340430016659,-60.23535571847316,0.0,0.0,0.0,0.9085145228778313,-0.4178532777423992,2.0,0.0,0.0,0.0,0.0,0.0,0.0,0.0,-16.01229635841129,-59.05641724619828,0.0,0.0,0.0,-0.48939569436555963,0.8720618408899977,2.0,0.0,0.0,0.0,0.0,0.0,0.0,0.0,-21.659786451308683,-72.62247949389767,0.0,0.0,0.0,0.11665565544650033,0.9931724211094202,2.0,0.0,0.0,0.0,0.0,0.0,0.0
489,0.0,0.2816548716008711,-61.94337653661139,0.0,0.0,0.0,0.9440689566255396,-0.32974809345311634,2.0,0.0,0.0,0.0,0.0,0.0,0.0,0.0,2.0399818171595836,-74.5300420126833,0.0,0.0,0.0,0.9806116829236654,0.19596103519224595,2.0,0.0,0.0,0.0,0.0,0.0,0.0,0.0,-1.3650340430016659,-60.23535571847316,0.0,0.0,0.0,0.9085145228778313,-0.4178532777423992,2.0,0.0,0.0,0.0,0.0,0.0,0.0,0.0,-16.01229635841129,-59.05641724619828,0.0,0.0,0.0,-0.48939569436555963,0.8720618408899977,2.0,0.0,0.0,0.0,0.0,0.0,0.0,0.0,-21.659786451308683,-72.62247949389767,0.0,0.0,0.0,0.11665565544650033,0.9931724211094202,2.0,0.0,0.0,0.0,0.0,0.0,0.0
490,0.0,0.21908153672234754,-61.86537317495972,0.0,0.0,0.0,0.9427424152274543,-0.33352172122832735,2.0,0.0,0.0,0.0,0.0,0.0,0.0,0.0,2.0399818171595836,-74.5300420126833,0.0,0.0,0.0,0.9806116829236654,0.19596103519224595,2.0,0.0,0.0,0.0,0.0,0.0,0.0,0.0,-1.3650340430016659,-60.23535571847316,0.0,0.0,0.0,0.9085145228778313,-0.4178532777423992,2.0,0.0,0.0,0.0,0.0,0.0,0.0,0.0,-16.01229635841129,-59.05641724619828,0.0,0.0,0.0,-0.48939569436555963,0.8720618408899977,2.0,0.0,0.0,0.0,0.0,0.0,0.0,0.0,-21.659786451308683,-72.62247949389767,0.0,0.0,0.0,0.11665565544650033,0.9931724211094202,2.0,0.0,0.0,0.0,0.0,0.0,0.0
491,0.0,0.15588618394291132,-61.787872890741774,0.0,0.0,0.0,0.9414007899708373,-0.33729001266311387,2.0,0.0,0.0,0.0,0.0,0.0,0.0,0.0,2.0399818171595836,-74.5300420126833,0.0,0.0,0.0,0.9806116829236654,0.19596103519224595,2.0,0.0,0.0,0.0,0.0,0.0,0.0,0.0,-1.3650340430016659,-60.23535571847316,0.0,0.0,0.0,0.9085145228778313,-0.4178532777423992,2.0,0.0,0.0,0.0,0.0,0.0,0.0,0.0,-16.01229635841129,-59.05641724619828,0.0,0.0,0.0,-0.48939569436555963,0.8720618408899977,2.0,0.0,0.0,0.0,0.0,0.0,0.0,0.0,-21.659786451308683,-72.62247949389767,0.0,0.0,0.0,0.11665565544650033,0.9931724211094202,2.0,0.0,0.0,0.0,0.0,0.0,0.0
492,0.0,0.09207285774357388,-61.710880643949274,0.0,0.0,0.0,0.9400441023216639,-0.3410529074648933,2.0,0.0,0.0,0.0,0.0,0.0,0.0,0.0,2.0399818171595836,-74.5300420126833,0.0,0.0,0.0,0.9806116829236654,0.19596103519224595,2.0,0.0,0.0,0.0,0.0,0.0,0.0,0.0,-1.3650340430016659,-60.23535571847316,0.0,0.0,0.0,0.9085145228778313,-0.4178532777423992,2.0,0.0,0.0,0.0,0.0,0.0,0.0,0.0,-16.01229635841129,-59.05641724619828,0.0,0.0,0.0,-0.48939569436555963,0.8720618408899977,2.0,0.0,0.0,0.0,0.0,0.0,0.0,0.0,-21.659786451308683,-72.62247949389767,0.0,0.0,0.0,0.11665565544650033,0.9931724211094202,2.0,0.0,0.0,0.0,0.0,0.0,0.0
493,0.0,0.02764564215542542,-61.634401362059734,0.0,0.0,0.0,0.9386723739869076,-0.34481034542742905,2.0,0.0,0.0,0.0,0.0,0.0,0.0,0.0,2.0399818171595836,-74.5300420126833,0.0,0.0,0.0,0.9806116829236654,0.19596103519224595,2.0,0.0,0.0,0.0,0.0,0.0,0.0,0.0,-1.3650340430016659,-60.23535571847316,0.0,0.0,0.0,0.9085145228778313,-0.4178532777423992,2.0,0.0,0.0,0.0,0.0,0.0,0.0,0.0,-16.01229635841129,-59.05641724619828,0.0,0.0,0.0,-0.48939569436555963,0.8720618408899977,2.0,0.0,0.0,0.0,0.0,0.0,0.0,0.0,-21.659786451308683,-72.62247949389767,0.0,0.0,0.0,0.11665565544650033,0.9931724211094202,2.0,0.0,0.0,0.0,0.0,0.0,0.0
494,0.0,-0.03739133950172224,-61.558439939721104,0.0,0.0,0.0,0.9372856269141926,-0.34856226643179394,2.0,0.0,0.0,0.0,0.0,0.0,0.0,0.0,2.0399818171595836,-74.5300420126833,0.0,0.0,0.0,0.9806116829236654,0.19596103519224595,2.0,0.0,0.0,0.0,0.0,0.0,0.0,0.0,-1.3650340430016659,-60.23535571847316,0.0,0.0,0.0,0.9085145228778313,-0.4178532777423992,2.0,0.0,0.0,0.0,0.0,0.0,0.0,0.0,-16.01229635841129,-59.05641724619828,0.0,0.0,0.0,-0.48939569436555963,0.8720618408899977,2.0,0.0,0.0,0.0,0.0,0.0,0.0,0.0,-21.659786451308683,-72.62247949389767,0.0,0.0,0.0,0.11665565544650033,0.9931724211094202,2.0,0.0,0.0,0.0,0.0,0.0,0.0
495,0.0,-0.10303392488324548,-61.483001238438476,0.0,0.0,0.0,0.9358838832914423,-0.35230861044733186,2.0,0.0,0.0,0.0,0.0,0.0,0.0,0.0,2.0399818171595836,-74.5300420126833,0.0,0.0,0.0,0.9806116829236654,0.19596103519224595,2.0,0.0,0.0,0.0,0.0,0.0,0.0,0.0,-1.3650340430016659,-60.23535571847316,0.0,0.0,0.0,0.9085145228778313,-0.4178532777423992,2.0,0.0,0.0,0.0,0.0,0.0,0.0,0.0,-16.01229635841129,-59.05641724619828,0.0,0.0,0.0,-0.48939569436555963,0.8720618408899977,2.0,0.0,0.0,0.0,0.0,0.0,0.0,0.0,-21.659786451308683,-72.62247949389767,0.0,0.0,0.0,0.11665565544650033,0.9931724211094202,2.0,0.0,0.0,0.0,0.0,0.0,0.0
496,0.0,-0.16927791288608773,-61.40809008626298,0.0,0.0,0.0,0.934467165546525,-0.3560493175326186,2.0,0.0,0.0,0.0,0.0,0.0,0.0,0.0,2.0399818171595836,-74.5300420126833,0.0,0.0,0.0,0.9806116829236654,0.19596103519224595,2.0,0.0,0.0,0.0,0.0,0.0,0.0,0.0,-1.3650340430016659,-60.23535571847316,0.0,0.0,0.0,0.9085145228778313,-0.4178532777423992,2.0,0.0,0.0,0.0,0.0,0.0,0.0,0.0,-16.01229635841129,-59.05641724619828,0.0,0.0,0.0,-0.48939569436555963,0.8720618408899977,2.0,0.0,0.0,0.0,0.0,0.0,0.0,0.0,-21.659786451308683,-72.62247949389767,0.0,0.0,0.0,0.11665565544650033,0.9931724211094202,2.0,0.0,0.0,0.0,0.0,0.0,0.0
497,0.0,-0.23611906391762183,-61.33371127748279,0.0,0.0,0.0,0.9330354963468941,-0.3597843278364205,2.0,0.0,0.0,0.0,0.0,0.0,0.0,0.0,2.0399818171595836,-74.5300420126833,0.0,0.0,0.0,0.9806116829236654,0.19596103519224595,2.0,0.0,0.0,0.0,0.0,0.0,0.0,0.0,-1.3650340430016659,-60.23535571847316,0.0,0.0,0.0,0.9085145228778313,-0.4178532777423992,2.0,0.0,0.0,0.0,0.0,0.0,0.0,0.0,-16.01229635841129,-59.05641724619828,0.0,0.0,0.0,-0.48939569436555963,0.8720618408899977,2.0,0.0,0.0,0.0,0.0,0.0,0.0,0.0,-21.659786451308683,-72.62247949389767,0.0,0.0,0.0,0.11665565544650033,0.9931724211094202,2.0,0.0,0.0,0.0,0.0,0.0,0.0
498,0.0,-0.30355310016700265,-61.25986957231628,0.0,0.0,0.0,0.9315888985992264,-0.36351358159865244,2.0,0.0,0.0,0.0,0.0,0.0,0.0,0.0,2.0399818171595836,-74.5300420126833,0.0,0.0,0.0,0.9806116829236654,0.19596103519224595,2.0,0.0,0.0,0.0,0.0,0.0,0.0,0.0,-1.3650340430016659,-60.23535571847316,0.0,0.0,0.0,0.9085145228778313,-0.4178532777423992,2.0,0.0,0.0,0.0,0.0,0.0,0.0,0.0,-16.01229635841129,-59.05641724619828,0.0,0.0,0.0,-0.48939569436555963,0.8720618408899977,2.0,0.0,0.0,0.0,0.0,0.0,0.0,0.0,-21.659786451308683,-72.62247949389767,0.0,0.0,0.0,0.11665565544650033,0.9931724211094202,2.0,0.0,0.0,0.0,0.0,0.0,0.0
499,0.0,-0.37157570587892685,-61.18656969660738,0.0,0.0,0.0,0.9301273954490551,-0.3672370191513337,2.0,0.0,0.0,0.0,0.0,0.0,0.0,0.0,2.0399818171595836,-74.5300420126833,0.0,0.0,0.0,0.9806116829236654,0.19596103519224595,2.0,0.0,0.0,0.0,0.0,0.0,0.0,0.0,-1.3650340430016659,-60.23535571847316,0.0,0.0,0.0,0.9085145228778313,-0.4178532777423992,2.0,0.0,0.0,0.0,0.0,0.0,0.0,0.0,-16.01229635841129,-59.05641724619828,0.0,0.0,0.0,-0.48939569436555963,0.8720618408899977,2.0,0.0,0.0,0.0,0.0,0.0,0.0,0.0,-21.659786451308683,-72.62247949389767,0.0,0.0,0.0,0.11665565544650033,0.9931724211094202,2.0,0.0,0.0,0.0,0.0,0.0,0.0
500,0.0,-0.4401825276298439,-61.113816341523105,0.0,0.0,0.0,0.9286510102803993,-0.370954580919543,2.0,0.0,0.0,0.0,0.0,0.0,0.0,0.0,2.0399818171595836,-74.5300420126833,0.0,0.0,0.0,0.9806116829236654,0.19596103519224595,2.0,0.0,0.0,0.0,0.0,0.0,0.0,0.0,-1.3650340430016659,-60.23535571847316,0.0,0.0,0.0,0.9085145228778313,-0.4178532777423992,2.0,0.0,0.0,0.0,0.0,0.0,0.0,0.0,-16.01229635841129,-59.05641724619828,0.0,0.0,0.0,-0.48939569436555963,0.8720618408899977,2.0,0.0,0.0,0.0,0.0,0.0,0.0,0.0,-21.659786451308683,-72.62247949389767,0.0,0.0,0.0,0.11665565544650033,0.9931724211094202,2.0,0.0,0.0,0.0,0.0,0.0,0.0
501,0.0,-0.5093691746065829,-61.04161416325336,0.0,0.0,0.0,0.9271597667153901,-0.3746662074223712,2.0,0.0,0.0,0.0,0.0,0.0,0.0,0.0,2.0399818171595836,-74.5300420126833,0.0,0.0,0.0,0.9806116829236654,0.19596103519224595,2.0,0.0,0.0,0.0,0.0,0.0,0.0,0.0,-1.3650340430016659,-60.23535571847316,0.0,0.0,0.0,0.9085145228778313,-0.4178532777423992,2.0,0.0,0.0,0.0,0.0,0.0,0.0,0.0,-16.01229635841129,-59.05641724619828,0.0,0.0,0.0,-0.48939569436555963,0.8720618408899977,2.0,0.0,0.0,0.0,0.0,0.0,0.0,0.0,-21.659786451308683,-72.62247949389767,0.0,0.0,0.0,0.11665565544650033,0.9931724211094202,2.0,0.0,0.0,0.0,0.0,0.0,0.0
502,0.0,-0.5791312188873512,-60.9699677827129,0.0,0.0,0.0,0.925653688613893,-0.3783718392738736,2.0,0.0,0.0,0.0,0.0,0.0,0.0,0.0,2.0399818171595836,-74.5300420126833,0.0,0.0,0.0,0.9806116829236654,0.19596103519224595,2.0,0.0,0.0,0.0,0.0,0.0,0.0,0.0,-1.3650340430016659,-60.23535571847316,0.0,0.0,0.0,0.9085145228778313,-0.4178532777423992,2.0,0.0,0.0,0.0,0.0,0.0,0.0,0.0,-16.01229635841129,-59.05641724619828,0.0,0.0,0.0,-0.48939569436555963,0.8720618408899977,2.0,0.0,0.0,0.0,0.0,0.0,0.0,0.0,-21.659786451308683,-72.62247949389767,0.0,0.0,0.0,0.11665565544650033,0.9931724211094202,2.0,0.0,0.0,0.0,0.0,0.0,0.0
503,0.0,-0.649464195725125,-60.89888178524562,0.0,0.0,0.0,0.9241328000731253,-0.3820714171840195,2.0,0.0,0.0,0.0,0.0,0.0,0.0,0.0,2.0399818171595836,-74.5300420126833,0.0,0.0,0.0,0.9806116829236654,0.19596103519224595,2.0,0.0,0.0,0.0,0.0,0.0,0.0,0.0,-1.3650340430016659,-60.23535571847316,0.0,0.0,0.0,0.9085145228778313,-0.4178532777423992,2.0,0.0,0.0,0.0,0.0,0.0,0.0,0.0,-16.01229635841129,-59.05641724619828,0.0,0.0,0.0,-0.48939569436555963,0.8720618408899977,2.0,0.0,0.0,0.0,0.0,0.0,0.0,0.0,-21.659786451308683,-72.62247949389767,0.0,0.0,0.0,0.11665565544650033,0.9931724211094202,2.0,0.0,0.0,0.0,0.0,0.0,0.0
504,0.0,-0.7203636038334,-60.828360720331105,0.0,0.0,0.0,0.9225971254272712,-0.38576488195964126,2.0,0.0,0.0,0.0,0.0,0.0,0.0,0.0,2.0399818171595836,-74.5300420126833,0.0,0.0,0.0,0.9806116829236654,0.19596103519224595,2.0,0.0,0.0,0.0,0.0,0.0,0.0,0.0,-1.3650340430016659,-60.23535571847316,0.0,0.0,0.0,0.9085145228778313,-0.4178532777423992,2.0,0.0,0.0,0.0,0.0,0.0,0.0,0.0,-16.01229635841129,-59.05641724619828,0.0,0.0,0.0,-0.48939569436555963,0.8720618408899977,2.0,0.0,0.0,0.0,0.0,0.0,0.0,0.0,-21.659786451308683,-72.62247949389767,0.0,0.0,0.0,0.11665565544650033,0.9931724211094202,2.0,0.0,0.0,0.0,0.0,0.0,0.0
505,0.0,-0.7918249056742521,-60.75840910129344,0.0,0.0,0.0,0.9210466892470924,-0.3894521745053814,2.0,0.0,0.0,0.0,0.0,0.0,0.0,0.0,2.0399818171595836,-74.5300420126833,0.0,0.0,0.0,0.9806116829236654,0.19596103519224595,2.0,0.0,0.0,0.0,0.0,0.0,0.0,0.0,-1.3650340430016659,-60.23535571847316,0.0,0.0,0.0,0.9085145228778313,-0.4178532777423992,2.0,0.0,0.0,0.0,0.0,0.0,0.0,0.0,-16.01229635841129,-59.05641724619828,0.0,0.0,0.0,-0.48939569436555963,0.8720618408899977,2.0,0.0,0.0,0.0,0.0,0.0,0.0,0.0,-21.659786451308683,-72.62247949389767,0.0,0.0,0.0,0.11665565544650033,0.9931724211094202,2.0,0.0,0.0,0.0,0.0,0.0,0.0
506,0.0,-0.863843527748756,-60.68903140501236,0.0,0.0,0.0,0.9194815163395346,-0.3931332358246377,2.0,0.0,0.0,0.0,0.0,0.0,0.0,0.0,2.0399818171595836,-74.5300420126833,0.0,0.0,0.0,0.9806116829236654,0.19596103519224595,2.0,0.0,0.0,0.0,0.0,0.0,0.0,0.0,-1.3650340430016659,-60.23535571847316,0.0,0.0,0.0,0.9085145228778313,-0.4178532777423992,2.0,0.0,0.0,0.0,0.0,0.0,0.0,0.0,-16.01229635841129,-59.05641724619828,0.0,0.0,0.0,-0.48939569436555963,0.8720618408899977,2.0,0.0,0.0,0.0,0.0,0.0,0.0,0.0,-21.659786451308683,-72.62247949389767,0.0,0.0,0.0,0.11665565544650033,0.9931724211094202,2.0,0.0,0.0,0.0,0.0,0.0,0.0
507,0.0,-0.9364148608896823,-60.62023207163674,0.0,0.0,0.0,0.917901631747331,-0.39680800702050767,2.0,0.0,0.0,0.0,0.0,0.0,0.0,0.0,2.0399818171595836,-74.5300420126833,0.0,0.0,0.0,0.9806116829236654,0.19596103519224595,2.0,0.0,0.0,0.0,0.0,0.0,0.0,0.0,-1.3650340430016659,-60.23535571847316,0.0,0.0,0.0,0.9085145228778313,-0.4178532777423992,2.0,0.0,0.0,0.0,0.0,0.0,0.0,0.0,-16.01229635841129,-59.05641724619828,0.0,0.0,0.0,-0.48939569436555963,0.8720618408899977,2.0,0.0,0.0,0.0,0.0,0.0,0.0,0.0,-21.659786451308683,-72.62247949389767,0.0,0.0,0.0,0.11665565544650033,0.9931724211094202,2.0,0.0,0.0,0.0,0.0,0.0,0.0
508,0.0,-1.0095342605564817,-60.55201550430044,0.0,0.0,0.0,0.9163070607486012,-0.40047642929673055,2.0,0.0,0.0,0.0,0.0,0.0,0.0,0.0,2.0399818171595836,-74.5300420126833,0.0,0.0,0.0,0.9806116829236654,0.19596103519224595,2.0,0.0,0.0,0.0,0.0,0.0,0.0,0.0,-1.3650340430016659,-60.23535571847316,0.0,0.0,0.0,0.9085145228778313,-0.4178532777423992,2.0,0.0,0.0,0.0,0.0,0.0,0.0,0.0,-16.01229635841129,-59.05641724619828,0.0,0.0,0.0,-0.48939569436555963,0.8720618408899977,2.0,0.0,0.0,0.0,0.0,0.0,0.0,0.0,-21.659786451308683,-72.62247949389767,0.0,0.0,0.0,0.11665565544650033,0.9931724211094202,2.0,0.0,0.0,0.0,0.0,0.0,0.0
509,0.0,-1.083197047132531,-60.48438606884049,0.0,0.0,0.0,0.9146978288564475,-0.4041384439586282,2.0,0.0,0.0,0.0,0.0,0.0,0.0,0.0,2.0399818171595836,-74.5300420126833,0.0,0.0,0.0,0.9806116829236654,0.19596103519224595,2.0,0.0,0.0,0.0,0.0,0.0,0.0,0.0,-1.3650340430016659,-60.23535571847316,0.0,0.0,0.0,0.9085145228778313,-0.4178532777423992,2.0,0.0,0.0,0.0,0.0,0.0,0.0,0.0,-16.01229635841129,-59.05641724619828,0.0,0.0,0.0,-0.48939569436555963,0.8720618408899977,2.0,0.0,0.0,0.0,0.0,0.0,0.0,0.0,-21.659786451308683,-72.62247949389767,0.0,0.0,0.0,0.11665565544650033,0.9931724211094202,2.0,0.0,0.0,0.0,0.0,0.0,0.0
510,0.0,-1.1573985062246361,-60.417348093517674,0.0,0.0,0.0,0.9130739618185454,-0.40779399241404407,2.0,0.0,0.0,0.0,0.0,0.0,0.0,0.0,2.0399818171595836,-74.5300420126833,0.0,0.0,0.0,0.9806116829236654,0.19596103519224595,2.0,0.0,0.0,0.0,0.0,0.0,0.0,0.0,-1.3650340430016659,-60.23535571847316,0.0,0.0,0.0,0.9085145228778313,-0.4178532777423992,2.0,0.0,0.0,0.0,0.0,0.0,0.0,0.0,-16.01229635841129,-59.05641724619828,0.0,0.0,0.0,-0.48939569436555963,0.8720618408899977,2.0,0.0,0.0,0.0,0.0,0.0,0.0,0.0,-21.659786451308683,-72.62247949389767,0.0,0.0,0.0,0.11665565544650033,0.9931724211094202,2.0,0.0,0.0,0.0,0.0,0.0,0.0
511,0.0,-1.2321338889647393,-60.35090586873952,0.0,0.0,0.0,0.9114354856167333,-0.4114430161742809,2.0,0.0,0.0,0.0,0.0,0.0,0.0,0.0,2.0399818171595836,-74.5300420126833,0.0,0.0,0.0,0.9806116829236654,0.19596103519224595,2.0,0.0,0.0,0.0,0.0,0.0,0.0,0.0,-1.3650340430016659,-60.23535571847316,0.0,0.0,0.0,0.9085145228778313,-0.4178532777423992,2.0,0.0,0.0,0.0,0.0,0.0,0.0,0.0,-16.01229635841129,-59.05641724619828,0.0,0.0,0.0,-0.48939569436555963,0.8720618408899977,2.0,0.0,0.0,0.0,0.0,0.0,0.0,0.0,-21.659786451308683,-72.62247949389767,0.0,0.0,0.0,0.11665565544650033,0.9931724211094202,2.0,0.0,0.0,0.0,0.0,0.0,0.0
512,0.0,-1.3073984123138587,-60.285063646785744,0.0,0.0,0.0,0.9097824264665951,-0.41508545685503645,2.0,0.0,0.0,0.0,0.0,0.0,0.0,0.0,2.0399818171595836,-74.5300420126833,0.0,0.0,0.0,0.9806116829236654,0.19596103519224595,2.0,0.0,0.0,0.0,0.0,0.0,0.0,0.0,-1.3650340430016659,-60.23535571847316,0.0,0.0,0.0,0.9085145228778313,-0.4178532777423992,2.0,0.0,0.0,0.0,0.0,0.0,0.0,0.0,-16.01229635841129,-59.05641724619828,0.0,0.0,0.0,-0.48939569436555963,0.8720618408899977,2.0,0.0,0.0,0.0,0.0,0.0,0.0,0.0,-21.659786451308683,-72.62247949389767,0.0,0.0,0.0,0.11665565544650033,0.9931724211094202,2.0,0.0,0.0,0.0,0.0,0.0,0.0
513,0.0,-1.3831872593681869,-60.21982564153607,0.0,0.0,0.0,0.9081148108170423,-0.41872125617733746,2.0,0.0,0.0,0.0,0.0,0.0,0.0,0.0,2.0399818171595836,-74.5300420126833,0.0,0.0,0.0,0.9806116829236654,0.19596103519224595,2.0,0.0,0.0,0.0,0.0,0.0,0.0,0.0,-1.3650340430016659,-60.23535571847316,0.0,0.0,0.0,0.9085145228778313,-0.4178532777423992,2.0,0.0,0.0,0.0,0.0,0.0,0.0,0.0,-16.01229635841129,-59.05641724619828,0.0,0.0,0.0,-0.48939569436555963,0.8720618408899977,2.0,0.0,0.0,0.0,0.0,0.0,0.0,0.0,-21.659786451308683,-72.62247949389767,0.0,0.0,0.0,0.11665565544650033,0.9931724211094202,2.0,0.0,0.0,0.0,0.0,0.0,0.0
514,0.0,-1.459495579667383,-60.15519602820058,0.0,0.0,0.0,0.9064326653498894,-0.42235035596847237,2.0,0.0,0.0,0.0,0.0,0.0,0.0,0.0,2.0399818171595836,-74.5300420126833,0.0,0.0,0.0,0.9806116829236654,0.19596103519224595,2.0,0.0,0.0,0.0,0.0,0.0,0.0,0.0,-1.3650340430016659,-60.23535571847316,0.0,0.0,0.0,0.9085145228778313,-0.4178532777423992,2.0,0.0,0.0,0.0,0.0,0.0,0.0,0.0,-16.01229635841129,-59.05641724619828,0.0,0.0,0.0,-0.48939569436555963,0.8720618408899977,2.0,0.0,0.0,0.0,0.0,0.0,0.0,0.0,-21.659786451308683,-72.62247949389767,0.0,0.0,0.0,0.11665565544650033,0.9931724211094202,2.0,0.0,0.0,0.0,0.0,0.0,0.0
515,0.0,-1.5363184895049935,-60.09117894305244,0.0,0.0,0.0,0.9047360169794282,-0.4259726981629219,2.0,0.0,0.0,0.0,0.0,0.0,0.0,0.0,2.0399818171595836,-74.5300420126833,0.0,0.0,0.0,0.9806116829236654,0.19596103519224595,2.0,0.0,0.0,0.0,0.0,0.0,0.0,0.0,-1.3650340430016659,-60.23535571847316,0.0,0.0,0.0,0.9085145228778313,-0.4178532777423992,2.0,0.0,0.0,0.0,0.0,0.0,0.0,0.0,-16.01229635841129,-59.05641724619828,0.0,0.0,0.0,-0.48939569436555963,0.8720618408899977,2.0,0.0,0.0,0.0,0.0,0.0,0.0,0.0,-21.659786451308683,-72.62247949389767,0.0,0.0,0.0,0.11665565544650033,0.9931724211094202,2.0,0.0,0.0,0.0,0.0,0.0,0.0
516,0.0,-1.6136510722410122,-60.02777848316328,0.0,0.0,0.0,0.9030248928519964,-0.4295882248032882,2.0,0.0,0.0,0.0,0.0,0.0,0.0,0.0,2.0399818171595836,-74.5300420126833,0.0,0.0,0.0,0.9806116829236654,0.19596103519224595,2.0,0.0,0.0,0.0,0.0,0.0,0.0,0.0,-1.3650340430016659,-60.23535571847316,0.0,0.0,0.0,0.9085145228778313,-0.4178532777423992,2.0,0.0,0.0,0.0,0.0,0.0,0.0,0.0,-16.01229635841129,-59.05641724619828,0.0,0.0,0.0,-0.48939569436555963,0.8720618408899977,2.0,0.0,0.0,0.0,0.0,0.0,0.0,0.0,-21.659786451308683,-72.62247949389767,0.0,0.0,0.0,0.11665565544650033,0.9931724211094202,2.0,0.0,0.0,0.0,0.0,0.0,0.0
517,0.0,-1.6914883786165387,-59.964998706140875,0.0,0.0,0.0,0.9012993203455434,-0.4331968780412222,2.0,0.0,0.0,0.0,0.0,0.0,0.0,0.0,2.0399818171595836,-74.5300420126833,0.0,0.0,0.0,0.9806116829236654,0.19596103519224595,2.0,0.0,0.0,0.0,0.0,0.0,0.0,0.0,-1.3650340430016659,-60.23535571847316,0.0,0.0,0.0,0.9085145228778313,-0.4178532777423992,2.0,0.0,0.0,0.0,0.0,0.0,0.0,0.0,-16.01229635841129,-59.05641724619828,0.0,0.0,0.0,-0.48939569436555963,0.8720618408899977,2.0,0.0,0.0,0.0,0.0,0.0,0.0,0.0,-21.659786451308683,-72.62247949389767,0.0,0.0,0.0,0.11665565544650033,0.9931724211094202,2.0,0.0,0.0,0.0,0.0,0.0,0.0
518,0.0,-1.7698254270705345,-59.90284362986954,0.0,0.0,0.0,0.8995593270691926,-0.4367986001383491,2.0,0.0,0.0,0.0,0.0,0.0,0.0,0.0,2.0399818171595836,-74.5300420126833,0.0,0.0,0.0,0.9806116829236654,0.19596103519224595,2.0,0.0,0.0,0.0,0.0,0.0,0.0,0.0,-1.3650340430016659,-60.23535571847316,0.0,0.0,0.0,0.9085145228778313,-0.4178532777423992,2.0,0.0,0.0,0.0,0.0,0.0,0.0,0.0,-16.01229635841129,-59.05641724619828,0.0,0.0,0.0,-0.48939569436555963,0.8720618408899977,2.0,0.0,0.0,0.0,0.0,0.0,0.0,0.0,-21.659786451308683,-72.62247949389767,0.0,0.0,0.0,0.11665565544650033,0.9931724211094202,2.0,0.0,0.0,0.0,0.0,0.0,0.0
519,0.0,-1.8486572040586378,-59.84131723225291,0.0,0.0,0.0,0.8978049408627993,-0.4403933334671921,2.0,0.0,0.0,0.0,0.0,0.0,0.0,0.0,2.0399818171595836,-74.5300420126833,0.0,0.0,0.0,0.9806116829236654,0.19596103519224595,2.0,0.0,0.0,0.0,0.0,0.0,0.0,0.0,-1.3650340430016659,-60.23535571847316,0.0,0.0,0.0,0.9085145228778313,-0.4178532777423992,2.0,0.0,0.0,0.0,0.0,0.0,0.0,0.0,-16.01229635841129,-59.05641724619828,0.0,0.0,0.0,-0.48939569436555963,0.8720618408899977,2.0,0.0,0.0,0.0,0.0,0.0,0.0,0.0,-21.659786451308683,-72.62247949389767,0.0,0.0,0.0,0.11665565544650033,0.9931724211094202,2.0,0.0,0.0,0.0,0.0,0.0,0.0
520,0.0,-1.9279786643740273,-59.78042345095946,0.0,0.0,0.0,0.8960361897965053,-0.44398102051209476,2.0,0.0,0.0,0.0,0.0,0.0,0.0,0.0,2.0399818171595836,-74.5300420126833,0.0,0.0,0.0,0.9806116829236654,0.19596103519224595,2.0,0.0,0.0,0.0,0.0,0.0,0.0,0.0,-1.3650340430016659,-60.23535571847316,0.0,0.0,0.0,0.9085145228778313,-0.4178532777423992,2.0,0.0,0.0,0.0,0.0,0.0,0.0,0.0,-16.01229635841129,-59.05641724619828,0.0,0.0,0.0,-0.48939569436555963,0.8720618408899977,2.0,0.0,0.0,0.0,0.0,0.0,0.0,0.0,-21.659786451308683,-72.62247949389767,0.0,0.0,0.0,0.11665565544650033,0.9931724211094202,2.0,0.0,0.0,0.0,0.0,0.0,0.0
521,0.0,-2.00778473147032,-59.720166183170406,0.0,0.0,0.0,0.8942531021702901,-0.44756160387014077,2.0,0.0,0.0,0.0,0.0,0.0,0.0,0.0,2.0399818171595836,-74.5300420126833,0.0,0.0,0.0,0.9806116829236654,0.19596103519224595,2.0,0.0,0.0,0.0,0.0,0.0,0.0,0.0,-1.3650340430016659,-60.23535571847316,0.0,0.0,0.0,0.9085145228778313,-0.4178532777423992,2.0,0.0,0.0,0.0,0.0,0.0,0.0,0.0,-16.01229635841129,-59.05641724619828,0.0,0.0,0.0,-0.48939569436555963,0.8720618408899977,2.0,0.0,0.0,0.0,0.0,0.0,0.0,0.0,-21.659786451308683,-72.62247949389767,0.0,0.0,0.0,0.11665565544650033,0.9931724211094202,2.0,0.0,0.0,0.0,0.0,0.0,0.0
522,0.0,-2.0880702977864605,-59.660549285330305,0.0,0.0,0.0,0.8924557065135175,-0.4511350262520728,2.0,0.0,0.0,0.0,0.0,0.0,0.0,0.0,2.0399818171595836,-74.5300420126833,0.0,0.0,0.0,0.9806116829236654,0.19596103519224595,2.0,0.0,0.0,0.0,0.0,0.0,0.0,0.0,-1.3650340430016659,-60.23535571847316,0.0,0.0,0.0,0.9085145228778313,-0.4178532777423992,2.0,0.0,0.0,0.0,0.0,0.0,0.0,0.0,-16.01229635841129,-59.05641724619828,0.0,0.0,0.0,-0.48939569436555963,0.8720618408899977,2.0,0.0,0.0,0.0,0.0,0.0,0.0,0.0,-21.659786451308683,-72.62247949389767,0.0,0.0,0.0,0.11665565544650033,0.9931724211094202,2.0,0.0,0.0,0.0,0.0,0.0,0.0
523,0.0,-2.1688302250736102,-59.60157657290027,0.0,0.0,0.0,0.8906440315844797,-0.45470123048320904,2.0,0.0,0.0,0.0,0.0,0.0,0.0,0.0,2.0399818171595836,-74.5300420126833,0.0,0.0,0.0,0.9806116829236654,0.19596103519224595,2.0,0.0,0.0,0.0,0.0,0.0,0.0,0.0,-1.3650340430016659,-60.23535571847316,0.0,0.0,0.0,0.9085145228778313,-0.4178532777423992,2.0,0.0,0.0,0.0,0.0,0.0,0.0,0.0,-16.01229635841129,-59.05641724619828,0.0,0.0,0.0,-0.48939569436555963,0.8720618408899977,2.0,0.0,0.0,0.0,0.0,0.0,0.0,0.0,-21.659786451308683,-72.62247949389767,0.0,0.0,0.0,0.11665565544650033,0.9931724211094202,2.0,0.0,0.0,0.0,0.0,0.0,0.0
524,0.0,-2.2500593447239883,-59.54325182011378,0.0,0.0,0.0,0.888818106369937,-0.45826015950435783,2.0,0.0,0.0,0.0,0.0,0.0,0.0,0.0,2.0399818171595836,-74.5300420126833,0.0,0.0,0.0,0.9806116829236654,0.19596103519224595,2.0,0.0,0.0,0.0,0.0,0.0,0.0,0.0,-1.3650340430016659,-60.23535571847316,0.0,0.0,0.0,0.9085145228778313,-0.4178532777423992,2.0,0.0,0.0,0.0,0.0,0.0,0.0,0.0,-16.01229635841129,-59.05641724619828,0.0,0.0,0.0,-0.48939569436555963,0.8720618408899977,2.0,0.0,0.0,0.0,0.0,0.0,0.0,0.0,-21.659786451308683,-72.62247949389767,0.0,0.0,0.0,0.11665565544650033,0.9931724211094202,2.0,0.0,0.0,0.0,0.0,0.0,0.0
525,0.0,-2.3317524581016613,-59.485578759735105,0.0,0.0,0.0,0.8869779600846537,-0.4618117563727308,2.0,0.0,0.0,0.0,0.0,0.0,0.0,0.0,2.0399818171595836,-74.5300420126833,0.0,0.0,0.0,0.9806116829236654,0.19596103519224595,2.0,0.0,0.0,0.0,0.0,0.0,0.0,0.0,-1.3650340430016659,-60.23535571847316,0.0,0.0,0.0,0.9085145228778313,-0.4178532777423992,2.0,0.0,0.0,0.0,0.0,0.0,0.0,0.0,-16.01229635841129,-59.05641724619828,0.0,0.0,0.0,-0.48939569436555963,0.8720618408899977,2.0,0.0,0.0,0.0,0.0,0.0,0.0,0.0,-21.659786451308683,-72.62247949389767,0.0,0.0,0.0,0.11665565544650033,0.9931724211094202,2.0,0.0,0.0,0.0,0.0,0.0,0.0
526,0.0,-2.4139043368752606,-59.42856108282041,0.0,0.0,0.0,0.8851236221709313,-0.46535596426285375,2.0,0.0,0.0,0.0,0.0,0.0,0.0,0.0,2.0399818171595836,-74.5300420126833,0.0,0.0,0.0,0.9806116829236654,0.19596103519224595,2.0,0.0,0.0,0.0,0.0,0.0,0.0,0.0,-1.3650340430016659,-60.23535571847316,0.0,0.0,0.0,0.9085145228778313,-0.4178532777423992,2.0,0.0,0.0,0.0,0.0,0.0,0.0,0.0,-16.01229635841129,-59.05641724619828,0.0,0.0,0.0,-0.48939569436555963,0.8720618408899977,2.0,0.0,0.0,0.0,0.0,0.0,0.0,0.0,-21.659786451308683,-72.62247949389767,0.0,0.0,0.0,0.11665565544650033,0.9931724211094202,2.0,0.0,0.0,0.0,0.0,0.0,0.0
527,0.0,-2.4965097233525846,-59.372202438481565,0.0,0.0,0.0,0.8832551222981369,-0.4688927264674761,2.0,0.0,0.0,0.0,0.0,0.0,0.0,0.0,2.0399818171595836,-74.5300420126833,0.0,0.0,0.0,0.9806116829236654,0.19596103519224595,2.0,0.0,0.0,0.0,0.0,0.0,0.0,0.0,-1.3650340430016659,-60.23535571847316,0.0,0.0,0.0,0.9085145228778313,-0.4178532777423992,2.0,0.0,0.0,0.0,0.0,0.0,0.0,0.0,-16.01229635841129,-59.05641724619828,0.0,0.0,0.0,-0.48939569436555963,0.8720618408899977,2.0,0.0,0.0,0.0,0.0,0.0,0.0,0.0,-21.659786451308683,-72.62247949389767,0.0,0.0,0.0,0.11665565544650033,0.9931724211094202,2.0,0.0,0.0,0.0,0.0,0.0,0.0
528,0.0,-2.579563330817093,-59.31650643365256,0.0,0.0,0.0,0.8813724903622283,-0.472421986398478,2.0,0.0,0.0,0.0,0.0,0.0,0.0,0.0,2.0399818171595836,-74.5300420126833,0.0,0.0,0.0,0.9806116829236654,0.19596103519224595,2.0,0.0,0.0,0.0,0.0,0.0,0.0,0.0,-1.3650340430016659,-60.23535571847316,0.0,0.0,0.0,0.9085145228778313,-0.4178532777423992,2.0,0.0,0.0,0.0,0.0,0.0,0.0,0.0,-16.01229635841129,-59.05641724619828,0.0,0.0,0.0,-0.48939569436555963,0.8720618408899977,2.0,0.0,0.0,0.0,0.0,0.0,0.0,0.0,-21.659786451308683,-72.62247949389767,0.0,0.0,0.0,0.11665565544650033,0.9931724211094202,2.0,0.0,0.0,0.0,0.0,0.0,0.0
529,0.0,-2.66305984386626,-59.26147663285872,0.0,0.0,0.0,0.8794757564852766,-0.47594368758777583,2.0,0.0,0.0,0.0,0.0,0.0,0.0,0.0,2.0399818171595836,-74.5300420126833,0.0,0.0,0.0,0.9806116829236654,0.19596103519224595,2.0,0.0,0.0,0.0,0.0,0.0,0.0,0.0,-1.3650340430016659,-60.23535571847316,0.0,0.0,0.0,0.9085145228778313,-0.4178532777423992,2.0,0.0,0.0,0.0,0.0,0.0,0.0,0.0,-16.01229635841129,-59.05641724619828,0.0,0.0,0.0,-0.48939569436555963,0.8720618408899977,2.0,0.0,0.0,0.0,0.0,0.0,0.0,0.0,-21.659786451308683,-72.62247949389767,0.0,0.0,0.0,0.11665565544650033,0.9931724211094202,2.0,0.0,0.0,0.0,0.0,0.0,0.0
530,0.0,-2.7469939187517456,-59.20711655798848,0.0,0.0,0.0,0.8775649510149833,-0.47945777368822573,2.0,0.0,0.0,0.0,0.0,0.0,0.0,0.0,2.0399818171595836,-74.5300420126833,0.0,0.0,0.0,0.9806116829236654,0.19596103519224595,2.0,0.0,0.0,0.0,0.0,0.0,0.0,0.0,-1.3650340430016659,-60.23535571847316,0.0,0.0,0.0,0.9085145228778313,-0.4178532777423992,2.0,0.0,0.0,0.0,0.0,0.0,0.0,0.0,-16.01229635841129,-59.05641724619828,0.0,0.0,0.0,-0.48939569436555963,0.8720618408899977,2.0,0.0,0.0,0.0,0.0,0.0,0.0,0.0,-21.659786451308683,-72.62247949389767,0.0,0.0,0.0,0.11665565544650033,0.9931724211094202,2.0,0.0,0.0,0.0,0.0,0.0,0.0
531,0.0,-2.831360183721414,-59.153429688068094,0.0,0.0,0.0,0.8756401045241952,-0.48296418847452505,2.0,0.0,0.0,0.0,0.0,0.0,0.0,0.0,2.0399818171595836,-74.5300420126833,0.0,0.0,0.0,0.9806116829236654,0.19596103519224595,2.0,0.0,0.0,0.0,0.0,0.0,0.0,0.0,-1.3650340430016659,-60.23535571847316,0.0,0.0,0.0,0.9085145228778313,-0.4178532777423992,2.0,0.0,0.0,0.0,0.0,0.0,0.0,0.0,-16.01229635841129,-59.05641724619828,0.0,0.0,0.0,-0.48939569436555963,0.8720618408899977,2.0,0.0,0.0,0.0,0.0,0.0,0.0,0.0,-21.659786451308683,-72.62247949389767,0.0,0.0,0.0,0.11665565544650033,0.9931724211094202,2.0,0.0,0.0,0.0,0.0,0.0,0.0
532,0.0,-2.916153239363098,-59.10041945903891,0.0,0.0,0.0,0.8737012478104149,-0.486462875844112,2.0,0.0,0.0,0.0,0.0,0.0,0.0,0.0,2.0399818171595836,-74.5300420126833,0.0,0.0,0.0,0.9806116829236654,0.19596103519224595,2.0,0.0,0.0,0.0,0.0,0.0,0.0,0.0,-1.3650340430016659,-60.23535571847316,0.0,0.0,0.0,0.9085145228778313,-0.4178532777423992,2.0,0.0,0.0,0.0,0.0,0.0,0.0,0.0,-16.01229635841129,-59.05641724619828,0.0,0.0,0.0,-0.48939569436555963,0.8720618408899977,2.0,0.0,0.0,0.0,0.0,0.0,0.0,0.0,-21.659786451308683,-72.62247949389767,0.0,0.0,0.0,0.11665565544650033,0.9931724211094202,2.0,0.0,0.0,0.0,0.0,0.0,0.0
533,0.0,-3.0013676589501808,-59.04808926353749,0.0,0.0,0.0,0.8717484118953086,-0.4899537798180634,2.0,0.0,0.0,0.0,0.0,0.0,0.0,0.0,2.0399818171595836,-74.5300420126833,0.0,0.0,0.0,0.9806116829236654,0.19596103519224595,2.0,0.0,0.0,0.0,0.0,0.0,0.0,0.0,-1.3650340430016659,-60.23535571847316,0.0,0.0,0.0,0.9085145228778313,-0.4178532777423992,2.0,0.0,0.0,0.0,0.0,0.0,0.0,0.0,-16.01229635841129,-59.05641724619828,0.0,0.0,0.0,-0.48939569436555963,0.8720618408899977,2.0,0.0,0.0,0.0,0.0,0.0,0.0,0.0,-21.659786451308683,-72.62247949389767,0.0,0.0,0.0,0.11665565544650033,0.9931724211094202,2.0,0.0,0.0,0.0,0.0,0.0,0.0
534,0.0,-3.086997988788897,-58.99644245067849,0.0,0.0,0.0,0.8697816280242093,-0.49343684454198994,2.0,0.0,0.0,0.0,0.0,0.0,0.0,0.0,2.0399818171595836,-74.5300420126833,0.0,0.0,0.0,0.9806116829236654,0.19596103519224595,2.0,0.0,0.0,0.0,0.0,0.0,0.0,0.0,-1.3650340430016659,-60.23535571847316,0.0,0.0,0.0,0.9085145228778313,-0.4178532777423992,2.0,0.0,0.0,0.0,0.0,0.0,0.0,0.0,-16.01229635841129,-59.05641724619828,0.0,0.0,0.0,-0.48939569436555963,0.8720618408899977,2.0,0.0,0.0,0.0,0.0,0.0,0.0,0.0,-21.659786451308683,-72.62247949389767,0.0,0.0,0.0,0.11665565544650033,0.9931724211094202,2.0,0.0,0.0,0.0,0.0,0.0,0.0
535,0.0,-3.1730387485673637,-58.94548232584029,0.0,0.0,0.0,0.867800927665617,-0.4969120142869305,2.0,0.0,0.0,0.0,0.0,0.0,0.0,0.0,2.0399818171595836,-74.5300420126833,0.0,0.0,0.0,0.9806116829236654,0.19596103519224595,2.0,0.0,0.0,0.0,0.0,0.0,0.0,0.0,-1.3650340430016659,-60.23535571847316,0.0,0.0,0.0,0.9085145228778313,-0.4178532777423992,2.0,0.0,0.0,0.0,0.0,0.0,0.0,0.0,-16.01229635841129,-59.05641724619828,0.0,0.0,0.0,-0.48939569436555963,0.8720618408899977,2.0,0.0,0.0,0.0,0.0,0.0,0.0,0.0,-21.659786451308683,-72.62247949389767,0.0,0.0,0.0,0.11665565544650033,0.9931724211094202,2.0,0.0,0.0,0.0,0.0,0.0,0.0
536,0.0,-3.2594844317063236,-58.89521215045349,0.0,0.0,0.0,0.8658063425106951,-0.5003792334502433,2.0,0.0,0.0,0.0,0.0,0.0,0.0,0.0,2.0399818171595836,-74.5300420126833,0.0,0.0,0.0,0.9806116829236654,0.19596103519224595,2.0,0.0,0.0,0.0,0.0,0.0,0.0,0.0,-1.3650340430016659,-60.23535571847316,0.0,0.0,0.0,0.9085145228778313,-0.4178532777423992,2.0,0.0,0.0,0.0,0.0,0.0,0.0,0.0,-16.01229635841129,-59.05641724619828,0.0,0.0,0.0,-0.48939569436555963,0.8720618408899977,2.0,0.0,0.0,0.0,0.0,0.0,0.0,0.0,-21.659786451308683,-72.62247949389767,0.0,0.0,0.0,0.11665565544650033,0.9931724211094202,2.0,0.0,0.0,0.0,0.0,0.0,0.0
537,0.0,-3.346329505711563,-58.84563514179217,0.0,0.0,0.0,0.8637979044727635,-0.5038384465564956,2.0,0.0,0.0,0.0,0.0,0.0,0.0,0.0,2.0399818171595836,-74.5300420126833,0.0,0.0,0.0,0.9806116829236654,0.19596103519224595,2.0,0.0,0.0,0.0,0.0,0.0,0.0,0.0,-1.3650340430016659,-60.23535571847316,0.0,0.0,0.0,0.9085145228778313,-0.4178532777423992,2.0,0.0,0.0,0.0,0.0,0.0,0.0,0.0,-16.01229635841129,-59.05641724619828,0.0,0.0,0.0,-0.48939569436555963,0.8720618408899977,2.0,0.0,0.0,0.0,0.0,0.0,0.0,0.0,-21.659786451308683,-72.62247949389767,0.0,0.0,0.0,0.11665565544650033,0.9931724211094202,2.0,0.0,0.0,0.0,0.0,0.0,0.0
538,0.0,-3.433568412527989,-58.796754472767944,0.0,0.0,0.0,0.861775645686788,-0.5072895982583514,2.0,0.0,0.0,0.0,0.0,0.0,0.0,0.0,2.0399818171595836,-74.5300420126833,0.0,0.0,0.0,0.9806116829236654,0.19596103519224595,2.0,0.0,0.0,0.0,0.0,0.0,0.0,0.0,-1.3650340430016659,-60.23535571847316,0.0,0.0,0.0,0.9085145228778313,-0.4178532777423992,2.0,0.0,0.0,0.0,0.0,0.0,0.0,0.0,-16.01229635841129,-59.05641724619828,0.0,0.0,0.0,-0.48939569436555963,0.8720618408899977,2.0,0.0,0.0,0.0,0.0,0.0,0.0,0.0,-21.659786451308683,-72.62247949389767,0.0,0.0,0.0,0.11665565544650033,0.9931724211094202,2.0,0.0,0.0,0.0,0.0,0.0,0.0
539,0.0,-3.521195568895342,-58.74857327172696,0.0,0.0,0.0,0.859739598508866,-0.5107326333374574,2.0,0.0,0.0,0.0,0.0,0.0,0.0,0.0,2.0399818171595836,-74.5300420126833,0.0,0.0,0.0,0.9806116829236654,0.19596103519224595,2.0,0.0,0.0,0.0,0.0,0.0,0.0,0.0,-1.3650340430016659,-60.23535571847316,0.0,0.0,0.0,0.9085145228778313,-0.4178532777423992,2.0,0.0,0.0,0.0,0.0,0.0,0.0,0.0,-16.01229635841129,-59.05641724619828,0.0,0.0,0.0,-0.48939569436555963,0.8720618408899977,2.0,0.0,0.0,0.0,0.0,0.0,0.0,0.0,-21.659786451308683,-72.62247949389767,0.0,0.0,0.0,0.11665565544650033,0.9931724211094202,2.0,0.0,0.0,0.0,0.0,0.0,0.0
540,0.0,-3.609205366705525,-58.70109462224963,0.0,0.0,0.0,0.8576897955157091,-0.5141674967053256,2.0,0.0,0.0,0.0,0.0,0.0,0.0,0.0,2.0399818171595836,-74.5300420126833,0.0,0.0,0.0,0.9806116829236654,0.19596103519224595,2.0,0.0,0.0,0.0,0.0,0.0,0.0,0.0,-1.3650340430016659,-60.23535571847316,0.0,0.0,0.0,0.9085145228778313,-0.4178532777423992,2.0,0.0,0.0,0.0,0.0,0.0,0.0,0.0,-16.01229635841129,-59.05641724619828,0.0,0.0,0.0,-0.48939569436555963,0.8720618408899977,2.0,0.0,0.0,0.0,0.0,0.0,0.0,0.0,-21.659786451308683,-72.62247949389767,0.0,0.0,0.0,0.11665565544650033,0.9931724211094202,2.0,0.0,0.0,0.0,0.0,0.0,0.0
541,0.0,-3.6975921733615182,-58.654321562953314,0.0,0.0,0.0,0.8556262695041214,-0.5175941334042155,2.0,0.0,0.0,0.0,0.0,0.0,0.0,0.0,2.0399818171595836,-74.5300420126833,0.0,0.0,0.0,0.9806116829236654,0.19596103519224595,2.0,0.0,0.0,0.0,0.0,0.0,0.0,0.0,-1.3650340430016659,-60.23535571847316,0.0,0.0,0.0,0.9085145228778313,-0.4178532777423992,2.0,0.0,0.0,0.0,0.0,0.0,0.0,0.0,-16.01229635841129,-59.05641724619828,0.0,0.0,0.0,-0.48939569436555963,0.8720618408899977,2.0,0.0,0.0,0.0,0.0,0.0,0.0,0.0,-21.659786451308683,-72.62247949389767,0.0,0.0,0.0,0.11665565544650033,0.9931724211094202,2.0,0.0,0.0,0.0,0.0,0.0,0.0
542,0.0,-3.7863503321378653,-58.608257087297844,0.0,0.0,0.0,0.8535490534904747,-0.5210124886080127,2.0,0.0,0.0,0.0,0.0,0.0,0.0,0.0,2.0399818171595836,-74.5300420126833,0.0,0.0,0.0,0.9806116829236654,0.19596103519224595,2.0,0.0,0.0,0.0,0.0,0.0,0.0,0.0,-1.3650340430016659,-60.23535571847316,0.0,0.0,0.0,0.9085145228778313,-0.4178532777423992,2.0,0.0,0.0,0.0,0.0,0.0,0.0,0.0,-16.01229635841129,-59.05641724619828,0.0,0.0,0.0,-0.48939569436555963,0.8720618408899977,2.0,0.0,0.0,0.0,0.0,0.0,0.0,0.0,-21.659786451308683,-72.62247949389767,0.0,0.0,0.0,0.11665565544650033,0.9931724211094202,2.0,0.0,0.0,0.0,0.0,0.0,0.0
543,0.0,-3.8754741625427007,-58.56290414339394,0.0,0.0,0.0,0.8514581807101814,-0.5244225076231074,2.0,0.0,0.0,0.0,0.0,0.0,0.0,0.0,2.0399818171595836,-74.5300420126833,0.0,0.0,0.0,0.9806116829236654,0.19596103519224595,2.0,0.0,0.0,0.0,0.0,0.0,0.0,0.0,-1.3650340430016659,-60.23535571847316,0.0,0.0,0.0,0.9085145228778313,-0.4178532777423992,2.0,0.0,0.0,0.0,0.0,0.0,0.0,0.0,-16.01229635841129,-59.05641724619828,0.0,0.0,0.0,-0.48939569436555963,0.8720618408899977,2.0,0.0,0.0,0.0,0.0,0.0,0.0,0.0,-21.659786451308683,-72.62247949389767,0.0,0.0,0.0,0.11665565544650033,0.9931724211094202,2.0,0.0,0.0,0.0,0.0,0.0,0.0
544,0.0,-3.964957960681299,-58.518265633814536,0.0,0.0,0.0,0.8493536846171611,-0.5278241358892676,2.0,0.0,0.0,0.0,0.0,0.0,0.0,0.0,2.0399818171595836,-74.5300420126833,0.0,0.0,0.0,0.9806116829236654,0.19596103519224595,2.0,0.0,0.0,0.0,0.0,0.0,0.0,0.0,-1.3650340430016659,-60.23535571847316,0.0,0.0,0.0,0.9085145228778313,-0.4178532777423992,2.0,0.0,0.0,0.0,0.0,0.0,0.0,0.0,-16.01229635841129,-59.05641724619828,0.0,0.0,0.0,-0.48939569436555963,0.8720618408899977,2.0,0.0,0.0,0.0,0.0,0.0,0.0,0.0,-21.659786451308683,-72.62247949389767,0.0,0.0,0.0,0.11665565544650033,0.9931724211094202,2.0,0.0,0.0,0.0,0.0,0.0,0.0
545,0.0,-4.054795999621124,-58.47434441540899,0.0,0.0,0.0,0.8472355988833065,-0.5312173189805138,2.0,0.0,0.0,0.0,0.0,0.0,0.0,0.0,2.0399818171595836,-74.5300420126833,0.0,0.0,0.0,0.9806116829236654,0.19596103519224595,2.0,0.0,0.0,0.0,0.0,0.0,0.0,0.0,-1.3650340430016659,-60.23535571847316,0.0,0.0,0.0,0.9085145228778313,-0.4178532777423992,2.0,0.0,0.0,0.0,0.0,0.0,0.0,0.0,-16.01229635841129,-59.05641724619828,0.0,0.0,0.0,-0.48939569436555963,0.8720618408899977,2.0,0.0,0.0,0.0,0.0,0.0,0.0,0.0,-21.659786451308683,-72.62247949389767,0.0,0.0,0.0,0.11665565544650033,0.9931724211094202,2.0,0.0,0.0,0.0,0.0,0.0,0.0
546,0.0,-4.144982529758347,-58.431143299120315,0.0,0.0,0.0,0.8451039573979441,-0.5346020026059891,2.0,0.0,0.0,0.0,0.0,0.0,0.0,0.0,2.0399818171595836,-74.5300420126833,0.0,0.0,0.0,0.9806116829236654,0.19596103519224595,2.0,0.0,0.0,0.0,0.0,0.0,0.0,0.0,-1.3650340430016659,-60.23535571847316,0.0,0.0,0.0,0.9085145228778313,-0.4178532777423992,2.0,0.0,0.0,0.0,0.0,0.0,0.0,0.0,-16.01229635841129,-59.05641724619828,0.0,0.0,0.0,-0.48939569436555963,0.8720618408899977,2.0,0.0,0.0,0.0,0.0,0.0,0.0,0.0,-21.659786451308683,-72.62247949389767,0.0,0.0,0.0,0.11665565544650033,0.9931724211094202,2.0,0.0,0.0,0.0,0.0,0.0,0.0
547,0.0,-4.235511779185823,-58.388665049805184,0.0,0.0,0.0,0.8429587942672921,-0.5379781326108274,2.0,0.0,0.0,0.0,0.0,0.0,0.0,0.0,2.0399818171595836,-74.5300420126833,0.0,0.0,0.0,0.9806116829236654,0.19596103519224595,2.0,0.0,0.0,0.0,0.0,0.0,0.0,0.0,-1.3650340430016659,-60.23535571847316,0.0,0.0,0.0,0.9085145228778313,-0.4178532777423992,2.0,0.0,0.0,0.0,0.0,0.0,0.0,0.0,-16.01229635841129,-59.05641724619828,0.0,0.0,0.0,-0.48939569436555963,0.8720618408899977,2.0,0.0,0.0,0.0,0.0,0.0,0.0,0.0,-21.659786451308683,-72.62247949389767,0.0,0.0,0.0,0.11665565544650033,0.9931724211094202,2.0,0.0,0.0,0.0,0.0,0.0,0.0
548,0.0,-4.326377954062491,-58.34691238605707,0.0,0.0,0.0,0.8408001438139151,-0.5413456549770208,2.0,0.0,0.0,0.0,0.0,0.0,0.0,0.0,2.0399818171595836,-74.5300420126833,0.0,0.0,0.0,0.9806116829236654,0.19596103519224595,2.0,0.0,0.0,0.0,0.0,0.0,0.0,0.0,-1.3650340430016659,-60.23535571847316,0.0,0.0,0.0,0.9085145228778313,-0.4178532777423992,2.0,0.0,0.0,0.0,0.0,0.0,0.0,0.0,-16.01229635841129,-59.05641724619828,0.0,0.0,0.0,-0.48939569436555963,0.8720618408899977,2.0,0.0,0.0,0.0,0.0,0.0,0.0,0.0,-21.659786451308683,-72.62247949389767,0.0,0.0,0.0,0.11665565544650033,0.9931724211094202,2.0,0.0,0.0,0.0,0.0,0.0,0.0
549,0.0,-4.417575238984172,-58.30588798003219,0.0,0.0,0.0,0.838628040576174,-0.5447045158242834,2.0,0.0,0.0,0.0,0.0,0.0,0.0,0.0,2.0399818171595836,-74.5300420126833,0.0,0.0,0.0,0.9806116829236654,0.19596103519224595,2.0,0.0,0.0,0.0,0.0,0.0,0.0,0.0,-1.3650340430016659,-60.23535571847316,0.0,0.0,0.0,0.9085145228778313,-0.4178532777423992,2.0,0.0,0.0,0.0,0.0,0.0,0.0,0.0,-16.01229635841129,-59.05641724619828,0.0,0.0,0.0,-0.48939569436555963,0.8720618408899977,2.0,0.0,0.0,0.0,0.0,0.0,0.0,0.0,-21.659786451308683,-72.62247949389767,0.0,0.0,0.0,0.11665565544650033,0.9931724211094202,2.0,0.0,0.0,0.0,0.0,0.0,0.0
550,0.0,-4.5090977973557615,-58.26559445727853,0.0,0.0,0.0,0.8364425193076745,-0.548054661410913,2.0,0.0,0.0,0.0,0.0,0.0,0.0,0.0,2.0399818171595836,-74.5300420126833,0.0,0.0,0.0,0.9806116829236654,0.19596103519224595,2.0,0.0,0.0,0.0,0.0,0.0,0.0,0.0,-1.3650340430016659,-60.23535571847316,0.0,0.0,0.0,0.9085145228778313,-0.4178532777423992,2.0,0.0,0.0,0.0,0.0,0.0,0.0,0.0,-16.01229635841129,-59.05641724619828,0.0,0.0,0.0,-0.48939569436555963,0.8720618408899977,2.0,0.0,0.0,0.0,0.0,0.0,0.0,0.0,-21.659786451308683,-72.62247949389767,0.0,0.0,0.0,0.11665565544650033,0.9931724211094202,2.0,0.0,0.0,0.0,0.0,0.0,0.0
551,0.0,-4.600939771764763,-58.2260343965678,0.0,0.0,0.0,0.8342436149767102,-0.551396038134652,2.0,0.0,0.0,0.0,0.0,0.0,0.0,0.0,2.0399818171595836,-74.5300420126833,0.0,0.0,0.0,0.9806116829236654,0.19596103519224595,2.0,0.0,0.0,0.0,0.0,0.0,0.0,0.0,-1.3650340430016659,-60.23535571847316,0.0,0.0,0.0,0.9085145228778313,-0.4178532777423992,2.0,0.0,0.0,0.0,0.0,0.0,0.0,0.0,-16.01229635841129,-59.05641724619828,0.0,0.0,0.0,-0.48939569436555963,0.8720618408899977,2.0,0.0,0.0,0.0,0.0,0.0,0.0,0.0,-21.659786451308683,-72.62247949389767,0.0,0.0,0.0,0.11665565544650033,0.9931724211094202,2.0,0.0,0.0,0.0,0.0,0.0,0.0
552,0.0,-4.693095284356161,-58.18721032973038,0.0,0.0,0.0,0.8320313627657033,-0.5547285925335438,2.0,0.0,0.0,0.0,0.0,0.0,0.0,0.0,2.0399818171595836,-74.5300420126833,0.0,0.0,0.0,0.9806116829236654,0.19596103519224595,2.0,0.0,0.0,0.0,0.0,0.0,0.0,0.0,-1.3650340430016659,-60.23535571847316,0.0,0.0,0.0,0.9085145228778313,-0.4178532777423992,2.0,0.0,0.0,0.0,0.0,0.0,0.0,0.0,-16.01229635841129,-59.05641724619828,0.0,0.0,0.0,-0.48939569436555963,0.8720618408899977,2.0,0.0,0.0,0.0,0.0,0.0,0.0,0.0,-21.659786451308683,-72.62247949389767,0.0,0.0,0.0,0.11665565544650033,0.9931724211094202,2.0,0.0,0.0,0.0,0.0,0.0,0.0
553,0.0,-4.785558437208608,-58.14912474149328,0.0,0.0,0.0,0.8298057980706424,-0.5580522712867894,2.0,0.0,0.0,0.0,0.0,0.0,0.0,0.0,2.0399818171595836,-74.5300420126833,0.0,0.0,0.0,0.9806116829236654,0.19596103519224595,2.0,0.0,0.0,0.0,0.0,0.0,0.0,0.0,-1.3650340430016659,-60.23535571847316,0.0,0.0,0.0,0.9085145228778313,-0.4178532777423992,2.0,0.0,0.0,0.0,0.0,0.0,0.0,0.0,-16.01229635841129,-59.05641724619828,0.0,0.0,0.0,-0.48939569436555963,0.8720618408899977,2.0,0.0,0.0,0.0,0.0,0.0,0.0,0.0,-21.659786451308683,-72.62247949389767,0.0,0.0,0.0,0.11665565544650033,0.9931724211094202,2.0,0.0,0.0,0.0,0.0,0.0,0.0
554,0.0,-4.878323312711881,-58.11178006932116,0.0,0.0,0.0,0.8275669565005147,-0.5613670212155994,2.0,0.0,0.0,0.0,0.0,0.0,0.0,0.0,2.0399818171595836,-74.5300420126833,0.0,0.0,0.0,0.9806116829236654,0.19596103519224595,2.0,0.0,0.0,0.0,0.0,0.0,0.0,0.0,-1.3650340430016659,-60.23535571847316,0.0,0.0,0.0,0.9085145228778313,-0.4178532777423992,2.0,0.0,0.0,0.0,0.0,0.0,0.0,0.0,-16.01229635841129,-59.05641724619828,0.0,0.0,0.0,-0.48939569436555963,0.8720618408899977,2.0,0.0,0.0,0.0,0.0,0.0,0.0,0.0,-21.659786451308683,-72.62247949389767,0.0,0.0,0.0,0.11665565544650033,0.9931724211094202,2.0,0.0,0.0,0.0,0.0,0.0,0.0
555,0.0,-4.971383973945611,-58.0751787032603,0.0,0.0,0.0,0.8253148738767377,-0.5646727892840459,2.0,0.0,0.0,0.0,0.0,0.0,0.0,0.0,2.0399818171595836,-74.5300420126833,0.0,0.0,0.0,0.9806116829236654,0.19596103519224595,2.0,0.0,0.0,0.0,0.0,0.0,0.0,0.0,-1.3650340430016659,-60.23535571847316,0.0,0.0,0.0,0.9085145228778313,-0.4178532777423992,2.0,0.0,0.0,0.0,0.0,0.0,0.0,0.0,-16.01229635841129,-59.05641724619828,0.0,0.0,0.0,-0.48939569436555963,0.8720618408899977,2.0,0.0,0.0,0.0,0.0,0.0,0.0,0.0,-21.659786451308683,-72.62247949389767,0.0,0.0,0.0,0.11665565544650033,0.9931724211094202,2.0,0.0,0.0,0.0,0.0,0.0,0.0
556,0.0,-5.064734465059244,-58.03932298578562,0.0,0.0,0.0,0.8230495862325855,-0.5679695225999102,2.0,0.0,0.0,0.0,0.0,0.0,0.0,0.0,2.0399818171595836,-74.5300420126833,0.0,0.0,0.0,0.9806116829236654,0.19596103519224595,2.0,0.0,0.0,0.0,0.0,0.0,0.0,0.0,-1.3650340430016659,-60.23535571847316,0.0,0.0,0.0,0.9085145228778313,-0.4178532777423992,2.0,0.0,0.0,0.0,0.0,0.0,0.0,0.0,-16.01229635841129,-59.05641724619828,0.0,0.0,0.0,-0.48939569436555963,0.8720618408899977,2.0,0.0,0.0,0.0,0.0,0.0,0.0,0.0,-21.659786451308683,-72.62247949389767,0.0,0.0,0.0,0.11665565544650033,0.9931724211094202,2.0,0.0,0.0,0.0,0.0,0.0,0.0
557,0.0,-5.158368811653213,-58.00421521165081,0.0,0.0,0.0,0.8207711298126119,-0.5712571684155294,2.0,0.0,0.0,0.0,0.0,0.0,0.0,0.0,2.0399818171595836,-74.5300420126833,0.0,0.0,0.0,0.9806116829236654,0.19596103519224595,2.0,0.0,0.0,0.0,0.0,0.0,0.0,0.0,-1.3650340430016659,-60.23535571847316,0.0,0.0,0.0,0.9085145228778313,-0.4178532777423992,2.0,0.0,0.0,0.0,0.0,0.0,0.0,0.0,-16.01229635841129,-59.05641724619828,0.0,0.0,0.0,-0.48939569436555963,0.8720618408899977,2.0,0.0,0.0,0.0,0.0,0.0,0.0,0.0,-21.659786451308683,-72.62247949389767,0.0,0.0,0.0,0.11665565544650033,0.9931724211094202,2.0,0.0,0.0,0.0,0.0,0.0,0.0
558,0.0,-5.252281021161296,-57.969857627741426,0.0,0.0,0.0,0.8184795410720711,-0.5745356741286409,2.0,0.0,0.0,0.0,0.0,0.0,0.0,0.0,2.0399818171595836,-74.5300420126833,0.0,0.0,0.0,0.9806116829236654,0.19596103519224595,2.0,0.0,0.0,0.0,0.0,0.0,0.0,0.0,-1.3650340430016659,-60.23535571847316,0.0,0.0,0.0,0.9085145228778313,-0.4178532777423992,2.0,0.0,0.0,0.0,0.0,0.0,0.0,0.0,-16.01229635841129,-59.05641724619828,0.0,0.0,0.0,-0.48939569436555963,0.8720618408899977,2.0,0.0,0.0,0.0,0.0,0.0,0.0,0.0,-21.659786451308683,-72.62247949389767,0.0,0.0,0.0,0.11665565544650033,0.9931724211094202,2.0,0.0,0.0,0.0,0.0,0.0,0.0
559,0.0,-5.346465083234139,-57.936252432931106,0.0,0.0,0.0,0.816174856676334,-0.5778049872832232,2.0,0.0,0.0,0.0,0.0,0.0,0.0,0.0,2.0399818171595836,-74.5300420126833,0.0,0.0,0.0,0.9806116829236654,0.19596103519224595,2.0,0.0,0.0,0.0,0.0,0.0,0.0,0.0,-1.3650340430016659,-60.23535571847316,0.0,0.0,0.0,0.9085145228778313,-0.4178532777423992,2.0,0.0,0.0,0.0,0.0,0.0,0.0,0.0,-16.01229635841129,-59.05641724619828,0.0,0.0,0.0,-0.48939569436555963,0.8720618408899977,2.0,0.0,0.0,0.0,0.0,0.0,0.0,0.0,-21.659786451308683,-72.62247949389767,0.0,0.0,0.0,0.11665565544650033,0.9931724211094202,2.0,0.0,0.0,0.0,0.0,0.0,0.0
560,0.0,-5.440914970123918,-57.90340177794086,0.0,0.0,0.0,0.8138571135003019,-0.5810650555703353,2.0,0.0,0.0,0.0,0.0,0.0,0.0,0.0,2.0399818171595836,-74.5300420126833,0.0,0.0,0.0,0.9806116829236654,0.19596103519224595,2.0,0.0,0.0,0.0,0.0,0.0,0.0,0.0,-1.3650340430016659,-60.23535571847316,0.0,0.0,0.0,0.9085145228778313,-0.4178532777423992,2.0,0.0,0.0,0.0,0.0,0.0,0.0,0.0,-16.01229635841129,-59.05641724619828,0.0,0.0,0.0,-0.48939569436555963,0.8720618408899977,2.0,0.0,0.0,0.0,0.0,0.0,0.0,0.0,-21.659786451308683,-72.62247949389767,0.0,0.0,0.0,0.11665565544650033,0.9931724211094202,2.0,0.0,0.0,0.0,0.0,0.0,0.0
561,0.0,-5.5356246370701125,-57.87130776520139,0.0,0.0,0.0,0.8115263486278159,-0.5843158268289543,2.0,0.0,0.0,0.0,0.0,0.0,0.0,0.0,2.0399818171595836,-74.5300420126833,0.0,0.0,0.0,0.9806116829236654,0.19596103519224595,2.0,0.0,0.0,0.0,0.0,0.0,0.0,0.0,-1.3650340430016659,-60.23535571847316,0.0,0.0,0.0,0.9085145228778313,-0.4178532777423992,2.0,0.0,0.0,0.0,0.0,0.0,0.0,0.0,-16.01229635841129,-59.05641724619828,0.0,0.0,0.0,-0.48939569436555963,0.8720618408899977,2.0,0.0,0.0,0.0,0.0,0.0,0.0,0.0,-21.659786451308683,-72.62247949389767,0.0,0.0,0.0,0.11665565544650033,0.9931724211094202,2.0,0.0,0.0,0.0,0.0,0.0,0.0
562,0.0,-5.630588022686363,-57.83997244871855,0.0,0.0,0.0,0.8091825993510645,-0.5875572490468095,2.0,0.0,0.0,0.0,0.0,0.0,0.0,0.0,2.0399818171595836,-74.5300420126833,0.0,0.0,0.0,0.9806116829236654,0.19596103519224595,2.0,0.0,0.0,0.0,0.0,0.0,0.0,0.0,-1.3650340430016659,-60.23535571847316,0.0,0.0,0.0,0.9085145228778313,-0.4178532777423992,2.0,0.0,0.0,0.0,0.0,0.0,0.0,0.0,-16.01229635841129,-59.05641724619828,0.0,0.0,0.0,-0.48939569436555963,0.8720618408899977,2.0,0.0,0.0,0.0,0.0,0.0,0.0,0.0,-21.659786451308683,-72.62247949389767,0.0,0.0,0.0,0.11665565544650033,0.9931724211094202,2.0,0.0,0.0,0.0,0.0,0.0,0.0
563,0.0,-5.725799049348405,-57.8093978339419,0.0,0.0,0.0,0.806825903169986,-0.5907892703612145,2.0,0.0,0.0,0.0,0.0,0.0,0.0,0.0,2.0399818171595836,-74.5300420126833,0.0,0.0,0.0,0.9806116829236654,0.19596103519224595,2.0,0.0,0.0,0.0,0.0,0.0,0.0,0.0,-1.3650340430016659,-60.23535571847316,0.0,0.0,0.0,0.9085145228778313,-0.4178532777423992,2.0,0.0,0.0,0.0,0.0,0.0,0.0,0.0,-16.01229635841129,-59.05641724619828,0.0,0.0,0.0,-0.48939569436555963,0.8720618408899977,2.0,0.0,0.0,0.0,0.0,0.0,0.0,0.0,-21.659786451308683,-72.62247949389767,0.0,0.0,0.0,0.11665565544650033,0.9931724211094202,2.0,0.0,0.0,0.0,0.0,0.0,0.0
564,0.0,-5.821251623583031,-57.77958587763636,0.0,0.0,0.0,0.8044562977916692,-0.5940118390598973,2.0,0.0,0.0,0.0,0.0,0.0,0.0,0.0,2.0399818171595836,-74.5300420126833,0.0,0.0,0.0,0.9806116829236654,0.19596103519224595,2.0,0.0,0.0,0.0,0.0,0.0,0.0,0.0,-1.3650340430016659,-60.23535571847316,0.0,0.0,0.0,0.9085145228778313,-0.4178532777423992,2.0,0.0,0.0,0.0,0.0,0.0,0.0,0.0,-16.01229635841129,-59.05641724619828,0.0,0.0,0.0,-0.48939569436555963,0.8720618408899977,2.0,0.0,0.0,0.0,0.0,0.0,0.0,0.0,-21.659786451308683,-72.62247949389767,0.0,0.0,0.0,0.11665565544650033,0.9931724211094202,2.0,0.0,0.0,0.0,0.0,0.0,0.0
565,0.0,-5.916939636458071,-57.75053848775694,0.0,0.0,0.0,0.8020738211297493,-0.5972249035818273,2.0,0.0,0.0,0.0,0.0,0.0,0.0,0.0,2.0399818171595836,-74.5300420126833,0.0,0.0,0.0,0.9806116829236654,0.19596103519224595,2.0,0.0,0.0,0.0,0.0,0.0,0.0,0.0,-1.3650340430016659,-60.23535571847316,0.0,0.0,0.0,0.9085145228778313,-0.4178532777423992,2.0,0.0,0.0,0.0,0.0,0.0,0.0,0.0,-16.01229635841129,-59.05641724619828,0.0,0.0,0.0,-0.48939569436555963,0.8720618408899977,2.0,0.0,0.0,0.0,0.0,0.0,0.0,0.0,-21.659786451308683,-72.62247949389767,0.0,0.0,0.0,0.11665565544650033,0.9931724211094202,2.0,0.0,0.0,0.0,0.0,0.0,0.0
566,0.0,-6.012856963973363,-57.7222575233267,0.0,0.0,0.0,0.7996785113038023,-0.6004284125180408,2.0,0.0,0.0,0.0,0.0,0.0,0.0,0.0,2.0399818171595836,-74.5300420126833,0.0,0.0,0.0,0.9806116829236654,0.19596103519224595,2.0,0.0,0.0,0.0,0.0,0.0,0.0,0.0,-1.3650340430016659,-60.23535571847316,0.0,0.0,0.0,0.9085145228778313,-0.4178532777423992,2.0,0.0,0.0,0.0,0.0,0.0,0.0,0.0,-16.01229635841129,-59.05641724619828,0.0,0.0,0.0,-0.48939569436555963,0.8720618408899977,2.0,0.0,0.0,0.0,0.0,0.0,0.0,0.0,-21.659786451308683,-72.62247949389767,0.0,0.0,0.0,0.11665565544650033,0.9931724211094202,2.0,0.0,0.0,0.0,0.0,0.0,0.0
567,0.0,-6.108997467452684,-57.694744794317685,0.0,0.0,0.0,0.7972704066387342,-0.6036223146124631,2.0,0.0,0.0,0.0,0.0,0.0,0.0,0.0,2.0399818171595836,-74.5300420126833,0.0,0.0,0.0,0.9806116829236654,0.19596103519224595,2.0,0.0,0.0,0.0,0.0,0.0,0.0,0.0,-1.3650340430016659,-60.23535571847316,0.0,0.0,0.0,0.9085145228778313,-0.4178532777423992,2.0,0.0,0.0,0.0,0.0,0.0,0.0,0.0,-16.01229635841129,-59.05641724619828,0.0,0.0,0.0,-0.48939569436555963,0.8720618408899977,2.0,0.0,0.0,0.0,0.0,0.0,0.0,0.0,-21.659786451308683,-72.62247949389767,0.0,0.0,0.0,0.11665565544650033,0.9931724211094202,2.0,0.0,0.0,0.0,0.0,0.0,0.0
568,0.0,-6.205354993936629,-57.668002061535184,0.0,0.0,0.0,0.7948495456641683,-0.6068065587627289,2.0,0.0,0.0,0.0,0.0,0.0,0.0,0.0,2.0399818171595836,-74.5300420126833,0.0,0.0,0.0,0.9806116829236654,0.19596103519224595,2.0,0.0,0.0,0.0,0.0,0.0,0.0,0.0,-1.3650340430016659,-60.23535571847316,0.0,0.0,0.0,0.9085145228778313,-0.4178532777423992,2.0,0.0,0.0,0.0,0.0,0.0,0.0,0.0,-16.01229635841129,-59.05641724619828,0.0,0.0,0.0,-0.48939569436555963,0.8720618408899977,2.0,0.0,0.0,0.0,0.0,0.0,0.0,0.0,-21.659786451308683,-72.62247949389767,0.0,0.0,0.0,0.11665565544650033,0.9931724211094202,2.0,0.0,0.0,0.0,0.0,0.0,0.0
569,0.0,-6.301923376576392,-57.64203103650496,0.0,0.0,0.0,0.7924159671138286,-0.6099810940209998,2.0,0.0,0.0,0.0,0.0,0.0,0.0,0.0,2.0399818171595836,-74.5300420126833,0.0,0.0,0.0,0.9806116829236654,0.19596103519224595,2.0,0.0,0.0,0.0,0.0,0.0,0.0,0.0,-1.3650340430016659,-60.23535571847316,0.0,0.0,0.0,0.9085145228778313,-0.4178532777423992,2.0,0.0,0.0,0.0,0.0,0.0,0.0,0.0,-16.01229635841129,-59.05641724619828,0.0,0.0,0.0,-0.48939569436555963,0.8720618408899977,2.0,0.0,0.0,0.0,0.0,0.0,0.0,0.0,-21.659786451308683,-72.62247949389767,0.0,0.0,0.0,0.11665565544650033,0.9931724211094202,2.0,0.0,0.0,0.0,0.0,0.0,0.0
570,0.0,-6.398696435028446,-57.61683338136374,0.0,0.0,0.0,0.7899697099249199,-0.6131458695947791,2.0,0.0,0.0,0.0,0.0,0.0,0.0,0.0,2.0399818171595836,-74.5300420126833,0.0,0.0,0.0,0.9806116829236654,0.19596103519224595,2.0,0.0,0.0,0.0,0.0,0.0,0.0,0.0,-1.3650340430016659,-60.23535571847316,0.0,0.0,0.0,0.9085145228778313,-0.4178532777423992,2.0,0.0,0.0,0.0,0.0,0.0,0.0,0.0,-16.01229635841129,-59.05641724619828,0.0,0.0,0.0,-0.48939569436555963,0.8720618408899977,2.0,0.0,0.0,0.0,0.0,0.0,0.0,0.0,-21.659786451308683,-72.62247949389767,0.0,0.0,0.0,0.11665565544650033,0.9931724211094202,2.0,0.0,0.0,0.0,0.0,0.0,0.0
571,0.0,-6.495667975850083,-57.59241070875286,0.0,0.0,0.0,0.7875108132375052,-0.6163008348477255,2.0,0.0,0.0,0.0,0.0,0.0,0.0,0.0,2.0399818171595836,-74.5300420126833,0.0,0.0,0.0,0.9806116829236654,0.19596103519224595,2.0,0.0,0.0,0.0,0.0,0.0,0.0,0.0,-1.3650340430016659,-60.23535571847316,0.0,0.0,0.0,0.9085145228778313,-0.4178532777423992,2.0,0.0,0.0,0.0,0.0,0.0,0.0,0.0,-16.01229635841129,-59.05641724619828,0.0,0.0,0.0,-0.48939569436555963,0.8720618408899977,2.0,0.0,0.0,0.0,0.0,0.0,0.0,0.0,-21.659786451308683,-72.62247949389767,0.0,0.0,0.0,0.11665565544650033,0.9931724211094202,2.0,0.0,0.0,0.0,0.0,0.0,0.0
572,0.0,-6.592831792895788,-57.56876458171503,0.0,0.0,0.0,0.7850393163938787,-0.6194459393004619,2.0,0.0,0.0,0.0,0.0,0.0,0.0,0.0,2.0399818171595836,-74.5300420126833,0.0,0.0,0.0,0.9806116829236654,0.19596103519224595,2.0,0.0,0.0,0.0,0.0,0.0,0.0,0.0,-1.3650340430016659,-60.23535571847316,0.0,0.0,0.0,0.9085145228778313,-0.4178532777423992,2.0,0.0,0.0,0.0,0.0,0.0,0.0,0.0,-16.01229635841129,-59.05641724619828,0.0,0.0,0.0,-0.48939569436555963,0.8720618408899977,2.0,0.0,0.0,0.0,0.0,0.0,0.0,0.0,-21.659786451308683,-72.62247949389767,0.0,0.0,0.0,0.11665565544650033,0.9931724211094202,2.0,0.0,0.0,0.0,0.0,0.0,0.0
573,0.0,-6.690181667714437,-57.545896513594315,0.0,0.0,0.0,0.7825552589379375,-0.6225811326313845,2.0,0.0,0.0,0.0,0.0,0.0,0.0,0.0,2.0399818171595836,-74.5300420126833,0.0,0.0,0.0,0.9806116829236654,0.19596103519224595,2.0,0.0,0.0,0.0,0.0,0.0,0.0,0.0,-1.3650340430016659,-60.23535571847316,0.0,0.0,0.0,0.9085145228778313,-0.4178532777423992,2.0,0.0,0.0,0.0,0.0,0.0,0.0,0.0,-16.01229635841129,-59.05641724619828,0.0,0.0,0.0,-0.48939569436555963,0.8720618408899977,2.0,0.0,0.0,0.0,0.0,0.0,0.0,0.0,-21.659786451308683,-72.62247949389767,0.0,0.0,0.0,0.11665565544650033,0.9931724211094202,2.0,0.0,0.0,0.0,0.0,0.0,0.0
574,0.0,-6.787711369947269,-57.523807967939256,0.0,0.0,0.0,0.7800586806145479,-0.6257063646774665,2.0,0.0,0.0,0.0,0.0,0.0,0.0,0.0,2.0399818171595836,-74.5300420126833,0.0,0.0,0.0,0.9806116829236654,0.19596103519224595,2.0,0.0,0.0,0.0,0.0,0.0,0.0,0.0,-1.3650340430016659,-60.23535571847316,0.0,0.0,0.0,0.9085145228778313,-0.4178532777423992,2.0,0.0,0.0,0.0,0.0,0.0,0.0,0.0,-16.01229635841129,-59.05641724619828,0.0,0.0,0.0,-0.48939569436555963,0.8720618408899977,2.0,0.0,0.0,0.0,0.0,0.0,0.0,0.0,-21.659786451308683,-72.62247949389767,0.0,0.0,0.0,0.11665565544650033,0.9931724211094202,2.0,0.0,0.0,0.0,0.0,0.0,0.0
575,0.0,-6.885414657726633,-57.50250035840925,0.0,0.0,0.0,0.7775496213689096,-0.6288215854350623,2.0,0.0,0.0,0.0,0.0,0.0,0.0,0.0,2.0399818171595836,-74.5300420126833,0.0,0.0,0.0,0.9806116829236654,0.19596103519224595,2.0,0.0,0.0,0.0,0.0,0.0,0.0,0.0,-1.3650340430016659,-60.23535571847316,0.0,0.0,0.0,0.9085145228778313,-0.4178532777423992,2.0,0.0,0.0,0.0,0.0,0.0,0.0,0.0,-16.01229635841129,-59.05641724619828,0.0,0.0,0.0,-0.48939569436555963,0.8720618408899977,2.0,0.0,0.0,0.0,0.0,0.0,0.0,0.0,-21.659786451308683,-72.62247949389767,0.0,0.0,0.0,0.11665565544650033,0.9931724211094202,2.0,0.0,0.0,0.0,0.0,0.0,0.0
576,0.0,-6.983285278075458,-57.48197504868402,0.0,0.0,0.0,0.7750281213459171,-0.6319267450607059,2.0,0.0,0.0,0.0,0.0,0.0,0.0,0.0,2.0399818171595836,-74.5300420126833,0.0,0.0,0.0,0.9806116829236654,0.19596103519224595,2.0,0.0,0.0,0.0,0.0,0.0,0.0,0.0,-1.3650340430016659,-60.23535571847316,0.0,0.0,0.0,0.9085145228778313,-0.4178532777423992,2.0,0.0,0.0,0.0,0.0,0.0,0.0,0.0,-16.01229635841129,-59.05641724619828,0.0,0.0,0.0,-0.48939569436555963,0.8720618408899977,2.0,0.0,0.0,0.0,0.0,0.0,0.0,0.0,-21.659786451308683,-72.62247949389767,0.0,0.0,0.0,0.11665565544650033,0.9931724211094202,2.0,0.0,0.0,0.0,0.0,0.0,0.0
577,0.0,-7.081316967307449,-57.462233352376394,0.0,0.0,0.0,0.772494220889517,-0.6350217938719096,2.0,0.0,0.0,0.0,0.0,0.0,0.0,0.0,2.0399818171595836,-74.5300420126833,0.0,0.0,0.0,0.9806116829236654,0.19596103519224595,2.0,0.0,0.0,0.0,0.0,0.0,0.0,0.0,-1.3650340430016659,-60.23535571847316,0.0,0.0,0.0,0.9085145228778313,-0.4178532777423992,2.0,0.0,0.0,0.0,0.0,0.0,0.0,0.0,-16.01229635841129,-59.05641724619828,0.0,0.0,0.0,-0.48939569436555963,0.8720618408899977,2.0,0.0,0.0,0.0,0.0,0.0,0.0,0.0,-21.659786451308683,-72.62247949389767,0.0,0.0,0.0,0.11665565544650033,0.9931724211094202,2.0,0.0,0.0,0.0,0.0,0.0,0.0
578,0.0,-7.1795034514279585,-57.44327653294819,0.0,0.0,0.0,0.7699479605420626,-0.6381066823479585,2.0,0.0,0.0,0.0,0.0,0.0,0.0,0.0,2.0399818171595836,-74.5300420126833,0.0,0.0,0.0,0.9806116829236654,0.19596103519224595,2.0,0.0,0.0,0.0,0.0,0.0,0.0,0.0,-1.3650340430016659,-60.23535571847316,0.0,0.0,0.0,0.9085145228778313,-0.4178532777423992,2.0,0.0,0.0,0.0,0.0,0.0,0.0,0.0,-16.01229635841129,-59.05641724619828,0.0,0.0,0.0,-0.48939569436555963,0.8720618408899977,2.0,0.0,0.0,0.0,0.0,0.0,0.0,0.0,-21.659786451308683,-72.62247949389767,0.0,0.0,0.0,0.11665565544650033,0.9931724211094202,2.0,0.0,0.0,0.0,0.0,0.0,0.0
579,0.0,-7.277838446535515,-57.42510580362938,0.0,0.0,0.0,0.767389381043665,-0.6411813611307028,2.0,0.0,0.0,0.0,0.0,0.0,0.0,0.0,2.0399818171595836,-74.5300420126833,0.0,0.0,0.0,0.9806116829236654,0.19596103519224595,2.0,0.0,0.0,0.0,0.0,0.0,0.0,0.0,-1.3650340430016659,-60.23535571847316,0.0,0.0,0.0,0.9085145228778313,-0.4178532777423992,2.0,0.0,0.0,0.0,0.0,0.0,0.0,0.0,-16.01229635841129,-59.05641724619828,0.0,0.0,0.0,-0.48939569436555963,0.8720618408899977,2.0,0.0,0.0,0.0,0.0,0.0,0.0,0.0,-21.659786451308683,-72.62247949389767,0.0,0.0,0.0,0.11665565544650033,0.9931724211094202,2.0,0.0,0.0,0.0,0.0,0.0,0.0
580,0.0,-7.376315659223998,-57.40772232734045,0.0,0.0,0.0,0.7648185233315418,-0.6442457810253475,2.0,0.0,0.0,0.0,0.0,0.0,0.0,0.0,2.0399818171595836,-74.5300420126833,0.0,0.0,0.0,0.9806116829236654,0.19596103519224595,2.0,0.0,0.0,0.0,0.0,0.0,0.0,0.0,-1.3650340430016659,-60.23535571847316,0.0,0.0,0.0,0.9085145228778313,-0.4178532777423992,2.0,0.0,0.0,0.0,0.0,0.0,0.0,0.0,-16.01229635841129,-59.05641724619828,0.0,0.0,0.0,-0.48939569436555963,0.8720618408899977,2.0,0.0,0.0,0.0,0.0,0.0,0.0,0.0,-21.659786451308683,-72.62247949389767,0.0,0.0,0.0,0.11665565544650033,0.9931724211094202,2.0,0.0,0.0,0.0,0.0,0.0,0.0
581,0.0,-7.474928786985407,-57.39112721661793,0.0,0.0,0.0,0.7622354285393612,-0.6472998930012397,2.0,0.0,0.0,0.0,0.0,0.0,0.0,0.0,2.0399818171595836,-74.5300420126833,0.0,0.0,0.0,0.9806116829236654,0.19596103519224595,2.0,0.0,0.0,0.0,0.0,0.0,0.0,0.0,-1.3650340430016659,-60.23535571847316,0.0,0.0,0.0,0.9085145228778313,-0.4178532777423992,2.0,0.0,0.0,0.0,0.0,0.0,0.0,0.0,-16.01229635841129,-59.05641724619828,0.0,0.0,0.0,-0.48939569436555963,0.8720618408899977,2.0,0.0,0.0,0.0,0.0,0.0,0.0,0.0,-21.659786451308683,-72.62247949389767,0.0,0.0,0.0,0.11665565544650033,0.9931724211094202,2.0,0.0,0.0,0.0,0.0,0.0,0.0
582,0.0,-7.573671518613225,-57.375321533543264,0.0,0.0,0.0,0.7596401379965851,-0.6503436481926529,2.0,0.0,0.0,0.0,0.0,0.0,0.0,0.0,2.0399818171595836,-74.5300420126833,0.0,0.0,0.0,0.9806116829236654,0.19596103519224595,2.0,0.0,0.0,0.0,0.0,0.0,0.0,0.0,-1.3650340430016659,-60.23535571847316,0.0,0.0,0.0,0.9085145228778313,-0.4178532777423992,2.0,0.0,0.0,0.0,0.0,0.0,0.0,0.0,-16.01229635841129,-59.05641724619828,0.0,0.0,0.0,-0.48939569436555963,0.8720618408899977,2.0,0.0,0.0,0.0,0.0,0.0,0.0,0.0,-21.659786451308683,-72.62247949389767,0.0,0.0,0.0,0.11665565544650033,0.9931724211094202,2.0,0.0,0.0,0.0,0.0,0.0,0.0
583,0.0,-7.6725375346063345,-57.36030628967475,0.0,0.0,0.0,0.7570326932278068,-0.653376997899569,2.0,0.0,0.0,0.0,0.0,0.0,0.0,0.0,2.0399818171595836,-74.5300420126833,0.0,0.0,0.0,0.9806116829236654,0.19596103519224595,2.0,0.0,0.0,0.0,0.0,0.0,0.0,0.0,-1.3650340430016659,-60.23535571847316,0.0,0.0,0.0,0.9085145228778313,-0.4178532777423992,2.0,0.0,0.0,0.0,0.0,0.0,0.0,0.0,-16.01229635841129,-59.05641724619828,0.0,0.0,0.0,-0.48939569436555963,0.8720618408899977,2.0,0.0,0.0,0.0,0.0,0.0,0.0,0.0,-21.659786451308683,-72.62247949389767,0.0,0.0,0.0,0.11665565544650033,0.9931724211094202,2.0,0.0,0.0,0.0,0.0,0.0,0.0
584,0.0,-7.771520507573456,-57.346082445982894,0.0,0.0,0.0,0.7544131359520867,-0.6563998935884575,2.0,0.0,0.0,0.0,0.0,0.0,0.0,0.0,2.0399818171595836,-74.5300420126833,0.0,0.0,0.0,0.9806116829236654,0.19596103519224595,2.0,0.0,0.0,0.0,0.0,0.0,0.0,0.0,-1.3650340430016659,-60.23535571847316,0.0,0.0,0.0,0.9085145228778313,-0.4178532777423992,2.0,0.0,0.0,0.0,0.0,0.0,0.0,0.0,-16.01229635841129,-59.05641724619828,0.0,0.0,0.0,-0.48939569436555963,0.8720618408899977,2.0,0.0,0.0,0.0,0.0,0.0,0.0,0.0,-21.659786451308683,-72.62247949389767,0.0,0.0,0.0,0.11665565544650033,0.9931724211094202,2.0,0.0,0.0,0.0,0.0,0.0,0.0
585,0.0,-7.870614102638108,-57.33265091278882,0.0,0.0,0.0,0.7517815080822856,-0.6594122868930518,2.0,0.0,0.0,0.0,0.0,0.0,0.0,0.0,2.0399818171595836,-74.5300420126833,0.0,0.0,0.0,0.9806116829236654,0.19596103519224595,2.0,0.0,0.0,0.0,0.0,0.0,0.0,0.0,-1.3650340430016659,-60.23535571847316,0.0,0.0,0.0,0.9085145228778313,-0.4178532777423992,2.0,0.0,0.0,0.0,0.0,0.0,0.0,0.0,-16.01229635841129,-59.05641724619828,0.0,0.0,0.0,-0.48939569436555963,0.8720618408899977,2.0,0.0,0.0,0.0,0.0,0.0,0.0,0.0,-21.659786451308683,-72.62247949389767,0.0,0.0,0.0,0.11665565544650033,0.9931724211094202,2.0,0.0,0.0,0.0,0.0,0.0,0.0
586,0.0,-7.969811977844026,-57.32001254970607,0.0,0.0,0.0,0.7491378517243932,-0.6624141296151231,2.0,0.0,0.0,0.0,0.0,0.0,0.0,0.0,2.0399818171595836,-74.5300420126833,0.0,0.0,0.0,0.9806116829236654,0.19596103519224595,2.0,0.0,0.0,0.0,0.0,0.0,0.0,0.0,-1.3650340430016659,-60.23535571847316,0.0,0.0,0.0,0.9085145228778313,-0.4178532777423992,2.0,0.0,0.0,0.0,0.0,0.0,0.0,0.0,-16.01229635841129,-59.05641724619828,0.0,0.0,0.0,-0.48939569436555963,0.8720618408899977,2.0,0.0,0.0,0.0,0.0,0.0,0.0,0.0,-21.659786451308683,-72.62247949389767,0.0,0.0,0.0,0.11665565544650033,0.9931724211094202,2.0,0.0,0.0,0.0,0.0,0.0,0.0
587,0.0,-8.06910778456106,-57.30816816558558,0.0,0.0,0.0,0.7464822091768547,-0.6654053737252521,2.0,0.0,0.0,0.0,0.0,0.0,0.0,0.0,2.0399818171595836,-74.5300420126833,0.0,0.0,0.0,0.9806116829236654,0.19596103519224595,2.0,0.0,0.0,0.0,0.0,0.0,0.0,0.0,-1.3650340430016659,-60.23535571847316,0.0,0.0,0.0,0.9085145228778313,-0.4178532777423992,2.0,0.0,0.0,0.0,0.0,0.0,0.0,0.0,-16.01229635841129,-59.05641724619828,0.0,0.0,0.0,-0.48939569436555963,0.8720618408899977,2.0,0.0,0.0,0.0,0.0,0.0,0.0,0.0,-21.659786451308683,-72.62247949389767,0.0,0.0,0.0,0.11665565544650033,0.9931724211094202,2.0,0.0,0.0,0.0,0.0,0.0,0.0
588,0.0,-8.168495167891473,-57.297118518463876,0.0,0.0,0.0,0.7438146229298944,-0.6683859713635969,2.0,0.0,0.0,0.0,0.0,0.0,0.0,0.0,2.0399818171595836,-74.5300420126833,0.0,0.0,0.0,0.9806116829236654,0.19596103519224595,2.0,0.0,0.0,0.0,0.0,0.0,0.0,0.0,-1.3650340430016659,-60.23535571847316,0.0,0.0,0.0,0.9085145228778313,-0.4178532777423992,2.0,0.0,0.0,0.0,0.0,0.0,0.0,0.0,-16.01229635841129,-59.05641724619828,0.0,0.0,0.0,-0.48939569436555963,0.8720618408899977,2.0,0.0,0.0,0.0,0.0,0.0,0.0,0.0,-21.659786451308683,-72.62247949389767,0.0,0.0,0.0,0.11665565544650033,0.9931724211094202,2.0,0.0,0.0,0.0,0.0,0.0,0.0
589,0.0,-8.267967767076653,-57.286864315514606,0.0,0.0,0.0,0.7411351356648352,-0.6713558748406587,2.0,0.0,0.0,0.0,0.0,0.0,0.0,0.0,2.0399818171595836,-74.5300420126833,0.0,0.0,0.0,0.9806116829236654,0.19596103519224595,2.0,0.0,0.0,0.0,0.0,0.0,0.0,0.0,-1.3650340430016659,-60.23535571847316,0.0,0.0,0.0,0.9085145228778313,-0.4178532777423992,2.0,0.0,0.0,0.0,0.0,0.0,0.0,0.0,-16.01229635841129,-59.05641724619828,0.0,0.0,0.0,-0.48939569436555963,0.8720618408899977,2.0,0.0,0.0,0.0,0.0,0.0,0.0,0.0,-21.659786451308683,-72.62247949389767,0.0,0.0,0.0,0.11665565544650033,0.9931724211094202,2.0,0.0,0.0,0.0,0.0,0.0,0.0
590,0.0,-8.36751921590421,-57.27740621300326,0.0,0.0,0.0,0.7384437902534163,-0.6743150366380454,2.0,0.0,0.0,0.0,0.0,0.0,0.0,0.0,2.0399818171595836,-74.5300420126833,0.0,0.0,0.0,0.9806116829236654,0.19596103519224595,2.0,0.0,0.0,0.0,0.0,0.0,0.0,0.0,-1.3650340430016659,-60.23535571847316,0.0,0.0,0.0,0.9085145228778313,-0.4178532777423992,2.0,0.0,0.0,0.0,0.0,0.0,0.0,0.0,-16.01229635841129,-59.05641724619828,0.0,0.0,0.0,-0.48939569436555963,0.8720618408899977,2.0,0.0,0.0,0.0,0.0,0.0,0.0,0.0,-21.659786451308683,-72.62247949389767,0.0,0.0,0.0,0.11665565544650033,0.9931724211094202,2.0,0.0,0.0,0.0,0.0,0.0,0.0
591,0.0,-8.467143143115393,-57.268744816245174,0.0,0.0,0.0,0.7357406297571069,-0.6772634094092311,2.0,0.0,0.0,0.0,0.0,0.0,0.0,0.0,2.0399818171595836,-74.5300420126833,0.0,0.0,0.0,0.9806116829236654,0.19596103519224595,2.0,0.0,0.0,0.0,0.0,0.0,0.0,0.0,-1.3650340430016659,-60.23535571847316,0.0,0.0,0.0,0.9085145228778313,-0.4178532777423992,2.0,0.0,0.0,0.0,0.0,0.0,0.0,0.0,-16.01229635841129,-59.05641724619828,0.0,0.0,0.0,-0.48939569436555963,0.8720618408899977,2.0,0.0,0.0,0.0,0.0,0.0,0.0,0.0,-21.659786451308683,-72.62247949389767,0.0,0.0,0.0,0.11665565544650033,0.9931724211094202,2.0,0.0,0.0,0.0,0.0,0.0,0.0
592,0.0,-8.566833172812872,-57.26088067956678,0.0,0.0,0.0,0.733025697426417,-0.6802009459803147,2.0,0.0,0.0,0.0,0.0,0.0,0.0,0.0,2.0399818171595836,-74.5300420126833,0.0,0.0,0.0,0.9806116829236654,0.19596103519224595,2.0,0.0,0.0,0.0,0.0,0.0,0.0,0.0,-1.3650340430016659,-60.23535571847316,0.0,0.0,0.0,0.9085145228778313,-0.4178532777423992,2.0,0.0,0.0,0.0,0.0,0.0,0.0,0.0,-16.01229635841129,-59.05641724619828,0.0,0.0,0.0,-0.48939569436555963,0.8720618408899977,2.0,0.0,0.0,0.0,0.0,0.0,0.0,0.0,-21.659786451308683,-72.62247949389767,0.0,0.0,0.0,0.11665565544650033,0.9931724211094202,2.0,0.0,0.0,0.0,0.0,0.0,0.0
593,0.0,-8.666582924868768,-57.253814306270144,0.0,0.0,0.0,0.7302990367002062,-0.6831275993507734,2.0,0.0,0.0,0.0,0.0,0.0,0.0,0.0,2.0399818171595836,-74.5300420126833,0.0,0.0,0.0,0.9806116829236654,0.19596103519224595,2.0,0.0,0.0,0.0,0.0,0.0,0.0,0.0,-1.3650340430016659,-60.23535571847316,0.0,0.0,0.0,0.9085145228778313,-0.4178532777423992,2.0,0.0,0.0,0.0,0.0,0.0,0.0,0.0,-16.01229635841129,-59.05641724619828,0.0,0.0,0.0,-0.48939569436555963,0.8720618408899977,2.0,0.0,0.0,0.0,0.0,0.0,0.0,0.0,-21.659786451308683,-72.62247949389767,0.0,0.0,0.0,0.11665565544650033,0.9931724211094202,2.0,0.0,0.0,0.0,0.0,0.0,0.0
594,0.0,-8.766386015333003,-57.24754614860074,0.0,0.0,0.0,0.727560691204988,-0.686043322694216,2.0,0.0,0.0,0.0,0.0,0.0,0.0,0.0,2.0399818171595836,-74.5300420126833,0.0,0.0,0.0,0.9806116829236654,0.19596103519224595,2.0,0.0,0.0,0.0,0.0,0.0,0.0,0.0,-1.3650340430016659,-60.23535571847316,0.0,0.0,0.0,0.9085145228778313,-0.4178532777423992,2.0,0.0,0.0,0.0,0.0,0.0,0.0,0.0,-16.01229635841129,-59.05641724619828,0.0,0.0,0.0,-0.48939569436555963,0.8720618408899977,2.0,0.0,0.0,0.0,0.0,0.0,0.0,0.0,-21.659786451308683,-72.62247949389767,0.0,0.0,0.0,0.11665565544650033,0.9931724211094202,2.0,0.0,0.0,0.0,0.0,0.0,0.0
595,0.0,-8.86623605684185,-57.24207660771852,0.0,0.0,0.0,0.7248107047542317,-0.688948069359131,2.0,0.0,0.0,0.0,0.0,0.0,0.0,0.0,2.0399818171595836,-74.5300420126833,0.0,0.0,0.0,0.9806116829236654,0.19596103519224595,2.0,0.0,0.0,0.0,0.0,0.0,0.0,0.0,-1.3650340430016659,-60.23535571847316,0.0,0.0,0.0,0.9085145228778313,-0.4178532777423992,2.0,0.0,0.0,0.0,0.0,0.0,0.0,0.0,-16.01229635841129,-59.05641724619828,0.0,0.0,0.0,-0.48939569436555963,0.8720618408899977,2.0,0.0,0.0,0.0,0.0,0.0,0.0,0.0,-21.659786451308683,-72.62247949389767,0.0,0.0,0.0,0.11665565544650033,0.9931724211094202,2.0,0.0,0.0,0.0,0.0,0.0,0.0
596,0.0,-8.966126659026733,-57.237406033672244,0.0,0.0,0.0,0.722049121347662,-0.6918417928696339,2.0,0.0,0.0,0.0,0.0,0.0,0.0,0.0,2.0399818171595836,-74.5300420126833,0.0,0.0,0.0,0.9806116829236654,0.19596103519224595,2.0,0.0,0.0,0.0,0.0,0.0,0.0,0.0,-1.3650340430016659,-60.23535571847316,0.0,0.0,0.0,0.9085145228778313,-0.4178532777423992,2.0,0.0,0.0,0.0,0.0,0.0,0.0,0.0,-16.01229635841129,-59.05641724619828,0.0,0.0,0.0,-0.48939569436555963,0.8720618408899977,2.0,0.0,0.0,0.0,0.0,0.0,0.0,0.0,-21.659786451308683,-72.62247949389767,0.0,0.0,0.0,0.11665565544650033,0.9931724211094202,2.0,0.0,0.0,0.0,0.0,0.0,0.0
597,0.0,-9.06605142892321,-57.23353472537704,0.0,0.0,0.0,0.7192759851705544,-0.69472444692621,2.0,0.0,0.0,0.0,0.0,0.0,0.0,0.0,2.0399818171595836,-74.5300420126833,0.0,0.0,0.0,0.9806116829236654,0.19596103519224595,2.0,0.0,0.0,0.0,0.0,0.0,0.0,0.0,-1.3650340430016659,-60.23535571847316,0.0,0.0,0.0,0.9085145228778313,-0.4178532777423992,2.0,0.0,0.0,0.0,0.0,0.0,0.0,0.0,-16.01229635841129,-59.05641724619828,0.0,0.0,0.0,-0.48939569436555963,0.8720618408899977,2.0,0.0,0.0,0.0,0.0,0.0,0.0,0.0,-21.659786451308683,-72.62247949389767,0.0,0.0,0.0,0.11665565544650033,0.9931724211094202,2.0,0.0,0.0,0.0,0.0,0.0,0.0
598,0.0,-9.166003971380116,-57.23046293059534,0.0,0.0,0.0,0.7164913405930287,-0.6975959854064562,2.0,0.0,0.0,0.0,0.0,0.0,0.0,0.0,2.0399818171595836,-74.5300420126833,0.0,0.0,0.0,0.9806116829236654,0.19596103519224595,2.0,0.0,0.0,0.0,0.0,0.0,0.0,0.0,-1.3650340430016659,-60.23535571847316,0.0,0.0,0.0,0.9085145228778313,-0.4178532777423992,2.0,0.0,0.0,0.0,0.0,0.0,0.0,0.0,-16.01229635841129,-59.05641724619828,0.0,0.0,0.0,-0.48939569436555963,0.8720618408899977,2.0,0.0,0.0,0.0,0.0,0.0,0.0,0.0,-21.659786451308683,-72.62247949389767,0.0,0.0,0.0,0.11665565544650033,0.9931724211094202,2.0,0.0,0.0,0.0,0.0,0.0,0.0
599,0.0,-9.265977889468848,-57.228190845920935,0.0,0.0,0.0,0.7136952321693385,-0.7004563623658179,2.0,0.0,0.0,0.0,0.0,0.0,0.0,0.0,2.0399818171595836,-74.5300420126833,0.0,0.0,0.0,0.9806116829236654,0.19596103519224595,2.0,0.0,0.0,0.0,0.0,0.0,0.0,0.0,-1.3650340430016659,-60.23535571847316,0.0,0.0,0.0,0.9085145228778313,-0.4178532777423992,2.0,0.0,0.0,0.0,0.0,0.0,0.0,0.0,-16.01229635841129,-59.05641724619828,0.0,0.0,0.0,-0.48939569436555963,0.8720618408899977,2.0,0.0,0.0,0.0,0.0,0.0,0.0,0.0,-21.659786451308683,-72.62247949389767,0.0,0.0,0.0,0.11665565544650033,0.9931724211094202,2.0,0.0,0.0,0.0,0.0,0.0,0.0
600,0.0,-9.365966784892777,-57.22671861676648,0.0,0.0,0.0,0.7108877046371592,-0.7033055320383248,2.0,0.0,0.0,0.0,0.0,0.0,0.0,0.0,2.0399818171595836,-74.5300420126833,0.0,0.0,0.0,0.9806116829236654,0.19596103519224595,2.0,0.0,0.0,0.0,0.0,0.0,0.0,0.0,-1.3650340430016659,-60.23535571847316,0.0,0.0,0.0,0.9085145228778313,-0.4178532777423992,2.0,0.0,0.0,0.0,0.0,0.0,0.0,0.0,-16.01229635841129,-59.05641724619828,0.0,0.0,0.0,-0.48939569436555963,0.8720618408899977,2.0,0.0,0.0,0.0,0.0,0.0,0.0,0.0,-21.659786451308683,-72.62247949389767,0.0,0.0,0.0,0.11665565544650033,0.9931724211094202,2.0,0.0,0.0,0.0,0.0,0.0,0.0
601,0.0,-9.465964258396722,-57.22604633735415,0.0,0.0,0.0,0.7080688029168712,-0.7061434488373229,2.0,0.0,0.0,0.0,0.0,0.0,0.0,0.0,2.0399818171595836,-74.5300420126833,0.0,0.0,0.0,0.9806116829236654,0.19596103519224595,2.0,0.0,0.0,0.0,0.0,0.0,0.0,0.0,-1.3650340430016659,-60.23535571847316,0.0,0.0,0.0,0.9085145228778313,-0.4178532777423992,2.0,0.0,0.0,0.0,0.0,0.0,0.0,0.0,-16.01229635841129,-59.05641724619828,0.0,0.0,0.0,-0.48939569436555963,0.8720618408899977,2.0,0.0,0.0,0.0,0.0,0.0,0.0,0.0,-21.659786451308683,-72.62247949389767,0.0,0.0,0.0,0.11665565544650033,0.9931724211094202,2.0,0.0,0.0,0.0,0.0,0.0,0.0
602,0.0,-9.565963910176512,-57.226174050709574,0.0,0.0,0.0,-0.7052385721108422,0.708970067356204,2.0,0.0,0.0,0.0,0.0,0.0,0.0,0.0,2.0399818171595836,-74.5300420126833,0.0,0.0,0.0,0.9806116829236654,0.19596103519224595,2.0,0.0,0.0,0.0,0.0,0.0,0.0,0.0,-1.3650340430016659,-60.23535571847316,0.0,0.0,0.0,0.9085145228778313,-0.4178532777423992,2.0,0.0,0.0,0.0,0.0,0.0,0.0,0.0,-16.01229635841129,-59.05641724619828,0.0,0.0,0.0,-0.48939569436555963,0.8720618408899977,2.0,0.0,0.0,0.0,0.0,0.0,0.0,0.0,-21.659786451308683,-72.62247949389767,0.0,0.0,0.0,0.11665565544650033,0.9931724211094202,2.0,0.0,0.0,0.0,0.0,0.0,0.0
603,0.0,-9.665959340288566,-57.227101748659166,0.0,0.0,0.0,-0.7023970575027043,0.7117853423691322,2.0,0.0,0.0,0.0,0.0,0.0,0.0,0.0,2.0399818171595836,-74.5300420126833,0.0,0.0,0.0,0.9806116829236654,0.19596103519224595,2.0,0.0,0.0,0.0,0.0,0.0,0.0,0.0,-1.3650340430016659,-60.23535571847316,0.0,0.0,0.0,0.9085145228778313,-0.4178532777423992,2.0,0.0,0.0,0.0,0.0,0.0,0.0,0.0,-16.01229635841129,-59.05641724619828,0.0,0.0,0.0,-0.48939569436555963,0.8720618408899977,2.0,0.0,0.0,0.0,0.0,0.0,0.0,0.0,-21.659786451308683,-72.62247949389767,0.0,0.0,0.0,0.11665565544650033,0.9931724211094202,2.0,0.0,0.0,0.0,0.0,0.0,0.0
604,0.0,-9.765944149059491,-57.22882937183056,0.0,0.0,0.0,-0.699544304556631,0.7145892288317671,2.0,0.0,0.0,0.0,0.0,0.0,0.0,0.0,2.0399818171595836,-74.5300420126833,0.0,0.0,0.0,0.9806116829236654,0.19596103519224595,2.0,0.0,0.0,0.0,0.0,0.0,0.0,0.0,-1.3650340430016659,-60.23535571847316,0.0,0.0,0.0,0.9085145228778313,-0.4178532777423992,2.0,0.0,0.0,0.0,0.0,0.0,0.0,0.0,-16.01229635841129,-59.05641724619828,0.0,0.0,0.0,-0.48939569436555963,0.8720618408899977,2.0,0.0,0.0,0.0,0.0,0.0,0.0,0.0,-21.659786451308683,-72.62247949389767,0.0,0.0,0.0,0.11665565544650033,0.9931724211094202,2.0,0.0,0.0,0.0,0.0,0.0,0.0
605,0.0,-9.86591193749565,-57.23135680965646,0.0,0.0,0.0,-0.6966803589166083,0.7173816818819853,2.0,0.0,0.0,0.0,0.0,0.0,0.0,0.0,2.0399818171595836,-74.5300420126833,0.0,0.0,0.0,0.9806116829236654,0.19596103519224595,2.0,0.0,0.0,0.0,0.0,0.0,0.0,0.0,-1.3650340430016659,-60.23535571847316,0.0,0.0,0.0,0.9085145228778313,-0.4178532777423992,2.0,0.0,0.0,0.0,0.0,0.0,0.0,0.0,-16.01229635841129,-59.05641724619828,0.0,0.0,0.0,-0.48939569436555963,0.8720618408899977,2.0,0.0,0.0,0.0,0.0,0.0,0.0,0.0,-21.659786451308683,-72.62247949389767,0.0,0.0,0.0,0.11665565544650033,0.9931724211094202,2.0,0.0,0.0,0.0,0.0,0.0,0.0
606,0.0,-9.965856307692706,-57.23468390038172,0.0,0.0,0.0,-0.6938052664057054,0.7201626568405975,2.0,0.0,0.0,0.0,0.0,0.0,0.0,0.0,2.0399818171595836,-74.5300420126833,0.0,0.0,0.0,0.9806116829236654,0.19596103519224595,2.0,0.0,0.0,0.0,0.0,0.0,0.0,0.0,-1.3650340430016659,-60.23535571847316,0.0,0.0,0.0,0.9085145228778313,-0.4178532777423992,2.0,0.0,0.0,0.0,0.0,0.0,0.0,0.0,-16.01229635841129,-59.05641724619828,0.0,0.0,0.0,-0.48939569436555963,0.8720618408899977,2.0,0.0,0.0,0.0,0.0,0.0,0.0,0.0,-21.659786451308683,-72.62247949389767,0.0,0.0,0.0,0.11665565544650033,0.9931724211094202,2.0,0.0,0.0,0.0,0.0,0.0,0.0
607,0.0,-10.065770863245083,-57.23881043107365,0.0,0.0,0.0,-0.6909190730253412,0.7229321092120637,2.0,0.0,0.0,0.0,0.0,0.0,0.0,0.0,2.0399818171595836,-74.5300420126833,0.0,0.0,0.0,0.9806116829236654,0.19596103519224595,2.0,0.0,0.0,0.0,0.0,0.0,0.0,0.0,-1.3650340430016659,-60.23535571847316,0.0,0.0,0.0,0.9085145228778313,-0.4178532777423992,2.0,0.0,0.0,0.0,0.0,0.0,0.0,0.0,-16.01229635841129,-59.05641724619828,0.0,0.0,0.0,-0.48939569436555963,0.8720618408899977,2.0,0.0,0.0,0.0,0.0,0.0,0.0,0.0,-21.659786451308683,-72.62247949389767,0.0,0.0,0.0,0.11665565544650033,0.9931724211094202,2.0,0.0,0.0,0.0,0.0,0.0,0.0
608,0.0,-10.165649209655328,-57.24373613763572,0.0,0.0,0.0,-0.6880218249545482,0.7256899946852051,2.0,0.0,0.0,0.0,0.0,0.0,0.0,0.0,2.0399818171595836,-74.5300420126833,0.0,0.0,0.0,0.9806116829236654,0.19596103519224595,2.0,0.0,0.0,0.0,0.0,0.0,0.0,0.0,-1.3650340430016659,-60.23535571847316,0.0,0.0,0.0,0.9085145228778313,-0.4178532777423992,2.0,0.0,0.0,0.0,0.0,0.0,0.0,0.0,-16.01229635841129,-59.05641724619828,0.0,0.0,0.0,-0.48939569436555963,0.8720618408899977,2.0,0.0,0.0,0.0,0.0,0.0,0.0,0.0,-21.659786451308683,-72.62247949389767,0.0,0.0,0.0,0.11665565544650033,0.9931724211094202,2.0,0.0,0.0,0.0,0.0,0.0,0.0
609,0.0,-10.265484954743362,-57.24946070482437,0.0,0.0,0.0,-0.6851135685492337,0.7284362691339129,2.0,0.0,0.0,0.0,0.0,0.0,0.0,0.0,2.0399818171595836,-74.5300420126833,0.0,0.0,0.0,0.9806116829236654,0.19596103519224595,2.0,0.0,0.0,0.0,0.0,0.0,0.0,0.0,-1.3650340430016659,-60.23535571847316,0.0,0.0,0.0,0.9085145228778313,-0.4178532777423992,2.0,0.0,0.0,0.0,0.0,0.0,0.0,0.0,-16.01229635841129,-59.05641724619828,0.0,0.0,0.0,-0.48939569436555963,0.8720618408899977,2.0,0.0,0.0,0.0,0.0,0.0,0.0,0.0,-21.659786451308683,-72.62247949389767,0.0,0.0,0.0,0.11665565544650033,0.9931724211094202,2.0,0.0,0.0,0.0,0.0,0.0,0.0
610,0.0,-10.365271709055579,-57.25598376626927,0.0,0.0,0.0,-0.6821943503414382,0.7311708886178546,2.0,0.0,0.0,0.0,0.0,0.0,0.0,0.0,2.0399818171595836,-74.5300420126833,0.0,0.0,0.0,0.9806116829236654,0.19596103519224595,2.0,0.0,0.0,0.0,0.0,0.0,0.0,0.0,-1.3650340430016659,-60.23535571847316,0.0,0.0,0.0,0.9085145228778313,-0.4178532777423992,2.0,0.0,0.0,0.0,0.0,0.0,0.0,0.0,-16.01229635841129,-59.05641724619828,0.0,0.0,0.0,-0.48939569436555963,0.8720618408899977,2.0,0.0,0.0,0.0,0.0,0.0,0.0,0.0,-21.659786451308683,-72.62247949389767,0.0,0.0,0.0,0.11665565544650033,0.9931724211094202,2.0,0.0,0.0,0.0,0.0,0.0,0.0
611,0.0,-10.46500308627376,-57.26330490449669,0.0,0.0,0.0,-0.6792642170385906,0.7338938093831766,2.0,0.0,0.0,0.0,0.0,0.0,0.0,0.0,2.0399818171595836,-74.5300420126833,0.0,0.0,0.0,0.9806116829236654,0.19596103519224595,2.0,0.0,0.0,0.0,0.0,0.0,0.0,0.0,-1.3650340430016659,-60.23535571847316,0.0,0.0,0.0,0.9085145228778313,-0.4178532777423992,2.0,0.0,0.0,0.0,0.0,0.0,0.0,0.0,-16.01229635841129,-59.05641724619828,0.0,0.0,0.0,-0.48939569436555963,0.8720618408899977,2.0,0.0,0.0,0.0,0.0,0.0,0.0,0.0,-21.659786451308683,-72.62247949389767,0.0,0.0,0.0,0.11665565544650033,0.9931724211094202,2.0,0.0,0.0,0.0,0.0,0.0,0.0
612,0.0,-10.564672703623808,-57.271423650956315,0.0,0.0,0.0,-0.6763232155227615,0.7366049878632049,2.0,0.0,0.0,0.0,0.0,0.0,0.0,0.0,2.0399818171595836,-74.5300420126833,0.0,0.0,0.0,0.9806116829236654,0.19596103519224595,2.0,0.0,0.0,0.0,0.0,0.0,0.0,0.0,-1.3650340430016659,-60.23535571847316,0.0,0.0,0.0,0.9085145228778313,-0.4178532777423992,2.0,0.0,0.0,0.0,0.0,0.0,0.0,0.0,-16.01229635841129,-59.05641724619828,0.0,0.0,0.0,-0.48939569436555963,0.8720618408899977,2.0,0.0,0.0,0.0,0.0,0.0,0.0,0.0,-21.659786451308683,-72.62247949389767,0.0,0.0,0.0,0.11665565544650033,0.9931724211094202,2.0,0.0,0.0,0.0,0.0,0.0,0.0
613,0.0,-10.664274182284231,-57.28033948605112,0.0,0.0,0.0,-0.6733713928499122,0.7393043806791417,2.0,0.0,0.0,0.0,0.0,0.0,0.0,0.0,2.0399818171595836,-74.5300420126833,0.0,0.0,0.0,0.9806116829236654,0.19596103519224595,2.0,0.0,0.0,0.0,0.0,0.0,0.0,0.0,-1.3650340430016659,-60.23535571847316,0.0,0.0,0.0,0.9085145228778313,-0.4178532777423992,2.0,0.0,0.0,0.0,0.0,0.0,0.0,0.0,-16.01229635841129,-59.05641724619828,0.0,0.0,0.0,-0.48939569436555963,0.8720618408899977,2.0,0.0,0.0,0.0,0.0,0.0,0.0,0.0,-21.659786451308683,-72.62247949389767,0.0,0.0,0.0,0.11665565544650033,0.9931724211094202,2.0,0.0,0.0,0.0,0.0,0.0,0.0
614,0.0,-10.763801147794393,-57.2900518391707,0.0,0.0,0.0,-0.6704087962491425,0.7419919446407593,2.0,0.0,0.0,0.0,0.0,0.0,0.0,0.0,2.0399818171595836,-74.5300420126833,0.0,0.0,0.0,0.9806116829236654,0.19596103519224595,2.0,0.0,0.0,0.0,0.0,0.0,0.0,0.0,-1.3650340430016659,-60.23535571847316,0.0,0.0,0.0,0.9085145228778313,-0.4178532777423992,2.0,0.0,0.0,0.0,0.0,0.0,0.0,0.0,-16.01229635841129,-59.05641724619828,0.0,0.0,0.0,-0.48939569436555963,0.8720618408899977,2.0,0.0,0.0,0.0,0.0,0.0,0.0,0.0,-21.659786451308683,-72.62247949389767,0.0,0.0,0.0,0.11665565544650033,0.9931724211094202,2.0,0.0,0.0,0.0,0.0,0.0,0.0
615,0.0,-10.863247230462473,-57.300560088727785,0.0,0.0,0.0,-0.667435473121935,0.7446676367470919,2.0,0.0,0.0,0.0,0.0,0.0,0.0,0.0,2.0399818171595836,-74.5300420126833,0.0,0.0,0.0,0.9806116829236654,0.19596103519224595,2.0,0.0,0.0,0.0,0.0,0.0,0.0,0.0,-1.3650340430016659,-60.23535571847316,0.0,0.0,0.0,0.9085145228778313,-0.4178532777423992,2.0,0.0,0.0,0.0,0.0,0.0,0.0,0.0,-16.01229635841129,-59.05641724619828,0.0,0.0,0.0,-0.48939569436555963,0.8720618408899977,2.0,0.0,0.0,0.0,0.0,0.0,0.0,0.0,-21.659786451308683,-72.62247949389767,0.0,0.0,0.0,0.11665565544650033,0.9931724211094202,2.0,0.0,0.0,0.0,0.0,0.0,0.0
616,0.0,-10.962606065773123,-57.311863562197985,0.0,0.0,0.0,-0.664451471041396,0.7473314141871228,2.0,0.0,0.0,0.0,0.0,0.0,0.0,0.0,2.0399818171595836,-74.5300420126833,0.0,0.0,0.0,0.9806116829236654,0.19596103519224595,2.0,0.0,0.0,0.0,0.0,0.0,0.0,0.0,-1.3650340430016659,-60.23535571847316,0.0,0.0,0.0,0.9085145228778313,-0.4178532777423992,2.0,0.0,0.0,0.0,0.0,0.0,0.0,0.0,-16.01229635841129,-59.05641724619828,0.0,0.0,0.0,-0.48939569436555963,0.8720618408899977,2.0,0.0,0.0,0.0,0.0,0.0,0.0,0.0,-21.659786451308683,-72.62247949389767,0.0,0.0,0.0,0.11665565544650033,0.9931724211094202,2.0,0.0,0.0,0.0,0.0,0.0,0.0
617,0.0,-11.0618712947948,-57.323961536162855,0.0,0.0,0.0,-0.6614568377514953,0.7499832343404698,2.0,0.0,0.0,0.0,0.0,0.0,0.0,0.0,2.0399818171595836,-74.5300420126833,0.0,0.0,0.0,0.9806116829236654,0.19596103519224595,2.0,0.0,0.0,0.0,0.0,0.0,0.0,0.0,-1.3650340430016659,-60.23535571847316,0.0,0.0,0.0,0.9085145228778313,-0.4178532777423992,2.0,0.0,0.0,0.0,0.0,0.0,0.0,0.0,-16.01229635841129,-59.05641724619828,0.0,0.0,0.0,-0.48939569436555963,0.8720618408899977,2.0,0.0,0.0,0.0,0.0,0.0,0.0,0.0,-21.659786451308683,-72.62247949389767,0.0,0.0,0.0,0.11665565544650033,0.9931724211094202,2.0,0.0,0.0,0.0,0.0,0.0,0.0
618,0.0,-11.161036564586727,-57.33685323635619,0.0,0.0,0.0,-0.6584516211663017,0.7526230547780669,2.0,0.0,0.0,0.0,0.0,0.0,0.0,0.0,2.0399818171595836,-74.5300420126833,0.0,0.0,0.0,0.9806116829236654,0.19596103519224595,2.0,0.0,0.0,0.0,0.0,0.0,0.0,0.0,-1.3650340430016659,-60.23535571847316,0.0,0.0,0.0,0.9085145228778313,-0.4178532777423992,2.0,0.0,0.0,0.0,0.0,0.0,0.0,0.0,-16.01229635841129,-59.05641724619828,0.0,0.0,0.0,-0.48939569436555963,0.8720618408899977,2.0,0.0,0.0,0.0,0.0,0.0,0.0,0.0,-21.659786451308683,-72.62247949389767,0.0,0.0,0.0,0.11665565544650033,0.9931724211094202,2.0,0.0,0.0,0.0,0.0,0.0,0.0
619,0.0,-11.260095528605486,-57.350537837713574,0.0,0.0,0.0,-0.6554358693692165,0.7552508332628435,2.0,0.0,0.0,0.0,0.0,0.0,0.0,0.0,2.0399818171595836,-74.5300420126833,0.0,0.0,0.0,0.9806116829236654,0.19596103519224595,2.0,0.0,0.0,0.0,0.0,0.0,0.0,0.0,-1.3650340430016659,-60.23535571847316,0.0,0.0,0.0,0.9085145228778313,-0.4178532777423992,2.0,0.0,0.0,0.0,0.0,0.0,0.0,0.0,-16.01229635841129,-59.05641724619828,0.0,0.0,0.0,-0.48939569436555963,0.8720618408899977,2.0,0.0,0.0,0.0,0.0,0.0,0.0,0.0,-21.659786451308683,-72.62247949389767,0.0,0.0,0.0,0.11665565544650033,0.9931724211094202,2.0,0.0,0.0,0.0,0.0,0.0,0.0
620,0.0,-11.359041847111193,-57.3650144644252,0.0,0.0,0.0,-0.6524096306122039,0.7578665277503999,2.0,0.0,0.0,0.0,0.0,0.0,0.0,0.0,2.0399818171595836,-74.5300420126833,0.0,0.0,0.0,0.9806116829236654,0.19596103519224595,2.0,0.0,0.0,0.0,0.0,0.0,0.0,0.0,-1.3650340430016659,-60.23535571847316,0.0,0.0,0.0,0.9085145228778313,-0.4178532777423992,2.0,0.0,0.0,0.0,0.0,0.0,0.0,0.0,-16.01229635841129,-59.05641724619828,0.0,0.0,0.0,-0.48939569436555963,0.8720618408899977,2.0,0.0,0.0,0.0,0.0,0.0,0.0,0.0,-21.659786451308683,-72.62247949389767,0.0,0.0,0.0,0.11665565544650033,0.9931724211094202,2.0,0.0,0.0,0.0,0.0,0.0,0.0
621,0.0,-11.457869187573236,-57.380282189991895,0.0,0.0,0.0,-0.6493729533150197,0.7604700963896801,2.0,0.0,0.0,0.0,0.0,0.0,0.0,0.0,2.0399818171595836,-74.5300420126833,0.0,0.0,0.0,0.9806116829236654,0.19596103519224595,2.0,0.0,0.0,0.0,0.0,0.0,0.0,0.0,-1.3650340430016659,-60.23535571847316,0.0,0.0,0.0,0.9085145228778313,-0.4178532777423992,2.0,0.0,0.0,0.0,0.0,0.0,0.0,0.0,-16.01229635841129,-59.05641724619828,0.0,0.0,0.0,-0.48939569436555963,0.8720618408899977,2.0,0.0,0.0,0.0,0.0,0.0,0.0,0.0,-21.659786451308683,-72.62247949389767,0.0,0.0,0.0,0.11665565544650033,0.9931724211094202,2.0,0.0,0.0,0.0,0.0,0.0,0.0
622,0.0,-11.556571225075558,-57.39634003728443,0.0,0.0,0.0,-0.6463258860644355,0.7630614975236415,2.0,0.0,0.0,0.0,0.0,0.0,0.0,0.0,2.0399818171595836,-74.5300420126833,0.0,0.0,0.0,0.9806116829236654,0.19596103519224595,2.0,0.0,0.0,0.0,0.0,0.0,0.0,0.0,-1.3650340430016659,-60.23535571847316,0.0,0.0,0.0,0.9085145228778313,-0.4178532777423992,2.0,0.0,0.0,0.0,0.0,0.0,0.0,0.0,-16.01229635841129,-59.05641724619828,0.0,0.0,0.0,-0.48939569436555963,0.8720618408899977,2.0,0.0,0.0,0.0,0.0,0.0,0.0,0.0,-21.659786451308683,-72.62247949389767,0.0,0.0,0.0,0.11665565544650033,0.9931724211094202,2.0,0.0,0.0,0.0,0.0,0.0,0.0
623,0.0,-11.655141642721452,-57.41318697860607,0.0,0.0,0.0,-0.6432684776134627,0.765640689689921,2.0,0.0,0.0,0.0,0.0,0.0,0.0,0.0,2.0399818171595836,-74.5300420126833,0.0,0.0,0.0,0.9806116829236654,0.19596103519224595,2.0,0.0,0.0,0.0,0.0,0.0,0.0,0.0,-1.3650340430016659,-60.23535571847316,0.0,0.0,0.0,0.9085145228778313,-0.4178532777423992,2.0,0.0,0.0,0.0,0.0,0.0,0.0,0.0,-16.01229635841129,-59.05641724619828,0.0,0.0,0.0,-0.48939569436555963,0.8720618408899977,2.0,0.0,0.0,0.0,0.0,0.0,0.0,0.0,-21.659786451308683,-72.62247949389767,0.0,0.0,0.0,0.11665565544650033,0.9931724211094202,2.0,0.0,0.0,0.0,0.0,0.0,0.0
624,0.0,-11.75357413203783,-57.43082193575831,0.0,0.0,0.0,-0.6402007768805711,0.7682076316214993,2.0,0.0,0.0,0.0,0.0,0.0,0.0,0.0,2.0399818171595836,-74.5300420126833,0.0,0.0,0.0,0.9806116829236654,0.19596103519224595,2.0,0.0,0.0,0.0,0.0,0.0,0.0,0.0,-1.3650340430016659,-60.23535571847316,0.0,0.0,0.0,0.9085145228778313,-0.4178532777423992,2.0,0.0,0.0,0.0,0.0,0.0,0.0,0.0,-16.01229635841129,-59.05641724619828,0.0,0.0,0.0,-0.48939569436555963,0.8720618408899977,2.0,0.0,0.0,0.0,0.0,0.0,0.0,0.0,-21.659786451308683,-72.62247949389767,0.0,0.0,0.0,0.11665565544650033,0.9931724211094202,2.0,0.0,0.0,0.0,0.0,0.0,0.0
625,0.0,-11.851862393378978,-57.449243780109924,0.0,0.0,0.0,-0.637122832948907,0.77076228224736,2.0,0.0,0.0,0.0,0.0,0.0,0.0,0.0,2.0399818171595836,-74.5300420126833,0.0,0.0,0.0,0.9806116829236654,0.19596103519224595,2.0,0.0,0.0,0.0,0.0,0.0,0.0,0.0,-1.3650340430016659,-60.23535571847316,0.0,0.0,0.0,0.9085145228778313,-0.4178532777423992,2.0,0.0,0.0,0.0,0.0,0.0,0.0,0.0,-16.01229635841129,-59.05641724619828,0.0,0.0,0.0,-0.48939569436555963,0.8720618408899977,2.0,0.0,0.0,0.0,0.0,0.0,0.0,0.0,-21.659786451308683,-72.62247949389767,0.0,0.0,0.0,0.11665565544650033,0.9931724211094202,2.0,0.0,0.0,0.0,0.0,0.0,0.0
626,0.0,-11.950000136329715,-57.46845133266915,0.0,0.0,0.0,-0.6340346950655078,0.7733046006931477,2.0,0.0,0.0,0.0,0.0,0.0,0.0,0.0,2.0399818171595836,-74.5300420126833,0.0,0.0,0.0,0.9806116829236654,0.19596103519224595,2.0,0.0,0.0,0.0,0.0,0.0,0.0,0.0,-1.3650340430016659,-60.23535571847316,0.0,0.0,0.0,0.9085145228778313,-0.4178532777423992,2.0,0.0,0.0,0.0,0.0,0.0,0.0,0.0,-16.01229635841129,-59.05641724619828,0.0,0.0,0.0,-0.48939569436555963,0.8720618408899977,2.0,0.0,0.0,0.0,0.0,0.0,0.0,0.0,-21.659786451308683,-72.62247949389767,0.0,0.0,0.0,0.11665565544650033,0.9931724211094202,2.0,0.0,0.0,0.0,0.0,0.0,0.0
627,0.0,-12.047981080107993,-57.48844336415918,0.0,0.0,0.0,-0.6309364126405135,0.7758345462818214,2.0,0.0,0.0,0.0,0.0,0.0,0.0,0.0,2.0399818171595836,-74.5300420126833,0.0,0.0,0.0,0.9806116829236654,0.19596103519224595,2.0,0.0,0.0,0.0,0.0,0.0,0.0,0.0,-1.3650340430016659,-60.23535571847316,0.0,0.0,0.0,0.9085145228778313,-0.4178532777423992,2.0,0.0,0.0,0.0,0.0,0.0,0.0,0.0,-16.01229635841129,-59.05641724619828,0.0,0.0,0.0,-0.48939569436555963,0.8720618408899977,2.0,0.0,0.0,0.0,0.0,0.0,0.0,0.0,-21.659786451308683,-72.62247949389767,0.0,0.0,0.0,0.11665565544650033,0.9931724211094202,2.0,0.0,0.0,0.0,0.0,0.0,0.0
628,0.0,-12.145798953966853,-57.509218595096826,0.0,0.0,0.0,-0.627828035246377,0.7783520785343058,2.0,0.0,0.0,0.0,0.0,0.0,0.0,0.0,2.0399818171595836,-74.5300420126833,0.0,0.0,0.0,0.9806116829236654,0.19596103519224595,2.0,0.0,0.0,0.0,0.0,0.0,0.0,0.0,-1.3650340430016659,-60.23535571847316,0.0,0.0,0.0,0.9085145228778313,-0.4178532777423992,2.0,0.0,0.0,0.0,0.0,0.0,0.0,0.0,-16.01229635841129,-59.05641724619828,0.0,0.0,0.0,-0.48939569436555963,0.8720618408899977,2.0,0.0,0.0,0.0,0.0,0.0,0.0,0.0,-21.659786451308683,-72.62247949389767,0.0,0.0,0.0,0.11665565544650033,0.9931724211094202,2.0,0.0,0.0,0.0,0.0,0.0,0.0
629,0.0,-12.243447497595756,-57.530775695874404,0.0,0.0,0.0,-0.6247096126170701,0.7808571571701384,2.0,0.0,0.0,0.0,0.0,0.0,0.0,0.0,2.0399818171595836,-74.5300420126833,0.0,0.0,0.0,0.9806116829236654,0.19596103519224595,2.0,0.0,0.0,0.0,0.0,0.0,0.0,0.0,-1.3650340430016659,-60.23535571847316,0.0,0.0,0.0,0.9085145228778313,-0.4178532777423992,2.0,0.0,0.0,0.0,0.0,0.0,0.0,0.0,-16.01229635841129,-59.05641724619828,0.0,0.0,0.0,-0.48939569436555963,0.8720618408899977,2.0,0.0,0.0,0.0,0.0,0.0,0.0,0.0,-21.659786451308683,-72.62247949389767,0.0,0.0,0.0,0.11665565544650033,0.9931724211094202,2.0,0.0,0.0,0.0,0.0,0.0,0.0
630,0.0,-12.340920461521241,-57.55311328684482,0.0,0.0,0.0,-0.6215811946472886,0.7833497421081146,2.0,0.0,0.0,0.0,0.0,0.0,0.0,0.0,2.0399818171595836,-74.5300420126833,0.0,0.0,0.0,0.9806116829236654,0.19596103519224595,2.0,0.0,0.0,0.0,0.0,0.0,0.0,0.0,-1.3650340430016659,-60.23535571847316,0.0,0.0,0.0,0.9085145228778313,-0.4178532777423992,2.0,0.0,0.0,0.0,0.0,0.0,0.0,0.0,-16.01229635841129,-59.05641724619828,0.0,0.0,0.0,-0.48939569436555963,0.8720618408899977,2.0,0.0,0.0,0.0,0.0,0.0,0.0,0.0,-21.659786451308683,-72.62247949389767,0.0,0.0,0.0,0.11665565544650033,0.9931724211094202,2.0,0.0,0.0,0.0,0.0,0.0,0.0
631,0.0,-12.438211607506888,-57.57622993840987,0.0,0.0,0.0,-0.618442831391653,0.7858297934669285,2.0,0.0,0.0,0.0,0.0,0.0,0.0,0.0,2.0399818171595836,-74.5300420126833,0.0,0.0,0.0,0.9806116829236654,0.19596103519224595,2.0,0.0,0.0,0.0,0.0,0.0,0.0,0.0,-1.3650340430016659,-60.23535571847316,0.0,0.0,0.0,0.9085145228778313,-0.4178532777423992,2.0,0.0,0.0,0.0,0.0,0.0,0.0,0.0,-16.01229635841129,-59.05641724619828,0.0,0.0,0.0,-0.48939569436555963,0.8720618408899977,2.0,0.0,0.0,0.0,0.0,0.0,0.0,0.0,-21.659786451308683,-72.62247949389767,0.0,0.0,0.0,0.11665565544650033,0.9931724211094202,2.0,0.0,0.0,0.0,0.0,0.0,0.0
632,0.0,-12.535314708952562,-57.60012417111175,0.0,0.0,0.0,-0.6152945730639087,0.7882972715658113,2.0,0.0,0.0,0.0,0.0,0.0,0.0,0.0,2.0399818171595836,-74.5300420126833,0.0,0.0,0.0,0.9806116829236654,0.19596103519224595,2.0,0.0,0.0,0.0,0.0,0.0,0.0,0.0,-1.3650340430016659,-60.23535571847316,0.0,0.0,0.0,0.9085145228778313,-0.4178532777423992,2.0,0.0,0.0,0.0,0.0,0.0,0.0,0.0,-16.01229635841129,-59.05641724619828,0.0,0.0,0.0,-0.48939569436555963,0.8720618408899977,2.0,0.0,0.0,0.0,0.0,0.0,0.0,0.0,-21.659786451308683,-72.62247949389767,0.0,0.0,0.0,0.11665565544650033,0.9931724211094202,2.0,0.0,0.0,0.0,0.0,0.0,0.0
633,0.0,-12.632223551292913,-57.624794455727724,0.0,0.0,0.0,-0.6121364700361215,0.790752136925166,2.0,0.0,0.0,0.0,0.0,0.0,0.0,0.0,2.0399818171595836,-74.5300420126833,0.0,0.0,0.0,0.9806116829236654,0.19596103519224595,2.0,0.0,0.0,0.0,0.0,0.0,0.0,0.0,-1.3650340430016659,-60.23535571847316,0.0,0.0,0.0,0.9085145228778313,-0.4178532777423992,2.0,0.0,0.0,0.0,0.0,0.0,0.0,0.0,-16.01229635841129,-59.05641724619828,0.0,0.0,0.0,-0.48939569436555963,0.8720618408899977,2.0,0.0,0.0,0.0,0.0,0.0,0.0,0.0,-21.659786451308683,-72.62247949389767,0.0,0.0,0.0,0.11665565544650033,0.9931724211094202,2.0,0.0,0.0,0.0,0.0,0.0,0.0
634,0.0,-12.728931932395113,-57.650239213367996,0.0,0.0,0.0,-0.6089685728378728,0.7931943502671993,2.0,0.0,0.0,0.0,0.0,0.0,0.0,0.0,2.0399818171595836,-74.5300420126833,0.0,0.0,0.0,0.9806116829236654,0.19596103519224595,2.0,0.0,0.0,0.0,0.0,0.0,0.0,0.0,-1.3650340430016659,-60.23535571847316,0.0,0.0,0.0,0.9085145228778313,-0.4178532777423992,2.0,0.0,0.0,0.0,0.0,0.0,0.0,0.0,-16.01229635841129,-59.05641724619828,0.0,0.0,0.0,-0.48939569436555963,0.8720618408899977,2.0,0.0,0.0,0.0,0.0,0.0,0.0,0.0,-21.659786451308683,-72.62247949389767,0.0,0.0,0.0,0.11665565544650033,0.9931724211094202,2.0,0.0,0.0,0.0,0.0,0.0,0.0
635,0.0,-12.825433662955781,-57.67645681557676,0.0,0.0,0.0,-0.6057909321554499,0.7956238725165499,2.0,0.0,0.0,0.0,0.0,0.0,0.0,0.0,2.0399818171595836,-74.5300420126833,0.0,0.0,0.0,0.9806116829236654,0.19596103519224595,2.0,0.0,0.0,0.0,0.0,0.0,0.0,0.0,-1.3650340430016659,-60.23535571847316,0.0,0.0,0.0,0.9085145228778313,-0.4178532777423992,2.0,0.0,0.0,0.0,0.0,0.0,0.0,0.0,-16.01229635841129,-59.05641724619828,0.0,0.0,0.0,-0.48939569436555963,0.8720618408899977,2.0,0.0,0.0,0.0,0.0,0.0,0.0,0.0,-21.659786451308683,-72.62247949389767,0.0,0.0,0.0,0.11665565544650033,0.9931724211094202,2.0,0.0,0.0,0.0,0.0,0.0,0.0
636,0.0,-12.921722566897097,-57.70344558443642,0.0,0.0,0.0,-0.602603598831036,0.7980406648009134,2.0,0.0,0.0,0.0,0.0,0.0,0.0,0.0,2.0399818171595836,-74.5300420126833,0.0,0.0,0.0,0.9806116829236654,0.19596103519224595,2.0,0.0,0.0,0.0,0.0,0.0,0.0,0.0,-1.3650340430016659,-60.23535571847316,0.0,0.0,0.0,0.9085145228778313,-0.4178532777423992,2.0,0.0,0.0,0.0,0.0,0.0,0.0,0.0,-16.01229635841129,-59.05641724619828,0.0,0.0,0.0,-0.48939569436555963,0.8720618408899977,2.0,0.0,0.0,0.0,0.0,0.0,0.0,0.0,-21.659786451308683,-72.62247949389767,0.0,0.0,0.0,0.11665565544650033,0.9931724211094202,2.0,0.0,0.0,0.0,0.0,0.0,0.0
637,0.0,-13.017792481762077,-57.731203792675,0.0,0.0,0.0,-0.5994066238618965,0.8004446884516649,2.0,0.0,0.0,0.0,0.0,0.0,0.0,0.0,2.0399818171595836,-74.5300420126833,0.0,0.0,0.0,0.9806116829236654,0.19596103519224595,2.0,0.0,0.0,0.0,0.0,0.0,0.0,0.0,-1.3650340430016659,-60.23535571847316,0.0,0.0,0.0,0.9085145228778313,-0.4178532777423992,2.0,0.0,0.0,0.0,0.0,0.0,0.0,0.0,-16.01229635841129,-59.05641724619828,0.0,0.0,0.0,-0.48939569436555963,0.8720618408899977,2.0,0.0,0.0,0.0,0.0,0.0,0.0,0.0,-21.659786451308683,-72.62247949389767,0.0,0.0,0.0,0.11665565544650033,0.9931724211094202,2.0,0.0,0.0,0.0,0.0,0.0,0.0
638,0.0,-13.113637259108962,-57.759729663776625,0.0,0.0,0.0,-0.5962000583995624,0.8028359050044775,2.0,0.0,0.0,0.0,0.0,0.0,0.0,0.0,2.0399818171595836,-74.5300420126833,0.0,0.0,0.0,0.9806116829236654,0.19596103519224595,2.0,0.0,0.0,0.0,0.0,0.0,0.0,0.0,-1.3650340430016659,-60.23535571847316,0.0,0.0,0.0,0.9085145228778313,-0.4178532777423992,2.0,0.0,0.0,0.0,0.0,0.0,0.0,0.0,-16.01229635841129,-59.05641724619828,0.0,0.0,0.0,-0.48939569436555963,0.8720618408899977,2.0,0.0,0.0,0.0,0.0,0.0,0.0,0.0,-21.659786451308683,-72.62247949389767,0.0,0.0,0.0,0.11665565544650033,0.9931724211094202,2.0,0.0,0.0,0.0,0.0,0.0,0.0
639,0.0,-13.209250764904716,-57.78902137209529,0.0,0.0,0.0,-0.5929839537490129,0.8052142761999371,2.0,0.0,0.0,0.0,0.0,0.0,0.0,0.0,2.0399818171595836,-74.5300420126833,0.0,0.0,0.0,0.9806116829236654,0.19596103519224595,2.0,0.0,0.0,0.0,0.0,0.0,0.0,0.0,-1.3650340430016659,-60.23535571847316,0.0,0.0,0.0,0.9085145228778313,-0.4178532777423992,2.0,0.0,0.0,0.0,0.0,0.0,0.0,0.0,-16.01229635841129,-59.05641724619828,0.0,0.0,0.0,-0.48939569436555963,0.8720618408899977,2.0,0.0,0.0,0.0,0.0,0.0,0.0,0.0,-21.659786451308683,-72.62247949389767,0.0,0.0,0.0,0.11665565544650033,0.9931724211094202,2.0,0.0,0.0,0.0,0.0,0.0,0.0
640,0.0,-13.304626879917604,-57.819077042971664,0.0,0.0,0.0,-0.5897583613678536,0.8075797639841554,2.0,0.0,0.0,0.0,0.0,0.0,0.0,0.0,2.0399818171595836,-74.5300420126833,0.0,0.0,0.0,0.9806116829236654,0.19596103519224595,2.0,0.0,0.0,0.0,0.0,0.0,0.0,0.0,-1.3650340430016659,-60.23535571847316,0.0,0.0,0.0,0.9085145228778313,-0.4178532777423992,2.0,0.0,0.0,0.0,0.0,0.0,0.0,0.0,-16.01229635841129,-59.05641724619828,0.0,0.0,0.0,-0.48939569436555963,0.8720618408899977,2.0,0.0,0.0,0.0,0.0,0.0,0.0,0.0,-21.659786451308683,-72.62247949389767,0.0,0.0,0.0,0.11665565544650033,0.9931724211094202,2.0,0.0,0.0,0.0,0.0,0.0,0.0
641,0.0,-13.39975950010882,-57.84989475285306,0.0,0.0,0.0,-0.5865233328654942,0.8099323305093783,2.0,0.0,0.0,0.0,0.0,0.0,0.0,0.0,2.0399818171595836,-74.5300420126833,0.0,0.0,0.0,0.9806116829236654,0.19596103519224595,2.0,0.0,0.0,0.0,0.0,0.0,0.0,0.0,-1.3650340430016659,-60.23535571847316,0.0,0.0,0.0,0.9085145228778313,-0.4178532777423992,2.0,0.0,0.0,0.0,0.0,0.0,0.0,0.0,-16.01229635841129,-59.05641724619828,0.0,0.0,0.0,-0.48939569436555963,0.8720618408899977,2.0,0.0,0.0,0.0,0.0,0.0,0.0,0.0,-21.659786451308683,-72.62247949389767,0.0,0.0,0.0,0.11665565544650033,0.9931724211094202,2.0,0.0,0.0,0.0,0.0,0.0,0.0
642,0.0,-13.494642537023145,-57.88147252941658,0.0,0.0,0.0,-0.5832789200023212,0.8122719381345915,2.0,0.0,0.0,0.0,0.0,0.0,0.0,0.0,2.0399818171595836,-74.5300420126833,0.0,0.0,0.0,0.9806116829236654,0.19596103519224595,2.0,0.0,0.0,0.0,0.0,0.0,0.0,0.0,-1.3650340430016659,-60.23535571847316,0.0,0.0,0.0,0.9085145228778313,-0.4178532777423992,2.0,0.0,0.0,0.0,0.0,0.0,0.0,0.0,-16.01229635841129,-59.05641724619828,0.0,0.0,0.0,-0.48939569436555963,0.8720618408899977,2.0,0.0,0.0,0.0,0.0,0.0,0.0,0.0,-21.659786451308683,-72.62247949389767,0.0,0.0,0.0,0.11665565544650033,0.9931724211094202,2.0,0.0,0.0,0.0,0.0,0.0,0.0
643,0.0,-13.589269918178601,-57.91380835169529,0.0,0.0,0.0,-0.5800251746888715,0.8145985494261232,2.0,0.0,0.0,0.0,0.0,0.0,0.0,0.0,2.0399818171595836,-74.5300420126833,0.0,0.0,0.0,0.9806116829236654,0.19596103519224595,2.0,0.0,0.0,0.0,0.0,0.0,0.0,0.0,-1.3650340430016659,-60.23535571847316,0.0,0.0,0.0,0.9085145228778313,-0.4178532777423992,2.0,0.0,0.0,0.0,0.0,0.0,0.0,0.0,-16.01229635841129,-59.05641724619828,0.0,0.0,0.0,-0.48939569436555963,0.8720618408899977,2.0,0.0,0.0,0.0,0.0,0.0,0.0,0.0,-21.659786451308683,-72.62247949389767,0.0,0.0,0.0,0.11665565544650033,0.9931724211094202,2.0,0.0,0.0,0.0,0.0,0.0,0.0
644,0.0,-13.683635587455097,-57.946900150207604,0.0,0.0,0.0,-0.5767621489850007,0.816912127158242,2.0,0.0,0.0,0.0,0.0,0.0,0.0,0.0,2.0399818171595836,-74.5300420126833,0.0,0.0,0.0,0.9806116829236654,0.19596103519224595,2.0,0.0,0.0,0.0,0.0,0.0,0.0,0.0,-1.3650340430016659,-60.23535571847316,0.0,0.0,0.0,0.9085145228778313,-0.4178532777423992,2.0,0.0,0.0,0.0,0.0,0.0,0.0,0.0,-16.01229635841129,-59.05641724619828,0.0,0.0,0.0,-0.48939569436555963,0.8720618408899977,2.0,0.0,0.0,0.0,0.0,0.0,0.0,0.0,-21.659786451308683,-72.62247949389767,0.0,0.0,0.0,0.11665565544650033,0.9931724211094202,2.0,0.0,0.0,0.0,0.0,0.0,0.0
645,0.0,-13.777733505482006,-57.98074580708972,0.0,0.0,0.0,-0.5734898950990504,0.8192126343137539,2.0,0.0,0.0,0.0,0.0,0.0,0.0,0.0,2.0399818171595836,-74.5300420126833,0.0,0.0,0.0,0.9806116829236654,0.19596103519224595,2.0,0.0,0.0,0.0,0.0,0.0,0.0,0.0,-1.3650340430016659,-60.23535571847316,0.0,0.0,0.0,0.9085145228778313,-0.4178532777423992,2.0,0.0,0.0,0.0,0.0,0.0,0.0,0.0,-16.01229635841129,-59.05641724619828,0.0,0.0,0.0,-0.48939569436555963,0.8720618408899977,2.0,0.0,0.0,0.0,0.0,0.0,0.0,0.0,-21.659786451308683,-72.62247949389767,0.0,0.0,0.0,0.11665565544650033,0.9931724211094202,2.0,0.0,0.0,0.0,0.0,0.0,0.0
646,0.0,-13.871557650024695,-58.01534315623113,0.0,0.0,0.0,-0.5702084653870129,0.8215000340845932,2.0,0.0,0.0,0.0,0.0,0.0,0.0,0.0,2.0399818171595836,-74.5300420126833,0.0,0.0,0.0,0.9806116829236654,0.19596103519224595,2.0,0.0,0.0,0.0,0.0,0.0,0.0,0.0,-1.3650340430016659,-60.23535571847316,0.0,0.0,0.0,0.9085145228778313,-0.4178532777423992,2.0,0.0,0.0,0.0,0.0,0.0,0.0,0.0,-16.01229635841129,-59.05641724619828,0.0,0.0,0.0,-0.48939569436555963,0.8720618408899977,2.0,0.0,0.0,0.0,0.0,0.0,0.0,0.0,-21.659786451308683,-72.62247949389767,0.0,0.0,0.0,0.11665565544650033,0.9931724211094202,2.0,0.0,0.0,0.0,0.0,0.0,0.0
647,0.0,-13.965102016369936,-58.05068998341332,0.0,0.0,0.0,-0.5669179123516936,0.8237742898724124,2.0,0.0,0.0,0.0,0.0,0.0,0.0,0.0,2.0399818171595836,-74.5300420126833,0.0,0.0,0.0,0.9806116829236654,0.19596103519224595,2.0,0.0,0.0,0.0,0.0,0.0,0.0,0.0,-1.3650340430016659,-60.23535571847316,0.0,0.0,0.0,0.9085145228778313,-0.4178532777423992,2.0,0.0,0.0,0.0,0.0,0.0,0.0,0.0,-16.01229635841129,-59.05641724619828,0.0,0.0,0.0,-0.48939569436555963,0.8720618408899977,2.0,0.0,0.0,0.0,0.0,0.0,0.0,0.0,-21.659786451308683,-72.62247949389767,0.0,0.0,0.0,0.11665565544650033,0.9931724211094202,2.0,0.0,0.0,0.0,0.0,0.0,0.0
648,0.0,-14.058360617710214,-58.08678402645141,0.0,0.0,0.0,-0.563618288641871,0.8260353652891675,2.0,0.0,0.0,0.0,0.0,0.0,0.0,0.0,2.0399818171595836,-74.5300420126833,0.0,0.0,0.0,0.9806116829236654,0.19596103519224595,2.0,0.0,0.0,0.0,0.0,0.0,0.0,0.0,-1.3650340430016659,-60.23535571847316,0.0,0.0,0.0,0.9085145228778313,-0.4178532777423992,2.0,0.0,0.0,0.0,0.0,0.0,0.0,0.0,-16.01229635841129,-59.05641724619828,0.0,0.0,0.0,-0.48939569436555963,0.8720618408899977,2.0,0.0,0.0,0.0,0.0,0.0,0.0,0.0,-21.659786451308683,-72.62247949389767,0.0,0.0,0.0,0.11665565544650033,0.9931724211094202,2.0,0.0,0.0,0.0,0.0,0.0,0.0
649,0.0,-14.151327485526878,-58.12362297533896,0.0,0.0,0.0,-0.560309647051454,0.8282832241577002,2.0,0.0,0.0,0.0,0.0,0.0,0.0,0.0,2.0399818171595836,-74.5300420126833,0.0,0.0,0.0,0.9806116829236654,0.19596103519224595,2.0,0.0,0.0,0.0,0.0,0.0,0.0,0.0,-1.3650340430016659,-60.23535571847316,0.0,0.0,0.0,0.9085145228778313,-0.4178532777423992,2.0,0.0,0.0,0.0,0.0,0.0,0.0,0.0,-16.01229635841129,-59.05641724619828,0.0,0.0,0.0,-0.48939569436555963,0.8720618408899977,2.0,0.0,0.0,0.0,0.0,0.0,0.0,0.0,-21.659786451308683,-72.62247949389767,0.0,0.0,0.0,0.11665565544650033,0.9931724211094202,2.0,0.0,0.0,0.0,0.0,0.0,0.0
650,0.0,-14.243996669972116,-58.16120447239582,0.0,0.0,0.0,-0.5569920405186374,0.8305178305123163,2.0,0.0,0.0,0.0,0.0,0.0,0.0,0.0,2.0399818171595836,-74.5300420126833,0.0,0.0,0.0,0.9806116829236654,0.19596103519224595,2.0,0.0,0.0,0.0,0.0,0.0,0.0,0.0,-1.3650340430016659,-60.23535571847316,0.0,0.0,0.0,0.9085145228778313,-0.4178532777423992,2.0,0.0,0.0,0.0,0.0,0.0,0.0,0.0,-16.01229635841129,-59.05641724619828,0.0,0.0,0.0,-0.48939569436555963,0.8720618408899977,2.0,0.0,0.0,0.0,0.0,0.0,0.0,0.0,-21.659786451308683,-72.62247949389767,0.0,0.0,0.0,0.11665565544650033,0.9931724211094202,2.0,0.0,0.0,0.0,0.0,0.0,0.0
651,0.0,-14.336362240249755,-58.19952611241901,0.0,0.0,0.0,-0.553665522125055,0.8327391485993619,2.0,0.0,0.0,0.0,0.0,0.0,0.0,0.0,2.0399818171595836,-74.5300420126833,0.0,0.0,0.0,0.9806116829236654,0.19596103519224595,2.0,0.0,0.0,0.0,0.0,0.0,0.0,0.0,-1.3650340430016659,-60.23535571847316,0.0,0.0,0.0,0.9085145228778313,-0.4178532777423992,2.0,0.0,0.0,0.0,0.0,0.0,0.0,0.0,-16.01229635841129,-59.05641724619828,0.0,0.0,0.0,-0.48939569436555963,0.8720618408899977,2.0,0.0,0.0,0.0,0.0,0.0,0.0,0.0,-21.659786451308683,-72.62247949389767,0.0,0.0,0.0,0.11665565544650033,0.9931724211094202,2.0,0.0,0.0,0.0,0.0,0.0,0.0
652,0.0,-14.42841828499483,-58.23858544283664,0.0,0.0,0.0,-0.5503301450949302,0.834947142877795,2.0,0.0,0.0,0.0,0.0,0.0,0.0,0.0,2.0399818171595836,-74.5300420126833,0.0,0.0,0.0,0.9806116829236654,0.19596103519224595,2.0,0.0,0.0,0.0,0.0,0.0,0.0,0.0,-1.3650340430016659,-60.23535571847316,0.0,0.0,0.0,0.9085145228778313,-0.4178532777423992,2.0,0.0,0.0,0.0,0.0,0.0,0.0,0.0,-16.01229635841129,-59.05641724619828,0.0,0.0,0.0,-0.48939569436555963,0.8720618408899977,2.0,0.0,0.0,0.0,0.0,0.0,0.0,0.0,-21.659786451308683,-72.62247949389767,0.0,0.0,0.0,0.11665565544650033,0.9931724211094202,2.0,0.0,0.0,0.0,0.0,0.0,0.0
653,0.0,-14.520158912651892,-58.2783799638649,0.0,0.0,0.0,-0.5469859627942241,0.8371417780197543,2.0,0.0,0.0,0.0,0.0,0.0,0.0,0.0,2.0399818171595836,-74.5300420126833,0.0,0.0,0.0,0.9806116829236654,0.19596103519224595,2.0,0.0,0.0,0.0,0.0,0.0,0.0,0.0,-1.3650340430016659,-60.23535571847316,0.0,0.0,0.0,0.9085145228778313,-0.4178532777423992,2.0,0.0,0.0,0.0,0.0,0.0,0.0,0.0,-16.01229635841129,-59.05641724619828,0.0,0.0,0.0,-0.48939569436555963,0.8720618408899977,2.0,0.0,0.0,0.0,0.0,0.0,0.0,0.0,-21.659786451308683,-72.62247949389767,0.0,0.0,0.0,0.11665565544650033,0.9931724211094202,2.0,0.0,0.0,0.0,0.0,0.0,0.0
654,0.0,-14.611578251852091,-58.31890712866802,0.0,0.0,0.0,-0.5436330287297824,0.8393230189111244,2.0,0.0,0.0,0.0,0.0,0.0,0.0,0.0,2.0399818171595836,-74.5300420126833,0.0,0.0,0.0,0.9806116829236654,0.19596103519224595,2.0,0.0,0.0,0.0,0.0,0.0,0.0,0.0,-1.3650340430016659,-60.23535571847316,0.0,0.0,0.0,0.9085145228778313,-0.4178532777423992,2.0,0.0,0.0,0.0,0.0,0.0,0.0,0.0,-16.01229635841129,-59.05641724619828,0.0,0.0,0.0,-0.48939569436555963,0.8720618408899977,2.0,0.0,0.0,0.0,0.0,0.0,0.0,0.0,-21.659786451308683,-72.62247949389767,0.0,0.0,0.0,0.11665565544650033,0.9931724211094202,2.0,0.0,0.0,0.0,0.0,0.0,0.0
655,0.0,-14.702670451788915,-58.360164343521305,0.0,0.0,0.0,-0.5402713965484786,0.8414908306520973,2.0,0.0,0.0,0.0,0.0,0.0,0.0,0.0,2.0399818171595836,-74.5300420126833,0.0,0.0,0.0,0.9806116829236654,0.19596103519224595,2.0,0.0,0.0,0.0,0.0,0.0,0.0,0.0,-1.3650340430016659,-60.23535571847316,0.0,0.0,0.0,0.9085145228778313,-0.4178532777423992,2.0,0.0,0.0,0.0,0.0,0.0,0.0,0.0,-16.01229635841129,-59.05641724619828,0.0,0.0,0.0,-0.48939569436555963,0.8720618408899977,2.0,0.0,0.0,0.0,0.0,0.0,0.0,0.0,-21.659786451308683,-72.62247949389767,0.0,0.0,0.0,0.11665565544650033,0.9931724211094202,2.0,0.0,0.0,0.0,0.0,0.0,0.0
656,0.0,-14.793429682592668,-58.40214896797706,0.0,0.0,0.0,-0.5369011200363557,0.8436451785577316,2.0,0.0,0.0,0.0,0.0,0.0,0.0,0.0,2.0399818171595836,-74.5300420126833,0.0,0.0,0.0,0.9806116829236654,0.19596103519224595,2.0,0.0,0.0,0.0,0.0,0.0,0.0,0.0,-1.3650340430016659,-60.23535571847316,0.0,0.0,0.0,0.9085145228778313,-0.4178532777423992,2.0,0.0,0.0,0.0,0.0,0.0,0.0,0.0,-16.01229635841129,-59.05641724619828,0.0,0.0,0.0,-0.48939569436555963,0.8720618408899977,2.0,0.0,0.0,0.0,0.0,0.0,0.0,0.0,-21.659786451308683,-72.62247949389767,0.0,0.0,0.0,0.11665565544650033,0.9931724211094202,2.0,0.0,0.0,0.0,0.0,0.0,0.0
657,0.0,-14.883850135703558,-58.44485831503368,0.0,0.0,0.0,-0.5335222531177661,0.8457860281585067,2.0,0.0,0.0,0.0,0.0,0.0,0.0,0.0,2.0399818171595836,-74.5300420126833,0.0,0.0,0.0,0.9806116829236654,0.19596103519224595,2.0,0.0,0.0,0.0,0.0,0.0,0.0,0.0,-1.3650340430016659,-60.23535571847316,0.0,0.0,0.0,0.9085145228778313,-0.4178532777423992,2.0,0.0,0.0,0.0,0.0,0.0,0.0,0.0,-16.01229635841129,-59.05641724619828,0.0,0.0,0.0,-0.48939569436555963,0.8720618408899977,2.0,0.0,0.0,0.0,0.0,0.0,0.0,0.0,-21.659786451308683,-72.62247949389767,0.0,0.0,0.0,0.11665565544650033,0.9931724211094202,2.0,0.0,0.0,0.0,0.0,0.0,0.0
658,0.0,-14.973926024243443,-58.488289651307504,0.0,0.0,0.0,-0.5301348498545084,0.8479133452008748,2.0,0.0,0.0,0.0,0.0,0.0,0.0,0.0,2.0399818171595836,-74.5300420126833,0.0,0.0,0.0,0.9806116829236654,0.19596103519224595,2.0,0.0,0.0,0.0,0.0,0.0,0.0,0.0,-1.3650340430016659,-60.23535571847316,0.0,0.0,0.0,0.9085145228778313,-0.4178532777423992,2.0,0.0,0.0,0.0,0.0,0.0,0.0,0.0,-16.01229635841129,-59.05641724619828,0.0,0.0,0.0,-0.48939569436555963,0.8720618408899977,2.0,0.0,0.0,0.0,0.0,0.0,0.0,0.0,-21.659786451308683,-72.62247949389767,0.0,0.0,0.0,0.11665565544650033,0.9931724211094202,2.0,0.0,0.0,0.0,0.0,0.0,0.0
659,0.0,-15.063651583386207,-58.532440197207855,0.0,0.0,0.0,-0.5267389644449626,0.8500270956478084,2.0,0.0,0.0,0.0,0.0,0.0,0.0,0.0,2.0399818171595836,-74.5300420126833,0.0,0.0,0.0,0.9806116829236654,0.19596103519224595,2.0,0.0,0.0,0.0,0.0,0.0,0.0,0.0,-1.3650340430016659,-60.23535571847316,0.0,0.0,0.0,0.9085145228778313,-0.4178532777423992,2.0,0.0,0.0,0.0,0.0,0.0,0.0,0.0,-16.01229635841129,-59.05641724619828,0.0,0.0,0.0,-0.48939569436555963,0.8720618408899977,2.0,0.0,0.0,0.0,0.0,0.0,0.0,0.0,-21.659786451308683,-72.62247949389767,0.0,0.0,0.0,0.11665565544650033,0.9931724211094202,2.0,0.0,0.0,0.0,0.0,0.0,0.0
660,0.0,-15.153021070726691,-58.57730712711485,0.0,0.0,0.0,-0.5233346512232229,0.8521272456793455,2.0,0.0,0.0,0.0,0.0,0.0,0.0,0.0,2.0399818171595836,-74.5300420126833,0.0,0.0,0.0,0.9806116829236654,0.19596103519224595,2.0,0.0,0.0,0.0,0.0,0.0,0.0,0.0,-1.3650340430016659,-60.23535571847316,0.0,0.0,0.0,0.9085145228778313,-0.4178532777423992,2.0,0.0,0.0,0.0,0.0,0.0,0.0,0.0,-16.01229635841129,-59.05641724619828,0.0,0.0,0.0,-0.48939569436555963,0.8720618408899977,2.0,0.0,0.0,0.0,0.0,0.0,0.0,0.0,-21.659786451308683,-72.62247949389767,0.0,0.0,0.0,0.11665565544650033,0.9931724211094202,2.0,0.0,0.0,0.0,0.0,0.0,0.0
661,0.0,-15.24202876664821,-58.622887569560305,0.0,0.0,0.0,-0.5199219646582279,0.8542137616931306,2.0,0.0,0.0,0.0,0.0,0.0,0.0,0.0,2.0399818171595836,-74.5300420126833,0.0,0.0,0.0,0.9806116829236654,0.19596103519224595,2.0,0.0,0.0,0.0,0.0,0.0,0.0,0.0,-1.3650340430016659,-60.23535571847316,0.0,0.0,0.0,0.9085145228778313,-0.4178532777423992,2.0,0.0,0.0,0.0,0.0,0.0,0.0,0.0,-16.01229635841129,-59.05641724619828,0.0,0.0,0.0,-0.48939569436555963,0.8720618408899977,2.0,0.0,0.0,0.0,0.0,0.0,0.0,0.0,-21.659786451308683,-72.62247949389767,0.0,0.0,0.0,0.11665565544650033,0.9931724211094202,2.0,0.0,0.0,0.0,0.0,0.0,0.0
662,0.0,-15.330668974688603,-58.66917860741145,0.0,0.0,0.0,-0.5165009593528901,0.8562866103049517,2.0,0.0,0.0,0.0,0.0,0.0,0.0,0.0,2.0399818171595836,-74.5300420126833,0.0,0.0,0.0,0.9806116829236654,0.19596103519224595,2.0,0.0,0.0,0.0,0.0,0.0,0.0,0.0,-1.3650340430016659,-60.23535571847316,0.0,0.0,0.0,0.9085145228778313,-0.4178532777423992,2.0,0.0,0.0,0.0,0.0,0.0,0.0,0.0,-16.01229635841129,-59.05641724619828,0.0,0.0,0.0,-0.48939569436555963,0.8720618408899977,2.0,0.0,0.0,0.0,0.0,0.0,0.0,0.0,-21.659786451308683,-72.62247949389767,0.0,0.0,0.0,0.11665565544650033,0.9931724211094202,2.0,0.0,0.0,0.0,0.0,0.0,0.0
663,0.0,-15.418936021904813,-58.71617727805767,0.0,0.0,0.0,-0.5130716900432214,0.8583457583492754,2.0,0.0,0.0,0.0,0.0,0.0,0.0,0.0,2.0399818171595836,-74.5300420126833,0.0,0.0,0.0,0.9806116829236654,0.19596103519224595,2.0,0.0,0.0,0.0,0.0,0.0,0.0,0.0,-1.3650340430016659,-60.23535571847316,0.0,0.0,0.0,0.9085145228778313,-0.4178532777423992,2.0,0.0,0.0,0.0,0.0,0.0,0.0,0.0,-16.01229635841129,-59.05641724619828,0.0,0.0,0.0,-0.48939569436555963,0.8720618408899977,2.0,0.0,0.0,0.0,0.0,0.0,0.0,0.0,-21.659786451308683,-72.62247949389767,0.0,0.0,0.0,0.11665565544650033,0.9931724211094202,2.0,0.0,0.0,0.0,0.0,0.0,0.0
664,0.0,-15.506824259235948,-58.763880573600076,0.0,0.0,0.0,-0.5096342115974575,0.8603911728797768,2.0,0.0,0.0,0.0,0.0,0.0,0.0,0.0,2.0399818171595836,-74.5300420126833,0.0,0.0,0.0,0.9806116829236654,0.19596103519224595,2.0,0.0,0.0,0.0,0.0,0.0,0.0,0.0,-1.3650340430016659,-60.23535571847316,0.0,0.0,0.0,0.9085145228778313,-0.4178532777423992,2.0,0.0,0.0,0.0,0.0,0.0,0.0,0.0,-16.01229635841129,-59.05641724619828,0.0,0.0,0.0,-0.48939569436555963,0.8720618408899977,2.0,0.0,0.0,0.0,0.0,0.0,0.0,0.0,-21.659786451308683,-72.62247949389767,0.0,0.0,0.0,0.11665565544650033,0.9931724211094202,2.0,0.0,0.0,0.0,0.0,0.0,0.0
665,0.0,-15.594328061864818,-58.812285441044054,0.0,0.0,0.0,-0.5061885790151801,0.8624228211698672,2.0,0.0,0.0,0.0,0.0,0.0,0.0,0.0,2.0399818171595836,-74.5300420126833,0.0,0.0,0.0,0.9806116829236654,0.19596103519224595,2.0,0.0,0.0,0.0,0.0,0.0,0.0,0.0,-1.3650340430016659,-60.23535571847316,0.0,0.0,0.0,0.9085145228778313,-0.4178532777423992,2.0,0.0,0.0,0.0,0.0,0.0,0.0,0.0,-16.01229635841129,-59.05641724619828,0.0,0.0,0.0,-0.48939569436555963,0.8720618408899977,2.0,0.0,0.0,0.0,0.0,0.0,0.0,0.0,-21.659786451308683,-72.62247949389767,0.0,0.0,0.0,0.11665565544650033,0.9931724211094202,2.0,0.0,0.0,0.0,0.0,0.0,0.0
666,0.0,-15.68144182957792,-58.861388782494586,0.0,0.0,0.0,-0.5027348474264373,0.8644406707132172,2.0,0.0,0.0,0.0,0.0,0.0,0.0,0.0,2.0399818171595836,-74.5300420126833,0.0,0.0,0.0,0.9806116829236654,0.19596103519224595,2.0,0.0,0.0,0.0,0.0,0.0,0.0,0.0,-1.3650340430016659,-60.23535571847316,0.0,0.0,0.0,0.9085145228778313,-0.4178532777423992,2.0,0.0,0.0,0.0,0.0,0.0,0.0,0.0,-16.01229635841129,-59.05641724619828,0.0,0.0,0.0,-0.48939569436555963,0.8720618408899977,2.0,0.0,0.0,0.0,0.0,0.0,0.0,0.0,-21.659786451308683,-72.62247949389767,0.0,0.0,0.0,0.11665565544650033,0.9931724211094202,2.0,0.0,0.0,0.0,0.0,0.0,0.0
667,0.0,-15.768159987123855,-58.9111874553546,0.0,0.0,0.0,-0.49927307209086064,0.8664446892242772,2.0,0.0,0.0,0.0,0.0,0.0,0.0,0.0,2.0399818171595836,-74.5300420126833,0.0,0.0,0.0,0.9806116829236654,0.19596103519224595,2.0,0.0,0.0,0.0,0.0,0.0,0.0,0.0,-1.3650340430016659,-60.23535571847316,0.0,0.0,0.0,0.9085145228778313,-0.4178532777423992,2.0,0.0,0.0,0.0,0.0,0.0,0.0,0.0,-16.01229635841129,-59.05641724619828,0.0,0.0,0.0,-0.48939569436555963,0.8720618408899977,2.0,0.0,0.0,0.0,0.0,0.0,0.0,0.0,-21.659786451308683,-72.62247949389767,0.0,0.0,0.0,0.11665565544650033,0.9931724211094202,2.0,0.0,0.0,0.0,0.0,0.0,0.0
668,0.0,-15.854476984570145,-58.96167827252602,0.0,0.0,0.0,-0.49580330839678166,0.8684348446387937,2.0,0.0,0.0,0.0,0.0,0.0,0.0,0.0,2.0399818171595836,-74.5300420126833,0.0,0.0,0.0,0.9806116829236654,0.19596103519224595,2.0,0.0,0.0,0.0,0.0,0.0,0.0,0.0,-1.3650340430016659,-60.23535571847316,0.0,0.0,0.0,0.9085145228778313,-0.4178532777423992,2.0,0.0,0.0,0.0,0.0,0.0,0.0,0.0,-16.01229635841129,-59.05641724619828,0.0,0.0,0.0,-0.48939569436555963,0.8720618408899977,2.0,0.0,0.0,0.0,0.0,0.0,0.0,0.0,-21.659786451308683,-72.62247949389767,0.0,0.0,0.0,0.11665565544650033,0.9931724211094202,2.0,0.0,0.0,0.0,0.0,0.0,0.0
669,0.0,-15.940387297658411,-59.01285800261379,0.0,0.0,0.0,-0.49232561186034546,0.8704111051143226,2.0,0.0,0.0,0.0,0.0,0.0,0.0,0.0,2.0399818171595836,-74.5300420126833,0.0,0.0,0.0,0.9806116829236654,0.19596103519224595,2.0,0.0,0.0,0.0,0.0,0.0,0.0,0.0,-1.3650340430016659,-60.23535571847316,0.0,0.0,0.0,0.9085145228778313,-0.4178532777423992,2.0,0.0,0.0,0.0,0.0,0.0,0.0,0.0,-16.01229635841129,-59.05641724619828,0.0,0.0,0.0,-0.48939569436555963,0.8720618408899977,2.0,0.0,0.0,0.0,0.0,0.0,0.0,0.0,-21.659786451308683,-72.62247949389767,0.0,0.0,0.0,0.11665565544650033,0.9931724211094202,2.0,0.0,0.0,0.0,0.0,0.0,0.0
670,0.0,-16.02588542815794,-59.06472337013264,0.0,0.0,0.0,-0.48884003812462246,0.8723734390307385,2.0,0.0,0.0,0.0,0.0,0.0,0.0,0.0,2.0399818171595836,-74.5300420126833,0.0,0.0,0.0,0.9806116829236654,0.19596103519224595,2.0,0.0,0.0,0.0,0.0,0.0,0.0,0.0,-1.3650340430016659,-60.23535571847316,0.0,0.0,0.0,0.9085145228778313,-0.4178532777423992,2.0,0.0,0.0,0.0,0.0,0.0,0.0,0.0,-16.01229635841129,-59.05641724619828,0.0,0.0,0.0,-0.48939569436555963,0.8720618408899977,2.0,0.0,0.0,0.0,0.0,0.0,0.0,0.0,-21.659786451308683,-72.62247949389767,0.0,0.0,0.0,0.11665565544650033,0.9931724211094202,2.0,0.0,0.0,0.0,0.0,0.0,0.0
671,0.0,-16.110965904217565,-59.11727105571677,0.0,0.0,0.0,-0.48534664295871804,0.8743218149907405,2.0,0.0,0.0,0.0,0.0,0.0,0.0,0.0,2.0399818171595836,-74.5300420126833,0.0,0.0,0.0,0.9806116829236654,0.19596103519224595,2.0,0.0,0.0,0.0,0.0,0.0,0.0,0.0,-1.3650340430016659,-60.23535571847316,0.0,0.0,0.0,0.9085145228778313,-0.4178532777423992,2.0,0.0,0.0,0.0,0.0,0.0,0.0,0.0,-16.01229635841129,-59.05641724619828,0.0,0.0,0.0,-0.48939569436555963,0.8720618408899977,2.0,0.0,0.0,0.0,0.0,0.0,0.0,0.0,-21.659786451308683,-72.62247949389767,0.0,0.0,0.0,0.11665565544650033,0.9931724211094202,2.0,0.0,0.0,0.0,0.0,0.0,0.0
672,0.0,-16.19562328071586,-59.17049769633222,0.0,0.0,0.0,-0.4818454822568803,0.8762562018203548,2.0,0.0,0.0,0.0,0.0,0.0,0.0,0.0,2.0399818171595836,-74.5300420126833,0.0,0.0,0.0,0.9806116829236654,0.19596103519224595,2.0,0.0,0.0,0.0,0.0,0.0,0.0,0.0,-1.3650340430016659,-60.23535571847316,0.0,0.0,0.0,0.9085145228778313,-0.4178532777423992,2.0,0.0,0.0,0.0,0.0,0.0,0.0,0.0,-16.01229635841129,-59.05641724619828,0.0,0.0,0.0,-0.48939569436555963,0.8720618408899977,2.0,0.0,0.0,0.0,0.0,0.0,0.0,0.0,-21.659786451308683,-72.62247949389767,0.0,0.0,0.0,0.11665565544650033,0.9931724211094202,2.0,0.0,0.0,0.0,0.0,0.0,0.0
673,0.0,-16.279852139609623,-59.22439988549217,0.0,0.0,0.0,-0.47833661203760586,0.8781765685694335,2.0,0.0,0.0,0.0,0.0,0.0,0.0,0.0,2.0399818171595836,-74.5300420126833,0.0,0.0,0.0,0.9806116829236654,0.19596103519224595,2.0,0.0,0.0,0.0,0.0,0.0,0.0,0.0,-1.3650340430016659,-60.23535571847316,0.0,0.0,0.0,0.9085145228778313,-0.4178532777423992,2.0,0.0,0.0,0.0,0.0,0.0,0.0,0.0,-16.01229635841129,-59.05641724619828,0.0,0.0,0.0,-0.48939569436555963,0.8720618408899977,2.0,0.0,0.0,0.0,0.0,0.0,0.0,0.0,-21.659786451308683,-72.62247949389767,0.0,0.0,0.0,0.11665565544650033,0.9931724211094202,2.0,0.0,0.0,0.0,0.0,0.0,0.0
674,0.0,-16.363647090280637,-59.278974173474914,0.0,0.0,0.0,-0.4748200884427433,0.8800828845121494,2.0,0.0,0.0,0.0,0.0,0.0,0.0,0.0,2.0399818171595836,-74.5300420126833,0.0,0.0,0.0,0.9806116829236654,0.19596103519224595,2.0,0.0,0.0,0.0,0.0,0.0,0.0,0.0,-1.3650340430016659,-60.23535571847316,0.0,0.0,0.0,0.9085145228778313,-0.4178532777423992,2.0,0.0,0.0,0.0,0.0,0.0,0.0,0.0,-16.01229635841129,-59.05641724619828,0.0,0.0,0.0,-0.48939569436555963,0.8720618408899977,2.0,0.0,0.0,0.0,0.0,0.0,0.0,0.0,-21.659786451308683,-72.62247949389767,0.0,0.0,0.0,0.11665565544650033,0.9931724211094202,2.0,0.0,0.0,0.0,0.0,0.0,0.0
675,0.0,-16.447002769880655,-59.33421706754464,0.0,0.0,0.0,-0.47129596773659516,0.8819751191474884,2.0,0.0,0.0,0.0,0.0,0.0,0.0,0.0,2.0399818171595836,-74.5300420126833,0.0,0.0,0.0,0.9806116829236654,0.19596103519224595,2.0,0.0,0.0,0.0,0.0,0.0,0.0,0.0,-1.3650340430016659,-60.23535571847316,0.0,0.0,0.0,0.9085145228778313,-0.4178532777423992,2.0,0.0,0.0,0.0,0.0,0.0,0.0,0.0,-16.01229635841129,-59.05641724619828,0.0,0.0,0.0,-0.48939569436555963,0.8720618408899977,2.0,0.0,0.0,0.0,0.0,0.0,0.0,0.0,-21.659786451308683,-72.62247949389767,0.0,0.0,0.0,0.11665565544650033,0.9931724211094202,2.0,0.0,0.0,0.0,0.0,0.0,0.0
676,0.0,-16.529913843674642,-59.39012503217499,0.0,0.0,0.0,-0.46776430630501775,0.8838532421997362,2.0,0.0,0.0,0.0,0.0,0.0,0.0,0.0,2.0399818171595836,-74.5300420126833,0.0,0.0,0.0,0.9806116829236654,0.19596103519224595,2.0,0.0,0.0,0.0,0.0,0.0,0.0,0.0,-1.3650340430016659,-60.23535571847316,0.0,0.0,0.0,0.9085145228778313,-0.4178532777423992,2.0,0.0,0.0,0.0,0.0,0.0,0.0,0.0,-16.01229635841129,-59.05641724619828,0.0,0.0,0.0,-0.48939569436555963,0.8720618408899977,2.0,0.0,0.0,0.0,0.0,0.0,0.0,0.0,-21.659786451308683,-72.62247949389767,0.0,0.0,0.0,0.11665565544650033,0.9931724211094202,2.0,0.0,0.0,0.0,0.0,0.0,0.0
677,0.0,-16.612375005382173,-59.44669448927531,0.0,0.0,0.0,-0.464225160654518,0.8857172236189645,2.0,0.0,0.0,0.0,0.0,0.0,0.0,0.0,2.0399818171595836,-74.5300420126833,0.0,0.0,0.0,0.9806116829236654,0.19596103519224595,2.0,0.0,0.0,0.0,0.0,0.0,0.0,0.0,-1.3650340430016659,-60.23535571847316,0.0,0.0,0.0,0.9085145228778313,-0.4178532777423992,2.0,0.0,0.0,0.0,0.0,0.0,0.0,0.0,-16.01229635841129,-59.05641724619828,0.0,0.0,0.0,-0.48939569436555963,0.8720618408899977,2.0,0.0,0.0,0.0,0.0,0.0,0.0,0.0,-21.659786451308683,-72.62247949389767,0.0,0.0,0.0,0.11665565544650033,0.9931724211094202,2.0,0.0,0.0,0.0,0.0,0.0,0.0
678,0.0,-16.694380977517042,-59.503921818419656,0.0,0.0,0.0,-0.4606785874113515,0.8875670335815102,2.0,0.0,0.0,0.0,0.0,0.0,0.0,0.0,2.0399818171595836,-74.5300420126833,0.0,0.0,0.0,0.9806116829236654,0.19596103519224595,2.0,0.0,0.0,0.0,0.0,0.0,0.0,0.0,-1.3650340430016659,-60.23535571847316,0.0,0.0,0.0,0.9085145228778313,-0.4178532777423992,2.0,0.0,0.0,0.0,0.0,0.0,0.0,0.0,-16.01229635841129,-59.05641724619828,0.0,0.0,0.0,-0.48939569436555963,0.8720618408899977,2.0,0.0,0.0,0.0,0.0,0.0,0.0,0.0,-21.659786451308683,-72.62247949389767,0.0,0.0,0.0,0.11665565544650033,0.9931724211094202,2.0,0.0,0.0,0.0,0.0,0.0,0.0
679,0.0,-16.775926511725032,-59.56180335707849,0.0,0.0,0.0,-0.4571246433206142,0.8894026424904534,2.0,0.0,0.0,0.0,0.0,0.0,0.0,0.0,2.0399818171595836,-74.5300420126833,0.0,0.0,0.0,0.9806116829236654,0.19596103519224595,2.0,0.0,0.0,0.0,0.0,0.0,0.0,0.0,-1.3650340430016659,-60.23535571847316,0.0,0.0,0.0,0.9085145228778313,-0.4178532777423992,2.0,0.0,0.0,0.0,0.0,0.0,0.0,0.0,-16.01229635841129,-59.05641724619828,0.0,0.0,0.0,-0.48939569436555963,0.8720618408899977,2.0,0.0,0.0,0.0,0.0,0.0,0.0,0.0,-21.659786451308683,-72.62247949389767,0.0,0.0,0.0,0.11665565544650033,0.9931724211094202,2.0,0.0,0.0,0.0,0.0,0.0,0.0
680,0.0,-16.85700638911978,-59.62033540085311,0.0,0.0,0.0,-0.45356338524533574,0.8912240209760905,2.0,0.0,0.0,0.0,0.0,0.0,0.0,0.0,2.0399818171595836,-74.5300420126833,0.0,0.0,0.0,0.9806116829236654,0.19596103519224595,2.0,0.0,0.0,0.0,0.0,0.0,0.0,0.0,-1.3650340430016659,-60.23535571847316,0.0,0.0,0.0,0.9085145228778313,-0.4178532777423992,2.0,0.0,0.0,0.0,0.0,0.0,0.0,0.0,-16.01229635841129,-59.05641724619828,0.0,0.0,0.0,-0.48939569436555963,0.8720618408899977,2.0,0.0,0.0,0.0,0.0,0.0,0.0,0.0,-21.659786451308683,-72.62247949389767,0.0,0.0,0.0,0.11665565544650033,0.9931724211094202,2.0,0.0,0.0,0.0,0.0,0.0,0.0
681,0.0,-16.937615420616808,-59.67951420371267,0.0,0.0,0.0,-0.44999487016556955,0.8930311398964048,2.0,0.0,0.0,0.0,0.0,0.0,0.0,0.0,2.0399818171595836,-74.5300420126833,0.0,0.0,0.0,0.9806116829236654,0.19596103519224595,2.0,0.0,0.0,0.0,0.0,0.0,0.0,0.0,-1.3650340430016659,-60.23535571847316,0.0,0.0,0.0,0.9085145228778313,-0.4178532777423992,2.0,0.0,0.0,0.0,0.0,0.0,0.0,0.0,-16.01229635841129,-59.05641724619828,0.0,0.0,0.0,-0.48939569436555963,0.8720618408899977,2.0,0.0,0.0,0.0,0.0,0.0,0.0,0.0,-21.659786451308683,-72.62247949389767,0.0,0.0,0.0,0.11665565544650033,0.9931724211094202,2.0,0.0,0.0,0.0,0.0,0.0,0.0
682,0.0,-17.017748447265618,-59.739335978234,0.0,0.0,0.0,-0.4464191551774802,0.8948239703375322,2.0,0.0,0.0,0.0,0.0,0.0,0.0,0.0,2.0399818171595836,-74.5300420126833,0.0,0.0,0.0,0.9806116829236654,0.19596103519224595,2.0,0.0,0.0,0.0,0.0,0.0,0.0,0.0,-1.3650340430016659,-60.23535571847316,0.0,0.0,0.0,0.9085145228778313,-0.4178532777423992,2.0,0.0,0.0,0.0,0.0,0.0,0.0,0.0,-16.01229635841129,-59.05641724619828,0.0,0.0,0.0,-0.48939569436555963,0.8720618408899977,2.0,0.0,0.0,0.0,0.0,0.0,0.0,0.0,-21.659786451308683,-72.62247949389767,0.0,0.0,0.0,0.11665565544650033,0.9931724211094202,2.0,0.0,0.0,0.0,0.0,0.0,0.0
683,0.0,-17.09740034057986,-59.799796895843954,0.0,0.0,0.0,-0.44283629749243186,0.8966024836142238,2.0,0.0,0.0,0.0,0.0,0.0,0.0,0.0,2.0399818171595836,-74.5300420126833,0.0,0.0,0.0,0.9806116829236654,0.19596103519224595,2.0,0.0,0.0,0.0,0.0,0.0,0.0,0.0,-1.3650340430016659,-60.23535571847316,0.0,0.0,0.0,0.9085145228778313,-0.4178532777423992,2.0,0.0,0.0,0.0,0.0,0.0,0.0,0.0,-16.01229635841129,-59.05641724619828,0.0,0.0,0.0,-0.48939569436555963,0.8720618408899977,2.0,0.0,0.0,0.0,0.0,0.0,0.0,0.0,-21.659786451308683,-72.62247949389767,0.0,0.0,0.0,0.11665565544650033,0.9931724211094202,2.0,0.0,0.0,0.0,0.0,0.0,0.0
684,0.0,-17.176566002865542,-59.86089308706444,0.0,0.0,0.0,-0.43924635443607074,0.8983666512703049,2.0,0.0,0.0,0.0,0.0,0.0,0.0,0.0,2.0399818171595836,-74.5300420126833,0.0,0.0,0.0,0.9806116829236654,0.19596103519224595,2.0,0.0,0.0,0.0,0.0,0.0,0.0,0.0,-1.3650340430016659,-60.23535571847316,0.0,0.0,0.0,0.9085145228778313,-0.4178532777423992,2.0,0.0,0.0,0.0,0.0,0.0,0.0,0.0,-16.01229635841129,-59.05641724619828,0.0,0.0,0.0,-0.48939569436555963,0.8720618408899977,2.0,0.0,0.0,0.0,0.0,0.0,0.0,0.0,-21.659786451308683,-72.62247949389767,0.0,0.0,0.0,0.11665565544650033,0.9931724211094202,2.0,0.0,0.0,0.0,0.0,0.0,0.0
685,0.0,-17.2552403675473,-59.92262064176007,0.0,0.0,0.0,-0.4356493834474093,0.9001164450791309,2.0,0.0,0.0,0.0,0.0,0.0,0.0,0.0,2.0399818171595836,-74.5300420126833,0.0,0.0,0.0,0.9806116829236654,0.19596103519224595,2.0,0.0,0.0,0.0,0.0,0.0,0.0,0.0,-1.3650340430016659,-60.23535571847316,0.0,0.0,0.0,0.9085145228778313,-0.4178532777423992,2.0,0.0,0.0,0.0,0.0,0.0,0.0,0.0,-16.01229635841129,-59.05641724619828,0.0,0.0,0.0,-0.48939569436555963,0.8720618408899977,2.0,0.0,0.0,0.0,0.0,0.0,0.0,0.0,-21.659786451308683,-72.62247949389767,0.0,0.0,0.0,0.11665565544650033,0.9931724211094202,2.0,0.0,0.0,0.0,0.0,0.0,0.0
686,0.0,-17.333418399492658,-59.98497560938841,0.0,0.0,0.0,-0.4320454420779065,0.9018518370440382,2.0,0.0,0.0,0.0,0.0,0.0,0.0,0.0,2.0399818171595836,-74.5300420126833,0.0,0.0,0.0,0.9806116829236654,0.19596103519224595,2.0,0.0,0.0,0.0,0.0,0.0,0.0,0.0,-1.3650340430016659,-60.23535571847316,0.0,0.0,0.0,0.9085145228778313,-0.4178532777423992,2.0,0.0,0.0,0.0,0.0,0.0,0.0,0.0,-16.01229635841129,-59.05641724619828,0.0,0.0,0.0,-0.48939569436555963,0.8720618408899977,2.0,0.0,0.0,0.0,0.0,0.0,0.0,0.0,-21.659786451308683,-72.62247949389767,0.0,0.0,0.0,0.11665565544650033,0.9931724211094202,2.0,0.0,0.0,0.0,0.0,0.0,0.0
687,0.0,-17.411095095334247,-60.04795399925282,0.0,0.0,0.0,-0.42843458799054746,0.9035727993987921,2.0,0.0,0.0,0.0,0.0,0.0,0.0,0.0,2.0399818171595836,-74.5300420126833,0.0,0.0,0.0,0.9806116829236654,0.19596103519224595,2.0,0.0,0.0,0.0,0.0,0.0,0.0,0.0,-1.3650340430016659,-60.23535571847316,0.0,0.0,0.0,0.9085145228778313,-0.4178532777423992,2.0,0.0,0.0,0.0,0.0,0.0,0.0,0.0,-16.01229635841129,-59.05641724619828,0.0,0.0,0.0,-0.48939569436555963,0.8720618408899977,2.0,0.0,0.0,0.0,0.0,0.0,0.0,0.0,-21.659786451308683,-72.62247949389767,0.0,0.0,0.0,0.11665565544650033,0.9931724211094202,2.0,0.0,0.0,0.0,0.0,0.0,0.0
688,0.0,-17.488265483790045,-60.11155178075785,0.0,0.0,0.0,-0.42481687895892045,0.905279304608032,2.0,0.0,0.0,0.0,0.0,0.0,0.0,0.0,2.0399818171595836,-74.5300420126833,0.0,0.0,0.0,0.9806116829236654,0.19596103519224595,2.0,0.0,0.0,0.0,0.0,0.0,0.0,0.0,-1.3650340430016659,-60.23535571847316,0.0,0.0,0.0,0.9085145228778313,-0.4178532777423992,2.0,0.0,0.0,0.0,0.0,0.0,0.0,0.0,-16.01229635841129,-59.05641724619828,0.0,0.0,0.0,-0.48939569436555963,0.8720618408899977,2.0,0.0,0.0,0.0,0.0,0.0,0.0,0.0,-21.659786451308683,-72.62247949389767,0.0,0.0,0.0,0.11665565544650033,0.9931724211094202,2.0,0.0,0.0,0.0,0.0,0.0,0.0
689,0.0,-17.56492462598154,-60.175764883667185,0.0,0.0,0.0,-0.4211923728662929,0.9069713253677106,2.0,0.0,0.0,0.0,0.0,0.0,0.0,0.0,2.0399818171595836,-74.5300420126833,0.0,0.0,0.0,0.9806116829236654,0.19596103519224595,2.0,0.0,0.0,0.0,0.0,0.0,0.0,0.0,-1.3650340430016659,-60.23535571847316,0.0,0.0,0.0,0.9085145228778313,-0.4178532777423992,2.0,0.0,0.0,0.0,0.0,0.0,0.0,0.0,-16.01229635841129,-59.05641724619828,0.0,0.0,0.0,-0.48939569436555963,0.8720618408899977,2.0,0.0,0.0,0.0,0.0,0.0,0.0,0.0,-21.659786451308683,-72.62247949389767,0.0,0.0,0.0,0.11665565544650033,0.9931724211094202,2.0,0.0,0.0,0.0,0.0,0.0,0.0
690,0.0,-17.641067615749794,-60.240589198364155,0.0,0.0,0.0,-0.4175611277046849,0.9086488346055323,2.0,0.0,0.0,0.0,0.0,0.0,0.0,0.0,2.0399818171595836,-74.5300420126833,0.0,0.0,0.0,0.9806116829236654,0.19596103519224595,2.0,0.0,0.0,0.0,0.0,0.0,0.0,0.0,-1.3650340430016659,-60.23535571847316,0.0,0.0,0.0,0.9085145228778313,-0.4178532777423992,2.0,0.0,0.0,0.0,0.0,0.0,0.0,0.0,-16.01229635841129,-59.05641724619828,0.0,0.0,0.0,-0.48939569436555963,0.8720618408899977,2.0,0.0,0.0,0.0,0.0,0.0,0.0,0.0,-21.659786451308683,-72.62247949389767,0.0,0.0,0.0,0.11665565544650033,0.9931724211094202,2.0,0.0,0.0,0.0,0.0,0.0,0.0
691,0.0,-17.716689579969454,-60.306020576114754,0.0,0.0,0.0,-0.4139232015739416,0.9103118054813846,2.0,0.0,0.0,0.0,0.0,0.0,0.0,0.0,2.0399818171595836,-74.5300420126833,0.0,0.0,0.0,0.9806116829236654,0.19596103519224595,2.0,0.0,0.0,0.0,0.0,0.0,0.0,0.0,-1.3650340430016659,-60.23535571847316,0.0,0.0,0.0,0.9085145228778313,-0.4178532777423992,2.0,0.0,0.0,0.0,0.0,0.0,0.0,0.0,-16.01229635841129,-59.05641724619828,0.0,0.0,0.0,-0.48939569436555963,0.8720618408899977,2.0,0.0,0.0,0.0,0.0,0.0,0.0,0.0,-21.659786451308683,-72.62247949389767,0.0,0.0,0.0,0.11665565544650033,0.9931724211094202,2.0,0.0,0.0,0.0,0.0,0.0,0.0
692,0.0,-17.791785678860613,-60.37205482933313,0.0,0.0,0.0,-0.4102786526808035,0.9119602113877692,2.0,0.0,0.0,0.0,0.0,0.0,0.0,0.0,2.0399818171595836,-74.5300420126833,0.0,0.0,0.0,0.9806116829236654,0.19596103519224595,2.0,0.0,0.0,0.0,0.0,0.0,0.0,0.0,-1.3650340430016659,-60.23535571847316,0.0,0.0,0.0,0.9085145228778313,-0.4178532777423992,2.0,0.0,0.0,0.0,0.0,0.0,0.0,0.0,-16.01229635841129,-59.05641724619828,0.0,0.0,0.0,-0.48939569436555963,0.8720618408899977,2.0,0.0,0.0,0.0,0.0,0.0,0.0,0.0,-21.659786451308683,-72.62247949389767,0.0,0.0,0.0,0.11665565544650033,0.9931724211094202,2.0,0.0,0.0,0.0,0.0,0.0,0.0
693,0.0,-17.866351106298588,-60.438687731849626,0.0,0.0,0.0,-0.4066275393379751,0.9135940259502268,2.0,0.0,0.0,0.0,0.0,0.0,0.0,0.0,2.0399818171595836,-74.5300420126833,0.0,0.0,0.0,0.9806116829236654,0.19596103519224595,2.0,0.0,0.0,0.0,0.0,0.0,0.0,0.0,-1.3650340430016659,-60.23535571847316,0.0,0.0,0.0,0.9085145228778313,-0.4178532777423992,2.0,0.0,0.0,0.0,0.0,0.0,0.0,0.0,-16.01229635841129,-59.05641724619828,0.0,0.0,0.0,-0.48939569436555963,0.8720618408899977,2.0,0.0,0.0,0.0,0.0,0.0,0.0,0.0,-21.659786451308683,-72.62247949389767,0.0,0.0,0.0,0.11665565544650033,0.9931724211094202,2.0,0.0,0.0,0.0,0.0,0.0,0.0
694,0.0,-17.940381090121466,-60.505915019181224,0.0,0.0,0.0,-0.40296991996319215,0.915213223027759,2.0,0.0,0.0,0.0,0.0,0.0,0.0,0.0,2.0399818171595836,-74.5300420126833,0.0,0.0,0.0,0.9806116829236654,0.19596103519224595,2.0,0.0,0.0,0.0,0.0,0.0,0.0,0.0,-1.3650340430016659,-60.23535571847316,0.0,0.0,0.0,0.9085145228778313,-0.4178532777423992,2.0,0.0,0.0,0.0,0.0,0.0,0.0,0.0,-16.01229635841129,-59.05641724619828,0.0,0.0,0.0,-0.48939569436555963,0.8720618408899977,2.0,0.0,0.0,0.0,0.0,0.0,0.0,0.0,-21.659786451308683,-72.62247949389767,0.0,0.0,0.0,0.11665565544650033,0.9931724211094202,2.0,0.0,0.0,0.0,0.0,0.0,0.0
695,0.0,-18.013870892435556,-60.57373238880447,0.0,0.0,0.0,-0.3993058530782863,0.9168177767132474,2.0,0.0,0.0,0.0,0.0,0.0,0.0,0.0,2.0399818171595836,-74.5300420126833,0.0,0.0,0.0,0.9806116829236654,0.19596103519224595,2.0,0.0,0.0,0.0,0.0,0.0,0.0,0.0,-1.3650340430016659,-60.23535571847316,0.0,0.0,0.0,0.9085145228778313,-0.4178532777423992,2.0,0.0,0.0,0.0,0.0,0.0,0.0,0.0,-16.01229635841129,-59.05641724619828,0.0,0.0,0.0,-0.48939569436555963,0.8720618408899977,2.0,0.0,0.0,0.0,0.0,0.0,0.0,0.0,-21.659786451308683,-72.62247949389767,0.0,0.0,0.0,0.11665565544650033,0.9931724211094202,2.0,0.0,0.0,0.0,0.0,0.0,0.0
696,0.0,-18.086815809918587,-60.642135500430875,0.0,0.0,0.0,-0.39563539730824954,0.9184076613338673,2.0,0.0,0.0,0.0,0.0,0.0,0.0,0.0,2.0399818171595836,-74.5300420126833,0.0,0.0,0.0,0.9806116829236654,0.19596103519224595,2.0,0.0,0.0,0.0,0.0,0.0,0.0,0.0,-1.3650340430016659,-60.23535571847316,0.0,0.0,0.0,0.9085145228778313,-0.4178532777423992,2.0,0.0,0.0,0.0,0.0,0.0,0.0,0.0,-16.01229635841129,-59.05641724619828,0.0,0.0,0.0,-0.48939569436555963,0.8720618408899977,2.0,0.0,0.0,0.0,0.0,0.0,0.0,0.0,-21.659786451308683,-72.62247949389767,0.0,0.0,0.0,0.11665565544650033,0.9931724211094202,2.0,0.0,0.0,0.0,0.0,0.0,0.0
697,0.0,-18.159211174120745,-60.71111997628463,0.0,0.0,0.0,-0.39195861138029625,0.9199828514514985,2.0,0.0,0.0,0.0,0.0,0.0,0.0,0.0,2.0399818171595836,-74.5300420126833,0.0,0.0,0.0,0.9806116829236654,0.19596103519224595,2.0,0.0,0.0,0.0,0.0,0.0,0.0,0.0,-1.3650340430016659,-60.23535571847316,0.0,0.0,0.0,0.9085145228778313,-0.4178532777423992,2.0,0.0,0.0,0.0,0.0,0.0,0.0,0.0,-16.01229635841129,-59.05641724619828,0.0,0.0,0.0,-0.48939569436555963,0.8720618408899977,2.0,0.0,0.0,0.0,0.0,0.0,0.0,0.0,-21.659786451308683,-72.62247949389767,0.0,0.0,0.0,0.11665565544650033,0.9931724211094202,2.0,0.0,0.0,0.0,0.0,0.0,0.0
698,0.0,-18.23105235176343,-60.78068140138283,0.0,0.0,0.0,-0.3882755541229227,0.9215433218631327,2.0,0.0,0.0,0.0,0.0,0.0,0.0,0.0,2.0399818171595836,-74.5300420126833,0.0,0.0,0.0,0.9806116829236654,0.19596103519224595,2.0,0.0,0.0,0.0,0.0,0.0,0.0,0.0,-1.3650340430016659,-60.23535571847316,0.0,0.0,0.0,0.9085145228778313,-0.4178532777423992,2.0,0.0,0.0,0.0,0.0,0.0,0.0,0.0,-16.01229635841129,-59.05641724619828,0.0,0.0,0.0,-0.48939569436555963,0.8720618408899977,2.0,0.0,0.0,0.0,0.0,0.0,0.0,0.0,-21.659786451308683,-72.62247949389767,0.0,0.0,0.0,0.11665565544650033,0.9931724211094202,2.0,0.0,0.0,0.0,0.0,0.0,0.0
699,0.0,-18.3023347450358,-60.85081532381801,0.0,0.0,0.0,-0.38458628446496634,0.9230890476012766,2.0,0.0,0.0,0.0,0.0,0.0,0.0,0.0,2.0399818171595836,-74.5300420126833,0.0,0.0,0.0,0.9806116829236654,0.19596103519224595,2.0,0.0,0.0,0.0,0.0,0.0,0.0,0.0,-1.3650340430016659,-60.23535571847316,0.0,0.0,0.0,0.9085145228778313,-0.4178532777423992,2.0,0.0,0.0,0.0,0.0,0.0,0.0,0.0,-16.01229635841129,-59.05641724619828,0.0,0.0,0.0,-0.48939569436555963,0.8720618408899977,2.0,0.0,0.0,0.0,0.0,0.0,0.0,0.0,-21.659786451308683,-72.62247949389767,0.0,0.0,0.0,0.11665565544650033,0.9931724211094202,2.0,0.0,0.0,0.0,0.0,0.0,0.0
700,0.0,-18.373053791889006,-60.92151725504308,0.0,0.0,0.0,-0.3808908614346633,0.9246200039343515,2.0,0.0,0.0,0.0,0.0,0.0,0.0,0.0,2.0399818171595836,-74.5300420126833,0.0,0.0,0.0,0.9806116829236654,0.19596103519224595,2.0,0.0,0.0,0.0,0.0,0.0,0.0,0.0,-1.3650340430016659,-60.23535571847316,0.0,0.0,0.0,0.9085145228778313,-0.4178532777423992,2.0,0.0,0.0,0.0,0.0,0.0,0.0,0.0,-16.01229635841129,-59.05641724619828,0.0,0.0,0.0,-0.48939569436555963,0.8720618408899977,2.0,0.0,0.0,0.0,0.0,0.0,0.0,0.0,-21.659786451308683,-72.62247949389767,0.0,0.0,0.0,0.11665565544650033,0.9931724211094202,2.0,0.0,0.0,0.0,0.0,0.0,0.0
701,0.0,-18.443204966328196,-60.99278267015857,0.0,0.0,0.0,-0.3771893441587025,0.9261361663670887,2.0,0.0,0.0,0.0,0.0,0.0,0.0,0.0,2.0399818171595836,-74.5300420126833,0.0,0.0,0.0,0.9806116829236654,0.19596103519224595,2.0,0.0,0.0,0.0,0.0,0.0,0.0,0.0,-1.3650340430016659,-60.23535571847316,0.0,0.0,0.0,0.9085145228778313,-0.4178532777423992,2.0,0.0,0.0,0.0,0.0,0.0,0.0,0.0,-16.01229635841129,-59.05641724619828,0.0,0.0,0.0,-0.48939569436555963,0.8720618408899977,2.0,0.0,0.0,0.0,0.0,0.0,0.0,0.0,-21.659786451308683,-72.62247949389767,0.0,0.0,0.0,0.11665565544650033,0.9931724211094202,2.0,0.0,0.0,0.0,0.0,0.0,0.0
702,0.0,-18.512783778702147,-61.06460700820223,0.0,0.0,0.0,-0.3734817918612821,0.9276375106409216,2.0,0.0,0.0,0.0,0.0,0.0,0.0,0.0,2.0399818171595836,-74.5300420126833,0.0,0.0,0.0,0.9806116829236654,0.19596103519224595,2.0,0.0,0.0,0.0,0.0,0.0,0.0,0.0,-1.3650340430016659,-60.23535571847316,0.0,0.0,0.0,0.9085145228778313,-0.4178532777423992,2.0,0.0,0.0,0.0,0.0,0.0,0.0,0.0,-16.01229635841129,-59.05641724619828,0.0,0.0,0.0,-0.48939569436555963,0.8720618408899977,2.0,0.0,0.0,0.0,0.0,0.0,0.0,0.0,-21.659786451308683,-72.62247949389767,0.0,0.0,0.0,0.11665565544650033,0.9931724211094202,2.0,0.0,0.0,0.0,0.0,0.0,0.0
703,0.0,-18.581785775990618,-61.13698567244096,0.0,0.0,0.0,-0.36976826386315953,0.9291240127343738,2.0,0.0,0.0,0.0,0.0,0.0,0.0,0.0,2.0399818171595836,-74.5300420126833,0.0,0.0,0.0,0.9806116829236654,0.19596103519224595,2.0,0.0,0.0,0.0,0.0,0.0,0.0,0.0,-1.3650340430016659,-60.23535571847316,0.0,0.0,0.0,0.9085145228778313,-0.4178532777423992,2.0,0.0,0.0,0.0,0.0,0.0,0.0,0.0,-16.01229635841129,-59.05641724619828,0.0,0.0,0.0,-0.48939569436555963,0.8720618408899977,2.0,0.0,0.0,0.0,0.0,0.0,0.0,0.0,-21.659786451308683,-72.62247949389767,0.0,0.0,0.0,0.11665565544650033,0.9931724211094202,2.0,0.0,0.0,0.0,0.0,0.0,0.0
704,0.0,-18.650206542089336,-61.20991403066494,0.0,0.0,0.0,-0.3660488195807035,0.9305956488634436,2.0,0.0,0.0,0.0,0.0,0.0,0.0,0.0,2.0399818171595836,-74.5300420126833,0.0,0.0,0.0,0.9806116829236654,0.19596103519224595,2.0,0.0,0.0,0.0,0.0,0.0,0.0,0.0,-1.3650340430016659,-60.23535571847316,0.0,0.0,0.0,0.9085145228778313,-0.4178532777423992,2.0,0.0,0.0,0.0,0.0,0.0,0.0,0.0,-16.01229635841129,-59.05641724619828,0.0,0.0,0.0,-0.48939569436555963,0.8720618408899977,2.0,0.0,0.0,0.0,0.0,0.0,0.0,0.0,-21.659786451308683,-72.62247949389767,0.0,0.0,0.0,0.11665565544650033,0.9931724211094202,2.0,0.0,0.0,0.0,0.0,0.0,0.0
705,0.0,-18.718041698092627,-61.283387415484135,0.0,0.0,0.0,-0.36232351852494327,0.9320523954819843,2.0,0.0,0.0,0.0,0.0,0.0,0.0,0.0,2.0399818171595836,-74.5300420126833,0.0,0.0,0.0,0.9806116829236654,0.19596103519224595,2.0,0.0,0.0,0.0,0.0,0.0,0.0,0.0,-1.3650340430016659,-60.23535571847316,0.0,0.0,0.0,0.9085145228778313,-0.4178532777423992,2.0,0.0,0.0,0.0,0.0,0.0,0.0,0.0,-16.01229635841129,-59.05641724619828,0.0,0.0,0.0,-0.48939569436555963,0.8720618408899977,2.0,0.0,0.0,0.0,0.0,0.0,0.0,0.0,-21.659786451308683,-72.62247949389767,0.0,0.0,0.0,0.11665565544650033,0.9931724211094202,2.0,0.0,0.0,0.0,0.0,0.0,0.0
706,0.0,-18.785286902573656,-61.357401124627,0.0,0.0,0.0,-0.35859242030061617,0.9334942292820809,2.0,0.0,0.0,0.0,0.0,0.0,0.0,0.0,2.0399818171595836,-74.5300420126833,0.0,0.0,0.0,0.9806116829236654,0.19596103519224595,2.0,0.0,0.0,0.0,0.0,0.0,0.0,0.0,-1.3650340430016659,-60.23535571847316,0.0,0.0,0.0,0.9085145228778313,-0.4178532777423992,2.0,0.0,0.0,0.0,0.0,0.0,0.0,0.0,-16.01229635841129,-59.05641724619828,0.0,0.0,0.0,-0.48939569436555963,0.8720618408899977,2.0,0.0,0.0,0.0,0.0,0.0,0.0,0.0,-21.659786451308683,-72.62247949389767,0.0,0.0,0.0,0.11665565544650033,0.9931724211094202,2.0,0.0,0.0,0.0,0.0,0.0,0.0
707,0.0,-18.85193785186229,-61.431950421241424,0.0,0.0,0.0,-0.3548555846052142,0.9349211271944237,2.0,0.0,0.0,0.0,0.0,0.0,0.0,0.0,2.0399818171595836,-74.5300420126833,0.0,0.0,0.0,0.9806116829236654,0.19596103519224595,2.0,0.0,0.0,0.0,0.0,0.0,0.0,0.0,-1.3650340430016659,-60.23535571847316,0.0,0.0,0.0,0.9085145228778313,-0.4178532777423992,2.0,0.0,0.0,0.0,0.0,0.0,0.0,0.0,-16.01229635841129,-59.05641724619828,0.0,0.0,0.0,-0.48939569436555963,0.8720618408899977,2.0,0.0,0.0,0.0,0.0,0.0,0.0,0.0,-21.659786451308683,-72.62247949389767,0.0,0.0,0.0,0.11665565544650033,0.9931724211094202,2.0,0.0,0.0,0.0,0.0,0.0,0.0
708,0.0,-18.917990280320527,-61.50703053419785,0.0,0.0,0.0,-0.3511130712280288,0.9363330663886762,2.0,0.0,0.0,0.0,0.0,0.0,0.0,0.0,2.0399818171595836,-74.5300420126833,0.0,0.0,0.0,0.9806116829236654,0.19596103519224595,2.0,0.0,0.0,0.0,0.0,0.0,0.0,0.0,-1.3650340430016659,-60.23535571847316,0.0,0.0,0.0,0.9085145228778313,-0.4178532777423992,2.0,0.0,0.0,0.0,0.0,0.0,0.0,0.0,-16.01229635841129,-59.05641724619828,0.0,0.0,0.0,-0.48939569436555963,0.8720618408899977,2.0,0.0,0.0,0.0,0.0,0.0,0.0,0.0,-21.659786451308683,-72.62247949389767,0.0,0.0,0.0,0.11665565544650033,0.9931724211094202,2.0,0.0,0.0,0.0,0.0,0.0,0.0
709,0.0,-18.98343996061549,-61.58263665839469,0.0,0.0,0.0,-0.3473649400491942,0.9377300242738417,2.0,0.0,0.0,0.0,0.0,0.0,0.0,0.0,2.0399818171595836,-74.5300420126833,0.0,0.0,0.0,0.9806116829236654,0.19596103519224595,2.0,0.0,0.0,0.0,0.0,0.0,0.0,0.0,-1.3650340430016659,-60.23535571847316,0.0,0.0,0.0,0.9085145228778313,-0.4178532777423992,2.0,0.0,0.0,0.0,0.0,0.0,0.0,0.0,-16.01229635841129,-59.05641724619828,0.0,0.0,0.0,-0.48939569436555963,0.8720618408899977,2.0,0.0,0.0,0.0,0.0,0.0,0.0,0.0,-21.659786451308683,-72.62247949389767,0.0,0.0,0.0,0.11665565544650033,0.9931724211094202,2.0,0.0,0.0,0.0,0.0,0.0,0.0
710,0.0,-19.048282703989983,-61.658763955065794,0.0,0.0,0.0,-0.3436112510387293,0.9391119784986236,2.0,0.0,0.0,0.0,0.0,0.0,0.0,0.0,2.0399818171595836,-74.5300420126833,0.0,0.0,0.0,0.9806116829236654,0.19596103519224595,2.0,0.0,0.0,0.0,0.0,0.0,0.0,0.0,-1.3650340430016659,-60.23535571847316,0.0,0.0,0.0,0.9085145228778313,-0.4178532777423992,2.0,0.0,0.0,0.0,0.0,0.0,0.0,0.0,-16.01229635841129,-59.05641724619828,0.0,0.0,0.0,-0.48939569436555963,0.8720618408899977,2.0,0.0,0.0,0.0,0.0,0.0,0.0,0.0,-21.659786451308683,-72.62247949389767,0.0,0.0,0.0,0.11665565544650033,0.9931724211094202,2.0,0.0,0.0,0.0,0.0,0.0,0.0
711,0.0,-19.11251436053056,-61.73540755209016,0.0,0.0,0.0,-0.3398520642555783,0.9404789069517839,2.0,0.0,0.0,0.0,0.0,0.0,0.0,0.0,2.0399818171595836,-74.5300420126833,0.0,0.0,0.0,0.9806116829236654,0.19596103519224595,2.0,0.0,0.0,0.0,0.0,0.0,0.0,0.0,-1.3650340430016659,-60.23535571847316,0.0,0.0,0.0,0.9085145228778313,-0.4178532777423992,2.0,0.0,0.0,0.0,0.0,0.0,0.0,0.0,-16.01229635841129,-59.05641724619828,0.0,0.0,0.0,-0.48939569436555963,0.8720618408899977,2.0,0.0,0.0,0.0,0.0,0.0,0.0,0.0,-21.659786451308683,-72.62247949389767,0.0,0.0,0.0,0.11665565544650033,0.9931724211094202,2.0,0.0,0.0,0.0,0.0,0.0,0.0
712,0.0,-19.176130819433126,-61.812562544303745,0.0,0.0,0.0,-0.33608743984664896,0.9418307877624967,2.0,0.0,0.0,0.0,0.0,0.0,0.0,0.0,2.0399818171595836,-74.5300420126833,0.0,0.0,0.0,0.9806116829236654,0.19596103519224595,2.0,0.0,0.0,0.0,0.0,0.0,0.0,0.0,-1.3650340430016659,-60.23535571847316,0.0,0.0,0.0,0.9085145228778313,-0.4178532777423992,2.0,0.0,0.0,0.0,0.0,0.0,0.0,0.0,-16.01229635841129,-59.05641724619828,0.0,0.0,0.0,-0.48939569436555963,0.8720618408899977,2.0,0.0,0.0,0.0,0.0,0.0,0.0,0.0,-21.659786451308683,-72.62247949389767,0.0,0.0,0.0,0.11665565544650033,0.9931724211094202,2.0,0.0,0.0,0.0,0.0,0.0,0.0
713,0.0,-19.23912800926603,-61.89022399381338,0.0,0.0,0.0,-0.3323174380458522,0.9431675993006976,2.0,0.0,0.0,0.0,0.0,0.0,0.0,0.0,2.0399818171595836,-74.5300420126833,0.0,0.0,0.0,0.9806116829236654,0.19596103519224595,2.0,0.0,0.0,0.0,0.0,0.0,0.0,0.0,-1.3650340430016659,-60.23535571847316,0.0,0.0,0.0,0.9085145228778313,-0.4178532777423992,2.0,0.0,0.0,0.0,0.0,0.0,0.0,0.0,-16.01229635841129,-59.05641724619828,0.0,0.0,0.0,-0.48939569436555963,0.8720618408899977,2.0,0.0,0.0,0.0,0.0,0.0,0.0,0.0,-21.659786451308683,-72.62247949389767,0.0,0.0,0.0,0.11665565544650033,0.9931724211094202,2.0,0.0,0.0,0.0,0.0,0.0,0.0
714,0.0,-19.30150189823062,-61.9683869303128,0.0,0.0,0.0,-0.3285421191731361,0.9444893201774305,2.0,0.0,0.0,0.0,0.0,0.0,0.0,0.0,2.0399818171595836,-74.5300420126833,0.0,0.0,0.0,0.9806116829236654,0.19596103519224595,2.0,0.0,0.0,0.0,0.0,0.0,0.0,0.0,-1.3650340430016659,-60.23535571847316,0.0,0.0,0.0,0.9085145228778313,-0.4178532777423992,2.0,0.0,0.0,0.0,0.0,0.0,0.0,0.0,-16.01229635841129,-59.05641724619828,0.0,0.0,0.0,-0.48939569436555963,0.8720618408899977,2.0,0.0,0.0,0.0,0.0,0.0,0.0,0.0,-21.659786451308683,-72.62247949389767,0.0,0.0,0.0,0.11665565544650033,0.9931724211094202,2.0,0.0,0.0,0.0,0.0,0.0,0.0
715,0.0,-19.363248494419295,-62.047046351400766,0.0,0.0,0.0,-0.3247615436335221,0.9457959292451897,2.0,0.0,0.0,0.0,0.0,0.0,0.0,0.0,2.0399818171595836,-74.5300420126833,0.0,0.0,0.0,0.9806116829236654,0.19596103519224595,2.0,0.0,0.0,0.0,0.0,0.0,0.0,0.0,-1.3650340430016659,-60.23535571847316,0.0,0.0,0.0,0.9085145228778313,-0.4178532777423992,2.0,0.0,0.0,0.0,0.0,0.0,0.0,0.0,-16.01229635841129,-59.05641724619828,0.0,0.0,0.0,-0.48939569436555963,0.8720618408899977,2.0,0.0,0.0,0.0,0.0,0.0,0.0,0.0,-21.659786451308683,-72.62247949389767,0.0,0.0,0.0,0.11665565544650033,0.9931724211094202,2.0,0.0,0.0,0.0,0.0,0.0,0.0
716,0.0,-19.42436384607098,-62.12619722290116,0.0,0.0,0.0,-0.32097577191613824,0.947087405598258,2.0,0.0,0.0,0.0,0.0,0.0,0.0,0.0,2.0399818171595836,-74.5300420126833,0.0,0.0,0.0,0.9806116829236654,0.19596103519224595,2.0,0.0,0.0,0.0,0.0,0.0,0.0,0.0,-1.3650340430016659,-60.23535571847316,0.0,0.0,0.0,0.9085145228778313,-0.4178532777423992,2.0,0.0,0.0,0.0,0.0,0.0,0.0,0.0,-16.01229635841129,-59.05641724619828,0.0,0.0,0.0,-0.48939569436555963,0.8720618408899977,2.0,0.0,0.0,0.0,0.0,0.0,0.0,0.0,-21.659786451308683,-72.62247949389767,0.0,0.0,0.0,0.11665565544650033,0.9931724211094202,2.0,0.0,0.0,0.0,0.0,0.0,0.0
717,0.0,-19.484844041824022,-62.20583447918523,0.0,0.0,0.0,-0.3171848645932512,0.9483637285730412,2.0,0.0,0.0,0.0,0.0,0.0,0.0,0.0,2.0399818171595836,-74.5300420126833,0.0,0.0,0.0,0.9806116829236654,0.19596103519224595,2.0,0.0,0.0,0.0,0.0,0.0,0.0,0.0,-1.3650340430016659,-60.23535571847316,0.0,0.0,0.0,0.9085145228778313,-0.4178532777423992,2.0,0.0,0.0,0.0,0.0,0.0,0.0,0.0,-16.01229635841129,-59.05641724619828,0.0,0.0,0.0,-0.48939569436555963,0.8720618408899977,2.0,0.0,0.0,0.0,0.0,0.0,0.0,0.0,-21.659786451308683,-72.62247949389767,0.0,0.0,0.0,0.11665565544650033,0.9931724211094202,2.0,0.0,0.0,0.0,0.0,0.0,0.0
718,0.0,-19.54468521096654,-62.28595302349575,0.0,0.0,0.0,-0.31338888231929724,0.949624877748399,2.0,0.0,0.0,0.0,0.0,0.0,0.0,0.0,2.0399818171595836,-74.5300420126833,0.0,0.0,0.0,0.9806116829236654,0.19596103519224595,2.0,0.0,0.0,0.0,0.0,0.0,0.0,0.0,-1.3650340430016659,-60.23535571847316,0.0,0.0,0.0,0.9085145228778313,-0.4178532777423992,2.0,0.0,0.0,0.0,0.0,0.0,0.0,0.0,-16.01229635841129,-59.05641724619828,0.0,0.0,0.0,-0.48939569436555963,0.8720618408899977,2.0,0.0,0.0,0.0,0.0,0.0,0.0,0.0,-21.659786451308683,-72.62247949389767,0.0,0.0,0.0,0.11665565544650033,0.9931724211094202,2.0,0.0,0.0,0.0,0.0,0.0,0.0
719,0.0,-19.603883523684136,-62.36654772827323,0.0,0.0,0.0,-0.3095878858299118,0.9508708329459714,2.0,0.0,0.0,0.0,0.0,0.0,0.0,0.0,2.0399818171595836,-74.5300420126833,0.0,0.0,0.0,0.9806116829236654,0.19596103519224595,2.0,0.0,0.0,0.0,0.0,0.0,0.0,0.0,-1.3650340430016659,-60.23535571847316,0.0,0.0,0.0,0.9085145228778313,-0.4178532777423992,2.0,0.0,0.0,0.0,0.0,0.0,0.0,0.0,-16.01229635841129,-59.05641724619828,0.0,0.0,0.0,-0.48939569436555963,0.8720618408899977,2.0,0.0,0.0,0.0,0.0,0.0,0.0,0.0,-21.659786451308683,-72.62247949389767,0.0,0.0,0.0,0.11665565544650033,0.9931724211094202,2.0,0.0,0.0,0.0,0.0,0.0,0.0
720,0.0,-19.662435191305,-62.44761343548409,0.0,0.0,0.0,-0.30578193594095787,0.9521015742305019,2.0,0.0,0.0,0.0,0.0,0.0,0.0,0.0,2.0399818171595836,-74.5300420126833,0.0,0.0,0.0,0.9806116829236654,0.19596103519224595,2.0,0.0,0.0,0.0,0.0,0.0,0.0,0.0,-1.3650340430016659,-60.23535571847316,0.0,0.0,0.0,0.9085145228778313,-0.4178532777423992,2.0,0.0,0.0,0.0,0.0,0.0,0.0,0.0,-16.01229635841129,-59.05641724619828,0.0,0.0,0.0,-0.48939569436555963,0.8720618408899977,2.0,0.0,0.0,0.0,0.0,0.0,0.0,0.0,-21.659786451308683,-72.62247949389767,0.0,0.0,0.0,0.11665565544650033,0.9931724211094202,2.0,0.0,0.0,0.0,0.0,0.0,0.0
721,0.0,-19.720336466542392,-62.529144956950724,0.0,0.0,0.0,-0.3019710935475518,0.9533170819101563,2.0,0.0,0.0,0.0,0.0,0.0,0.0,0.0,2.0399818171595836,-74.5300420126833,0.0,0.0,0.0,0.9806116829236654,0.19596103519224595,2.0,0.0,0.0,0.0,0.0,0.0,0.0,0.0,-1.3650340430016659,-60.23535571847316,0.0,0.0,0.0,0.9085145228778313,-0.4178532777423992,2.0,0.0,0.0,0.0,0.0,0.0,0.0,0.0,-16.01229635841129,-59.05641724619828,0.0,0.0,0.0,-0.48939569436555963,0.8720618408899977,2.0,0.0,0.0,0.0,0.0,0.0,0.0,0.0,-21.659786451308683,-72.62247949389767,0.0,0.0,0.0,0.11665565544650033,0.9931724211094202,2.0,0.0,0.0,0.0,0.0,0.0,0.0
722,0.0,-19.77758364373446,-62.61113707468359,0.0,0.0,0.0,-0.2981554196230912,0.9545173365368376,2.0,0.0,0.0,0.0,0.0,0.0,0.0,0.0,2.0399818171595836,-74.5300420126833,0.0,0.0,0.0,0.9806116829236654,0.19596103519224595,2.0,0.0,0.0,0.0,0.0,0.0,0.0,0.0,-1.3650340430016659,-60.23535571847316,0.0,0.0,0.0,0.9085145228778313,-0.4178532777423992,2.0,0.0,0.0,0.0,0.0,0.0,0.0,0.0,-16.01229635841129,-59.05641724619828,0.0,0.0,0.0,-0.48939569436555963,0.8720618408899977,2.0,0.0,0.0,0.0,0.0,0.0,0.0,0.0,-21.659786451308683,-72.62247949389767,0.0,0.0,0.0,0.11665565544650033,0.9931724211094202,2.0,0.0,0.0,0.0,0.0,0.0,0.0
723,0.0,-19.8341730590814,-62.693584541215145,0.0,0.0,0.0,-0.29433497521827734,0.9557023189064972,2.0,0.0,0.0,0.0,0.0,0.0,0.0,0.0,2.0399818171595836,-74.5300420126833,0.0,0.0,0.0,0.9806116829236654,0.19596103519224595,2.0,0.0,0.0,0.0,0.0,0.0,0.0,0.0,-1.3650340430016659,-60.23535571847316,0.0,0.0,0.0,0.9085145228778313,-0.4178532777423992,2.0,0.0,0.0,0.0,0.0,0.0,0.0,0.0,-16.01229635841129,-59.05641724619828,0.0,0.0,0.0,-0.48939569436555963,0.8720618408899977,2.0,0.0,0.0,0.0,0.0,0.0,0.0,0.0,-21.659786451308683,-72.62247949389767,0.0,0.0,0.0,0.11665565544650033,0.9931724211094202,2.0,0.0,0.0,0.0,0.0,0.0,0.0
724,0.0,-19.890101090879952,-62.77648207993567,0.0,0.0,0.0,-0.2905098214601391,0.9568720100594427,2.0,0.0,0.0,0.0,0.0,0.0,0.0,0.0,2.0399818171595836,-74.5300420126833,0.0,0.0,0.0,0.9806116829236654,0.19596103519224595,2.0,0.0,0.0,0.0,0.0,0.0,0.0,0.0,-1.3650340430016659,-60.23535571847316,0.0,0.0,0.0,0.9085145228778313,-0.4178532777423992,2.0,0.0,0.0,0.0,0.0,0.0,0.0,0.0,-16.01229635841129,-59.05641724619828,0.0,0.0,0.0,-0.48939569436555963,0.8720618408899977,2.0,0.0,0.0,0.0,0.0,0.0,0.0,0.0,-21.659786451308683,-72.62247949389767,0.0,0.0,0.0,0.11665565544650033,0.9931724211094202,2.0,0.0,0.0,0.0,0.0,0.0,0.0
725,0.0,-19.945364159755165,-62.85982438543098,0.0,0.0,0.0,-0.286680019551055,0.9580263912806404,2.0,0.0,0.0,0.0,0.0,0.0,0.0,0.0,2.0399818171595836,-74.5300420126833,0.0,0.0,0.0,0.9806116829236654,0.19596103519224595,2.0,0.0,0.0,0.0,0.0,0.0,0.0,0.0,-1.3650340430016659,-60.23535571847316,0.0,0.0,0.0,0.9085145228778313,-0.4178532777423992,2.0,0.0,0.0,0.0,0.0,0.0,0.0,0.0,-16.01229635841129,-59.05641724619828,0.0,0.0,0.0,-0.48939569436555963,0.8720618408899977,2.0,0.0,0.0,0.0,0.0,0.0,0.0,0.0,-21.659786451308683,-72.62247949389767,0.0,0.0,0.0,0.11665565544650033,0.9931724211094202,2.0,0.0,0.0,0.0,0.0,0.0,0.0
726,0.0,-19.999958728889503,-62.94360612382198,0.0,0.0,0.0,-0.2828456307677739,0.9591654441000156,2.0,0.0,0.0,0.0,0.0,0.0,0.0,0.0,2.0399818171595836,-74.5300420126833,0.0,0.0,0.0,0.9806116829236654,0.19596103519224595,2.0,0.0,0.0,0.0,0.0,0.0,0.0,0.0,-1.3650340430016659,-60.23535571847316,0.0,0.0,0.0,0.9085145228778313,-0.4178532777423992,2.0,0.0,0.0,0.0,0.0,0.0,0.0,0.0,-16.01229635841129,-59.05641724619828,0.0,0.0,0.0,-0.48939569436555963,0.8720618408899977,2.0,0.0,0.0,0.0,0.0,0.0,0.0,0.0,-21.659786451308683,-72.62247949389767,0.0,0.0,0.0,0.11665565544650033,0.9931724211094202,2.0,0.0,0.0,0.0,0.0,0.0,0.0
727,0.0,-20.053881304249167,-63.02782193310599,0.0,0.0,0.0,-0.2790067164604346,0.9602891502927473,2.0,0.0,0.0,0.0,0.0,0.0,0.0,0.0,2.0399818171595836,-74.5300420126833,0.0,0.0,0.0,0.9806116829236654,0.19596103519224595,2.0,0.0,0.0,0.0,0.0,0.0,0.0,0.0,-1.3650340430016659,-60.23535571847316,0.0,0.0,0.0,0.9085145228778313,-0.4178532777423992,2.0,0.0,0.0,0.0,0.0,0.0,0.0,0.0,-16.01229635841129,-59.05641724619828,0.0,0.0,0.0,-0.48939569436555963,0.8720618408899977,2.0,0.0,0.0,0.0,0.0,0.0,0.0,0.0,-21.659786451308683,-72.62247949389767,0.0,0.0,0.0,0.11665565544650033,0.9931724211094202,2.0,0.0,0.0,0.0,0.0,0.0,0.0
728,0.0,-20.10712843480774,-63.11246642349998,0.0,0.0,0.0,-0.2751633380515841,0.9613974918795605,2.0,0.0,0.0,0.0,0.0,0.0,0.0,0.0,2.0399818171595836,-74.5300420126833,0.0,0.0,0.0,0.9806116829236654,0.19596103519224595,2.0,0.0,0.0,0.0,0.0,0.0,0.0,0.0,-1.3650340430016659,-60.23535571847316,0.0,0.0,0.0,0.9085145228778313,-0.4178532777423992,2.0,0.0,0.0,0.0,0.0,0.0,0.0,0.0,-16.01229635841129,-59.05641724619828,0.0,0.0,0.0,-0.48939569436555963,0.8720618408899977,2.0,0.0,0.0,0.0,0.0,0.0,0.0,0.0,-21.659786451308683,-72.62247949389767,0.0,0.0,0.0,0.11665565544650033,0.9931724211094202,2.0,0.0,0.0,0.0,0.0,0.0,0.0
729,0.0,-20.159696712767047,-63.19753417778546,0.0,0.0,0.0,-0.2713155570351949,0.9624904511270135,2.0,0.0,0.0,0.0,0.0,0.0,0.0,0.0,2.0399818171595836,-74.5300420126833,0.0,0.0,0.0,0.9806116829236654,0.19596103519224595,2.0,0.0,0.0,0.0,0.0,0.0,0.0,0.0,-1.3650340430016659,-60.23535571847316,0.0,0.0,0.0,0.9085145228778313,-0.4178532777423992,2.0,0.0,0.0,0.0,0.0,0.0,0.0,0.0,-16.01229635841129,-59.05641724619828,0.0,0.0,0.0,-0.48939569436555963,0.8720618408899977,2.0,0.0,0.0,0.0,0.0,0.0,0.0,0.0,-21.659786451308683,-72.62247949389767,0.0,0.0,0.0,0.11665565544650033,0.9931724211094202,2.0,0.0,0.0,0.0,0.0,0.0,0.0
730,0.0,-20.211582773775238,-63.283019751655175,0.0,0.0,0.0,-0.2674634349756812,0.9635680105477815,2.0,0.0,0.0,0.0,0.0,0.0,0.0,0.0,2.0399818171595836,-74.5300420126833,0.0,0.0,0.0,0.9806116829236654,0.19596103519224595,2.0,0.0,0.0,0.0,0.0,0.0,0.0,0.0,-1.3650340430016659,-60.23535571847316,0.0,0.0,0.0,0.9085145228778313,-0.4178532777423992,2.0,0.0,0.0,0.0,0.0,0.0,0.0,0.0,-16.01229635841129,-59.05641724619828,0.0,0.0,0.0,-0.48939569436555963,0.8720618408899977,2.0,0.0,0.0,0.0,0.0,0.0,0.0,0.0,-21.659786451308683,-72.62247949389767,0.0,0.0,0.0,0.11665565544650033,0.9931724211094202,2.0,0.0,0.0,0.0,0.0,0.0,0.0
731,0.0,-20.26278329714212,-63.368917674061585,0.0,0.0,0.0,-0.2636070335069138,0.9646301529009369,2.0,0.0,0.0,0.0,0.0,0.0,0.0,0.0,2.0399818171595836,-74.5300420126833,0.0,0.0,0.0,0.9806116829236654,0.19596103519224595,2.0,0.0,0.0,0.0,0.0,0.0,0.0,0.0,-1.3650340430016659,-60.23535571847316,0.0,0.0,0.0,0.9085145228778313,-0.4178532777423992,2.0,0.0,0.0,0.0,0.0,0.0,0.0,0.0,-16.01229635841129,-59.05641724619828,0.0,0.0,0.0,-0.48939569436555963,0.8720618408899977,2.0,0.0,0.0,0.0,0.0,0.0,0.0,0.0,-21.659786451308683,-72.62247949389767,0.0,0.0,0.0,0.11665565544650033,0.9931724211094202,2.0,0.0,0.0,0.0,0.0,0.0,0.0
732,0.0,-20.313295006051675,-63.455222447566975,0.0,0.0,0.0,-0.2597464143312338,0.9656768611922246,2.0,0.0,0.0,0.0,0.0,0.0,0.0,0.0,2.0399818171595836,-74.5300420126833,0.0,0.0,0.0,0.9806116829236654,0.19596103519224595,2.0,0.0,0.0,0.0,0.0,0.0,0.0,0.0,-1.3650340430016659,-60.23535571847316,0.0,0.0,0.0,0.9085145228778313,-0.4178532777423992,2.0,0.0,0.0,0.0,0.0,0.0,0.0,0.0,-16.01229635841129,-59.05641724619828,0.0,0.0,0.0,-0.48939569436555963,0.8720618408899977,2.0,0.0,0.0,0.0,0.0,0.0,0.0,0.0,-21.659786451308683,-72.62247949389767,0.0,0.0,0.0,0.11665565544650033,0.9931724211094202,2.0,0.0,0.0,0.0,0.0,0.0,0.0
733,0.0,-20.36311466777177,-63.5419285486953,0.0,0.0,0.0,-0.25588163921846585,0.9667081186743344,2.0,0.0,0.0,0.0,0.0,0.0,0.0,0.0,2.0399818171595836,-74.5300420126833,0.0,0.0,0.0,0.9806116829236654,0.19596103519224595,2.0,0.0,0.0,0.0,0.0,0.0,0.0,0.0,-1.3650340430016659,-60.23535571847316,0.0,0.0,0.0,0.9085145228778313,-0.4178532777423992,2.0,0.0,0.0,0.0,0.0,0.0,0.0,0.0,-16.01229635841129,-59.05641724619828,0.0,0.0,0.0,-0.48939569436555963,0.8720618408899977,2.0,0.0,0.0,0.0,0.0,0.0,0.0,0.0,-21.659786451308683,-72.62247949389767,0.0,0.0,0.0,0.11665565544650033,0.9931724211094202,2.0,0.0,0.0,0.0,0.0,0.0,0.0
734,0.0,-20.412239093861068,-63.62903042828569,0.0,0.0,0.0,-0.25201277000492917,0.9677239088471684,2.0,0.0,0.0,0.0,0.0,0.0,0.0,0.0,2.0399818171595836,-74.5300420126833,0.0,0.0,0.0,0.9806116829236654,0.19596103519224595,2.0,0.0,0.0,0.0,0.0,0.0,0.0,0.0,-1.3650340430016659,-60.23535571847316,0.0,0.0,0.0,0.9085145228778313,-0.4178532777423992,2.0,0.0,0.0,0.0,0.0,0.0,0.0,0.0,-16.01229635841129,-59.05641724619828,0.0,0.0,0.0,-0.48939569436555963,0.8720618408899977,2.0,0.0,0.0,0.0,0.0,0.0,0.0,0.0,-21.659786451308683,-72.62247949389767,0.0,0.0,0.0,0.11665565544650033,0.9931724211094202,2.0,0.0,0.0,0.0,0.0,0.0,0.0
735,0.0,-20.460665140373056,-63.716522511847565,0.0,0.0,0.0,-0.2481398685924487,0.9687242154581056,2.0,0.0,0.0,0.0,0.0,0.0,0.0,0.0,2.0399818171595836,-74.5300420126833,0.0,0.0,0.0,0.9806116829236654,0.19596103519224595,2.0,0.0,0.0,0.0,0.0,0.0,0.0,0.0,-1.3650340430016659,-60.23535571847316,0.0,0.0,0.0,0.9085145228778313,-0.4178532777423992,2.0,0.0,0.0,0.0,0.0,0.0,0.0,0.0,-16.01229635841129,-59.05641724619828,0.0,0.0,0.0,-0.48939569436555963,0.8720618408899977,2.0,0.0,0.0,0.0,0.0,0.0,0.0,0.0,-21.659786451308683,-72.62247949389767,0.0,0.0,0.0,0.11665565544650033,0.9931724211094202,2.0,0.0,0.0,0.0,0.0,0.0,0.0
736,0.0,-20.508389708057294,-63.804399199917455,0.0,0.0,0.0,-0.2442629969473644,0.9697090225022617,2.0,0.0,0.0,0.0,0.0,0.0,0.0,0.0,2.0399818171595836,-74.5300420126833,0.0,0.0,0.0,0.9806116829236654,0.19596103519224595,2.0,0.0,0.0,0.0,0.0,0.0,0.0,0.0,-1.3650340430016659,-60.23535571847316,0.0,0.0,0.0,0.9085145228778313,-0.4178532777423992,2.0,0.0,0.0,0.0,0.0,0.0,0.0,0.0,-16.01229635841129,-59.05641724619828,0.0,0.0,0.0,-0.48939569436555963,0.8720618408899977,2.0,0.0,0.0,0.0,0.0,0.0,0.0,0.0,-21.659786451308683,-72.62247949389767,0.0,0.0,0.0,0.11665565544650033,0.9931724211094202,2.0,0.0,0.0,0.0,0.0,0.0,0.0
737,0.0,-20.555409742557742,-63.89265486841732,0.0,0.0,0.0,-0.24038221709953986,0.9706783142227448,2.0,0.0,0.0,0.0,0.0,0.0,0.0,0.0,2.0399818171595836,-74.5300420126833,0.0,0.0,0.0,0.9806116829236654,0.19596103519224595,2.0,0.0,0.0,0.0,0.0,0.0,0.0,0.0,-1.3650340430016659,-60.23535571847316,0.0,0.0,0.0,0.9085145228778313,-0.4178532777423992,2.0,0.0,0.0,0.0,0.0,0.0,0.0,0.0,-16.01229635841129,-59.05641724619828,0.0,0.0,0.0,-0.48939569436555963,0.8720618408899977,2.0,0.0,0.0,0.0,0.0,0.0,0.0,0.0,-21.659786451308683,-72.62247949389767,0.0,0.0,0.0,0.11665565544650033,0.9931724211094202,2.0,0.0,0.0,0.0,0.0,0.0,0.0
738,0.0,-20.601722234608236,-63.98128386901449,0.0,0.0,0.0,-0.2364975911413699,0.9716320751109081,2.0,0.0,0.0,0.0,0.0,0.0,0.0,0.0,2.0399818171595836,-74.5300420126833,0.0,0.0,0.0,0.9806116829236654,0.19596103519224595,2.0,0.0,0.0,0.0,0.0,0.0,0.0,0.0,-1.3650340430016659,-60.23535571847316,0.0,0.0,0.0,0.9085145228778313,-0.4178532777423992,2.0,0.0,0.0,0.0,0.0,0.0,0.0,0.0,-16.01229635841129,-59.05641724619828,0.0,0.0,0.0,-0.48939569436555963,0.8720618408899977,2.0,0.0,0.0,0.0,0.0,0.0,0.0,0.0,-21.659786451308683,-72.62247949389767,0.0,0.0,0.0,0.11665565544650033,0.9931724211094202,2.0,0.0,0.0,0.0,0.0,0.0,0.0
739,0.0,-20.647324220225094,-64.07028052948318,0.0,0.0,0.0,-0.23260918122678695,0.9725702899065979,2.0,0.0,0.0,0.0,0.0,0.0,0.0,0.0,2.0399818171595836,-74.5300420126833,0.0,0.0,0.0,0.9806116829236654,0.19596103519224595,2.0,0.0,0.0,0.0,0.0,0.0,0.0,0.0,-1.3650340430016659,-60.23535571847316,0.0,0.0,0.0,0.9085145228778313,-0.4178532777423992,2.0,0.0,0.0,0.0,0.0,0.0,0.0,0.0,-16.01229635841129,-59.05641724619828,0.0,0.0,0.0,-0.48939569436555963,0.8720618408899977,2.0,0.0,0.0,0.0,0.0,0.0,0.0,0.0,-21.659786451308683,-72.62247949389767,0.0,0.0,0.0,0.11665565544650033,0.9931724211094202,2.0,0.0,0.0,0.0,0.0,0.0,0.0
740,0.0,-20.692212780896803,-64.1596391540675,0.0,0.0,0.0,-0.22871704957026667,0.9734929435983972,2.0,0.0,0.0,0.0,0.0,0.0,0.0,0.0,2.0399818171595836,-74.5300420126833,0.0,0.0,0.0,0.9806116829236654,0.19596103519224595,2.0,0.0,0.0,0.0,0.0,0.0,0.0,0.0,-1.3650340430016659,-60.23535571847316,0.0,0.0,0.0,0.9085145228778313,-0.4178532777423992,2.0,0.0,0.0,0.0,0.0,0.0,0.0,0.0,-16.01229635841129,-59.05641724619828,0.0,0.0,0.0,-0.48939569436555963,0.8720618408899977,2.0,0.0,0.0,0.0,0.0,0.0,0.0,0.0,-21.659786451308683,-72.62247949389767,0.0,0.0,0.0,0.11665565544650033,0.9931724211094202,2.0,0.0,0.0,0.0,0.0,0.0,0.0
741,0.0,-20.736385043770802,-64.249354023846,0.0,0.0,0.0,-0.2248212584458326,0.9744000214238668,2.0,0.0,0.0,0.0,0.0,0.0,0.0,0.0,2.0399818171595836,-74.5300420126833,0.0,0.0,0.0,0.9806116829236654,0.19596103519224595,2.0,0.0,0.0,0.0,0.0,0.0,0.0,0.0,-1.3650340430016659,-60.23535571847316,0.0,0.0,0.0,0.9085145228778313,-0.4178532777423992,2.0,0.0,0.0,0.0,0.0,0.0,0.0,0.0,-16.01229635841129,-59.05641724619828,0.0,0.0,0.0,-0.48939569436555963,0.8720618408899977,2.0,0.0,0.0,0.0,0.0,0.0,0.0,0.0,-21.659786451308683,-72.62247949389767,0.0,0.0,0.0,0.11665565544650033,0.9931724211094202,2.0,0.0,0.0,0.0,0.0,0.0,0.0
742,0.0,-20.779838181837345,-64.3394193970976,0.0,0.0,0.0,-0.22092187018605958,0.9752915088697809,2.0,0.0,0.0,0.0,0.0,0.0,0.0,0.0,2.0399818171595836,-74.5300420126833,0.0,0.0,0.0,0.9806116829236654,0.19596103519224595,2.0,0.0,0.0,0.0,0.0,0.0,0.0,0.0,-1.3650340430016659,-60.23535571847316,0.0,0.0,0.0,0.9085145228778313,-0.4178532777423992,2.0,0.0,0.0,0.0,0.0,0.0,0.0,0.0,-16.01229635841129,-59.05641724619828,0.0,0.0,0.0,-0.48939569436555963,0.8720618408899977,2.0,0.0,0.0,0.0,0.0,0.0,0.0,0.0,-21.659786451308683,-72.62247949389767,0.0,0.0,0.0,0.11665565544650033,0.9931724211094202,2.0,0.0,0.0,0.0,0.0,0.0,0.0
743,0.0,-20.822569414110426,-64.42982950966918,0.0,0.0,0.0,-0.21701894718107656,0.9761673916723592,2.0,0.0,0.0,0.0,0.0,0.0,0.0,0.0,2.0399818171595836,-74.5300420126833,0.0,0.0,0.0,0.9806116829236654,0.19596103519224595,2.0,0.0,0.0,0.0,0.0,0.0,0.0,0.0,-1.3650340430016659,-60.23535571847316,0.0,0.0,0.0,0.9085145228778313,-0.4178532777423992,2.0,0.0,0.0,0.0,0.0,0.0,0.0,0.0,-16.01229635841129,-59.05641724619828,0.0,0.0,0.0,-0.48939569436555963,0.8720618408899977,2.0,0.0,0.0,0.0,0.0,0.0,0.0,0.0,-21.659786451308683,-72.62247949389767,0.0,0.0,0.0,0.11665565544650033,0.9931724211094202,2.0,0.0,0.0,0.0,0.0,0.0,0.0
744,0.0,-20.864576005805766,-64.52057857534437,0.0,0.0,0.0,-0.2131125518775686,0.9770276558174956,2.0,0.0,0.0,0.0,0.0,0.0,0.0,0.0,2.0399818171595836,-74.5300420126833,0.0,0.0,0.0,0.9806116829236654,0.19596103519224595,2.0,0.0,0.0,0.0,0.0,0.0,0.0,0.0,-1.3650340430016659,-60.23535571847316,0.0,0.0,0.0,0.9085145228778313,-0.4178532777423992,2.0,0.0,0.0,0.0,0.0,0.0,0.0,0.0,-16.01229635841129,-59.05641724619828,0.0,0.0,0.0,-0.48939569436555963,0.8720618408899977,2.0,0.0,0.0,0.0,0.0,0.0,0.0,0.0,-21.659786451308683,-72.62247949389767,0.0,0.0,0.0,0.11665565544650033,0.9931724211094202,2.0,0.0,0.0,0.0,0.0,0.0,0.0
745,0.0,-20.905855268515836,-64.61166078621396,0.0,0.0,0.0,-0.20920274677777667,0.9778722875409822,2.0,0.0,0.0,0.0,0.0,0.0,0.0,0.0,2.0399818171595836,-74.5300420126833,0.0,0.0,0.0,0.9806116829236654,0.19596103519224595,2.0,0.0,0.0,0.0,0.0,0.0,0.0,0.0,-1.3650340430016659,-60.23535571847316,0.0,0.0,0.0,0.9085145228778313,-0.4178532777423992,2.0,0.0,0.0,0.0,0.0,0.0,0.0,0.0,-16.01229635841129,-59.05641724619828,0.0,0.0,0.0,-0.48939569436555963,0.8720618408899977,2.0,0.0,0.0,0.0,0.0,0.0,0.0,0.0,-21.659786451308683,-72.62247949389767,0.0,0.0,0.0,0.11665565544650033,0.9931724211094202,2.0,0.0,0.0,0.0,0.0,0.0,0.0
746,0.0,-20.946404560381914,-64.70307031304756,0.0,0.0,0.0,-0.2052895944384994,0.9787012733287295,2.0,0.0,0.0,0.0,0.0,0.0,0.0,0.0,2.0399818171595836,-74.5300420126833,0.0,0.0,0.0,0.9806116829236654,0.19596103519224595,2.0,0.0,0.0,0.0,0.0,0.0,0.0,0.0,-1.3650340430016659,-60.23535571847316,0.0,0.0,0.0,0.9085145228778313,-0.4178532777423992,2.0,0.0,0.0,0.0,0.0,0.0,0.0,0.0,-16.01229635841129,-59.05641724619828,0.0,0.0,0.0,-0.48939569436555963,0.8720618408899977,2.0,0.0,0.0,0.0,0.0,0.0,0.0,0.0,-21.659786451308683,-72.62247949389767,0.0,0.0,0.0,0.11665565544650033,0.9931724211094202,2.0,0.0,0.0,0.0,0.0,0.0,0.0
747,0.0,-20.986221286263152,-64.79480130566662,0.0,0.0,0.0,-0.20137315747009063,0.9795145999169824,2.0,0.0,0.0,0.0,0.0,0.0,0.0,0.0,2.0399818171595836,-74.5300420126833,0.0,0.0,0.0,0.9806116829236654,0.19596103519224595,2.0,0.0,0.0,0.0,0.0,0.0,0.0,0.0,-1.3650340430016659,-60.23535571847316,0.0,0.0,0.0,0.9085145228778313,-0.4178532777423992,2.0,0.0,0.0,0.0,0.0,0.0,0.0,0.0,-16.01229635841129,-59.05641724619828,0.0,0.0,0.0,-0.48939569436555963,0.8720618408899977,2.0,0.0,0.0,0.0,0.0,0.0,0.0,0.0,-21.659786451308683,-72.62247949389767,0.0,0.0,0.0,0.11665565544650033,0.9931724211094202,2.0,0.0,0.0,0.0,0.0,0.0,0.0
748,0.0,-21.025302897902694,-64.88684789331894,0.0,0.0,0.0,-0.1974534985354583,0.980312254292533,2.0,0.0,0.0,0.0,0.0,0.0,0.0,0.0,2.0399818171595836,-74.5300420126833,0.0,0.0,0.0,0.9806116829236654,0.19596103519224595,2.0,0.0,0.0,0.0,0.0,0.0,0.0,0.0,-1.3650340430016659,-60.23535571847316,0.0,0.0,0.0,0.9085145228778313,-0.4178532777423992,2.0,0.0,0.0,0.0,0.0,0.0,0.0,0.0,-16.01229635841129,-59.05641724619828,0.0,0.0,0.0,-0.48939569436555963,0.8720618408899977,2.0,0.0,0.0,0.0,0.0,0.0,0.0,0.0,-21.659786451308683,-72.62247949389767,0.0,0.0,0.0,0.11665565544650033,0.9931724211094202,2.0,0.0,0.0,0.0,0.0,0.0,0.0
749,0.0,-21.06364689409073,-64.97920418505433,0.0,0.0,0.0,-0.19353068034906173,0.9810942236929281,2.0,0.0,0.0,0.0,0.0,0.0,0.0,0.0,2.0399818171595836,-74.5300420126833,0.0,0.0,0.0,0.9806116829236654,0.19596103519224595,2.0,0.0,0.0,0.0,0.0,0.0,0.0,0.0,-1.3650340430016659,-60.23535571847316,0.0,0.0,0.0,0.9085145228778313,-0.4178532777423992,2.0,0.0,0.0,0.0,0.0,0.0,0.0,0.0,-16.01229635841129,-59.05641724619828,0.0,0.0,0.0,-0.48939569436555963,0.8720618408899977,2.0,0.0,0.0,0.0,0.0,0.0,0.0,0.0,-21.659786451308683,-72.62247949389767,0.0,0.0,0.0,0.11665565544650033,0.9931724211094202,2.0,0.0,0.0,0.0,0.0,0.0,0.0
750,0.0,-21.1012508208246,-65.07186427010164,0.0,0.0,0.0,-0.18960476567590823,0.9818604956066742,2.0,0.0,0.0,0.0,0.0,0.0,0.0,0.0,2.0399818171595836,-74.5300420126833,0.0,0.0,0.0,0.9806116829236654,0.19596103519224595,2.0,0.0,0.0,0.0,0.0,0.0,0.0,0.0,-1.3650340430016659,-60.23535571847316,0.0,0.0,0.0,0.9085145228778313,-0.4178532777423992,2.0,0.0,0.0,0.0,0.0,0.0,0.0,0.0,-16.01229635841129,-59.05641724619828,0.0,0.0,0.0,-0.48939569436555963,0.8720618408899977,2.0,0.0,0.0,0.0,0.0,0.0,0.0,0.0,-21.659786451308683,-72.62247949389767,0.0,0.0,0.0,0.11665565544650033,0.9931724211094202,2.0,0.0,0.0,0.0,0.0,0.0,0.0
751,0.0,-21.138112271465815,-65.16482221824705,0.0,0.0,0.0,-0.1856758173305488,0.9826110577734369,2.0,0.0,0.0,0.0,0.0,0.0,0.0,0.0,2.0399818171595836,-74.5300420126833,0.0,0.0,0.0,0.9806116829236654,0.19596103519224595,2.0,0.0,0.0,0.0,0.0,0.0,0.0,0.0,-1.3650340430016659,-60.23535571847316,0.0,0.0,0.0,0.9085145228778313,-0.4178532777423992,2.0,0.0,0.0,0.0,0.0,0.0,0.0,0.0,-16.01229635841129,-59.05641724619828,0.0,0.0,0.0,-0.48939569436555963,0.8720618408899977,2.0,0.0,0.0,0.0,0.0,0.0,0.0,0.0,-21.659786451308683,-72.62247949389767,0.0,0.0,0.0,0.11665565544650033,0.9931724211094202,2.0,0.0,0.0,0.0,0.0,0.0,0.0
752,0.0,-21.174228886894127,-65.25807208021362,0.0,0.0,0.0,-0.18174389817607317,0.9833458981842377,2.0,0.0,0.0,0.0,0.0,0.0,0.0,0.0,2.0399818171595836,-74.5300420126833,0.0,0.0,0.0,0.9806116829236654,0.19596103519224595,2.0,0.0,0.0,0.0,0.0,0.0,0.0,0.0,-1.3650340430016659,-60.23535571847316,0.0,0.0,0.0,0.9085145228778313,-0.4178532777423992,2.0,0.0,0.0,0.0,0.0,0.0,0.0,0.0,-16.01229635841129,-59.05641724619828,0.0,0.0,0.0,-0.48939569436555963,0.8720618408899977,2.0,0.0,0.0,0.0,0.0,0.0,0.0,0.0,-21.659786451308683,-72.62247949389767,0.0,0.0,0.0,0.11665565544650033,0.9931724211094202,2.0,0.0,0.0,0.0,0.0,0.0,0.0
753,0.0,-21.209598355658475,-65.351607888042,0.0,0.0,0.0,-0.17780907112310393,0.9840650050816455,2.0,0.0,0.0,0.0,0.0,0.0,0.0,0.0,2.0399818171595836,-74.5300420126833,0.0,0.0,0.0,0.9806116829236654,0.19596103519224595,2.0,0.0,0.0,0.0,0.0,0.0,0.0,0.0,-1.3650340430016659,-60.23535571847316,0.0,0.0,0.0,0.9085145228778313,-0.4178532777423992,2.0,0.0,0.0,0.0,0.0,0.0,0.0,0.0,-16.01229635841129,-59.05641724619828,0.0,0.0,0.0,-0.48939569436555963,0.8720618408899977,2.0,0.0,0.0,0.0,0.0,0.0,0.0,0.0,-21.659786451308683,-72.62247949389767,0.0,0.0,0.0,0.11665565544650033,0.9931724211094202,2.0,0.0,0.0,0.0,0.0,0.0,0.0
754,0.0,-21.244218414124923,-65.44542365547242,0.0,0.0,0.0,-0.17387139912879,0.9847683669599654,2.0,0.0,0.0,0.0,0.0,0.0,0.0,0.0,2.0399818171595836,-74.5300420126833,0.0,0.0,0.0,0.9806116829236654,0.19596103519224595,2.0,0.0,0.0,0.0,0.0,0.0,0.0,0.0,-1.3650340430016659,-60.23535571847316,0.0,0.0,0.0,0.9085145228778313,-0.4178532777423992,2.0,0.0,0.0,0.0,0.0,0.0,0.0,0.0,-16.01229635841129,-59.05641724619828,0.0,0.0,0.0,-0.48939569436555963,0.8720618408899977,2.0,0.0,0.0,0.0,0.0,0.0,0.0,0.0,-21.659786451308683,-72.62247949389767,0.0,0.0,0.0,0.11665565544650033,0.9931724211094202,2.0,0.0,0.0,0.0,0.0,0.0,0.0
755,0.0,-21.278086846621555,-65.53951337832781,0.0,0.0,0.0,-0.16993094519579924,0.9854559725654223,2.0,0.0,0.0,0.0,0.0,0.0,0.0,0.0,2.0399818171595836,-74.5300420126833,0.0,0.0,0.0,0.9806116829236654,0.19596103519224595,2.0,0.0,0.0,0.0,0.0,0.0,0.0,0.0,-1.3650340430016659,-60.23535571847316,0.0,0.0,0.0,0.9085145228778313,-0.4178532777423992,2.0,0.0,0.0,0.0,0.0,0.0,0.0,0.0,-16.01229635841129,-59.05641724619828,0.0,0.0,0.0,-0.48939569436555963,0.8720618408899977,2.0,0.0,0.0,0.0,0.0,0.0,0.0,0.0,-21.659786451308683,-72.62247949389767,0.0,0.0,0.0,0.11665565544650033,0.9931724211094202,2.0,0.0,0.0,0.0,0.0,0.0,0.0
756,0.0,-21.31120148558025,-65.63387103489798,0.0,0.0,0.0,-0.16598777237131054,0.9861278108963412,2.0,0.0,0.0,0.0,0.0,0.0,0.0,0.0,2.0399818171595836,-74.5300420126833,0.0,0.0,0.0,0.9806116829236654,0.19596103519224595,2.0,0.0,0.0,0.0,0.0,0.0,0.0,0.0,-1.3650340430016659,-60.23535571847316,0.0,0.0,0.0,0.9085145228778313,-0.4178532777423992,2.0,0.0,0.0,0.0,0.0,0.0,0.0,0.0,-16.01229635841129,-59.05641724619828,0.0,0.0,0.0,-0.48939569436555963,0.8720618408899977,2.0,0.0,0.0,0.0,0.0,0.0,0.0,0.0,-21.659786451308683,-72.62247949389767,0.0,0.0,0.0,0.11665565544650033,0.9931724211094202,2.0,0.0,0.0,0.0,0.0,0.0,0.0
757,0.0,-21.343560211675417,-65.72849058632515,0.0,0.0,0.0,-0.16204194374600497,0.9867838712033231,2.0,0.0,0.0,0.0,0.0,0.0,0.0,0.0,2.0399818171595836,-74.5300420126833,0.0,0.0,0.0,0.9806116829236654,0.19596103519224595,2.0,0.0,0.0,0.0,0.0,0.0,0.0,0.0,-1.3650340430016659,-60.23535571847316,0.0,0.0,0.0,0.9085145228778313,-0.4178532777423992,2.0,0.0,0.0,0.0,0.0,0.0,0.0,0.0,-16.01229635841129,-59.05641724619828,0.0,0.0,0.0,-0.48939569436555963,0.8720618408899977,2.0,0.0,0.0,0.0,0.0,0.0,0.0,0.0,-21.659786451308683,-72.62247949389767,0.0,0.0,0.0,0.11665565544650033,0.9931724211094202,2.0,0.0,0.0,0.0,0.0,0.0,0.0
758,0.0,-21.375160953959625,-65.82336597699032,0.0,0.0,0.0,-0.15809352245305636,0.9874241429894172,2.0,0.0,0.0,0.0,0.0,0.0,0.0,0.0,2.0399818171595836,-74.5300420126833,0.0,0.0,0.0,0.9806116829236654,0.19596103519224595,2.0,0.0,0.0,0.0,0.0,0.0,0.0,0.0,-1.3650340430016659,-60.23535571847316,0.0,0.0,0.0,0.9085145228778313,-0.4178532777423992,2.0,0.0,0.0,0.0,0.0,0.0,0.0,0.0,-16.01229635841129,-59.05641724619828,0.0,0.0,0.0,-0.48939569436555963,0.8720618408899977,2.0,0.0,0.0,0.0,0.0,0.0,0.0,0.0,-21.659786451308683,-72.62247949389767,0.0,0.0,0.0,0.11665565544650033,0.9931724211094202,2.0,0.0,0.0,0.0,0.0,0.0,0.0
759,0.0,-21.40600168999616,-65.91849113490086,0.0,0.0,0.0,-0.15414257166712114,0.9880486160102885,2.0,0.0,0.0,0.0,0.0,0.0,0.0,0.0,2.0399818171595836,-74.5300420126833,0.0,0.0,0.0,0.9806116829236654,0.19596103519224595,2.0,0.0,0.0,0.0,0.0,0.0,0.0,0.0,-1.3650340430016659,-60.23535571847316,0.0,0.0,0.0,0.9085145228778313,-0.4178532777423992,2.0,0.0,0.0,0.0,0.0,0.0,0.0,0.0,-16.01229635841129,-59.05641724619828,0.0,0.0,0.0,-0.48939569436555963,0.8720618408899977,2.0,0.0,0.0,0.0,0.0,0.0,0.0,0.0,-21.659786451308683,-72.62247949389767,0.0,0.0,0.0,0.11665565544650033,0.9931724211094202,2.0,0.0,0.0,0.0,0.0,0.0,0.0
760,0.0,-21.436080445988445,-66.01385997207913,0.0,0.0,0.0,-0.15018915460332766,0.9886572802743819,2.0,0.0,0.0,0.0,0.0,0.0,0.0,0.0,2.0399818171595836,-74.5300420126833,0.0,0.0,0.0,0.9806116829236654,0.19596103519224595,2.0,0.0,0.0,0.0,0.0,0.0,0.0,0.0,-1.3650340430016659,-60.23535571847316,0.0,0.0,0.0,0.9085145228778313,-0.4178532777423992,2.0,0.0,0.0,0.0,0.0,0.0,0.0,0.0,-16.01229635841129,-59.05641724619828,0.0,0.0,0.0,-0.48939569436555963,0.8720618408899977,2.0,0.0,0.0,0.0,0.0,0.0,0.0,0.0,-21.659786451308683,-72.62247949389767,0.0,0.0,0.0,0.11665565544650033,0.9931724211094202,2.0,0.0,0.0,0.0,0.0,0.0,0.0
761,0.0,-21.465395296906358,-66.10946638495213,0.0,0.0,0.0,-0.14623333451626452,0.9892501260430824,2.0,0.0,0.0,0.0,0.0,0.0,0.0,0.0,2.0399818171595836,-74.5300420126833,0.0,0.0,0.0,0.9806116829236654,0.19596103519224595,2.0,0.0,0.0,0.0,0.0,0.0,0.0,0.0,-1.3650340430016659,-60.23535571847316,0.0,0.0,0.0,0.9085145228778313,-0.4178532777423992,2.0,0.0,0.0,0.0,0.0,0.0,0.0,0.0,-16.01229635841129,-59.05641724619828,0.0,0.0,0.0,-0.48939569436555963,0.8720618408899977,2.0,0.0,0.0,0.0,0.0,0.0,0.0,0.0,-21.659786451308683,-72.62247949389767,0.0,0.0,0.0,0.11665565544650033,0.9931724211094202,2.0,0.0,0.0,0.0,0.0,0.0,0.0
762,0.0,-21.493944366609448,-66.20530425474205,0.0,0.0,0.0,-0.14227517469896878,0.98982714383087,2.0,0.0,0.0,0.0,0.0,0.0,0.0,0.0,2.0399818171595836,-74.5300420126833,0.0,0.0,0.0,0.9806116829236654,0.19596103519224595,2.0,0.0,0.0,0.0,0.0,0.0,0.0,0.0,-1.3650340430016659,-60.23535571847316,0.0,0.0,0.0,0.9085145228778313,-0.4178532777423992,2.0,0.0,0.0,0.0,0.0,0.0,0.0,0.0,-16.01229635841129,-59.05641724619828,0.0,0.0,0.0,-0.48939569436555963,0.8720618408899977,2.0,0.0,0.0,0.0,0.0,0.0,0.0,0.0,-21.659786451308683,-72.62247949389767,0.0,0.0,0.0,0.11665565544650033,0.9931724211094202,2.0,0.0,0.0,0.0,0.0,0.0,0.0
763,0.0,-21.521725827967,-66.30136744785793,0.0,0.0,0.0,-0.13831473848191306,0.9903883244054728,2.0,0.0,0.0,0.0,0.0,0.0,0.0,0.0,2.0399818171595836,-74.5300420126833,0.0,0.0,0.0,0.9806116829236654,0.19596103519224595,2.0,0.0,0.0,0.0,0.0,0.0,0.0,0.0,-1.3650340430016659,-60.23535571847316,0.0,0.0,0.0,0.9085145228778313,-0.4178532777423992,2.0,0.0,0.0,0.0,0.0,0.0,0.0,0.0,-16.01229635841129,-59.05641724619828,0.0,0.0,0.0,-0.48939569436555963,0.8720618408899977,2.0,0.0,0.0,0.0,0.0,0.0,0.0,0.0,-21.659786451308683,-72.62247949389767,0.0,0.0,0.0,0.11665565544650033,0.9931724211094202,2.0,0.0,0.0,0.0,0.0,0.0,0.0
764,0.0,-21.54873790297497,-66.39764981628821,0.0,0.0,0.0,-0.13435208923199235,0.9909336587880133,2.0,0.0,0.0,0.0,0.0,0.0,0.0,0.0,2.0399818171595836,-74.5300420126833,0.0,0.0,0.0,0.9806116829236654,0.19596103519224595,2.0,0.0,0.0,0.0,0.0,0.0,0.0,0.0,-1.3650340430016659,-60.23535571847316,0.0,0.0,0.0,0.9085145228778313,-0.4178532777423992,2.0,0.0,0.0,0.0,0.0,0.0,0.0,0.0,-16.01229635841129,-59.05641724619828,0.0,0.0,0.0,-0.48939569436555963,0.8720618408899977,2.0,0.0,0.0,0.0,0.0,0.0,0.0,0.0,-21.659786451308683,-72.62247949389767,0.0,0.0,0.0,0.11665565544650033,0.9931724211094202,2.0,0.0,0.0,0.0,0.0,0.0,0.0
765,0.0,-21.574978862869777,-66.49414519799417,0.0,0.0,0.0,-0.1303872903515101,0.9914631382531531,2.0,0.0,0.0,0.0,0.0,0.0,0.0,0.0,2.0399818171595836,-74.5300420126833,0.0,0.0,0.0,0.9806116829236654,0.19596103519224595,2.0,0.0,0.0,0.0,0.0,0.0,0.0,0.0,-1.3650340430016659,-60.23535571847316,0.0,0.0,0.0,0.9085145228778313,-0.4178532777423992,2.0,0.0,0.0,0.0,0.0,0.0,0.0,0.0,-16.01229635841129,-59.05641724619828,0.0,0.0,0.0,-0.48939569436555963,0.8720618408899977,2.0,0.0,0.0,0.0,0.0,0.0,0.0,0.0,-21.659786451308683,-72.62247949389767,0.0,0.0,0.0,0.11665565544650033,0.9931724211094202,2.0,0.0,0.0,0.0,0.0,0.0,0.0
766,0.0,-21.600447028238943,-66.59084741730432,0.0,0.0,0.0,-0.1264204052771638,0.991976754329232,2.0,0.0,0.0,0.0,0.0,0.0,0.0,0.0,2.0399818171595836,-74.5300420126833,0.0,0.0,0.0,0.9806116829236654,0.19596103519224595,2.0,0.0,0.0,0.0,0.0,0.0,0.0,0.0,-1.3650340430016659,-60.23535571847316,0.0,0.0,0.0,0.9085145228778313,-0.4178532777423992,2.0,0.0,0.0,0.0,0.0,0.0,0.0,0.0,-16.01229635841129,-59.05641724619828,0.0,0.0,0.0,-0.48939569436555963,0.8720618408899977,2.0,0.0,0.0,0.0,0.0,0.0,0.0,0.0,-21.659786451308683,-72.62247949389767,0.0,0.0,0.0,0.11665565544650033,0.9931724211094202,2.0,0.0,0.0,0.0,0.0,0.0,0.0
767,0.0,-21.625140769128578,-66.68775028530965,0.0,0.0,0.0,-0.12245149747903006,0.9924744987984039,2.0,0.0,0.0,0.0,0.0,0.0,0.0,0.0,2.0399818171595836,-74.5300420126833,0.0,0.0,0.0,0.9806116829236654,0.19596103519224595,2.0,0.0,0.0,0.0,0.0,0.0,0.0,0.0,-1.3650340430016659,-60.23535571847316,0.0,0.0,0.0,0.9085145228778313,-0.4178532777423992,2.0,0.0,0.0,0.0,0.0,0.0,0.0,0.0,-16.01229635841129,-59.05641724619828,0.0,0.0,0.0,-0.48939569436555963,0.8720618408899977,2.0,0.0,0.0,0.0,0.0,0.0,0.0,0.0,-21.659786451308683,-72.62247949389767,0.0,0.0,0.0,0.11665565544650033,0.9931724211094202,2.0,0.0,0.0,0.0,0.0,0.0,0.0
768,0.0,-21.649058505147696,-66.78484760025964,0.0,0.0,0.0,-0.11848063045954894,0.9929563636967678,2.0,0.0,0.0,0.0,0.0,0.0,0.0,0.0,2.0399818171595836,-74.5300420126833,0.0,0.0,0.0,0.9806116829236654,0.19596103519224595,2.0,0.0,0.0,0.0,0.0,0.0,0.0,0.0,-1.3650340430016659,-60.23535571847316,0.0,0.0,0.0,0.9085145228778313,-0.4178532777423992,2.0,0.0,0.0,0.0,0.0,0.0,0.0,0.0,-16.01229635841129,-59.05641724619828,0.0,0.0,0.0,-0.48939569436555963,0.8720618408899977,2.0,0.0,0.0,0.0,0.0,0.0,0.0,0.0,-21.659786451308683,-72.62247949389767,0.0,0.0,0.0,0.11665565544650033,0.9931724211094202,2.0,0.0,0.0,0.0,0.0,0.0,0.0
769,0.0,-21.672198705569354,-66.88213314795932,0.0,0.0,0.0,-0.11450786775250806,0.9934223413144956,2.0,0.0,0.0,0.0,0.0,0.0,0.0,0.0,2.0399818171595836,-74.5300420126833,0.0,0.0,0.0,0.9806116829236654,0.19596103519224595,2.0,0.0,0.0,0.0,0.0,0.0,0.0,0.0,-1.3650340430016659,-60.23535571847316,0.0,0.0,0.0,0.9085145228778313,-0.4178532777423992,2.0,0.0,0.0,0.0,0.0,0.0,0.0,0.0,-16.01229635841129,-59.05641724619828,0.0,0.0,0.0,-0.48939569436555963,0.8720618408899977,2.0,0.0,0.0,0.0,0.0,0.0,0.0,0.0,-21.659786451308683,-72.62247949389767,0.0,0.0,0.0,0.11665565544650033,0.9931724211094202,2.0,0.0,0.0,0.0,0.0,0.0,0.0
770,0.0,-21.694559889428625,-66.97960070216682,0.0,0.0,0.0,-0.11053327292202597,0.9938724241959553,2.0,0.0,0.0,0.0,0.0,0.0,0.0,0.0,2.0399818171595836,-74.5300420126833,0.0,0.0,0.0,0.9806116829236654,0.19596103519224595,2.0,0.0,0.0,0.0,0.0,0.0,0.0,0.0,-1.3650340430016659,-60.23535571847316,0.0,0.0,0.0,0.9085145228778313,-0.4178532777423992,2.0,0.0,0.0,0.0,0.0,0.0,0.0,0.0,-16.01229635841129,-59.05641724619828,0.0,0.0,0.0,-0.48939569436555963,0.8720618408899977,2.0,0.0,0.0,0.0,0.0,0.0,0.0,0.0,-21.659786451308683,-72.62247949389767,0.0,0.0,0.0,0.11665565544650033,0.9931724211094202,2.0,0.0,0.0,0.0,0.0,0.0,0.0
771,0.0,-21.71614062561737,-67.07724402499196,0.0,0.0,0.0,-0.10655690956153517,0.9943066051398305,2.0,0.0,0.0,0.0,0.0,0.0,0.0,0.0,2.0399818171595836,-74.5300420126833,0.0,0.0,0.0,0.9806116829236654,0.19596103519224595,2.0,0.0,0.0,0.0,0.0,0.0,0.0,0.0,-1.3650340430016659,-60.23535571847316,0.0,0.0,0.0,0.9085145228778313,-0.4178532777423992,2.0,0.0,0.0,0.0,0.0,0.0,0.0,0.0,-16.01229635841129,-59.05641724619828,0.0,0.0,0.0,-0.48939569436555963,0.8720618408899977,2.0,0.0,0.0,0.0,0.0,0.0,0.0,0.0,-21.659786451308683,-72.62247949389767,0.0,0.0,0.0,0.11665565544650033,0.9931724211094202,2.0,0.0,0.0,0.0,0.0,0.0,0.0
772,0.0,-21.736939532975846,-67.17505686729537,0.0,0.0,0.0,-0.1025788412927646,0.9947248771992353,2.0,0.0,0.0,0.0,0.0,0.0,0.0,0.0,2.0399818171595836,-74.5300420126833,0.0,0.0,0.0,0.9806116829236654,0.19596103519224595,2.0,0.0,0.0,0.0,0.0,0.0,0.0,0.0,-1.3650340430016659,-60.23535571847316,0.0,0.0,0.0,0.9085145228778313,-0.4178532777423992,2.0,0.0,0.0,0.0,0.0,0.0,0.0,0.0,-16.01229635841129,-59.05641724619828,0.0,0.0,0.0,-0.48939569436555963,0.8720618408899977,2.0,0.0,0.0,0.0,0.0,0.0,0.0,0.0,-21.659786451308683,-72.62247949389767,0.0,0.0,0.0,0.11665565544650033,0.9931724211094202,2.0,0.0,0.0,0.0,0.0,0.0,0.0
773,0.0,-21.756955280381078,-67.27303296908856,0.0,0.0,0.0,-0.09859913176472168,0.9951272336818258,2.0,0.0,0.0,0.0,0.0,0.0,0.0,0.0,2.0399818171595836,-74.5300420126833,0.0,0.0,0.0,0.9806116829236654,0.19596103519224595,2.0,0.0,0.0,0.0,0.0,0.0,0.0,0.0,-1.3650340430016659,-60.23535571847316,0.0,0.0,0.0,0.9085145228778313,-0.4178532777423992,2.0,0.0,0.0,0.0,0.0,0.0,0.0,0.0,-16.01229635841129,-59.05641724619828,0.0,0.0,0.0,-0.48939569436555963,0.8720618408899977,2.0,0.0,0.0,0.0,0.0,0.0,0.0,0.0,-21.659786451308683,-72.62247949389767,0.0,0.0,0.0,0.11665565544650033,0.9931724211094202,2.0,0.0,0.0,0.0,0.0,0.0,0.0
774,0.0,-21.77618658683206,-67.37116605993447,0.0,0.0,0.0,-0.09461784465267398,0.9955136681499066,2.0,0.0,0.0,0.0,0.0,0.0,0.0,0.0,2.0399818171595836,-74.5300420126833,0.0,0.0,0.0,0.9806116829236654,0.19596103519224595,2.0,0.0,0.0,0.0,0.0,0.0,0.0,0.0,-1.3650340430016659,-60.23535571847316,0.0,0.0,0.0,0.9085145228778313,-0.4178532777423992,2.0,0.0,0.0,0.0,0.0,0.0,0.0,0.0,-16.01229635841129,-59.05641724619828,0.0,0.0,0.0,-0.48939569436555963,0.8720618408899977,2.0,0.0,0.0,0.0,0.0,0.0,0.0,0.0,-21.659786451308683,-72.62247949389767,0.0,0.0,0.0,0.11665565544650033,0.9931724211094202,2.0,0.0,0.0,0.0,0.0,0.0,0.0
775,0.0,-21.794632221531753,-67.46944985934874,0.0,0.0,0.0,-0.09063504365713035,0.9958841744205348,2.0,0.0,0.0,0.0,0.0,0.0,0.0,0.0,2.0399818171595836,-74.5300420126833,0.0,0.0,0.0,0.9806116829236654,0.19596103519224595,2.0,0.0,0.0,0.0,0.0,0.0,0.0,0.0,-1.3650340430016659,-60.23535571847316,0.0,0.0,0.0,0.9085145228778313,-0.4178532777423992,2.0,0.0,0.0,0.0,0.0,0.0,0.0,0.0,-16.01229635841129,-59.05641724619828,0.0,0.0,0.0,-0.48939569436555963,0.8720618408899977,2.0,0.0,0.0,0.0,0.0,0.0,0.0,0.0,-21.659786451308683,-72.62247949389767,0.0,0.0,0.0,0.11665565544650033,0.9931724211094202,2.0,0.0,0.0,0.0,0.0,0.0,0.0
776,0.0,-21.812291003965825,-67.56787807720178,0.0,0.0,0.0,-0.08665079250282175,0.9962387465656176,2.0,0.0,0.0,0.0,0.0,0.0,0.0,0.0,2.0399818171595836,-74.5300420126833,0.0,0.0,0.0,0.9806116829236654,0.19596103519224595,2.0,0.0,0.0,0.0,0.0,0.0,0.0,0.0,-1.3650340430016659,-60.23535571847316,0.0,0.0,0.0,0.9085145228778313,-0.4178532777423992,2.0,0.0,0.0,0.0,0.0,0.0,0.0,0.0,-16.01229635841129,-59.05641724619828,0.0,0.0,0.0,-0.48939569436555963,0.8720618408899977,2.0,0.0,0.0,0.0,0.0,0.0,0.0,0.0,-21.659786451308683,-72.62247949389767,0.0,0.0,0.0,0.11665565544650033,0.9931724211094202,2.0,0.0,0.0,0.0,0.0,0.0,0.0
777,0.0,-21.829161803978227,-67.66644441412126,0.0,0.0,0.0,-0.08266515493768166,0.9965773789120086,2.0,0.0,0.0,0.0,0.0,0.0,0.0,0.0,2.0399818171595836,-74.5300420126833,0.0,0.0,0.0,0.9806116829236654,0.19596103519224595,2.0,0.0,0.0,0.0,0.0,0.0,0.0,0.0,-1.3650340430016659,-60.23535571847316,0.0,0.0,0.0,0.9085145228778313,-0.4178532777423992,2.0,0.0,0.0,0.0,0.0,0.0,0.0,0.0,-16.01229635841129,-59.05641724619828,0.0,0.0,0.0,-0.48939569436555963,0.8720618408899977,2.0,0.0,0.0,0.0,0.0,0.0,0.0,0.0,-21.659786451308683,-72.62247949389767,0.0,0.0,0.0,0.11665565544650033,0.9931724211094202,2.0,0.0,0.0,0.0,0.0,0.0,0.0
778,0.0,-21.845243541843523,-67.76514256189522,0.0,0.0,0.0,-0.07867819473182608,0.9969000660415972,2.0,0.0,0.0,0.0,0.0,0.0,0.0,0.0,2.0399818171595836,-74.5300420126833,0.0,0.0,0.0,0.9806116829236654,0.19596103519224595,2.0,0.0,0.0,0.0,0.0,0.0,0.0,0.0,-1.3650340430016659,-60.23535571847316,0.0,0.0,0.0,0.9085145228778313,-0.4178532777423992,2.0,0.0,0.0,0.0,0.0,0.0,0.0,0.0,-16.01229635841129,-59.05641724619828,0.0,0.0,0.0,-0.48939569436555963,0.8720618408899977,2.0,0.0,0.0,0.0,0.0,0.0,0.0,0.0,-21.659786451308683,-72.62247949389767,0.0,0.0,0.0,0.11665565544650033,0.9931724211094202,2.0,0.0,0.0,0.0,0.0,0.0,0.0
779,0.0,-21.860535188335973,-67.86396620387593,0.0,0.0,0.0,-0.07468997567653327,0.9972068027913964,2.0,0.0,0.0,0.0,0.0,0.0,0.0,0.0,2.0399818171595836,-74.5300420126833,0.0,0.0,0.0,0.9806116829236654,0.19596103519224595,2.0,0.0,0.0,0.0,0.0,0.0,0.0,0.0,-1.3650340430016659,-60.23535571847316,0.0,0.0,0.0,0.9085145228778313,-0.4178532777423992,2.0,0.0,0.0,0.0,0.0,0.0,0.0,0.0,-16.01229635841129,-59.05641724619828,0.0,0.0,0.0,-0.48939569436555963,0.8720618408899977,2.0,0.0,0.0,0.0,0.0,0.0,0.0,0.0,-21.659786451308683,-72.62247949389767,0.0,0.0,0.0,0.11665565544650033,0.9931724211094202,2.0,0.0,0.0,0.0,0.0,0.0,0.0
780,0.0,-21.87503576479542,-67.96290901538401,0.0,0.0,0.0,-0.07070056158322302,0.9974975842536246,2.0,0.0,0.0,0.0,0.0,0.0,0.0,0.0,2.0399818171595836,-74.5300420126833,0.0,0.0,0.0,0.9806116829236654,0.19596103519224595,2.0,0.0,0.0,0.0,0.0,0.0,0.0,0.0,-1.3650340430016659,-60.23535571847316,0.0,0.0,0.0,0.9085145228778313,-0.4178532777423992,2.0,0.0,0.0,0.0,0.0,0.0,0.0,0.0,-16.01229635841129,-59.05641724619828,0.0,0.0,0.0,-0.48939569436555963,0.8720618408899977,2.0,0.0,0.0,0.0,0.0,0.0,0.0,0.0,-21.659786451308683,-72.62247949389767,0.0,0.0,0.0,0.11665565544650033,0.9931724211094202,2.0,0.0,0.0,0.0,0.0,0.0,0.0
781,0.0,-21.888744343189927,-68.0619646641133,0.0,0.0,0.0,-0.06671001628243571,0.9977724057757847,2.0,0.0,0.0,0.0,0.0,0.0,0.0,0.0,2.0399818171595836,-74.5300420126833,0.0,0.0,0.0,0.9806116829236654,0.19596103519224595,2.0,0.0,0.0,0.0,0.0,0.0,0.0,0.0,-1.3650340430016659,-60.23535571847316,0.0,0.0,0.0,0.9085145228778313,-0.4178532777423992,2.0,0.0,0.0,0.0,0.0,0.0,0.0,0.0,-16.01229635841129,-59.05641724619828,0.0,0.0,0.0,-0.48939569436555963,0.8720618408899977,2.0,0.0,0.0,0.0,0.0,0.0,0.0,0.0,-21.659786451308683,-72.62247949389767,0.0,0.0,0.0,0.11665565544650033,0.9931724211094202,2.0,0.0,0.0,0.0,0.0,0.0,0.0
782,0.0,-21.901660046175152,-68.16112681053612,0.0,0.0,0.0,-0.06271840362281103,0.9980312629607382,2.0,0.0,0.0,0.0,0.0,0.0,0.0,0.0,2.0399818171595836,-74.5300420126833,0.0,0.0,0.0,0.9806116829236654,0.19596103519224595,2.0,0.0,0.0,0.0,0.0,0.0,0.0,0.0,-1.3650340430016659,-60.23535571847316,0.0,0.0,0.0,0.9085145228778313,-0.4178532777423992,2.0,0.0,0.0,0.0,0.0,0.0,0.0,0.0,-16.01229635841129,-59.05641724619828,0.0,0.0,0.0,-0.48939569436555963,0.8720618408899977,2.0,0.0,0.0,0.0,0.0,0.0,0.0,0.0,-21.659786451308683,-72.62247949389767,0.0,0.0,0.0,0.11665565544650033,0.9931724211094202,2.0,0.0,0.0,0.0,0.0,0.0,0.0
783,0.0,-21.913782047150516,-68.2603891083089,0.0,0.0,0.0,-0.05872578747006637,0.9982741516667757,2.0,0.0,0.0,0.0,0.0,0.0,0.0,0.0,2.0399818171595836,-74.5300420126833,0.0,0.0,0.0,0.9806116829236654,0.19596103519224595,2.0,0.0,0.0,0.0,0.0,0.0,0.0,0.0,-1.3650340430016659,-60.23535571847316,0.0,0.0,0.0,0.9085145228778313,-0.4178532777423992,2.0,0.0,0.0,0.0,0.0,0.0,0.0,0.0,-16.01229635841129,-59.05641724619828,0.0,0.0,0.0,-0.48939569436555963,0.8720618408899977,2.0,0.0,0.0,0.0,0.0,0.0,0.0,0.0,-21.659786451308683,-72.62247949389767,0.0,0.0,0.0,0.11665565544650033,0.9931724211094202,2.0,0.0,0.0,0.0,0.0,0.0,0.0
784,0.0,-21.925109570312088,-68.3597452046785,0.0,0.0,0.0,-0.05473223170597501,0.9985010680076829,2.0,0.0,0.0,0.0,0.0,0.0,0.0,0.0,2.0399818171595836,-74.5300420126833,0.0,0.0,0.0,0.9806116829236654,0.19596103519224595,2.0,0.0,0.0,0.0,0.0,0.0,0.0,0.0,-1.3650340430016659,-60.23535571847316,0.0,0.0,0.0,0.9085145228778313,-0.4178532777423992,2.0,0.0,0.0,0.0,0.0,0.0,0.0,0.0,-16.01229635841129,-59.05641724619828,0.0,0.0,0.0,-0.48939569436555963,0.8720618408899977,2.0,0.0,0.0,0.0,0.0,0.0,0.0,0.0,-21.659786451308683,-72.62247949389767,0.0,0.0,0.0,0.11665565544650033,0.9931724211094202,2.0,0.0,0.0,0.0,0.0,0.0,0.0
785,0.0,-21.935641890702254,-68.45918874088865,0.0,0.0,0.0,-0.05073780022734398,0.9987120083528035,2.0,0.0,0.0,0.0,0.0,0.0,0.0,0.0,2.0399818171595836,-74.5300420126833,0.0,0.0,0.0,0.9806116829236654,0.19596103519224595,2.0,0.0,0.0,0.0,0.0,0.0,0.0,0.0,-1.3650340430016659,-60.23535571847316,0.0,0.0,0.0,0.9085145228778313,-0.4178532777423992,2.0,0.0,0.0,0.0,0.0,0.0,0.0,0.0,-16.01229635841129,-59.05641724619828,0.0,0.0,0.0,-0.48939569436555963,0.8720618408899977,2.0,0.0,0.0,0.0,0.0,0.0,0.0,0.0,-21.659786451308683,-72.62247949389767,0.0,0.0,0.0,0.11665565544650033,0.9931724211094202,2.0,0.0,0.0,0.0,0.0,0.0,0.0
786,0.0,-21.945378334256105,-68.55871335258698,0.0,0.0,0.0,-0.04674255694499171,0.9989069693270961,2.0,0.0,0.0,0.0,0.0,0.0,0.0,0.0,2.0399818171595836,-74.5300420126833,0.0,0.0,0.0,0.9806116829236654,0.19596103519224595,2.0,0.0,0.0,0.0,0.0,0.0,0.0,0.0,-1.3650340430016659,-60.23535571847316,0.0,0.0,0.0,0.9085145228778313,-0.4178532777423992,2.0,0.0,0.0,0.0,0.0,0.0,0.0,0.0,-16.01229635841129,-59.05641724619828,0.0,0.0,0.0,-0.48939569436555963,0.8720618408899977,2.0,0.0,0.0,0.0,0.0,0.0,0.0,0.0,-21.659786451308683,-72.62247949389767,0.0,0.0,0.0,0.11665565544650033,0.9931724211094202,2.0,0.0,0.0,0.0,0.0,0.0,0.0
787,0.0,-21.95431827784458,-68.6583126702323,0.0,0.0,0.0,-0.042746565782725496,0.9990859478111896,2.0,0.0,0.0,0.0,0.0,0.0,0.0,0.0,2.0399818171595836,-74.5300420126833,0.0,0.0,0.0,0.9806116829236654,0.19596103519224595,2.0,0.0,0.0,0.0,0.0,0.0,0.0,0.0,-1.3650340430016659,-60.23535571847316,0.0,0.0,0.0,0.9085145228778313,-0.4178532777423992,2.0,0.0,0.0,0.0,0.0,0.0,0.0,0.0,-16.01229635841129,-59.05641724619828,0.0,0.0,0.0,-0.48939569436555963,0.8720618408899977,2.0,0.0,0.0,0.0,0.0,0.0,0.0,0.0,-21.659786451308683,-72.62247949389767,0.0,0.0,0.0,0.11665565544650033,0.9931724211094202,2.0,0.0,0.0,0.0,0.0,0.0,0.0
788,0.0,-21.962461149314336,-68.75798031950231,0.0,0.0,0.0,-0.03874989067631869,0.9992489409414319,2.0,0.0,0.0,0.0,0.0,0.0,0.0,0.0,2.0399818171595836,-74.5300420126833,0.0,0.0,0.0,0.9806116829236654,0.19596103519224595,2.0,0.0,0.0,0.0,0.0,0.0,0.0,0.0,-1.3650340430016659,-60.23535571847316,0.0,0.0,0.0,0.9085145228778313,-0.4178532777423992,2.0,0.0,0.0,0.0,0.0,0.0,0.0,0.0,-16.01229635841129,-59.05641724619828,0.0,0.0,0.0,-0.48939569436555963,0.8720618408899977,2.0,0.0,0.0,0.0,0.0,0.0,0.0,0.0,-21.659786451308683,-72.62247949389767,0.0,0.0,0.0,0.11665565544650033,0.9931724211094202,2.0,0.0,0.0,0.0,0.0,0.0,0.0
789,0.0,-21.96980642752438,-68.85770992170144,0.0,0.0,0.0,-0.03475259557248772,0.9993959461099365,2.0,0.0,0.0,0.0,0.0,0.0,0.0,0.0,2.0399818171595836,-74.5300420126833,0.0,0.0,0.0,0.9806116829236654,0.19596103519224595,2.0,0.0,0.0,0.0,0.0,0.0,0.0,0.0,-1.3650340430016659,-60.23535571847316,0.0,0.0,0.0,0.9085145228778313,-0.4178532777423992,2.0,0.0,0.0,0.0,0.0,0.0,0.0,0.0,-16.01229635841129,-59.05641724619828,0.0,0.0,0.0,-0.48939569436555963,0.8720618408899977,2.0,0.0,0.0,0.0,0.0,0.0,0.0,0.0,-21.659786451308683,-72.62247949389767,0.0,0.0,0.0,0.11665565544650033,0.9931724211094202,2.0,0.0,0.0,0.0,0.0,0.0,0.0
790,0.0,-21.97635364237941,-68.95749509416922,0.0,0.0,0.0,-0.030754744427868984,0.9995269609646238,2.0,0.0,0.0,0.0,0.0,0.0,0.0,0.0,2.0399818171595836,-74.5300420126833,0.0,0.0,0.0,0.9806116829236654,0.19596103519224595,2.0,0.0,0.0,0.0,0.0,0.0,0.0,0.0,-1.3650340430016659,-60.23535571847316,0.0,0.0,0.0,0.9085145228778313,-0.4178532777423992,2.0,0.0,0.0,0.0,0.0,0.0,0.0,0.0,-16.01229635841129,-59.05641724619828,0.0,0.0,0.0,-0.48939569436555963,0.8720618408899977,2.0,0.0,0.0,0.0,0.0,0.0,0.0,0.0,-21.659786451308683,-72.62247949389767,0.0,0.0,0.0,0.11665565544650033,0.9931724211094202,2.0,0.0,0.0,0.0,0.0,0.0,0.0
791,0.0,-21.98210237485992,-69.05732945068864,0.0,0.0,0.0,-0.0267564012079955,0.9996419834092588,2.0,0.0,0.0,0.0,0.0,0.0,0.0,0.0,2.0399818171595836,-74.5300420126833,0.0,0.0,0.0,0.9806116829236654,0.19596103519224595,2.0,0.0,0.0,0.0,0.0,0.0,0.0,0.0,-1.3650340430016659,-60.23535571847316,0.0,0.0,0.0,0.9085145228778313,-0.4178532777423992,2.0,0.0,0.0,0.0,0.0,0.0,0.0,0.0,-16.01229635841129,-59.05641724619828,0.0,0.0,0.0,-0.48939569436555963,0.8720618408899977,2.0,0.0,0.0,0.0,0.0,0.0,0.0,0.0,-21.659786451308683,-72.62247949389767,0.0,0.0,0.0,0.11665565544650033,0.9931724211094202,2.0,0.0,0.0,0.0,0.0,0.0,0.0
792,0.0,-21.987052257048987,-69.15720660189498,0.0,0.0,0.0,-0.02275762988627349,0.9997410116034849,2.0,0.0,0.0,0.0,0.0,0.0,0.0,0.0,2.0399818171595836,-74.5300420126833,0.0,0.0,0.0,0.9806116829236654,0.19596103519224595,2.0,0.0,0.0,0.0,0.0,0.0,0.0,0.0,-1.3650340430016659,-60.23535571847316,0.0,0.0,0.0,0.9085145228778313,-0.4178532777423992,2.0,0.0,0.0,0.0,0.0,0.0,0.0,0.0,-16.01229635841129,-59.05641724619828,0.0,0.0,0.0,-0.48939569436555963,0.8720618408899977,2.0,0.0,0.0,0.0,0.0,0.0,0.0,0.0,-21.659786451308683,-72.62247949389767,0.0,0.0,0.0,0.11665565544650033,0.9931724211094202,2.0,0.0,0.0,0.0,0.0,0.0,0.0
793,0.0,-21.99120297215584,-69.25712015568466,0.0,0.0,0.0,-0.0187584944429588,0.9998240439628533,2.0,0.0,0.0,0.0,0.0,0.0,0.0,0.0,2.0399818171595836,-74.5300420126833,0.0,0.0,0.0,0.9806116829236654,0.19596103519224595,2.0,0.0,0.0,0.0,0.0,0.0,0.0,0.0,-1.3650340430016659,-60.23535571847316,0.0,0.0,0.0,0.9085145228778313,-0.4178532777423992,2.0,0.0,0.0,0.0,0.0,0.0,0.0,0.0,-16.01229635841129,-59.05641724619828,0.0,0.0,0.0,-0.48939569436555963,0.8720618408899977,2.0,0.0,0.0,0.0,0.0,0.0,0.0,0.0,-21.659786451308683,-72.62247949389767,0.0,0.0,0.0,0.11665565544650033,0.9931724211094202,2.0,0.0,0.0,0.0,0.0,0.0,0.0
794,0.0,-21.994554254536126,-69.35706371762433,0.0,0.0,0.0,-0.014759058864133198,0.9998910791588477,2.0,0.0,0.0,0.0,0.0,0.0,0.0,0.0,2.0399818171595836,-74.5300420126833,0.0,0.0,0.0,0.9806116829236654,0.19596103519224595,2.0,0.0,0.0,0.0,0.0,0.0,0.0,0.0,-1.3650340430016659,-60.23535571847316,0.0,0.0,0.0,0.9085145228778313,-0.4178532777423992,2.0,0.0,0.0,0.0,0.0,0.0,0.0,0.0,-16.01229635841129,-59.05641724619828,0.0,0.0,0.0,-0.48939569436555963,0.8720618408899977,2.0,0.0,0.0,0.0,0.0,0.0,0.0,0.0,-21.659786451308683,-72.62247949389767,0.0,0.0,0.0,0.11665565544650033,0.9931724211094202,2.0,0.0,0.0,0.0,0.0,0.0,0.0
795,0.0,-21.997105889708926,-69.45703089136013,0.0,0.0,0.0,-0.010759387140680633,0.9999421161189066,2.0,0.0,0.0,0.0,0.0,0.0,0.0,0.0,2.0399818171595836,-74.5300420126833,0.0,0.0,0.0,0.9806116829236654,0.19596103519224595,2.0,0.0,0.0,0.0,0.0,0.0,0.0,0.0,-1.3650340430016659,-60.23535571847316,0.0,0.0,0.0,0.9085145228778313,-0.4178532777423992,2.0,0.0,0.0,0.0,0.0,0.0,0.0,0.0,-16.01229635841129,-59.05641724619828,0.0,0.0,0.0,-0.48939569436555963,0.8720618408899977,2.0,0.0,0.0,0.0,0.0,0.0,0.0,0.0,-21.659786451308683,-72.62247949389767,0.0,0.0,0.0,0.11665565544650033,0.9931724211094202,2.0,0.0,0.0,0.0,0.0,0.0,0.0
796,0.0,-21.998857714370452,-69.55701527902708,0.0,0.0,0.0,-0.00675954326726335,0.9999771540264397,2.0,0.0,0.0,0.0,0.0,0.0,0.0,0.0,2.0399818171595836,-74.5300420126833,0.0,0.0,0.0,0.9806116829236654,0.19596103519224595,2.0,0.0,0.0,0.0,0.0,0.0,0.0,0.0,-1.3650340430016659,-60.23535571847316,0.0,0.0,0.0,0.9085145228778313,-0.4178532777423992,2.0,0.0,0.0,0.0,0.0,0.0,0.0,0.0,-16.01229635841129,-59.05641724619828,0.0,0.0,0.0,-0.48939569436555963,0.8720618408899977,2.0,0.0,0.0,0.0,0.0,0.0,0.0,0.0,-21.659786451308683,-72.62247949389767,0.0,0.0,0.0,0.11665565544650033,0.9931724211094202,2.0,0.0,0.0,0.0,0.0,0.0,0.0
797,0.0,-21.999809616404526,-69.6570104816585,0.0,0.0,0.0,-0.0027595912412979938,0.9999961923208412,2.0,0.0,0.0,0.0,0.0,0.0,0.0,0.0,2.0399818171595836,-74.5300420126833,0.0,0.0,0.0,0.9806116829236654,0.19596103519224595,2.0,0.0,0.0,0.0,0.0,0.0,0.0,0.0,-1.3650340430016659,-60.23535571847316,0.0,0.0,0.0,0.9085145228778313,-0.4178532777423992,2.0,0.0,0.0,0.0,0.0,0.0,0.0,0.0,-16.01229635841129,-59.05641724619828,0.0,0.0,0.0,-0.48939569436555963,0.8720618408899977,2.0,0.0,0.0,0.0,0.0,0.0,0.0,0.0,-21.659786451308683,-72.62247949389767,0.0,0.0,0.0,0.11665565544650033,0.9931724211094202,2.0,0.0,0.0,0.0,0.0,0.0,0.0
798,0.0,-21.999961534889742,-69.75701009959555,0.0,0.0,0.0,0.0012404049380683514,0.9999992306974989,2.0,0.0,0.0,0.0,0.0,0.0,0.0,0.0,2.0399818171595836,-74.5300420126833,0.0,0.0,0.0,0.9806116829236654,0.19596103519224595,2.0,0.0,0.0,0.0,0.0,0.0,0.0,0.0,-1.3650340430016659,-60.23535571847316,0.0,0.0,0.0,0.9085145228778313,-0.4178532777423992,2.0,0.0,0.0,0.0,0.0,0.0,0.0,0.0,-16.01229635841129,-59.05641724619828,0.0,0.0,0.0,-0.48939569436555963,0.8720618408899977,2.0,0.0,0.0,0.0,0.0,0.0,0.0,0.0,-21.659786451308683,-72.62247949389767,0.0,0.0,0.0,0.11665565544650033,0.9931724211094202,2.0,0.0,0.0,0.0,0.0,0.0,0.0
799,0.0,-21.99931346010337,-69.85700773289679,0.0,0.0,0.0,0.00524038127098215,0.9999862691077986,2.0,0.0,0.0,0.0,0.0,0.0,0.0,0.0,2.0399818171595836,-74.5300420126833,0.0,0.0,0.0,0.9806116829236654,0.19596103519224595,2.0,0.0,0.0,0.0,0.0,0.0,0.0,0.0,-1.3650340430016659,-60.23535571847316,0.0,0.0,0.0,0.9085145228778313,-0.4178532777423992,2.0,0.0,0.0,0.0,0.0,0.0,0.0,0.0,-16.01229635841129,-59.05641724619828,0.0,0.0,0.0,-0.48939569436555963,0.8720618408899977,2.0,0.0,0.0,0.0,0.0,0.0,0.0,0.0,-21.659786451308683,-72.62247949389767,0.0,0.0,0.0,0.11665565544650033,0.9931724211094202,2.0,0.0,0.0,0.0,0.0,0.0,0.0
800,0.0,-21.997865433521973,-69.95699698174786,0.0,0.0,0.0,0.009240273757907407,0.9999573077591257,2.0,0.0,0.0,0.0,0.0,0.0,0.0,0.0,2.0399818171595836,-74.5300420126833,0.0,0.0,0.0,0.9806116829236654,0.19596103519224595,2.0,0.0,0.0,0.0,0.0,0.0,0.0,0.0,-1.3650340430016659,-60.23535571847316,0.0,0.0,0.0,0.9085145228778313,-0.4178532777423992,2.0,0.0,0.0,0.0,0.0,0.0,0.0,0.0,-16.01229635841129,-59.05641724619828,0.0,0.0,0.0,-0.48939569436555963,0.8720618408899977,2.0,0.0,0.0,0.0,0.0,0.0,0.0,0.0,-21.659786451308683,-72.62247949389767,0.0,0.0,0.0,0.11665565544650033,0.9931724211094202,2.0,0.0,0.0,0.0,0.0,0.0,0.0
801,0.0,-21.99561754781876,-70.05697144687093,0.0,0.0,0.0,0.013240018400649664,0.9999123471148611,2.0,0.0,0.0,0.0,0.0,0.0,0.0,0.0,2.0399818171595836,-74.5300420126833,0.0,0.0,0.0,0.9806116829236654,0.19596103519224595,2.0,0.0,0.0,0.0,0.0,0.0,0.0,0.0,-1.3650340430016659,-60.23535571847316,0.0,0.0,0.0,0.9085145228778313,-0.4178532777423992,2.0,0.0,0.0,0.0,0.0,0.0,0.0,0.0,-16.01229635841129,-59.05641724619828,0.0,0.0,0.0,-0.48939569436555963,0.8720618408899977,2.0,0.0,0.0,0.0,0.0,0.0,0.0,0.0,-21.659786451308683,-72.62247949389767,0.0,0.0,0.0,0.11665565544650033,0.9931724211094202,2.0,0.0,0.0,0.0,0.0,0.0,0.0
802,0.0,-21.99256994685765,-70.15692472993439,0.0,0.0,0.0,0.01723955120337996,0.999851387894374,2.0,0.0,0.0,0.0,0.0,0.0,0.0,0.0,2.0399818171595836,-74.5300420126833,0.0,0.0,0.0,0.9806116829236654,0.19596103519224595,2.0,0.0,0.0,0.0,0.0,0.0,0.0,0.0,-1.3650340430016659,-60.23535571847316,0.0,0.0,0.0,0.9085145228778313,-0.4178532777423992,2.0,0.0,0.0,0.0,0.0,0.0,0.0,0.0,-16.01229635841129,-59.05641724619828,0.0,0.0,0.0,-0.48939569436555963,0.8720618408899977,2.0,0.0,0.0,0.0,0.0,0.0,0.0,0.0,-21.659786451308683,-72.62247949389767,0.0,0.0,0.0,0.11665565544650033,0.9931724211094202,2.0,0.0,0.0,0.0,0.0,0.0,0.0
803,0.0,-21.988722825684064,-70.25685043396221,0.0,0.0,0.0,0.021238808173658783,0.9997744310730109,2.0,0.0,0.0,0.0,0.0,0.0,0.0,0.0,2.0399818171595836,-74.5300420126833,0.0,0.0,0.0,0.9806116829236654,0.19596103519224595,2.0,0.0,0.0,0.0,0.0,0.0,0.0,0.0,-1.3650340430016659,-60.23535571847316,0.0,0.0,0.0,0.9085145228778313,-0.4178532777423992,2.0,0.0,0.0,0.0,0.0,0.0,0.0,0.0,-16.01229635841129,-59.05641724619828,0.0,0.0,0.0,-0.48939569436555963,0.8720618408899977,2.0,0.0,0.0,0.0,0.0,0.0,0.0,0.0,-21.659786451308683,-72.62247949389767,0.0,0.0,0.0,0.11665565544650033,0.9931724211094202,2.0,0.0,0.0,0.0,0.0,0.0,0.0
804,0.0,-21.984076430512438,-70.35674216374346,0.0,0.0,0.0,0.025237725323459925,0.999681477882079,2.0,0.0,0.0,0.0,0.0,0.0,0.0,0.0,2.0399818171595836,-74.5300420126833,0.0,0.0,0.0,0.9806116829236654,0.19596103519224595,2.0,0.0,0.0,0.0,0.0,0.0,0.0,0.0,-1.3650340430016659,-60.23535571847316,0.0,0.0,0.0,0.9085145228778313,-0.4178532777423992,2.0,0.0,0.0,0.0,0.0,0.0,0.0,0.0,-16.01229635841129,-59.05641724619828,0.0,0.0,0.0,-0.48939569436555963,0.8720618408899977,2.0,0.0,0.0,0.0,0.0,0.0,0.0,0.0,-21.659786451308683,-72.62247949389767,0.0,0.0,0.0,0.11665565544650033,0.9931724211094202,2.0,0.0,0.0,0.0,0.0,0.0,0.0
805,0.0,-21.978631058710484,-70.45659352624152,0.0,0.0,0.0,0.02923623867019429,0.9995725298088275,2.0,0.0,0.0,0.0,0.0,0.0,0.0,0.0,2.0399818171595836,-74.5300420126833,0.0,0.0,0.0,0.9806116829236654,0.19596103519224595,2.0,0.0,0.0,0.0,0.0,0.0,0.0,0.0,-1.3650340430016659,-60.23535571847316,0.0,0.0,0.0,0.9085145228778313,-0.4178532777423992,2.0,0.0,0.0,0.0,0.0,0.0,0.0,0.0,-16.01229635841129,-59.05641724619828,0.0,0.0,0.0,-0.48939569436555963,0.8720618408899977,2.0,0.0,0.0,0.0,0.0,0.0,0.0,0.0,-21.659786451308683,-72.62247949389767,0.0,0.0,0.0,0.11665565544650033,0.9931724211094202,2.0,0.0,0.0,0.0,0.0,0.0,0.0
806,0.0,-21.972387058780136,-70.55639813100328,0.0,0.0,0.0,0.03323428423773364,0.9994475885964234,2.0,0.0,0.0,0.0,0.0,0.0,0.0,0.0,2.0399818171595836,-74.5300420126833,0.0,0.0,0.0,0.9806116829236654,0.19596103519224595,2.0,0.0,0.0,0.0,0.0,0.0,0.0,0.0,-1.3650340430016659,-60.23535571847316,0.0,0.0,0.0,0.9085145228778313,-0.4178532777423992,2.0,0.0,0.0,0.0,0.0,0.0,0.0,0.0,-16.01229635841129,-59.05641724619828,0.0,0.0,0.0,-0.48939569436555963,0.8720618408899977,2.0,0.0,0.0,0.0,0.0,0.0,0.0,0.0,-21.659786451308683,-72.62247949389767,0.0,0.0,0.0,0.11665565544650033,0.9931724211094202,2.0,0.0,0.0,0.0,0.0,0.0,0.0
807,0.0,-21.965344830335262,-70.65614959056809,0.0,0.0,0.0,0.037231798057434186,0.9993066562439231,2.0,0.0,0.0,0.0,0.0,0.0,0.0,0.0,2.0399818171595836,-74.5300420126833,0.0,0.0,0.0,0.9806116829236654,0.19596103519224595,2.0,0.0,0.0,0.0,0.0,0.0,0.0,0.0,-1.3650340430016659,-60.23535571847316,0.0,0.0,0.0,0.9085145228778313,-0.4178532777423992,2.0,0.0,0.0,0.0,0.0,0.0,0.0,0.0,-16.01229635841129,-59.05641724619828,0.0,0.0,0.0,-0.48939569436555963,0.8720618408899977,2.0,0.0,0.0,0.0,0.0,0.0,0.0,0.0,-21.659786451308683,-72.62247949389767,0.0,0.0,0.0,0.11665565544650033,0.9931724211094202,2.0,0.0,0.0,0.0,0.0,0.0,0.0
808,0.0,-21.95750482407607,-70.7558415208766,0.0,0.0,0.0,0.04122871616916009,0.9991497350062416,2.0,0.0,0.0,0.0,0.0,0.0,0.0,0.0,2.0399818171595836,-74.5300420126833,0.0,0.0,0.0,0.9806116829236654,0.19596103519224595,2.0,0.0,0.0,0.0,0.0,0.0,0.0,0.0,-1.3650340430016659,-60.23535571847316,0.0,0.0,0.0,0.9085145228778313,-0.4178532777423992,2.0,0.0,0.0,0.0,0.0,0.0,0.0,0.0,-16.01229635841129,-59.05641724619828,0.0,0.0,0.0,-0.48939569436555963,0.8720618408899977,2.0,0.0,0.0,0.0,0.0,0.0,0.0,0.0,-21.659786451308683,-72.62247949389767,0.0,0.0,0.0,0.11665565544650033,0.9931724211094202,2.0,0.0,0.0,0.0,0.0,0.0,0.0
809,0.0,-21.948867541760293,-70.85546754167929,0.0,0.0,0.0,0.04522497462230683,0.9989768273941151,2.0,0.0,0.0,0.0,0.0,0.0,0.0,0.0,2.0399818171595836,-74.5300420126833,0.0,0.0,0.0,0.9806116829236654,0.19596103519224595,2.0,0.0,0.0,0.0,0.0,0.0,0.0,0.0,-1.3650340430016659,-60.23535571847316,0.0,0.0,0.0,0.9085145228778313,-0.4178532777423992,2.0,0.0,0.0,0.0,0.0,0.0,0.0,0.0,-16.01229635841129,-59.05641724619828,0.0,0.0,0.0,-0.48939569436555963,0.8720618408899977,2.0,0.0,0.0,0.0,0.0,0.0,0.0,0.0,-21.659786451308683,-72.62247949389767,0.0,0.0,0.0,0.11665565544650033,0.9931724211094202,2.0,0.0,0.0,0.0,0.0,0.0,0.0
810,0.0,-21.939433536171045,-70.95502127694483,0.0,0.0,0.0,0.049220509476824416,0.9987879361740618,2.0,0.0,0.0,0.0,0.0,0.0,0.0,0.0,2.0399818171595836,-74.5300420126833,0.0,0.0,0.0,0.9806116829236654,0.19596103519224595,2.0,0.0,0.0,0.0,0.0,0.0,0.0,0.0,-1.3650340430016659,-60.23535571847316,0.0,0.0,0.0,0.9085145228778313,-0.4178532777423992,2.0,0.0,0.0,0.0,0.0,0.0,0.0,0.0,-16.01229635841129,-59.05641724619828,0.0,0.0,0.0,-0.48939569436555963,0.8720618408899977,2.0,0.0,0.0,0.0,0.0,0.0,0.0,0.0,-21.659786451308683,-72.62247949389767,0.0,0.0,0.0,0.11665565544650033,0.9931724211094202,2.0,0.0,0.0,0.0,0.0,0.0,0.0
811,0.0,-21.929203411081467,-71.05449635526816,0.0,0.0,0.0,0.053215256804240406,0.9985830643683372,2.0,0.0,0.0,0.0,0.0,0.0,0.0,0.0,2.0399818171595836,-74.5300420126833,0.0,0.0,0.0,0.9806116829236654,0.19596103519224595,2.0,0.0,0.0,0.0,0.0,0.0,0.0,0.0,-1.3650340430016659,-60.23535571847316,0.0,0.0,0.0,0.9085145228778313,-0.4178532777423992,2.0,0.0,0.0,0.0,0.0,0.0,0.0,0.0,-16.01229635841129,-59.05641724619828,0.0,0.0,0.0,-0.48939569436555963,0.8720618408899977,2.0,0.0,0.0,0.0,0.0,0.0,0.0,0.0,-21.659786451308683,-72.62247949389767,0.0,0.0,0.0,0.11665565544650033,0.9931724211094202,2.0,0.0,0.0,0.0,0.0,0.0,0.0
812,0.0,-21.918177821216076,-71.1538864102782,0.0,0.0,0.0,0.05720915268868279,0.9983622152548858,2.0,0.0,0.0,0.0,0.0,0.0,0.0,0.0,2.0399818171595836,-74.5300420126833,0.0,0.0,0.0,0.9806116829236654,0.19596103519224595,2.0,0.0,0.0,0.0,0.0,0.0,0.0,0.0,-1.3650340430016659,-60.23535571847316,0.0,0.0,0.0,0.9085145228778313,-0.4178532777423992,2.0,0.0,0.0,0.0,0.0,0.0,0.0,0.0,-16.01229635841129,-59.05641724619828,0.0,0.0,0.0,-0.48939569436555963,0.8720618408899977,2.0,0.0,0.0,0.0,0.0,0.0,0.0,0.0,-21.659786451308683,-72.62247949389767,0.0,0.0,0.0,0.11665565544650033,0.9931724211094202,2.0,0.0,0.0,0.0,0.0,0.0,0.0
813,0.0,-21.906357472208853,-71.25318508104539,0.0,0.0,0.0,0.06120213322790261,0.9981253923672887,2.0,0.0,0.0,0.0,0.0,0.0,0.0,0.0,2.0399818171595836,-74.5300420126833,0.0,0.0,0.0,0.9806116829236654,0.19596103519224595,2.0,0.0,0.0,0.0,0.0,0.0,0.0,0.0,-1.3650340430016659,-60.23535571847316,0.0,0.0,0.0,0.9085145228778313,-0.4178532777423992,2.0,0.0,0.0,0.0,0.0,0.0,0.0,0.0,-16.01229635841129,-59.05641724619828,0.0,0.0,0.0,-0.48939569436555963,0.8720618408899977,2.0,0.0,0.0,0.0,0.0,0.0,0.0,0.0,-21.659786451308683,-72.62247949389767,0.0,0.0,0.0,0.11665565544650033,0.9931724211094202,2.0,0.0,0.0,0.0,0.0,0.0,0.0
814,0.0,-21.8937431205581,-71.35238601248865,0.0,0.0,0.0,0.06519413453429644,0.9978725994947071,2.0,0.0,0.0,0.0,0.0,0.0,0.0,0.0,2.0399818171595836,-74.5300420126833,0.0,0.0,0.0,0.9806116829236654,0.19596103519224595,2.0,0.0,0.0,0.0,0.0,0.0,0.0,0.0,-1.3650340430016659,-60.23535571847316,0.0,0.0,0.0,0.9085145228778313,-0.4178532777423992,2.0,0.0,0.0,0.0,0.0,0.0,0.0,0.0,-16.01229635841129,-59.05641724619828,0.0,0.0,0.0,-0.48939569436555963,0.8720618408899977,2.0,0.0,0.0,0.0,0.0,0.0,0.0,0.0,-21.659786451308683,-72.62247949389767,0.0,0.0,0.0,0.11665565544650033,0.9931724211094202,2.0,0.0,0.0,0.0,0.0,0.0,0.0
815,0.0,-21.880335573578023,-71.45148285578226,0.0,0.0,0.0,0.06918509273592852,0.9976038406818214,2.0,0.0,0.0,0.0,0.0,0.0,0.0,0.0,2.0399818171595836,-74.5300420126833,0.0,0.0,0.0,0.9806116829236654,0.19596103519224595,2.0,0.0,0.0,0.0,0.0,0.0,0.0,0.0,-1.3650340430016659,-60.23535571847316,0.0,0.0,0.0,0.9085145228778313,-0.4178532777423992,2.0,0.0,0.0,0.0,0.0,0.0,0.0,0.0,-16.01229635841129,-59.05641724619828,0.0,0.0,0.0,-0.48939569436555963,0.8720618408899977,2.0,0.0,0.0,0.0,0.0,0.0,0.0,0.0,-21.659786451308683,-72.62247949389767,0.0,0.0,0.0,0.11665565544650033,0.9931724211094202,2.0,0.0,0.0,0.0,0.0,0.0,0.0
816,0.0,-21.86613568934705,-71.55046926876206,0.0,0.0,0.0,0.07317494397755277,0.9973191202287671,2.0,0.0,0.0,0.0,0.0,0.0,0.0,0.0,2.0399818171595836,-74.5300420126833,0.0,0.0,0.0,0.9806116829236654,0.19596103519224595,2.0,0.0,0.0,0.0,0.0,0.0,0.0,0.0,-1.3650340430016659,-60.23535571847316,0.0,0.0,0.0,0.9085145228778313,-0.4178532777423992,2.0,0.0,0.0,0.0,0.0,0.0,0.0,0.0,-16.01229635841129,-59.05641724619828,0.0,0.0,0.0,-0.48939569436555963,0.8720618408899977,2.0,0.0,0.0,0.0,0.0,0.0,0.0,0.0,-21.659786451308683,-72.62247949389767,0.0,0.0,0.0,0.11665565544650033,0.9931724211094202,2.0,0.0,0.0,0.0,0.0,0.0,0.0
817,0.0,-21.851144376652922,-71.6493389163314,0.0,0.0,0.0,0.07716362442163445,0.9970184426910652,2.0,0.0,0.0,0.0,0.0,0.0,0.0,0.0,2.0399818171595836,-74.5300420126833,0.0,0.0,0.0,0.9806116829236654,0.19596103519224595,2.0,0.0,0.0,0.0,0.0,0.0,0.0,0.0,-1.3650340430016659,-60.23535571847316,0.0,0.0,0.0,0.9085145228778313,-0.4178532777423992,2.0,0.0,0.0,0.0,0.0,0.0,0.0,0.0,-16.01229635841129,-59.05641724619828,0.0,0.0,0.0,-0.48939569436555963,0.8720618408899977,2.0,0.0,0.0,0.0,0.0,0.0,0.0,0.0,-21.659786451308683,-72.62247949389767,0.0,0.0,0.0,0.11665565544650033,0.9931724211094202,2.0,0.0,0.0,0.0,0.0,0.0,0.0
818,0.0,-21.835362594934537,-71.74808547086661,0.0,0.0,0.0,0.08115107024937154,0.9967018128795501,2.0,0.0,0.0,0.0,0.0,0.0,0.0,0.0,2.0399818171595836,-74.5300420126833,0.0,0.0,0.0,0.9806116829236654,0.19596103519224595,2.0,0.0,0.0,0.0,0.0,0.0,0.0,0.0,-1.3650340430016659,-60.23535571847316,0.0,0.0,0.0,0.9085145228778313,-0.4178532777423992,2.0,0.0,0.0,0.0,0.0,0.0,0.0,0.0,-16.01229635841129,-59.05641724619828,0.0,0.0,0.0,-0.48939569436555963,0.8720618408899977,2.0,0.0,0.0,0.0,0.0,0.0,0.0,0.0,-21.659786451308683,-72.62247949389767,0.0,0.0,0.0,0.11665565544650033,0.9931724211094202,2.0,0.0,0.0,0.0,0.0,0.0,0.0
819,0.0,-21.81879135422054,-71.84670261262188,0.0,0.0,0.0,0.08513721766171586,0.9963692358602917,2.0,0.0,0.0,0.0,0.0,0.0,0.0,0.0,2.0399818171595836,-74.5300420126833,0.0,0.0,0.0,0.9806116829236654,0.19596103519224595,2.0,0.0,0.0,0.0,0.0,0.0,0.0,0.0,-1.3650340430016659,-60.23535571847316,0.0,0.0,0.0,0.9085145228778313,-0.4178532777423992,2.0,0.0,0.0,0.0,0.0,0.0,0.0,0.0,-16.01229635841129,-59.05641724619828,0.0,0.0,0.0,-0.48939569436555963,0.8720618408899977,2.0,0.0,0.0,0.0,0.0,0.0,0.0,0.0,-21.659786451308683,-72.62247949389767,0.0,0.0,0.0,0.11665565544650033,0.9931724211094202,2.0,0.0,0.0,0.0,0.0,0.0,0.0
820,0.0,-21.801431715064677,-71.9451840301338,0.0,0.0,0.0,0.08912200288039386,0.9960207169545154,2.0,0.0,0.0,0.0,0.0,0.0,0.0,0.0,2.0399818171595836,-74.5300420126833,0.0,0.0,0.0,0.9806116829236654,0.19596103519224595,2.0,0.0,0.0,0.0,0.0,0.0,0.0,0.0,-1.3650340430016659,-60.23535571847316,0.0,0.0,0.0,0.9085145228778313,-0.4178532777423992,2.0,0.0,0.0,0.0,0.0,0.0,0.0,0.0,-16.01229635841129,-59.05641724619828,0.0,0.0,0.0,-0.48939569436555963,0.8720618408899977,2.0,0.0,0.0,0.0,0.0,0.0,0.0,0.0,-21.659786451308683,-72.62247949389767,0.0,0.0,0.0,0.11665565544650033,0.9931724211094202,2.0,0.0,0.0,0.0,0.0,0.0,0.0
821,0.0,-21.78328478847793,-72.04352342062529,0.0,0.0,0.0,0.09310536214892703,0.9956562617385164,2.0,0.0,0.0,0.0,0.0,0.0,0.0,0.0,2.0399818171595836,-74.5300420126833,0.0,0.0,0.0,0.9806116829236654,0.19596103519224595,2.0,0.0,0.0,0.0,0.0,0.0,0.0,0.0,-1.3650340430016659,-60.23535571847316,0.0,0.0,0.0,0.9085145228778313,-0.4178532777423992,2.0,0.0,0.0,0.0,0.0,0.0,0.0,0.0,-16.01229635841129,-59.05641724619828,0.0,0.0,0.0,-0.48939569436555963,0.8720618408899977,2.0,0.0,0.0,0.0,0.0,0.0,0.0,0.0,-21.659786451308683,-72.62247949389767,0.0,0.0,0.0,0.11665565544650033,0.9931724211094202,2.0,0.0,0.0,0.0,0.0,0.0,0.0
822,0.0,-21.764351735857403,-72.14171449040889,0.0,0.0,0.0,0.09708723173365207,0.9952758760435703,2.0,0.0,0.0,0.0,0.0,0.0,0.0,0.0,2.0399818171595836,-74.5300420126833,0.0,0.0,0.0,0.9806116829236654,0.19596103519224595,2.0,0.0,0.0,0.0,0.0,0.0,0.0,0.0,-1.3650340430016659,-60.23535571847316,0.0,0.0,0.0,0.9085145228778313,-0.4178532777423992,2.0,0.0,0.0,0.0,0.0,0.0,0.0,0.0,-16.01229635841129,-59.05641724619828,0.0,0.0,0.0,-0.48939569436555963,0.8720618408899977,2.0,0.0,0.0,0.0,0.0,0.0,0.0,0.0,-21.659786451308683,-72.62247949389767,0.0,0.0,0.0,0.11665565544650033,0.9931724211094202,2.0,0.0,0.0,0.0,0.0,0.0,0.0
823,0.0,-21.744633768912006,-72.23975095528968,0.0,0.0,0.0,0.10106754792474056,0.9948795659558398,2.0,0.0,0.0,0.0,0.0,0.0,0.0,0.0,2.0399818171595836,-74.5300420126833,0.0,0.0,0.0,0.9806116829236654,0.19596103519224595,2.0,0.0,0.0,0.0,0.0,0.0,0.0,0.0,-1.3650340430016659,-60.23535571847316,0.0,0.0,0.0,0.9085145228778313,-0.4178532777423992,2.0,0.0,0.0,0.0,0.0,0.0,0.0,0.0,-16.01229635841129,-59.05641724619828,0.0,0.0,0.0,-0.48939569436555963,0.8720618408899977,2.0,0.0,0.0,0.0,0.0,0.0,0.0,0.0,-21.659786451308683,-72.62247949389767,0.0,0.0,0.0,0.11665565544650033,0.9931724211094202,2.0,0.0,0.0,0.0,0.0,0.0,0.0
824,0.0,-21.72413214958489,-72.33762654096734,0.0,0.0,0.0,0.10504624703721836,0.9944673378162783,2.0,0.0,0.0,0.0,0.0,0.0,0.0,0.0,2.0399818171595836,-74.5300420126833,0.0,0.0,0.0,0.9806116829236654,0.19596103519224595,2.0,0.0,0.0,0.0,0.0,0.0,0.0,0.0,-1.3650340430016659,-60.23535571847316,0.0,0.0,0.0,0.9085145228778313,-0.4178532777423992,2.0,0.0,0.0,0.0,0.0,0.0,0.0,0.0,-16.01229635841129,-59.05641724619828,0.0,0.0,0.0,-0.48939569436555963,0.8720618408899977,2.0,0.0,0.0,0.0,0.0,0.0,0.0,0.0,-21.659786451308683,-72.62247949389767,0.0,0.0,0.0,0.11665565544650033,0.9931724211094202,2.0,0.0,0.0,0.0,0.0,0.0,0.0
825,0.0,-21.7028481899727,-72.43533498343783,0.0,0.0,0.0,0.10902326541198457,0.9940391982205269,2.0,0.0,0.0,0.0,0.0,0.0,0.0,0.0,2.0399818171595836,-74.5300420126833,0.0,0.0,0.0,0.9806116829236654,0.19596103519224595,2.0,0.0,0.0,0.0,0.0,0.0,0.0,0.0,-1.3650340430016659,-60.23535571847316,0.0,0.0,0.0,0.9085145228778313,-0.4178532777423992,2.0,0.0,0.0,0.0,0.0,0.0,0.0,0.0,-16.01229635841129,-59.05641724619828,0.0,0.0,0.0,-0.48939569436555963,0.8720618408899977,2.0,0.0,0.0,0.0,0.0,0.0,0.0,0.0,-21.659786451308683,-72.62247949389767,0.0,0.0,0.0,0.11665565544650033,0.9931724211094202,2.0,0.0,0.0,0.0,0.0,0.0,0.0
826,0.0,-21.68078325224158,-72.53287002939415,0.0,0.0,0.0,0.11299853941683,0.9935951540188102,2.0,0.0,0.0,0.0,0.0,0.0,0.0,0.0,2.0399818171595836,-74.5300420126833,0.0,0.0,0.0,0.9806116829236654,0.19596103519224595,2.0,0.0,0.0,0.0,0.0,0.0,0.0,0.0,-1.3650340430016659,-60.23535571847316,0.0,0.0,0.0,0.9085145228778313,-0.4178532777423992,2.0,0.0,0.0,0.0,0.0,0.0,0.0,0.0,-16.01229635841129,-59.05641724619828,0.0,0.0,0.0,-0.48939569436555963,0.8720618408899977,2.0,0.0,0.0,0.0,0.0,0.0,0.0,0.0,-21.659786451308683,-72.62247949389767,0.0,0.0,0.0,0.11665565544650033,0.9931724211094202,2.0,0.0,0.0,0.0,0.0,0.0,0.0
827,0.0,-21.657938748540012,-72.63022543662666,0.0,0.0,0.0,0.11697200544745538,0.9931352123158258,2.0,0.0,0.0,0.0,0.0,0.0,0.0,0.0,2.0399818171595836,-74.5300420126833,0.0,0.0,0.0,0.9806116829236654,0.19596103519224595,2.0,0.0,0.0,0.0,0.0,0.0,0.0,0.0,-1.3650340430016659,-60.23535571847316,0.0,0.0,0.0,0.9085145228778313,-0.4178532777423992,2.0,0.0,0.0,0.0,0.0,0.0,0.0,0.0,-16.01229635841129,-59.05641724619828,0.0,0.0,0.0,-0.48939569436555963,0.8720618408899977,2.0,0.0,0.0,0.0,0.0,0.0,0.0,0.0,-21.659786451308683,-72.62247949389767,0.0,0.0,0.0,0.11665565544650033,0.9931724211094202,2.0,0.0,0.0,0.0,0.0,0.0,0.0
828,0.0,-21.63431614090844,-72.72739497442255,0.0,0.0,0.0,0.12094359992848902,0.9926593804706313,2.0,0.0,0.0,0.0,0.0,0.0,0.0,0.0,2.0399818171595836,-74.5300420126833,0.0,0.0,0.0,0.9806116829236654,0.19596103519224595,2.0,0.0,0.0,0.0,0.0,0.0,0.0,0.0,-1.3650340430016659,-60.23535571847316,0.0,0.0,0.0,0.9085145228778313,-0.4178532777423992,2.0,0.0,0.0,0.0,0.0,0.0,0.0,0.0,-16.01229635841129,-59.05641724619828,0.0,0.0,0.0,-0.48939569436555963,0.8720618408899977,2.0,0.0,0.0,0.0,0.0,0.0,0.0,0.0,-21.659786451308683,-72.62247949389767,0.0,0.0,0.0,0.11665565544650033,0.9931724211094202,2.0,0.0,0.0,0.0,0.0,0.0,0.0
829,0.0,-21.609916941185688,-72.82437242396453,0.0,0.0,0.0,0.12491325931450394,0.992167666096526,2.0,0.0,0.0,0.0,0.0,0.0,0.0,0.0,2.0399818171595836,-74.5300420126833,0.0,0.0,0.0,0.9806116829236654,0.19596103519224595,2.0,0.0,0.0,0.0,0.0,0.0,0.0,0.0,-1.3650340430016659,-60.23535571847316,0.0,0.0,0.0,0.9085145228778313,-0.4178532777423992,2.0,0.0,0.0,0.0,0.0,0.0,0.0,0.0,-16.01229635841129,-59.05641724619828,0.0,0.0,0.0,-0.48939569436555963,0.8720618408899977,2.0,0.0,0.0,0.0,0.0,0.0,0.0,0.0,-21.659786451308683,-72.62247949389767,0.0,0.0,0.0,0.11665565544650033,0.9931724211094202,2.0,0.0,0.0,0.0,0.0,0.0,0.0
830,0.0,-21.58474271091221,-72.92115157872897,0.0,0.0,0.0,0.12888092009103463,0.9916600770609294,2.0,0.0,0.0,0.0,0.0,0.0,0.0,0.0,2.0399818171595836,-74.5300420126833,0.0,0.0,0.0,0.9806116829236654,0.19596103519224595,2.0,0.0,0.0,0.0,0.0,0.0,0.0,0.0,-1.3650340430016659,-60.23535571847316,0.0,0.0,0.0,0.9085145228778313,-0.4178532777423992,2.0,0.0,0.0,0.0,0.0,0.0,0.0,0.0,-16.01229635841129,-59.05641724619828,0.0,0.0,0.0,-0.48939569436555963,0.8720618408899977,2.0,0.0,0.0,0.0,0.0,0.0,0.0,0.0,-21.659786451308683,-72.62247949389767,0.0,0.0,0.0,0.11665565544650033,0.9931724211094202,2.0,0.0,0.0,0.0,0.0,0.0,0.0
831,0.0,-21.55879506123015,-73.01772624488298,0.0,0.0,0.0,0.13284651877559334,0.9911366214852552,2.0,0.0,0.0,0.0,0.0,0.0,0.0,0.0,2.0399818171595836,-74.5300420126833,0.0,0.0,0.0,0.9806116829236654,0.19596103519224595,2.0,0.0,0.0,0.0,0.0,0.0,0.0,0.0,-1.3650340430016659,-60.23535571847316,0.0,0.0,0.0,0.9085145228778313,-0.4178532777423992,2.0,0.0,0.0,0.0,0.0,0.0,0.0,0.0,-16.01229635841129,-59.05641724619828,0.0,0.0,0.0,-0.48939569436555963,0.8720618408899977,2.0,0.0,0.0,0.0,0.0,0.0,0.0,0.0,-21.659786451308683,-72.62247949389767,0.0,0.0,0.0,0.11665565544650033,0.9931724211094202,2.0,0.0,0.0,0.0,0.0,0.0,0.0
832,0.0,-21.53207565278023,-73.11409024168088,0.0,0.0,0.0,0.13680999191868567,0.9905973077447814,2.0,0.0,0.0,0.0,0.0,0.0,0.0,0.0,2.0399818171595836,-74.5300420126833,0.0,0.0,0.0,0.9806116829236654,0.19596103519224595,2.0,0.0,0.0,0.0,0.0,0.0,0.0,0.0,-1.3650340430016659,-60.23535571847316,0.0,0.0,0.0,0.9085145228778313,-0.4178532777423992,2.0,0.0,0.0,0.0,0.0,0.0,0.0,0.0,-16.01229635841129,-59.05641724619828,0.0,0.0,0.0,-0.48939569436555963,0.8720618408899977,2.0,0.0,0.0,0.0,0.0,0.0,0.0,0.0,-21.659786451308683,-72.62247949389767,0.0,0.0,0.0,0.11665565544650033,0.9931724211094202,2.0,0.0,0.0,0.0,0.0,0.0,0.0
833,0.0,-21.504586195595472,-73.21023740185979,0.0,0.0,0.0,0.14077127610482593,0.9900421444685165,2.0,0.0,0.0,0.0,0.0,0.0,0.0,0.0,2.0399818171595836,-74.5300420126833,0.0,0.0,0.0,0.9806116829236654,0.19596103519224595,2.0,0.0,0.0,0.0,0.0,0.0,0.0,0.0,-1.3650340430016659,-60.23535571847316,0.0,0.0,0.0,0.9085145228778313,-0.4178532777423992,2.0,0.0,0.0,0.0,0.0,0.0,0.0,0.0,-16.01229635841129,-59.05641724619828,0.0,0.0,0.0,-0.48939569436555963,0.8720618408899977,2.0,0.0,0.0,0.0,0.0,0.0,0.0,0.0,-21.659786451308683,-72.62247949389767,0.0,0.0,0.0,0.11665565544650033,0.9931724211094202,2.0,0.0,0.0,0.0,0.0,0.0,0.0
834,0.0,-21.47632844899175,-73.30616157203426,0.0,0.0,0.0,0.14473030795355163,0.9894711405390609,2.0,0.0,0.0,0.0,0.0,0.0,0.0,0.0,2.0399818171595836,-74.5300420126833,0.0,0.0,0.0,0.9806116829236654,0.19596103519224595,2.0,0.0,0.0,0.0,0.0,0.0,0.0,0.0,-1.3650340430016659,-60.23535571847316,0.0,0.0,0.0,0.9085145228778313,-0.4178532777423992,2.0,0.0,0.0,0.0,0.0,0.0,0.0,0.0,-16.01229635841129,-59.05641724619828,0.0,0.0,0.0,-0.48939569436555963,0.8720618408899977,2.0,0.0,0.0,0.0,0.0,0.0,0.0,0.0,-21.659786451308683,-72.62247949389767,0.0,0.0,0.0,0.11665565544650033,0.9931724211094202,2.0,0.0,0.0,0.0,0.0,0.0,0.0
835,0.0,-21.447304221455212,-73.40185661309015,0.0,0.0,0.0,0.14868702412043763,0.9888843050924655,2.0,0.0,0.0,0.0,0.0,0.0,0.0,0.0,2.0399818171595836,-74.5300420126833,0.0,0.0,0.0,0.9806116829236654,0.19596103519224595,2.0,0.0,0.0,0.0,0.0,0.0,0.0,0.0,-1.3650340430016659,-60.23535571847316,0.0,0.0,0.0,0.9085145228778313,-0.4178532777423992,2.0,0.0,0.0,0.0,0.0,0.0,0.0,0.0,-16.01229635841129,-59.05641724619828,0.0,0.0,0.0,-0.48939569436555963,0.8720618408899977,2.0,0.0,0.0,0.0,0.0,0.0,0.0,0.0,-21.659786451308683,-72.62247949389767,0.0,0.0,0.0,0.11665565544650033,0.9931724211094202,2.0,0.0,0.0,0.0,0.0,0.0,0.0
836,0.0,-21.4175153705265,-73.49731640057747,0.0,0.0,0.0,0.15264136129810973,0.9882816475180848,2.0,0.0,0.0,0.0,0.0,0.0,0.0,0.0,2.0399818171595836,-74.5300420126833,0.0,0.0,0.0,0.9806116829236654,0.19596103519224595,2.0,0.0,0.0,0.0,0.0,0.0,0.0,0.0,-1.3650340430016659,-60.23535571847316,0.0,0.0,0.0,0.9085145228778313,-0.4178532777423992,2.0,0.0,0.0,0.0,0.0,0.0,0.0,0.0,-16.01229635841129,-59.05641724619828,0.0,0.0,0.0,-0.48939569436555963,0.8720618408899977,2.0,0.0,0.0,0.0,0.0,0.0,0.0,0.0,-21.659786451308683,-72.62247949389767,0.0,0.0,0.0,0.11665565544650033,0.9931724211094202,2.0,0.0,0.0,0.0,0.0,0.0,0.0
837,0.0,-21.386963802681908,-73.59253482510245,0.0,0.0,0.0,0.15659325621725736,0.987663177458427,2.0,0.0,0.0,0.0,0.0,0.0,0.0,0.0,2.0399818171595836,-74.5300420126833,0.0,0.0,0.0,0.9806116829236654,0.19596103519224595,2.0,0.0,0.0,0.0,0.0,0.0,0.0,0.0,-1.3650340430016659,-60.23535571847316,0.0,0.0,0.0,0.9085145228778313,-0.4178532777423992,2.0,0.0,0.0,0.0,0.0,0.0,0.0,0.0,-16.01229635841129,-59.05641724619828,0.0,0.0,0.0,-0.48939569436555963,0.8720618408899977,2.0,0.0,0.0,0.0,0.0,0.0,0.0,0.0,-21.659786451308683,-72.62247949389767,0.0,0.0,0.0,0.11665565544650033,0.9931724211094202,2.0,0.0,0.0,0.0,0.0,0.0,0.0
838,0.0,-21.355651473211356,-73.6875057927184,0.0,0.0,0.0,0.16054264564764623,0.9870289048090002,2.0,0.0,0.0,0.0,0.0,0.0,0.0,0.0,2.0399818171595836,-74.5300420126833,0.0,0.0,0.0,0.9806116829236654,0.19596103519224595,2.0,0.0,0.0,0.0,0.0,0.0,0.0,0.0,-1.3650340430016659,-60.23535571847316,0.0,0.0,0.0,0.9085145228778313,-0.4178532777423992,2.0,0.0,0.0,0.0,0.0,0.0,0.0,0.0,-16.01229635841129,-59.05641724619828,0.0,0.0,0.0,-0.48939569436555963,0.8720618408899977,2.0,0.0,0.0,0.0,0.0,0.0,0.0,0.0,-21.659786451308683,-72.62247949389767,0.0,0.0,0.0,0.11665565544650033,0.9931724211094202,2.0,0.0,0.0,0.0,0.0,0.0,0.0
839,0.0,-21.32358038609324,-73.78222322531579,0.0,0.0,0.0,0.1644894663991296,0.9863788397181529,2.0,0.0,0.0,0.0,0.0,0.0,0.0,0.0,2.0399818171595836,-74.5300420126833,0.0,0.0,0.0,0.9806116829236654,0.19596103519224595,2.0,0.0,0.0,0.0,0.0,0.0,0.0,0.0,-1.3650340430016659,-60.23535571847316,0.0,0.0,0.0,0.9085145228778313,-0.4178532777423992,2.0,0.0,0.0,0.0,0.0,0.0,0.0,0.0,-16.01229635841129,-59.05641724619828,0.0,0.0,0.0,-0.48939569436555963,0.8720618408899977,2.0,0.0,0.0,0.0,0.0,0.0,0.0,0.0,-21.659786451308683,-72.62247949389767,0.0,0.0,0.0,0.11665565544650033,0.9931724211094202,2.0,0.0,0.0,0.0,0.0,0.0,0.0
840,0.0,-21.290752593866188,-73.87668106101128,0.0,0.0,0.0,0.1684336553226597,0.9857129925869129,2.0,0.0,0.0,0.0,0.0,0.0,0.0,0.0,2.0399818171595836,-74.5300420126833,0.0,0.0,0.0,0.9806116829236654,0.19596103519224595,2.0,0.0,0.0,0.0,0.0,0.0,0.0,0.0,-1.3650340430016659,-60.23535571847316,0.0,0.0,0.0,0.9085145228778313,-0.4178532777423992,2.0,0.0,0.0,0.0,0.0,0.0,0.0,0.0,-16.01229635841129,-59.05641724619828,0.0,0.0,0.0,-0.48939569436555963,0.8720618408899977,2.0,0.0,0.0,0.0,0.0,0.0,0.0,0.0,-21.659786451308683,-72.62247949389767,0.0,0.0,0.0,0.11665565544650033,0.9931724211094202,2.0,0.0,0.0,0.0,0.0,0.0,0.0
841,0.0,-21.257170197497693,-73.97087325453565,0.0,0.0,0.0,0.17237514931129788,0.9850313740688201,2.0,0.0,0.0,0.0,0.0,0.0,0.0,0.0,2.0399818171595836,-74.5300420126833,0.0,0.0,0.0,0.9806116829236654,0.19596103519224595,2.0,0.0,0.0,0.0,0.0,0.0,0.0,0.0,-1.3650340430016659,-60.23535571847316,0.0,0.0,0.0,0.9085145228778313,-0.4178532777423992,2.0,0.0,0.0,0.0,0.0,0.0,0.0,0.0,-16.01229635841129,-59.05641724619828,0.0,0.0,0.0,-0.48939569436555963,0.8720618408899977,2.0,0.0,0.0,0.0,0.0,0.0,0.0,0.0,-21.659786451308683,-72.62247949389767,0.0,0.0,0.0,0.11665565544650033,0.9931724211094202,2.0,0.0,0.0,0.0,0.0,0.0,0.0
842,0.0,-21.222835346249667,-74.06479377762062,0.0,0.0,0.0,0.17631388530122444,0.9843339950697562,2.0,0.0,0.0,0.0,0.0,0.0,0.0,0.0,2.0399818171595836,-74.5300420126833,0.0,0.0,0.0,0.9806116829236654,0.19596103519224595,2.0,0.0,0.0,0.0,0.0,0.0,0.0,0.0,-1.3650340430016659,-60.23535571847316,0.0,0.0,0.0,0.9085145228778313,-0.4178532777423992,2.0,0.0,0.0,0.0,0.0,0.0,0.0,0.0,-16.01229635841129,-59.05641724619828,0.0,0.0,0.0,-0.48939569436555963,0.8720618408899977,2.0,0.0,0.0,0.0,0.0,0.0,0.0,0.0,-21.659786451308683,-72.62247949389767,0.0,0.0,0.0,0.11665565544650033,0.9931724211094202,2.0,0.0,0.0,0.0,0.0,0.0,0.0
843,0.0,-21.187750237540868,-74.15843661938482,0.0,0.0,0.0,0.1802498002727475,0.9836208667477702,2.0,0.0,0.0,0.0,0.0,0.0,0.0,0.0,2.0399818171595836,-74.5300420126833,0.0,0.0,0.0,0.9806116829236654,0.19596103519224595,2.0,0.0,0.0,0.0,0.0,0.0,0.0,0.0,-1.3650340430016659,-60.23535571847316,0.0,0.0,0.0,0.9085145228778313,-0.4178532777423992,2.0,0.0,0.0,0.0,0.0,0.0,0.0,0.0,-16.01229635841129,-59.05641724619828,0.0,0.0,0.0,-0.48939569436555963,0.8720618408899977,2.0,0.0,0.0,0.0,0.0,0.0,0.0,0.0,-21.659786451308683,-72.62247949389767,0.0,0.0,0.0,0.11665565544650033,0.9931724211094202,2.0,0.0,0.0,0.0,0.0,0.0,0.0
844,0.0,-21.151917116806274,-74.25179578671829,0.0,0.0,0.0,0.18418283125131157,0.9828920005129002,2.0,0.0,0.0,0.0,0.0,0.0,0.0,0.0,2.0399818171595836,-74.5300420126833,0.0,0.0,0.0,0.9806116829236654,0.19596103519224595,2.0,0.0,0.0,0.0,0.0,0.0,0.0,0.0,-1.3650340430016659,-60.23535571847316,0.0,0.0,0.0,0.9085145228778313,-0.4178532777423992,2.0,0.0,0.0,0.0,0.0,0.0,0.0,0.0,-16.01229635841129,-59.05641724619828,0.0,0.0,0.0,-0.48939569436555963,0.8720618408899977,2.0,0.0,0.0,0.0,0.0,0.0,0.0,0.0,-21.659786451308683,-72.62247949389767,0.0,0.0,0.0,0.11665565544650033,0.9931724211094202,2.0,0.0,0.0,0.0,0.0,0.0,0.0
845,0.0,-21.11533827735338,-74.34486530466621,0.0,0.0,0.0,0.18811291530850482,0.9821474080269903,2.0,0.0,0.0,0.0,0.0,0.0,0.0,0.0,2.0399818171595836,-74.5300420126833,0.0,0.0,0.0,0.9806116829236654,0.19596103519224595,2.0,0.0,0.0,0.0,0.0,0.0,0.0,0.0,-1.3650340430016659,-60.23535571847316,0.0,0.0,0.0,0.9085145228778313,-0.4178532777423992,2.0,0.0,0.0,0.0,0.0,0.0,0.0,0.0,-16.01229635841129,-59.05641724619828,0.0,0.0,0.0,-0.48939569436555963,0.8720618408899977,2.0,0.0,0.0,0.0,0.0,0.0,0.0,0.0,-21.659786451308683,-72.62247949389767,0.0,0.0,0.0,0.11665565544650033,0.9931724211094202,2.0,0.0,0.0,0.0,0.0,0.0,0.0
846,0.0,-21.078016060215433,-74.43763921681122,0.0,0.0,0.0,0.19203998956306623,0.9813871012035044,2.0,0.0,0.0,0.0,0.0,0.0,0.0,0.0,2.0399818171595836,-74.5300420126833,0.0,0.0,0.0,0.9806116829236654,0.19596103519224595,2.0,0.0,0.0,0.0,0.0,0.0,0.0,0.0,-1.3650340430016659,-60.23535571847316,0.0,0.0,0.0,0.9085145228778313,-0.4178532777423992,2.0,0.0,0.0,0.0,0.0,0.0,0.0,0.0,-16.01229635841129,-59.05641724619828,0.0,0.0,0.0,-0.48939569436555963,0.8720618408899977,2.0,0.0,0.0,0.0,0.0,0.0,0.0,0.0,-21.659786451308683,-72.62247949389767,0.0,0.0,0.0,0.11665565544650033,0.9931724211094202,2.0,0.0,0.0,0.0,0.0,0.0,0.0
847,0.0,-21.03995285400159,-74.53011158565458,0.0,0.0,0.0,0.19596399118189145,0.9806110922073356,2.0,0.0,0.0,0.0,0.0,0.0,0.0,0.0,2.0399818171595836,-74.5300420126833,0.0,0.0,0.0,0.9806116829236654,0.19596103519224595,2.0,0.0,0.0,0.0,0.0,0.0,0.0,0.0,-1.3650340430016659,-60.23535571847316,0.0,0.0,0.0,0.9085145228778313,-0.4178532777423992,2.0,0.0,0.0,0.0,0.0,0.0,0.0,0.0,-16.01229635841129,-59.05641724619828,0.0,0.0,0.0,-0.48939569436555963,0.8720618408899977,2.0,0.0,0.0,0.0,0.0,0.0,0.0,0.0,-21.659786451308683,-72.62247949389767,0.0,0.0,0.0,0.11665565544650033,0.9931724211094202,2.0,0.0,0.0,0.0,0.0,0.0,0.0
848,0.0,-21.00115109474405,-74.62227649299626,0.0,0.0,0.0,0.19988485738103834,0.9798193934546111,2.0,0.0,0.0,0.0,0.0,0.0,0.0,0.0,2.0399818171595836,-74.5300420126833,0.0,0.0,0.0,0.9806116829236654,0.19596103519224595,2.0,0.0,0.0,0.0,0.0,0.0,0.0,0.0,-1.3650340430016659,-60.23535571847316,0.0,0.0,0.0,0.9085145228778313,-0.4178532777423992,2.0,0.0,0.0,0.0,0.0,0.0,0.0,0.0,-16.01229635841129,-59.05641724619828,0.0,0.0,0.0,-0.48939569436555963,0.8720618408899977,2.0,0.0,0.0,0.0,0.0,0.0,0.0,0.0,-21.659786451308683,-72.62247949389767,0.0,0.0,0.0,0.11665565544650033,0.9931724211094202,2.0,0.0,0.0,0.0,0.0,0.0,0.0
849,0.0,-20.961613265742162,-74.71412804031365,0.0,0.0,0.0,0.20380252542673133,0.9790120176124941,2.0,0.0,0.0,0.0,0.0,0.0,0.0,0.0,2.0399818171595836,-74.5300420126833,0.0,0.0,0.0,0.9806116829236654,0.19596103519224595,2.0,0.0,0.0,0.0,0.0,0.0,0.0,0.0,-1.3650340430016659,-60.23535571847316,0.0,0.0,0.0,0.9085145228778313,-0.4178532777423992,2.0,0.0,0.0,0.0,0.0,0.0,0.0,0.0,-16.01229635841129,-59.05641724619828,0.0,0.0,0.0,-0.48939569436555963,0.8720618408899977,2.0,0.0,0.0,0.0,0.0,0.0,0.0,0.0,-21.659786451308683,-72.62247949389767,0.0,0.0,0.0,0.11665565544650033,0.9931724211094202,2.0,0.0,0.0,0.0,0.0,0.0,0.0
850,0.0,-20.921341897403494,-74.80566034913906,0.0,0.0,0.0,0.20771693263636531,0.9781889775989809,2.0,0.0,0.0,0.0,0.0,0.0,0.0,0.0,2.0399818171595836,-74.5300420126833,0.0,0.0,0.0,0.9806116829236654,0.19596103519224595,2.0,0.0,0.0,0.0,0.0,0.0,0.0,0.0,-1.3650340430016659,-60.23535571847316,0.0,0.0,0.0,0.9085145228778313,-0.4178532777423992,2.0,0.0,0.0,0.0,0.0,0.0,0.0,0.0,-16.01229635841129,-59.05641724619828,0.0,0.0,0.0,-0.48939569436555963,0.8720618408899977,2.0,0.0,0.0,0.0,0.0,0.0,0.0,0.0,-21.659786451308683,-72.62247949389767,0.0,0.0,0.0,0.11665565544650033,0.9931724211094202,2.0,0.0,0.0,0.0,0.0,0.0,0.0
851,0.0,-20.88033956708186,-74.896867561436,0.0,0.0,0.0,0.21162801637950837,0.9773502865826942,2.0,0.0,0.0,0.0,0.0,0.0,0.0,0.0,2.0399818171595836,-74.5300420126833,0.0,0.0,0.0,0.9806116829236654,0.19596103519224595,2.0,0.0,0.0,0.0,0.0,0.0,0.0,0.0,-1.3650340430016659,-60.23535571847316,0.0,0.0,0.0,0.9085145228778313,-0.4178532777423992,2.0,0.0,0.0,0.0,0.0,0.0,0.0,0.0,-16.01229635841129,-59.05641724619828,0.0,0.0,0.0,-0.48939569436555963,0.8720618408899977,2.0,0.0,0.0,0.0,0.0,0.0,0.0,0.0,-21.659786451308683,-72.62247949389767,0.0,0.0,0.0,0.11665565544650033,0.9931724211094202,2.0,0.0,0.0,0.0,0.0,0.0,0.0
852,0.0,-20.838608898912423,-74.98774383997397,0.0,0.0,0.0,0.2155357140789041,0.9764959579826723,2.0,0.0,0.0,0.0,0.0,0.0,0.0,0.0,2.0399818171595836,-74.5300420126833,0.0,0.0,0.0,0.9806116829236654,0.19596103519224595,2.0,0.0,0.0,0.0,0.0,0.0,0.0,0.0,-1.3650340430016659,-60.23535571847316,0.0,0.0,0.0,0.9085145228778313,-0.4178532777423992,2.0,0.0,0.0,0.0,0.0,0.0,0.0,0.0,-16.01229635841129,-59.05641724619828,0.0,0.0,0.0,-0.48939569436555963,0.8720618408899977,2.0,0.0,0.0,0.0,0.0,0.0,0.0,0.0,-21.659786451308683,-72.62247949389767,0.0,0.0,0.0,0.11665565544650033,0.9931724211094202,2.0,0.0,0.0,0.0,0.0,0.0,0.0
853,0.0,-20.796152563643687,-75.0782833687022,0.0,0.0,0.0,0.21943996321147266,0.9756260054681546,2.0,0.0,0.0,0.0,0.0,0.0,0.0,0.0,2.0399818171595836,-74.5300420126833,0.0,0.0,0.0,0.9806116829236654,0.19596103519224595,2.0,0.0,0.0,0.0,0.0,0.0,0.0,0.0,-1.3650340430016659,-60.23535571847316,0.0,0.0,0.0,0.9085145228778313,-0.4178532777423992,2.0,0.0,0.0,0.0,0.0,0.0,0.0,0.0,-16.01229635841129,-59.05641724619828,0.0,0.0,0.0,-0.48939569436555963,0.8720618408899977,2.0,0.0,0.0,0.0,0.0,0.0,0.0,0.0,-21.659786451308683,-72.62247949389767,0.0,0.0,0.0,0.11665565544650033,0.9931724211094202,2.0,0.0,0.0,0.0,0.0,0.0,0.0
854,0.0,-20.752973278466627,-75.16848035312174,0.0,0.0,0.0,0.22334070130931122,0.9747404429583627,2.0,0.0,0.0,0.0,0.0,0.0,0.0,0.0,2.0399818171595836,-74.5300420126833,0.0,0.0,0.0,0.9806116829236654,0.19596103519224595,2.0,0.0,0.0,0.0,0.0,0.0,0.0,0.0,-1.3650340430016659,-60.23535571847316,0.0,0.0,0.0,0.9085145228778313,-0.4178532777423992,2.0,0.0,0.0,0.0,0.0,0.0,0.0,0.0,-16.01229635841129,-59.05641724619828,0.0,0.0,0.0,-0.48939569436555963,0.8720618408899977,2.0,0.0,0.0,0.0,0.0,0.0,0.0,0.0,-21.659786451308683,-72.62247949389767,0.0,0.0,0.0,0.11665565544650033,0.9931724211094202,2.0,0.0,0.0,0.0,0.0,0.0,0.0
855,0.0,-20.70907380684075,-75.25832902065636,0.0,0.0,0.0,0.22723786596069342,0.9738392846222779,2.0,0.0,0.0,0.0,0.0,0.0,0.0,0.0,2.0399818171595836,-74.5300420126833,0.0,0.0,0.0,0.9806116829236654,0.19596103519224595,2.0,0.0,0.0,0.0,0.0,0.0,0.0,0.0,-1.3650340430016659,-60.23535571847316,0.0,0.0,0.0,0.9085145228778313,-0.4178532777423992,2.0,0.0,0.0,0.0,0.0,0.0,0.0,0.0,-16.01229635841129,-59.05641724619828,0.0,0.0,0.0,-0.48939569436555963,0.8720618408899977,2.0,0.0,0.0,0.0,0.0,0.0,0.0,0.0,-21.659786451308683,-72.62247949389767,0.0,0.0,0.0,0.11665565544650033,0.9931724211094202,2.0,0.0,0.0,0.0,0.0,0.0,0.0
856,0.0,-20.664456958317253,-75.34782362102204,0.0,0.0,0.0,0.23113139481106798,0.9729225448784143,2.0,0.0,0.0,0.0,0.0,0.0,0.0,0.0,2.0399818171595836,-74.5300420126833,0.0,0.0,0.0,0.9806116829236654,0.19596103519224595,2.0,0.0,0.0,0.0,0.0,0.0,0.0,0.0,-1.3650340430016659,-60.23535571847316,0.0,0.0,0.0,0.9085145228778313,-0.4178532777423992,2.0,0.0,0.0,0.0,0.0,0.0,0.0,0.0,-16.01229635841129,-59.05641724619828,0.0,0.0,0.0,-0.48939569436555963,0.8720618408899977,2.0,0.0,0.0,0.0,0.0,0.0,0.0,0.0,-21.659786451308683,-72.62247949389767,0.0,0.0,0.0,0.11665565544650033,0.9931724211094202,2.0,0.0,0.0,0.0,0.0,0.0,0.0
857,0.0,-20.619125588359225,-75.43695842659488,0.0,0.0,0.0,0.23502122556405639,0.9719902383945884,2.0,0.0,0.0,0.0,0.0,0.0,0.0,0.0,2.0399818171595836,-74.5300420126833,0.0,0.0,0.0,0.9806116829236654,0.19596103519224595,2.0,0.0,0.0,0.0,0.0,0.0,0.0,0.0,-1.3650340430016659,-60.23535571847316,0.0,0.0,0.0,0.9085145228778313,-0.4178532777423992,2.0,0.0,0.0,0.0,0.0,0.0,0.0,0.0,-16.01229635841129,-59.05641724619828,0.0,0.0,0.0,-0.48939569436555963,0.8720618408899977,2.0,0.0,0.0,0.0,0.0,0.0,0.0,0.0,-21.659786451308683,-72.62247949389767,0.0,0.0,0.0,0.11665565544650033,0.9931724211094202,2.0,0.0,0.0,0.0,0.0,0.0,0.0
858,0.0,-20.573082598158855,-75.52572773277777,0.0,0.0,0.0,0.23890729598244953,0.9710423800876841,2.0,0.0,0.0,0.0,0.0,0.0,0.0,0.0,2.0399818171595836,-74.5300420126833,0.0,0.0,0.0,0.9806116829236654,0.19596103519224595,2.0,0.0,0.0,0.0,0.0,0.0,0.0,0.0,-1.3650340430016659,-60.23535571847316,0.0,0.0,0.0,0.9085145228778313,-0.4178532777423992,2.0,0.0,0.0,0.0,0.0,0.0,0.0,0.0,-16.01229635841129,-59.05641724619828,0.0,0.0,0.0,-0.48939569436555963,0.8720618408899977,2.0,0.0,0.0,0.0,0.0,0.0,0.0,0.0,-21.659786451308683,-72.62247949389767,0.0,0.0,0.0,0.11665565544650033,0.9931724211094202,2.0,0.0,0.0,0.0,0.0,0.0,0.0
859,0.0,-20.526330934451813,-75.61412585836538,0.0,0.0,0.0,0.24278954388920365,0.9700789851234137,2.0,0.0,0.0,0.0,0.0,0.0,0.0,0.0,2.0399818171595836,-74.5300420126833,0.0,0.0,0.0,0.9806116829236654,0.19596103519224595,2.0,0.0,0.0,0.0,0.0,0.0,0.0,0.0,-1.3650340430016659,-60.23535571847316,0.0,0.0,0.0,0.9085145228778313,-0.4178532777423992,2.0,0.0,0.0,0.0,0.0,0.0,0.0,0.0,-16.01229635841129,-59.05641724619828,0.0,0.0,0.0,-0.48939569436555963,0.8720618408899977,2.0,0.0,0.0,0.0,0.0,0.0,0.0,0.0,-21.659786451308683,-72.62247949389767,0.0,0.0,0.0,0.11665565544650033,0.9931724211094202,2.0,0.0,0.0,0.0,0.0,0.0,0.0
860,0.0,-20.478873589328607,-75.70214714590787,0.0,0.0,0.0,0.24666790716843506,0.9691000689160766,2.0,0.0,0.0,0.0,0.0,0.0,0.0,0.0,2.0399818171595836,-74.5300420126833,0.0,0.0,0.0,0.9806116829236654,0.19596103519224595,2.0,0.0,0.0,0.0,0.0,0.0,0.0,0.0,-1.3650340430016659,-60.23535571847316,0.0,0.0,0.0,0.9085145228778313,-0.4178532777423992,2.0,0.0,0.0,0.0,0.0,0.0,0.0,0.0,-16.01229635841129,-59.05641724619828,0.0,0.0,0.0,-0.48939569436555963,0.8720618408899977,2.0,0.0,0.0,0.0,0.0,0.0,0.0,0.0,-21.659786451308683,-72.62247949389767,0.0,0.0,0.0,0.11665565544650033,0.9931724211094202,2.0,0.0,0.0,0.0,0.0,0.0,0.0
861,0.0,-20.430713600043134,-75.78978596207287,0.0,0.0,0.0,0.250542323766414,0.9681056471283108,2.0,0.0,0.0,0.0,0.0,0.0,0.0,0.0,2.0399818171595836,-74.5300420126833,0.0,0.0,0.0,0.9806116829236654,0.19596103519224595,2.0,0.0,0.0,0.0,0.0,0.0,0.0,0.0,-1.3650340430016659,-60.23535571847316,0.0,0.0,0.0,0.9085145228778313,-0.4178532777423992,2.0,0.0,0.0,0.0,0.0,0.0,0.0,0.0,-16.01229635841129,-59.05641724619828,0.0,0.0,0.0,-0.48939569436555963,0.8720618408899977,2.0,0.0,0.0,0.0,0.0,0.0,0.0,0.0,-21.659786451308683,-72.62247949389767,0.0,0.0,0.0,0.11665565544650033,0.9931724211094202,2.0,0.0,0.0,0.0,0.0,0.0,0.0
862,0.0,-20.38185404881827,-75.87703669800608,0.0,0.0,0.0,0.2544127316925576,0.9670957356708438,2.0,0.0,0.0,0.0,0.0,0.0,0.0,0.0,2.0399818171595836,-74.5300420126833,0.0,0.0,0.0,0.9806116829236654,0.19596103519224595,2.0,0.0,0.0,0.0,0.0,0.0,0.0,0.0,-1.3650340430016659,-60.23535571847316,0.0,0.0,0.0,0.9085145228778313,-0.4178532777423992,2.0,0.0,0.0,0.0,0.0,0.0,0.0,0.0,-16.01229635841129,-59.05641724619828,0.0,0.0,0.0,-0.48939569436555963,0.8720618408899977,2.0,0.0,0.0,0.0,0.0,0.0,0.0,0.0,-21.659786451308683,-72.62247949389767,0.0,0.0,0.0,0.11665565544650033,0.9931724211094202,2.0,0.0,0.0,0.0,0.0,0.0,0.0
863,0.0,-20.332298062648608,-75.96389376969016,0.0,0.0,0.0,0.2582790690204216,0.9660703507022376,2.0,0.0,0.0,0.0,0.0,0.0,0.0,0.0,2.0399818171595836,-74.5300420126833,0.0,0.0,0.0,0.9806116829236654,0.19596103519224595,2.0,0.0,0.0,0.0,0.0,0.0,0.0,0.0,-1.3650340430016659,-60.23535571847316,0.0,0.0,0.0,0.9085145228778313,-0.4178532777423992,2.0,0.0,0.0,0.0,0.0,0.0,0.0,0.0,-16.01229635841129,-59.05641724619828,0.0,0.0,0.0,-0.48939569436555963,0.8720618408899977,2.0,0.0,0.0,0.0,0.0,0.0,0.0,0.0,-21.659786451308683,-72.62247949389767,0.0,0.0,0.0,0.11665565544650033,0.9931724211094202,2.0,0.0,0.0,0.0,0.0,0.0,0.0
864,0.0,-20.282048813100353,-76.05035161830216,0.0,0.0,0.0,0.2621412738886912,0.9650295086286296,2.0,0.0,0.0,0.0,0.0,0.0,0.0,0.0,2.0399818171595836,-74.5300420126833,0.0,0.0,0.0,0.9806116829236654,0.19596103519224595,2.0,0.0,0.0,0.0,0.0,0.0,0.0,0.0,-1.3650340430016659,-60.23535571847316,0.0,0.0,0.0,0.9085145228778313,-0.4178532777423992,2.0,0.0,0.0,0.0,0.0,0.0,0.0,0.0,-16.01229635841129,-59.05641724619828,0.0,0.0,0.0,-0.48939569436555963,0.8720618408899977,2.0,0.0,0.0,0.0,0.0,0.0,0.0,0.0,-21.659786451308683,-72.62247949389767,0.0,0.0,0.0,0.11665565544650033,0.9931724211094202,2.0,0.0,0.0,0.0,0.0,0.0,0.0
865,0.0,-20.231109516108326,-76.13640471056931,0.0,0.0,0.0,0.2659992845021709,0.9639732261034708,2.0,0.0,0.0,0.0,0.0,0.0,0.0,0.0,2.0399818171595836,-74.5300420126833,0.0,0.0,0.0,0.9806116829236654,0.19596103519224595,2.0,0.0,0.0,0.0,0.0,0.0,0.0,0.0,-1.3650340430016659,-60.23535571847316,0.0,0.0,0.0,0.9085145228778313,-0.4178532777423992,2.0,0.0,0.0,0.0,0.0,0.0,0.0,0.0,-16.01229635841129,-59.05641724619828,0.0,0.0,0.0,-0.48939569436555963,0.8720618408899977,2.0,0.0,0.0,0.0,0.0,0.0,0.0,0.0,-21.659786451308683,-72.62247949389767,0.0,0.0,0.0,0.11665565544650033,0.9931724211094202,2.0,0.0,0.0,0.0,0.0,0.0,0.0
866,0.0,-20.179483431770148,-76.22204753912307,0.0,0.0,0.0,0.26985303913277325,0.962901520027259,2.0,0.0,0.0,0.0,0.0,0.0,0.0,0.0,2.0399818171595836,-74.5300420126833,0.0,0.0,0.0,0.9806116829236654,0.19596103519224595,2.0,0.0,0.0,0.0,0.0,0.0,0.0,0.0,-1.3650340430016659,-60.23535571847316,0.0,0.0,0.0,0.9085145228778313,-0.4178532777423992,2.0,0.0,0.0,0.0,0.0,0.0,0.0,0.0,-16.01229635841129,-59.05641724619828,0.0,0.0,0.0,-0.48939569436555963,0.8720618408899977,2.0,0.0,0.0,0.0,0.0,0.0,0.0,0.0,-21.659786451308683,-72.62247949389767,0.0,0.0,0.0,0.11665565544650033,0.9931724211094202,2.0,0.0,0.0,0.0,0.0,0.0,0.0
867,0.0,-20.12717386413759,-76.30727462285164,0.0,0.0,0.0,0.27370247612050635,0.9618144075472688,2.0,0.0,0.0,0.0,0.0,0.0,0.0,0.0,2.0399818171595836,-74.5300420126833,0.0,0.0,0.0,0.9806116829236654,0.19596103519224595,2.0,0.0,0.0,0.0,0.0,0.0,0.0,0.0,-1.3650340430016659,-60.23535571847316,0.0,0.0,0.0,0.9085145228778313,-0.4178532777423992,2.0,0.0,0.0,0.0,0.0,0.0,0.0,0.0,-16.01229635841129,-59.05641724619828,0.0,0.0,0.0,-0.48939569436555963,0.8720618408899977,2.0,0.0,0.0,0.0,0.0,0.0,0.0,0.0,-21.659786451308683,-72.62247949389767,0.0,0.0,0.0,0.11665565544650033,0.9931724211094202,2.0,0.0,0.0,0.0,0.0,0.0,0.0
868,0.0,-20.074184161005128,-76.39208050725074,0.0,0.0,0.0,0.27754753387446046,0.9607119060572765,2.0,0.0,0.0,0.0,0.0,0.0,0.0,0.0,2.0399818171595836,-74.5300420126833,0.0,0.0,0.0,0.9806116829236654,0.19596103519224595,2.0,0.0,0.0,0.0,0.0,0.0,0.0,0.0,-1.3650340430016659,-60.23535571847316,0.0,0.0,0.0,0.9085145228778313,-0.4178532777423992,2.0,0.0,0.0,0.0,0.0,0.0,0.0,0.0,-16.01229635841129,-59.05641724619828,0.0,0.0,0.0,-0.48939569436555963,0.8720618408899977,2.0,0.0,0.0,0.0,0.0,0.0,0.0,0.0,-21.659786451308683,-72.62247949389767,0.0,0.0,0.0,0.11665565544650033,0.9931724211094202,2.0,0.0,0.0,0.0,0.0,0.0,0.0
869,0.0,-20.02051771369568,-76.47645976477273,0.0,0.0,0.0,0.2813881508737936,0.9595940331972824,2.0,0.0,0.0,0.0,0.0,0.0,0.0,0.0,2.0399818171595836,-74.5300420126833,0.0,0.0,0.0,0.9806116829236654,0.19596103519224595,2.0,0.0,0.0,0.0,0.0,0.0,0.0,0.0,-1.3650340430016659,-60.23535571847316,0.0,0.0,0.0,0.9085145228778313,-0.4178532777423992,2.0,0.0,0.0,0.0,0.0,0.0,0.0,0.0,-16.01229635841129,-59.05641724619828,0.0,0.0,0.0,-0.48939569436555963,0.8720618408899977,2.0,0.0,0.0,0.0,0.0,0.0,0.0,0.0,-21.659786451308683,-72.62247949389767,0.0,0.0,0.0,0.11665565544650033,0.9931724211094202,2.0,0.0,0.0,0.0,0.0,0.0,0.0
870,0.0,-19.966177956843545,-76.56040699517392,0.0,0.0,0.0,0.2852242656687157,0.9584608068532285,2.0,0.0,0.0,0.0,0.0,0.0,0.0,0.0,2.0399818171595836,-74.5300420126833,0.0,0.0,0.0,0.9806116829236654,0.19596103519224595,2.0,0.0,0.0,0.0,0.0,0.0,0.0,0.0,-1.3650340430016659,-60.23535571847316,0.0,0.0,0.0,0.9085145228778313,-0.4178532777423992,2.0,0.0,0.0,0.0,0.0,0.0,0.0,0.0,-16.01229635841129,-59.05641724619828,0.0,0.0,0.0,-0.48939569436555963,0.8720618408899977,2.0,0.0,0.0,0.0,0.0,0.0,0.0,0.0,-21.659786451308683,-72.62247949389767,0.0,0.0,0.0,0.11665565544650033,0.9931724211094202,2.0,0.0,0.0,0.0,0.0,0.0,0.0
871,0.0,-19.91116836817462,-76.64391682586023,0.0,0.0,0.0,0.2890558168814719,0.9573122451567122,2.0,0.0,0.0,0.0,0.0,0.0,0.0,0.0,2.0399818171595836,-74.5300420126833,0.0,0.0,0.0,0.9806116829236654,0.19596103519224595,2.0,0.0,0.0,0.0,0.0,0.0,0.0,0.0,-1.3650340430016659,-60.23535571847316,0.0,0.0,0.0,0.9085145228778313,-0.4178532777423992,2.0,0.0,0.0,0.0,0.0,0.0,0.0,0.0,-16.01229635841129,-59.05641724619828,0.0,0.0,0.0,-0.48939569436555963,0.8720618408899977,2.0,0.0,0.0,0.0,0.0,0.0,0.0,0.0,-21.659786451308683,-72.62247949389767,0.0,0.0,0.0,0.11665565544650033,0.9931724211094202,2.0,0.0,0.0,0.0,0.0,0.0,0.0
872,0.0,-19.855492468283806,-76.726983912231,0.0,0.0,0.0,0.29288274320732455,0.9561483664846959,2.0,0.0,0.0,0.0,0.0,0.0,0.0,0.0,2.0399818171595836,-74.5300420126833,0.0,0.0,0.0,0.9806116829236654,0.19596103519224595,2.0,0.0,0.0,0.0,0.0,0.0,0.0,0.0,-1.3650340430016659,-60.23535571847316,0.0,0.0,0.0,0.9085145228778313,-0.4178532777423992,2.0,0.0,0.0,0.0,0.0,0.0,0.0,0.0,-16.01229635841129,-59.05641724619828,0.0,0.0,0.0,-0.48939569436555963,0.8720618408899977,2.0,0.0,0.0,0.0,0.0,0.0,0.0,0.0,-21.659786451308683,-72.62247949389767,0.0,0.0,0.0,0.11665565544650033,0.9931724211094202,2.0,0.0,0.0,0.0,0.0,0.0,0.0
873,0.0,-19.799153820409693,-76.80960293802104,0.0,0.0,0.0,0.296704983415534,0.9549691894592137,2.0,0.0,0.0,0.0,0.0,0.0,0.0,0.0,2.0399818171595836,-74.5300420126833,0.0,0.0,0.0,0.9806116829236654,0.19596103519224595,2.0,0.0,0.0,0.0,0.0,0.0,0.0,0.0,-1.3650340430016659,-60.23535571847316,0.0,0.0,0.0,0.9085145228778313,-0.4178532777423992,2.0,0.0,0.0,0.0,0.0,0.0,0.0,0.0,-16.01229635841129,-59.05641724619828,0.0,0.0,0.0,-0.48939569436555963,0.8720618408899977,2.0,0.0,0.0,0.0,0.0,0.0,0.0,0.0,-21.659786451308683,-72.62247949389767,0.0,0.0,0.0,0.11665565544650033,0.9931724211094202,2.0,0.0,0.0,0.0,0.0,0.0,0.0
874,0.0,-19.742156030206505,-76.89176861564093,0.0,0.0,0.0,0.3005224763503386,0.9537747329470729,2.0,0.0,0.0,0.0,0.0,0.0,0.0,0.0,2.0399818171595836,-74.5300420126833,0.0,0.0,0.0,0.9806116829236654,0.19596103519224595,2.0,0.0,0.0,0.0,0.0,0.0,0.0,0.0,-1.3650340430016659,-60.23535571847316,0.0,0.0,0.0,0.9085145228778313,-0.4178532777423992,2.0,0.0,0.0,0.0,0.0,0.0,0.0,0.0,-16.01229635841129,-59.05641724619828,0.0,0.0,0.0,-0.48939569436555963,0.8720618408899977,2.0,0.0,0.0,0.0,0.0,0.0,0.0,0.0,-21.659786451308683,-72.62247949389767,0.0,0.0,0.0,0.11665565544650033,0.9931724211094202,2.0,0.0,0.0,0.0,0.0,0.0,0.0
875,0.0,-19.684502745513367,-76.97347568651531,0.0,0.0,0.0,0.3043351609319326,0.9525650160595521,2.0,0.0,0.0,0.0,0.0,0.0,0.0,0.0,2.0399818171595836,-74.5300420126833,0.0,0.0,0.0,0.9806116829236654,0.19596103519224595,2.0,0.0,0.0,0.0,0.0,0.0,0.0,0.0,-1.3650340430016659,-60.23535571847316,0.0,0.0,0.0,0.9085145228778313,-0.4178532777423992,2.0,0.0,0.0,0.0,0.0,0.0,0.0,0.0,-16.01229635841129,-59.05641724619828,0.0,0.0,0.0,-0.48939569436555963,0.8720618408899977,2.0,0.0,0.0,0.0,0.0,0.0,0.0,0.0,-21.659786451308683,-72.62247949389767,0.0,0.0,0.0,0.11665565544650033,0.9931724211094202,2.0,0.0,0.0,0.0,0.0,0.0,0.0
876,0.0,-19.62619765612082,-77.05471892141956,0.0,0.0,0.0,0.3081429761574442,0.9513400581520957,2.0,0.0,0.0,0.0,0.0,0.0,0.0,0.0,2.0399818171595836,-74.5300420126833,0.0,0.0,0.0,0.9806116829236654,0.19596103519224595,2.0,0.0,0.0,0.0,0.0,0.0,0.0,0.0,-1.3650340430016659,-60.23535571847316,0.0,0.0,0.0,0.9085145228778313,-0.4178532777423992,2.0,0.0,0.0,0.0,0.0,0.0,0.0,0.0,-16.01229635841129,-59.05641724619828,0.0,0.0,0.0,-0.48939569436555963,0.8720618408899977,2.0,0.0,0.0,0.0,0.0,0.0,0.0,0.0,-21.659786451308683,-72.62247949389767,0.0,0.0,0.0,0.11665565544650033,0.9931724211094202,2.0,0.0,0.0,0.0,0.0,0.0,0.0
877,0.0,-19.56724449353468,-77.13549312081439,0.0,0.0,0.0,0.311945861101911,0.950099878824004,2.0,0.0,0.0,0.0,0.0,0.0,0.0,0.0,2.0399818171595836,-74.5300420126833,0.0,0.0,0.0,0.9806116829236654,0.19596103519224595,2.0,0.0,0.0,0.0,0.0,0.0,0.0,0.0,-1.3650340430016659,-60.23535571847316,0.0,0.0,0.0,0.9085145228778313,-0.4178532777423992,2.0,0.0,0.0,0.0,0.0,0.0,0.0,0.0,-16.01229635841129,-59.05641724619828,0.0,0.0,0.0,-0.48939569436555963,0.8720618408899977,2.0,0.0,0.0,0.0,0.0,0.0,0.0,0.0,-21.659786451308683,-72.62247949389767,0.0,0.0,0.0,0.11665565544650033,0.9931724211094202,2.0,0.0,0.0,0.0,0.0,0.0,0.0
878,0.0,-19.507647030737235,-77.21579311517857,0.0,0.0,0.0,0.3157437549192551,0.9488444979181201,2.0,0.0,0.0,0.0,0.0,0.0,0.0,0.0,2.0399818171595836,-74.5300420126833,0.0,0.0,0.0,0.9806116829236654,0.19596103519224595,2.0,0.0,0.0,0.0,0.0,0.0,0.0,0.0,-1.3650340430016659,-60.23535571847316,0.0,0.0,0.0,0.9085145228778313,-0.4178532777423992,2.0,0.0,0.0,0.0,0.0,0.0,0.0,0.0,-16.01229635841129,-59.05641724619828,0.0,0.0,0.0,-0.48939569436555963,0.8720618408899977,2.0,0.0,0.0,0.0,0.0,0.0,0.0,0.0,-21.659786451308683,-72.62247949389767,0.0,0.0,0.0,0.11665565544650033,0.9931724211094202,2.0,0.0,0.0,0.0,0.0,0.0,0.0
879,0.0,-19.447409081945757,-77.29561376533988,0.0,0.0,0.0,0.3195365968432562,0.9475739355205114,2.0,0.0,0.0,0.0,0.0,0.0,0.0,0.0,2.0399818171595836,-74.5300420126833,0.0,0.0,0.0,0.9806116829236654,0.19596103519224595,2.0,0.0,0.0,0.0,0.0,0.0,0.0,0.0,-1.3650340430016659,-60.23535571847316,0.0,0.0,0.0,0.9085145228778313,-0.4178532777423992,2.0,0.0,0.0,0.0,0.0,0.0,0.0,0.0,-16.01229635841129,-59.05641724619828,0.0,0.0,0.0,-0.48939569436555963,0.8720618408899977,2.0,0.0,0.0,0.0,0.0,0.0,0.0,0.0,-21.659786451308683,-72.62247949389767,0.0,0.0,0.0,0.11665565544650033,0.9931724211094202,2.0,0.0,0.0,0.0,0.0,0.0,0.0
880,0.0,-19.386534502368413,-77.37494996280398,0.0,0.0,0.0,0.32332432618852475,0.9462882119601493,2.0,0.0,0.0,0.0,0.0,0.0,0.0,0.0,2.0399818171595836,-74.5300420126833,0.0,0.0,0.0,0.9806116829236654,0.19596103519224595,2.0,0.0,0.0,0.0,0.0,0.0,0.0,0.0,-1.3650340430016659,-60.23535571847316,0.0,0.0,0.0,0.9085145228778313,-0.4178532777423992,2.0,0.0,0.0,0.0,0.0,0.0,0.0,0.0,-16.01229635841129,-59.05641724619828,0.0,0.0,0.0,-0.48939569436555963,0.8720618408899977,2.0,0.0,0.0,0.0,0.0,0.0,0.0,0.0,-21.659786451308683,-72.62247949389767,0.0,0.0,0.0,0.11665565544650033,0.9931724211094202,2.0,0.0,0.0,0.0,0.0,0.0,0.0
881,0.0,-19.32502718795751,-77.45379663008129,0.0,0.0,0.0,0.32710688235147173,0.9449873478085833,2.0,0.0,0.0,0.0,0.0,0.0,0.0,0.0,2.0399818171595836,-74.5300420126833,0.0,0.0,0.0,0.9806116829236654,0.19596103519224595,2.0,0.0,0.0,0.0,0.0,0.0,0.0,0.0,-1.3650340430016659,-60.23535571847316,0.0,0.0,0.0,0.9085145228778313,-0.4178532777423992,2.0,0.0,0.0,0.0,0.0,0.0,0.0,0.0,-16.01229635841129,-59.05641724619828,0.0,0.0,0.0,-0.48939569436555963,0.8720618408899977,2.0,0.0,0.0,0.0,0.0,0.0,0.0,0.0,-21.659786451308683,-72.62247949389767,0.0,0.0,0.0,0.11665565544650033,0.9931724211094202,2.0,0.0,0.0,0.0,0.0,0.0,0.0
882,0.0,-19.262891075160184,-77.53214872101202,0.0,0.0,0.0,0.3308842048112794,0.9436713638796121,2.0,0.0,0.0,0.0,0.0,0.0,0.0,0.0,2.0399818171595836,-74.5300420126833,0.0,0.0,0.0,0.9806116829236654,0.19596103519224595,2.0,0.0,0.0,0.0,0.0,0.0,0.0,0.0,-1.3650340430016659,-60.23535571847316,0.0,0.0,0.0,0.9085145228778313,-0.4178532777423992,2.0,0.0,0.0,0.0,0.0,0.0,0.0,0.0,-16.01229635841129,-59.05641724619828,0.0,0.0,0.0,-0.48939569436555963,0.8720618408899977,2.0,0.0,0.0,0.0,0.0,0.0,0.0,0.0,-21.659786451308683,-72.62247949389767,0.0,0.0,0.0,0.11665565544650033,0.9931724211094202,2.0,0.0,0.0,0.0,0.0,0.0,0.0
883,0.0,-19.200130140666438,-77.6100012210891,0.0,0.0,0.0,0.33465623313086895,0.9423402812289505,2.0,0.0,0.0,0.0,0.0,0.0,0.0,0.0,2.0399818171595836,-74.5300420126833,0.0,0.0,0.0,0.9806116829236654,0.19596103519224595,2.0,0.0,0.0,0.0,0.0,0.0,0.0,0.0,-1.3650340430016659,-60.23535571847316,0.0,0.0,0.0,0.9085145228778313,-0.4178532777423992,2.0,0.0,0.0,0.0,0.0,0.0,0.0,0.0,-16.01229635841129,-59.05641724619828,0.0,0.0,0.0,-0.48939569436555963,0.8720618408899977,2.0,0.0,0.0,0.0,0.0,0.0,0.0,0.0,-21.659786451308683,-72.62247949389767,0.0,0.0,0.0,0.11665565544650033,0.9931724211094202,2.0,0.0,0.0,0.0,0.0,0.0,0.0
884,0.0,-19.13674840115466,-77.6873491477791,0.0,0.0,0.0,0.3384229069578678,0.9409941211538924,2.0,0.0,0.0,0.0,0.0,0.0,0.0,0.0,2.0399818171595836,-74.5300420126833,0.0,0.0,0.0,0.9806116829236654,0.19596103519224595,2.0,0.0,0.0,0.0,0.0,0.0,0.0,0.0,-1.3650340430016659,-60.23535571847316,0.0,0.0,0.0,0.9085145228778313,-0.4178532777423992,2.0,0.0,0.0,0.0,0.0,0.0,0.0,0.0,-16.01229635841129,-59.05641724619828,0.0,0.0,0.0,-0.48939569436555963,0.8720618408899977,2.0,0.0,0.0,0.0,0.0,0.0,0.0,0.0,-21.659786451308683,-72.62247949389767,0.0,0.0,0.0,0.11665565544650033,0.9931724211094202,2.0,0.0,0.0,0.0,0.0,0.0,0.0
885,0.0,-19.072749913034542,-77.76418755084111,0.0,0.0,0.0,0.3421841660255749,0.9396329051929705,2.0,0.0,0.0,0.0,0.0,0.0,0.0,0.0,2.0399818171595836,-74.5300420126833,0.0,0.0,0.0,0.9806116829236654,0.19596103519224595,2.0,0.0,0.0,0.0,0.0,0.0,0.0,0.0,-1.3650340430016659,-60.23535571847316,0.0,0.0,0.0,0.9085145228778313,-0.4178532777423992,2.0,0.0,0.0,0.0,0.0,0.0,0.0,0.0,-16.01229635841129,-59.05641724619828,0.0,0.0,0.0,-0.48939569436555963,0.8720618408899977,2.0,0.0,0.0,0.0,0.0,0.0,0.0,0.0,-21.659786451308683,-72.62247949389767,0.0,0.0,0.0,0.11665565544650033,0.9931724211094202,2.0,0.0,0.0,0.0,0.0,0.0,0.0
886,0.0,-19.008138772187486,-77.84051151264357,0.0,0.0,0.0,0.3459399501539256,0.9382566551256109,2.0,0.0,0.0,0.0,0.0,0.0,0.0,0.0,2.0399818171595836,-74.5300420126833,0.0,0.0,0.0,0.9806116829236654,0.19596103519224595,2.0,0.0,0.0,0.0,0.0,0.0,0.0,0.0,-1.3650340430016659,-60.23535571847316,0.0,0.0,0.0,0.9085145228778313,-0.4178532777423992,2.0,0.0,0.0,0.0,0.0,0.0,0.0,0.0,-16.01229635841129,-59.05641724619828,0.0,0.0,0.0,-0.48939569436555963,0.8720618408899977,2.0,0.0,0.0,0.0,0.0,0.0,0.0,0.0,-21.659786451308683,-72.62247949389767,0.0,0.0,0.0,0.11665565544650033,0.9931724211094202,2.0,0.0,0.0,0.0,0.0,0.0,0.0
887,0.0,-18.94291911370445,-77.91631614847896,0.0,0.0,0.0,0.34969019925045386,0.9368653929717854,2.0,0.0,0.0,0.0,0.0,0.0,0.0,0.0,2.0399818171595836,-74.5300420126833,0.0,0.0,0.0,0.9806116829236654,0.19596103519224595,2.0,0.0,0.0,0.0,0.0,0.0,0.0,0.0,-1.3650340430016659,-60.23535571847316,0.0,0.0,0.0,0.9085145228778313,-0.4178532777423992,2.0,0.0,0.0,0.0,0.0,0.0,0.0,0.0,-16.01229635841129,-59.05641724619828,0.0,0.0,0.0,-0.48939569436555963,0.8720618408899977,2.0,0.0,0.0,0.0,0.0,0.0,0.0,0.0,-21.659786451308683,-72.62247949389767,0.0,0.0,0.0,0.11665565544650033,0.9931724211094202,2.0,0.0,0.0,0.0,0.0,0.0,0.0
888,0.0,-18.87709511162131,-77.99159660687647,0.0,0.0,0.0,0.3534348533112542,0.9354591409916588,2.0,0.0,0.0,0.0,0.0,0.0,0.0,0.0,2.0399818171595836,-74.5300420126833,0.0,0.0,0.0,0.9806116829236654,0.19596103519224595,2.0,0.0,0.0,0.0,0.0,0.0,0.0,0.0,-1.3650340430016659,-60.23535571847316,0.0,0.0,0.0,0.9085145228778313,-0.4178532777423992,2.0,0.0,0.0,0.0,0.0,0.0,0.0,0.0,-16.01229635841129,-59.05641724619828,0.0,0.0,0.0,-0.48939569436555963,0.8720618408899977,2.0,0.0,0.0,0.0,0.0,0.0,0.0,0.0,-21.659786451308683,-72.62247949389767,0.0,0.0,0.0,0.11665565544650033,0.9931724211094202,2.0,0.0,0.0,0.0,0.0,0.0,0.0
889,0.0,-18.81067097865173,-78.06634806991245,0.0,0.0,0.0,0.35717385242194144,0.9340379216852328,2.0,0.0,0.0,0.0,0.0,0.0,0.0,0.0,2.0399818171595836,-74.5300420126833,0.0,0.0,0.0,0.9806116829236654,0.19596103519224595,2.0,0.0,0.0,0.0,0.0,0.0,0.0,0.0,-1.3650340430016659,-60.23535571847316,0.0,0.0,0.0,0.9085145228778313,-0.4178532777423992,2.0,0.0,0.0,0.0,0.0,0.0,0.0,0.0,-16.01229635841129,-59.05641724619828,0.0,0.0,0.0,-0.48939569436555963,0.8720618408899977,2.0,0.0,0.0,0.0,0.0,0.0,0.0,0.0,-21.659786451308683,-72.62247949389767,0.0,0.0,0.0,0.11665565544650033,0.9931724211094202,2.0,0.0,0.0,0.0,0.0,0.0,0.0
890,0.0,-18.743650965917556,-78.1405657535188,0.0,0.0,0.0,0.36090713675860964,0.9326017577919861,2.0,0.0,0.0,0.0,0.0,0.0,0.0,0.0,2.0399818171595836,-74.5300420126833,0.0,0.0,0.0,0.9806116829236654,0.19596103519224595,2.0,0.0,0.0,0.0,0.0,0.0,0.0,0.0,-1.3650340430016659,-60.23535571847316,0.0,0.0,0.0,0.9085145228778313,-0.4178532777423992,2.0,0.0,0.0,0.0,0.0,0.0,0.0,0.0,-16.01229635841129,-59.05641724619828,0.0,0.0,0.0,-0.48939569436555963,0.8720618408899977,2.0,0.0,0.0,0.0,0.0,0.0,0.0,0.0,-21.659786451308683,-72.62247949389767,0.0,0.0,0.0,0.11665565544650033,0.9931724211094202,2.0,0.0,0.0,0.0,0.0,0.0,0.0
891,0.0,-18.676039362676722,-78.21424490778908,0.0,0.0,0.0,0.364634646588789,0.9311506722905101,2.0,0.0,0.0,0.0,0.0,0.0,0.0,0.0,2.0399818171595836,-74.5300420126833,0.0,0.0,0.0,0.9806116829236654,0.19596103519224595,2.0,0.0,0.0,0.0,0.0,0.0,0.0,0.0,-1.3650340430016659,-60.23535571847316,0.0,0.0,0.0,0.9085145228778313,-0.4178532777423992,2.0,0.0,0.0,0.0,0.0,0.0,0.0,0.0,-16.01229635841129,-59.05641724619828,0.0,0.0,0.0,-0.48939569436555963,0.8720618408899977,2.0,0.0,0.0,0.0,0.0,0.0,0.0,0.0,-21.659786451308683,-72.62247949389767,0.0,0.0,0.0,0.11665565544650033,0.9931724211094202,2.0,0.0,0.0,0.0,0.0,0.0,0.0
892,0.0,-18.60784049604876,-78.28738081728258,0.0,0.0,0.0,0.36835632227240195,0.929684688398142,2.0,0.0,0.0,0.0,0.0,0.0,0.0,0.0,2.0399818171595836,-74.5300420126833,0.0,0.0,0.0,0.9806116829236654,0.19596103519224595,2.0,0.0,0.0,0.0,0.0,0.0,0.0,0.0,-1.3650340430016659,-60.23535571847316,0.0,0.0,0.0,0.9085145228778313,-0.4178532777423992,2.0,0.0,0.0,0.0,0.0,0.0,0.0,0.0,-16.01229635841129,-59.05641724619828,0.0,0.0,0.0,-0.48939569436555963,0.8720618408899977,2.0,0.0,0.0,0.0,0.0,0.0,0.0,0.0,-21.659786451308683,-72.62247949389767,0.0,0.0,0.0,0.11665565544650033,0.9931724211094202,2.0,0.0,0.0,0.0,0.0,0.0,0.0
893,0.0,-18.53905873073785,-78.35996880132606,0.0,0.0,0.0,0.3720721042627167,0.9282038295705928,2.0,0.0,0.0,0.0,0.0,0.0,0.0,0.0,2.0399818171595836,-74.5300420126833,0.0,0.0,0.0,0.9806116829236654,0.19596103519224595,2.0,0.0,0.0,0.0,0.0,0.0,0.0,0.0,-1.3650340430016659,-60.23535571847316,0.0,0.0,0.0,0.9085145228778313,-0.4178532777423992,2.0,0.0,0.0,0.0,0.0,0.0,0.0,0.0,-16.01229635841129,-59.05641724619828,0.0,0.0,0.0,-0.48939569436555963,0.8720618408899977,2.0,0.0,0.0,0.0,0.0,0.0,0.0,0.0,-21.659786451308683,-72.62247949389767,0.0,0.0,0.0,0.11665565544650033,0.9931724211094202,2.0,0.0,0.0,0.0,0.0,0.0,0.0
894,0.0,-18.4696984687535,-78.43200421431331,0.0,0.0,0.0,0.37578193310730085,0.9267081195015721,2.0,0.0,0.0,0.0,0.0,0.0,0.0,0.0,2.0399818171595836,-74.5300420126833,0.0,0.0,0.0,0.9806116829236654,0.19596103519224595,2.0,0.0,0.0,0.0,0.0,0.0,0.0,0.0,-1.3650340430016659,-60.23535571847316,0.0,0.0,0.0,0.9085145228778313,-0.4178532777423992,2.0,0.0,0.0,0.0,0.0,0.0,0.0,0.0,-16.01229635841129,-59.05641724619828,0.0,0.0,0.0,-0.48939569436555963,0.8720618408899977,2.0,0.0,0.0,0.0,0.0,0.0,0.0,0.0,-21.659786451308683,-72.62247949389767,0.0,0.0,0.0,0.11665565544650033,0.9931724211094202,2.0,0.0,0.0,0.0,0.0,0.0,0.0
895,0.0,-18.399764149128803,-78.50348244600248,0.0,0.0,0.0,0.3794857494489719,0.9251975821224092,2.0,0.0,0.0,0.0,0.0,0.0,0.0,0.0,2.0399818171595836,-74.5300420126833,0.0,0.0,0.0,0.9806116829236654,0.19596103519224595,2.0,0.0,0.0,0.0,0.0,0.0,0.0,0.0,-1.3650340430016659,-60.23535571847316,0.0,0.0,0.0,0.9085145228778313,-0.4178532777423992,2.0,0.0,0.0,0.0,0.0,0.0,0.0,0.0,-16.01229635841129,-59.05641724619828,0.0,0.0,0.0,-0.48939569436555963,0.8720618408899977,2.0,0.0,0.0,0.0,0.0,0.0,0.0,0.0,-21.659786451308683,-72.62247949389767,0.0,0.0,0.0,0.11665565544650033,0.9931724211094202,2.0,0.0,0.0,0.0,0.0,0.0,0.0
896,0.0,-18.32926024763634,-78.57439892181115,0.0,0.0,0.0,0.38318349402674745,0.9236722416016698,2.0,0.0,0.0,0.0,0.0,0.0,0.0,0.0,2.0399818171595836,-74.5300420126833,0.0,0.0,0.0,0.9806116829236654,0.19596103519224595,2.0,0.0,0.0,0.0,0.0,0.0,0.0,0.0,-1.3650340430016659,-60.23535571847316,0.0,0.0,0.0,0.9085145228778313,-0.4178532777423992,2.0,0.0,0.0,0.0,0.0,0.0,0.0,0.0,-16.01229635841129,-59.05641724619828,0.0,0.0,0.0,-0.48939569436555963,0.8720618408899977,2.0,0.0,0.0,0.0,0.0,0.0,0.0,0.0,-21.659786451308683,-72.62247949389767,0.0,0.0,0.0,0.11665565544650033,0.9931724211094202,2.0,0.0,0.0,0.0,0.0,0.0,0.0
897,0.0,-18.25819127650174,-78.64474910310906,0.0,0.0,0.0,0.3868751076767932,0.9221321223447699,2.0,0.0,0.0,0.0,0.0,0.0,0.0,0.0,2.0399818171595836,-74.5300420126833,0.0,0.0,0.0,0.9806116829236654,0.19596103519224595,2.0,0.0,0.0,0.0,0.0,0.0,0.0,0.0,-1.3650340430016659,-60.23535571847316,0.0,0.0,0.0,0.9085145228778313,-0.4178532777423992,2.0,0.0,0.0,0.0,0.0,0.0,0.0,0.0,-16.01229635841129,-59.05641724619828,0.0,0.0,0.0,-0.48939569436555963,0.8720618408899977,2.0,0.0,0.0,0.0,0.0,0.0,0.0,0.0,-21.659786451308683,-72.62247949389767,0.0,0.0,0.0,0.11665565544650033,0.9931724211094202,2.0,0.0,0.0,0.0,0.0,0.0,0.0
898,0.0,-18.186561784114904,-78.71452848750864,0.0,0.0,0.0,0.39056053133336943,0.9205772489935845,2.0,0.0,0.0,0.0,0.0,0.0,0.0,0.0,2.0399818171595836,-74.5300420126833,0.0,0.0,0.0,0.9806116829236654,0.19596103519224595,2.0,0.0,0.0,0.0,0.0,0.0,0.0,0.0,-1.3650340430016659,-60.23535571847316,0.0,0.0,0.0,0.9085145228778313,-0.4178532777423992,2.0,0.0,0.0,0.0,0.0,0.0,0.0,0.0,-16.01229635841129,-59.05641724619828,0.0,0.0,0.0,-0.48939569436555963,0.8720618408899977,2.0,0.0,0.0,0.0,0.0,0.0,0.0,0.0,-21.659786451308683,-72.62247949389767,0.0,0.0,0.0,0.11665565544650033,0.9931724211094202,2.0,0.0,0.0,0.0,0.0,0.0,0.0
899,0.0,-18.114376354738887,-78.7837326091531,0.0,0.0,0.0,0.39423970602977626,0.9190076464260543,2.0,0.0,0.0,0.0,0.0,0.0,0.0,0.0,2.0399818171595836,-74.5300420126833,0.0,0.0,0.0,0.9806116829236654,0.19596103519224595,2.0,0.0,0.0,0.0,0.0,0.0,0.0,0.0,-1.3650340430016659,-60.23535571847316,0.0,0.0,0.0,0.9085145228778313,-0.4178532777423992,2.0,0.0,0.0,0.0,0.0,0.0,0.0,0.0,-16.01229635841129,-59.05641724619828,0.0,0.0,0.0,-0.48939569436555963,0.8720618408899977,2.0,0.0,0.0,0.0,0.0,0.0,0.0,0.0,-21.659786451308683,-72.62247949389767,0.0,0.0,0.0,0.11665565544650033,0.9931724211094202,2.0,0.0,0.0,0.0,0.0,0.0,0.0
900,0.0,-18.04163960821654,-78.85235703900227,0.0,0.0,0.0,0.3979125728992971,0.9174233397557867,2.0,0.0,0.0,0.0,0.0,0.0,0.0,0.0,2.0399818171595836,-74.5300420126833,0.0,0.0,0.0,0.9806116829236654,0.19596103519224595,2.0,0.0,0.0,0.0,0.0,0.0,0.0,0.0,-1.3650340430016659,-60.23535571847316,0.0,0.0,0.0,0.9085145228778313,-0.4178532777423992,2.0,0.0,0.0,0.0,0.0,0.0,0.0,0.0,-16.01229635841129,-59.05641724619828,0.0,0.0,0.0,-0.48939569436555963,0.8720618408899977,2.0,0.0,0.0,0.0,0.0,0.0,0.0,0.0,-21.659786451308683,-72.62247949389767,0.0,0.0,0.0,0.11665565544650033,0.9931724211094202,2.0,0.0,0.0,0.0,0.0,0.0,0.0
901,0.0,-17.9683561996748,-78.92039738511608,0.0,0.0,0.0,0.4015790731761404,0.9158243543316547,2.0,0.0,0.0,0.0,0.0,0.0,0.0,0.0,2.0399818171595836,-74.5300420126833,0.0,0.0,0.0,0.9806116829236654,0.19596103519224595,2.0,0.0,0.0,0.0,0.0,0.0,0.0,0.0,-1.3650340430016659,-60.23535571847316,0.0,0.0,0.0,0.9085145228778313,-0.4178532777423992,2.0,0.0,0.0,0.0,0.0,0.0,0.0,0.0,-16.01229635841129,-59.05641724619828,0.0,0.0,0.0,-0.48939569436555963,0.8720618408899977,2.0,0.0,0.0,0.0,0.0,0.0,0.0,0.0,-21.659786451308683,-72.62247949389767,0.0,0.0,0.0,0.11665565544650033,0.9931724211094202,2.0,0.0,0.0,0.0,0.0,0.0,0.0
902,0.0,-17.894530819226812,-78.98784929293558,0.0,0.0,0.0,0.40523914819637974,0.9142107157373909,2.0,0.0,0.0,0.0,0.0,0.0,0.0,0.0,2.0399818171595836,-74.5300420126833,0.0,0.0,0.0,0.9806116829236654,0.19596103519224595,2.0,0.0,0.0,0.0,0.0,0.0,0.0,0.0,-1.3650340430016659,-60.23535571847316,0.0,0.0,0.0,0.9085145228778313,-0.4178532777423992,2.0,0.0,0.0,0.0,0.0,0.0,0.0,0.0,-16.01229635841129,-59.05641724619828,0.0,0.0,0.0,-0.48939569436555963,0.8720618408899977,2.0,0.0,0.0,0.0,0.0,0.0,0.0,0.0,-21.659786451308683,-72.62247949389767,0.0,0.0,0.0,0.11665565544650033,0.9931724211094202,2.0,0.0,0.0,0.0,0.0,0.0,0.0
903,0.0,-17.82016819167172,-79.0547084455617,0.0,0.0,0.0,0.40889273939889315,0.9125824497911785,2.0,0.0,0.0,0.0,0.0,0.0,0.0,0.0,2.0399818171595836,-74.5300420126833,0.0,0.0,0.0,0.9806116829236654,0.19596103519224595,2.0,0.0,0.0,0.0,0.0,0.0,0.0,0.0,-1.3650340430016659,-60.23535571847316,0.0,0.0,0.0,0.9085145228778313,-0.4178532777423992,2.0,0.0,0.0,0.0,0.0,0.0,0.0,0.0,-16.01229635841129,-59.05641724619828,0.0,0.0,0.0,-0.48939569436555963,0.8720618408899977,2.0,0.0,0.0,0.0,0.0,0.0,0.0,0.0,-21.659786451308683,-72.62247949389767,0.0,0.0,0.0,0.11665565544650033,0.9931724211094202,2.0,0.0,0.0,0.0,0.0,0.0,0.0
904,0.0,-17.745273076192305,-79.1209705640315,0.0,0.0,0.0,0.4125397883262992,0.9109395825452379,2.0,0.0,0.0,0.0,0.0,0.0,0.0,0.0,2.0399818171595836,-74.5300420126833,0.0,0.0,0.0,0.9806116829236654,0.19596103519224595,2.0,0.0,0.0,0.0,0.0,0.0,0.0,0.0,-1.3650340430016659,-60.23535571847316,0.0,0.0,0.0,0.9085145228778313,-0.4178532777423992,2.0,0.0,0.0,0.0,0.0,0.0,0.0,0.0,-16.01229635841129,-59.05641724619828,0.0,0.0,0.0,-0.48939569436555963,0.8720618408899977,2.0,0.0,0.0,0.0,0.0,0.0,0.0,0.0,-21.659786451308683,-72.62247949389767,0.0,0.0,0.0,0.11665565544650033,0.9931724211094202,2.0,0.0,0.0,0.0,0.0,0.0,0.0
905,0.0,-17.6698502660504,-79.186631407592,0.0,0.0,0.0,0.4161802366258926,0.90928214028541,2.0,0.0,0.0,0.0,0.0,0.0,0.0,0.0,2.0399818171595836,-74.5300420126833,0.0,0.0,0.0,0.9806116829236654,0.19596103519224595,2.0,0.0,0.0,0.0,0.0,0.0,0.0,0.0,-1.3650340430016659,-60.23535571847316,0.0,0.0,0.0,0.9085145228778313,-0.4178532777423992,2.0,0.0,0.0,0.0,0.0,0.0,0.0,0.0,-16.01229635841129,-59.05641724619828,0.0,0.0,0.0,-0.48939569436555963,0.8720618408899977,2.0,0.0,0.0,0.0,0.0,0.0,0.0,0.0,-21.659786451308683,-72.62247949389767,0.0,0.0,0.0,0.11665565544650033,0.9931724211094202,2.0,0.0,0.0,0.0,0.0,0.0,0.0
906,0.0,-17.593904588280097,-79.25168677397164,0.0,0.0,0.0,0.41981402605057877,0.9076101495307355,2.0,0.0,0.0,0.0,0.0,0.0,0.0,0.0,2.0399818171595836,-74.5300420126833,0.0,0.0,0.0,0.9806116829236654,0.19596103519224595,2.0,0.0,0.0,0.0,0.0,0.0,0.0,0.0,-1.3650340430016659,-60.23535571847316,0.0,0.0,0.0,0.9085145228778313,-0.4178532777423992,2.0,0.0,0.0,0.0,0.0,0.0,0.0,0.0,-16.01229635841129,-59.05641724619828,0.0,0.0,0.0,-0.48939569436555963,0.8720618408899977,2.0,0.0,0.0,0.0,0.0,0.0,0.0,0.0,-21.659786451308683,-72.62247949389767,0.0,0.0,0.0,0.11665565544650033,0.9931724211094202,2.0,0.0,0.0,0.0,0.0,0.0,0.0
907,0.0,-17.517440903378862,-79.31613249964919,0.0,0.0,0.0,0.4234410984598042,0.9059236370330307,2.0,0.0,0.0,0.0,0.0,0.0,0.0,0.0,2.0399818171595836,-74.5300420126833,0.0,0.0,0.0,0.9806116829236654,0.19596103519224595,2.0,0.0,0.0,0.0,0.0,0.0,0.0,0.0,-1.3650340430016659,-60.23535571847316,0.0,0.0,0.0,0.9085145228778313,-0.4178532777423992,2.0,0.0,0.0,0.0,0.0,0.0,0.0,0.0,-16.01229635841129,-59.05641724619828,0.0,0.0,0.0,-0.48939569436555963,0.8720618408899977,2.0,0.0,0.0,0.0,0.0,0.0,0.0,0.0,-21.659786451308683,-72.62247949389767,0.0,0.0,0.0,0.11665565544650033,0.9931724211094202,2.0,0.0,0.0,0.0,0.0,0.0,0.0
908,0.0,-17.44046410499642,-79.37996446012018,0.0,0.0,0.0,0.42706139582048763,0.9042226297764598,2.0,0.0,0.0,0.0,0.0,0.0,0.0,0.0,2.0399818171595836,-74.5300420126833,0.0,0.0,0.0,0.9806116829236654,0.19596103519224595,2.0,0.0,0.0,0.0,0.0,0.0,0.0,0.0,-1.3650340430016659,-60.23535571847316,0.0,0.0,0.0,0.9085145228778313,-0.4178532777423992,2.0,0.0,0.0,0.0,0.0,0.0,0.0,0.0,-16.01229635841129,-59.05641724619828,0.0,0.0,0.0,-0.48939569436555963,0.8720618408899977,2.0,0.0,0.0,0.0,0.0,0.0,0.0,0.0,-21.659786451308683,-72.62247949389767,0.0,0.0,0.0,0.11665565544650033,0.9931724211094202,2.0,0.0,0.0,0.0,0.0,0.0,0.0
909,0.0,-17.3629791196216,-79.44317857016092,0.0,0.0,0.0,0.4306748602079485,0.9025071549771027,2.0,0.0,0.0,0.0,0.0,0.0,0.0,0.0,2.0399818171595836,-74.5300420126833,0.0,0.0,0.0,0.9806116829236654,0.19596103519224595,2.0,0.0,0.0,0.0,0.0,0.0,0.0,0.0,-1.3650340430016659,-60.23535571847316,0.0,0.0,0.0,0.9085145228778313,-0.4178532777423992,2.0,0.0,0.0,0.0,0.0,0.0,0.0,0.0,-16.01229635841129,-59.05641724619828,0.0,0.0,0.0,-0.48939569436555963,0.8720618408899977,2.0,0.0,0.0,0.0,0.0,0.0,0.0,0.0,-21.659786451308683,-72.62247949389767,0.0,0.0,0.0,0.11665565544650033,0.9931724211094202,2.0,0.0,0.0,0.0,0.0,0.0,0.0
910,0.0,-17.284990906267012,-79.50577078408998,0.0,0.0,0.0,0.43428143380683387,0.9007772400825192,2.0,0.0,0.0,0.0,0.0,0.0,0.0,0.0,2.0399818171595836,-74.5300420126833,0.0,0.0,0.0,0.9806116829236654,0.19596103519224595,2.0,0.0,0.0,0.0,0.0,0.0,0.0,0.0,-1.3650340430016659,-60.23535571847316,0.0,0.0,0.0,0.9085145228778313,-0.4178532777423992,2.0,0.0,0.0,0.0,0.0,0.0,0.0,0.0,-16.01229635841129,-59.05641724619828,0.0,0.0,0.0,-0.48939569436555963,0.8720618408899977,2.0,0.0,0.0,0.0,0.0,0.0,0.0,0.0,-21.659786451308683,-72.62247949389767,0.0,0.0,0.0,0.11665565544650033,0.9931724211094202,2.0,0.0,0.0,0.0,0.0,0.0,0.0
911,0.0,-17.2065044561517,-79.567737096027,0.0,0.0,0.0,0.4378810589120429,0.8990329127713111,2.0,0.0,0.0,0.0,0.0,0.0,0.0,0.0,2.0399818171595836,-74.5300420126833,0.0,0.0,0.0,0.9806116829236654,0.19596103519224595,2.0,0.0,0.0,0.0,0.0,0.0,0.0,0.0,-1.3650340430016659,-60.23535571847316,0.0,0.0,0.0,0.9085145228778313,-0.4178532777423992,2.0,0.0,0.0,0.0,0.0,0.0,0.0,0.0,-16.01229635841129,-59.05641724619828,0.0,0.0,0.0,-0.48939569436555963,0.8720618408899977,2.0,0.0,0.0,0.0,0.0,0.0,0.0,0.0,-21.659786451308683,-72.62247949389767,0.0,0.0,0.0,0.11665565544650033,0.9931724211094202,2.0,0.0,0.0,0.0,0.0,0.0,0.0
912,0.0,-17.12752479238167,-79.6290735401492,0.0,0.0,0.0,0.44147367792965087,0.8972742009526781,2.0,0.0,0.0,0.0,0.0,0.0,0.0,0.0,2.0399818171595836,-74.5300420126833,0.0,0.0,0.0,0.9806116829236654,0.19596103519224595,2.0,0.0,0.0,0.0,0.0,0.0,0.0,0.0,-1.3650340430016659,-60.23535571847316,0.0,0.0,0.0,0.9085145228778313,-0.4178532777423992,2.0,0.0,0.0,0.0,0.0,0.0,0.0,0.0,-16.01229635841129,-59.05641724619828,0.0,0.0,0.0,-0.48939569436555963,0.8720618408899977,2.0,0.0,0.0,0.0,0.0,0.0,0.0,0.0,-21.659786451308683,-72.62247949389767,0.0,0.0,0.0,0.11665565544650033,0.9931724211094202,2.0,0.0,0.0,0.0,0.0,0.0,0.0
913,0.0,-17.048056969628455,-79.68977619094504,0.0,0.0,0.0,0.44505923337783004,0.8955011327659715,2.0,0.0,0.0,0.0,0.0,0.0,0.0,0.0,2.0399818171595836,-74.5300420126833,0.0,0.0,0.0,0.9806116829236654,0.19596103519224595,2.0,0.0,0.0,0.0,0.0,0.0,0.0,0.0,-1.3650340430016659,-60.23535571847316,0.0,0.0,0.0,0.9085145228778313,-0.4178532777423992,2.0,0.0,0.0,0.0,0.0,0.0,0.0,0.0,-16.01229635841129,-59.05641724619828,0.0,0.0,0.0,-0.48939569436555963,0.8720618408899977,2.0,0.0,0.0,0.0,0.0,0.0,0.0,0.0,-21.659786451308683,-72.62247949389767,0.0,0.0,0.0,0.11665565544650033,0.9931724211094202,2.0,0.0,0.0,0.0,0.0,0.0,0.0
914,0.0,-16.96810607380558,-79.74984116346565,0.0,0.0,0.0,0.4486376678877698,0.8937137365802448,2.0,0.0,0.0,0.0,0.0,0.0,0.0,0.0,2.0399818171595836,-74.5300420126833,0.0,0.0,0.0,0.9806116829236654,0.19596103519224595,2.0,0.0,0.0,0.0,0.0,0.0,0.0,0.0,-1.3650340430016659,-60.23535571847316,0.0,0.0,0.0,0.9085145228778313,-0.4178532777423992,2.0,0.0,0.0,0.0,0.0,0.0,0.0,0.0,-16.01229635841129,-59.05641724619828,0.0,0.0,0.0,-0.48939569436555963,0.8720618408899977,2.0,0.0,0.0,0.0,0.0,0.0,0.0,0.0,-21.659786451308683,-72.62247949389767,0.0,0.0,0.0,0.11665565544650033,0.9931724211094202,2.0,0.0,0.0,0.0,0.0,0.0,0.0
915,0.0,-16.88767722174309,-79.80926461357325,0.0,0.0,0.0,0.4522089242045942,0.8919120409937986,2.0,0.0,0.0,0.0,0.0,0.0,0.0,0.0,2.0399818171595836,-74.5300420126833,0.0,0.0,0.0,0.9806116829236654,0.19596103519224595,2.0,0.0,0.0,0.0,0.0,0.0,0.0,0.0,-1.3650340430016659,-60.23535571847316,0.0,0.0,0.0,0.9085145228778313,-0.4178532777423992,2.0,0.0,0.0,0.0,0.0,0.0,0.0,0.0,-16.01229635841129,-59.05641724619828,0.0,0.0,0.0,-0.48939569436555963,0.8720618408899977,2.0,0.0,0.0,0.0,0.0,0.0,0.0,0.0,-21.659786451308683,-72.62247949389767,0.0,0.0,0.0,0.11665565544650033,0.9931724211094202,2.0,0.0,0.0,0.0,0.0,0.0,0.0
916,0.0,-16.80677556086006,-79.86804273818731,0.0,0.0,0.0,0.4557729451882785,0.8900960748337241,2.0,0.0,0.0,0.0,0.0,0.0,0.0,0.0,2.0399818171595836,-74.5300420126833,0.0,0.0,0.0,0.9806116829236654,0.19596103519224595,2.0,0.0,0.0,0.0,0.0,0.0,0.0,0.0,-1.3650340430016659,-60.23535571847316,0.0,0.0,0.0,0.9085145228778313,-0.4178532777423992,2.0,0.0,0.0,0.0,0.0,0.0,0.0,0.0,-16.01229635841129,-59.05641724619828,0.0,0.0,0.0,-0.48939569436555963,0.8720618408899977,2.0,0.0,0.0,0.0,0.0,0.0,0.0,0.0,-21.659786451308683,-72.62247949389767,0.0,0.0,0.0,0.11665565544650033,0.9931724211094202,2.0,0.0,0.0,0.0,0.0,0.0,0.0
917,0.0,-16.72540626883518,-79.92617177552796,0.0,0.0,0.0,0.4593296738145629,0.8882658671554409,2.0,0.0,0.0,0.0,0.0,0.0,0.0,0.0,2.0399818171595836,-74.5300420126833,0.0,0.0,0.0,0.9806116829236654,0.19596103519224595,2.0,0.0,0.0,0.0,0.0,0.0,0.0,0.0,-1.3650340430016659,-60.23535571847316,0.0,0.0,0.0,0.9085145228778313,-0.4178532777423992,2.0,0.0,0.0,0.0,0.0,0.0,0.0,0.0,-16.01229635841129,-59.05641724619828,0.0,0.0,0.0,-0.48939569436555963,0.8720618408899977,2.0,0.0,0.0,0.0,0.0,0.0,0.0,0.0,-21.659786451308683,-72.62247949389767,0.0,0.0,0.0,0.11665565544650033,0.9931724211094202,2.0,0.0,0.0,0.0,0.0,0.0,0.0
918,0.0,-16.64357455327536,-79.98364800535663,0.0,0.0,0.0,0.46287905317586536,0.8864214472422327,2.0,0.0,0.0,0.0,0.0,0.0,0.0,0.0,2.0399818171595836,-74.5300420126833,0.0,0.0,0.0,0.9806116829236654,0.19596103519224595,2.0,0.0,0.0,0.0,0.0,0.0,0.0,0.0,-1.3650340430016659,-60.23535571847316,0.0,0.0,0.0,0.9085145228778313,-0.4178532777423992,2.0,0.0,0.0,0.0,0.0,0.0,0.0,0.0,-16.01229635841129,-59.05641724619828,0.0,0.0,0.0,-0.48939569436555963,0.8720618408899977,2.0,0.0,0.0,0.0,0.0,0.0,0.0,0.0,-21.659786451308683,-72.62247949389767,0.0,0.0,0.0,0.11665565544650033,0.9931724211094202,2.0,0.0,0.0,0.0,0.0,0.0,0.0
919,0.0,-16.561285651382466,-80.04046774921422,0.0,0.0,0.0,0.4664210264821917,0.8845628446047791,2.0,0.0,0.0,0.0,0.0,0.0,0.0,0.0,2.0399818171595836,-74.5300420126833,0.0,0.0,0.0,0.9806116829236654,0.19596103519224595,2.0,0.0,0.0,0.0,0.0,0.0,0.0,0.0,-1.3650340430016659,-60.23535571847316,0.0,0.0,0.0,0.9085145228778313,-0.4178532777423992,2.0,0.0,0.0,0.0,0.0,0.0,0.0,0.0,-16.01229635841129,-59.05641724619828,0.0,0.0,0.0,-0.48939569436555963,0.8720618408899977,2.0,0.0,0.0,0.0,0.0,0.0,0.0,0.0,-21.659786451308683,-72.62247949389767,0.0,0.0,0.0,0.11665565544650033,0.9931724211094202,2.0,0.0,0.0,0.0,0.0,0.0,0.0
920,0.0,-16.478544829618126,-80.09662737065652,0.0,0.0,0.0,0.46995553706204474,0.8826900889806825,2.0,0.0,0.0,0.0,0.0,0.0,0.0,0.0,2.0399818171595836,-74.5300420126833,0.0,0.0,0.0,0.9806116829236654,0.19596103519224595,2.0,0.0,0.0,0.0,0.0,0.0,0.0,0.0,-1.3650340430016659,-60.23535571847316,0.0,0.0,0.0,0.9085145228778313,-0.4178532777423992,2.0,0.0,0.0,0.0,0.0,0.0,0.0,0.0,-16.01229635841129,-59.05641724619828,0.0,0.0,0.0,-0.48939569436555963,0.8720618408899977,2.0,0.0,0.0,0.0,0.0,0.0,0.0,0.0,-21.659786451308683,-72.62247949389767,0.0,0.0,0.0,0.11665565544650033,0.9931724211094202,2.0,0.0,0.0,0.0,0.0,0.0,0.0
921,0.0,-16.3953573833667,-80.15212327548693,0.0,0.0,0.0,0.4734825283633303,0.8808032103339929,2.0,0.0,0.0,0.0,0.0,0.0,0.0,0.0,2.0399818171595836,-74.5300420126833,0.0,0.0,0.0,0.9806116829236654,0.19596103519224595,2.0,0.0,0.0,0.0,0.0,0.0,0.0,0.0,-1.3650340430016659,-60.23535571847316,0.0,0.0,0.0,0.9085145228778313,-0.4178532777423992,2.0,0.0,0.0,0.0,0.0,0.0,0.0,0.0,-16.01229635841129,-59.05641724619828,0.0,0.0,0.0,-0.48939569436555963,0.8720618408899977,2.0,0.0,0.0,0.0,0.0,0.0,0.0,0.0,-21.659786451308683,-72.62247949389767,0.0,0.0,0.0,0.11665565544650033,0.9931724211094202,2.0,0.0,0.0,0.0,0.0,0.0,0.0
922,0.0,-16.31172863659635,-80.2069519119865,0.0,0.0,0.0,0.4770019439542632,0.8789022388547283,2.0,0.0,0.0,0.0,0.0,0.0,0.0,0.0,2.0399818171595836,-74.5300420126833,0.0,0.0,0.0,0.9806116829236654,0.19596103519224595,2.0,0.0,0.0,0.0,0.0,0.0,0.0,0.0,-1.3650340430016659,-60.23535571847316,0.0,0.0,0.0,0.9085145228778313,-0.4178532777423992,2.0,0.0,0.0,0.0,0.0,0.0,0.0,0.0,-16.01229635841129,-59.05641724619828,0.0,0.0,0.0,-0.48939569436555963,0.8720618408899977,2.0,0.0,0.0,0.0,0.0,0.0,0.0,0.0,-21.659786451308683,-72.62247949389767,0.0,0.0,0.0,0.11665565544650033,0.9931724211094202,2.0,0.0,0.0,0.0,0.0,0.0,0.0
923,0.0,-16.22766394151832,-80.26110977114116,0.0,0.0,0.0,0.48051372752426874,0.8769872049583921,2.0,0.0,0.0,0.0,0.0,0.0,0.0,0.0,2.0399818171595836,-74.5300420126833,0.0,0.0,0.0,0.9806116829236654,0.19596103519224595,2.0,0.0,0.0,0.0,0.0,0.0,0.0,0.0,-1.3650340430016659,-60.23535571847316,0.0,0.0,0.0,0.9085145228778313,-0.4178532777423992,2.0,0.0,0.0,0.0,0.0,0.0,0.0,0.0,-16.01229635841129,-59.05641724619828,0.0,0.0,0.0,-0.48939569436555963,0.8720618408899977,2.0,0.0,0.0,0.0,0.0,0.0,0.0,0.0,-21.659786451308683,-72.62247949389767,0.0,0.0,0.0,0.11665565544650033,0.9931724211094202,2.0,0.0,0.0,0.0,0.0,0.0,0.0
924,0.0,-16.143168678244404,-80.31459338686648,0.0,0.0,0.0,0.4840178228848849,0.8750581392854855,2.0,0.0,0.0,0.0,0.0,0.0,0.0,0.0,2.0399818171595836,-74.5300420126833,0.0,0.0,0.0,0.9806116829236654,0.19596103519224595,2.0,0.0,0.0,0.0,0.0,0.0,0.0,0.0,-1.3650340430016659,-60.23535571847316,0.0,0.0,0.0,0.9085145228778313,-0.4178532777423992,2.0,0.0,0.0,0.0,0.0,0.0,0.0,0.0,-16.01229635841129,-59.05641724619828,0.0,0.0,0.0,-0.48939569436555963,0.8720618408899977,2.0,0.0,0.0,0.0,0.0,0.0,0.0,0.0,-21.659786451308683,-72.62247949389767,0.0,0.0,0.0,0.11665565544650033,0.9931724211094202,2.0,0.0,0.0,0.0,0.0,0.0,0.0
925,0.0,-16.05824825444261,-80.36739933622925,0.0,0.0,0.0,0.4875141739706606,0.8731150727010183,2.0,0.0,0.0,0.0,0.0,0.0,0.0,0.0,2.0399818171595836,-74.5300420126833,0.0,0.0,0.0,0.9806116829236654,0.19596103519224595,2.0,0.0,0.0,0.0,0.0,0.0,0.0,0.0,-1.3650340430016659,-60.23535571847316,0.0,0.0,0.0,0.9085145228778313,-0.4178532777423992,2.0,0.0,0.0,0.0,0.0,0.0,0.0,0.0,-16.01229635841129,-59.05641724619828,0.0,0.0,0.0,-0.48939569436555963,0.8720618408899977,2.0,0.0,0.0,0.0,0.0,0.0,0.0,0.0,-21.659786451308683,-72.62247949389767,0.0,0.0,0.0,0.11665565544650033,0.9931724211094202,2.0,0.0,0.0,0.0,0.0,0.0,0.0
926,0.0,-15.972908104991077,-80.41952423966677,0.0,0.0,0.0,0.4910027248400531,0.8711580362940143,2.0,0.0,0.0,0.0,0.0,0.0,0.0,0.0,2.0399818171595836,-74.5300420126833,0.0,0.0,0.0,0.9806116829236654,0.19596103519224595,2.0,0.0,0.0,0.0,0.0,0.0,0.0,0.0,-1.3650340430016659,-60.23535571847316,0.0,0.0,0.0,0.9085145228778313,-0.4178532777423992,2.0,0.0,0.0,0.0,0.0,0.0,0.0,0.0,-16.01229635841129,-59.05641724619828,0.0,0.0,0.0,-0.48939569436555963,0.8720618408899977,2.0,0.0,0.0,0.0,0.0,0.0,0.0,0.0,-21.659786451308683,-72.62247949389767,0.0,0.0,0.0,0.11665565544650033,0.9931724211094202,2.0,0.0,0.0,0.0,0.0,0.0,0.0
927,0.0,-15.887153691630239,-80.47096476120299,0.0,0.0,0.0,0.4944834196763228,0.8691870613770143,2.0,0.0,0.0,0.0,0.0,0.0,0.0,0.0,2.0399818171595836,-74.5300420126833,0.0,0.0,0.0,0.9806116829236654,0.19596103519224595,2.0,0.0,0.0,0.0,0.0,0.0,0.0,0.0,-1.3650340430016659,-60.23535571847316,0.0,0.0,0.0,0.9085145228778313,-0.4178532777423992,2.0,0.0,0.0,0.0,0.0,0.0,0.0,0.0,-16.01229635841129,-59.05641724619828,0.0,0.0,0.0,-0.48939569436555963,0.8720618408899977,2.0,0.0,0.0,0.0,0.0,0.0,0.0,0.0,-21.659786451308683,-72.62247949389767,0.0,0.0,0.0,0.11665565544650033,0.9931724211094202,2.0,0.0,0.0,0.0,0.0,0.0,0.0
928,0.0,-15.800990502613281,-80.52171760866212,0.0,0.0,0.0,0.4979562027884267,0.8672021794855749,2.0,0.0,0.0,0.0,0.0,0.0,0.0,0.0,2.0399818171595836,-74.5300420126833,0.0,0.0,0.0,0.9806116829236654,0.19596103519224595,2.0,0.0,0.0,0.0,0.0,0.0,0.0,0.0,-1.3650340430016659,-60.23535571847316,0.0,0.0,0.0,0.9085145228778313,-0.4178532777423992,2.0,0.0,0.0,0.0,0.0,0.0,0.0,0.0,-16.01229635841129,-59.05641724619828,0.0,0.0,0.0,-0.48939569436555963,0.8720618408899977,2.0,0.0,0.0,0.0,0.0,0.0,0.0,0.0,-21.659786451308683,-72.62247949389767,0.0,0.0,0.0,0.11665565544650033,0.9931724211094202,2.0,0.0,0.0,0.0,0.0,0.0,0.0
929,0.0,-15.714424052354888,-80.57177953387921,0.0,0.0,0.0,0.501421018611909,0.865203422377764,2.0,0.0,0.0,0.0,0.0,0.0,0.0,0.0,2.0399818171595836,-74.5300420126833,0.0,0.0,0.0,0.9806116829236654,0.19596103519224595,2.0,0.0,0.0,0.0,0.0,0.0,0.0,0.0,-1.3650340430016659,-60.23535571847316,0.0,0.0,0.0,0.9085145228778313,-0.4178532777423992,2.0,0.0,0.0,0.0,0.0,0.0,0.0,0.0,-16.01229635841129,-59.05641724619828,0.0,0.0,0.0,-0.48939569436555963,0.8720618408899977,2.0,0.0,0.0,0.0,0.0,0.0,0.0,0.0,-21.659786451308683,-72.62247949389767,0.0,0.0,0.0,0.11665565544650033,0.9931724211094202,2.0,0.0,0.0,0.0,0.0,0.0,0.0
930,0.0,-15.62745988107833,-80.62114733290815,0.0,0.0,0.0,0.5048778117097906,0.8631908220336528,2.0,0.0,0.0,0.0,0.0,0.0,0.0,0.0,2.0399818171595836,-74.5300420126833,0.0,0.0,0.0,0.9806116829236654,0.19596103519224595,2.0,0.0,0.0,0.0,0.0,0.0,0.0,0.0,-1.3650340430016659,-60.23535571847316,0.0,0.0,0.0,0.9085145228778313,-0.4178532777423992,2.0,0.0,0.0,0.0,0.0,0.0,0.0,0.0,-16.01229635841129,-59.05641724619828,0.0,0.0,0.0,-0.48939569436555963,0.8720618408899977,2.0,0.0,0.0,0.0,0.0,0.0,0.0,0.0,-21.659786451308683,-72.62247949389767,0.0,0.0,0.0,0.11665565544650033,0.9931724211094202,2.0,0.0,0.0,0.0,0.0,0.0,0.0
931,0.0,-15.540103554460885,-80.66981784622665,0.0,0.0,0.0,0.5083265267734555,0.8611644106548038,2.0,0.0,0.0,0.0,0.0,0.0,0.0,0.0,2.0399818171595836,-74.5300420126833,0.0,0.0,0.0,0.9806116829236654,0.19596103519224595,2.0,0.0,0.0,0.0,0.0,0.0,0.0,0.0,-1.3650340430016659,-60.23535571847316,0.0,0.0,0.0,0.9085145228778313,-0.4178532777423992,2.0,0.0,0.0,0.0,0.0,0.0,0.0,0.0,-16.01229635841129,-59.05641724619828,0.0,0.0,0.0,-0.48939569436555963,0.8720618408899977,2.0,0.0,0.0,0.0,0.0,0.0,0.0,0.0,-21.659786451308683,-72.62247949389767,0.0,0.0,0.0,0.11665565544650033,0.9931724211094202,2.0,0.0,0.0,0.0,0.0,0.0,0.0
932,0.0,-15.45236066327764,-80.71778795893849,0.0,0.0,0.0,0.5117671086235362,0.8591242206637557,2.0,0.0,0.0,0.0,0.0,0.0,0.0,0.0,2.0399818171595836,-74.5300420126833,0.0,0.0,0.0,0.9806116829236654,0.19596103519224595,2.0,0.0,0.0,0.0,0.0,0.0,0.0,0.0,-1.3650340430016659,-60.23535571847316,0.0,0.0,0.0,0.9085145228778313,-0.4178532777423992,2.0,0.0,0.0,0.0,0.0,0.0,0.0,0.0,-16.01229635841129,-59.05641724619828,0.0,0.0,0.0,-0.48939569436555963,0.8720618408899977,2.0,0.0,0.0,0.0,0.0,0.0,0.0,0.0,-21.659786451308683,-72.62247949389767,0.0,0.0,0.0,0.11665565544650033,0.9931724211094202,2.0,0.0,0.0,0.0,0.0,0.0,0.0
933,0.0,-15.364236823043678,-80.76505460097279,0.0,0.0,0.0,0.5151995022107968,0.857070284703505,2.0,0.0,0.0,0.0,0.0,0.0,0.0,0.0,2.0399818171595836,-74.5300420126833,0.0,0.0,0.0,0.9806116829236654,0.19596103519224595,2.0,0.0,0.0,0.0,0.0,0.0,0.0,0.0,-1.3650340430016659,-60.23535571847316,0.0,0.0,0.0,0.9085145228778313,-0.4178532777423992,2.0,0.0,0.0,0.0,0.0,0.0,0.0,0.0,-16.01229635841129,-59.05641724619828,0.0,0.0,0.0,-0.48939569436555963,0.8720618408899977,2.0,0.0,0.0,0.0,0.0,0.0,0.0,0.0,-21.659786451308683,-72.62247949389767,0.0,0.0,0.0,0.11665565544650033,0.9931724211094202,2.0,0.0,0.0,0.0,0.0,0.0,0.0
934,0.0,-15.275737673654698,-80.81161474728063,0.0,0.0,0.0,0.5186236526170129,0.8550026356369832,2.0,0.0,0.0,0.0,0.0,0.0,0.0,0.0,2.0399818171595836,-74.5300420126833,0.0,0.0,0.0,0.9806116829236654,0.19596103519224595,2.0,0.0,0.0,0.0,0.0,0.0,0.0,0.0,-1.3650340430016659,-60.23535571847316,0.0,0.0,0.0,0.9085145228778313,-0.4178532777423992,2.0,0.0,0.0,0.0,0.0,0.0,0.0,0.0,-16.01229635841129,-59.05641724619828,0.0,0.0,0.0,-0.48939569436555963,0.8720618408899977,2.0,0.0,0.0,0.0,0.0,0.0,0.0,0.0,-21.659786451308683,-72.62247949389767,0.0,0.0,0.0,0.11665565544650033,0.9931724211094202,2.0,0.0,0.0,0.0,0.0,0.0,0.0
935,0.0,-15.18686887902605,-80.85746541802853,0.0,0.0,0.0,0.5220395050558511,0.8529213065465313,2.0,0.0,0.0,0.0,0.0,0.0,0.0,0.0,2.0399818171595836,-74.5300420126833,0.0,0.0,0.0,0.9806116829236654,0.19596103519224595,2.0,0.0,0.0,0.0,0.0,0.0,0.0,0.0,-1.3650340430016659,-60.23535571847316,0.0,0.0,0.0,0.9085145228778313,-0.4178532777423992,2.0,0.0,0.0,0.0,0.0,0.0,0.0,0.0,-16.01229635841129,-59.05641724619828,0.0,0.0,0.0,-0.48939569436555963,0.8720618408899977,2.0,0.0,0.0,0.0,0.0,0.0,0.0,0.0,-21.659786451308683,-72.62247949389767,0.0,0.0,0.0,0.11665565544650033,0.9931724211094202,2.0,0.0,0.0,0.0,0.0,0.0,0.0
936,0.0,-15.097636126730258,-80.9026036787892,0.0,0.0,0.0,0.5254470048737452,0.8508263307333703,2.0,0.0,0.0,0.0,0.0,0.0,0.0,0.0,2.0399818171595836,-74.5300420126833,0.0,0.0,0.0,0.9806116829236654,0.19596103519224595,2.0,0.0,0.0,0.0,0.0,0.0,0.0,0.0,-1.3650340430016659,-60.23535571847316,0.0,0.0,0.0,0.9085145228778313,-0.4178532777423992,2.0,0.0,0.0,0.0,0.0,0.0,0.0,0.0,-16.01229635841129,-59.05641724619828,0.0,0.0,0.0,-0.48939569436555963,0.8720618408899977,2.0,0.0,0.0,0.0,0.0,0.0,0.0,0.0,-21.659786451308683,-72.62247949389767,0.0,0.0,0.0,0.11665565544650033,0.9931724211094202,2.0,0.0,0.0,0.0,0.0,0.0,0.0
937,0.0,-15.008045127633014,-80.94702664072936,0.0,0.0,0.0,0.5288460975507708,0.8487177417170685,2.0,0.0,0.0,0.0,0.0,0.0,0.0,0.0,2.0399818171595836,-74.5300420126833,0.0,0.0,0.0,0.9806116829236654,0.19596103519224595,2.0,0.0,0.0,0.0,0.0,0.0,0.0,0.0,-1.3650340430016659,-60.23535571847316,0.0,0.0,0.0,0.9085145228778313,-0.4178532777423992,2.0,0.0,0.0,0.0,0.0,0.0,0.0,0.0,-16.01229635841129,-59.05641724619828,0.0,0.0,0.0,-0.48939569436555963,0.8720618408899977,2.0,0.0,0.0,0.0,0.0,0.0,0.0,0.0,-21.659786451308683,-72.62247949389767,0.0,0.0,0.0,0.11665565544650033,0.9931724211094202,2.0,0.0,0.0,0.0,0.0,0.0,0.0
938,0.0,-14.918101615527675,-80.99073146079463,0.0,0.0,0.0,0.5322367287015177,0.8465955732350052,2.0,0.0,0.0,0.0,0.0,0.0,0.0,0.0,2.0399818171595836,-74.5300420126833,0.0,0.0,0.0,0.9806116829236654,0.19596103519224595,2.0,0.0,0.0,0.0,0.0,0.0,0.0,0.0,-1.3650340430016659,-60.23535571847316,0.0,0.0,0.0,0.9085145228778313,-0.4178532777423992,2.0,0.0,0.0,0.0,0.0,0.0,0.0,0.0,-16.01229635841129,-59.05641724619828,0.0,0.0,0.0,-0.48939569436555963,0.8720618408899977,2.0,0.0,0.0,0.0,0.0,0.0,0.0,0.0,-21.659786451308683,-72.62247949389767,0.0,0.0,0.0,0.11665565544650033,0.9931724211094202,2.0,0.0,0.0,0.0,0.0,0.0,0.0
939,0.0,-14.827811346768318,-81.03371534189142,0.0,0.0,0.0,0.5356188440759597,0.8444598592418309,2.0,0.0,0.0,0.0,0.0,0.0,0.0,0.0,2.0399818171595836,-74.5300420126833,0.0,0.0,0.0,0.9806116829236654,0.19596103519224595,2.0,0.0,0.0,0.0,0.0,0.0,0.0,0.0,-1.3650340430016659,-60.23535571847316,0.0,0.0,0.0,0.9085145228778313,-0.4178532777423992,2.0,0.0,0.0,0.0,0.0,0.0,0.0,0.0,-16.01229635841129,-59.05641724619828,0.0,0.0,0.0,-0.48939569436555963,0.8720618408899977,2.0,0.0,0.0,0.0,0.0,0.0,0.0,0.0,-21.659786451308683,-72.62247949389767,0.0,0.0,0.0,0.11665565544650033,0.9931724211094202,2.0,0.0,0.0,0.0,0.0,0.0,0.0
940,0.0,-14.73718009990132,-81.07597553306603,0.0,0.0,0.0,0.5389923895603231,0.8423106339089237,2.0,0.0,0.0,0.0,0.0,0.0,0.0,0.0,2.0399818171595836,-74.5300420126833,0.0,0.0,0.0,0.9806116829236654,0.19596103519224595,2.0,0.0,0.0,0.0,0.0,0.0,0.0,0.0,-1.3650340430016659,-60.23535571847316,0.0,0.0,0.0,0.9085145228778313,-0.4178532777423992,2.0,0.0,0.0,0.0,0.0,0.0,0.0,0.0,-16.01229635841129,-59.05641724619828,0.0,0.0,0.0,-0.48939569436555963,0.8720618408899977,2.0,0.0,0.0,0.0,0.0,0.0,0.0,0.0,-21.659786451308683,-72.62247949389767,0.0,0.0,0.0,0.11665565544650033,0.9931724211094202,2.0,0.0,0.0,0.0,0.0,0.0,0.0
941,0.0,-14.646213675295552,-81.11750932968064,0.0,0.0,0.0,0.542357311177952,0.8401479316238434,2.0,0.0,0.0,0.0,0.0,0.0,0.0,0.0,2.0399818171595836,-74.5300420126833,0.0,0.0,0.0,0.9806116829236654,0.19596103519224595,2.0,0.0,0.0,0.0,0.0,0.0,0.0,0.0,-1.3650340430016659,-60.23535571847316,0.0,0.0,0.0,0.9085145228778313,-0.4178532777423992,2.0,0.0,0.0,0.0,0.0,0.0,0.0,0.0,-16.01229635841129,-59.05641724619828,0.0,0.0,0.0,-0.48939569436555963,0.8720618408899977,2.0,0.0,0.0,0.0,0.0,0.0,0.0,0.0,-21.659786451308683,-72.62247949389767,0.0,0.0,0.0,0.11665565544650033,0.9931724211094202,2.0,0.0,0.0,0.0,0.0,0.0,0.0
942,0.0,-14.554917894771135,-81.15831407358644,0.0,0.0,0.0,0.5457135550901724,0.8379717869897801,2.0,0.0,0.0,0.0,0.0,0.0,0.0,0.0,2.0399818171595836,-74.5300420126833,0.0,0.0,0.0,0.9806116829236654,0.19596103519224595,2.0,0.0,0.0,0.0,0.0,0.0,0.0,0.0,-1.3650340430016659,-60.23535571847316,0.0,0.0,0.0,0.9085145228778313,-0.4178532777423992,2.0,0.0,0.0,0.0,0.0,0.0,0.0,0.0,-16.01229635841129,-59.05641724619828,0.0,0.0,0.0,-0.48939569436555963,0.8720618408899977,2.0,0.0,0.0,0.0,0.0,0.0,0.0,0.0,-21.659786451308683,-72.62247949389767,0.0,0.0,0.0,0.11665565544650033,0.9931724211094202,2.0,0.0,0.0,0.0,0.0,0.0,0.0
943,0.0,-14.46329860122686,-81.19838715329375,0.0,0.0,0.0,0.5490610675971531,0.8357822348250018,2.0,0.0,0.0,0.0,0.0,0.0,0.0,0.0,2.0399818171595836,-74.5300420126833,0.0,0.0,0.0,0.9806116829236654,0.19596103519224595,2.0,0.0,0.0,0.0,0.0,0.0,0.0,0.0,-1.3650340430016659,-60.23535571847316,0.0,0.0,0.0,0.9085145228778313,-0.4178532777423992,2.0,0.0,0.0,0.0,0.0,0.0,0.0,0.0,-16.01229635841129,-59.05641724619828,0.0,0.0,0.0,-0.48939569436555963,0.8720618408899977,2.0,0.0,0.0,0.0,0.0,0.0,0.0,0.0,-21.659786451308683,-72.62247949389767,0.0,0.0,0.0,0.11665565544650033,0.9931724211094202,2.0,0.0,0.0,0.0,0.0,0.0,0.0
944,0.0,-14.371361658266244,-81.23772600413915,0.0,0.0,0.0,0.5523997951387656,0.8335793101622964,2.0,0.0,0.0,0.0,0.0,0.0,0.0,0.0,2.0399818171595836,-74.5300420126833,0.0,0.0,0.0,0.9806116829236654,0.19596103519224595,2.0,0.0,0.0,0.0,0.0,0.0,0.0,0.0,-1.3650340430016659,-60.23535571847316,0.0,0.0,0.0,0.9085145228778313,-0.4178532777423992,2.0,0.0,0.0,0.0,0.0,0.0,0.0,0.0,-16.01229635841129,-59.05641724619828,0.0,0.0,0.0,-0.48939569436555963,0.8720618408899977,2.0,0.0,0.0,0.0,0.0,0.0,0.0,0.0,-21.659786451308683,-72.62247949389767,0.0,0.0,0.0,0.11665565544650033,0.9931724211094202,2.0,0.0,0.0,0.0,0.0,0.0,0.0
945,0.0,-14.279112949822252,-81.27632810844962,0.0,0.0,0.0,0.5557296842954405,0.8313630482484112,2.0,0.0,0.0,0.0,0.0,0.0,0.0,0.0,2.0399818171595836,-74.5300420126833,0.0,0.0,0.0,0.9806116829236654,0.19596103519224595,2.0,0.0,0.0,0.0,0.0,0.0,0.0,0.0,-1.3650340430016659,-60.23535571847316,0.0,0.0,0.0,0.9085145228778313,-0.4178532777423992,2.0,0.0,0.0,0.0,0.0,0.0,0.0,0.0,-16.01229635841129,-59.05641724619828,0.0,0.0,0.0,-0.48939569436555963,0.8720618408899977,2.0,0.0,0.0,0.0,0.0,0.0,0.0,0.0,-21.659786451308683,-72.62247949389767,0.0,0.0,0.0,0.11665565544650033,0.9931724211094202,2.0,0.0,0.0,0.0,0.0,0.0,0.0
946,0.0,-14.186558379780738,-81.31419099570364,0.0,0.0,0.0,0.5590506817890221,0.8291334845434899,2.0,0.0,0.0,0.0,0.0,0.0,0.0,0.0,2.0399818171595836,-74.5300420126833,0.0,0.0,0.0,0.9806116829236654,0.19596103519224595,2.0,0.0,0.0,0.0,0.0,0.0,0.0,0.0,-1.3650340430016659,-60.23535571847316,0.0,0.0,0.0,0.9085145228778313,-0.4178532777423992,2.0,0.0,0.0,0.0,0.0,0.0,0.0,0.0,-16.01229635841129,-59.05641724619828,0.0,0.0,0.0,-0.48939569436555963,0.8720618408899977,2.0,0.0,0.0,0.0,0.0,0.0,0.0,0.0,-21.659786451308683,-72.62247949389767,0.0,0.0,0.0,0.11665565544650033,0.9931724211094202,2.0,0.0,0.0,0.0,0.0,0.0,0.0
947,0.0,-14.093703871602594,-81.35131224268937,0.0,0.0,0.0,0.5623627344836215,0.826890654720504,2.0,0.0,0.0,0.0,0.0,0.0,0.0,0.0,2.0399818171595836,-74.5300420126833,0.0,0.0,0.0,0.9806116829236654,0.19596103519224595,2.0,0.0,0.0,0.0,0.0,0.0,0.0,0.0,-1.3650340430016659,-60.23535571847316,0.0,0.0,0.0,0.9085145228778313,-0.4178532777423992,2.0,0.0,0.0,0.0,0.0,0.0,0.0,0.0,-16.01229635841129,-59.05641724619828,0.0,0.0,0.0,-0.48939569436555963,0.8720618408899977,2.0,0.0,0.0,0.0,0.0,0.0,0.0,0.0,-21.659786451308683,-72.62247949389767,0.0,0.0,0.0,0.11665565544650033,0.9931724211094202,2.0,0.0,0.0,0.0,0.0,0.0,0.0
948,0.0,-14.00055536794465,-81.38768947365966,0.0,0.0,0.0,0.5656657893864663,0.824634594664683,2.0,0.0,0.0,0.0,0.0,0.0,0.0,0.0,2.0399818171595836,-74.5300420126833,0.0,0.0,0.0,0.9806116829236654,0.19596103519224595,2.0,0.0,0.0,0.0,0.0,0.0,0.0,0.0,-1.3650340430016659,-60.23535571847316,0.0,0.0,0.0,0.9085145228778313,-0.4178532777423992,2.0,0.0,0.0,0.0,0.0,0.0,0.0,0.0,-16.01229635841129,-59.05641724619828,0.0,0.0,0.0,-0.48939569436555963,0.8720618408899977,2.0,0.0,0.0,0.0,0.0,0.0,0.0,0.0,-21.659786451308683,-72.62247949389767,0.0,0.0,0.0,0.11665565544650033,0.9931724211094202,2.0,0.0,0.0,0.0,0.0,0.0,0.0
949,0.0,-13.907118830279341,-81.42332036048415,0.0,0.0,0.0,0.5689597936487484,0.8223653404729395,2.0,0.0,0.0,0.0,0.0,0.0,0.0,0.0,2.0399818171595836,-74.5300420126833,0.0,0.0,0.0,0.9806116829236654,0.19596103519224595,2.0,0.0,0.0,0.0,0.0,0.0,0.0,0.0,-1.3650340430016659,-60.23535571847316,0.0,0.0,0.0,0.9085145228778313,-0.4178532777423992,2.0,0.0,0.0,0.0,0.0,0.0,0.0,0.0,-16.01229635841129,-59.05641724619828,0.0,0.0,0.0,-0.48939569436555963,0.8720618408899977,2.0,0.0,0.0,0.0,0.0,0.0,0.0,0.0,-21.659786451308683,-72.62247949389767,0.0,0.0,0.0,0.11665565544650033,0.9931724211094202,2.0,0.0,0.0,0.0,0.0,0.0,0.0
950,0.0,-13.81340023851319,-81.45820262279825,0.0,0.0,0.0,0.5722446945664699,0.8200829284532922,2.0,0.0,0.0,0.0,0.0,0.0,0.0,0.0,2.0399818171595836,-74.5300420126833,0.0,0.0,0.0,0.9806116829236654,0.19596103519224595,2.0,0.0,0.0,0.0,0.0,0.0,0.0,0.0,-1.3650340430016659,-60.23535571847316,0.0,0.0,0.0,0.9085145228778313,-0.4178532777423992,2.0,0.0,0.0,0.0,0.0,0.0,0.0,0.0,-16.01229635841129,-59.05641724619828,0.0,0.0,0.0,-0.48939569436555963,0.8720618408899977,2.0,0.0,0.0,0.0,0.0,0.0,0.0,0.0,-21.659786451308683,-72.62247949389767,0.0,0.0,0.0,0.11665565544650033,0.9931724211094202,2.0,0.0,0.0,0.0,0.0,0.0,0.0
951,0.0,-13.719405590604076,-81.49233402814909,0.0,0.0,0.0,0.5755204395812862,0.8177873951242848,2.0,0.0,0.0,0.0,0.0,0.0,0.0,0.0,2.0399818171595836,-74.5300420126833,0.0,0.0,0.0,0.9806116829236654,0.19596103519224595,2.0,0.0,0.0,0.0,0.0,0.0,0.0,0.0,-1.3650340430016659,-60.23535571847316,0.0,0.0,0.0,0.9085145228778313,-0.4178532777423992,2.0,0.0,0.0,0.0,0.0,0.0,0.0,0.0,-16.01229635841129,-59.05641724619828,0.0,0.0,0.0,-0.48939569436555963,0.8720618408899977,2.0,0.0,0.0,0.0,0.0,0.0,0.0,0.0,-21.659786451308683,-72.62247949389767,0.0,0.0,0.0,0.11665565544650033,0.9931724211094202,2.0,0.0,0.0,0.0,0.0,0.0,0.0
952,0.0,-13.625140902177385,-81.52571239213835,0.0,0.0,0.0,0.578786976281347,0.8154787772144014,2.0,0.0,0.0,0.0,0.0,0.0,0.0,0.0,2.0399818171595836,-74.5300420126833,0.0,0.0,0.0,0.9806116829236654,0.19596103519224595,2.0,0.0,0.0,0.0,0.0,0.0,0.0,0.0,-1.3650340430016659,-60.23535571847316,0.0,0.0,0.0,0.9085145228778313,-0.4178532777423992,2.0,0.0,0.0,0.0,0.0,0.0,0.0,0.0,-16.01229635841129,-59.05641724619828,0.0,0.0,0.0,-0.48939569436555963,0.8720618408899977,2.0,0.0,0.0,0.0,0.0,0.0,0.0,0.0,-21.659786451308683,-72.62247949389767,0.0,0.0,0.0,0.11665565544650033,0.9931724211094202,2.0,0.0,0.0,0.0,0.0,0.0,0.0
953,0.0,-13.530612206141,-81.55833557856212,0.0,0.0,0.0,0.5820442524021348,0.8131571116614796,2.0,0.0,0.0,0.0,0.0,0.0,0.0,0.0,2.0399818171595836,-74.5300420126833,0.0,0.0,0.0,0.9806116829236654,0.19596103519224595,2.0,0.0,0.0,0.0,0.0,0.0,0.0,0.0,-1.3650340430016659,-60.23535571847316,0.0,0.0,0.0,0.9085145228778313,-0.4178532777423992,2.0,0.0,0.0,0.0,0.0,0.0,0.0,0.0,-16.01229635841129,-59.05641724619828,0.0,0.0,0.0,-0.48939569436555963,0.8720618408899977,2.0,0.0,0.0,0.0,0.0,0.0,0.0,0.0,-21.659786451308683,-72.62247949389767,0.0,0.0,0.0,0.11665565544650033,0.9931724211094202,2.0,0.0,0.0,0.0,0.0,0.0,0.0
954,0.0,-13.4358255522992,-81.59020149954765,0.0,0.0,0.0,0.5852922158273011,0.8108224356121185,2.0,0.0,0.0,0.0,0.0,0.0,0.0,0.0,2.0399818171595836,-74.5300420126833,0.0,0.0,0.0,0.9806116829236654,0.19596103519224595,2.0,0.0,0.0,0.0,0.0,0.0,0.0,0.0,-1.3650340430016659,-60.23535571847316,0.0,0.0,0.0,0.9085145228778313,-0.4178532777423992,2.0,0.0,0.0,0.0,0.0,0.0,0.0,0.0,-16.01229635841129,-59.05641724619828,0.0,0.0,0.0,-0.48939569436555963,0.8720618408899977,2.0,0.0,0.0,0.0,0.0,0.0,0.0,0.0,-21.659786451308683,-72.62247949389767,0.0,0.0,0.0,0.11665565544650033,0.9931724211094202,2.0,0.0,0.0,0.0,0.0,0.0,0.0
955,0.0,-13.340787006965481,-81.62130811568684,0.0,0.0,0.0,0.5885308145895003,0.8084747864210852,2.0,0.0,0.0,0.0,0.0,0.0,0.0,0.0,2.0399818171595836,-74.5300420126833,0.0,0.0,0.0,0.9806116829236654,0.19596103519224595,2.0,0.0,0.0,0.0,0.0,0.0,0.0,0.0,-1.3650340430016659,-60.23535571847316,0.0,0.0,0.0,0.9085145228778313,-0.4178532777423992,2.0,0.0,0.0,0.0,0.0,0.0,0.0,0.0,-16.01229635841129,-59.05641724619828,0.0,0.0,0.0,-0.48939569436555963,0.8720618408899977,2.0,0.0,0.0,0.0,0.0,0.0,0.0,0.0,-21.659786451308683,-72.62247949389767,0.0,0.0,0.0,0.11665565544650033,0.9931724211094202,2.0,0.0,0.0,0.0,0.0,0.0,0.0
956,0.0,-13.2455026525743,-81.65165343616688,0.0,0.0,0.0,0.5917599968712214,0.8061142016507166,2.0,0.0,0.0,0.0,0.0,0.0,0.0,0.0,2.0399818171595836,-74.5300420126833,0.0,0.0,0.0,0.9806116829236654,0.19596103519224595,2.0,0.0,0.0,0.0,0.0,0.0,0.0,0.0,-1.3650340430016659,-60.23535571847316,0.0,0.0,0.0,0.9085145228778313,-0.4178532777423992,2.0,0.0,0.0,0.0,0.0,0.0,0.0,0.0,-16.01229635841129,-59.05641724619828,0.0,0.0,0.0,-0.48939569436555963,0.8720618408899977,2.0,0.0,0.0,0.0,0.0,0.0,0.0,0.0,-21.659786451308683,-72.62247949389767,0.0,0.0,0.0,0.11665565544650033,0.9931724211094202,2.0,0.0,0.0,0.0,0.0,0.0,0.0
957,0.0,-13.149978587291816,-81.68123551889762,0.0,0.0,0.0,0.5949797110056168,0.8037407190703185,2.0,0.0,0.0,0.0,0.0,0.0,0.0,0.0,2.0399818171595836,-74.5300420126833,0.0,0.0,0.0,0.9806116829236654,0.19596103519224595,2.0,0.0,0.0,0.0,0.0,0.0,0.0,0.0,-1.3650340430016659,-60.23535571847316,0.0,0.0,0.0,0.9085145228778313,-0.4178532777423992,2.0,0.0,0.0,0.0,0.0,0.0,0.0,0.0,-16.01229635841129,-59.05641724619828,0.0,0.0,0.0,-0.48939569436555963,0.8720618408899977,2.0,0.0,0.0,0.0,0.0,0.0,0.0,0.0,-21.659786451308683,-72.62247949389767,0.0,0.0,0.0,0.11665565544650033,0.9931724211094202,2.0,0.0,0.0,0.0,0.0,0.0,0.0
958,0.0,-13.054220924625604,-81.71005247063586,0.0,0.0,0.0,0.598189905477329,0.801354376655562,2.0,0.0,0.0,0.0,0.0,0.0,0.0,0.0,2.0399818171595836,-74.5300420126833,0.0,0.0,0.0,0.9806116829236654,0.19596103519224595,2.0,0.0,0.0,0.0,0.0,0.0,0.0,0.0,-1.3650340430016659,-60.23535571847316,0.0,0.0,0.0,0.9085145228778313,-0.4178532777423992,2.0,0.0,0.0,0.0,0.0,0.0,0.0,0.0,-16.01229635841129,-59.05641724619828,0.0,0.0,0.0,-0.48939569436555963,0.8720618408899977,2.0,0.0,0.0,0.0,0.0,0.0,0.0,0.0,-21.659786451308683,-72.62247949389767,0.0,0.0,0.0,0.11665565544650033,0.9931724211094202,2.0,0.0,0.0,0.0,0.0,0.0,0.0
959,0.0,-12.958235793033387,-81.73810244710653,0.0,0.0,0.0,0.6013905289233149,0.7989552125878744,2.0,0.0,0.0,0.0,0.0,0.0,0.0,0.0,2.0399818171595836,-74.5300420126833,0.0,0.0,0.0,0.9806116829236654,0.19596103519224595,2.0,0.0,0.0,0.0,0.0,0.0,0.0,0.0,-1.3650340430016659,-60.23535571847316,0.0,0.0,0.0,0.9085145228778313,-0.4178532777423992,2.0,0.0,0.0,0.0,0.0,0.0,0.0,0.0,-16.01229635841129,-59.05641724619828,0.0,0.0,0.0,-0.48939569436555963,0.8720618408899977,2.0,0.0,0.0,0.0,0.0,0.0,0.0,0.0,-21.659786451308683,-72.62247949389767,0.0,0.0,0.0,0.11665565544650033,0.9931724211094202,2.0,0.0,0.0,0.0,0.0,0.0,0.0
960,0.0,-12.862029335530822,-81.76538365312071,0.0,0.0,0.0,0.6045815301336678,0.7965432652538298,2.0,0.0,0.0,0.0,0.0,0.0,0.0,0.0,2.0399818171595836,-74.5300420126833,0.0,0.0,0.0,0.9806116829236654,0.19596103519224595,2.0,0.0,0.0,0.0,0.0,0.0,0.0,0.0,-1.3650340430016659,-60.23535571847316,0.0,0.0,0.0,0.9085145228778313,-0.4178532777423992,2.0,0.0,0.0,0.0,0.0,0.0,0.0,0.0,-16.01229635841129,-59.05641724619828,0.0,0.0,0.0,-0.48939569436555963,0.8720618408899977,2.0,0.0,0.0,0.0,0.0,0.0,0.0,0.0,-21.659786451308683,-72.62247949389767,0.0,0.0,0.0,0.11665565544650033,0.9931724211094202,2.0,0.0,0.0,0.0,0.0,0.0,0.0
961,0.0,-12.765607709298356,-81.79189434269053,0.0,0.0,0.0,0.6077628580524361,0.794118573244534,2.0,0.0,0.0,0.0,0.0,0.0,0.0,0.0,2.0399818171595836,-74.5300420126833,0.0,0.0,0.0,0.9806116829236654,0.19596103519224595,2.0,0.0,0.0,0.0,0.0,0.0,0.0,0.0,-1.3650340430016659,-60.23535571847316,0.0,0.0,0.0,0.9085145228778313,-0.4178532777423992,2.0,0.0,0.0,0.0,0.0,0.0,0.0,0.0,-16.01229635841129,-59.05641724619828,0.0,0.0,0.0,-0.48939569436555963,0.8720618408899977,2.0,0.0,0.0,0.0,0.0,0.0,0.0,0.0,-21.659786451308683,-72.62247949389767,0.0,0.0,0.0,0.11665565544650033,0.9931724211094202,2.0,0.0,0.0,0.0,0.0,0.0,0.0
962,0.0,-12.668977085287153,-81.81763281914088,0.0,0.0,0.0,0.6109344617784414,0.7916811753550075,2.0,0.0,0.0,0.0,0.0,0.0,0.0,0.0,2.0399818171595836,-74.5300420126833,0.0,0.0,0.0,0.9806116829236654,0.19596103519224595,2.0,0.0,0.0,0.0,0.0,0.0,0.0,0.0,-1.3650340430016659,-60.23535571847316,0.0,0.0,0.0,0.9085145228778313,-0.4178532777423992,2.0,0.0,0.0,0.0,0.0,0.0,0.0,0.0,-16.01229635841129,-59.05641724619828,0.0,0.0,0.0,-0.48939569436555963,0.8720618408899977,2.0,0.0,0.0,0.0,0.0,0.0,0.0,0.0,-21.659786451308683,-72.62247949389767,0.0,0.0,0.0,0.11665565544650033,0.9931724211094202,2.0,0.0,0.0,0.0,0.0,0.0,0.0
963,0.0,-12.572143647824166,-81.8425974352181,0.0,0.0,0.0,0.6140962905660914,0.7892311105835645,2.0,0.0,0.0,0.0,0.0,0.0,0.0,0.0,2.0399818171595836,-74.5300420126833,0.0,0.0,0.0,0.9806116829236654,0.19596103519224595,2.0,0.0,0.0,0.0,0.0,0.0,0.0,0.0,-1.3650340430016659,-60.23535571847316,0.0,0.0,0.0,0.9085145228778313,-0.4178532777423992,2.0,0.0,0.0,0.0,0.0,0.0,0.0,0.0,-16.01229635841129,-59.05641724619828,0.0,0.0,0.0,-0.48939569436555963,0.8720618408899977,2.0,0.0,0.0,0.0,0.0,0.0,0.0,0.0,-21.659786451308683,-72.62247949389767,0.0,0.0,0.0,0.11665565544650033,0.9931724211094202,2.0,0.0,0.0,0.0,0.0,0.0,0.0
964,0.0,-12.475113594216342,-81.86678659319523,0.0,0.0,0.0,0.617248293826193,0.7867684181311891,2.0,0.0,0.0,0.0,0.0,0.0,0.0,0.0,2.0399818171595836,-74.5300420126833,0.0,0.0,0.0,0.9806116829236654,0.19596103519224595,2.0,0.0,0.0,0.0,0.0,0.0,0.0,0.0,-1.3650340430016659,-60.23535571847316,0.0,0.0,0.0,0.9085145228778313,-0.4178532777423992,2.0,0.0,0.0,0.0,0.0,0.0,0.0,0.0,-16.01229635841129,-59.05641724619828,0.0,0.0,0.0,-0.48939569436555963,0.8720618408899977,2.0,0.0,0.0,0.0,0.0,0.0,0.0,0.0,-21.659786451308683,-72.62247949389767,0.0,0.0,0.0,0.11665565544650033,0.9931724211094202,2.0,0.0,0.0,0.0,0.0,0.0,0.0
965,0.0,-12.37789313435399,-81.89019874497446,0.0,0.0,0.0,0.6203904211267613,0.7842931374009081,2.0,0.0,0.0,0.0,0.0,0.0,0.0,0.0,2.0399818171595836,-74.5300420126833,0.0,0.0,0.0,0.9806116829236654,0.19596103519224595,2.0,0.0,0.0,0.0,0.0,0.0,0.0,0.0,-1.3650340430016659,-60.23535571847316,0.0,0.0,0.0,0.9085145228778313,-0.4178532777423992,2.0,0.0,0.0,0.0,0.0,0.0,0.0,0.0,-16.01229635841129,-59.05641724619828,0.0,0.0,0.0,-0.48939569436555963,0.8720618408899977,2.0,0.0,0.0,0.0,0.0,0.0,0.0,0.0,-21.659786451308683,-72.62247949389767,0.0,0.0,0.0,0.11665565544650033,0.9931724211094202,2.0,0.0,0.0,0.0,0.0,0.0,0.0
966,0.0,-12.28048849031336,-81.91283239218603,0.0,0.0,0.0,0.6235226221938267,0.7818053079971602,2.0,0.0,0.0,0.0,0.0,0.0,0.0,0.0,2.0399818171595836,-74.5300420126833,0.0,0.0,0.0,0.9806116829236654,0.19596103519224595,2.0,0.0,0.0,0.0,0.0,0.0,0.0,0.0,-1.3650340430016659,-60.23535571847316,0.0,0.0,0.0,0.9085145228778313,-0.4178532777423992,2.0,0.0,0.0,0.0,0.0,0.0,0.0,0.0,-16.01229635841129,-59.05641724619828,0.0,0.0,0.0,-0.48939569436555963,0.8720618408899977,2.0,0.0,0.0,0.0,0.0,0.0,0.0,0.0,-21.659786451308683,-72.62247949389767,0.0,0.0,0.0,0.11665565544650033,0.9931724211094202,2.0,0.0,0.0,0.0,0.0,0.0,0.0
967,0.0,-12.18290589595842,-81.93468608628429,0.0,0.0,0.0,0.6266448469122388,0.7793049697251627,2.0,0.0,0.0,0.0,0.0,0.0,0.0,0.0,2.0399818171595836,-74.5300420126833,0.0,0.0,0.0,0.9806116829236654,0.19596103519224595,2.0,0.0,0.0,0.0,0.0,0.0,0.0,0.0,-1.3650340430016659,-60.23535571847316,0.0,0.0,0.0,0.9085145228778313,-0.4178532777423992,2.0,0.0,0.0,0.0,0.0,0.0,0.0,0.0,-16.01229635841129,-59.05641724619828,0.0,0.0,0.0,-0.48939569436555963,0.8720618408899977,2.0,0.0,0.0,0.0,0.0,0.0,0.0,0.0,-21.659786451308683,-72.62247949389767,0.0,0.0,0.0,0.11665565544650033,0.9931724211094202,2.0,0.0,0.0,0.0,0.0,0.0,0.0
968,0.0,-12.085151596541902,-81.95575842864024,0.0,0.0,0.0,0.6297570453264686,0.776792162590275,2.0,0.0,0.0,0.0,0.0,0.0,0.0,0.0,2.0399818171595836,-74.5300420126833,0.0,0.0,0.0,0.9806116829236654,0.19596103519224595,2.0,0.0,0.0,0.0,0.0,0.0,0.0,0.0,-1.3650340430016659,-60.23535571847316,0.0,0.0,0.0,0.9085145228778313,-0.4178532777423992,2.0,0.0,0.0,0.0,0.0,0.0,0.0,0.0,-16.01229635841129,-59.05641724619828,0.0,0.0,0.0,-0.48939569436555963,0.8720618408899977,2.0,0.0,0.0,0.0,0.0,0.0,0.0,0.0,-21.659786451308683,-72.62247949389767,0.0,0.0,0.0,0.11665565544650033,0.9931724211094202,2.0,0.0,0.0,0.0,0.0,0.0,0.0
969,0.0,-11.987231848305601,-81.97604807063117,0.0,0.0,0.0,0.6328591676414081,0.7742669267973572,2.0,0.0,0.0,0.0,0.0,0.0,0.0,0.0,2.0399818171595836,-74.5300420126833,0.0,0.0,0.0,0.9806116829236654,0.19596103519224595,2.0,0.0,0.0,0.0,0.0,0.0,0.0,0.0,-1.3650340430016659,-60.23535571847316,0.0,0.0,0.0,0.9085145228778313,-0.4178532777423992,2.0,0.0,0.0,0.0,0.0,0.0,0.0,0.0,-16.01229635841129,-59.05641724619828,0.0,0.0,0.0,-0.48939569436555963,0.8720618408899977,2.0,0.0,0.0,0.0,0.0,0.0,0.0,0.0,-21.659786451308683,-72.62247949389767,0.0,0.0,0.0,0.11665565544650033,0.9931724211094202,2.0,0.0,0.0,0.0,0.0,0.0,0.0
970,0.0,-11.889152918079983,-81.9955537137269,0.0,0.0,0.0,0.6359511642231663,0.7717293027501284,2.0,0.0,0.0,0.0,0.0,0.0,0.0,0.0,2.0399818171595836,-74.5300420126833,0.0,0.0,0.0,0.9806116829236654,0.19596103519224595,2.0,0.0,0.0,0.0,0.0,0.0,0.0,0.0,-1.3650340430016659,-60.23535571847316,0.0,0.0,0.0,0.9085145228778313,-0.4178532777423992,2.0,0.0,0.0,0.0,0.0,0.0,0.0,0.0,-16.01229635841129,-59.05641724619828,0.0,0.0,0.0,-0.48939569436555963,0.8720618408899977,2.0,0.0,0.0,0.0,0.0,0.0,0.0,0.0,-21.659786451308683,-72.62247949389767,0.0,0.0,0.0,0.11665565544650033,0.9931724211094202,2.0,0.0,0.0,0.0,0.0,0.0,0.0
971,0.0,-11.790921082883104,-82.01427410957298,0.0,0.0,0.0,0.6390329855998639,0.7691793310505192,2.0,0.0,0.0,0.0,0.0,0.0,0.0,0.0,2.0399818171595836,-74.5300420126833,0.0,0.0,0.0,0.9806116829236654,0.19596103519224595,2.0,0.0,0.0,0.0,0.0,0.0,0.0,0.0,-1.3650340430016659,-60.23535571847316,0.0,0.0,0.0,0.9085145228778313,-0.4178532777423992,2.0,0.0,0.0,0.0,0.0,0.0,0.0,0.0,-16.01229635841129,-59.05641724619828,0.0,0.0,0.0,-0.48939569436555963,0.8720618408899977,2.0,0.0,0.0,0.0,0.0,0.0,0.0,0.0,-21.659786451308683,-72.62247949389767,0.0,0.0,0.0,0.11665565544650033,0.9931724211094202,2.0,0.0,0.0,0.0,0.0,0.0,0.0
972,0.0,-11.692542629518886,-82.03220806007043,0.0,0.0,0.0,0.6421045824624245,0.7666170524980223,2.0,0.0,0.0,0.0,0.0,0.0,0.0,0.0,2.0399818171595836,-74.5300420126833,0.0,0.0,0.0,0.9806116829236654,0.19596103519224595,2.0,0.0,0.0,0.0,0.0,0.0,0.0,0.0,-1.3650340430016659,-60.23535571847316,0.0,0.0,0.0,0.9085145228778313,-0.4178532777423992,2.0,0.0,0.0,0.0,0.0,0.0,0.0,0.0,-16.01229635841129,-59.05641724619828,0.0,0.0,0.0,-0.48939569436555963,0.8720618408899977,2.0,0.0,0.0,0.0,0.0,0.0,0.0,0.0,-21.659786451308683,-72.62247949389767,0.0,0.0,0.0,0.11665565544650033,0.9931724211094202,2.0,0.0,0.0,0.0,0.0,0.0,0.0
973,0.0,-11.594023854174765,-82.04935441745253,0.0,0.0,0.0,0.645165905665364,0.76404250808904,2.0,0.0,0.0,0.0,0.0,0.0,0.0,0.0,2.0399818171595836,-74.5300420126833,0.0,0.0,0.0,0.9806116829236654,0.19596103519224595,2.0,0.0,0.0,0.0,0.0,0.0,0.0,0.0,-1.3650340430016659,-60.23535571847316,0.0,0.0,0.0,0.9085145228778313,-0.4178532777423992,2.0,0.0,0.0,0.0,0.0,0.0,0.0,0.0,-16.01229635841129,-59.05641724619828,0.0,0.0,0.0,-0.48939569436555963,0.8720618408899977,2.0,0.0,0.0,0.0,0.0,0.0,0.0,0.0,-21.659786451308683,-72.62247949389767,0.0,0.0,0.0,0.11665565544650033,0.9931724211094202,2.0,0.0,0.0,0.0,0.0,0.0,0.0
974,0.0,-11.495371062018735,-82.0657120843583,0.0,0.0,0.0,0.6482169062275763,0.7614557390162277,2.0,0.0,0.0,0.0,0.0,0.0,0.0,0.0,2.0399818171595836,-74.5300420126833,0.0,0.0,0.0,0.9806116829236654,0.19596103519224595,2.0,0.0,0.0,0.0,0.0,0.0,0.0,0.0,-1.3650340430016659,-60.23535571847316,0.0,0.0,0.0,0.9085145228778313,-0.4178532777423992,2.0,0.0,0.0,0.0,0.0,0.0,0.0,0.0,-16.01229635841129,-59.05641724619828,0.0,0.0,0.0,-0.48939569436555963,0.8720618408899977,2.0,0.0,0.0,0.0,0.0,0.0,0.0,0.0,-21.659786451308683,-72.62247949389767,0.0,0.0,0.0,0.11665565544650033,0.9931724211094202,2.0,0.0,0.0,0.0,0.0,0.0,0.0
975,0.0,-11.396590566795822,-82.0812800139026,0.0,0.0,0.0,0.6512575353331177,0.7588567866678356,2.0,0.0,0.0,0.0,0.0,0.0,0.0,0.0,2.0399818171595836,-74.5300420126833,0.0,0.0,0.0,0.9806116829236654,0.19596103519224595,2.0,0.0,0.0,0.0,0.0,0.0,0.0,0.0,-1.3650340430016659,-60.23535571847316,0.0,0.0,0.0,0.9085145228778313,-0.4178532777423992,2.0,0.0,0.0,0.0,0.0,0.0,0.0,0.0,-16.01229635841129,-59.05641724619828,0.0,0.0,0.0,-0.48939569436555963,0.8720618408899977,2.0,0.0,0.0,0.0,0.0,0.0,0.0,0.0,-21.659786451308683,-72.62247949389767,0.0,0.0,0.0,0.11665565544650033,0.9931724211094202,2.0,0.0,0.0,0.0,0.0,0.0,0.0
976,0.0,-11.297688690424001,-82.09605720974328,0.0,0.0,0.0,0.6542877443319872,0.7562456926270458,2.0,0.0,0.0,0.0,0.0,0.0,0.0,0.0,2.0399818171595836,-74.5300420126833,0.0,0.0,0.0,0.9806116829236654,0.19596103519224595,2.0,0.0,0.0,0.0,0.0,0.0,0.0,0.0,-1.3650340430016659,-60.23535571847316,0.0,0.0,0.0,0.9085145228778313,-0.4178532777423992,2.0,0.0,0.0,0.0,0.0,0.0,0.0,0.0,-16.01229635841129,-59.05641724619828,0.0,0.0,0.0,-0.48939569436555963,0.8720618408899977,2.0,0.0,0.0,0.0,0.0,0.0,0.0,0.0,-21.659786451308683,-72.62247949389767,0.0,0.0,0.0,0.11665565544650033,0.9931724211094202,2.0,0.0,0.0,0.0,0.0,0.0,0.0
977,0.0,-11.198671762589605,-82.11004272614483,0.0,0.0,0.0,0.6573074847409055,0.753622498671307,2.0,0.0,0.0,0.0,0.0,0.0,0.0,0.0,2.0399818171595836,-74.5300420126833,0.0,0.0,0.0,0.9806116829236654,0.19596103519224595,2.0,0.0,0.0,0.0,0.0,0.0,0.0,0.0,-1.3650340430016659,-60.23535571847316,0.0,0.0,0.0,0.9085145228778313,-0.4178532777423992,2.0,0.0,0.0,0.0,0.0,0.0,0.0,0.0,-16.01229635841129,-59.05641724619828,0.0,0.0,0.0,-0.48939569436555963,0.8720618408899977,2.0,0.0,0.0,0.0,0.0,0.0,0.0,0.0,-21.659786451308683,-72.62247949389767,0.0,0.0,0.0,0.11665565544650033,0.9931724211094202,2.0,0.0,0.0,0.0,0.0,0.0,0.0
978,0.0,-11.099546120342213,-82.12323566803899,0.0,0.0,0.0,0.6603167082440906,0.750987246771667,2.0,0.0,0.0,0.0,0.0,0.0,0.0,0.0,2.0399818171595836,-74.5300420126833,0.0,0.0,0.0,0.9806116829236654,0.19596103519224595,2.0,0.0,0.0,0.0,0.0,0.0,0.0,0.0,-1.3650340430016659,-60.23535571847316,0.0,0.0,0.0,0.9085145228778313,-0.4178532777423992,2.0,0.0,0.0,0.0,0.0,0.0,0.0,0.0,-16.01229635841129,-59.05641724619828,0.0,0.0,0.0,-0.48939569436555963,0.8720618408899977,2.0,0.0,0.0,0.0,0.0,0.0,0.0,0.0,-21.659786451308683,-72.62247949389767,0.0,0.0,0.0,0.11665565544650033,0.9931724211094202,2.0,0.0,0.0,0.0,0.0,0.0,0.0
979,0.0,-11.000318107689097,-82.13563519108197,0.0,0.0,0.0,0.6633153666940305,0.7483399790920995,2.0,0.0,0.0,0.0,0.0,0.0,0.0,0.0,2.0399818171595836,-74.5300420126833,0.0,0.0,0.0,0.9806116829236654,0.19596103519224595,2.0,0.0,0.0,0.0,0.0,0.0,0.0,0.0,-1.3650340430016659,-60.23535571847316,0.0,0.0,0.0,0.9085145228778313,-0.4178532777423992,2.0,0.0,0.0,0.0,0.0,0.0,0.0,0.0,-16.01229635841129,-59.05641724619828,0.0,0.0,0.0,-0.48939569436555963,0.8720618408899977,2.0,0.0,0.0,0.0,0.0,0.0,0.0,0.0,-21.659786451308683,-72.62247949389767,0.0,0.0,0.0,0.11665565544650033,0.9931724211094202,2.0,0.0,0.0,0.0,0.0,0.0,0.0
980,0.0,-10.900994075189196,-82.14724050170855,0.0,0.0,0.0,0.666303412112254,0.7456807379888312,2.0,0.0,0.0,0.0,0.0,0.0,0.0,0.0,2.0399818171595836,-74.5300420126833,0.0,0.0,0.0,0.9806116829236654,0.19596103519224595,2.0,0.0,0.0,0.0,0.0,0.0,0.0,0.0,-1.3650340430016659,-60.23535571847316,0.0,0.0,0.0,0.9085145228778313,-0.4178532777423992,2.0,0.0,0.0,0.0,0.0,0.0,0.0,0.0,-16.01229635841129,-59.05641724619828,0.0,0.0,0.0,-0.48939569436555963,0.8720618408899977,2.0,0.0,0.0,0.0,0.0,0.0,0.0,0.0,-21.659786451308683,-72.62247949389767,0.0,0.0,0.0,0.11665565544650033,0.9931724211094202,2.0,0.0,0.0,0.0,0.0,0.0,0.0
981,0.0,-10.801580379546689,-82.15805085718279,0.0,0.0,0.0,0.6692807966900981,0.743009566009663,2.0,0.0,0.0,0.0,0.0,0.0,0.0,0.0,2.0399818171595836,-74.5300420126833,0.0,0.0,0.0,0.9806116829236654,0.19596103519224595,2.0,0.0,0.0,0.0,0.0,0.0,0.0,0.0,-1.3650340430016659,-60.23535571847316,0.0,0.0,0.0,0.9085145228778313,-0.4178532777423992,2.0,0.0,0.0,0.0,0.0,0.0,0.0,0.0,-16.01229635841129,-59.05641724619828,0.0,0.0,0.0,-0.48939569436555963,0.8720618408899977,2.0,0.0,0.0,0.0,0.0,0.0,0.0,0.0,-21.659786451308683,-72.62247949389767,0.0,0.0,0.0,0.11665565544650033,0.9931724211094202,2.0,0.0,0.0,0.0,0.0,0.0,0.0
982,0.0,-10.702083383204162,-82.16806556564562,0.0,0.0,0.0,0.6722474727894732,0.7403265058932893,2.0,0.0,0.0,0.0,0.0,0.0,0.0,0.0,2.0399818171595836,-74.5300420126833,0.0,0.0,0.0,0.9806116829236654,0.19596103519224595,2.0,0.0,0.0,0.0,0.0,0.0,0.0,0.0,-1.3650340430016659,-60.23535571847316,0.0,0.0,0.0,0.9085145228778313,-0.4178532777423992,2.0,0.0,0.0,0.0,0.0,0.0,0.0,0.0,-16.01229635841129,-59.05641724619828,0.0,0.0,0.0,-0.48939569436555963,0.8720618408899977,2.0,0.0,0.0,0.0,0.0,0.0,0.0,0.0,-21.659786451308683,-72.62247949389767,0.0,0.0,0.0,0.11665565544650033,0.9931724211094202,2.0,0.0,0.0,0.0,0.0,0.0,0.0
983,0.0,-10.60250945393542,-82.17728398615914,0.0,0.0,0.0,0.6752033929436249,0.7376316005686151,2.0,0.0,0.0,0.0,0.0,0.0,0.0,0.0,2.0399818171595836,-74.5300420126833,0.0,0.0,0.0,0.9806116829236654,0.19596103519224595,2.0,0.0,0.0,0.0,0.0,0.0,0.0,0.0,-1.3650340430016659,-60.23535571847316,0.0,0.0,0.0,0.9085145228778313,-0.4178532777423992,2.0,0.0,0.0,0.0,0.0,0.0,0.0,0.0,-16.01229635841129,-59.05641724619828,0.0,0.0,0.0,-0.48939569436555963,0.8720618408899977,2.0,0.0,0.0,0.0,0.0,0.0,0.0,0.0,-21.659786451308683,-72.62247949389767,0.0,0.0,0.0,0.11665565544650033,0.9931724211094202,2.0,0.0,0.0,0.0,0.0,0.0,0.0
984,0.0,-10.502864964437949,-82.18570552874758,0.0,0.0,0.0,0.6781485098578939,0.7349248931540678,2.0,0.0,0.0,0.0,0.0,0.0,0.0,0.0,2.0399818171595836,-74.5300420126833,0.0,0.0,0.0,0.9806116829236654,0.19596103519224595,2.0,0.0,0.0,0.0,0.0,0.0,0.0,0.0,-1.3650340430016659,-60.23535571847316,0.0,0.0,0.0,0.9085145228778313,-0.4178532777423992,2.0,0.0,0.0,0.0,0.0,0.0,0.0,0.0,-16.01229635841129,-59.05641724619828,0.0,0.0,0.0,-0.48939569436555963,0.8720618408899977,2.0,0.0,0.0,0.0,0.0,0.0,0.0,0.0,-21.659786451308683,-72.62247949389767,0.0,0.0,0.0,0.11665565544650033,0.9931724211094202,2.0,0.0,0.0,0.0,0.0,0.0,0.0
