time,dist,path_x,path_y,path_z,path_vx,path_vy,path_vz,left_edge_x,left_edge_y,left_edge_z,right_edge_x,right_edge_y,right_edge_z,e_min,e_max,yaw,yaw_rate,curvature,old_dist
0,0.0,-6.71861743927002,-86.1867370605469,0,5.02930578841466,-0.0045451933761758,0,-8.538473200950865,-82.34313652192742,-5.427209377288818,-6.381799345837005,-86.89810893550265,-5.605959415435791,-0.7870809186747595,4.252662706328701,0.442204825093952,-0.0032990248873829,-0.0006559600229012,2.81912245825463
0,0.0505101230077845,-6.6729474067688,-86.1651611328125,0,5.07465298432074,-0.0045854234807488,0,-8.492205678083183,-82.32244351684976,-5.436702728271484,-6.336032175930961,-86.87680835357315,-5.614465236663818,-0.7873713479590659,4.251609028800293,0.442166678121296,-0.003333720145747,-0.000656935320521,2.86963258126242
0,0.101469677908284,-6.62686681747437,-86.1434020996094,0,5.12000018233254,-0.0046233221199945,0,-8.445527872930661,-82.30156701430178,-5.446177959442139,-6.289857562003747,-86.85531814237945,-5.623044490814209,-0.78765455005746,4.250555829222105,0.442128531148639,-0.0033669909462332,-0.0006576151276591,2.92059213616292
0,0.15287909778128,-6.58037519454956,-86.1214599609375,0,5.16534738203366,-0.0046593463458631,0,-8.398439391915595,-82.28050683825711,-5.455653190612793,-6.2432751125502435,-86.8336381197104,-5.631667137145996,-0.7879303237705122,4.249503302313394,0.442090384175983,-0.0033991474192589,-0.0006580672673017,2.97200155603591
0,0.204751411873393,-6.53347253799439,-86.0993041992188,0,5.21069172207934,-0.0046938463118427,0,-8.350928314580056,-82.25925765732818,-5.465214729309082,-6.196272990395366,-86.81176277640482,-5.64025354385376,-0.7882263374861969,4.248423583369576,0.442052237203327,-0.003430429380387,-0.000658344068605,3.02387387012803
0,0.257076416095475,-6.486159324646,-86.0769577026367,0,5.25602938752427,-0.0047270901297351,0,-8.303003976870054,-82.23782364698764,-5.474854469299316,-6.148860464993672,-86.78969642657641,-5.6488938331604,-0.7885220411161402,4.247337376234623,0.442014090230671,-0.0034610198345035,-0.0006584853659652,3.07619887435011
0,0.309851284340277,-6.43843507766724,-86.0544281005859,0,5.30136705389173,-0.0047592944296087,0,-8.254668965527266,-82.21620596414766,-5.484582424163818,-6.101040104159616,-86.76744026531638,-5.65758752822876,-0.7888103163637402,4.24625184180774,0.441975943258015,-0.0034910594113171,-0.0006585203342864,3.12897374259491
0,0.363078843401865,-6.39030027389526,-86.0317077636719,0,5.34670472103006,-0.0047906232577629,0,-8.205920694667626,-82.19440345227966,-5.494372367858887,-6.052809339522028,-86.74499309727445,-5.666354656219482,-0.7890982815319058,4.245159819200584,0.441937796285358,-0.0035206587053835,-0.0006584723630482,3.1822013016565
0,0.416766038917508,-6.34175443649292,-86.0087814331055,0,5.39204238882256,-0.004821202447347,0,-8.156752813154556,-82.17241327085763,-5.504177093505859,-6.0041618639703485,-86.72235198704676,-5.675202369689941,-0.7893995695935323,4.244047570844775,0.441899649312702,-0.0035499033983796,-0.0006583594347685,3.23588849717214
0,0.470902667612816,-6.29279804229736,-85.9856719970703,0,5.43737099727617,-0.0048511213719895,0,-8.107174653321715,-82.15023959373868,-5.513957500457764,-5.955106943398599,-86.69952124708998,-5.684060096740723,-0.7896936304853349,4.242935800499274,0.441861502340046,-0.0035788603127002,-0.0006581965604571,3.29002512586745
0,0.525489162461445,-6.24343061447144,-85.9623794555664,0,5.48269912938507,-0.0048804640384481,0,-8.057185821544014,-82.12788224487518,-5.523815631866455,-5.905644186253059,-86.67650069517033,-5.692949295043945,-0.7899802630078679,4.2418247028822,0.44182335536739,-0.0036075795069336,-0.0006579930783202,3.34461162071608
0,0.580528348698899,-6.1936526298523,-85.9388961791992,0,5.52802726193233,-0.0049092882295802,0,-8.006783733516379,-82.1053400669555,-5.533764362335205,-5.855771025147254,-86.65328913639581,-5.701144695281982,-0.7902665854571939,4.24070711848804,0.441785208394733,-0.0036361021921038,-0.0006577573854052,3.39965080695353
0,0.636027169108959,-6.14346361160278,-85.9152069091797,0,5.57335539487289,-0.0049376418287956,0,-7.955962043489995,-82.08261021296398,-5.543786525726318,-5.805481154856707,-86.62988363624044,-5.708200454711914,-0.790566230793065,4.239569317918654,0.441747061422077,-0.0036644586361944,-0.000657495698458,3.45514962736359
0,0.691975424720352,-6.09286403656006,-85.8913345336914,0,5.61868019031463,-0.0049655568781772,0,-7.90473007689555,-82.05969686396308,-5.553896427154541,-5.754783838432504,-86.60628850583765,-5.715317249298096,-0.7908586489719039,4.238431995467439,0.441708914449421,-0.0036926742177456,-0.0006572135538286,3.51109788297499
0,0.748373548459301,-6.04185342788696,-85.8672790527344,0,5.66399878720987,-0.0049930576596496,0,-7.853087440080801,-82.03659984389299,-5.563998699188232,-5.703678684293049,-86.58250356294079,-5.722853660583496,-0.791143638794352,4.2372953458518445,0.441670767476764,-0.0037207682617008,-0.0006569151858517,3.56749600671393
0,0.805227618371833,-5.99043226242065,-85.8430252075195,0,5.70931738441711,-0.0050201725077534,0,-7.80102857172948,-82.01331666547104,-5.574074745178223,-5.652160169567073,-86.55852623714023,-5.732404708862305,-0.7914352356269316,4.236145242118327,0.441632620504108,-0.0037487547378987,-0.0006566027138269,3.62435007662647
0,0.862541321625127,-5.93860006332397,-85.8185653686524,0,5.75463598192155,-0.0050469161075169,0,-7.748550102446582,-81.98984582174508,-5.584235668182373,-5.600224947864187,-86.53435497098636,-5.7420334815979,-0.7917401553362218,4.234974912911546,0.441594473531452,-0.0037766466848552,-0.0006562787367087,3.68166377987976
0,0.920304892076727,-5.88635683059692,-85.7939224243164,0,5.79995219552577,-0.0050732986215115,0,-7.695660965172946,-81.96619130794707,-5.594472408294678,-5.54788188853987,-86.50999389238204,-5.752546310424805,-0.7920376466925028,4.233805256576634,0.441556326558796,-0.0038044534157961,-0.0006559453995658,3.73942735033136
0,0.978517468771198,-5.83370351791382,-85.7690963745117,0,5.84526125685036,-0.0050993249184161,0,-7.642361947097815,-81.94235347614514,-5.604784965515137,-5.4951317725425035,-86.4854433647899,-5.7636399269104,-0.7923281121129117,4.232635883661294,0.441518179586139,-0.0038321826141327,-0.0006556047689719,3.79763992702583
0,1.03718599136186,-5.7806396484375,-85.7440719604492,0,5.89057031844066,-0.0051250099883349,0,-7.588646701640991,-81.91832948784963,-5.615187644958496,-5.441968297251261,-86.46070045489571,-5.774821758270264,-0.792625184539947,4.231453056703555,0.441480032613483,-0.0038598394021391,-0.0006552570859189,3.8563084496165
0,1.09631089143337,-5.72716474533081,-85.7188491821289,0,5.93587938029103,-0.0051503584260065,0,-7.534514836565325,-81.8941191676336,-5.625524997711182,-5.388391072478168,-86.43576498110134,-5.784318923950195,-0.792928662765041,4.230256970453053,0.441441885640827,-0.0038874277379363,-0.0006549031787155,3.915433349688
0,1.15588522919492,-5.67327928543091,-85.6934432983399,0,5.98118796555927,-0.0051753739493575,0,-7.4799726988503465,-81.86972535416531,-5.635910511016846,-5.3344063998366185,-86.4106398762522,-5.793869495391846,-0.7932249138549051,4.229061362370605,0.441403738668171,-0.0039149518124759,-0.0006545439416809,3.97500768744955
0,1.21590943748557,-5.61898279190064,-85.667854309082,0,6.0264874911765,-0.0052000510417895,0,-7.425019894789466,-81.84514787136064,-5.646389007568359,-5.2800138876892655,-86.38532495807561,-5.80346155166626,-0.7935137366105101,4.227866427171917,0.441365591695515,-0.0039424151182174,-0.0006541810061585,4.0350318957402
0,1.27638959089507,-5.56427574157715,-85.6420669555664,0,6.07178701704198,-0.0052243995879266,0,-7.369650867002906,-81.82038423369752,-5.656965255737305,-5.225208017048315,-86.35981765796942,-5.812914848327637,-0.7938091663726082,4.2266580379937535,0.441327444722858,-0.0039698178879916,-0.0006538135160726,4.0955120491497
0,1.33732568974026,-5.50915813446045,-85.616081237793,0,6.11708654315317,-0.0052484206803557,0,-7.313865616896673,-81.79543444180479,-5.667622089385986,-5.1699887885992055,-86.33411797625261,-5.822402000427246,-0.7941112031382433,4.225436194862758,0.441289297750202,-0.0039971629157662,-0.0006534420293562,4.1564481479949
0,1.39871122791569,-5.45362997055054,-85.5899124145508,0,6.16238606950838,-0.0052721144410405,0,-7.25767009587957,-81.77030115743285,-5.678390979766846,-5.11436211118193,-86.30822866296921,-5.830080509185791,-0.7944060127809136,4.224214829918015,0.441251150777546,-0.004024451598525,-0.0006530668608418,4.21783368617033
0,1.46054620685713,-5.39769124984741,-85.5635604858398,0,6.20767701304013,-0.0052954737439698,0,-7.201064303901839,-81.74498438055943,-5.68911600112915,-5.058327984046585,-86.2821497177702,-5.837810039520264,-0.7946935953065912,4.222993943153105,0.44121300380489,-0.0040516848675906,-0.0006526891436004,4.27966866511177
0,1.52283756155561,-5.34134149551392,-85.5370101928711,0,6.25296700313799,-0.0053185057762229,0,-7.144041898190842,-81.71948127439781,-5.699923992156982,-5.0018801083235545,-86.25587820908717,-5.845600605010986,-0.7949875836336353,4.221759797192559,0.441174856832233,-0.0040788631886243,-0.0006523082100315,4.34196001981025
0,1.58558486096065,-5.28458118438721,-85.5102615356445,0,6.29825699347528,-0.0053412102390891,0,-7.086603273829636,-81.69379201564773,-5.710807800292969,-4.945018875606487,-86.22941431917245,-5.855114459991455,-0.7952881789643848,4.220512197340844,0.441136709859577,-0.0041059870272874,-0.0006519241045684,4.40470731921528
0,1.64878160122938,-5.22741031646729,-85.4833297729492,0,6.34354603037733,-0.0053635852432454,0,-7.0287543802860535,-81.66791926519151,-5.721772193908691,-4.887750192821613,-86.20276079717934,-5.865649223327637,-0.7955815471840796,4.219265075693028,0.441098562886921,-0.0041330563835799,-0.0006515369930989,4.46790405948401
0,1.71242778373508,-5.16982889175415,-85.4562149047852,0,6.38882648445157,-0.005385623313239,0,-6.970495217510335,-81.64186302300688,-5.732897758483887,-4.830074059219033,-86.1759176427588,-5.87810754776001,-0.795867688298545,4.218018432242574,0.441060415914265,-0.0041600726544857,-0.0006511479356218,4.53155024198971
0,1.7765299099429,-5.1118369102478,-85.4289016723633,0,6.43410693876362,-0.0054073299596172,0,-6.911819838361425,-81.61562062925218,-5.74346399307251,-4.771984568765016,-86.14888210717297,-5.890661716461182,-0.7961604364197288,4.216758334935868,0.441022268941608,-0.0041870358400046,-0.0006507561035593,4.59565236819754
0,1.84108841154359,-5.05343389511108,-85.4013900756836,0,6.47938739331045,-0.0054287068189869,0,-6.852727850520795,-81.58919190846409,-5.753688812255859,-4.713481331188113,-86.12165400878484,-5.903300762176514,-0.796459590339825,4.215484978519755,0.440984121968952,-0.0042139450088143,-0.0006503614113446,4.66021086979822
0,1.90609592404393,-4.99462080001831,-85.3736953735352,0,6.52466498707176,-0.0054497475469192,0,-6.793225988957602,-81.5625798728381,-5.763984203338623,-4.654571033407664,-86.09423645976577,-5.915769100189209,-0.7967517183654403,4.214211905603828,0.440945974996296,-0.0042408001609146,-0.00064996420353,4.72521838229857
0,1.97155288013153,-4.93539714813232,-85.345817565918,0,6.56989585090575,-0.0054705798949038,0,-6.733313859904232,-81.5357843462628,-5.77435302734375,-4.595253283723721,-86.06662927781395,-5.925602912902832,-0.7970366192974961,4.212939310902172,0.440907828023639,-0.004267496522516,-0.0006495529213759,4.79067533838616
0,2.03746491643471,-4.87576389312744,-85.317741394043,0,6.61484919498855,-0.0054918776215523,0,-6.672986305650595,-81.50880302196724,-5.785158634185791,-4.535522959972139,-86.03883007901364,-5.9336838722229,-0.7973285296457627,4.21165287296409,0.440869681050983,-0.0042934888042509,-0.0006490680585395,4.85658737468934
0,2.10382771937897,-4.81572580337524,-85.2894668579102,0,6.65897522472467,-0.0055150530481664,0,-6.612247265160506,-81.4816376616416,-5.797099590301514,-4.475383972728127,-86.01084068339277,-5.941816329956055,-0.7976294614541197,4.210350644615082,0.440831534078327,-0.00431764498353,-0.0006483945888073,4.9229501776336
0,2.17062291045055,-4.7552924156189,-85.2610168457031,0,6.70135459623098,-0.0055419736079658,0,-6.551113531523606,-81.4542957759467,-5.809704303741455,-4.41485299638239,-85.9826688514099,-5.950004577636719,-0.7979226876776604,4.209049629459895,0.440793387105671,-0.0043384796008467,-0.000647403156327,4.98974536870519
0,2.23782610142779,-4.69448709487915,-85.2323989868164,0,6.74105270763445,-0.0055735378481058,0,-6.489607370959236,-81.42678732338479,-5.8223876953125,-4.353952140039848,-85.95432487290383,-5.96246337890625,-0.7982111503045489,4.207747252205225,0.440755240133015,-0.0043552839197218,-0.0006460834264266,5.05694855968243
0,2.30541313208657,-4.63333654403687,-85.20361328125,0,6.77748734115616,-0.005609036889444,0,-6.4277508348452335,-81.39912216637089,-5.835136413574219,-4.292703299523987,-85.92581893844965,-5.976288795471191,-0.7985061167947018,4.206432608547461,0.440717093160358,-0.004368545487523,-0.0006445668979632,5.12453559034121
0,2.37334793744738,-4.57186985015869,-85.1746826171875,0,6.81039623748166,-0.0056469893828515,0,-6.365576859058855,-81.37131503538089,-5.847451210021973,-4.230752324000815,-85.89798655374871,-5.990224361419678,-0.7997060405530328,4.20511471854396,0.440678946187702,-0.0043792440555989,-0.0006430231659761,5.19247039570201
0,2.44159425041346,-4.51011991500855,-85.145622253418,0,6.83973266781675,-0.0056858454959175,0,-6.303118557386323,-81.34338074046,-5.859152793884277,-4.1678315821068495,-85.87148053239255,-6.004284381866455,-0.8025157593446561,4.203794078499755,0.440640799215046,-0.0043883239850401,-0.000641592688177,5.2607167086681
0,2.51010778783096,-4.44811773300171,-85.1164703369141,0,6.86554527058195,-0.005724360726196,0,-6.24041638100528,-81.31533737328053,-5.869938850402832,-4.104664577257842,-85.84487077018798,-6.017543792724609,-0.8053119031679539,4.202492861487953,0.44060265224239,-0.0043964432552456,-0.0006403630817062,5.3292302460856
0,2.57888108192488,-4.38589668273926,-85.0871734619141,0,6.88789746584263,-0.0057616744219824,0,-6.177477099390707,-81.28718796147058,-5.880764007568359,-4.041258148741821,-85.81816014825672,-6.029225826263428,-0.8081567018382418,4.201148675411287,0.440564505269733,-0.0044039604254066,-0.0006393763708705,5.39800354017951
0,2.64784797126277,-4.32348680496216,-85.0578231811523,0,6.90684218297949,-0.0057972496186944,0,-6.114018423850995,-81.25968659311557,-5.891640663146973,-3.977673374069208,-85.79137439613957,-6.041530609130859,-0.8109773819258208,4.199029056772998,0.440526358297077,-0.0044110054150223,-0.0006386426306514,5.4669704295174
0,2.71700119474924,-4.26091766357422,-85.0283737182617,0,6.92241613871871,-0.0058307763409685,0,-6.047475595608098,-81.23829140983156,-5.903327465057373,-3.9139169135979825,-85.76451631958206,-6.053864479064941,-0.8138276537220683,4.190049301522398,0.440488211324421,-0.0044175717048347,-0.0006381543740266,5.53612365300387
0,2.7862696332585,-4.19822120666504,-84.9989242553711,0,6.93464508240825,-0.0058620904274997,0,-5.980822864419725,-81.21686089000228,-5.915627479553223,-3.850054429337852,-85.7376135793933,-6.066220760345459,-0.8166284481076935,4.181108940208881,0.440450064351765,-0.0044235726818442,-0.0006378943765338,5.60539209151313
0,2.85566916447035,-4.13542652130127,-84.9693756103516,0,6.94354713392329,-0.0058911189836257,0,-5.914044893422475,-81.19539010244263,-5.929118633270264,-3.786071184837227,-85.71065996768878,-6.078341960906982,-0.8194825498744309,4.172103777179332,0.440411917379108,-0.0044288872741162,-0.0006378419552228,5.67479162272499
0,2.92515227264417,-4.07256460189819,-84.9397735595703,0,6.94913564472607,-0.0059178365649358,0,-5.847187339131569,-81.17389372686398,-5.942624568939209,-3.7220110450022146,-85.68367396301949,-6.0900559425354,-0.8223597792355154,4.163068192318,0.440373770406452,-0.0044333850964903,-0.0006379762484973,5.7442747308988
0,2.99466903169608,-4.00966548919678,-84.9101715087891,0,6.95141919789013,-0.005942235951228,0,-5.780298146752369,-81.15238717884878,-5.955891132354736,-3.6579200742778792,-85.65667497051524,-6.101767539978027,-0.825222548943964,4.154044183485221,0.440335623433796,-0.0044369311071932,-0.0006382767834598,5.81379148995071
0,3.06419290966553,-3.94675850868225,-84.8805694580078,0,6.95040494598936,-0.0059642953585643,0,-5.713402782558246,-81.13087864644075,-5.967568397521973,-3.5938227401516762,-85.62967329736134,-6.113442420959473,-0.8280822536695721,4.145022698703736,0.44029747646114,-0.004439381416887,-0.000638722465362,5.88331536792016
0,3.13369866707158,-3.88387155532837,-84.8509674072266,0,6.94662074834167,-0.0059835588528222,0,-5.646525471813311,-81.10937591866808,-5.979687213897705,-3.529742318084981,-85.60267874858957,-6.125114440917969,-0.8309497321765555,4.135995127723595,0.440259329488483,-0.0044409446418285,-0.0006392954438199,5.95282112532621
0,3.20316861787169,-3.82102417945862,-84.8213653564453,0,6.94176271629371,-0.0059989419367971,0,-5.579683193991681,-81.08788445485631,-5.991926193237305,-3.465695122108729,-85.57569819665632,-6.136322975158691,-0.833832580808634,4.126955436145166,0.440221182515827,-0.0044425227679312,-0.0006399701762559,6.02229107612632
0,3.27254066010465,-3.75822043418884,-84.7919006347656,0,6.93677737188218,-0.0060105629787226,0,-5.515744291468149,-81.06046034738931,-6.003776550292969,-3.4017385093255594,-85.54875580384163,-6.147233963012695,-0.8366057074341176,4.12462564691158,0.440183035543171,-0.004444277845323,-0.0006406831210978,6.09166311835929
0,3.34186650616235,-3.69546055793762,-84.762451171875,0,6.9317801090653,-0.0060192311670334,0,-5.453400994622439,-81.02975706120434,-6.014890193939209,-3.3378246946920442,-85.52183144019561,-6.158139705657959,-0.8393817978691775,4.125937457447346,0.440144888570514,-0.0044459123164415,-0.0006413807954521,6.16098896441698
0,3.41115242480739,-3.63274478912354,-84.7330017089844,0,6.92678284820482,-0.0060256227398004,0,-5.391093411860801,-80.99907136375462,-6.025444030761719,-3.2739478814163228,-85.49492266375901,-6.1690354347229,-0.8421750188083911,4.127229785474732,0.440106741597858,-0.0044472320005297,-0.0006420340315717,6.23027488306203
0,3.48039863689533,-3.570072889328,-84.7035522460937,0,6.92178558886654,-0.0060302482244789,0,-5.328821351645752,-80.9684031607104,-6.036679744720459,-3.210107872351876,-85.46802939148178,-6.179862976074219,-0.8449852775447253,4.1285027363130995,0.440068594625202,-0.0044481446966528,-0.0006426294128161,6.29952109514997
0,3.54960493169742,-3.5074450969696,-84.6741027832031,0,6.91678833072351,-0.0060334902687495,0,-5.266585009509003,-80.93775254836855,-6.047985553741455,-3.1463048682550845,-85.44115170793464,-6.186530590057373,-0.8478126666474055,4.129756204576404,0.440030447652546,-0.0044486257247626,-0.0006431632456527,6.36872738995205
0,3.61877131430393,-3.44486141204834,-84.6446533203125,0,6.9117910735272,-0.0060356386966487,0,-5.204384387451218,-80.90711952771437,-6.059287071228027,-3.0825388709340547,-85.41428961387928,-6.195407390594482,-0.8506571860477746,4.130990190230854,0.439992300679889,-0.00444868626073,-0.0006436370135099,6.43789377255856
0,3.68786510552026,-3.38232207298279,-84.6152801513672,0,6.90679381708643,-0.0060369157659269,0,-5.142248835654545,-80.87651855334184,-6.06792688369751,-3.0188400515375204,-85.38745581922802,-6.20427942276001,-0.8534485584674949,4.132273042386895,0.439954153707233,-0.0044483593665063,-0.000644055372884,6.50698756377489
0,3.75688677357574,-3.31982660293579,-84.5859832763672,0,6.90179656125233,-0.0060374940859247,0,-5.080177961996414,-80.84594943213554,-6.075886249542236,-2.955208006520195,-85.3606501539832,-6.213141918182373,-0.8561865988950074,4.133604971855056,0.439916006734577,-0.004447681363672,-0.0006444234660442,6.57600923183037
0,3.82586850722019,-3.25737524032593,-84.5566864013672,0,6.89679930590981,-0.0060375068311731,0,-5.018142805047346,-80.81539790095728,-6.085488319396973,-2.8916129637992487,-85.33386007634317,0.35767698287963867,-0.8589417698573254,4.134917418797444,0.439877859761921,-0.0044466969557106,-0.0006447476654954,6.64499096547482
0,3.89481031154064,-3.1949679851532,-84.5273895263672,0,6.89180205096646,-0.0060370607194514,0,-4.956143366808043,-80.78486396079238,-6.096235275268555,-2.8280549251828333,-85.30708558706964,0.36335325241088867,-0.8617140712856629,4.136210383180265,0.439839712789265,-0.004445448052138,-0.0006450339568211,6.71393276979528
0,3.96371219163297,-3.1326048374176,-84.4980926513672,0,6.88680479634806,-0.0060362413175647,0,-4.894179649279212,-80.75434761262618,-6.106432914733887,-2.764533892479096,-85.2803266869243,0.36812376976013184,-0.8645035031113887,4.137483864969544,0.439801565816608,-0.0044439723715186,-0.0006452877344301,6.78283464988761
0,4.03257415260191,-3.07028579711914,-84.4687957763672,0,6.88180754199547,-0.0060351167221385,0,-4.832251654461592,-80.723848857444,-6.110659122467041,-2.701049867496182,-85.25358337666886,0.37104856967926025,-0.8673100652660274,4.138737864131156,0.439763418843952,-0.0044423043727874,-0.0006455139347412,6.85169661085654
0,4.1013921005743,-3.00801539421082,-84.4394989013672,0,6.87680225740845,-0.0039609426105821,0,-4.769548998766755,-80.69509991917525,-6.115075588226318,-2.637606632737539,-85.22685724972251,0.3739709258079529,-0.8701355177792564,4.138058044278736,0.439725271871296,-0.002891386160627,-0.0004204549691521,6.92051455882893
0,4.17016280623454,-2.94579720497131,-84.4102020263672,0,6.87180244286259,-0.0022366398091654,0,-4.706511873532883,-80.66734921528484,-6.120924949645996,-2.5741925851600067,-85.20014341818181,0.3768981993198395,-0.8729818989916706,4.136310349757982,0.439705244710651,-0.0016106097027659,-0.0002343794995338,6.98928526448918
0,4.23888670811549,-2.88363075256348,-84.3809051513672,0,6.86680550624087,-0.0008050859197838,0,-4.643550162737387,-80.6396317109374,-6.129431247711182,-2.5108148893275994,-85.17344490019438,0.3911474645137787,-0.8758486863330712,4.134542693741638,0.439693800618854,-0.0005529448972083,-8.05243272006819e-05,7.05800916637012
0,4.30751312309788,-2.82151460647583,-84.3517303466797,0,6.86180828937941,0.0003821049062319,0,-4.580721036627311,-80.61197257407312,-1.4318981170654297,-2.4475178906020654,-85.1467803767082,0.4220519959926605,-0.8786228392960581,4.132867704349808,0.439693800618854,0.0003203926025889,4.66921529399366e-05,7.12663558135251
0,4.37608103058493,-2.75944876670837,-84.3225860595703,0,6.85681091059049,0.0013657187237228,0,-4.517952693180138,-80.58434019543542,-1.4338635206222534,-2.384273308888896,-85.12013793443731,0.45292723178863525,-0.8813884599051297,4.131200576120479,0.439695707967487,0.0010414158459752,0.0001518804935556,7.19520348883957
0,4.44460470014351,-2.69743180274963,-84.2934417724609,0,6.8518134463827,0.002180003079555,0,-4.455289734106684,-80.55675420994365,-1.436525821685791,-2.321055510477153,-85.0935067749126,0.4534582495689392,-0.8841736942099219,4.129515522032335,0.439714781453815,0.001636566244997,0.0002388515354321,7.26372715839815
0,4.51308003888345,-2.63546824455261,-84.2642974853516,0,6.84680524726477,0.0049033303266846,0,-4.392699791279011,-80.52920036824347,-1.4391833543777466,-2.257875944703989,-85.0668917212872,0.453155517578125,-0.8869799617026428,4.127809731932905,0.439741484334675,0.0036592048127204,0.0005344396024461,7.33220249713808
0,4.5815036029769,-2.57356190681458,-84.2351531982422,0,6.8417964572809,0.0071686701141142,0,-4.330225615498795,-80.50169749043229,-1.4418346881866455,-2.194729124846987,-85.04029046222189,0.4528552293777466,-0.889809131523162,4.126082755785029,0.439786307027546,0.0053318650461733,0.0007793073285231,7.40062606123153
0,4.64987691082285,-2.51171112060547,-84.2060089111328,0,6.8367874326162,0.0090501867987569,0,-4.267844129579412,-80.47423541728777,-1.4444811344146729,-2.1316182246098316,-85.01370433467254,0.45255246758461,-0.8926603535462929,4.124334680232945,0.43984352748653,0.0067145335488021,0.0009821173660899,7.46899936907749
0,4.71820061754018,-2.44991517066956,-84.1768646240234,0,6.83177934599054,0.0106108821326914,0,-4.2055798745604,-80.44682495246121,-1.447078824043274,-2.0685370316704343,-84.98713072163342,0.45225217938423157,-0.8955336028550887,4.122566494784023,0.439919821431843,0.0078569576144218,0.0011500588265183,7.53732307579482
0,4.78647624037449,-2.38817238807678,-84.1477203369141,0,6.82677947732776,0.0119040049711557,0,-4.143373804329562,-80.4194401022042,-1.4493285417556763,-2.0054966414967974,-84.96057429718662,0.45195066928863525,-0.8984276753035083,4.120777295625702,0.439999930074421,0.0088004041463136,0.0012890984389441,7.60559869862912
0,4.85470529587764,-2.32648110389709,-84.1185760498047,0,6.82239300343379,0.0129733029490454,0,-4.081267669415254,-80.39209924626587,-1.4520153999328613,-1.9424861121020476,-84.9340304519056,0.45164915919303894,-0.9013423520668529,4.118968955677623,0.440095297506061,0.0095799472182989,0.0014041891009518,7.67382775413228
0,4.92289641287265,-2.26483178138733,-84.0894317626953,0,6.81902479080504,0.013855865369569,0,-4.019195973811715,-80.36477355147444,-1.4548265933990479,-1.879718615490948,-84.90705841159708,0.45136839151382446,-0.9037839827863113,4.1171437320156565,0.440190664937702,0.0102244839072227,0.0014994024972167,7.74201887112728
0,4.99105843250347,-2.20321464538574,-84.0602874755859,0,6.81671823749512,0.0145834441411227,0,-3.9571865488480586,-80.33747526995865,-1.4576330184936523,-1.8173333597473704,-84.87932200929872,0.45112302899360657,-0.9053849645427646,4.115306568957221,0.440295569112507,0.0107575627043843,0.0015781110076196,7.8101808907581
0,5.05920040889957,-2.14161968231201,-84.0311431884766,0,6.81547667266022,0.0151826742259806,0,-3.8952310499420117,-80.31020072820017,-1.460443139076233,-1.7549582231752245,-84.85159010597062,0.45087766647338867,-0.9069951644894315,4.113461513296216,0.440410010030476,0.0111986817792058,0.0016431211682192,7.87832286715421
0,5.12733074789401,-2.08003759384155,-84.0019989013672,0,6.81529864934348,0.0156757559871579,0,-3.8332858263149996,-80.28293070990665,-1.4632482528686523,-1.692593393502484,-84.82386278507639,0.45063352584838867,-0.9086106161177748,4.111611311566905,0.440524450948444,0.0115640107542276,0.0016967679276143,7.94645320614865
0,5.19545893186292,-2.01845788955688,-83.9728546142578,0,6.81618700854717,0.0160811815758824,0,-3.7713421893069485,-80.25566139008713,-1.4660570621490479,-1.6302301968469748,-84.79613619021944,0.4503869414329529,-0.9102270566758303,4.109760191803244,0.440638891866413,0.011866963468492,0.0017409924973084,8.01458139011755
0,5.26364674661705,-1.95687007904053,-83.9435882568359,0,6.81813743782063,0.0164142915729209,0,-3.70934377230502,-80.22836795458366,-1.4680627584457397,-1.5678123626442442,-84.7683853035812,0.450141578912735,-0.9119517942343588,4.107800620752091,0.440753332784382,0.0121186580508947,0.0017774095994625,8.08276920487168
0,5.33186338248331,-1.8952648639679,-83.9142913818359,0,6.82115230103531,0.0166878243912643,0,-3.6473186107018325,-80.20106274535942,-1.4698961973190308,-1.5053678785506988,-84.74062256843668,0.4498962163925171,-0.9136973728683248,4.10582016632406,0.440867773702351,0.0123282996937633,0.0018073577975878,8.15098584073795
0,5.40010467252621,-1.83363234996796,-83.8849945068359,0,6.82522871832988,0.0169123253282486,0,-3.5853134303930854,-80.17376633245931,-1.47174072265625,-1.4428908899885284,-84.71284538184835,0.4496496617794037,-0.915432116437779,4.103851991703149,0.440993658712116,0.0125035168603063,0.0018319501060478,8.21922713078084
0,5.46837934042485,-1.77196288108826,-83.8556976318359,0,6.83036714955198,0.0170965351015599,0,-3.523305853287465,-80.14646886442223,-1.4736034870147705,-1.3803765633893383,-84.68505159481809,0.4494042992591858,-0.9171520267236372,4.101899591077362,0.441127173116413,0.0126506183296442,0.0018521081552631,8.28750179867948
0,5.53669578966748,-1.71024715900421,-83.8264007568359,0,6.83656519557501,0.0172476599344972,0,-3.461259507542993,-80.11915432934708,-1.4754687547683716,-1.3178235910268419,-84.6572406259325,0.4491589367389679,-0.9188531682399291,4.099965892402504,0.44126068752071,0.0127748185768723,0.001868595933347,8.35581824792211
0,5.60509547884839,-1.64847552776337,-83.7970275878906,0,6.84382332019988,0.0173716782092616,0,-3.399136565864467,-80.09180607460155,-1.4773375988006592,-1.2551942101975473,-84.6293956859435,0.4489111304283142,-0.9206013498808966,4.097984935656204,0.441394201925007,0.0128804417327046,0.0018820474515686,8.42421793710302
0,5.67358758561815,-1.58663785457611,-83.767578125,0,6.85214055856788,0.017473518622951,0,-3.3369286233477897,-80.06442040011198,-1.479119896888733,-1.1924800304360272,-84.60151304446126,0.4486657679080963,-0.9223924545591735,4.095960804334575,0.441527716329304,0.0129710594192147,0.001892987619517,8.49271004387278
0,5.74214750523347,-1.52472507953644,-83.7381286621094,0,6.8615159475076,0.0175572368911352,0,-3.2746580230188957,-80.03700714190273,-1.4793591499328613,-1.129703356718676,-84.5736026182488,0.4484191834926605,-0.9241530678870935,4.093967002068055,0.441661230733601,0.013049615547061,0.0019018498136929,8.5612699634881
0,5.81080067383098,-1.46272718906403,-83.7086410522461,0,6.87194804846454,0.0176261804152818,0,-3.2123015548758076,-80.00955608228237,-1.4783532619476318,-1.0668410187581576,-84.54565410582697,0.44817015528678894,-0.9259139872062804,4.091972638779148,0.441794745137897,0.0131185548380017,0.0019089945954957,8.62992313208562
0,5.87958850170037,-1.40063464641571,-83.6790390014648,0,6.88343685467316,0.0176831090057263,0,-3.1498214509661864,-79.982050594743,-1.4773473739624023,-1.0038553132350987,-84.51765074434981,0.44792357087135315,-0.9277410708510644,4.0899117052387455,0.441928259542194,0.0131798973307014,0.0019147199457562,8.698710959955
0,5.948470607402,-1.33843767642975,-83.6494369506836,0,6.89597997630986,0.0177302812809743,0,-3.0872544225237686,-79.95450684059547,-1.4763379096984863,-0.9407828888016405,-84.48960882775962,0.44767332077026367,-0.9295257463637134,4.087892920546562,0.442061773946491,0.013235311023891,0.0019192728695652,8.76759306565663
0,6.01750142767557,-1.27612686157227,-83.6197280883789,0,6.90957788550222,0.017769560863189,0,-3.0245508429497536,-79.92690297282434,-1.4753246307373047,-0.8775742038030865,-84.46150632990218,0.44742551445961,-0.9313618141822716,4.085822285994156,0.442195288350788,0.0132861714810133,0.0019228566151832,8.83662388593021
0,6.08666288999352,-1.21369314193726,-83.589973449707,0,6.92422867101439,0.017802465036436,0,-2.9617271168983055,-79.89924621321676,-1.474312663078308,-0.8142456350197451,-84.43335053187238,0.4471777379512787,-0.9331898057225015,4.083759335684346,0.442328802755085,0.0133336279541254,0.0019256417600553,8.90578534824815
0,6.15598034129997,-1.15112662315369,-83.5601348876953,0,6.93993137597288,0.0178302305315633,0,-2.8987601058183743,-79.871526375536,-1.4709850549697876,-0.7507740836336692,-84.40513116396627,0.4469274878501892,-0.9350405674685701,4.081673130678727,0.442462317159382,0.0133786238729954,0.0019277683009967,8.9751027995546
0,6.22545593130335,-1.0884176492691,-83.5302276611328,0,6.95668409036701,0.0178538756033424,0,-2.8356477954678008,-79.84374257353711,-1.4669530391693115,-0.6871575392255225,-84.37684733235407,0.44667723774909973,-0.9368962288380747,4.07958153305592,0.442595831563679,0.0134219443425536,0.0019293531179537,9.04457838955798
0,6.29511060810725,-1.02556121349335,-83.5002136230469,0,6.9744688596783,0.0199240533702837,0,-2.7724031120331523,-79.81590052249302,-1.4613085985183716,-0.6233695623927886,-84.34848728211236,0.44642698764801025,-0.9387898193308725,4.077452592171622,0.442737929036823,0.0150036532431841,0.0021512164330303,9.11423306636188
0,6.36493903586322,-0.962552309036255,-83.4701156616211,0,6.99329985103589,0.0216424013775887,0,-2.7090415151402287,-79.78800700292547,-1.4556530714035034,-0.5594124644994578,-84.32005204087048,0.446174293756485,-0.9406984548858937,4.07530964731258,0.442891470601765,0.0163277182728052,0.0023347547556665,9.18406149411785
0,6.43495997137875,-0.899384737014771,-83.4399032592773,0,7.01315115604706,0.0250774371405103,0,-2.645592060953776,-79.76007480615822,-1.4499865770339966,-0.4952584199331888,-84.29152923739797,0.4459204077720642,-0.942647806324241,4.0731287068496895,0.443068854024616,0.0189483072608709,0.0027018077469662,9.25408242963338
0,6.50519529151863,-0.836052536964417,-83.409538269043,0,7.03404934364907,0.0279375564608269,0,-2.582031123025123,-79.73209353117801,-1.4443151950836182,-0.4308882286081646,-84.26291033536202,0.44566893577575684,-0.9446703130401649,4.070877181030329,0.443269125631061,0.0211496595293283,0.0030067307864062,9.32431774977327
0,6.57564167792873,-0.772544801235199,-83.3790512084961,0,7.0559956588243,0.0303174728615216,0,-2.51835083181319,-79.70405971359621,-1.437620759010315,-0.3663071630824127,-84.23419767893499,0.4454137980937958,-0.9467335974581531,4.068587123804647,0.443489424398151,0.0230015069246292,0.0032598226696001,9.39476413618337
0,6.64631222951419,-0.708850681781769,-83.3484344482422,0,7.07898783348807,0.0322969024111633,0,-2.454528416113583,-79.67596332890164,-1.4305212497711182,-0.30150561745424026,-84.20538699734564,0.445159912109375,-0.9488401724457507,4.066255633200197,0.443726889302936,0.024562481790781,0.0034697370212708,9.46543468776883
0,6.71721652483906,-0.644959568977356,-83.3176879882813,0,7.10302301509554,0.0339427298728897,0,-2.3905372230568016,-79.64779264376729,-1.423281192779541,-0.23647885171068414,-84.1764761831905,0.44490477442741394,-0.9509856255980362,4.063886463240228,0.443976751973835,0.0258818157017231,0.003643733117859,9.53633898309369
0,6.78836343809785,-0.580861628055573,-83.2868118286133,0,7.12809971888305,0.0353109696884253,0,-2.3263867478716307,-79.6195518382543,-1.4143420457839966,-0.1712144947416497,-84.14745973629034,0.4446471929550171,-0.9531660898401686,4.061484184481919,0.444243780782429,0.0270007606595755,0.003787886033209,9.60748589635248
0,6.85976579626347,-0.516546308994293,-83.2557983398437,0,7.15421499674497,0.0364483483244193,0,-2.262022593921004,-79.59121696546526,-1.405373454093933,-0.10571070705891195,-84.11833683881113,0.44438841938972473,-0.9553839825005489,4.059044728834957,0.444516531636921,0.0279538109898567,0.0039072698025036,9.67888825451811
0,6.93143551649789,-0.452004075050354,-83.2246398925781,0,7.18136445598131,0.0373937717128628,0,-2.1974621450978185,-79.5627956782685,-1.3963756561279297,-0.03994987761591548,-84.08909966090485,0.4441308379173279,-0.9576426017460185,4.056565902850154,0.444802633931843,0.0287697687745094,0.0040061159595918,9.75055797475252
0,7.0033816289323,-0.387224912643433,-83.1933364868164,0,7.20954417832262,0.0381795601231757,0,-2.1326474414167524,-79.53426246108256,-1.3866430521011353,0.026064654230424325,-84.05974968724514,0.44386962056159973,-0.9599375500333078,4.054050139027578,0.445088736226765,0.0294726639986038,0.0040879492526383,9.82250408718693
0,7.07561607818582,-0.322199255228043,-83.1618804931641,0,7.23875263391052,0.0388325463014574,0,-2.0676276844336927,-79.5056389737871,-1.3764476776123047,0.09235807356885178,-84.03027572057486,0.443610817193985,-0.9622723366329302,4.051496322285826,0.445391050985065,0.0300825368613005,0.004155702719893,9.89473853644046
0,7.14814979293334,-0.256922364234924,-83.130256652832,0,7.26895184064553,0.0413887593388924,0,-2.0023645044065503,-79.47690832496515,-1.3662121295928955,0.15893371099921444,-84.00067628011368,0.44334837794303894,-0.9646588012692963,4.048891486495338,0.445701948812214,0.0321356877684593,0.0044208804180094,9.96727225118797
0,7.22098769039999,-0.191388800740242,-83.0984649658203,0,7.30016803922144,0.0435160861326173,0,-1.9368921710635694,-79.4480856010947,-1.3559765815734863,0.22580542596176065,-83.97094520397278,0.4430834949016571,-0.9670950257136497,4.04623918252796,0.44603192012569,0.0338906459510326,0.0046423648968042,10.0401101486546
0,7.29414155294577,-0.125592902302742,-83.0664901733399,0,7.33236103122573,0.0472596773291886,0,-1.8712174489344964,-79.41917378010798,-1.3462682962417603,0.29298830771690715,-83.94107578348691,0.44282102584838867,-0.969592810852952,4.043528401055396,0.446385733297077,0.0368876121938229,0.0050306914589564,10.1132640112004
0,7.36761992591073,-0.0595289170742035,-83.0343246459961,0,7.36556702922803,0.0503829786757526,0,-1.8053429212629375,-79.39017399921995,-1.3365331888198853,0.36049287688237674,-83.91106334120333,0.44255492091178894,-0.9721569045540913,4.040754938575273,0.446766249349323,0.0394547954201698,0.0053565288654971,10.1867423841654
0,7.4414458145472,0.0068138167262077,-83.0019378662109,0,7.3997875088075,0.0529857654173878,0,-1.7392439052173907,-79.36107539236858,-1.326693058013916,0.4283393918925219,-83.88089887024888,-4.074718952178955,-0.9748108827556057,4.0378951350662975,0.447172514608112,0.0416604056954384,0.0056298018938483,10.2605682728018
0,7.51561179997105,0.0734456107020378,-82.969367980957,0,7.43501616873069,0.0551516255132988,0,-1.6729055657198189,-79.33187142874402,-1.316778540611267,0.4965164319137888,-83.85058744831109,-4.065975189208984,-0.9775155596739133,4.034987434769942,0.447598807027546,0.0435627028346062,0.0058589656561097,10.3347342582257
0,7.59012945961971,0.140375599265099,-82.9366073608398,0,7.47094376652036,0.05695842265125,0,-1.606303035595178,-79.30255116113113,-1.3068249225616455,0.5650313337599737,-83.82012581345222,-4.056402683258057,-0.9802741192880837,4.032028114499991,0.448041311910358,0.0452049896121025,0.0060505977967419,10.4092519178743
0,7.66501684021877,0.207608893513679,-82.9036254882812,0,7.50719614938795,0.0584743902579173,0,-1.539416265564873,-79.27310576328543,-1.2968261241912842,0.6339149380246116,-83.78953860489491,-4.043254375457764,-0.9831474425409421,4.028991236033749,0.448499075582233,0.0466220453381538,0.0062101256166632,10.4841392984734
0,7.74026650422895,0.275148391723633,-82.8704452514648,0,7.54367149414565,0.059750308543258,0,-1.4722587690770532,-79.24354118419888,-1.2867199182510376,0.7032123421842689,-83.75893129971026,-4.032398700714111,-0.9862282715531883,4.025899265849511,0.448974005391804,0.0478483699262142,0.0063426501450123,10.5593889624836
0,7.81587695382823,0.342996150255203,-82.8370742797852,0,7.58025653725515,0.0608294112390754,0,-1.4047930208601778,-79.21384090421371,-4.664986610412598,0.772848435001287,-83.72817440238394,-4.028133392333984,-0.9893595985267055,4.0227586406001725,0.449455610921589,0.0489121451973915,0.0064523634731757,10.6349994120829
0,7.89185538851149,0.41115266084671,-82.8034973144531,0,7.6168428072192,0.0617473448748248,0,-1.337040500337613,-79.18401437916351,-4.662811279296875,0.8428367509023282,-83.69726193502501,-4.02384614944458,-0.9925554647440141,4.019556697903903,0.44995152156612,0.0498374439775944,0.0065428429734706,10.7109778467661
0,7.96820213302036,0.4796182513237,-82.7697143554687,0,7.65343012494315,0.0625309796332457,0,-1.2689551257833185,-79.15404132260365,-4.660627365112305,0.9131664732245843,-83.66619867514142,-4.022731781005859,-0.9958153423865709,4.016291863860864,0.450449339559284,0.0506467632949352,0.0066173038901704,10.787324591275
0,8.04491048495424,0.548392951488495,-82.7357406616211,0,7.69001833390839,0.0632025392658114,0,-1.2005989392980234,-79.12394904717516,-4.658439636230469,0.9838455984030279,-83.63498109086456,-4.022640228271484,-0.9991257965295661,4.012980351337266,0.450964323690144,0.0513589084148407,0.0066784202156267,10.8640329432089
0,8.12198966559848,0.617471933364868,-82.701545715332,0,7.72649432436538,0.0657665258989144,0,-1.1319354852462924,-79.09372150410353,-4.654844760894775,1.054875564348904,-83.60360854709721,-4.017127513885498,-1.0025164780941422,4.009591232958559,0.451488844564167,0.0534915700554848,0.0069228850956726,10.9411121238531
0,8.19943153112985,0.68684983253479,-82.6671371459961,0,7.76282197954259,0.0679334178049263,0,-1.0630070257125523,-79.06337729832198,-4.648137092590332,1.1262578894927109,-83.57208037317841,-4.011584281921387,-1.0059829446579491,4.006130809654548,0.452032438924519,0.0553361885249615,0.0071280869134626,11.0185539893845
0,8.27723193043664,0.756525754928589,-82.6325225830078,0,7.79890369456594,0.0697721876930216,0,-0.9938100722266832,-79.03291489410994,-4.64140510559082,1.197987315909049,-83.54039889143073,-4.006917476654053,-1.0095185492198486,4.002605529126739,0.452593199422565,0.0569322742521763,0.0072997434304644,11.0963543886913
0,8.35539891013509,0.826497256755829,-82.5976791381836,0,7.83456029793986,0.0713427479286442,0,-0.9243232198612037,-79.00232486842891,-4.634641170501709,1.2700677405191911,-83.50856238066042,-4.003810882568359,-1.0131451305174215,3.9989929565310187,0.453167311361042,0.0583117045462132,0.0074425730116253,11.1745213683897
0,8.43391129600398,0.896759629249573,-82.5626449584961,0,7.86942040274004,0.072701547755023,0,-0.8545793498186343,-78.97162169648966,-4.627857685089111,1.3424838092097946,-83.47657762247842,-4.000560283660889,-1.016829857397508,3.9953268061417675,0.453758589437214,0.0594968497753143,0.0075601896804274,11.2530337542586
0,8.51276718160726,0.967303097248077,-82.5274047851562,0,7.90275825017935,0.0739064420050507,0,-0.7845452449163328,-78.94079075517374,-4.618901252746582,1.4152249700995674,-83.44444927744387,-3.997278928756714,-1.0205903218304306,3.9915877560203015,0.454357496907917,0.0604986883699894,0.0076550542272208,11.3318896398619
0,8.59195126003294,1.03811049461365,-82.4919586181641,0,7.93391255939895,0.0750001759018539,0,-0.7142487644378623,-78.90984430890487,-4.610110759735107,1.4882808877251072,-83.41218191052837,-3.9939963817596436,-1.0244336438461303,3.987769539151349,0.454967848470417,0.06133196875453,0.0077300106504972,11.4110737182876
0,8.67143077826295,1.10916042327881,-82.4563369750977,0,7.96234185562564,0.0760108727867789,0,-0.643677793414096,-78.87877702434007,-4.601284027099609,1.5616111643632387,-83.37979336461449,-3.9908130168914795,-1.0283401073804463,3.983889684110758,0.455578200032917,0.0620149411261082,0.0077881754737498,11.4905532365176
0,8.75118163652727,1.18042588233948,-82.420539855957,0,7.98757627940091,0.0769561583253368,0,-0.572923968679415,-78.84762924253697,-4.592435359954834,1.6352117403797153,-83.34728543276304,-3.9844138622283936,-1.0323214328894637,3.97994044573,0.456207625081745,0.0625671595335007,0.0078326958897116,11.5703040947819
0,8.83116675706813,1.25187683105469,-82.3845901489258,0,8.00941693762405,0.0778414252672777,0,-0.5019514394875308,-78.81638518100995,-4.579562664031982,1.7090309306572222,-83.31468094327737,-3.9773058891296387,-1.0363680603535301,3.9759276019078174,0.456837050130573,0.0630116686224937,0.0078668264464222,11.6502892153228
0,8.91135548926878,1.32348275184631,-82.3484954833984,0,8.02781662372888,0.078667159291539,0,-0.43078826512429413,-78.7850571884803,-4.569719314575195,1.7830406956992664,-83.28199228065345,-3.9701781272888184,-1.0404853551318307,3.9718458281599873,0.457466475179401,0.0633699148893356,0.0078934130506831,11.7304779475234
0,8.99170978713274,1.39521253108978,-82.3122787475586,0,8.04278917647513,0.0794330391871247,0,-0.3594691636019334,-78.7536605466125,-4.559859752655029,1.857206340651075,-83.24923476892867,-3.963340997695923,-1.044664953970701,3.967703536025725,0.458095900228229,0.0636593773961067,0.0079147011707057,11.8108322453874
0,9.07219244273821,1.46703600883484,-82.2759628295898,0,8.05436797643581,0.0801396665448715,0,-0.28802808570846694,-78.72221020737109,-4.549980163574219,1.9314939342764395,-83.21642339486496,-3.948514223098755,-1.04889810722643,3.963509515048686,0.458725325277058,0.0638935118913651,0.0079323852109303,11.8913149009928
0,9.15279371564863,1.53892290592194,-82.2395095825195,0,8.06257876492427,0.0807885409039877,0,-0.216540035686961,-78.69073918969922,-4.542361736297607,2.005911678696629,-83.18355453574615,-3.9317736625671387,-1.053232826876527,3.959219801971095,0.459372870137897,0.0640822723507881,0.0079477121897166,11.9719161739033
0,9.23343569966524,1.61084771156311,-82.2030410766602,0,8.06749245151879,0.0793359256577459,0,-0.14495428064050753,-78.65922515957189,-4.532977104187012,2.080357092832967,-83.15067345545604,-3.9150266647338867,-1.0575661607874354,3.9549300739753477,0.460005156209675,0.0626899227499962,0.0077703068253601,12.0525581579199
0,9.31413294993973,1.68278026580811,-82.1664657592774,0,8.06902228194697,0.0801978500813163,0,-0.07330334036089814,-78.62768243310127,-4.522755146026611,2.1548545737906437,-83.11776937827146,-3.9050536155700684,-1.0619946929097082,3.9505464256831284,0.460634581258503,0.0630379393696785,0.0078119534002111,12.1332554081944
0,9.39482981833623,1.75468909740448,-82.1298446655274,0,8.06825665014043,0.080941219349257,0,-0.0016481413255842181,-78.59613783180855,-4.512538909912109,2.2293563638653633,-83.08486339783435,-3.895833730697632,-1.0664754066112485,3.946112578579236,0.461264006307331,0.0633380860090256,0.0078498865063566,12.2139522765909
0,9.47549248346187,1.82655954360962,-82.0932235717774,0,8.06635815631617,0.0815675075013557,0,0.06998068556029252,-78.56460484026573,-4.502031326293945,2.3038318525949433,-83.05196903418587,-3.8818211555480957,-1.0709723239248614,3.941664551546835,0.461893431356159,0.063605435192585,0.0078848697592231,12.2946149417165
0,9.55614525891704,1.8983838558197,-82.0565338134766,0,8.06362995103126,0.0820923253623658,0,0.14160488553210504,-78.53307388561849,-4.490703105926514,2.3783027746614644,-83.01907668754295,-3.86779522895813,-1.075551464634838,3.937136296049026,0.462522856404987,0.063842199742794,0.0079168925110519,12.3752677171717
0,9.63678913729676,1.97015523910522,-82.0197601318359,0,8.0601949220553,0.0825314711679807,0,0.213173727361627,-78.50156730115725,-4.478986740112305,2.4527840991515717,-82.98617974635343,-3.853771924972534,-1.0802302939067483,3.932513804991332,0.463166586568561,0.0640495643019676,0.0079459873544308,12.4559115955514
0,9.71737976120824,2.04186677932739,-81.9829864501953,0,8.05596995999941,0.0828994393039279,0,0.284681815435615,-78.47008746218022,-4.467282772064209,2.5272266639270144,-82.95329992457019,-3.8404979705810547,-1.0849343095929966,3.9278694348622025,0.463815085103718,0.0642283111810684,0.0079723374222751,12.5365022194629
0,9.79791162499263,2.11351227760315,-81.9462127685547,0,8.05112951023838,0.0832055163241371,0,0.356141314740502,-78.43862901332379,-4.455481052398682,2.6016207409910725,-82.9204415188587,-3.832257032394409,-1.0896657881891123,3.9231997783789407,0.464463583638874,0.0643819123506546,0.0079962040601601,12.6170340832473
0,9.87838177098808,2.18508839607239,-81.9094390869141,0,8.04607787870213,0.0834575180497741,0,0.42754953745595625,-78.40719313784084,-4.443748474121094,2.6759636467535275,-82.88760571450815,-3.82401967048645,-1.0944260884454398,3.91850348058374,0.46511208217403,0.064513623714447,0.0080175900024865,12.6975042292427
0,9.95881380225266,2.25659418106079,-81.8726119995117,0,8.04099046733949,0.0836640453444015,0,0.4989277315117747,-78.37577048180474,-4.433837890625,2.7502766190805397,-82.85478313116937,-3.8157896995544434,-1.099264518426217,3.9137312053626547,0.465760580709186,0.0646252185106277,0.0080365374103746,12.7779362605073
0,10.0392288077777,2.32802963256836,-81.8356857299805,0,8.03589581079592,0.0838329096258606,0,0.5702948985712625,-78.34435268015753,-4.423924446105957,2.824578650849091,-82.8219653800608,-3.826031446456909,-1.1042230190129565,3.9088409867742135,0.466409079244343,0.0647183209657669,0.0080532153518824,12.8583512660323
0,10.1195815518631,2.39939498901367,-81.7987594604492,0,8.03080147410176,0.0839706033019005,0,0.64161051636785,-78.31295757192221,-4.413763523101807,2.898829246609054,-82.78917034722909,-3.8394713401794434,-1.1092106663352856,3.903923802833899,0.467057577779499,0.0647947862744331,0.0080678428906308,12.9387040101177
0,10.1998724708382,2.47069072723389,-81.761833190918,0,8.02570740364927,0.0840824546948613,0,0.7128750240634023,-78.28158496376756,-4.401206970214844,2.9730288478938784,-82.75639783765756,-3.852900266647339,-1.1142272766417087,3.8989798369440867,0.467706076314655,0.0648564025759697,0.0080806389128907,13.0189949290928
0,10.2801011541426,2.54191637039185,-81.7249069213867,0,8.02061355551946,0.0841728002044802,0,0.7840880804113989,-78.25023500591976,-4.389868259429932,3.0471771162965173,-82.72364800081395,-3.8562352657318115,-1.1192730520689063,3.8940088876619563,0.468354574849811,0.0649049654603004,0.0080918237897003,13.0992236123972
0,10.3602678263696,2.61307215690613,-81.6879806518555,0,8.01551989340485,0.084245203902679,0,0.8552499294434317,-78.21890759094933,-4.378782749176025,3.12127429833758,-82.69092072781496,-3.8596580028533936,-1.124347905463907,3.889011042060284,0.469003073384968,0.0649421289563179,0.008101600792222,13.1793902846243
0,10.4403797470599,2.68415832519531,-81.6510391235352,0,8.01042638693546,0.0843026315406095,0,0.9263671449464425,-78.18759982489337,-4.367703914642334,3.1953269664804145,-82.65821311573234,-3.8553051948547363,-1.1294657278517048,3.883972400614778,0.469651571920124,0.0649693831801415,0.0081101532472119,13.2595022053145
0,10.5204931553474,2.75517463684082,-81.6139602661133,0,8.00533491861706,0.0843475097963358,0,0.9974903120820847,-78.15628943876405,-4.356914043426514,3.269385678000467,-82.62550283440845,-3.8509533405303955,-1.1347384554705315,3.8787809600188305,0.47030007045528,0.0649880766868591,0.0081176453315366,13.339615613602
0,10.6005450685355,2.82612156867981,-81.5768814086914,0,8.00024832814874,0.08438191924879,0,1.0685629744895762,-78.1250012862135,-4.345881462097168,3.34339401313046,-82.59281480334869,-3.846611261367798,-1.1400401063856562,3.873562777595067,0.470948568990436,0.0649994090199471,0.0081242220405431,13.4196675267901
0,10.6805354995246,2.89699912071228,-81.5398025512695,0,7.99516373727129,0.0844075101533271,0,1.1395851808373336,-78.09373534581657,-4.3345627784729,3.4173520231450167,-82.56014899990602,-3.835740804672241,-1.1453706903510865,3.8683178437875263,0.471597067525593,0.0650044307112694,0.0081300159133392,13.4996579577793
0,10.760464461245,2.96780729293823,-81.5027236938477,0,7.99008017782373,0.084425673229818,0,1.210556979811292,-78.06249159614033,-4.323253154754639,3.4912597593366597,-82.52750540142557,-3.8237266540527344,-1.1507302171946383,3.8630461489711387,0.472245566060749,0.0650040581822395,0.0081351411109323,13.5795869194996
0,10.8403317554889,3.03854584693909,-81.4656448364258,0,7.98499668444036,0.0844375279156393,0,1.2814782255236847,-78.03127010140862,-4.31110954284668,3.565117078542575,-82.49488407113954,-3.8117175102233887,-1.1561187933022024,3.857747587226342,0.472894064595905,0.0649990662932396,0.0081396943607595,13.6594542137435
0,10.9201376064587,3.10921502113342,-81.4285659790039,0,7.9799132461397,0.0844441265468723,0,1.3523491614019572,-78.00007075445795,-4.29876708984375,3.6389242266798556,-82.46228490043117,-3.7997167110443115,-1.1615363321727759,3.8524222450069505,0.473542563131061,0.0649901479482651,0.0081437613960731,13.7392600647134
0,10.999914188367,3.17981505393982,-81.3914184570313,0,7.9748298546776,0.0844462588583878,0,1.4231987784754194,-77.96888079502966,-4.286965370178223,3.71271017879187,-82.42969509159171,-3.792841672897339,-1.1670456649014043,3.8470072507140025,0.474191061666218,0.0649778768420219,0.0081474132213413,13.8190366466217
0,11.0796685207425,3.2503457069397,-81.3541870117188,0,7.96974650274435,0.0844446235277141,0,1.4940334390960401,-77.93769742076515,-4.275166988372803,3.7864812965416723,-82.39711183479929,-3.7868359088897705,-1.1726608874842341,3.8414885015151152,0.474839560201374,0.0649627447128296,0.0081507107393081,13.8987909789971
0,11.1593617145466,3.32080721855164,-81.3169555664063,0,7.96466318412574,0.0844398136237905,0,1.5648182967952606,-77.90653597112234,-4.263772964477539,3.860219912145987,-82.36458382726062,-3.7808032035827637,-1.178342491362904,3.8359430273699324,0.47548805873653,0.0649451985955238,0.0081537093957704,13.9784841728012
0,11.2389933613626,3.39119911193848,-81.2797241210938,0,7.95957989370555,0.0844323169383912,0,1.6355530116045647,-77.87539659576477,-4.252687931060791,3.9340845001943197,-82.33241900646209,-3.774733781814575,-1.1844370251145626,3.830370625583197,0.476136557271686,0.0649255886673927,0.0081564526101591,14.0581158196173
0,11.3185638959138,3.46152186393738,-81.2424926757813,0,7.95449662723115,0.0844225385421458,0,1.7062380210249606,-77.8442791020924,-4.240882396697998,4.007899906358032,-82.30027560223878,-3.7651562690734863,-1.1905602398637245,3.824771478349121,0.476785055806843,0.0649042278528214,0.0081589792298957,14.1376863541684
0,11.398072910026,3.53177499771118,-81.2052612304688,0,7.94941338099999,0.084410830658805,0,1.7768729853546548,-77.81318363965136,-4.22883415222168,4.081665792454964,-82.26815376185434,-3.754765510559082,-1.1967123377901177,3.8191453828178497,0.477433554341999,0.0648813769221306,0.0081613216413824,14.2171953682807
0,11.4775210489197,3.60195922851562,-81.1680297851563,0,7.94433205925837,0.0843974982952663,0,1.8474585360375317,-77.78210993046258,-4.215810298919678,4.155382793405412,-82.23605320882852,-3.7443835735321045,-1.2028930441597236,3.813492617314903,0.478082052877155,0.0648572519421577,0.0081635047272704,14.2966435071743
0,11.5569508828215,3.67207407951355,-81.1307067871094,0,7.93925265924784,0.0843828033233363,0,1.9180330120145124,-77.75104109666525,-4.201060771942139,4.22908932779287,-82.20395721353643,-3.7340002059936523,-1.209186695527808,3.8077290142076206,0.478730551412311,0.064832054078579,0.0081655535167764,14.3760733410761
0,11.6363484103227,3.74211978912354,-81.0933227539062,0,7.93417279478857,0.0843669224858056,0,1.988583896538736,-77.7199826484771,-4.186945915222168,4.302772856068718,-82.17187123640697,-3.7231860160827637,-1.2155651733164152,3.8018826380465187,0.479379049947468,0.0648059621453285,0.0081674927405815,14.4554708685773
0,11.7156847366259,3.812096118927,-81.0559387207031,0,7.92909580189578,0.0843500485290161,0,2.059085292018934,-77.68894598673316,-4.1739182472229,4.376407430615245,-82.139806576501,-3.7122485637664795,-1.2219724977802306,3.7960093558714068,0.480027548482624,0.0647790879011154,0.0081693328436401,14.5348071948806
0,11.7949602956911,3.88200354576111,-81.0185546875,0,7.9240221556454,0.084332350796105,0,2.129537635234587,-77.65793091915103,-4.16179084777832,4.44999349131047,-82.10776304227075,-3.701317071914673,-1.2284084900176986,3.7901093493393567,0.48067604701778,0.0647515654563904,0.0081710900653596,14.6140827539457
0,11.8741746804401,3.9518415927887,-80.9811706542969,0,7.91894851718305,0.0843139059821596,0,2.199940587137291,-77.6269375949892,-4.154501914978027,4.523530700635494,-82.07574078069102,-3.690394163131714,-1.2348733528686646,3.7841824149682752,0.481324545552936,0.0647234991192818,0.0081727808600942,14.6932971386947
0,11.9533283247096,4.02161073684692,-80.9437866210937,0,7.91387488532654,0.0842948259894178,0,2.270294584317722,-77.59596582204838,-4.147215366363525,4.597019498285147,-82.04373960029382,-3.6791272163391113,-1.241366907562428,3.7782287342920418,0.481973044088093,0.0646949633955956,0.0081744145141388,14.7724507829643
0,12.0324208216691,4.09131050109863,-80.9064025878906,0,7.90880125920856,0.0842751929740236,0,2.3405992879970197,-77.5650157494684,-4.138138294219971,4.670459547012581,-82.0117596479355,-3.6676487922668457,-1.2478893571042926,3.7722481036725024,0.482621542623249,0.0646660253405571,0.0081759993956073,14.8515432799237
0,12.1114921275132,4.1609411239624,-80.8689346313477,0,7.90372763780551,0.0842551036060521,0,2.4108907167673914,-77.53407152087001,-4.12900972366333,4.743886941036447,-81.9797852061511,-3.656168222427368,-1.2545177659902587,3.766163617442597,0.483270041158405,0.06463672965765,0.0081775410662598,14.9306145857679
0,12.1905355584071,4.23050308227539,-80.8313980102539,0,7.89865402064383,0.0842346028165043,0,2.4811629311525834,-77.50313575097474,-4.11802339553833,4.817295731264726,-81.94781886551189,-3.6446897983551025,-1.2612379390752932,3.759989445579928,0.483918539693561,0.0646071434020996,0.0081790479318009,15.0096580166617
0,12.269517728889,4.29999542236328,-80.7938613891602,0,7.8935804070935,0.0842137501259157,0,2.5513859718195135,-77.47222162870857,-4.106423377990723,4.890655899609841,-81.91587369759156,-3.632107973098755,-1.2679871527947812,3.753788181123723,0.484567038228718,0.0645772889256477,0.0081805227565965,15.0886401871436
0,12.3484390722687,4.36941862106323,-80.7563247680664,0,7.88850679660346,0.0841925975568713,0,2.6215602750838234,-77.44132896199329,-4.086889743804932,4.963967885505994,-81.88394951103561,-3.6201171875,-1.2747652288973819,3.7475600051089506,0.485215536763874,0.0645472332835197,0.0081819739787141,15.1675615305234
0,12.427299602249,4.43877267837524,-80.7187881469727,0,7.88343318885835,0.0841711749735932,0,2.691685889931109,-77.41045772926411,-4.067371845245361,5.03723174027001,-81.8520462834978,-3.6081347465515137,-1.281572180083631,3.7413049059241237,0.48586403529903,0.0645169764757156,0.0081834015525865,15.2464220605037
0,12.5060997518251,4.50805807113647,-80.6812515258789,0,7.87835958346473,0.0841495195019946,0,2.761763252146834,-77.37960773867623,-4.05337381362915,5.11044790281399,-81.82016382385095,-3.596160888671875,-1.2884078282051947,3.7350230645076468,0.486512533834186,0.0644865557551384,0.0081848101607692,15.3252222100798
0,12.5848386962413,4.57727384567261,-80.6437149047852,0,7.87328598010787,0.0841276608409165,0,2.831791637088557,-77.34877930923724,-4.04157829284668,5.18361564924507,-81.78830244731897,-3.583153009414673,-1.2952725679496957,3.728714083875622,0.487161032369343,0.0644560009241104,0.0081862035516296,15.4039611544959
0,12.663542361942,4.6464204788208,-80.6061248779297,0,7.86821237855171,0.084105621285753,0,2.9017944512607396,-77.31796213675734,-4.038711071014404,5.256758436432422,-81.75645193945388,-3.5703210830688477,-1.3022153320309133,3.7223291348931125,0.487809530904499,0.0644253045320511,0.0081875807488646,15.4826648201966
0,12.7422331633067,4.71549844741821,-80.5684356689453,0,7.86313877848209,0.084083430398315,0,2.9717919317283226,-77.28714731232157,-4.03584098815918,5.329896545526594,-81.72460346869524,-3.5576012134552,-1.3092780469166245,3.7158263807898573,0.488458029439655,0.0643944889307022,0.0081889445635656,15.5613556215613
0,12.8208632765375,4.78450727462769,-80.5307464599609,0,7.85806517989834,0.0840610883912369,0,3.0417411354970527,-77.25635374062215,-4.029609203338623,5.402986947583791,-81.6927757722797,-3.544896125793457,-1.3163697157516223,3.7092966309206004,0.489106527974811,0.0643636137247086,0.0081903025545341,15.6399857347921
0,12.8994322972089,4.85344648361206,-80.4930572509766,0,7.85299158279977,0.0840385954771529,0,3.111641725502642,-77.22558157004411,-4.019561767578125,5.476029307087878,-81.66096899630996,-3.5319664478302,-1.323490542835395,3.702739680406639,0.489755026509968,0.0643326193094254,0.0081916471208619,15.7185547554635
0,12.9779410761094,4.92231702804565,-80.4553680419922,0,7.84791798640323,0.084016024958129,0,3.1814945234333027,-77.19483043885764,-4.009526252746582,5.549024449668142,-81.62918278126034,-3.5164575576782227,-1.330640159637398,3.6961559022881194,0.490403525045124,0.0643015801906586,0.0081929877296737,15.797063534364
0,13.0563892088782,4.99111843109131,-80.4176788330078,0,7.84284439156913,0.0839932965586462,0,3.2512991921554604,-77.1641004954782,-3.998483896255493,5.621972039744237,-81.59741727326148,-3.4996325969696045,-1.3378187705973557,3.689545091554407,0.49105202358028,0.0642704367637634,0.0081943167738491,15.8755116671328
0,13.1347767095812,5.05985069274902,-80.3799896240234,0,7.83777079735825,0.0839704980994287,0,3.3210557770202493,-77.13339171103937,-3.9870312213897705,5.694872128876988,-81.5656724498609,-3.482820987701416,-1.345026389268268,3.6829072439523203,0.491700522115436,0.0642392933368683,0.0081956475385601,15.9538991678358
0,13.2131031743107,5.12851333618164,-80.3423004150391,0,7.83269720392694,0.0839476150476449,0,3.390763940219202,-77.10270423130471,-3.975471019744873,5.7677243821059285,-81.53394845691933,-3.467698812484741,-1.352263220289824,3.6762421569905124,0.492349020650593,0.0642080157995224,0.0081969629062597,16.0322256325653
0,13.2914397786813,5.19710779190064,-80.3044662475586,0,7.82762361190037,0.0839245891680091,0,3.4604878756223094,-77.07200980820541,-3.9639036655426025,5.840593123760568,-81.50221728398432,-3.4550719261169434,-1.3596620600641132,3.6694173060488,0.492997519185749,0.0641767233610153,0.0081982780754428,16.1105622369359
0,13.369719117873,5.26563262939453,-80.2666244506836,0,7.82255002018392,0.0839015226534237,0,3.5301669705209533,-77.04133512514815,-3.952394962310791,5.913417617814573,-81.47050537895811,-3.4435839653015137,-1.3670971730954102,3.6625581615234952,0.493646017720905,0.0641454309225082,0.008199594950512,16.1888415761277
0,13.4479379386266,5.33408832550049,-80.2287826538086,0,7.81747642877783,0.0838784155038908,0,3.59979834930405,-77.01068144805723,-3.941004514694214,5.986194984950265,-81.43881399565849,-3.432098388671875,-1.3745613640568435,3.6556719070498995,0.494294516256061,0.0641140192747116,0.0082008982865904,16.2670603968813
0,13.5260966724678,5.40247535705566,-80.1909408569336,0,7.81240522298035,0.0838551768949441,0,3.6693824466103715,-76.9800485855925,-3.9313573837280273,6.058925662974013,-81.40714294343984,-3.419637441635132,-1.3820544560046968,3.6487587224141986,0.494943014791218,0.0640825778245926,0.0082021969978782,16.3452191307224
0,13.604194916415,5.4707932472229,-80.1530990600586,0,7.80733592504382,0.0838318892158237,0,3.738918926298862,-76.94943668573266,-3.9217846393585205,6.131609317309271,-81.37549236799569,-3.405797004699707,-1.3895766541554277,3.6418184018629693,0.495591513326374,0.0640511363744736,0.0082034953921781,16.4233173746696
0,13.6822322678168,5.53904151916504,-80.1152572631836,0,7.80226662741715,0.0838085611249788,0,3.8084074527116805,-76.91884589624365,-3.912217855453491,6.204245613861875,-81.34386241480954,-3.3919811248779297,-1.397128163842974,3.634850739531371,0.49624001186153,0.0640196949243546,0.0082047954735553,16.5013547260715
0,13.7602099920471,5.60722160339356,-80.0774154663086,0,7.79720019095837,0.0837852233639087,0,3.8778492304457988,-76.88827568682827,-3.9018847942352295,6.276835762014524,-81.31225255724776,-3.3781726360321045,-1.4047084261813068,3.6278563005415205,0.496888510396687,0.0639882460236549,0.008206093278924,16.5793324503018
0,13.8381528041729,5.67533206939697,-80.0395202636719,0,7.79213613924778,0.0837618345563814,0,3.9472665621628016,-76.85771623923215,-3.891893148422241,6.349402113444451,-81.28065306212542,-3.364285707473755,-1.412367178774429,3.620785446175113,0.497537008931843,0.0639566853642464,0.0082073759190754,16.6572752624276
0,13.9160839277285,5.74337387084961,-80.0015258789063,0,7.78707208901693,0.0837382966419711,0,4.0166804441152175,-76.82715831031874,-3.8821189403533936,6.421965710914043,-81.24905476623326,-3.3502283096313477,-1.4201461932199981,3.613596498009749,0.498185507466999,0.0639250949025154,0.0082086564004252,16.7352063859832
0,13.9939501126609,5.81134128570557,-79.9635314941406,0,7.78193844430119,0.0857270842269131,0,4.086042891833281,-76.79662302419135,-3.8723485469818115,6.494260013679733,-81.21707761206994,-3.336087465286255,-1.4274998629749787,3.6063782115766214,0.498834006002155,0.0654074847698212,0.0084045275878815,16.8130725709155
0,14.0717526242238,5.87923574447632,-79.925537109375,0,7.77687794015537,0.0853803953783001,0,4.155355112107618,-76.76610984958707,-3.862382650375366,6.566380358467714,-81.18489543389995,-3.321972608566284,-1.4346257735338783,3.5991311513401394,0.499482504537312,0.0651403293013573,0.0083756495060967,16.8908750824784
0,14.1494960548378,5.94706249237061,-79.8875427246094,0,7.77181685186382,0.0850860835277997,0,4.224621385325943,-76.73561690215973,-3.8526012897491455,6.638454734636154,-81.15273376825397,-3.3078184127807617,-1.4417807078690559,3.591857424434089,0.500131003072467,0.06490907818079,0.0083513533305422,16.9686185130924
0,14.2271804185882,6.01482152938843,-79.8495483398438,0,7.76675527961131,0.0848354176984435,0,4.293841760056128,-76.70514416052838,-3.843559503555298,6.710483193568329,-81.12059259220331,-3.2934985160827637,-1.4489646795093634,3.5845570171706584,0.500779501607624,0.0647084042429924,0.0083309621706941,17.0463028768428
0,14.3048057295923,6.08251285552979,-79.8115539550781,0,7.76169330507659,0.0846212074132581,0,4.363016284891531,-76.67469160330086,-3.8345227241516113,6.782465786672647,-81.08847188280804,-3.2790942192077637,-1.456177702058922,3.57722991579157,0.50142800014278,0.0645337924361229,0.0083139019943461,17.123928187847
0,14.3823711705716,6.15013551712036,-79.7735595703125,0,7.75663099551341,0.0844374798971259,0,4.432144240402926,-76.64425954719002,-3.825495481491089,6.8544017993670705,-81.05637195893529,-3.264641046524048,-1.4634201791398476,3.569875720748773,0.502076498677936,0.0643813461065292,0.0082996769907027,17.2014936288263
0,14.4599412497444,6.21769046783447,-79.7354354858399,0,7.75156840598201,0.0842793101249652,0,4.5012838604606324,-76.61382235602021,-3.81547474861145,6.926349314181643,-81.02426690248475,-3.250154972076416,-1.4708105863899967,3.5623756362993593,0.502724997213093,0.0642476752400398,0.0082878554091614,17.279063707999
0,14.5374627973486,6.2851767539978,-79.6972885131836,0,7.74650558239443,0.08414256494542,0,4.570387296338782,-76.58340109413653,-3.805861711502075,6.998260611702803,-80.99217800723522,-3.2354063987731934,-1.4782514636978168,3.5548273857668633,0.503373495748249,0.0641299337148666,0.0082780745773966,17.3565852556032
0,14.6149249914914,6.35259485244751,-79.6591415405274,0,7.74144256305093,0.0840237779699496,0,4.639444861298833,-76.55300002591173,-3.796259641647339,7.07012603377024,-80.96010958293644,-3.2206335067749023,-1.4857216574917391,3.547252176120504,0.504021994283405,0.0640256628394127,0.0082700209174856,17.434047449746
0,14.6923274318233,6.41994428634644,-79.6209945678711,0,7.73637938003751,0.0839200321473914,0,4.70845622087326,-76.52261929858777,-3.786658763885498,7.141945249751075,-80.92806177712632,-3.205780029296875,-1.4932213769791327,3.5396498001304644,0.504670492818561,0.0639327690005302,0.0082634272175744,17.5114498900779
0,14.7696705479429,6.48722553253174,-79.5828475952149,0,7.7313160594864,0.0838289435957135,0,4.777455859410352,-76.4922437311917,-3.7769224643707275,7.213704264476992,-80.89604083485266,-3.190941095352173,-1.5007490904875083,3.532017069528503,0.505308500936237,0.0638494864106178,0.0082580679655581,17.5887930061975
0,14.8469539397733,6.55443811416626,-79.5447006225586,0,7.72625262376043,0.0837484655992408,0,4.8464370490274735,-76.46187628552532,-3.7670066356658936,7.285405164182307,-80.86404582517753,-3.175701856613159,-1.5083052051500574,3.5243543425030164,0.505937925985065,0.0637743175029755,0.0082537517716219,17.6660763980279
0,14.9241784513739,6.62158298492432,-79.5065536499024,0,7.72118909126987,0.0836769090971629,0,4.915372691160647,-76.43152890394033,-3.7570981979370117,7.357060510394606,-80.83207114278498,-3.16045880317688,-1.5158904361495333,3.5166647202746244,0.506567351033894,0.0637059882283211,0.0082503156907561,17.7433009096285
0,15.0013436827354,6.68865966796875,-79.4684066772461,0,7.71612547783613,0.0836128193629929,0,4.984262447361852,-76.40120172909894,-3.7471959590911865,7.428669971083981,-80.80011693583634,-3.145195245742798,-1.5235049922961212,3.508948001830589,0.507196776082722,0.0636434033513069,0.0082476195229168,17.8204661409901
0,15.0784651655506,6.75566864013672,-79.4302291870117,0,7.71106179617332,0.0835550255206131,0,5.053120386878628,-76.37088856084146,-3.737297296524048,7.500247583458108,-80.76817694052464,-3.12994384765625,-1.531176669743863,3.5011763196971235,0.50782620113155,0.0635856688022614,0.0082455487861961,17.8975876238052
0,15.1555883708871,6.82260990142822,-79.3919296264648,0,7.70599805762138,0.0835024817358585,0,5.121987578518967,-76.34057131954347,-3.7272422313690186,7.57183430890581,-80.73623287869663,-3.114351749420166,-1.5389894238496922,3.4932654926866165,0.508455626180378,0.0635320171713829,0.0082440051333413,17.9747108291417
0,15.232652398214,6.8894829750061,-79.353630065918,0,7.70093427107035,0.0834543672245044,0,5.19080918680821,-76.31027414529657,-3.7172691822052,7.643375461198539,-80.70430915292495,-3.098710775375366,-1.5468315605829066,3.485327516646325,0.509085051229206,0.0634818226099014,0.0082429083396683,18.0517748564686
0,15.3096572624332,6.95628786087036,-79.3153305053711,0,7.69587044429384,0.0834099636766027,0,5.259585259686695,-76.27999701699613,-3.7073047161102295,7.71487109086447,-80.67240574066244,-3.0830821990966797,-1.5547030941853053,3.477362377221264,0.509714476278034,0.0634345039725304,0.0082421837777699,18.1287797206878
0,15.3866029784811,7.023024559021,-79.2770309448242,0,7.69080658418888,0.0833686334385371,0,5.328315845120647,-76.24973991352607,-3.697343587875366,7.78632124845741,-80.64052261935056,-3.0674595832824707,-1.5626040389706142,3.469370059988975,0.510343901326862,0.0633896067738533,0.0082417730917266,18.2057254367358
0,15.4634895613287,7.08969306945801,-79.2387313842773,0,7.6857426953065,0.0833299552538783,0,5.3970009911024865,-76.21950281375881,-3.6872739791870117,7.85772598455714,-80.60865976641914,-3.0516369342803955,-1.5705344093248694,3.4613505504589797,0.51097332637569,0.0633467510342598,0.0082416274652868,18.2826120195833
0,15.540317439343,7.15629386901856,-79.2004318237305,0,7.68068259727991,0.0832934931010024,0,5.465641127985483,-76.18928552824094,-3.677443742752075,7.929085731073901,-80.57681698913738,-3.035738468170166,-1.5784940245725054,3.4533040271026114,0.511602751424519,0.0633056089282036,0.0082417006502651,18.3594398975977
0,15.6170858008407,7.22282600402832,-79.1621322631836,0,7.67562247938927,0.0832588581635245,0,5.53423553903387,-76.15908837249937,-3.6676206588745117,8.000399775918243,-80.54499460526011,-3.019775390625,-1.5864832895005492,3.445230089246003,0.512232176473347,0.0632659122347832,0.0082419622327616,18.4362082590954
0,15.6937954874094,7.28929042816162,-79.1238327026367,0,7.67056186795105,0.0832257558556503,0,5.602785036876732,-76.1289109887923,-3.6578025817871094,8.071668932244734,-80.51319225193434,-3.003626585006714,-1.5945018284329011,3.4371291082660407,0.512861601522175,0.0632274225354195,0.0082423820175081,18.512917945664
0,15.7704613539979,7.3556866645813,-79.0855026245117,0,7.66550410367098,0.0831939408774944,0,5.671303074729808,-76.09874745464231,-3.6479907035827637,8.14290661960538,-80.48140394096886,-2.987323045730591,-1.602577843000126,3.428972808656052,0.513491026571003,0.0631899461150169,0.0082429314592682,18.5895838122525
0,15.8471293249154,7.42201471328735,-79.0470504760742,0,7.66044966546516,0.0831632232601494,0,5.7398311605703,-76.06857949709052,-3.6386351585388184,8.21415423619568,-80.4496111992947,-2.9708824157714844,-1.6107953333909988,3.420676961900927,0.514120451619831,0.0631533488631249,0.0082435927952902,18.66625178317
0,15.9237387243958,7.48827505111694,-79.0085983276367,0,7.65539521761883,0.0831333863881808,0,5.808314639537628,-76.03843117671728,-3.629293203353882,8.285357277475544,-80.41783834840983,-2.954449415206909,-1.6190421587239259,3.4123540098991096,0.514749876668659,0.0631174594163895,0.0082443474574466,18.7428611826505
0,16.0002891552008,7.55446720123291,-78.9701461791992,0,7.65034076169076,0.0831042859552777,0,5.876753177842336,-76.0083026404659,-3.6198570728302,8.35651541327266,-80.38608553564667,-2.9378650188446045,-1.6273185292293046,3.4040037444482363,0.515379301717487,0.063082180917263,0.0082451829708977,18.8194116134555
0,16.0767810448637,7.62059164047241,-78.9316940307617,0,7.64528629908257,0.083075792272168,0,5.94514720527405,-75.97819369913114,-3.6104283332824707,8.427894446369512,-80.35482036957167,-2.920816659927368,-1.636162093627642,3.3956263434569784,0.516008726766315,0.0630474016070366,0.0082460848788663,18.8959035031184
0,16.1532139964298,7.68664789199829,-78.8932418823242,0,7.64023183096178,0.0830477973350672,0,6.01349638832194,-75.94810449953366,-3.599238157272339,8.500249712581049,-80.32537108953571,-2.9028892517089844,-1.6471010863343594,3.387221598561983,0.516638151815144,0.063013032078743,0.0082470416116803,18.9723364546845
0,16.2295880252954,7.75263595581055,-78.8547897338867,0,7.63517735826225,0.0830202147550691,0,6.081800775278767,-75.91803502041365,-3.586702823638916,8.572562476747526,-80.29593910823543,-2.884974241256714,-1.6580684602637903,3.3787894944208725,0.517267576863972,0.0629790127277374,0.0082480454720936,19.04871048355
0,16.3059035587773,7.81855630874634,-78.8163375854492,0,7.63012288168468,0.082992979687536,0,6.150060795681846,-75.88798507267694,-3.574178457260132,8.644833175638055,-80.2665242479017,-2.8673362731933594,-1.6690640541080193,3.370330208774206,0.5178970019128,0.0629452764987946,0.0082490877660541,19.125026017032
0,16.3821597885728,7.88440799713135,-78.7778854370117,0,7.62506840200606,0.0829660203558963,0,6.218275735334619,-75.85795497073256,-3.5616588592529297,8.717061084731107,-80.23712680342163,-2.8496387004852295,-1.6800882505783195,3.361843339851667,0.518526426961628,0.0629118010401726,0.0082501656388113,19.2012822468274
0,16.4583575537389,7.95019197463989,-78.7394332885742,0,7.62001391969336,0.0829392935586353,0,6.286446404935382,-75.82794435768875,-3.5494885444641113,8.789247027836758,-80.20774643949672,-2.8312976360321045,-1.6911407071758384,3.3533292584206373,0.519155852010456,0.0628785043954849,0.0082512684063861,19.2774800119935
0,16.534562453229,8.01590824127197,-78.7008514404297,0,7.61495943544461,0.0829127349312641,0,6.354632140217969,-75.79792711231536,-3.534771680831909,8.861451256240924,-80.17835863328176,-2.8129515647888184,-1.7023426491433382,3.3446685842832418,0.519785277059284,0.062845379114151,0.0082523951399922,19.3536849114837
0,16.6107201575842,8.08155632019043,-78.6622467041016,0,7.60990494949375,0.0828863228024158,0,6.422783933876173,-75.76792480898321,-3.519498109817505,8.933624010048309,-80.14898363752641,-2.794710636138916,-1.7135944845000948,3.3359593915634576,0.520414702108112,0.0628123879432678,0.0082535409923537,19.4298426158388
0,16.6868195027817,8.14713668823242,-78.6236419677734,0,7.60485046215158,0.0828600284746429,0,6.490891764733972,-75.73794185929096,-3.504234552383423,9.005755114456486,-80.11962559347181,-2.7765257358551025,-1.7248746650725861,3.3272229205014114,0.52104412715694,0.0627794936299324,0.0082547011033091,19.5059419610363
0,16.7628596826952,8.21264839172363,-78.5850372314453,0,7.59979597365138,0.0828338304036771,0,6.55895491988859,-75.70797857707811,-3.488983154296875,9.07784384624009,-80.09028479547756,-2.757547616958618,-1.7361835742631007,3.318458768684488,0.521673552205769,0.0627467110753059,0.008255877461921,19.5819821409499
0,16.8388415347148,8.27809238433838,-78.5464324951172,0,7.59474148430324,0.0828077000285841,0,6.6269742090952075,-75.67803460586805,-3.477372884750366,9.149891028373133,-80.0609609085854,-2.7385778427124023,-1.7475208699593068,3.309667306492805,0.522302977254597,0.0627139732241631,0.0082570612719871,19.6579639929694
0,16.9147601473303,8.34346294403076,-78.5078277587891,0,7.58962659847424,0.0847967190828557,0,6.694933524473896,-75.64811703679477,-3.46562123298645,9.22189834879628,-80.03165324578748,-2.7195897102355957,-1.7588896711196533,3.300847567009697,0.52293621700069,0.06419537961483,0.0084577775227839,19.7338826055849
0,16.9906122552007,8.40875625610352,-78.4692230224609,0,7.58451529245943,0.086465766287627,0,6.762639304958404,-75.61797224759404,-3.453928232192993,9.293881838112817,-80.00235528247613,-2.7005162239074707,-1.7702942757142734,3.2923140794927406,0.523584715535846,0.0654408186674118,0.0086276530521474,19.8097347134554
0,17.0664429157152,8.47397041320801,-78.4305267333984,0,7.57941578239921,0.0878653336679354,0,6.830222507713536,-75.58772003022389,-3.442265510559082,9.365878590847416,-79.97305192082774,-2.68115234375,-1.7818204598651324,3.2838174627149046,0.524245611837116,0.0664859190583229,0.0087713161449033,19.8855653739698
0,17.1422391649466,8.53910827636719,-78.3917694091797,0,7.57432057210261,0.0890378045482694,0,6.897763431903547,-75.55748673797552,-3.4312243461608887,9.437867649411894,-79.9437516907796,-2.661761522293091,-1.793437317844077,3.2752360462622643,0.524913183858601,0.0673612430691719,0.0088927566171725,19.9613616232012
0,17.2179723166216,8.604172706604,-78.3530120849609,0,7.56923506764556,0.0900190690811668,0,6.965227981955847,-75.52728763302402,-3.420738458633423,9.509827905610884,-79.91446318356759,-2.642371654510498,-1.8050874972776958,3.266627999746219,0.525590292623249,0.0680928453803062,0.0089953647675562,20.0370947748762
0,17.2936407512241,8.66916179656982,-78.3142547607422,0,7.56415707811007,0.0908392816547567,0,7.032614920721541,-75.49712326915339,-3.4102048873901367,9.581758191432153,-79.88518687458374,-2.622352123260498,-1.816771831082363,3.2579925594988945,0.526276938131061,0.0687029957771301,0.0090820485906402,20.1127632094787
0,17.3692403943252,8.73407077789307,-78.2754974365234,0,7.55901239384909,0.0935143973608519,0,7.099917900282465,-75.4669964878774,-3.399683713912964,9.653656660745872,-79.8559235152204,-2.602490186691284,-1.8284924900495898,3.249328116080077,0.526974074056354,0.0707059353590012,0.0093531431892708,20.1883628525798
0,17.4448267837574,8.79889583587647,-78.2366256713867,0,7.55388070706758,0.0957640426994322,0,7.167164404279607,-75.43689498671483,-3.389136791229248,9.725587690683936,-79.82664690337396,-2.582674503326416,-1.8403601038755313,3.2405307237479444,0.527689329793659,0.0723923742771149,0.0095826980070389,20.263949242012
0,17.5203559496772,8.86363124847412,-78.1977157592773,0,7.54868069124313,0.0996092631298441,0,7.2343039683342205,-75.40684135499696,-3.3781700134277344,9.797518177979622,-79.7973705123881,-2.5628552436828613,-1.8523067041532792,3.2316694333231624,0.528426520040241,0.0752786546945572,0.0099715572479952,20.3394784079319
0,17.59580339297,8.92827129364014,-78.158805847168,0,7.54340089704831,0.104768760680117,0,7.3012783596745585,-75.37686165941489,-3.3674352169036865,9.869448006832663,-79.76809438939465,-2.5429039001464844,-1.8643023407156516,3.222781325337984,0.529198042562214,0.0791561305522919,0.0104924155802752,20.4149258512247
0,17.6712349832732,8.99280071258545,-78.119743347168,0,7.53793709296465,0.112777049784299,0,7.368099376798646,-75.34695061861594,-3.356724739074707,9.941466778357734,-79.73878206588957,-2.522918701171875,-1.8765003802470825,3.21372586665674,0.530020109822956,0.085178978741169,0.0112987739333961,20.4903574415279
0,17.7465968748268,9.05720233917236,-78.0806045532227,0,7.53227178249834,0.123092897064016,0,7.434666274847981,-75.3171533289441,-3.3460569381713867,10.013558714525551,-79.70943996368052,-2.502932071685791,-1.8888415261847682,3.204572662462208,0.530910841634479,0.0929448083043098,0.0123378978354682,20.5657193330815
0,17.8219001282743,9.12146091461182,-78.0413436889648,0,7.52639395353029,0.135291299501485,0,7.500951090041988,-75.2874823078051,-3.336298704147339,10.085759737132104,-79.68005346225563,-2.4829161167144775,-1.9013789575444664,3.1952784852294376,0.531883589437214,0.102136433124542,0.0135682421774192,20.641022586529
0,17.8971459111238,9.18557262420654,-78.001953125,0,7.52057042888736,0.145973528717414,0,7.566937310545055,-75.25794494637928,-3.326408624649048,10.158085785919946,-79.65061607398837,-2.4624767303466797,-1.9141241780701816,3.185837592057919,0.532945028951374,0.110201112926006,0.0146505322984516,20.7162683693784
0,17.9723354553953,9.24953365325928,-77.9624252319336,0,7.51469257399516,0.156848625254682,0,7.632653269843279,-75.22852856176992,-3.3157849311828613,10.230525728654344,-79.62113232980398,-2.4418296813964844,-1.9270845047671186,3.1762388413668603,0.534086577108112,0.118416123092175,0.015754515076079,20.7914579136499
0,18.0474716599211,9.31333732604981,-77.9227447509766,0,7.50859488884214,0.169469160208341,0,7.698078493326857,-75.19924231901096,-3.305213451385498,10.302947686039648,-79.59133567122387,-2.421363353729248,-1.9399804957088727,3.1664691051093934,0.535316816976276,0.127947300672531,0.0170357738636598,20.8665941181757
0,18.1225510984644,9.37696933746338,-77.8828964233398,0,7.50225840742863,0.183522920659275,0,7.763175865247604,-75.17010283219636,-3.2947497367858887,10.37398358009815,-79.55888154427645,-2.401353597640991,-1.9501188491006392,3.1565136526102915,0.536648146321979,0.13856329023838,0.0184640201255769,20.941673556719
0,18.1975721507351,9.44041728973389,-77.8428649902344,0,7.4956777518469,0.198758616594445,0,7.827918672897097,-75.14112205871538,-3.28472900390625,10.445183860797593,-79.5263523141015,-2.3811230659484863,-1.9605319257661464,3.146357681083568,0.538090101888386,0.150077119469643,0.0200147859940613,21.0166946089897
0,18.2725227935502,9.50366592407227,-77.8026504516602,0,7.48885283667368,0.214971515026696,0,7.892274043050542,-75.11231471358448,-3.2745933532714844,10.516556279450562,-79.49374443936144,-2.3604748249053955,-1.9712295014172334,3.135999071713854,0.539651266744343,0.162336021661758,0.0216680956943512,21.0916452518049
0,18.3474066554392,9.56670379638672,-77.7622299194336,0,7.48178090807037,0.231993111175455,0,7.956228904727311,-75.08368664775675,-3.264451742172241,10.588119484552633,-79.46104940012908,-2.339947462081909,-1.9822405595744284,3.125415721933752,0.541338316610065,0.175213903188705,0.0234074926425214,21.1665291136939
0,18.4222310050334,9.62951850891113,-77.7215728759766,0,7.47446089622072,0.249683747407604,0,8.019779075576848,-75.05523973337456,-3.2543773651123047,10.659892157701343,-79.42825866135404,-2.3193554878234863,-1.9936013207586507,3.114577574980186,0.543156019857136,0.188606038689613,0.0252193298809015,21.241353463288
0,18.4969850524997,9.69210052490234,-77.6806869506836,0,7.46689295256276,0.26792701305817,0,8.082905001429229,-75.02698272345603,-3.2442407608032227,10.731877782339247,-79.39537063155794,-2.2987048625946045,-2.005312162866372,3.103490995374619,0.545109144857136,0.202424883842468,0.0270922186823178,21.3161075107543
0,18.5716656014516,9.75443935394287,-77.6395645141602,0,7.4590784460574,0.286625234427417,0,8.145594024308457,-74.99892128408128,-3.2340526580810547,10.804086828175619,-79.36238052745091,-2.2775719165802,-2.0173881222546366,3.0921481147008634,0.547202459981647,0.216596990823746,0.0290166214652193,21.3907880597063
0,18.6462764959063,9.8165225982666,-77.5981826782227,0,7.45101660646098,0.305695957112728,0,8.207845192575297,-74.97105584123186,-3.224390745162964,10.87653262321056,-79.32928225987742,-2.256789445877075,-2.0298588656817578,3.0805256715728233,0.54943882625362,0.231060177087784,0.0309844909156944,21.4653989541609
0,18.7208158026446,9.87834072113037,-77.5565338134766,0,7.44270783747395,0.325069276890253,0,8.26965566503451,-74.94338766670982,-3.21490216255188,10.949222279379095,-79.29607257961189,-2.235936164855957,-2.0427389531422464,3.0686153871197694,0.551820151021686,0.245761632919312,0.032989009413462,21.5399382608993
0,18.7952739656162,9.93988513946533,-77.5146255493164,0,7.4342968852876,0.343974753977696,0,8.33101903010054,-74.91591963052831,-3.205482006072998,11.022155020631757,-79.2627518412076,-2.215013265609741,-2.0560286058518877,3.0564231726328233,0.554347387960163,0.260121673345566,0.0349520191535752,21.6143964238709
0,18.8696579321196,10.0011463165283,-77.4724349975586,0,7.42565645544526,0.363173134971338,0,8.391948571798737,-74.8886457863692,-3.195902109146118,11.095340871351269,-79.22931546483075,-2.193537473678589,-2.0697561933925104,3.0439257660957244,0.557019583394733,0.274709612131119,0.0369504907659019,21.6887803903742
0,18.943967880897,10.0621166229248,-77.4299545288086,0,7.41705467745151,0.38260031547588,0,8.452446706891422,-74.86156505241902,-3.1863110065460205,11.168788112845307,-79.19575966700518,-2.1722095012664795,-2.0839360769189472,3.031115593475707,0.559837690999714,0.289481550455093,0.0389773555649265,21.7630903391516
0,19.0182036715556,10.1227931976318,-77.3871841430664,0,7.40921941980841,0.401161022504841,0,8.512844861839952,-74.83518636276973,-3.176255941390991,11.242501862605236,-79.16208210970564,-2.150810480117798,-2.0985733931403656,3.0173873325375538,0.562800757100788,0.303625375032425,0.0409194669975962,21.8373261298103
0,19.0923763871015,10.1831760406494,-77.344108581543,0,7.40217751106801,0.419985492830169,0,8.572850638574712,-74.80899698730484,-3.1661157608032227,11.316495472372898,-79.1282766929297,-2.129328489303589,-2.1136860656235767,3.003321277487267,0.565906874349323,0.318000704050064,0.0428914438010509,21.9114988453561
0,19.1664945806479,10.2432727813721,-77.3007278442383,0,7.39647255092107,0.436759592673508,0,8.632485430539202,-74.78296952724158,-3.1560351848602295,11.390773636474773,-79.09434127198324,-2.1074609756469727,-2.1292738998654754,2.988936739445889,0.569150320699421,0.330876469612122,0.0446565724581584,21.9856170389025
0,19.2405682761115,10.303092956543,-77.2570419311523,0,7.39187866117798,0.452853505003519,0,8.691802011083466,-74.75708094977955,-3.146707773208618,11.465327496794883,-79.06027989386844,-2.085301399230957,-2.145333604998336,2.974233248974615,0.572517744710651,0.343281388282776,0.046353437846747,22.0596907343661
0,19.3146096408522,10.3626432418823,-77.2130432128906,0,7.38836135349773,0.468330694085364,0,8.750817606790777,-74.73132373641832,-3.137587785720825,11.540175838682933,-79.02608397613369,-2.0630505084991455,-2.161874146593447,2.9592082450953043,0.576009146383015,0.355267763137817,0.0479884724687861,22.1337320991068
0,19.3886324095684,10.421932220459,-77.1687240600586,0,7.38620284339517,0.482016796323731,0,8.809579913016806,-74.7056770706358,-3.128242015838623,11.6153183095742,-78.99175367985502,-2.0407164096832275,-2.178900491612406,2.94385468992932,0.57961403529903,0.365954101085663,0.0494404683932598,22.2077548678231
0,19.462652580145,10.4809770584106,-77.1240844726563,0,7.38541028673864,0.494083112875569,0,8.86814690463727,-74.68011564943835,-3.1187243461608887,11.690751198743289,-78.95729070034935,-2.0181896686553955,-2.1964058240385,2.9281742970291016,0.583319060018268,0.375465363264084,0.0507254090379348,22.2817750383997
0,19.5366768030503,10.5397891998291,-77.0791320800781,0,7.38595698157794,0.504686368344822,0,8.926557258933506,-74.65462259222048,-3.1092283725738525,11.766469598548264,-78.92269727976816,-1.9952502250671387,-2.214379697818345,2.91217505514991,0.587114683797565,0.383917689323425,0.0518584861782735,22.3557992613049
0,19.6107231157003,10.5983829498291,-77.0338592529297,0,7.38781635771302,0.513974231567152,0,8.984861865866966,-74.62917568818217,-3.1003966331481934,11.842476111570006,-78.88797222907185,-1.9722692966461182,-2.232823934704476,2.895851055382031,0.59099041621944,0.391421318054199,0.0528542499003433,22.429845573955
0,19.6847948590268,10.6567659378052,-76.9882736206055,0,7.39064718613682,0.523452232993423,0,9.043085309817112,-74.60376420753074,-3.091787099838257,11.918769766546887,-78.85311599200016,-1.9492052793502808,-2.251730608644722,2.87921001494961,0.594940535237995,0.39911150932312,0.053867300822486,22.5039173172814
0,19.7589086371434,10.7149448394775,-76.9423599243164,0,7.39473905805765,0.531728219609535,0,9.10125043057644,-74.57837818189424,-3.083043098449707,11.995370432749267,-78.81811949089126,-1.9260058403015137,-2.2711150678691845,2.8622402631197637,0.598964087178913,0.405947268009186,0.0547553928715407,22.578031095398
0,19.8330761319003,10.7729320526123,-76.8961181640625,0,7.40008896746161,0.538940281271707,0,9.159394383406438,-74.55300139494905,-3.0739195346832275,12.072280548452834,-78.7829816117716,-1.9023571014404297,-2.2909736323108882,2.8449428823171368,0.603053442647663,0.412029355764389,0.0555318961230225,22.652198590155
0,19.9073033749844,10.8307390213013,-76.8495559692383,0,7.40667645867128,0.545208368915457,0,9.21755419523025,-74.52761768638456,-3.064793586730957,12.149493274818942,-78.74770547909735,-1.8786169290542603,-2.311294949362594,2.827324295592503,0.607199064901081,0.417447328567505,0.056208873067474,22.726425833239
0,19.9816058299796,10.8883771896362,-76.8026657104492,0,7.41447870770223,0.550640699955518,0,9.275759445290985,-74.50221414641196,-3.0561914443969727,12.226539499852947,-78.71159768783096,-1.854988932609558,-2.3312442306106065,2.809379537879932,0.611397139241901,0.422282606363297,0.0567973681881413,22.8007282882342
0,20.055998199735,10.9458570480347,-76.7554397583008,0,7.423473504966,0.555334780360439,0,9.334046389162877,-74.47677495137395,-3.047861337661743,12.301104733946225,-78.67139383737182,-1.8323863744735718,-2.3468226015780265,2.7911013780190355,0.615640989949909,0.426609307527542,0.0573074845117298,22.8751206579896
0,20.1304929683327,11.0031862258911,-76.7078704833984,0,7.43364268512398,0.559378337011407,0,9.392441428113122,-74.45128857850163,-3.039520263671875,12.375943533324193,-78.63104248683534,-1.809139370918274,-2.3628485308869527,2.772482767678877,0.619926802327839,0.430494397878647,0.0577483653109204,22.9496154265874
0,20.2050935591275,11.0603733062744,-76.6599655151367,0,7.44422682365052,0.562930403828401,0,9.450970650868419,-74.42574364143361,-3.030773878097534,12.451050768596176,-78.59054640187038,-1.7858092784881592,-2.379312162039932,2.753529423877867,0.624247900655476,0.433931946754456,0.0581251172056038,23.0242160173821
0,20.2797986881665,11.1174144744873,-76.6117248535156,0,7.45399524674564,0.566178122214911,0,9.509639772267843,-74.40013764594227,-3.021995782852173,12.526428098588362,-78.54990468807621,-1.762388825416565,-2.396217950020369,2.7342380053314423,0.628603331258503,0.436884462833405,0.0584424329232471,23.0989211464211
0,20.3545915135271,11.1743049621582,-76.5631713867188,0,7.46191301949168,0.567763328982228,0,9.56847760303368,-74.37445801765786,-3.0136425495147705,12.602033862271632,-78.50913980811661,-1.7391295433044434,-2.4135457131151647,2.7146174167309396,0.632977835347858,0.438184708356857,0.0585535871067661,23.1737139717817
0,20.4294541115286,11.2310256958008,-76.5143127441406,0,7.46772896607013,0.569366275363282,0,9.627487710450897,-74.3487031996475,-3.0056114196777344,12.677841593955758,-78.46826603167997,-1.7153772115707397,-2.431297944111309,2.694661160454059,0.637364737203327,0.439226239919663,0.0586463638490156,23.2485765697832
0,20.5043700843231,11.2875595092773,-76.4651565551758,0,7.47191366554821,0.570898226449917,0,9.686665130152807,-74.322875358597,-2.99755859375,12.753834142331165,-78.4272926063559,-1.6912695169448853,-2.4494773285086606,2.6743656328795913,0.64176117580196,0.44009268283844,0.0587284195112683,23.3234925425777
0,20.5793216577093,11.3438940048218,-76.4157180786133,0,7.47442837665436,0.573843359186541,0,9.74598732113363,-74.29698433247357,-2.9891979694366455,12.83000819878409,-78.38622131607244,-1.6671019792556763,-2.4680799027448734,2.6537404652314063,0.646170965841022,0.441981375217438,0.0589589601034683,23.3984441159639
0,20.6542932750962,11.4000062942505,-76.3659973144531,0,7.47551202493509,0.5764794662404,0,9.805432741529492,-74.27103952317134,-2.9807090759277344,12.906361462295694,-78.34505340148577,-1.6431286334991455,-2.48712060180393,2.632776663959448,0.65059792201778,0.443613976240158,0.0591666202403218,23.4734157333508
0,20.7292685494917,11.4558925628662,-76.3160171508789,0,7.47554170610096,0.577297142487525,0,9.864990853868289,-74.2450455297444,-2.9725329875946045,12.982884683376046,-78.30379384970703,-1.6190001964569092,-2.506583559449636,2.611492236870895,0.655042044332233,0.443869590759277,0.0591999821928546,23.5483910077464
0,20.8042506322387,11.5115480422974,-76.2657699584961,0,7.474602648124,0.578042835727067,0,9.924709846263731,-74.21898132060763,-2.9646031856536865,13.059545703108611,-78.26246000008058,-1.5945593118667603,-2.5264734077444073,2.5898647046864673,0.659486166646687,0.444096148014069,0.0592371418292957,23.6233730904933
0,20.8792098524989,11.5669651031494,-76.2152938842773,0,7.47316153423364,0.57869316270217,0,9.984566335905695,-74.19285710113168,-2.956660032272339,13.136323056316868,-78.22106342613337,-1.5701110363006592,-2.546761834213692,2.56792453167822,0.66393028896114,0.444303601980209,0.0592757774627505,23.6983323107535
0,20.9541600926572,11.6221466064453,-76.1645736694336,0,7.47178877999981,0.577656549299932,0,10.044582484959912,-74.16666319869316,-2.948572874069214,13.213225192867256,-78.17959957189278,-1.545839786529541,-2.567461870359898,2.5456541018944883,0.668371550252643,0.443291366100311,0.0591521643604741,23.7732825509118
0,21.0290857560593,11.6771116256714,-76.113655090332,0,7.47093435947572,0.573494425959081,0,10.103944983003489,-74.13930479804631,-2.940627336502075,13.290193710687724,-78.13809992640593,-1.5214550495147705,-2.588515154930911,2.524462786862112,0.672788016011921,0.439957320690155,0.0587164535660073,23.8482082143139
0,21.1040189413123,11.7318811416626,-76.0625152587891,0,7.47049886252172,0.566497311689229,0,10.160919240847344,-74.10852413037068,-2.9338109493255615,13.367214115588528,-78.09657230460486,-1.4962878227233887,-2.6099237539135403,2.507190184998135,0.677160612752644,0.434490442276001,0.0579943280672964,23.9231413995669
0,21.1789342824314,11.7864761352539,-76.0112152099609,0,7.47030934672625,0.556953955660619,0,10.218139989701081,-74.07761029452145,-2.927189826965332,13.444220802698682,-78.05505207911939,-1.4714062213897705,-2.631612914197911,2.489679946189682,0.681469313314167,0.427086472511292,0.0570129546071558,23.9980567406861
0,21.2538383712639,11.8409118652344,-75.9597625732422,0,7.46999967962798,0.546777503452831,0,10.27564088315141,-74.04654510895648,-2.9205358028411865,13.521189864361554,-78.01355214040528,-1.4470105171203613,-2.653560954743392,2.4719373602498376,0.685701719930378,0.419177442789078,0.0559650649190664,24.0729608295185
0,21.3287311645442,11.8951873779297,-75.9081573486328,0,7.46931491111911,0.538168637769771,0,10.333414157429761,-74.01533276809602,-2.9138500690460205,13.598125763982994,-77.97207008189729,-1.4226269721984863,-2.675768098551346,2.4539601636854247,0.689860693624226,0.412432700395584,0.0550741703462519,24.1478536227988
0,21.4036123857877,11.949294090271,-75.8563919067383,0,7.46850206782364,0.530856049972921,0,10.391434588200948,-73.98398689953096,-2.906898021697998,13.675050707820878,-77.93059393049452,-1.3974120616912842,-2.6982494210824233,2.4357394645579493,0.69395672481319,0.406673133373261,0.0543147333796116,24.2227348440423
0,21.4784793214904,12.0032272338867,-75.8044662475586,0,7.46736464992198,0.52463556056867,0,10.449677951796865,-73.95252059023616,-2.900195360183716,13.75198377640308,-77.88911339841745,-1.3725183010101318,-2.7210114274985675,2.4172749304862395,0.697999350240436,0.401741623878479,0.0536673628769484,24.2976017797451
0,21.5533304900476,12.0569763183594,-75.7523727416992,0,7.46602236207826,0.519330494293016,0,10.50812312647496,-73.92094525135347,-2.893664598464966,13.828942998852419,-77.84761876477982,-1.3478710651397705,-2.7440703004865967,2.3985564121789347,0.701997152974811,0.397514671087265,0.0531148239301183,24.3724529483022
0,21.6281634375423,12.1105442047119,-75.7001190185547,0,7.46449659161808,0.514797419646658,0,10.56675803552678,-73.88926740739348,-5.963864803314209,13.905938013970763,-77.80610483256251,-1.3232104778289795,-2.7674203112514704,2.379592253688114,0.705954901387897,0.393886119127274,0.0526428965594332,24.4472858957969
0,21.7029768018298,12.1639204025269,-75.6476974487305,0,7.46289358043585,0.51091500046314,0,10.62557057564828,-73.85749359723519,-5.949208736419678,13.982978556155835,-77.76456635320328,-1.2979748249053955,-2.791076230597743,2.360370737779577,0.709877363851276,0.390768885612488,0.052239301898281,24.5220992600844
0,21.7777660208543,12.2170972824097,-75.5951080322266,0,7.46115968856788,0.507586996897842,0,10.684536464299365,-73.8256369396594,-5.934623718261719,14.059300597562943,-77.72208757801351,-1.2733972072601318,-2.81385057217996,2.340890986064491,0.713774077108112,0.388085842132568,0.0518941963494669,24.5968884791089
0,21.8525346980536,12.2700786590576,-75.542350769043,0,7.45938312511689,0.504728274628695,0,10.743665783332649,-73.79369198788773,-5.919011116027832,14.130843176560116,-77.67404283279578,-1.251369595527649,-2.829585772558054,2.321151395340328,0.717642180135456,0.385775417089462,0.0515988149609388,24.6716571563082
0,21.9272857511213,12.3228597640991,-75.4894180297852,0,7.45761455454341,0.502268377165274,0,10.802943341849822,-73.76166694888958,-5.903357028961182,14.202411244023647,-77.62598097068222,-1.2293322086334229,-2.8456308555575314,2.3011453079193003,0.721490256002155,0.383783906698227,0.0513456996862939,24.746408209376
0,22.0020234795663,12.3754453659058,-75.4363098144531,0,7.45609707163609,0.498395442958674,0,10.86238401182364,-73.7295537879969,-5.887526512145996,14.27399841104813,-77.57790628217138,-1.2076696157455444,-2.86198167285583,2.2808706221663404,0.725313536336628,0.380741119384766,0.0509506993699312,24.821145937821
0,22.0767467079862,12.4278402328491,-75.3830337524414,0,7.45449690091621,0.495084472176926,0,10.921995756843081,-73.69734820283534,-5.871325492858887,14.345595980235906,-77.52982460804036,-1.1859313249588013,-2.8786278127466227,2.2603325768719382,0.729108206441608,0.378123760223389,0.0506127497207144,24.8958691662408
0,22.151449381956,12.4800500869751,-75.3296051025391,0,7.45311214171181,0.490463481354761,0,10.981778291617708,-73.66505034753467,-5.85330057144165,14.417195815069446,-77.48174141240457,-1.1641076803207397,-2.8955524979035583,2.239544798652468,0.732872358968464,0.374524265527725,0.050142268641269,24.9705718402107
0,22.2261335946068,12.5320768356323,-75.2760238647461,0,7.45162527437898,0.486523220521093,0,11.041741512127793,-73.63265487573513,-5.834970474243164,14.48879098705156,-77.43366134812794,-1.1422888040542603,-2.9127529555488825,2.2185042281970544,0.736602179219928,0.371434450149536,0.0497401928831738,25.0452560528615
0,22.3007972608502,12.5839242935181,-75.222297668457,0,7.45044735942185,0.48134425882244,0,11.101884019051678,-73.6001625434282,-5.819333553314209,14.560380515192056,-77.38558507399888,-1.1208484172821045,-2.9302204004425687,2.1972177268065005,0.740297667196003,0.367418587207794,0.0492123719326998,25.1199197191049
0,22.3754454845612,12.6356067657471,-75.1684341430664,0,7.44975638695856,0.475084640707966,0,11.162233872544922,-73.56755819095486,-5.805871486663818,14.631941413695841,-77.33752802623293,-1.1006444692611694,-2.9479349213629287,2.175691038836172,0.74394737880489,0.362597703933716,0.0485737535234731,25.1945679428159
0,22.4500918957968,12.6871271133423,-75.1144180297852,0,7.44900489004221,0.469771986881371,0,11.222798481047542,-73.53483781586314,-5.792243480682373,14.703489023467444,-77.28947990257569,-1.0783873796463013,-2.9659078716424103,2.1539108606375255,0.747553221395222,0.358482033014297,0.0480294052539078,25.2692143540514
0,22.5247289974569,12.7384815216064,-75.0602569580078,0,7.44807332264161,0.465256545477996,0,11.283559468898755,-73.50201134570855,-5.775378227233887,14.77503122199551,-77.24143541286372,-1.0560705661773682,-2.984137083661315,2.1318835727367653,0.751120917012897,0.354961156845093,0.04756540608748,25.3438514557116
0,22.5993531956896,12.7896718978882,-75.0059585571289,0,7.44730615533177,0.459568346947723,0,11.343628474473055,-73.4681334244508,-5.756352424621582,14.846560399035733,-77.1933996677913,-1.0343213081359863,-3.0026136812398727,2.110911585334315,0.754648558309284,0.350559055805206,0.0469825567640573,25.4184756539443
0,22.67396640608,12.8407001495361,-74.9515228271484,0,7.44641434204232,0.454741529420192,0,11.398888815096587,-73.42887139837582,-5.737580299377441,14.918075516581329,-77.14537336443662,-1.0134838819503784,-3.0213355648729485,2.096970981597366,0.758135191610065,0.346802026033401,0.0464864212093621,25.4930888643346
0,22.7485623507363,12.8915643692017,-74.8969573974609,0,7.44553289719322,0.450632880126276,0,11.454263998896026,-73.3895277771511,-5.718769550323486,14.987959811771333,-77.09564088165136,-0.9936254620552063,-3.0379405713869168,2.0828289451292323,0.761587492635456,0.343594163656235,0.0460634012864679,25.5676848089909
0,22.8231508586023,12.9422616958618,-74.8422470092774,0,7.44476834338606,0.447126692654936,0,11.509753500314696,-73.35010293418044,-5.699128150939941,15.05319219005231,-77.04105637011662,-0.9755419492721558,-3.0480797490580143,2.068471336798405,0.765010229757038,0.340855211019516,0.0457021767675915,25.642273316857
0,22.8977306457797,12.9927892684937,-74.7873916625977,0,7.44439364187676,0.444121332803653,0,11.565346781408122,-73.31060435658834,-5.6703782081604,15.118405579411531,-76.98648774794611,-0.9377965927124023,-3.0584748313227386,2.053896979190396,0.76840912502071,0.338522911071777,0.0453928292994858,25.7168531040343
0,22.9723049555529,13.0431509017944,-74.7323913574219,0,7.44480263710573,0.441525750658354,0,11.621047131789442,-73.27102970713122,-5.6415696144104,15.183603423721461,-76.93193213340992,-0.8769299387931824,-3.069123103405574,2.039106913725375,0.771784178426471,0.336550503969192,0.0451268096181688,25.7914274138075
0,23.0468876489979,13.0933494567871,-74.6772308349609,0,7.44618470130093,0.439269888673076,0,11.676856491122981,-73.23137760769322,-5.612714767456055,15.248810361907347,-76.87736890938915,-0.8160534501075745,-3.0800355939583968,2.024090876560706,0.775141112020221,0.334895044565201,0.0448973314142555,25.8660101072525
0,23.1214895621709,13.1433916091919,-74.6219024658203,0,7.44857804997719,0.4373012663545,0,11.732781317038388,-73.1916434701806,-5.588505744934082,15.314040211527681,-76.82278651376232,-0.7549951076507568,-3.0912143159781005,2.008845984872338,0.778481833150593,0.333516597747803,0.0446989071491538,25.9406120204255
0,23.1961139457046,13.1932811737061,-74.56640625,0,7.45199062208692,0.435577261612254,0,11.788815769627451,-73.151831443801,-5.565346717834473,15.379310267411428,-76.7681704747316,-0.6902880668640137,-3.1026583601540954,1.9933752666236082,0.781812063863483,0.332380264997482,0.0445268839297458,26.0152364039592
0,23.2707792148152,13.2430276870728,-74.5107269287109,0,7.45642702956468,0.434062139795443,0,11.844977429604173,-73.111929037599,-5.541479587554932,15.444633416891957,-76.71351000856022,-0.6110864281654358,-3.11437330556936,1.977670362468727,0.785130850484577,0.331456243991852,0.0443772937538393,26.0899016730698
0,23.3455038192118,13.2926321029663,-74.4548416137695,0,7.4618915033565,0.432725968104591,0,11.90127254204855,-73.07193181449567,-5.514267444610596,15.510038137757276,-76.65878128588324,-0.531109631061554,-3.1263780323953516,1.9617137764426347,0.788443915059772,0.330718845129013,0.0442467085511641,26.1646262774665
0,23.4202770621631,13.3421030044556,-74.3987731933594,0,7.46838512163458,0.43154320325184,0,11.957706809052006,-73.03183572320106,-5.480107307434082,15.575500054118502,-76.60400470371854,-0.4801013171672821,-3.1386475424494247,1.9455258603192227,0.791743628194538,0.330146461725235,0.0441322561915558,26.2393995204177
0,23.4951078495797,13.3914442062378,-74.3425140380859,0,7.47591061839159,0.430492282365534,0,12.014267043632964,-72.99165013295915,-5.445868968963623,15.641059399424874,-76.54914659591398,-0.49637570977211,-3.1511895789820454,1.9291060694981452,0.795043341329304,0.32972052693367,0.0440314548888624,26.3142303078344
0,23.5700427495194,13.4406642913818,-74.2860107421875,0,7.48447100742561,0.429554746022806,0,12.070991867651703,-72.95134760324991,-5.412970066070557,15.706752271780903,-76.49417675665067,-0.5127319097518921,-3.164040436268074,1.9124142445520034,0.798343054464069,0.32942533493042,0.043942199617947,26.3891652077741
0,23.6450504930048,13.489767074585,-74.2293090820313,0,7.49392185788965,0.42872613100328,0,12.127858501541013,-72.910944318772,-5.380058288574219,15.772288825144352,-76.43885259095025,-0.5293969511985779,-3.1767889542086922,1.8954895437154191,0.801642767598835,0.329238176345825,0.0438623071835623,26.4641729512595
0,23.7201624963113,13.5387554168701,-74.1723709106445,0,7.50378429641277,0.428029119959278,0,12.18489337549369,-72.87042150108672,-5.354773044586182,15.837930784005815,-76.38338645006304,-0.5445349216461182,-3.1897957747156647,1.8783010121191295,0.8049424807336,0.32911816239357,0.0437891090984565,26.5392849545659
0,23.7953666952081,13.5876274108887,-74.1152114868164,0,7.51372371345657,0.427469671198954,0,12.242088462544585,-72.82978485328803,-5.329119682312012,15.903699927823878,-76.32781284043413,-0.5559179782867432,-3.2030917335807683,1.8608591273105757,0.808242193868366,0.329040974378586,0.0437212992402347,26.6144891534628
0,23.8706760528529,13.6363840103149,-74.0578155517578,0,7.5236728327326,0.427030856970652,0,12.299470246906237,-72.78901555855667,-5.303386211395264,15.969583805251354,-76.27214228320258,-0.5673254132270813,-3.2166852747327415,1.8431472631178165,0.811532370259968,0.329001992940903,0.0436586407406376,26.6897985111075
0,23.9460778352197,13.685022354126,-74.0001983642578,0,7.53374519262384,0.426682112043422,0,12.35702971976914,-72.74812001757907,-5.28468132019043,16.03557424428012,-76.21638168355163,-0.5787463188171387,-3.2305669305902547,1.8251752308005427,0.814813009908405,0.329008251428604,0.043601401079374,26.7652002934743
0,24.0215850664029,13.7335433959961,-73.9423446655273,0,7.5439286488931,0.426410696548545,0,12.414744043700386,-72.70711445616702,-5.273858547210693,16.101739213076456,-76.16047360974169,-0.5907360911369324,-3.2447569155791185,1.8069381289163837,0.818107000997273,0.329054325819015,0.0435489179363547,26.8407075246575
0,24.0971849674115,13.7819442749023,-73.8842697143555,0,7.55399315773453,0.426222718267433,0,12.472616499376352,-72.66599654342643,-5.263005256652832,16.168052182913215,-76.10444047801602,-0.5991833209991455,-3.2592436497575874,1.7884431058239698,0.821406714132038,0.32912203669548,0.0435000905019068,26.9163074256661
0,24.1728999440051,13.8302221298218,-73.8259429931641,0,7.56379756374449,0.426114895495363,0,12.530675018423814,-72.62474643416189,-5.248614311218262,16.234516853547294,-76.04827916215413,-0.6057263016700745,-3.27405118569266,1.769659817055698,0.824706427266804,0.329202562570572,0.0434545472140668,26.9920224022597
0,24.2486930774109,13.8783731460571,-73.7674102783203,0,7.57331297047076,0.426074978193806,0,12.588891778725898,-72.5833838957629,-5.232906341552734,16.301107632909083,-75.9920112869424,-0.6122826933860779,-3.289147616228924,1.7506229380669867,0.828006140401569,0.329295009374619,0.0434123221028264,27.0678155356655
0,24.3245986931568,13.9263944625855,-73.708625793457,0,7.58253150433959,0.426090443339026,0,12.64548126560724,-72.5402336068047,-5.230887413024902,16.36785120143811,-75.93561430794367,-0.618853747844696,-3.304570902756413,1.733747074986201,0.831305853536335,0.329399228096008,0.0433734273684972,27.1437211514114
0,24.4005797312371,13.9742822647095,-73.6496353149414,0,7.59131993301128,0.426161286212204,0,12.69720288604295,-72.49243718579969,-5.226809978485107,16.434721847887285,-75.87910995064688,-0.6214941143989563,-3.3202891581490497,1.723380181360002,0.834605566671101,0.32950621843338,0.0433374209747399,27.2197021894918
0,24.4766576709593,14.0220317840576,-73.5904083251953,0,7.59969475193002,0.426274639626075,0,12.749036335521092,-72.44453742255696,-5.215695858001709,16.501736761511832,-75.82248369047558,-0.6183129549026489,-3.3363299014789285,1.7127572908932132,0.837905279805866,0.329618513584137,0.0433045301607171,27.2957801292139
0,24.5528125280844,14.0696382522583,-73.5309677124023,0,7.60748381110542,0.426434578726678,0,12.800968597741461,-72.39654634555825,-5.200491905212402,16.568882702309576,-75.76574671496647,-0.6151257157325745,-3.352679527096766,1.7018914565401062,0.841204992940632,0.329724907875061,0.0432742436289415,27.371934986339
0,24.629036152999,14.1170969009399,-73.471321105957,0,7.61460816307792,0.426635339095516,0,12.852994947444163,-72.3484683214593,-5.185996055603027,16.63615509362166,-75.70890289130469,-0.6128747463226318,-3.369336199348001,1.6907844701457366,0.844504706075397,0.329823791980743,0.0432467843013483,27.4481586112536
0,24.7053383411409,14.164402961731,-73.4114532470703,0,7.62127984278246,0.426851674444044,0,12.905123310836972,-72.30029602557921,-5.174246788024902,16.703562588773657,-75.65194490760335,-0.6115673780441284,-3.3863157697594537,1.6794212128074273,0.847804419210163,0.329928874969482,0.0432227423847443,27.5244607993956
0,24.781693007154,14.2115516662598,-73.3513946533203,0,7.62763191571982,0.427069793518783,0,12.957336338002358,-72.25204549113501,-5.16651725769043,16.77108741001386,-75.59488778570672,-0.5958459377288818,-3.4035987804997925,1.6678203350581329,0.851104132344928,0.330044806003571,0.0432019662878744,27.6008154654087
0,24.8581123612387,14.2585420608521,-73.291130065918,0,7.63356327755912,0.427295685791067,0,13.009643851413891,-72.20370764108927,-5.158771991729736,16.834561560322133,-75.53408417486804,-0.5800695419311523,-3.4156580034461475,1.6559692833982043,0.854403845479694,0.330161988735199,0.0431837584009234,27.6772348194933
0,24.9345997600336,14.3053684234619,-73.2306518554688,0,7.63923371185602,0.427516003449598,0,13.062049224978468,-72.15527935758388,-5.151015281677246,16.893470869899282,-75.46915520682242,-0.6042565703392029,-3.4218666729252507,1.6438578522867335,0.85770355861446,0.330288052558899,0.04316821102623,27.7537222182882
0,25.011137946744,14.3520307540894,-73.1699829101563,0,7.64458565912162,0.427735212401077,0,13.114541574641342,-72.10677069867309,-5.143247127532959,16.952433196385655,-75.4041678043251,-0.6330956816673279,-3.4283633126073942,1.6315022757869708,0.861003271749225,0.330415517091751,0.0431546621851967,27.8302604049986
0,25.0877213807645,14.3985385894775,-73.1091384887695,0,7.65007314932856,0.424501638291312,0,13.16712900445646,-72.05817417532671,-5.134323596954346,17.01142691288539,-75.33914580422021,-0.6621960401535034,-3.4351299855412987,1.6189180196081479,0.864294401815143,0.327934235334396,0.0428009662593096,27.9068438390191
0,25.164357671801,14.4449033737183,-73.0481185913086,0,7.65509939385829,0.421722764566125,0,13.219834331796097,-72.00946870180304,-5.128180980682373,17.070427689477093,-75.27411602258658,-0.693817138671875,-3.442156663589976,1.6061095076133747,0.867563597371784,0.325762748718262,0.0424905695582542,27.9834801300556
0,25.2410476876034,14.491135597229,-72.986930847168,0,7.66016850100885,0.415768364019315,0,13.272671658209976,-71.96064124673138,-5.120673656463623,17.129413136415454,-75.2091031370697,-0.7163561582565308,-3.4494286570072332,1.593086537088961,0.870800368001667,0.32117885351181,0.0418668083897355,28.060170145858
0,25.317794687469,14.537260055542,-72.9255905151367,0,7.6653007973726,0.406973651081481,0,13.325674872393101,-71.91166049325972,-5.11314058303833,17.18832727082421,-75.14416885116617,-0.7329663038253784,-3.4569129600039763,1.579871116670413,0.873978964498249,0.314425766468048,0.0409616723056898,28.1369171457236
0,25.3945843697048,14.5832929611206,-72.864128112793,0,7.6702345448237,0.397464816556059,0,13.378848351069157,-71.8625223968178,-5.105579853057861,17.247132797437118,-75.0793542711658,-0.7439221143722534,-3.4645735100133073,1.5664931627543637,0.877086989095417,0.307097792625427,0.0399839544105349,28.2137068279594
0,25.4714083665533,14.6292505264282,-72.8025665283203,0,7.67501258265698,0.385522468435175,0,13.432200006078743,-71.81321964600157,-5.097992897033691,17.305795776583146,-75.01469680487101,-0.7531640529632568,-3.472378844043277,1.5529768838661737,0.880112044027058,0.297893732786179,0.0387645786372901,28.290530824808
0,25.5482631654497,14.6751470565796,-72.7409210205078,0,7.67953083413266,0.373410980996705,0,13.485737186035905,-71.7637454498898,-5.087910175323486,17.36429156145772,-74.95022361762459,-0.7636010646820068,-3.4803040289237908,1.5393400975610905,0.883044592550007,0.288530677556992,0.0375270572049875,28.3673856237043
0,25.6251833785474,14.7209787368774,-72.6791458129883,0,7.68377943619748,0.363298958368565,0,13.537844532271574,-71.71275620199283,-5.075478553771973,17.42265945287299,-74.88589139265378,-0.7740160822868347,-3.4883813932188614,1.527650295829587,0.885892264058796,0.280667841434479,0.0364865558045767,28.4443058368021
0,25.702120613748,14.7667360305786,-72.6172943115234,0,7.68797084750151,0.354823602935792,0,13.586524453078317,-71.65873821747027,-5.059854507446289,17.48089386594329,-74.82170628553678,-0.7815527319908142,-3.49658188899461,1.5204371585541072,0.888666502645222,0.274061053991318,0.0356101284906586,28.5212430720027
0,25.7790934349205,14.8124189376831,-72.5553436279297,0,7.69231802555752,0.345682174773176,0,13.635321237238585,-71.60459055478233,-5.045151233673096,17.53901745139407,-74.75764333097968,-0.7874889969825745,-3.504919890243552,1.513106209917509,0.891372076680866,0.266977429389954,0.0346720271266697,28.5982158931751
0,25.85612718159,14.8580284118652,-72.4932632446289,0,7.69652935629607,0.33802118868434,0,13.68424703809711,-71.55029972789251,-5.033897399902344,17.597055192100434,-74.69367499322775,-0.7934167385101318,-3.513414232085023,1.5056370436797777,0.894012800862995,0.2610182762146,0.033881103474417,28.6752496398446
0,25.9331795691838,14.9035654067993,-72.4311065673828,0,7.70093768133727,0.329564067174486,0,13.733271182563282,-71.49589977339139,-5.024654388427734,17.654985857624254,-74.6298246721553,-0.79901123046875,-3.522027228950984,1.498065525538813,0.896591536214558,0.254483550786972,0.0330155684081585,28.7523020274384
0,26.0102799074345,14.9490480422974,-72.3688507080078,0,7.70579409622313,0.318424977776155,0,13.782427157007715,-71.44135353291429,-5.017526626586914,17.712794589765448,-74.56610874425024,-0.8052441477775574,-3.5307559893702027,1.4903876340739424,0.899093977620808,0.245947510004044,0.0318900023451199,28.8294023656891
0,26.0874283582382,14.9944972991943,-72.306510925293,0,7.71129757723671,0.30694047739278,0,13.831724525930266,-71.38665039315299,-5.009786128997803,17.770458559636296,-74.50255237117436,-0.8118298053741455,-3.5395704473146767,1.4826273708633029,0.901510588338581,0.23718287050724,0.0307335049360907,28.9065508164929
0,26.1646216384311,15.0399284362793,-72.2441024780273,0,7.71764330995059,0.295241514344819,0,13.88116348610504,-71.33179013575581,-4.994964599609375,17.827968062434607,-74.43916624941679,-0.8174145221710205,-3.5484461271771974,1.4748050785148699,0.903838507344929,0.228295370936394,0.0295593476626097,28.9837440966858
0,26.241896819988,15.0853414535522,-72.1815795898438,0,7.72476376241215,0.285417693728226,0,13.93076055284441,-71.2767544344011,-4.980093955993652,17.88536203261765,-74.37590746599571,-0.8229870200157166,-3.5574133961696575,1.4668897771138545,0.906084410360065,0.22085790336132,0.0285713982239777,29.0610192782426
0,26.3192270420463,15.1307325363159,-72.1189727783203,0,7.73278836901477,0.27717565309853,0,13.980483123544948,-71.22157946677561,-4.965408802032471,17.94187027897458,-74.31214599804449,-0.8288403153419495,-3.565459883369254,1.4588997454194943,0.908262602498737,0.214660972356796,0.027742024725451,29.138349500301
0,26.3966348188975,15.1761083602905,-72.0562591552734,0,7.74190306223242,0.268171707001949,0,14.03034161529529,-71.16625367349054,-4.953433513641357,17.99326259571304,-74.24456032870667,-0.8357922434806824,-3.567214601311309,1.4508243144986381,0.91037689845821,0.207937598228455,0.0268426200557256,29.2157572771521
0,26.4741600836502,15.2214841842651,-71.9934005737305,0,7.75194306067854,0.260620612559718,0,14.08036096405622,-71.11074938419799,-4.941497802734375,18.044592852620053,-74.17705627381073,-0.8427331447601318,-3.569074777842822,1.4426487188789363,0.9124282519128,0.202339962124825,0.0260870989718058,29.2932825419048
0,26.5517743242823,15.2668428421021,-71.930419921875,0,7.76257439743217,0.25429181604544,0,14.130509408057163,-71.0551018435492,-4.929532527923584,18.09587069079492,-74.10962115441573,-0.8496667146682739,-3.5710385857039664,1.434376314490845,0.91442906062862,0.197666719555855,0.0254504154768615,29.3708967825369
0,26.629495034531,15.3121929168701,-71.867301940918,0,7.77350583940234,0.248991793250995,0,14.180790836314303,-70.99930673607258,-4.913454532623291,18.147123278166376,-74.04221924217225,-0.8568090796470642,-3.5731072500968293,1.4260036267557725,0.916386954000202,0.193754851818085,0.0249122517624139,29.4486174927856
0,26.7073229578515,15.3575248718262,-71.8040390014648,0,7.78455060256083,0.244556843306727,0,14.231199663202158,-70.94337025989304,-4.896983623504639,18.198363355960307,-73.974833781185,-0.8645861744880676,-3.575292053608744,1.4175186624170788,0.918307654073444,0.190474539995193,0.0244562114594354,29.5264454161062
0,26.7852565571406,15.4028358459473,-71.7406311035156,0,7.7957157387108,0.240841450008957,0,14.281726407406987,-70.88730293601084,-4.879505634307861,18.24960870257976,-73.90744139120287,-0.8723657131195068,-3.577594515884483,1.408919917753028,0.920199743917194,0.187727451324463,0.0240693650227208,29.6043790153952
0,26.8633010706446,15.4481239318848,-71.6770706176758,0,7.80696634207313,0.237728667183504,0,14.332373427197961,-70.83110214755757,-4.866658687591553,18.30086463590723,-73.84003507871648,-0.8801440000534058,-3.580020221187505,1.4002006431733636,0.922064177205768,0.185428589582443,0.0237406787149487,29.6824235288992
0,26.9414595516182,15.4933834075928,-71.6133499145508,0,7.8182082454766,0.235124579560565,0,14.380772459047105,-70.7729891776615,-4.85418701171875,18.35214957823602,-73.7725906166993,-0.8883788585662842,-3.582577902604336,1.394313196856743,0.923908583333698,0.183505058288574,0.0234608907527861,29.7605820098729
0,27.0197321725299,15.5386142730713,-71.5494689941406,0,7.82942585887209,0.232947356352268,0,14.421290127134217,-70.70875194277565,-4.841799259185791,18.403472142778973,-73.7050966779765,-0.8991137742996216,-3.585267259904864,1.398291245610085,0.925736776998249,0.181898757815361,0.0232224307961606,29.8388546307845
0,27.0981152556937,15.5838098526001,-71.4854278564453,0,7.84061781194341,0.231128112192448,0,14.461869460943573,-70.64441694225641,-4.829071998596191,18.45483025008992,-73.63755599721291,-0.90985107421875,-3.588093317778466,1.4021589069057845,0.927548758199421,0.180561438202858,0.0230189817119764,29.9172377139483
0,27.1766095372358,15.6289710998535,-71.4212265014649,0,7.85192033135959,0.22960254995015,0,14.502509039658559,-70.5799864286848,-4.815516471862793,18.506230817795245,-73.56995947708741,-0.9175609946250916,-3.5910551214117796,1.4059166522627473,0.929347387960163,0.179457917809486,0.0228455250271812,29.9957319954904
0,27.2552146539146,15.6740970611572,-71.3568649291992,0,7.86319163992546,0.228331886599942,0,14.54320320676874,-70.51546936996563,-4.799295425415039,18.55769045844704,-73.50228527055116,-0.9248327612876892,-3.5941534917112667,1.4095628389651773,0.931140295675007,0.178546011447907,0.0226969901484847,30.0743371121692
0,27.3339280602394,15.7191829681396,-71.2923431396484,0,7.8743523315543,0.227279555946401,0,14.583956569884753,-70.4508584611334,-4.784686088562012,18.609191239106487,-73.43455696108417,-0.937152087688446,-3.5973918139406886,1.4130942783374962,0.932919851949421,0.177794218063355,0.0225695012968967,30.1530505184941
0,27.4127562143317,15.7642288208008,-71.227653503418,0,7.88547613251266,0.226407248508359,0,14.624767038639247,-70.3861570162835,-4.769258975982666,18.660753865926672,-73.36674731817212,-0.9471801519393921,-3.600774872907325,1.4165060857145921,0.934693686177936,0.177181571722031,0.0224601002958379,30.2318786725864
0,27.4916976955478,15.8092317581177,-71.1627960205078,0,7.8965816127383,0.225685685781065,0,14.66562973691062,-70.32137276608223,-4.753233432769775,18.712390216279015,-73.29884072196855,-0.9570837020874023,-3.6043052034798766,1.419795293694491,0.936467520406452,0.176687747240067,0.0223660868043605,30.3108201538025
0,27.5707521787257,15.854190826416,-71.097770690918,0,7.90767523126816,0.225091178522549,0,14.706549796444865,-70.25649757459311,-4.738584041595459,18.76408583004819,-73.23085618886802,-0.9665258526802063,-3.6079831864531022,1.4229618371285264,0.938234678914753,0.176294952630997,0.0222851304984342,30.3898746369803
0,27.6499198827372,15.8991060256958,-71.0325775146484,0,7.91875711807633,0.224603894486527,0,14.747531966339192,-70.19152391253603,-4.723369121551514,18.815828612584554,-73.16280962445805,-0.9750866293907166,-3.6118083407804336,1.4260063028644883,0.93998943965694,0.175987914204597,0.022215249694887,30.4690423409918
0,27.729193116435,15.9439744949341,-70.9672241210938,0,7.92983254397769,0.224207299215382,0,14.788562984612048,-70.126472805628,-4.706593990325928,18.86764132024222,-73.09467110201959,-0.9840795397758484,-3.6157790809253676,1.4289291559213753,0.941744200399128,0.175753682851791,0.0221547522016072,30.5483155746896
0,27.808578925734,15.9887971878052,-70.9017028808594,0,7.94103234933004,0.223880558771342,0,14.829646799060802,-70.06133799498004,-4.692087173461914,18.919528483938247,-73.02643466297593,-0.9930846691131592,-3.6198993184990322,1.4317271964816947,0.943498961141315,0.175586774945259,0.0221025462736903,30.6277013839887
0,27.8880769948107,16.0335731506348,-70.8360137939453,0,7.95234823260284,0.223614121284874,0,14.870783466504317,-69.99611939051077,-4.674622535705566,18.971245783076714,-72.95792357417848,-1.0021239519119263,-3.6238683214001344,1.4343996857364798,0.945253721883503,0.175475835800171,0.0220571959451866,30.7071994530653
0,27.9676843318813,16.078296661377,-70.7701568603516,0,7.96354002671675,0.225279013076848,0,14.91196716318175,-69.93082622528597,-4.656758785247803,19.014617946630405,-72.88323417934427,-1.0100561380386353,-3.6176067290784175,1.4369413395542863,0.947014204671589,0.176825225353241,0.0221954701604405,30.786806790136
0,28.0473952057539,16.1229457855225,-70.7041244506836,0,7.97458743648986,0.228534036623766,0,14.953182985082899,-69.8654821283161,-4.643470287322998,19.058067302986423,-72.80841185400305,-1.0180041790008545,-3.6115043677183447,1.4393282996447465,0.948795668294636,0.17939268052578,0.0224863119866201,30.8665176640085
0,28.127233124303,16.167516708374,-70.6378860473633,0,7.985658228821,0.231323744773401,0,14.994441914461444,-69.80006968819418,-4.629230976104736,19.101608954698474,-72.73343059067666,-1.0266259908676147,-3.6055795987541073,1.4415410933457178,0.950600020101276,0.181635469198227,0.0227356726065234,30.9463555825577
0,28.2071815690945,16.2120018005371,-70.5714569091797,0,7.99659473799344,0.235508856367154,0,15.035730957989019,-69.734609504711,-4.613311767578125,19.145245058569632,-72.65828667522442,-1.0352184772491455,-3.599829785315349,1.4435811973681176,0.952432982137409,0.184948459267616,0.0231183782732978,31.0263040273491
0,28.287230357784,16.2563819885254,-70.5048370361328,0,8.00722781398446,0.24248495958694,0,15.07632881159895,-69.66862834680539,-4.597005367279053,19.188996205423354,-72.5829446490476,-1.0411376953125,-3.5942672961267736,1.446295430567652,0.95430885951778,0.190395936369896,0.0237671135427277,31.1063528160386
0,28.3673906532618,16.300630569458,-70.4379959106445,0,8.01767810448509,0.251713481606621,0,15.115967684317072,-69.60196615369611,-4.580794811248779,19.232903598357634,-72.50733355800878,-1.0470763444900513,-3.5889251057679314,1.4499558289594952,0.956247679403034,0.197603702545166,0.0246338639972694,31.1865131115164
0,28.4476569243575,16.3447246551514,-70.3709259033203,0,8.02794314236108,0.262779182906778,0,15.155590758950646,-69.53533052882378,-4.564756870269775,19.276993163524775,-72.43140875576181,-1.0530407428741455,-3.5838231248770804,1.4533612947142782,0.95826565425655,0.206266552209854,0.0256798204422792,31.2667793826121
0,28.5280366384839,16.3886413574219,-70.3036041259766,0,8.03779749956664,0.275363397925617,0,15.195191338606437,-69.46873273460731,-4.549240589141846,19.321291932182564,-72.3551236929045,0.3996826112270355,-3.5789903502429383,1.4564797243825693,0.960376135518757,0.216128081083298,0.0268732029330315,31.3471590967385
0,28.6085001993931,16.4323596954346,-70.2360534667969,0,8.04736252150497,0.289189470892642,0,15.234745591070972,-69.40221285058249,-4.533499717712402,19.36580517989227,-72.27846928461271,0.3836328089237213,-3.574432092395842,1.459304531692933,0.962590567281452,0.226995497941971,0.0281892445069814,31.4276226576478
0,28.6890768833796,16.4758605957031,-70.1682281494141,0,8.05672252810292,0.304033463741833,0,15.274261355542633,-69.33575769327257,-4.517345905303955,19.410562014934396,-72.20139540473,0.36750486493110657,-3.5701878813483923,1.4617960850620408,0.964917532613483,0.238706350326538,0.0296071467816973,31.5081993416342
0,28.7697513834939,16.5191249847412,-70.1001358032227,0,8.06580746222656,0.319719810135476,0,15.313725631743031,-69.26938912573793,-4.500662803649902,19.455566177543865,-72.12389561235369,0.34990599751472473,-3.5662712521402873,1.4639424996769466,0.967363707235065,0.251118689775467,0.0311093016880165,31.5888738417485
0,28.850517029317,16.5621376037598,-70.0317764282227,0,8.07460255208321,0.336099326944083,0,15.353129186713733,-69.2031226753944,-4.483182430267334,19.500827496024787,-72.04595298257104,-3.6539671421051025,-3.562696377041824,1.46573135142995,0.969936720540729,0.264116406440735,0.0326812249134605,31.6696394875716
0,28.9313733666195,16.6048946380615,-69.9631500244141,0,8.08349364641803,0.351013741442339,0,15.3924734280105,-69.13695597510213,-4.466701507568359,19.54634209012888,-71.9675741973958,-3.5989880561828613,-3.5594703789337916,1.4671611355607983,0.972634665181843,0.276063919067383,0.0341194074358701,31.7504958248742
0,29.0123234685546,16.6473865509033,-69.8942489624023,0,8.09236024680016,0.365513179140413,0,15.431764377992353,-69.07087889683194,-4.451682090759277,19.59210098809586,-71.88877470672242,-3.5405943393707275,-3.5566101924959415,1.468221894725067,0.975451819112507,0.287730425596237,0.0355195966179372,31.8314459268092
0,29.0933820491363,16.6896133422852,-69.8250579833984,0,8.10118248655332,0.379641723483501,0,15.471012800718894,-69.00487333825723,-4.436140060424805,19.63785716948796,-71.809386920341,-3.4823436737060547,-3.553829342361129,1.46890780242704,0.978384367635456,0.299143075942993,0.0368853736135394,31.912504507391
0,29.1745318870892,16.7315635681152,-69.7555923461914,0,8.10995368841411,0.393439503815846,0,15.510212681690463,-68.9389494141898,-4.419666767120361,19.683819159017204,-71.72958580586777,-3.436253547668457,-3.551402997810473,1.469218726452483,0.981429449727741,0.310327768325806,0.038220098558781,31.9936543453438
0,29.2557737715831,16.7732353210449,-69.6858520507813,0,8.11866710912595,0.406941600744286,0,15.549365914780196,-68.8731039396315,-4.403138160705566,19.730009232529852,-71.64938868251295,-3.3773913383483887,-3.5493644597012106,1.4691547963942702,0.984586111715046,0.321307957172394,0.0395268187847875,32.0748962298378
0,29.337103655851,16.8146171569824,-69.615837097168,0,8.12707551447624,0.421336904782213,0,15.588470407126776,-68.80734043422646,-4.386506080627441,19.776427379880936,-71.56879556789066,-3.313039541244507,-3.547726960299182,1.4687078355374537,0.987855307271686,0.332982242107391,0.0409170129472756,32.1562261141057
0,29.4185250296945,16.8556861877441,-69.5455322265625,0,8.13515191677529,0.436455380838336,0,15.627521853562738,-68.74166613813779,-4.370089054107666,19.823090571788775,-71.48777699673516,-3.249417543411255,-3.546519917568575,1.4678516000857846,0.991245619466511,0.345235586166382,0.0423765652887829,32.2376474879491
0,29.5000323938495,16.896427154541,-69.4749374389648,0,8.14290093134198,0.452160572303823,0,15.665095281884636,-68.6751616889537,-4.354037761688232,19.869998255207374,-71.40633392926786,-3.192303419113159,-3.5457604957855224,1.4682708983444652,0.994758001973835,0.357972621917725,0.0438936952646544,32.3191548521042
0,29.5816251905105,16.9368209838867,-69.4040451049805,0,8.15032675113284,0.468338622877634,0,15.701185918404573,-68.60786145607038,-4.338065147399902,19.917167522011738,-71.32443668986576,-3.168085813522339,-3.5454716649004596,1.4699327936476723,0.998401991536823,0.371111929416656,0.0454583918152736,32.4007476487652
0,29.6633002793313,16.9768562316895,-69.3328552246094,0,8.15743428318023,0.484892897389507,0,15.737205638408904,-68.54069346518875,-4.321786880493164,19.964599424445918,-71.24208345157906,-3.163958787918091,-3.5456680341678957,1.471140321828395,1.00217854182979,0.384583204984665,0.0470620487693242,32.4824227375859
0,29.7450491282539,17.0165100097656,-69.2613677978516,0,8.16422543360189,0.50174034769258,0,15.773149550587235,-68.47366683740948,-4.305420875549316,20.012293927455485,-71.1592742752707,-3.1770055294036865,-3.546374244001713,1.471875685827332,1.00608956020137,0.398325145244598,0.0486972179076927,32.5641715865085
0,29.8268766481573,17.0557727813721,-69.1895751953125,0,8.17070486183934,0.518809566011169,0,15.809017507043015,-68.40678184852354,-4.289085388183594,20.060263215052515,-71.07598800655308,-3.1959691047668457,-3.547607089361744,1.472129117246329,1.01013981502315,0.412284314632416,0.0503574301569775,32.645999106412
0,29.9087776219128,17.0946273803711,-69.1174774169922,0,8.1768771770823,0.536038387851551,0,15.844807311148035,-68.34004259470667,-4.272853851318359,20.108507803291946,-70.99222374943015,-3.212597608566284,-3.549387132260312,1.4718882798415376,1.01433025996944,0.4264135658741,0.0520370113416602,32.7279000801675
0,29.9907506799775,17.1330642700195,-69.0450744628906,0,8.18291810431899,0.552820172105466,0,15.880519627887333,-68.27344783592403,-4.256698131561279,20.15702889281386,-70.90797941930079,-3.221956729888916,-3.551728722260399,1.4711477600763956,1.01866089504024,0.440251976251602,0.0536789844906436,32.8098731382322
0,30.0727963694397,17.1710777282715,-68.9723663330078,0,8.18919978964464,0.568061013118699,0,15.916159633003332,-68.20698792067859,-4.24058198928833,20.205820545417836,-70.8232653263151,-3.233114004135132,-3.5546435896791757,1.4699059629415312,1.02312695186397,0.452959597110748,0.0551792301669925,32.8919188276944
0,30.1549170704356,17.2086658477783,-68.8993530273438,0,8.19550448619725,0.582805518010401,0,15.951740269002611,-68.14063871435286,-4.224306583404541,20.25486114969812,-70.73811899309301,-3.2361485958099365,-3.5581408198996263,1.468165290189739,1.02771412532589,0.465306282043457,0.0566327785497239,32.9740395286902
0,30.2371151861943,17.2458267211914,-68.8260345458984,0,8.20206676500353,0.596179090499933,0,15.987265341092002,-68.07439312116439,-4.207982063293457,20.304153006189498,-70.65253642535052,-3.237398624420166,-3.562228064168887,1.465926866816303,1.03242146175167,0.476626187562943,0.0579575958347153,33.0562376444489
0,30.3193939943981,17.2825603485107,-68.7524108886719,0,8.20891149471481,0.608296308326219,0,16.02274654051869,-68.00822933978924,-4.191685676574707,20.35368047173556,-70.56654478338525,-3.231271982192993,-3.566911913577979,1.463194111696986,1.03723751704952,0.486990481615067,0.0591624001537202,33.1385164526528
0,30.4017430670795,17.3188667297363,-68.6784973144531,0,8.21561421656429,0.620241341922921,0,16.05818545606464,-67.9421444075366,-4.175282001495361,20.403431655677934,-70.48016471225196,-3.2198667526245117,-3.572190671652433,1.459977012596696,1.04215656917354,0.497188776731491,0.0603458138422594,33.2208655253342
0,30.4841691269476,17.3547382354736,-68.6042861938477,0,8.22199715065041,0.632021850241298,0,16.093588646093973,-67.8761260946573,-4.158797740936279,20.453409550519,-70.39339101624375,-3.208416700363159,-3.5780804887825,1.4562676322865185,1.0471767107751,0.507217347621918,0.0615088267101108,33.3032915852023
0,30.5666697338454,17.3901615142822,-68.5297775268555,0,8.22814370249428,0.643631139812266,0,16.128957754143563,-67.81017133635599,-4.142333984375,20.50361442862419,-70.30622322246849,-3.196906566619873,-3.5845987724271935,1.4520564706625736,1.05229698817989,0.517099738121033,0.0626538561090062,33.3857921921001
0,30.6492397986156,17.4251327514648,-68.4549789428711,0,8.23445414304462,0.654134045105752,0,16.1642969944983,-67.74427227401945,-4.125968933105469,20.552546482407042,-70.21783646222515,-3.1817991733551025,-3.5900394535477194,1.4473461145128645,1.057511679342,0.526151061058044,0.0636956293095128,33.4683622568702
0,30.7318774142305,17.4596557617188,-68.3798980712891,0,8.24086479632067,0.663647326056462,0,16.199613056081976,-67.67841643443651,-4.109362602233887,20.59508559452567,-70.12543133100684,-3.1623363494873047,-3.5885660920813667,1.4421456607673022,1.06281410854122,0.53442656993866,0.0646415166749951,33.5509998724851
0,30.8145881562778,17.4937191009521,-68.3045272827148,0,8.24678539455212,0.674132338744044,0,16.23319941855541,-67.61164906552969,-4.093002796173096,20.637759708404655,-70.03273294365883,-3.145937442779541,-3.5877132198420796,1.4383984474265339,1.0682014147546,0.543413996696472,0.0656749767323923,33.6337106145325
0,30.8973608144278,17.5273036956787,-68.228874206543,0,8.25224394888542,0.685369458581384,0,16.26566824183037,-67.54435658213949,-4.076808929443359,20.680576131110538,-69.939725427484,-3.128615617752075,-3.5874975891628935,1.4353704736151265,1.07368027370235,0.55299174785614,0.0667811532257034,33.7164832726825
0,30.9801922123702,17.5603923797607,-68.1529388427734,0,8.25727259402437,0.697202733865899,0,16.2980960418179,-67.47714912058284,-4.060601711273193,20.72354707036796,-69.8463822643831,-3.111224412918091,-3.5879378783507225,1.4318113679539617,1.07925831477901,0.563060164451599,0.0679478269946314,33.7993146706249
0,31.0630817376546,17.5929737091064,-68.0767211914062,0,8.26188150493323,0.708881609371254,0,16.330484328533522,-67.41002355131316,-4.044378757476807,20.766676133345836,-69.75269561872206,-3.101017951965332,-3.5890496456081546,1.4277132693103705,1.08493649165889,0.573008477687836,0.0691017946321357,33.8822041959092
0,31.1460289891149,17.625036239624,-68.0002212524414,0,8.26626814663473,0.720321080657169,0,16.362836027073126,-67.3429738119929,-4.028079509735107,20.809964349203153,-69.65866325492125,-3.0962231159210205,-3.590849055415279,1.4230683660806933,1.09071385066768,0.582796990871429,0.0702368726292739,33.9651514473695
0,31.2290281729558,17.6565723419189,-67.9234466552734,0,8.27049908901133,0.731536456603918,0,16.395152680320905,-67.27599670495435,-4.011660099029541,20.853409495853835,-69.56428999988339,-3.091409921646118,-3.5933458879336575,1.4178755237446372,1.09658848445675,0.592441022396088,0.0713544618977143,34.0481506312104
0,31.3120799415562,17.687572479248,-67.8463973999024,0,8.27453029565572,0.742547760794257,0,16.427438561709053,-67.20908337339775,-3.9950108528137207,20.89701206872548,-69.46957477742119,-3.085939884185791,-3.5965549178893594,1.412128414313525,1.10255848567745,0.601945042610168,0.072455572277055,34.1312023998109
0,31.3951730308828,17.7180328369141,-67.7690887451172,0,8.27848496341729,0.752629835765736,0,16.45969389663457,-67.14223335018194,-3.9785571098327637,20.940766757201125,-69.37452912346552,-3.0711803436279297,-3.6004795138147587,1.4058323423450112,1.10862099330684,0.610720098018646,0.073468965932233,34.2142954891374
0,31.478323912184,17.7479476928711,-67.6915054321289,0,8.28200455475992,0.762664718886155,0,16.4919322498853,-67.0754185219302,-3.9624083042144775,20.984675197298788,-69.27914948419375,-3.0563671588897705,-3.6051378023559053,1.3989774386804836,1.11477028529903,0.619408369064331,0.0744745618506018,34.2974463704386
0,31.5615122468876,17.777307510376,-67.6136703491211,0,8.2851108482487,0.77262476024451,0,16.524148830321725,-67.0086488184042,-3.9458396434783936,21.0287314359084,-69.18344879118554,-3.041956663131714,-3.6105348496718324,1.3915666459161755,1.12100540797969,0.628012478351593,0.0754726691874697,34.3806347051422
0,31.6447307031762,17.8060989379883,-67.5355911254883,0,8.28793080234743,0.782485744292894,0,16.556343642589315,-66.94192422997607,-3.929262638092041,21.072936214588324,-69.08742543359867,-3.0268945693969727,-3.616685708160424,1.3835926717083062,1.12732636134884,0.636547267436981,0.07646408932027,34.4638531614308
0,31.7280041072113,17.8343181610107,-67.4572448730469,0,8.29046771911928,0.792245949243605,0,16.58853067719562,-66.87521576095388,-3.912869691848755,21.117303813984883,-68.99104839045194,-3.0097875595092773,-3.6236098062068405,1.3750433964621263,1.13373314540645,0.645012319087982,0.0774488556804539,34.547126565466
0,31.8112961588592,17.8619499206543,-67.3786697387695,0,8.2923592267958,0.802573750541754,0,16.620698014060743,-66.80854811601422,-3.896334171295166,21.161823664241712,-68.89434062200276,-2.9926207065582275,-3.631311739564462,1.3659227505079694,1.14022576015255,0.653900444507599,0.0784890211530737,34.6304186171138
0,31.8946145088533,17.8889808654785,-67.2998580932617,0,8.29369122787209,0.81276520055433,0,16.652850618153423,-66.74191100512985,-3.8795886039733887,21.206507509337015,-68.79727661752011,-2.9753942489624023,-3.639813905889058,1.356216406591063,1.14680706661007,0.662662863731384,0.0795187094633063,34.7137369671079
0,31.9779617320957,17.9154033660889,-67.2208099365234,0,8.29490090283784,0.822145096878907,0,16.68308326448034,-66.67444019128767,-3.863166332244873,21.24372268617477,-68.69647602085062,-2.9572362899780273,-3.6407828675836376,1.3480106569821597,1.15347229640743,0.670808017253876,0.0804756078404183,34.7970841903503
0,32.0613278299423,17.9412155151367,-67.1415405273438,0,8.29584315749808,0.831461218041239,0,16.706525570422905,-66.60405885860804,-3.847921133041382,21.27939093983434,-68.59470543362733,-2.938859701156616,-3.6407558845532675,1.3466052887926516,1.160219542196,0.678905069828033,0.0814288109426195,34.8804502881969
0,32.1447082743985,17.9664096832275,-67.0620574951172,0,8.29670198035604,0.840043479848376,0,16.729925301117504,-66.533805350499,-3.832669496536255,21.315139615488064,-68.49270538202798,-2.9194958209991455,-3.6415306583276372,1.3445980646630702,1.16704594295284,0.686433911323547,0.0823149013483449,34.9638307326531
0,32.2281154801332,17.9909858703613,-66.9823532104492,0,8.29760898923079,0.847948273076798,0,16.753292522977937,-66.46364944435274,-3.8171582221984863,21.350965821537944,-68.39048411651613,-2.8991100788116455,-3.643116512126654,1.3419904690867557,1.17394291560909,0.693444907665253,0.083138665481666,35.0472379383878
0,32.3115248225322,18.0149421691895,-66.902458190918,0,8.29867727308839,0.855213156770416,0,16.776623117916532,-66.39360350399132,-3.801668643951416,21.386862958126923,-68.28806046816027,-2.881718635559082,-3.6455100435422394,1.338793174897763,1.18090855281612,0.699977457523346,0.0839037168323887,35.1306472807869
0,32.3949549270568,18.0382747650146,-66.8223571777344,0,8.29939090486079,0.862621233711468,0,16.799926573500713,-66.32363904468966,-3.7862792015075684,21.42283714611786,-68.18541697258401,-2.866253614425659,-3.6487250534830418,1.3350003818925857,1.18793999355098,0.706579566001892,0.0846801411933107,35.2140773853114
0,32.4784094015339,18.060977935791,-66.7420501708984,0,8.30001015901163,0.869432084127683,0,16.82320738317501,-66.25374257568389,-3.7710423469543457,21.45889092946178,-68.08254637124892,-2.8475193977355957,-3.6527719304263884,1.3306089765470066,1.19503533046505,0.712701857089996,0.0854003300837294,35.2975318597885
0,32.5618709149892,18.0830497741699,-66.6615600585938,0,8.30073948529117,0.875684635899222,0,16.84646501849734,-66.18391568352689,-3.755744457244873,21.49501694789911,-67.97946966484504,-2.817812442779541,-3.657650301061458,1.3256266469088607,1.20218979518673,0.718397200107574,0.086068559066371,35.3809933732438
0,32.6453367802267,18.1044883728027,-66.5808944702148,0,8.3015026121422,0.881431675038367,0,16.869703042774244,-66.11414767002782,-3.740457773208618,21.53121376040331,-67.87619096498709,-2.791851758956909,-3.6633645588988193,1.3200558271293934,1.20939957301876,0.723684430122376,0.0866878392713652,35.4644592384813
0,32.7288200337873,18.1252956390381,-66.5000457763672,0,8.30230614960285,0.886710784460828,0,16.89293037928734,-66.04441174462886,-3.7249107360839844,21.567484023175037,-67.77270269285994,-2.761439085006714,-3.669920503087779,1.3138974481742085,1.21665989558956,0.72859001159668,0.0872612679909219,35.5479424920419
0,32.8123179826023,18.1454696655273,-66.4190216064453,0,8.30299478714043,0.89157412664879,0,16.916150629169795,-65.97469709557147,-3.709367513656616,21.603826454890335,-67.66900850440628,-2.730689525604248,-3.6773222496277786,1.3071532290111254,1.22396694820186,0.73312371969223,0.0877916133864132,35.631440440857
0,32.8958349017661,18.1650066375732,-66.3378219604492,0,8.30358805951959,0.89605152900868,0,16.93936947616381,-65.90498665843583,-3.694178342819214,21.640242004348703,-67.56510569246015,-2.7193846702575684,-3.6855781382770854,1.2998203145422333,1.23131691615841,0.737313687801361,0.0882820603775602,35.7149573600208
0,32.9793607190007,18.1839046478271,-66.256462097168,0,8.30424298180684,0.900151265240247,0,16.962586728665837,-65.83528100847735,-3.6786718368530273,21.676731809250434,-67.46099101087364,-2.7089319229125977,-3.6946896329095757,1.2919020741275367,1.23870979945919,0.741198241710663,0.088735574667611,35.7984831772553
0,33.0628935999708,18.2021656036377,-66.1749496459961,0,8.30488698361117,0.903910584194965,0,16.985807591188276,-65.76556452007794,-3.6629552841186523,21.713291688105148,-67.35667639050091,-2.682210683822632,-3.704657133893185,1.2834028969006297,1.24613892238399,0.744789600372314,0.0891543624498187,35.8820160582254
0,33.1464378760125,18.2197856903076,-66.0932846069336,0,8.30552154804577,0.907355132380533,0,17.009036623110404,-65.69582350451647,-3.647228956222534,21.749166749054393,-67.25189932278631,-2.6509435176849365,-3.714689585635806,1.2743188893104875,1.2536033312585,0.748109102249146,0.0895409567656422,35.9655603342671
0,33.2299912692916,18.2367649078369,-66.011474609375,0,8.30622976483041,0.910500554038784,0,17.02990875145831,-65.62528839462078,-3.631981134414673,21.771466905852844,-67.14255653465933,-2.6340625286102295,-3.7112618523196153,1.2671391299518342,1.26109921138546,0.751182317733765,0.089897532311544,36.0491137275462
0,33.3135514630133,18.2531032562256,-65.9295272827148,0,8.30691034860385,0.913381056558248,0,17.038234215569663,-65.55083155007767,-3.6193785667419434,21.793767100736318,-67.03321355979274,-2.6210412979125977,-3.708695708471589,1.2725239659282837,1.26862465541622,0.754017472267151,0.0902261294547493,36.1326739212679
0,33.3971303741644,18.2687969207764,-65.8474349975586,0,8.30756024529551,0.9160180179914,0,17.046541122499065,-65.47654066735878,-3.6068053245544434,21.81606999340418,-66.92385735706998,-2.6034703254699707,-3.7069976190774923,1.2772908206813889,1.27617680232784,0.756632626056671,0.0905289358519829,36.2162528324191
0,33.4807270904212,18.2838535308838,-65.7652053833008,0,8.30861089536199,0.917565345613665,0,17.054831176730627,-65.4024005028084,-3.594228506088257,21.838374606043185,-66.81449272093384,-2.580937385559082,-3.706160275901365,1.2814535997519791,1.28375088374874,0.758396148681641,0.0907267577969912,36.2998495486758
0,33.564331656906,18.2982730865479,-65.6828536987305,0,8.30963549402033,0.919007681191629,0,17.063104992760856,-65.32840556082057,-3.5812389850616455,21.860678046395766,-66.70513383278718,-2.558387279510498,-3.706182101629063,1.2850189502016451,1.29134213130733,0.760023474693298,0.0909086359182379,36.3834541151607
0,33.6479359421151,18.3120670318604,-65.6003952026367,0,8.31131352541873,0.918522640046753,0,17.071364078911724,-65.2545423520698,-3.568251848220825,21.882975209530386,-66.59580572328119,-2.5349278450012207,-3.7070510271589323,1.288005439313366,1.29894196193477,0.760132789611816,0.0909041556651422,36.4670584003698
0,33.7315550031357,18.325252532959,-65.517822265625,0,8.31366393447908,0.916177752056847,0,17.079613657206217,-65.18076417461276,-3.5552661418914795,21.905259975819,-66.48653839835708,-2.5100743770599365,-3.708755079099779,1.2904357269943625,1.30653416316768,0.758734405040741,0.0907143689091903,36.5506774613904
0,33.8152116626114,18.3378505706787,-65.4351196289062,0,8.31668180127044,0.91201901265783,0,17.08785913632614,-65.10702265716645,-3.542391300201416,21.92753133799362,-66.37733679688098,-2.487574338912964,-3.7112775701713647,1.292333629067802,1.31410729091426,0.75584203004837,0.0903410633615686,36.634334120866
0,33.8989051428582,18.3498783111572,-65.352294921875,0,8.32029155984425,0.906104781148149,0,17.09610408531689,-65.03328588080664,-3.529566526412964,21.94977927233202,-66.26825006746411,-2.4658727645874023,-3.7146010228554216,1.2937219862338354,1.32164417903682,0.751475632190704,0.0897875605298562,36.7180276011128
0,33.9826123954894,18.3613586425781,-65.2693786621094,0,8.32434931129343,0.89851288715135,0,17.104349105512583,-64.95954846764207,-3.516744375228882,21.971992244286373,-66.15933476664235,-2.427215576171875,-3.7186955876732233,1.2946303432552997,1.32913147609493,0.745665848255158,0.0890591788425946,36.801734853744
0,34.0663398398031,18.3723125457764,-65.1863708496094,0,8.32899820389569,0.889302675027677,0,17.112598239437652,-64.8857742642992,-3.5017480850219727,21.99416288882514,-66.05062700685613,-2.390728712081909,-3.723538453243255,1.2950824069126508,1.33655392329952,0.738479495048523,0.0881625510390313,36.8854622980577
0,34.1501464836516,18.3827610015869,-65.1032180786133,0,8.3342777598327,0.878553640863603,0,17.120861116790856,-64.81187714981549,-3.489651918411255,22.016294715791133,-65.9421095785404,-2.3695006370544434,-3.729116007971427,1.2950949216335608,1.34389721553585,0.72998309135437,0.0871054145384177,36.9692689419063
0,34.2339698594662,18.3927249908447,-65.0199890136719,0,8.34007674473957,0.866370045437738,0,17.12913355659359,-64.73789451579692,-3.4773144721984863,22.03510359237566,-65.83314343591472,-2.366826057434082,-3.7320426030933334,1.2946971145577322,1.35114990871212,0.720239579677582,0.0858966499864711,37.0530923177208
0,34.3178230038858,18.4022274017334,-64.9366760253906,0,8.34631658502667,0.852854414208443,0,17.1374197660944,-64.66378873569846,-3.4639744758605957,22.04710104016564,-65.72307204359585,-2.3542027473449707,-3.728742755619829,1.293911058785044,1.35829960506221,0.709322392940521,0.0845460347067101,37.1369454621404
0,34.4017714722551,18.4112892150879,-64.8532180786133,0,8.35293693186094,0.838109630327867,0,17.145729502317497,-64.58947254985196,-3.4506237506866455,22.059052746110762,-65.61342031291157,-2.333402156829834,-3.726135560509368,1.2927502042270593,1.36533486049434,0.697309494018555,0.083063680238764,37.2208939305098
0,34.4857367856621,18.4199352264404,-64.7696990966797,0,8.35999486700998,0.822225690603962,0,17.152049897140007,-64.51459666804651,-3.437687873840332,22.07094719016088,-65.50429393533744,-2.314023494720459,-3.7241801696766306,1.293294420211316,1.37224423091671,0.684290111064911,0.0814598937308152,37.3048592439167
0,34.5697599418565,18.4281749725342,-64.6860809326172,0,8.36789397545821,0.805257826916282,0,17.14941251339455,-64.43779333630127,-3.4267148971557617,22.082786957793648,-65.39566919023464,-2.294908285140991,-3.722862374323089,1.302643526598596,1.37902008693477,0.67037969827652,0.079744921018452,37.3888824001112
0,34.6538771056331,18.4360485076904,-64.6023330688477,0,8.37638594606025,0.787324779144606,0,17.14677079891611,-64.36086388914988,-3.4156506061553955,22.09457280953079,-65.28753910014547,-2.2756543159484863,-3.7221374736142576,1.311695229497396,1.38565098445675,0.655637085437775,0.077928589192621,37.4729995638877
0,34.7380377929729,18.443567276001,-64.5185089111328,0,8.38519390529674,0.768542742389771,0,17.144125946380576,-64.28384305854318,-3.4044065475463867,22.106298515557775,-65.1799608209226,-2.2564783096313477,-3.7219778024848127,1.3204604619212605,1.39213215511104,0.640121519565582,0.0760208588565862,37.5571602512276
0,34.8222683002334,18.4507541656494,-64.4345855712891,0,8.39449409360606,0.748972564813512,0,17.141476280655528,-64.2066820628991,-3.393597364425659,22.117964560981996,-65.07292990191567,-2.237635374069214,-3.7223534985380597,1.3289652325288637,1.39845501582882,0.623925387859345,0.0740314683977368,37.641390758488
0,34.9066019619294,18.4576282501221,-64.3505325317383,0,8.40461211318714,0.728655100382162,0,17.13881999743389,-64.1293283589369,-3.3827600479125977,22.12957282644579,-64.96642908904494,-2.2183923721313477,-3.72323858232254,1.337230905050908,1.40461289088985,0.607148289680481,0.0719699239187093,37.725724420184
0,34.9910039097297,18.4642143249512,-64.2663879394531,0,8.415767671831,0.7076377272241,0,17.13615769689265,-64.05179942442862,-3.3716795444488525,22.141118210685413,-64.86050518419803,-2.200111150741577,-3.7245936000362057,1.345281620371979,1.41060005824825,0.589874505996704,0.0698451101565735,37.8101263679844
0,35.0754991328843,18.4705276489258,-64.18212890625,0,8.42795882089296,0.685988928575745,0,17.13348799142154,-63.974054850733964,-3.3604869842529297,22.152602236645414,-64.75514421501762,-2.1828417778015137,-3.7263950157776655,1.3531333483134613,1.41641174953243,0.5721635222435,0.0676649700149359,37.8946215911389
0,35.1600983573061,18.476598739624,-64.0977478027344,0,8.44117313251699,0.663772184855781,0,17.13081000305321,-63.89606907053907,-3.3494811058044434,22.16402532190138,-64.65034235042843,-2.165969133377075,-3.728602356624667,1.3608165322705033,1.42204415004512,0.554068624973297,0.0654368161526648,37.9792208155607
0,35.2448340834119,18.4824466705322,-64.0132141113281,0,8.4554127174787,0.641043970709894,0,17.12812214881183,-63.81779598595699,-3.33849835395813,22.17539002605928,-64.5460761071532,-2.148892879486084,-3.7311891581272456,1.3683505230227637,1.42749344508907,0.535639584064484,0.0631674427186058,38.0639565416665
0,35.3296965465765,18.4880867004395,-63.9285392761231,0,8.47066461820789,0.617865450991944,0,17.12542442124276,-63.73923537990086,-3.3274548053741455,22.18669501927923,-64.44235768589743,-2.133427619934082,-3.7341281250666127,1.3757486879043623,1.43275772731563,0.516923427581787,0.0608634348233885,38.1488190048311
0,35.4146952580231,18.4935398101807,-63.8437156677246,0,8.48686550007798,0.594617239589953,0,17.12271609716509,-63.660366192597664,-3.316373109817505,22.1943878535256,-64.3387089625073,-2.1197009086608887,-3.7338043068443763,1.3830309765855677,1.43783413570186,0.498207896947861,0.0585598493331251,38.2338177162777
0,35.499845663817,18.4988021850586,-63.7587280273438,0,8.50347997595169,0.575018575518343,0,17.11999719366121,-63.581188921504,-3.3053905963897705,22.189993629141604,-64.23401701494882,-2.107844114303589,-3.7216654737644235,1.390188238478788,1.44273792903682,0.482328087091446,0.0565920177593861,38.3189681220716
0,35.5851504606762,18.5038471221924,-63.6735725402832,0,8.52033419365459,0.56034696007602,0,17.11726916109306,-63.50174580265395,-3.2944555282592773,22.18562031180833,-64.12982317574043,-2.087689161300659,-3.7099351021452875,1.3971839069967555,1.44750343959591,0.470329642295837,0.055081854417448,38.4042729189309
0,35.6706120218053,18.508638381958,-63.5882453918457,0,8.53731180530942,0.549644355475857,0,17.114533410921414,-63.42207793923933,-3.283484935760498,22.181262392753588,-64.0259961989468,-2.0676097869873047,-3.698620404122317,1.4039730384072957,1.45216309230587,0.461501777172089,0.0539453513684885,38.4897344800599
0,35.7562404708273,18.5131359100342,-63.5027351379395,0,8.55403045076416,0.54380393965782,0,17.111791346964786,-63.34222621190142,-3.2724902629852295,22.176913378788917,-63.92238138501544,-2.0377306938171387,-3.6877321368613036,1.4105068946240953,1.45675408046505,0.456532090902329,0.0532628849195196,38.5753629290819
0,35.8420273984872,18.5173015594482,-63.417049407959,0,8.57035388040525,0.541843526541898,0,17.109044889966132,-63.26224655465401,-3.261425733566284,22.17256808487384,-63.818855200886084,-1.9925585985183716,-3.677284496354206,1.4167394857672637,1.46131073634883,0.45468345284462,0.0529473410008873,38.6611498567418
0,35.9279762701994,18.5210971832275,-63.331184387207,0,8.58622627153701,0.543003615040163,0,17.106295334828275,-63.1821766764011,-3.2503087520599365,22.16822163792428,-63.71530154582782,-1.947203278541565,-3.667296385567195,1.4226269954255333,1.46586262386104,0.455390483140945,0.0529315830362308,38.7470987284541
0,36.0140837996088,18.5244941711426,-63.2451438903809,0,8.60163573037626,0.546687171975227,0,17.103543779342733,-63.102048545962944,-3.2390758991241455,22.163870812050558,-63.6116435633482,-1.8850878477096558,-3.657784075731047,1.4281373510801714,1.47043072383663,0.458207666873932,0.0531625653501064,38.8332062578634
0,36.1003432794154,18.5274639129639,-63.158935546875,0,8.61652360904574,0.552430286484978,0,17.087622224774957,-63.02063008370372,-3.2311511039733887,22.15951285644739,-63.5078157157921,-1.8498204946517944,-3.648766490215996,1.4464689724255422,1.47503410976192,0.462770015001297,0.053597234617496,38.9194657376701
0,36.1867562661033,18.5299854278564,-63.0725593566895,0,8.63089208425186,0.559851433344951,0,17.069985882735054,-62.93917623730321,-3.223736524581909,22.15514482714016,-63.40374786326458,-1.8203027248382568,-3.6402563779358754,1.4660797141669186,1.47969090144893,0.468786954879761,0.0542010974327739,39.005878724358
0,36.2733131025366,18.5320339202881,-62.986026763916,0,8.64476163728862,0.568639292337847,0,17.052386206750942,-62.8578917339144,-3.2163708209991455,22.150765165371112,-63.29940286852132,-1.790194034576416,-3.6322748253783947,1.4851854908021596,1.48441349666378,0.476020395755768,0.0549458644433972,39.0924355607912
0,36.36001215177,18.5335845947266,-62.899341583252,0,8.65814857194447,0.578536290148919,0,17.034827512300858,-62.77679650467158,-3.209022045135498,22.146372129680273,-63.19473924145604,-1.7576550245285034,-3.6248439344596695,1.5037586536428011,1.48921333949825,0.484271854162216,0.055808045540749,39.1791346100246
0,36.4468523732029,18.5346279144287,-62.8125076293945,0,8.67126259727749,0.588683395298749,0,17.017312589737642,-62.695903436882745,-3.2016918659210205,22.141964499539526,-63.08972790311092,-1.7266662120819092,-3.617972957118176,1.5217891878488459,1.49409805934688,0.492880374193192,0.0567101338994297,39.2659748314575
0,36.5338252263493,18.5351505279541,-62.7255363464356,0,8.6839565720148,0.599663353182146,0,16.99984468711877,-62.61522753177513,-3.1942028999328613,22.13754195970655,-62.9843613428698,-1.696389079093933,-3.6116775058610395,1.5392634795560116,1.49907147090694,0.502268731594086,0.0577012868183779,39.352947684604
0,36.6209300258009,18.5351314544678,-62.6384315490723,0,8.69621976903942,0.611301308334098,0,16.982427051594538,-62.53478378638615,-3.1865880489349365,22.133103149901338,-62.87860715220044,-1.6612926721572876,-3.6059790129005,1.5561599600978855,1.50414215724727,0.512301981449127,0.058765868765513,39.4400524840555
0,36.7081702392249,18.5345554351807,-62.5511932373047,0,8.70806760762132,0.623453974804695,0,16.965061310547124,-62.45457971681738,-3.17900013923645,22.128646801671394,-62.77243511035143,-1.618651032447815,-3.6008944329252657,1.572464937478819,1.50931679408809,0.522866189479828,0.0598905840038547,39.5272926974796
0,36.7955305381016,18.5334072113037,-62.4638404846191,0,8.71951450635492,0.63600048390054,0,16.947751557291372,-62.37463422813641,-3.171429395675659,22.113841782138326,-62.66526956781075,-1.5822265148162842,-3.5860961213530187,1.5881629668572803,1.51459728877803,0.533863425254822,0.0610640568067393,39.6146529963562
0,36.8830149513826,18.5316715240479,-62.3763732910156,0,8.73057323103357,0.648837198808349,0,16.93049958414993,-62.29495559822612,-3.163652181625366,22.091644782972143,-62.557393706070044,-1.5726232528686523,-3.564572624442118,1.603240600102115,1.51999127071163,0.54520845413208,0.0622764413094848,39.7021374096372
0,36.9706124427362,18.5293369293213,-62.2888069152832,0,8.74125508366818,0.661874228791709,0,16.913307720079448,-62.2155545834257,-3.1555845737457275,22.069397378482464,-62.449272877986466,-1.5843969583511353,-3.543695431170888,1.6176885699186374,1.52549873988887,0.556825876235962,0.0635190807157618,39.7897349009909
0,37.0583313920925,18.526388168335,-62.2011375427246,0,8.75156812277333,0.675032799789974,0,16.896175714995373,-62.13643002871396,-3.147542715072632,22.047094788349746,-62.34088385154175,-1.5960863828659058,-3.523478981779751,1.6314961554944114,1.53112446468135,0.568649470806122,0.0647844355711933,39.8774538503472
0,37.1461612650889,18.5228137969971,-62.1133804321289,0,8.76151913704103,0.688243662117647,0,16.87910529524552,-62.05758990726753,-3.139531135559082,22.024740244050534,-62.23224233148565,-1.5906859636306763,-3.503943063420265,1.6446550463227017,1.53686749141475,0.580620408058167,0.0660658575517991,39.9652837233436
0,37.234095576142,18.5186023712158,-62.0255470275879,0,8.77112322036503,0.701446232459388,0,16.85597169172116,-61.97887355523905,-3.1331541538238525,22.002332552388225,-62.12334251896619,-1.572137475013733,-3.485102571423915,1.6632856607985016,1.54273163478633,0.592686295509338,0.0673574004289576,40.0532180343966
0,37.3221319956385,18.5137405395508,-61.9376449584961,0,8.78038198245543,0.714585245496665,0,16.8233819999437,-61.900316736017565,-3.1289732456207275,21.97987237288795,-62.014187619229375,-1.553322672843933,-3.4669768769037512,1.690770649324164,1.5487168947961,0.604799807071686,0.0686538223999165,40.1412544538931
0,37.4102719284715,18.5082206726074,-61.8496780395508,0,8.78930823725136,0.727612501578477,0,16.79099410808682,-61.82224635158621,-3.1247851848602295,21.95735937150717,-61.90477600885181,-1.5346605777740479,-3.44957874971265,1.7174456531138735,1.55482327144405,0.616918087005615,0.0699503253968735,40.2293943867261
0,37.4985212772575,18.5020275115967,-61.761646270752,0,8.79790709792661,0.740483496648937,0,16.758805106432504,-61.74465538812618,-3.1206274032592773,21.934792960760962,-61.79510483269794,-1.5156835317611694,-3.432928502655335,1.7433052067721393,1.56104981105587,0.629002511501312,0.0712426692275088,40.3176437355121
0,37.5868400400685,18.495153427124,-61.6735954284668,0,8.80618542115373,0.753158483207331,0,16.726832121871308,-61.66758512967462,-3.1157383918762207,21.912180419980697,-61.685209467808505,-1.4966661930084229,-3.41704673011961,1.7683315193430649,1.56739746730587,0.641017615795136,0.0725269728135404,40.4059624983231
0,37.6752833107161,18.4875926971436,-61.5854759216309,0,8.81415088199477,0.76560164921809,0,16.69505021905327,-61.590975470054644,-3.1106481552124023,21.889511228040327,-61.57503878224762,-1.4789196252822876,-3.4019345415126736,1.7925509144208662,1.57386433284542,0.652931094169617,0.0737997174119044,40.4944057689707
0,37.7637891698125,18.4793319702148,-61.4973564147949,0,8.82181106755162,0.777780150371095,0,16.66348465725258,-61.514887296256184,-3.105597972869873,21.86679768034666,-61.46465253083143,-1.4615648984909058,-3.3876235743283876,1.8159319358932269,1.58045040767452,0.664712905883789,0.0750576499248026,40.5829116280672
0,37.8523634913558,18.4703674316406,-61.409236907959,0,8.82941626841079,0.789229305340578,0,16.6321296801056,-61.43930673267648,-3.1005797386169434,21.844039733372473,-61.35405050202071,-1.4441784620285034,-3.374123640128384,1.8384836756215692,1.58715283077022,0.676002144813538,0.0762584523218206,40.6714859496105
0,37.9410608979828,18.4607009887695,-61.3210678100586,0,8.83752616654549,0.799095049615243,0,16.600953094107318,-61.364156177496824,-3.095250129699707,21.82123228464245,-61.24320789814268,-1.429110050201416,-3.3614331402580477,1.8602469833623994,1.59396111171505,0.686123967170715,0.0773221145015763,40.7601833562374
0,38.0298638390938,18.4503345489502,-61.2328720092773,0,8.84637218463498,0.807383741989609,0,16.56995223359179,-61.28942920518119,-3.0897655487060547,21.78454315828667,-61.13258735547979,-1.4996960163116455,-3.3357164241524986,1.8812326725637016,1.60086476009151,0.695039808750153,0.0782425853067754,40.8489862973485
0,38.1187497892688,18.4392795562744,-61.1446762084961,0,8.85604299565704,0.814051162102466,0,16.539124190990847,-61.215118807093006,-3.0842320919036865,21.746064460181724,-61.02208701085042,-1.5593444108963013,-3.309056438335373,1.90146064169442,1.6078513781335,0.702681005001068,0.0790117078837405,40.9378722475235
0,38.2077229931172,18.4275436401367,-61.0564804077148,0,8.86647023413698,0.819064543668366,0,16.50845473269042,-61.14119067338191,-3.078730344772339,21.707623421051682,-60.911694812543836,-1.6093908548355103,-3.283273707404895,1.920957590316025,1.61490856807491,0.708956241607666,0.0796202384276418,41.0268454513718
0,38.2968026177708,18.4151344299316,-60.9682693481445,0,8.8775309994065,0.822400907262115,0,16.477920916144242,-61.067589501485614,-3.073091983795166,21.669227887100497,-60.801433292721555,-1.6593749523162842,-3.2583674589245617,1.939757894908555,1.62202107112667,0.713782370090485,0.0800604519445856,41.1159250760254
0,38.3860366673928,18.4020671844482,-60.879997253418,0,8.88916773298744,0.824034477258748,0,16.44748817379454,-60.99423196697732,-3.0673437118530273,21.630873779061886,-60.69129073684143,-1.6955602169036865,-3.2343163380874316,1.9579143695958259,1.62917458217403,0.717105567455292,0.0803274382828547,41.2051591256474
0,38.4753679852012,18.3883514404297,-60.7917251586914,0,8.9014445922602,0.823927530500869,0,16.417164251579376,-60.92113674129032,-3.0616137981414795,21.59259396288583,-60.58136152696363,-1.7210875749588013,-3.211140451657277,1.9754306596786453,1.63635384242794,0.718910932540894,0.0804196350656195,41.2944904434559
0,38.5647984124008,18.3740043640137,-60.7034530639649,0,8.91433788069617,0.822079676151393,0,16.386932848807277,-60.848264531924336,-3.0558972358703613,21.554399000067367,-60.47167599282642,-1.7465564012527466,-3.188829040846258,1.99234122775124,1.64354454677364,0.719181597232819,0.0803360641775285,41.3839208706555
0,38.6544021560827,18.3590354919434,-60.6151084899902,0,8.92773013388653,0.818530151880057,0,16.356748284410873,-60.775505225553495,-3.050008535385132,21.516274331364766,-60.36219232425146,-1.778387427330017,-3.1673527867989018,2.0087013651182097,1.65073239009639,0.717901706695557,0.0800767115780189,41.4735246143374
0,38.744112313412,18.3434638977051,-60.5267601013184,0,8.94154656213457,0.81332321333964,0,16.326616531021145,-60.70287321908879,-3.043841600418091,21.478260362855934,-60.25302655649344,-1.805908203125,-3.1467251121578146,2.0245219511654615,1.65789639156124,0.715080738067627,0.0796440272861358,41.5632347716666
0,38.8339593903586,18.3273086547852,-60.4383773803711,0,8.95583129527485,0.806492038653558,0,16.296512930809776,-60.63030907531385,-3.037681818008423,21.44035124772883,-60.144161899100034,-1.8340038061141968,-3.1269149228753856,2.0398453490498882,1.66502701442501,0.710763692855835,0.0790433795354056,41.6530818486132
0,38.9239509278149,18.3105888366699,-60.3499526977539,0,8.97065271428999,0.798078743478364,0,16.266415945963068,-60.55776087774698,-3.031522035598755,21.402556929178854,-60.03562690622127,-1.864748477935791,-3.107904018517314,2.0547085065217314,1.67210709255001,0.705007255077362,0.0782812257936967,41.7430733860696
0,39.0140757278193,18.2933216094971,-60.2614974975586,0,8.98589599965282,0.788175917303798,0,16.236313949027036,-60.48520059863611,-3.025377035140991,21.364890483480128,-59.92745912935625,-1.894039273262024,-3.089679106161781,2.069135953161178,1.67912232082149,0.697846412658691,0.0773631661696043,41.8331981860739
0,39.1043481206418,18.2755260467529,-60.1729965209961,0,9.00129361198338,0.776912428733013,0,16.206185632338855,-60.41257687627375,-3.0188794136047363,21.327354980807858,-59.81966738521226,-1.9235570430755615,-3.072214400221567,2.083163099078481,1.68605934779903,0.689303934574127,0.0762946631766993,41.9234705788964
0,39.1947674985285,18.2572193145752,-60.0844497680664,0,9.01673505577316,0.764384786083456,0,16.17601499502116,-60.3398511408557,-3.0123729705810547,21.289959502216274,-59.71227775210461,-1.9515551328659058,-3.055490967945787,2.0968169402580314,1.69290386836788,0.679441392421722,0.0750840544145134,42.0138899567831
0,39.2853172477346,18.2384223937988,-59.9958724975586,0,9.0318008669109,0.750746928505549,0,16.14579470689114,-60.267005723118636,-3.0058484077453613,21.252715409610264,-59.60532285833072,-1.976776123046875,-3.0394886750686867,2.110119395203761,1.69964443843624,0.668279111385345,0.0737374885446373,42.1044397059892
0,39.3760181517158,18.2191543579102,-59.9072418212891,0,9.04585357001391,0.7361730292301,0,16.115499238798897,-60.19397908554244,-2.9992992877960205,21.215625216393367,-59.49880992170125,-2.0024254322052,-3.0241782722484776,2.1231069494669073,1.70626579921505,0.655828297138214,0.0722615301917991,42.1951406099704
0,39.4668380874399,18.1994361877441,-59.8185882568359,0,9.05877395067224,0.720724544670162,0,16.085128285203492,-60.1207704916266,-2.9927501678466797,21.178704505143706,-59.39278369113801,-2.0305235385894775,-3.009543027642277,2.1357930634236952,1.71275746028682,0.6421919465065,0.0706683961376576,42.2859605456946
0,39.5577525857249,18.1792869567871,-59.7299346923828,0,9.07067203241047,0.704421822894356,0,16.0546776776943,-60.04736989349825,-2.9859960079193115,21.14013578351275,-59.28755799186052,-2.0610668659210205,-2.993713900807432,2.1481921924526275,1.71910797755977,0.627496123313904,0.0689709025027131,42.3768750439795
0,39.648759278812,18.1587257385254,-59.6412811279297,0,9.08135207521002,0.687330510518903,0,16.024135990182696,-59.97374974879263,-2.979222297668457,21.09548520791222,-59.18387221769239,-2.077812433242798,-2.97216740648935,2.160326081310011,1.72530781429073,0.611822366714478,0.0671791474998804,42.4678817370666
0,39.7398529156392,18.1377830505371,-59.5526275634766,0,9.0909048478527,0.669475460510688,0,15.992420843075042,-59.90005398401307,-2.97271466255188,21.051113513213014,-59.08083404955769,-2.096776008605957,-2.95128505985637,2.173311785937134,1.7313455263879,0.595279455184937,0.0653039321353401,42.5589753738939
0,39.8310309962305,18.11647605896,-59.4639739990234,0,9.09949025903747,0.650877051068984,0,15.959309726460205,-59.82631676443529,-2.967444896697998,21.007021096759246,-58.97844441015295,-2.1249449253082275,-2.931038996194788,2.1873863092094528,1.73721443813106,0.577969670295715,0.0633548411882434,42.6501534544852
0,39.9222894644136,18.0948276519775,-59.3753204345703,0,9.10729068743584,0.631561201697402,0,15.926080593850479,-59.752316727646296,-2.961916446685791,20.96320901193526,-58.87670574560502,-2.179422616958618,-2.911396268838212,2.2012700895454995,1.74290787380001,0.559983730316162,0.0613400969285215,42.7414119226683
0,40.0136235593344,18.0728626251221,-59.2866668701172,0,9.11429113561327,0.611574549358557,0,15.892725293536856,-59.6780357200947,-2.955927610397339,20.919677630734057,-58.77561891974111,-2.2161290645599365,-2.8923218499608607,2.2149872147044847,1.74842011134883,0.541387975215912,0.0592666253276342,42.8327460175891
0,40.1050167102147,18.0506076812744,-59.1980247497559,0,9.12086686387037,0.590933298065665,0,15.8592371773932,-59.603458936652,-2.949910879135132,20.876436819330877,-58.67520684339728,-2.2430431842803955,-2.8737865057617324,2.228560424396125,1.75374161403438,0.522268235683441,0.0571410082602478,42.9241391684693
0,40.1964133400569,18.0280818939209,-59.109447479248,0,9.12728612737969,0.569665316947819,0,15.825632741668747,-59.52862311384887,-2.9449353218078613,20.833505014601833,-58.575512329947095,-2.2707910537719727,-2.855781089248637,2.2419836040656653,1.7588695208337,0.502692461013794,0.0549688266350869,43.0155357983115
0,40.2878709222181,18.0053100585938,-59.0208702087402,0,9.13367357175362,0.547819055404086,0,15.791880107468405,-59.45345725857705,-2.9403014183044434,20.790854324848436,-58.47647061040803,-2.298729181289673,-2.8382437847951514,2.2553056786665353,1.76380097072384,0.482718139886856,0.0527555771957073,43.1069933804727
0,40.3793838444518,17.9823169708252,-58.9322929382324,0,9.13998613797552,0.525473921341576,0,15.75797090076262,-59.3779427221856,-2.935373544692993,20.748487521515496,-58.37808812051797,-2.3217663764953613,-2.8211420551762627,2.268550014731959,1.76852928798458,0.462404906749725,0.0505080199100064,43.1985063027064
0,40.4709472911416,17.9591236114502,-58.8437156677246,0,9.14637003469056,0.50270237106606,0,15.723901096580192,-59.30207054121403,-2.9298667907714844,20.706401909656694,-58.28035860218076,-2.335901975631714,-2.8044445494775867,2.2817337445533177,1.77305256526729,0.441831022500992,0.048233909602974,43.2900697493962
0,40.5625572903731,17.9357471466064,-58.7551383972168,0,9.15331970755681,0.479539749503953,0,15.689666486751213,-59.225831344225185,-2.925433397293091,20.664594826775676,-58.183275872654264,-2.3602819442749023,-2.7881241738065183,2.2948704061316736,1.77736889522335,0.421085715293884,0.0459406032432869,43.3816797486277
0,40.6542493484063,17.9122085571289,-58.6665191650391,0,9.16112122446242,0.456026910357573,0,15.655247032020505,-59.149180504546514,-2.921398878097534,20.623046619406683,-58.08679429344926,-2.385174512863159,-2.772133461187218,2.3079942145669916,1.78147732417842,0.400233894586563,0.0436342817382694,43.4733718066609
0,40.7460099260571,17.8885326385498,-58.5778656005859,0,9.16984375660406,0.432213858629194,0,15.620644490367917,-59.072121937133446,-2.917337656021118,20.581756860022065,-57.9909128717782,-2.416679620742798,-2.756441585265265,2.3211217070376238,1.78537785213253,0.379317700862885,0.0413199022995437,43.5651323843117
0,40.8378546451148,17.8647308349609,-58.4891586303711,0,9.17949310613312,0.408148463150541,0,15.585846770766526,-58.99462871572079,-2.91314697265625,20.540715888686208,-57.89560917572642,-2.4401659965515137,-2.7410211533058706,2.334269175828376,1.78906857173702,0.358367413282394,0.0390014670355891,43.6569771033694
0,40.9297855401048,17.8408241271973,-58.400390625,0,9.19006526780348,0.383874553030693,0,15.550850200382696,-58.91669266104527,-2.891982316970825,20.499916477715914,-57.80086642145814,-2.463031053543091,-2.7258395769412225,2.3474557243780323,1.79255043666622,0.337405830621719,0.0366822057753929,43.7489079983594
0,41.021816128852,17.8168315887451,-58.3115425109863,0,9.20154833727162,0.359431034577303,0,15.515644518194687,-58.83829092219483,-2.866070508956909,20.459349132917808,-57.70666256193866,-2.4812915325164795,-2.7108630957723485,2.3607045182273656,1.79582249324581,0.316449999809265,0.0343647436210119,43.8409385871066
0,41.1139488347027,17.7927722930908,-58.2226066589355,0,9.21393194362696,0.334853473552721,0,15.480225152668213,-58.75941331853343,-2.841620922088623,20.41900805308706,-57.61298412584299,-2.501086473464966,-2.6960626661740026,2.374033627913761,1.79888474147579,0.295512437820435,0.032051189887841,43.9330712929574
0,41.2062106385093,17.7686557769775,-58.1335525512695,0,9.22720530485803,0.31017397177226,0,15.444578340858746,-58.68002920049784,-2.8177075386047363,20.378876803878192,-57.51979294999383,-2.5213122367858887,-2.6814090805829274,2.387461550942372,1.80173813503048,0.274602174758911,0.0297432591690166,44.0253330967639
0,41.298594563568,17.7445087432861,-58.0443801879883,0,9.24135714411935,0.285422469518397,0,15.408704429496762,-58.600139340243864,-2.822894334793091,20.338952688427153,-57.42708277184174,-2.5395641326904297,-2.6668699789191614,2.401010209814341,1.80438362758419,0.253725171089172,0.0274423159797856,44.1177170218226
0,41.391121014474,17.7203235626221,-57.9550704956055,0,9.25638424260295,0.260626951057148,0,15.372589877906988,-58.519713583193585,-2.834009885787964,20.299225601481687,-57.3348301253756,-2.551027774810791,-2.6524392251090427,2.41467912375682,1.80681931178829,0.232885122299194,0.0251494381644078,44.2102434727287
0,41.4837984395195,17.696138381958,-57.8656044006348,0,9.2722780534497,0.235813465506867,0,15.336229406317306,-58.43874017149177,-2.8452038764953613,20.25968576012883,-57.24301229310768,-2.561802864074707,-2.6380667338946497,2.4285087986551184,1.80904709499141,0.212084263563156,0.0228655470041021,44.3029208977741
0,41.5766305396376,17.6719532012939,-57.7759780883789,0,9.28900985210285,0.213408793304527,0,15.299629953167072,-58.35723455678362,-2.853856086730957,20.22031590168852,-57.151589188335336,-2.572906494140625,-2.6237404504371558,2.4424939458810013,1.81107842128536,0.193153157830238,0.0207882439606959,44.3957529978922
0,41.6696247004365,17.6477680206299,-57.6861839294434,0,9.30629036982147,0.194100737383235,0,15.262800992686085,-58.27521783782492,-2.8498668670654297,20.18109360722772,-57.06050875071227,-2.5912816524505615,-2.6094459099570186,2.4566295344643163,1.81292854945919,0.17660428583622,0.0189727462674716,44.4887471586912
0,41.7627883742786,17.6235542297363,-57.5962219238281,0,9.32373661535213,0.17755363235253,0,15.225764253286416,-58.192738402977504,-2.8465416431427,20.14198515648955,-56.969692676411654,-2.611281633377075,-2.5951942568323183,2.4708760958535216,1.81462418239376,0.16218213737011,0.0173913898427752,44.5819108325332
0,41.8561240414427,17.5993022918701,-57.5060920715332,0,9.34118841860988,0.163431357723358,0,15.188536962252428,-58.10983461676001,-2.843602180480957,20.102966181048195,-56.87908437805333,-2.6312365531921387,-2.5809826651214345,2.485215188953171,1.81618534724971,0.149658635258675,0.0160189184061157,44.6752464996974
0,41.9496324795001,17.5749950408936,-57.4157981872559,0,9.35859743473695,0.151416780589293,0,15.151134532790811,-58.02654080380784,-2.840263605117798,20.06401646377036,-56.788636908221974,-2.643587589263916,-2.566818831444659,2.499621232589654,1.81762921016475,0.138824135065079,0.0148319199886698,44.7687549377547
0,42.0433136896916,17.5506324768066,-57.3253402709961,0,9.37594590152825,0.141221759064974,0,15.113571925211561,-57.9428902801724,-2.836519718170166,20.025117353232634,-56.6983069553309,-2.6546483039855957,-2.5526939069569727,2.514086741935204,1.81897198360225,0.12948352098465,0.0138086159002989,44.8624361479462
0,42.1371642779388,17.5261993408203,-57.2347259521484,0,9.39313287704687,0.132596500070364,0,15.075862957952381,-57.85891381899816,-2.8327574729919434,19.986254953821827,-56.608062251544986,-2.6656994819641113,-2.538617933584,2.5285883180796116,1.82022701900264,0.121450938284397,0.0129284702859632,44.9562867361935
0,42.2311820609079,17.5016899108887,-57.1439590454102,0,9.41003609999678,0.125320167745266,0,15.03802116031796,-57.77464154954117,-2.8291101455688477,19.94741512683726,-56.51786996454112,-2.6750450134277344,-2.5245909310441004,2.543113079191664,1.82140766780635,0.114557787775993,0.012172921425519,45.0503045191625
0,42.3253673527828,17.4770889282227,-57.0530433654785,0,9.42656315924527,0.121284759683556,0,15.000064435948223,-57.690113342538616,-2.824007511138916,19.90857829849285,-56.42768464085904,-2.6845703125,-2.5106202604524657,2.5576372868331037,1.8225320498254,0.110248900949955,0.0116945884582904,45.1444898110374
0,42.4197163114017,17.4523830413818,-56.9619865417481,0,9.44243532315224,0.117911697473463,0,14.962010775234091,-57.60536926191891,-2.8187108039855957,19.869728869536207,-56.3374700565411,-2.6941003799438477,-2.4967141793146475,2.572138283337828,1.82361637752315,0.106578819453716,0.011286337375174,45.2388387696563
0,42.5142252996598,17.4275722503662,-56.870792388916,0,9.45738177858625,0.115103340239557,0,14.923868130125312,-57.52042701637703,-2.8133983612060547,19.830860933388607,-56.24721249556728,-2.702893018722534,-2.482870994903354,2.5866115809892345,1.82466732661983,0.10344398021698,0.0109370988789736,45.3333477579144
0,42.6088702732944,17.4026641845703,-56.779483795166,0,9.47134280163609,0.110693794021684,0,14.885641739242889,-57.43529827212622,-2.801304817199707,19.791987257798194,-56.15694160668977,-2.709393262863159,-2.4690936646251336,2.601056442769471,1.82568108241817,0.0991814136505127,0.0104710221935923,45.427992731549
0,42.7036551130731,17.3776721954346,-56.6880531311035,0,9.48366985269729,0.107040809309012,0,14.84766077889524,-57.349883289308444,-2.7819530963897705,19.75310835816568,-56.066658586751416,-2.7158970832824707,-2.4553672114290963,2.61514376777436,1.82665478389522,0.0955034121870995,0.0100696598483034,45.5227775713277
0,42.7985497566649,17.3525848388672,-56.5965347290039,0,9.49411459368694,0.106071390988259,0,14.810336539804924,-57.26414143653658,-2.762174129486084,19.714221664775113,-55.97635746846099,-2.722402334213257,-2.441710124478109,2.6284453827362815,1.82760273616573,0.0938896760344505,0.0098886332112184,45.6176722149195
0,42.8935410581624,17.3273963928223,-56.5049438476563,0,9.5034404584705,0.105276436840253,0,14.772969532970391,-57.17830133700291,-2.7423667907714844,19.6753199558782,-55.886021481764516,-2.720377206802368,-2.4281288995755963,2.641686372526469,1.82853733699581,0.0925254747271538,0.009735400403996,45.712663516417
0,42.9886217274331,17.3021068572998,-56.4132881164551,0,9.51222217046003,0.104608362503381,0,14.735557341198703,-57.09235743789224,-2.726165771484375,19.636410483418786,-55.795667466834864,-2.7175865173339844,-2.4146280636465653,2.654865639145582,1.82945381801387,0.0913864895701408,0.0096066894051774,45.8077441856877
0,43.0837844792854,17.2767162322998,-56.3215751647949,0,9.52075572780744,0.104038875936565,0,14.698117991402814,-57.00635115092399,-2.715306282043457,19.597482080580775,-55.705269492540005,-2.714794874191284,-2.401205281561922,2.667974332548217,1.83036648433467,0.0904422700405121,0.0094989172243683,45.9029069375401
0,43.1790393904948,17.2512283325195,-56.229793548584,0,9.52921112266459,0.103548947976552,0,14.660633859489742,-56.92024198974338,-2.7044360637664795,19.558184710202077,-55.61494068319871,-2.7241148948669434,-2.387486497260837,2.6810256943177078,1.8312629381921,0.0896633937954903,0.0094087642061318,45.9981618487494
0,43.2743843815412,17.2256374359131,-56.1379470825195,0,9.53764286222341,0.103126580141196,0,14.623123145457582,-56.83407176368384,-2.7027134895324707,19.517314298719793,-55.524965693213176,-2.739530086517334,-2.372241350950497,2.694006348127513,1.83215939204952,0.0890222936868668,0.0093332379437422,46.0935068397959
0,43.3698069605824,17.1999492645264,-56.0460472106934,0,9.54618175713895,0.102758891371729,0,14.585583538347645,-56.74783516397326,-2.732586622238159,19.47642974619512,-55.43495957214524,-2.7549498081207275,-2.357072651702747,2.7069197405144636,1.83304917018673,0.0884983986616135,0.0092700174901755,46.188929418837
0,43.4653107993384,17.1741504669189,-55.9540939331055,0,9.55476361744242,0.104411728220322,0,14.548023925315245,-56.66155260633024,-2.7589452266693115,19.435520023275178,-55.34489803920402,-1.0029833316802979,-2.3419888786160823,2.719749691945213,1.83394180934688,0.0895733013749123,0.009374167404312,46.2844332575931
0,43.5609022438716,17.1482315063477,-55.8620834350586,0,9.56361229201655,0.105804147126502,0,14.5104428213564,-56.57522067937933,-2.780679941177368,19.39458157324329,-55.254773264384,-0.9884362816810608,-2.3269968342150014,2.732488586601139,1.8348382632043,0.0905456766486168,0.0094671483171745,46.3800247021262
0,43.6565918922743,17.1221942901611,-55.7700042724609,0,9.572835235152,0.106974200728155,0,14.47285071703885,-56.48886348222442,-2.781780958175659,19.35359701153504,-55.16454697608592,-0.975909411907196,-2.3120849125169953,2.745137506921283,1.83575188319942,0.0914239063858986,0.0095497516018872,46.4757143505289
0,43.7523751043434,17.0960292816162,-55.677864074707,0,9.58241025429096,0.109881347824929,0,14.435243368627988,-56.4024712660889,-2.7744555473327637,19.312574110008264,-55.074236283822664,-0.9644799828529358,-2.2972673954504095,2.7576869395489543,1.83667694728633,0.0936840176582336,0.0097760225708276,46.571497562598
0,43.8482514686356,17.0697250366211,-55.5856666564941,0,9.59240453291825,0.112345462013425,0,14.397631758983682,-56.316069260978196,-2.7669126987457275,19.271504131653376,-54.9838219533286,-0.9518334865570068,-2.2825530070623796,2.770121017037386,1.83762299220821,0.0956895649433136,0.0099748715212313,46.6673739268902
0,43.9442300416302,17.0432758331299,-55.4934043884277,0,9.60295909416336,0.116310753658338,0,14.36001891352623,-56.22966441693731,-2.75419545173645,19.23037819161854,-54.89328442486784,-0.9397131204605103,-2.2679419518959603,2.7824353588505786,1.83859574001094,0.098908968269825,0.0102990873057171,46.7633524998848
0,44.040316786454,17.0166606903076,-55.4010772705078,0,9.61435213659049,0.121508602245176,0,14.322414661522371,-56.143279313918626,-2.7557713985443115,19.189184421858755,-54.80259757129384,-0.9294787645339966,-2.253450091420751,2.794606508413694,1.83960568111202,0.103173695504665,0.0107303597055459,46.8594392447087
0,44.136528160003,16.9898738861084,-55.3086700439453,0,9.62677234737556,0.125924636898267,0,14.284817147149175,-56.056909688695356,-2.757349729537964,19.147912976600796,-54.71173971743095,-0.9192224144935608,-2.2390753740787246,2.8066340208449696,1.8406566302087,0.106964491307735,0.0111101974368481,46.9556506182577
0,44.232867576655,16.9629039764404,-55.2161827087402,0,9.64014996103862,0.131479304615554,0,14.247224465271909,-55.970551164760806,-2.7587339878082275,19.106564048442976,-54.62071128727861,-0.9084985256195068,-2.2248291435693597,2.8185079341416186,1.84174763362667,0.111712977290154,0.0115872252054282,47.0519900349096
0,44.3293463601195,16.9357376098633,-55.1236076354981,0,9.65447924704625,0.137975608284735,0,14.209647807650173,-55.88422945200826,-2.7520861625671387,19.065121247458883,-54.52947619890342,-0.900421142578125,-2.21071636353691,2.83021397733133,1.84289204280635,0.117286093533039,0.0121471199990933,47.1484688183741
0,44.4259701919417,16.9083557128906,-55.0309448242188,0,9.66975513245088,0.145250652359438,0,14.172092173925073,-55.79795603569509,-2.7441539764404297,19.023577914873783,-54.43801979321173,-0.8924609422683716,-2.1967532988839054,2.8417326322514005,1.84409557979366,0.123571112751961,0.0127776942098296,47.2450926501963
0,44.5227505351121,16.880744934082,-54.9381866455078,0,9.68598002616508,0.153168494426618,0,14.13456136925156,-55.711739657085495,-2.736226797103882,18.981924178053312,-54.34632033589389,-0.8843969702720642,-2.1829475357304946,2.853052476465468,1.8453649203088,0.130472272634506,0.0134685351518583,47.3418729933668
0,44.6197082322757,16.852897644043,-54.8453140258789,0,9.70327646933156,0.159944819659071,0,14.097046657860679,-55.62556024822809,-2.7276744842529297,18.940153247248418,-54.254362879520194,-0.8750951886177063,-2.169299244109737,2.8641750689390935,1.84669911067745,0.136633709073067,0.0140792804371657,47.4388306905303
0,44.7168360247303,16.8248023986816,-54.7523384094238,0,9.7212011124686,0.16743316233671,0,14.059552866173853,-55.53942889645715,-2.7174534797668457,18.89826840422612,-54.16215464880271,-0.8668981790542603,-2.1558242385337416,2.8750854616537445,1.84809910457393,0.143404141068459,0.0147495020196313,47.535958482985
0,44.8141514915358,16.7964630126953,-54.6592407226563,0,9.73945201137548,0.173877125255167,0,14.022070215552956,-55.45332313812517,-2.7166638374328613,18.85626579368559,-54.06968715641182,-0.8586755394935608,-2.142512754698774,2.8857966448438788,1.8495620409753,0.149422362446785,0.0153395237901064,47.6332739497904
0,44.91164380329,16.7678680419922,-54.5660362243652,0,9.75772665557473,0.181097639314306,0,13.98460379360152,-55.36725466055822,-2.7158727645874023,18.814150974945512,-53.97697264102154,-0.8488732576370239,-2.1293824801847308,2.8962926058783025,1.85108791988155,0.156034648418427,0.015988127938883,47.7307662615447
0,45.0093302569983,16.7390098571777,-54.4727096557617,0,9.77608128265215,0.1873282574275,0,13.946469882454673,-55.28140502348864,-2.7173912525177,18.771917627835347,-53.88399718896523,-0.8362365365028381,-2.116434825966022,2.9072784022534006,1.85267674129268,0.161909282207489,0.0165587376909787,47.8284527152529
0,45.1071902805836,16.7098979949951,-54.379280090332,0,9.794502700256,0.192701374172761,0,13.90818042476382,-55.1956254019742,-2.7202770709991455,18.72958272350996,-53.79079816173335,-0.8231188654899597,-2.103672356352894,2.9182256614564364,1.85431992213985,0.167120903730392,0.0170594233668748,47.9263127388382
0,45.2052467400563,16.6805305480957,-54.2857246398926,0,9.81308262898019,0.197323409686289,0,13.86988855065755,-55.10984036698011,-2.717363119125366,18.68713985363972,-53.69736145157965,-0.809814453125,-2.0910887466718466,2.9289716914637616,1.8560146014001,0.171744763851166,0.017498074688858,48.0243691983109
0,45.3034813078971,16.6509094238281,-54.1920623779297,0,9.8317264176217,0.201300051086762,0,13.831590733876027,-55.024042018649546,-2.7123472690582275,18.6446055984655,-53.60372355940914,-0.7952221632003784,-2.078693580627499,2.9395149256442625,1.85775124233028,0.17583891749382,0.0178810989225303,48.1226037661518
0,45.4019126051828,16.6210346221924,-54.098274230957,0,9.8503346034599,0.20472423783306,0,13.79327609320561,-54.93820597987077,-2.7171995639801025,18.60197503827747,-53.50987365462757,-0.7806677222251892,-2.0664801403120467,2.949865020825678,1.85952698390743,0.179457470774651,0.0182144802128147,48.2210350634374
0,45.5005198415583,16.5909042358398,-54.0043830871582,0,9.86874085477082,0.207682763409019,0,13.754947686203401,-54.852339100468974,-2.722053050994873,18.559261386143746,-53.4158408254097,-0.7669030427932739,-2.0544614537675576,2.9600133364455457,1.86133705775997,0.182644844055176,0.0185033142629243,48.3196422998129
0,45.5993240779645,16.5605220794678,-53.9103660583496,0,9.88681520825163,0.210248679241665,0,13.716592275279638,-54.76641172435841,-2.7270727157592773,18.516459286488175,-53.32161328161462,-0.7512292265892029,-2.042625807611327,2.9699749011468395,1.86317764919063,0.185444876551628,0.018752546248725,48.4184465362191
0,45.6982979696177,16.5298957824707,-53.8162498474121,0,9.90448700723514,0.21248169325163,0,13.678213040308252,-54.68043097538986,-2.7335705757141113,18.47358601646522,-53.22722905838176,-0.7352819442749023,-2.0309793735130843,2.9797488961152494,1.86504208247921,0.18789966404438,0.0189668016004433,48.5174204278723
0,45.7974473334455,16.4990196228027,-53.7220306396484,0,9.92163602032232,0.214436341585036,0,13.639809987569928,-54.59439686763389,-2.7402403354644775,18.43063766238622,-53.13267953984245,-0.7192944288253784,-2.0195254318,2.989331459363037,1.86693226497432,0.19004487991333,0.0191501187918262,48.6165697917001
0,45.8967713994475,16.4678974151611,-53.6277084350586,0,9.93822139582663,0.216154805030752,0,13.6013752070193,-54.50829168026763,-2.746953010559082,18.38762020125477,-53.037977884191555,-0.7025976181030273,-2.008262357878867,2.998729134402274,1.86884152095577,0.191916733980179,0.019306407934229,48.7158938577022
0,45.9962561078252,16.4365406036377,-53.5332946777344,0,9.95446762834266,0.215873994609291,0,13.562911998118734,-54.42212280505503,-2.7533655166625977,18.34454100762222,-52.94314032628358,-0.6858605742454529,-1.9971849439001461,3.007948936131258,1.87076794307491,0.192188084125519,0.0193021782065367,48.8153785660798
0,46.0958964041441,16.4049549102783,-53.438793182373,0,9.97035371127038,0.215659952228577,0,13.524401061145495,-54.33584700495353,-2.7512292861938477,18.30141631667853,-52.84820260740425,-0.6695690751075745,-1.9862938083796824,3.0170011664499166,1.87269436519405,0.192412406206131,0.0192939404486073,48.9150188623987
0,46.1956950475793,16.3731441497803,-53.3442001342773,0,9.98591146685935,0.215497340661025,0,13.485840964579408,-54.249461072937855,-2.7502527236938477,18.25887889203555,-52.75296260453377,-0.6556640267372131,-1.9762482978425848,3.0258911167350013,1.87462078731319,0.192602261900902,0.0192829097811843,49.0148175058339
0,46.2956499871452,16.3411045074463,-53.2495193481445,0,10.0012624323456,0.215368345893327,0,13.447232336281,-54.162966415599826,-2.7492761611938477,18.21722358323825,-52.65732474982917,-0.6419909596443176,-1.9673630139921565,3.034613927353478,1.87654720943233,0.192773133516312,0.0192704125262226,49.1147724453998
0,46.3957609642378,16.308837890625,-53.1547508239746,0,10.0165395308207,0.215257780259764,0,13.408575008202384,-54.07636265646287,-2.7428319454193115,18.175520848334752,-52.56157800789785,-0.6282897591590881,-1.958662618813269,3.043171562193089,1.87847363155147,0.192937105894089,0.0192574060770672,49.2148834224924
0,46.4960247177817,16.2763442993164,-53.0598983764648,0,10.0317858360977,0.215158842388963,0,13.369870070083417,-53.98965223686406,-2.7316625118255615,18.1337717225133,-52.46572475546404,-0.6156774759292603,-1.950148436488113,3.051562662984783,1.88040005367061,0.193098917603493,0.0192442824147183,49.3151471760364
0,46.5964386135647,16.2436218261719,-52.9649658203125,0,10.0470157311726,0.21506812419768,0,13.331118367563448,-53.9028370512837,-2.7239830493927,18.091977002152937,-52.369766820961765,-0.6056225299835205,-1.941823551562811,3.0597841169418505,1.88232647578975,0.193260446190834,0.0192312014109075,49.4155610718193
0,46.69700661628,16.2106704711914,-52.8699493408203,0,10.0623496224314,0.214975569334522,0,13.292318002356986,-53.8159128470052,-2.7160961627960205,18.0501347980643,-52.27369986693625,-0.594818115234375,-1.9336862322892454,3.067837689217855,1.88425289790889,0.193429127335548,0.0192186721529427,49.5161290745346
0,46.7977254784164,16.177490234375,-52.7748527526856,0,10.0776976976629,0.214888025901647,0,13.253470054259061,-53.72888204308633,-2.7009899616241455,18.008246135841425,-52.17752624808407,-0.5834887623786926,-1.9257378128534577,3.0757220129049005,1.88617932002803,0.193597853183746,0.0192061581791763,49.6168479366711
0,46.8985968208506,16.1440773010254,-52.6796760559082,0,10.092961577919,0.214811550845197,0,13.214597724436729,-53.64179661694982,-2.685872793197632,17.96629543374371,-52.08121018975163,-0.5687524080276489,-1.9179781844854067,3.0834277295939954,1.8881248156335,0.193761751055717,0.0191933635599908,49.7177192791052
0,46.9996210129484,16.1104316711426,-52.5844192504883,0,10.1081938454861,0.214740648394105,0,13.175863197180458,-53.55454020373906,-2.668675422668457,17.92429704508345,-51.98478464620177,-0.5543054342269897,-1.9104107551622107,3.090764758487557,1.89007031123897,0.19392491877079,0.0191805950464463,49.8187434712031
0,47.1007977837597,16.0765552520752,-52.4890823364258,0,10.1235215952455,0.214664619213265,0,13.138688559765114,-53.46663795649317,-2.6479883193969727,17.882250767304917,-51.888249152379835,-0.5421227812767029,-1.9030335805685443,3.096235729415688,1.89201580684444,0.194095611572266,0.0191684275680875,49.9199202420143
0,47.2021281345385,16.0424461364746,-52.3936653137207,0,10.1389677446642,0.214582285060311,0,13.101463702912662,-53.37861696158263,-2.625615119934082,17.840155918212112,-51.79160214200861,-0.5309765338897705,-1.89584823287276,3.1015330762617723,1.89396130244991,0.194273397326469,0.0191567728963681,50.0212505927931
0,47.3036130751135,16.0081024169922,-52.2981681823731,0,10.1544529898658,0.214499812489833,0,13.064187983987711,-53.29047569944736,-2.6032116413116455,17.798011810612916,-51.694842037340074,-0.5198388695716858,-1.8888562874533577,3.1066551783701786,1.89590679805538,0.194452509284019,0.0191452105315344,50.1227355333681
0,47.4052532994573,15.9735231399536,-52.2025909423828,0,10.1700566372003,0.214410853568261,0,13.026860875017565,-53.202212921655914,-2.5815820693969727,17.75581787508314,-51.59796753101369,-0.5093029737472534,-1.8820584455446892,3.111601292750064,1.89785229366085,0.194637939333916,0.0191340820307831,50.224375757712
0,47.5070488526618,15.9387092590332,-52.10693359375,0,10.1856793029603,0.214323896226269,0,12.989482086354778,-53.11382794331496,-2.5494823455810547,17.713573786834377,-51.50097787733658,-0.5033276081085205,-1.875453657732176,3.116372433976818,1.89979778926632,0.194821804761887,0.0191227982294568,50.3261713109164
0,47.6090007565944,15.9036588668823,-52.0111961364746,0,10.2012244953728,0.214246068598672,0,12.952050968395387,-53.025319228386685,-2.517333984375,17.67127885184728,-51.40387148288588,-0.4987109303474426,-1.869043511024892,3.1209669706614407,1.90174328487178,0.194998905062675,0.0191110306358898,50.428123214849
0,47.7111090529526,15.8683729171753,-51.9153785705566,0,10.2167390610836,0.214172362681583,0,12.914567231502586,-52.93668609200293,-2.4875547885894775,17.62893274553922,-51.306647602441195,-0.4954186975955963,-1.8628269648014848,3.12538590930389,1.90368878047725,0.195173621177673,0.0190991225603644,50.5302315112072
0,47.8133708620043,15.8328504562378,-51.8194847106934,0,10.2322402170925,0.214100557385348,0,12.877031750711875,-52.847930603251434,-2.4582347869873047,17.58653633832217,-51.20930823441125,-0.49360594153404236,-1.8568062648618275,3.129627002352907,1.90563427608272,0.195347502827644,0.0190871939421132,50.632493320259
0,47.9157904642639,15.7970905303955,-51.7235107421875,0,10.2477327546201,0.214029623974986,0,12.839444916556763,-52.75905368557828,-2.425218343734741,17.54408619657133,-51.111845495418926,-0.4961584508419037,-1.850980343423883,3.13369059810728,1.90758167903682,0.195521250367165,0.0190753042812204,50.7349129225185
0,48.0183649918915,15.7610921859741,-51.6274604797363,0,10.2632252663852,0.213959198165796,0,12.801826288010831,-52.670101587658664,-2.3921775817871094,17.501571923972804,-51.014235516209915,-0.4987109303474426,-1.8453494450309338,3.1375715346072868,1.90954624812862,0.195694997906685,0.019063450496604,50.8374874501461
0,48.1210951576387,15.7248544692993,-51.5313339233398,0,10.2786078907967,0.213897229628796,0,12.764154349041503,-52.58102343320309,-2.365208625793457,17.45900569760936,-50.91650625456695,-0.49219846725463867,-1.8399167222833621,3.141272555702796,1.91151081722042,0.195861905813217,0.0190511703826494,50.9402176158933
0,48.2239774345478,15.6883783340454,-51.4351348876953,0,10.2936523030286,0.213860505284689,0,12.726430203507949,-52.49182183237021,-2.36650013923645,17.416388621972388,-50.81866024632976,-0.48017942905426025,-1.834682680636703,3.1447931612493543,1.91347538631221,0.196009173989296,0.019037643701291,51.0430998928024
0,48.3270055782302,15.6516723632813,-51.3388671875,0,10.3078916857877,0.212066437640069,0,12.688641904582775,-52.40246853598134,-2.376650333404541,17.373731210972476,-50.72072163074691,-0.46980345249176025,-1.8296422066199316,3.148141884932526,1.91542851131221,0.194706320762634,0.0188850576201138,51.1461280364848
0,48.430172772241,15.6147565841675,-51.2425308227539,0,10.3204323818001,0.208787226120445,0,12.65078345275429,-52.31294935773643,-2.3868188858032227,17.331040543728548,-50.62270666101077,-0.45557737350463867,-1.8247774169270965,3.1513382179279925,1.9173635165002,0.192028671503067,0.0186028434155225,51.2492952304956
0,48.5334319175809,15.5776538848877,-51.146167755127,0,10.330565619129,0.204240009535664,0,12.61285408392299,-52.2232624908643,-2.400458812713623,17.28834613012736,-50.52468308988428,-0.43726682662963867,-1.8200854779528801,3.154389153156818,1.91926514308712,0.188078120350838,0.0182024277193225,51.3525543758355
0,48.6368173753605,15.5403881072998,-51.049732208252,0,10.3379919990913,0.198580114903746,0,12.574824503848651,-52.13333866691405,-2.4136290550231934,17.245642470807326,-50.42663829119421,-0.4190087914466858,-1.815527051226691,3.157335972519912,1.92112099330684,0.182985469698906,0.0176970266906901,51.4559398336152
0,48.7402499995674,15.5029916763306,-50.953296661377,0,10.3425342783746,0.189944687777514,0,12.536704056088185,-52.043199979434036,-2.4210338592529297,17.20297314598773,-50.3286723222634,-0.405853271484375,-1.8111025819071431,3.160182192329287,1.92291390102169,0.175358846783638,0.0169522552559925,51.559372457822
0,48.8437140326065,15.4655084609985,-50.856861114502,0,10.3441088807802,0.178714224477669,0,12.49847001065481,-51.95279268164805,-2.4232873916625977,17.160360158292132,-50.23083569967127,-0.40086302161216736,-1.8067733936033874,3.1629706235886976,1.92462097804805,0.165501996874809,0.0159972505930245,51.6628364908611
0,48.947180438616,15.4279794692993,-50.760440826416,0,10.3430645134336,0.165348942345869,0,12.460104855341749,-51.86207536461609,-2.4181408882141113,17.11783079933387,-50.133191083170594,-0.3958837687969208,-1.8025092948501076,3.1657350457561995,1.92621933620235,0.153821960091591,0.0148700907519447,51.7663028968707
0,49.0505986233484,15.3904266357422,-50.6640815734863,0,10.3397327851035,0.153799742047206,0,12.421624363016157,-51.77108532447782,-2.412968635559082,17.075406666438965,-50.03578805880424,-0.38344481587409973,-1.79830766122997,3.1684766433181455,1.92770611446163,0.143387213349342,0.0138660598306127,51.869721081603
0,49.153983860817,15.3528470993042,-50.5677680969238,0,10.3351708049451,0.14400563546757,0,12.383039854075854,-51.67984932917174,-2.4093968868255615,17.03307071074885,-49.938587483512045,-0.35944700241088867,-1.7941626539278128,3.171195317373067,1.92909561794063,0.134277939796448,0.0129910680345118,51.9731063190717
0,49.2573216079624,15.3152418136597,-50.4715156555176,0,10.3302578208325,0.135702275364213,0,12.344370835782577,-51.58841350509646,-2.4018492698669434,16.990820010735703,-49.84158264965792,-0.3353637754917145,-1.7900776202131228,3.1738832955208767,1.93039929073116,0.126361340284348,0.0122311021790373,52.076444066217
0,49.3606157854046,15.2776098251343,-50.3753204345703,0,10.325266804978,0.126617958095133,0,12.305621369930638,-51.49678745667245,-2.3942859172821045,16.948649087465036,-49.7447609779679,-0.3088952600955963,-1.7860507956274816,3.176539573108845,1.93162190120479,0.117935985326767,0.011421217581004,52.1797382436592
0,49.4638547880705,15.2399635314941,-50.2791900634766,0,10.3202130634103,0.118907564034494,0,12.266798012559347,-51.40498668615147,-2.3866429328918457,16.90656071460179,-49.64812883659464,-0.27296873927116394,-1.7820730744883218,3.1791714704634444,1.93276535671016,0.110616683959961,0.0107177382587681,52.2829772463252
0,49.567034311222,15.2022953033447,-50.1831321716309,0,10.3151190029958,0.112370017151111,0,12.227915218964089,-51.31304537417486,-2.3786327838897705,16.86454875950785,-49.55167214540356,-0.23908935487270355,-1.7781530635042024,3.181766919754362,1.93384014766475,0.104277342557907,0.0101085751525309,52.3861567694766
0,49.6701635691199,15.1645994186401,-50.0871391296387,0,10.309995305357,0.106831627840929,0,12.188980996437836,-51.22098245459366,-2.370497941970825,16.822602397403433,-49.45536605141084,-0.2052636742591858,-1.7742917178304107,3.1843218556066852,1.93485581081173,0.0988011956214905,0.0095825351013939,52.4892860273745
0,49.7732422364625,15.1268768310547,-49.9912109375,0,10.3048536275213,0.102142818386476,0,12.150007096534496,-51.12882571484761,-2.3623571395874023,16.78071467061308,-49.35919458025033,-0.18587645888328552,-1.7704870164410325,3.1868355461087154,1.93582188289424,0.0940815955400467,0.0091293848053013,52.5923646947172
0,49.8762728373713,15.0891304016113,-49.8953437805176,0,10.299725646632,0.0960785053366979,0,12.110987594628101,-51.03656114570962,-2.354886531829834,16.73888696735808,-49.263160919187,-0.17113646864891052,-1.7667348121279423,3.1893120972086724,1.93673454921505,0.0884209871292114,0.0085844170393726,52.6953952956259
0,49.9792550930711,15.0513706207275,-49.7995338439941,0,10.2945793630395,0.0909372654733556,0,12.071923559966004,-50.94419127549611,-2.348101854324341,16.697118398955503,-49.16726302786316,-0.15671752393245697,-1.763023577401418,3.1917621188574032,1.93759476344844,0.0835217982530594,0.0081128656993423,52.7983775513257
0,50.0821868658105,15.0135936737061,-49.703784942627,0,10.2894096763597,0.0865810010462319,0,12.032117054272536,-50.85201286538456,-2.341379404067993,16.655404200194347,-49.07148996566715,-0.14784301817417145,-1.7593574800978555,3.19493821455582,1.93841015498897,0.0792915821075439,0.0077058623991043,52.9013093240652
0,50.1850504746615,14.97580909729,-49.6081123352051,0,10.2842589757817,0.0808045538281223,0,11.987540265692365,-50.761587959534495,-2.336509943008423,16.613753869338826,-48.975863539990115,-0.15827758610248566,-1.7557339249820512,3.2031635340425537,1.93917690913936,0.0740532875061035,0.0072004217296479,53.0041729329161
0,50.2878679608797,14.938024520874,-49.5124893188477,0,10.2790891150901,0.0759031296513389,0,11.942921631502658,-50.67107816902981,-2.3329687118530273,16.572157635118263,-48.880361316636005,-0.1980310082435608,-1.752134939509454,3.2113812358060003,1.93989597957393,0.0695118308067322,0.0067622660896026,53.1069904191343
0,50.3906428752269,14.900239944458,-49.4169120788574,0,10.2739259728807,0.0696844028037985,0,11.898254954253783,-50.580470922220165,-2.3292906284332275,16.530615848755122,-48.78498410198853,-0.24153563380241394,-1.7485589945044016,3.2195936177379765,1.94056450526973,0.064010426402092,0.0062302331401695,53.2097653334816
0,50.4933610710519,14.8624649047852,-49.3213920593262,0,10.2687532917866,0.0644000217979247,0,11.853544576996686,-50.48977502907114,-2.3251256942749023,16.489134583474602,-48.68974583977407,-0.2726428210735321,-1.745001773707402,3.22780425412833,1.94118153255245,0.0592293478548527,0.0057678066097422,53.3124835293065
0,50.5960190025986,14.8246994018555,-49.2259330749512,0,10.2635609109812,0.0599116613163514,0,11.80879973125625,-50.399009215915314,-2.3217859268188477,16.447711044548747,-48.59464011348073,-0.30159300565719604,-1.741464210232294,3.2360096501122984,1.94175278346798,0.0550852045416832,0.0053669741475967,53.4151414608532
0,50.6986369014274,14.7869462966919,-49.1305122375488,0,10.2583701132567,0.0540487694968561,0,11.764010908098346,-50.3081541936899,-2.3186450004577637,16.406336916713382,-48.499647831807756,-0.32640501856803894,-1.7379343712132977,3.2442223938064267,1.94227825801632,0.0499355792999268,0.0048677212524507,53.5177593596821
0,50.8011974212393,14.7492141723633,-49.0351448059082,0,10.2531689803488,0.0490619539054746,0,11.719182551931127,-50.21721897796561,-2.315507650375366,16.365020250864397,-48.404787479083645,-0.34635618329048157,-1.7344104597247143,3.2524438456434615,1.94275604884883,0.0454588234424591,0.0044335856659861,53.6203198794939
0,50.9037013026659,14.7115106582642,-48.939826965332,0,10.2479613366299,0.0427946438528142,0,11.674312421145949,-50.12619902159453,-2.3122448921203613,16.323761191276454,-48.31005938655356,-0.3664782643318176,-1.7308838737704961,3.2606827179955404,1.94318520229122,0.0400304347276688,0.0039061511247122,53.7228237609206
0,51.0061642217677,14.6738510131836,-48.8445358276367,0,10.2427316800414,0.0354665439484831,0,11.629376396860147,-50.03504539894152,-2.3088927268981934,16.28256113567453,-48.2154667633023,-0.3763366639614105,-1.7273320890631696,3.2689660030055734,1.94355427425167,0.0337855853140354,0.0032984738673946,53.8252866800224
0,51.1085596000001,14.6362400054932,-48.7492980957031,0,10.2374899857335,0.0292116791386677,0,11.584389804982122,-49.943789198917834,-2.305513858795166,16.241428499783716,-48.121028931282254,-0.3796313405036926,-1.723761075429167,3.2772852549051428,1.94386612575313,0.0283319428563118,0.0027674583866255,53.9276820582547
0,51.210913381883,14.5986843109131,-48.6540832519531,0,10.2322267705171,0.0219032167130965,0,11.539339107121604,-49.85240295862843,-2.3020410537719727,16.20035331947596,-48.02672301350946,-0.3831433057785034,-1.7201524588741501,3.285660237359988,1.9441198031213,0.0220794081687927,0.0021578252786856,54.0300358401376
0,51.3132124910453,14.5611906051636,-48.5589027404785,0,10.2269605960067,0.0156562734924332,0,11.494228088485729,-49.7608943564416,-2.298281192779541,16.159341239783807,-47.93256197060813,-0.3866003453731537,-1.7165046492622091,3.29409212432692,1.94431435268184,0.0166189093142748,0.0016250077121401,54.1323349492999
0,51.4154484510772,14.5237627029419,-48.4637641906738,0,10.2216667289502,0.008363799774268,0,11.449062665043545,-49.66927539301868,-2.2946410179138184,16.118394100565187,-47.83855002677126,-0.38818359375,-1.7128169911086095,3.302580442931124,1.94445168178341,0.0103731658309698,0.0010148210300252,54.2345709093318
0,51.5176578991947,14.4864072799683,-48.3686256408691,0,10.2163694085181,0.0021220588435742,0,11.403821743776902,-49.577503280751124,-2.290989875793457,16.077498973083493,-47.74465749846827,-0.3902038633823395,-1.7090667098247827,3.3111506664818426,1.94452892940303,0.0049173031002283,0.00048131609161,54.3367803574493
0,51.6197818962575,14.4491205215454,-48.273551940918,0,10.2110857661121,-0.0032180274866284,0,11.358543463036892,-49.485655384045764,-2.286907911300659,16.03667331244013,-47.65092446146623,-0.39298704266548157,-1.7052826282015845,3.319768261704616,1.94455467860958,0.0001651496859267,1.61735667986955e-05,54.4389043545121
0,51.7218715772572,14.4118986129761,-48.1784896850586,0,10.2057999482416,-0.0077850449891976,0,11.313215821691118,-49.39370735836586,-2.2827770709991455,15.995891274924432,-47.557291580301836,-0.4011865258216858,-1.7014463959994617,3.3284514469230277,1.94453655879757,-0.0039636134169995,-0.0003883686025536,54.5409940355118
0,51.8239138839977,14.3747482299805,-48.0834503173828,0,10.2004913463574,-0.0136566582101126,0,11.267841295682038,-49.301664226210136,-2.278496026992798,15.955159182677592,-47.46377337019629,-0.41141477227211,-1.6975565670337218,3.3372017958241984,1.94447266261837,-0.0090422909706831,-0.0008864556186307,54.6430363422524
0,51.9258783401937,14.3376750946045,-47.9884643554688,0,10.1951809405365,-0.0186829770448525,0,11.222428632724608,-49.209543732493074,-2.2745213508605957,15.914490942469438,-47.370401760180265,-0.42179441452026367,-1.6936202613847136,3.3460118594005572,1.94436012904903,-0.0134689770638943,-0.0013211098976047,54.7450007984484
0,52.0278150815414,14.3006782531738,-47.8934783935547,0,10.1898773385933,-0.0229838607363994,0,11.176966391480184,-49.11732266823075,-2.270728826522827,15.87386115807199,-47.27711844218133,-0.42622801661491394,-1.6896165369458518,3.354902473029989,1.94420658748409,-0.0173182133585215,-0.0016995463958653,54.8469375397961
0,52.1296860846691,14.2637548446655,-47.7985343933105,0,10.18458500351,-0.0266624522554055,0,11.131478064014226,-49.02504868754709,-2.2669334411621094,15.833281605280886,-47.18395045265332,-0.4256335496902466,-1.6855644966602525,3.363851236986232,1.94401680629512,-0.0206584222614765,-0.0020283940350337,54.9488085429237
0,52.2314960734665,14.2269115447998,-47.7036247253418,0,10.179248812467,-0.0317733854737393,0,11.085958275724984,-48.93271088795512,-2.2629785537719727,15.792751511639485,-47.09089601808648,-0.4247058033943176,-1.6814551050941795,3.372868250264055,1.9437888781335,-0.0250502247363329,-0.0024608989490051,55.0506185317211
0,52.3332746886362,14.1901550292969,-47.608715057373,0,10.1739222208604,-0.0361472288662482,0,11.040389143171502,-48.840272992537706,-2.2586424350738525,15.752260785127016,-46.99793196786358,-0.4192468225955963,-1.6772687246914988,3.3819757664812546,1.94351994197628,-0.0288796182721853,-0.0028385744817798,55.1523971468908
0,52.4349945598257,14.1534824371338,-47.5138359069824,0,10.1686057688254,-0.0398889301429779,0,10.994789465826772,-48.74777313640126,-2.254302978515625,15.71181695042798,-46.90507557816629,-0.40352049469947815,-1.673019902231922,3.3911564949335946,1.94321476619503,-0.0322109684348106,-0.0031676634278965,55.2541170180803
0,52.5366418387031,14.1168928146362,-47.419002532959,0,10.1632940511407,-0.0430887552052673,0,10.95059759540685,-48.65468461651003,-2.249101400375366,15.671151453992852,-46.81243573457787,-0.3879333436489105,-1.6684253651012162,3.3988726994289835,1.94287907283565,-0.0351031050086021,-0.0034538791610592,55.3557642969577
0,52.6382603086315,14.0803833007813,-47.3241691589355,0,10.1579986752589,-0.0458244206046044,0,10.91150765479384,-48.55953169601194,-2.2401721477508545,15.63040079720507,-46.719906398003374,-0.372406005859375,-1.6636368965219317,3.4011606045208116,1.9425157229211,-0.0376092940568924,-0.003702393805986,55.4573827668861
0,52.7398225634964,14.0439510345459,-47.2293663024902,0,10.1530391934439,-0.0481611481063511,0,10.872407703443969,-48.46435440733026,-2.232492685317993,15.589687473262034,-46.62746183020635,-0.36394408345222473,-1.658791768646726,3.4035103525850463,1.94212853114864,-0.0397786200046539,-0.0039178586554475,55.558945021751
0,52.8413154185983,14.0075931549072,-47.1346092224121,0,10.1488686200956,-0.0501525432634621,0,10.833307598999799,-48.36917674598571,-2.2248167991638184,15.54901408939588,-46.535107951225356,-0.3548669219017029,-1.6538985069932441,3.4059133519079774,1.94172131221553,-0.0416565909981728,-0.0041045050373567,55.660437876853
0,52.9427830140557,13.971305847168,-47.039852142334,0,10.1457034135269,-0.0518447384920415,0,10.794195461015256,-48.27396979253961,-2.211392879486084,15.50836019295054,-46.44279832081019,-0.34577879309654236,-1.6489418812332879,3.408383308894212,1.94129788081905,-0.0432834550738335,-0.0042661300262344,55.7619054723103
0,53.0442277762171,13.9350824356079,-46.9450950622559,0,10.1435244340786,-0.0532794944245706,0,10.755071530263463,-48.178734133083026,-2.1988768577575684,15.467724047502326,-46.35052899619908,-0.33854490518569946,-1.6439279538400184,3.4109140586037574,1.9408591906335,-0.0446929447352886,-0.0044059960137604,55.8633502344717
0,53.1456504202309,13.8989210128784,-46.8503379821777,0,10.1422791432651,-0.0544936317174687,0,10.715932995953903,-48.08346292557625,-2.188807249069214,15.427106513153099,-46.25830193035821,-0.33208128809928894,-1.638858630237472,3.4135040415849254,1.94040333431026,-0.0459140650928021,-0.0045269314450286,55.9647728784855
0,53.2470530164044,13.8628158569336,-46.7555809020996,0,10.1420122790091,-0.0555176346129788,0,10.676793851014958,-47.9881902316725,-2.18192982673645,15.386499077366178,-46.166097794534764,-0.32478880882263184,-1.633738317580906,3.4161472423693913,1.93994175594112,-0.0469731576740742,-0.0046314727909378,56.0661754746591
0,53.3484861872811,13.8267650604248,-46.6607704162598,0,10.1427895604625,-0.0563775342158444,0,10.637622462056878,-47.89283904922307,-2.17633056640625,15.345887564983405,-46.07388440230323,-0.3182080090045929,-1.628547935196949,3.4188629146335883,1.93946491878292,-0.0478932522237301,-0.0047218284584158,56.1676086455358
0,53.4499244951538,13.7907600402832,-46.5659370422363,0,10.1444983564718,-0.0570979968566521,0,10.598446994285082,-47.79747793810578,-2.1689257621765137,15.305272711852037,-45.98166342449453,-0.3128698766231537,-1.623306592339117,3.421630541401099,1.9389871279504,-0.0486925095319748,-0.0047998172564166,56.2690469534084
0,53.5513818956874,13.7548017501831,-46.4710655212402,0,10.1471481228206,-0.057698643173517,0,10.559239791427942,-47.702039577291885,-2.160623788833618,15.264660082551234,-45.889447496164365,-0.3075329661369324,-1.6180085633007621,3.4244581117186184,1.93849121730587,-0.0493881925940514,-0.0048671206516909,56.370504353942
0,53.6528611213688,13.71888256073,-46.3761558532715,0,10.1508055487972,-0.0581952967613075,0,10.520023325097783,-47.606578667287636,-2.1535606384277344,15.22403663063124,-45.7972069937573,-0.3021911680698395,-1.6126594668661631,3.4273372624591407,1.93799530666133,-0.0499959141016007,-0.0049252339871812,56.4719835796235
0,53.7543985558883,13.6830005645752,-46.2811698913574,0,10.1554905957085,-0.058602107871413,0,10.48078377079989,-47.511061556441845,-2.1464929580688477,15.183387679789284,-45.704908592937834,-0.29805541038513184,-1.607245650035067,3.4302807322697095,1.9374993960168,-0.0505287051200867,-0.0049754232353311,56.5735210141429
0,53.8559846714832,13.6471424102783,-46.1861228942871,0,10.1607189577608,-0.056883036304642,0,10.441524690429517,-47.41549691513698,-2.143925666809082,15.142717010962736,-45.61256087878542,-0.293914794921875,-1.6017854949520411,3.433270372247007,1.93700348537227,-0.0494195707142353,-0.0048637105800973,56.6751071297378
0,53.957619280333,13.6112985610962,-46.0910186767578,0,10.1662393226141,-0.0554273127533671,0,10.402251098392169,-47.31989694946292,-2.150418758392334,15.102022200283363,-45.52015834761159,-0.2897875905036926,-1.596288972531081,3.436295596571097,1.93651138942501,-0.0484411381185055,-0.0047648315795489,56.7767417385876
0,54.0593057543271,13.5754594802856,-45.9958572387695,0,10.1722537427528,-0.0520919900094749,0,10.36298413516974,-47.22431311968187,-2.157505989074707,15.061290857046329,-45.427672864809736,-0.28652098774909973,-1.590763452867438,3.4393461143545063,1.9360402743127,-0.0459825061261654,-0.0045203260129286,56.8784282125817
0,54.1610531716786,13.5395994186401,-45.9006385803223,0,10.1788075279694,-0.0471932183035169,0,10.323731599508417,-47.128764409539095,-2.163381338119507,15.02051390697324,-45.33508382612398,-0.28334593772888184,-1.5852318132536127,3.442397258091547,1.93559872310421,-0.0422502160072327,-0.0041507575209624,56.9801756299333
0,54.2628808540752,13.5037040710449,-45.805347442627,0,10.1858992094736,-0.041006288850098,0,10.284503722980352,-47.0332757247765,-2.16064453125,14.979675222026238,-45.24235461087723,-0.28016600012779236,-1.5796998978067964,3.4454402834879505,1.93520008723995,-0.0374320968985558,-0.0036748639272558,57.0820033123298
0,54.3647775502607,13.4677648544312,-45.7099990844727,0,10.1934235186942,-0.0357513230333825,0,10.245306166819526,-46.93786084599694,-2.158006429672241,14.938779004668016,-45.149494761273594,-0.2763110399246216,-1.574181605318086,3.44846117837759,1.93484532039425,-0.0332081243395805,-0.0032577789034531,57.1839000085153
0,54.4667488531355,13.4317760467529,-45.6145896911621,0,10.201266219065,-0.0292839204667388,0,10.206143218202829,-46.842530209066894,-2.155367374420166,14.897820274634986,-45.05649296901718,-0.2721240222454071,-1.5686802189660238,3.4514554987906503,1.93453919093868,-0.0279822200536728,-0.0027430030900694,57.2858713113902
0,54.5687969267765,13.3957214355469,-45.5191230773926,0,10.2093778240613,-0.0218149631740413,0,10.1670217304971,-46.74730049648473,-2.1531994342803955,14.85679486483558,-44.963339772218305,-0.2683142125606537,-1.5632116453263283,3.4544061078796866,1.93428742091915,-0.0218979567289352,-0.0021448816094744,57.3879193850312
0,54.6709248239837,13.3595924377441,-45.4235992431641,0,10.2176558928115,-0.015453942655067,0,10.127948259840602,-46.65218766723359,-2.1506481170654297,14.81569831675608,-44.87002504727777,-0.26448607444763184,-1.5577832715896156,3.457304384681096,1.93409573238155,-0.0165558084845543,-0.0016203119112551,57.4900472822383
0,54.7731475137393,13.3233871459961,-45.3280029296875,0,10.2260776959142,-0.0080881008580889,0,10.087778294918726,-46.557590082260205,-2.1482677459716797,14.774528589548023,-44.77654416020023,-0.2606201171875,-1.5523911438933065,3.4613652224147198,1.93395840327999,-0.0103876544162631,-0.0010158001411743,57.5922699719939
0,54.8754537936205,13.2870969772339,-45.232349395752,0,10.2345169375971,-0.0018090077031008,0,10.046796530275902,-46.463432991170926,-2.147603750228882,14.733286997992211,-44.68290009635585,-0.25666379928588867,-1.5470488385141072,3.466282418595718,1.93388115566036,-0.0049742101691663,-0.0004860229478139,57.6945762518752
0,54.9778375825613,13.2507190704346,-45.136646270752,0,10.2428497943655,0.0054744620596829,0,10.005862848208585,-46.369386371543314,-2.14752197265625,14.69197818398792,-44.589103395743116,-0.2521350085735321,-1.5417623138387768,3.47112950767007,1.93386112849971,0.0012422211002558,0.0001212768856101,57.7969600408159
0,55.080300108796,13.2142400741577,-45.0408973693848,0,10.2511115572958,0.0135913812366568,0,9.96499035697881,-46.27548034008497,-2.147109270095825,14.651717897649394,-44.494714159070384,-0.24184447526931763,-1.537744644685775,3.475891085193832,1.93390785854122,0.0081495875492692,0.0007949948003975,57.8994225670506
0,55.1828582475536,13.1776428222656,-44.9450912475586,0,10.2593167851244,0.0224004414278065,0,9.92417802678716,-46.181712530794364,-2.1468615531921387,14.611996465111583,-44.399902547531724,-0.2312585413455963,-1.5344709483670704,3.4805553254573085,1.93402516048214,0.0156513154506683,0.0015255672937121,58.0019807058082
0,55.2854795264646,13.1409187316895,-44.8492660522461,0,10.2674564491754,0.0317844275577796,0,9.883449888058468,-46.08813815444437,-2.1470603942871094,14.57220470962942,-44.30492308122913,-0.22167357802391052,-1.5313029813668553,3.4850978971661686,1.934220663717,0.0236639063805342,0.0023047376058979,58.1046019847192
0,55.3882024109659,13.1040601730347,-44.7533836364746,0,10.2754869710174,0.0398372668238246,0,9.842788350937361,-45.99471679770412,-2.1472582817077637,14.532329188526926,-44.20974367366189,-0.22841185331344604,-1.5282332249307173,3.4895274629631685,1.93449246089718,0.0307323709130287,0.0029908207796311,58.2073248692206
0,55.4909886710311,13.0670747756958,-44.6574821472168,0,10.2830892513768,0.0467445083327468,0,9.802193136327313,-45.901447819339225,-2.1466686725616455,14.492391722960441,-44.11441641003605,-0.23835082352161407,-1.5252700728262725,3.493837820006027,1.93482910793087,0.0369473733007908,0.0035929855964111,58.3101111292857
0,55.5938462312063,13.0299606323242,-44.5615539550781,0,10.2900262487129,0.0545179730343143,0,9.761662744468317,-45.80832777359664,-2.1413867473602295,14.452388914140988,-44.018933177737345,-0.2496008276939392,-1.522412403034783,3.498030308374489,1.93523155849239,0.0438085570931435,0.0042573207481149,58.4129686894609
0,55.6967982728489,12.9927129745483,-44.465576171875,0,10.2961781341572,0.0611997229790226,0,9.721186893234183,-45.715333036918416,-2.132805109024048,14.41231256727641,-43.923274416508235,-0.2504528760910034,-1.5196559470971351,3.5021100957053957,1.93569885890743,0.0498377718031406,0.0048403291771391,58.5159207311035
0,55.7997955800247,12.955340385437,-44.3695983886719,0,10.3012303231008,0.0669478506247324,0,9.680774878846998,-45.62248496771206,-2.124234676361084,14.372186401017121,-43.827496740708405,-0.24356810748577118,-1.5170124681722321,3.506066747352078,1.93622337978145,0.0551165901124477,0.0053503731530596,58.6189180382793
0,55.9028393254873,12.9178400039673,-44.2736206054687,0,10.3049471646822,0.073750068777508,0,9.640425148907028,-45.529779999282866,-2.127293586730957,14.332010684626932,-43.73160079304721,-0.23666991293430328,-1.5144847939463633,3.509898083255027,1.93680416744014,0.0611373633146286,0.0059326648349029,58.7219617837419
0,56.0059185744254,12.8802032470703,-44.1776580810547,0,10.3076035907113,0.0814287823995402,0,9.600151705424315,-45.437250301756904,-2.1209630966186523,14.29178592009101,-43.63558777171966,-0.23635253310203552,-1.512086592439361,3.513589429388088,1.93744789760372,0.067804366350174,0.0065778869049519,58.82504103268
0,56.1089950987013,12.8424186706543,-44.0817565917969,0,10.309116842193,0.0898432514006264,0,9.55998086130527,-45.344956329991284,-2.1146483421325684,14.251522659333691,-43.53948286325322,-0.2446911633014679,-1.5098459681639176,3.517111250844706,1.93816219966671,0.0750281065702438,0.0072775639938122,58.928117556956
0,56.2120931990276,12.8044691085815,-43.985897064209,0,10.3091794908839,0.100515238752999,0,9.51991660377748,-45.252907244786044,-2.11358642578125,14.211206129424536,-43.44325080594524,-0.2556433081626892,-1.507771205262256,3.5204545096479007,1.93895661037227,0.0839785486459732,0.0081456101662351,59.0312156572822
0,56.315185466596,12.7663335800171,-43.8901176452637,0,10.3080170872417,0.113020472541283,0,9.479991747253898,-45.161178438445454,-2.114579916000366,14.170838315820873,-43.34689633891005,-0.2642199695110321,-1.505896059019942,3.5235831452845314,1.93984638850948,0.0943891108036041,0.0091563136686079,59.1343079248506
0,56.4182708898644,12.7279968261719,-43.7944259643555,0,10.3062554507943,0.125631942872162,0,9.440221832849852,-45.06980561724581,-2.113189697265625,14.130413736803296,-43.250406377759234,-0.2670312523841858,-1.5042375150970275,3.5264795002552347,1.94084202449581,0.104988604784012,0.0101861249091504,59.237393348119
0,56.5213251988568,12.6894493103027,-43.6988525390625,0,10.304181309589,0.138202319789836,0,9.400616927369446,-44.97881191003477,-2.111419677734375,14.08994200219518,-43.153803860307036,-0.27028074860572815,-1.502816636272476,3.529123748803683,1.94194351833126,0.115654498338699,0.0112230262457119,59.3404476571115
0,56.6243694935829,12.6506834030151,-43.6033782958984,0,10.301798615118,0.150730991570123,0,9.361171518544184,-44.88818465217548,-2.108934164047241,14.049413936191975,-43.05706688470448,-0.27287107706069946,-1.5016335313391074,3.5315174941100578,1.94315277736446,0.126367717981339,0.0122652556492763,59.4434919518375
0,56.727382220168,12.6116828918457,-43.5080337524414,0,10.2990598280946,0.164654577882846,0,9.321901263005588,-44.797959815346886,-2.1064672470092773,14.008835281980206,-42.96020915943928,-0.2638256847858429,-1.5007153580731092,3.5336344481591118,1.944474569967,0.138214945793152,0.0134184370181748,59.5465046784226
0,56.830375588793,12.5724267959595,-43.4128150939941,0,10.2962205446439,0.179702415546699,0,9.28275656961242,-44.70818791802915,-2.1064488887786865,13.968194776216514,-42.86320379988852,-0.2547704875469208,-1.5000802742917319,3.5355227267496074,1.94592034023067,0.151025205850601,0.0146657900471327,59.6494980470476
0,56.9333411905552,12.5328931808472,-43.317741394043,0,10.2934860600161,0.195652013008885,0,9.243739669744892,-44.618903549404024,-2.0990710258483887,13.927491903617417,-42.76604957611526,-0.24787108600139618,-1.4997564667374286,3.5371674789498435,1.94749676387569,0.164650991559029,0.0159927604814509,59.7524636488098
0,57.0362841997707,12.4930620193481,-43.2228164672852,0,10.2908119725961,0.212324666626783,0,9.204932264197488,-44.530098577352355,-2.091611385345459,13.886720234058087,-42.66873113996969,-0.2379174679517746,-1.4997645713161003,3.538471958629665,1.94921147029659,0.178960114717484,0.0173865809490322,59.8554066580253
0,57.1392022153735,12.4529151916504,-43.1280517578125,0,10.2882143485905,0.229568668270537,0,9.16634759777309,-44.44180331063435,-2.084197998046875,13.84587563987571,-42.571238639078956,-0.22804564237594604,-1.5001265478331591,3.5394165750397772,1.95107304256221,0.193840220570564,0.0188363087267137,59.9583246736282
0,57.2421015697202,12.4124307632446,-43.0334510803223,0,10.2858757397556,0.247249328099884,0,9.127989928444306,-44.35402749298663,-2.081779718399048,13.804952738031146,-42.47355922459592,-0.2184716761112213,-1.5008651972686133,3.5399821551794646,1.95308624904415,0.209198355674744,0.0203325364146985,60.0612240279748
0,57.3449865613857,12.3715925216675,-42.9390182495117,0,10.2837127014377,0.265260052912347,0,9.08986282522294,-44.26677929156155,-2.080683469772339,13.763947325235682,-42.37568286363525,-0.21639281511306763,-1.5019982210375478,3.5401552487583654,1.95525490443966,0.224945798516273,0.0218667138622883,60.1641090196403
0,57.4478476957359,12.3303842544556,-42.8447723388672,0,10.2818779739142,0.28350005745488,0,9.051973970740343,-44.18007628691758,-2.0795860290527344,13.72286101032227,-42.27761339634156,-0.2138647437095642,-1.5035493945048064,3.539916753547869,1.95758186977169,0.241013780236244,0.0234317326697652,60.2669701539906
0,57.5506986115723,12.2887849807739,-42.7507095336914,0,10.2801119483796,0.301899707558919,0,9.01432296133757,-44.0939175553413,-2.092808723449707,13.681685725673104,-42.17933156601144,-0.2113305628299713,-1.505538198482801,3.539252647969015,1.96007095973751,0.257325500249863,0.0250206037791101,60.3698210698269
0,57.6535357369915,12.2467823028564,-42.6568412780762,0,10.2781779844721,0.32040125835975,0,8.976912070168382,-44.00830829860679,-2.098609685897827,13.640131861440938,-42.0809572696916,-0.18913817405700684,-1.5076688573824302,3.5381512752002315,1.96272312801143,0.273815870285034,0.0266275722023251,60.4726581952461
0,57.7563619386521,12.2043571472168,-42.563175201416,0,10.2761587763038,0.338938617045669,0,8.939743604250921,-43.92325379598172,-2.1037633419036865,13.596968143445961,-41.982996144507666,-0.17681396007537842,-1.5086328661716941,3.536596579808347,1.96554123561641,0.290438830852509,0.028248004418435,60.5754843969068
0,57.8591755935451,12.1615018844604,-42.4697189331055,0,10.2740895581001,0.356958584694531,0,8.902814629229034,-43.83874733262875,-2.10888671875,13.55371318431404,-41.88482794530756,-0.1707751452922821,-1.5100827033799855,3.5345836227352896,1.96852337520382,0.306760519742966,0.0298396794881547,60.6782980517997
0,57.9619709573688,12.1182107925415,-42.3764839172363,0,10.2722968159713,0.37314254080194,0,8.866116961348581,-43.754770181244474,-2.112180233001709,13.51037237466946,-41.78646490624638,-0.17777098715305328,-1.5120305235287241,3.5321080550340826,1.97166287105343,0.321755141019821,0.0313019645191841,60.7810934156235
0,58.0647562459274,12.0744943618774,-42.2834587097168,0,10.270947382707,0.38559733127317,0,8.829617489305761,-43.67124657153797,-2.113563299179077,13.466953117893635,-41.687923829481285,-0.19147337973117828,-1.5144646515463487,3.5291898599492333,1.9749396960046,0.333889007568359,0.0324852172906111,60.883878704182
0,58.1675392374804,12.0303716659546,-42.1906280517578,0,10.2699348437313,0.39444253248423,0,8.793269625969788,-43.588069895793794,-2.1154394149780273,13.423468587234611,-41.58923461202442,-0.1756640523672104,-1.5173638658654647,3.525857814027184,1.97832428615352,0.34314152598381,0.0333876232549581,60.9866616957351
0,58.2703133658622,11.9858703613281,-42.0979881286621,0,10.2696502811151,0.399777796986575,0,8.757031193495695,-43.505143636290896,-2.117713689804077,13.379938278837816,-41.49044150085985,-0.17058226466178894,-1.5207032135113552,3.522142670928976,1.98178612392208,0.349549263715744,0.0340113540459873,61.0894358241168
0,58.3730909783159,11.9410133361816,-42.0055160522461,0,10.2697700458106,0.401771296729874,0,8.720859229251797,-43.422369479440604,-2.118896484375,13.33637115754872,-41.39156484192604,-0.1940625011920929,-1.5244538491879196,3.518077046701747,1.98529946010372,0.353149116039276,0.0343609618356792,61.1922134365705
0,58.4758656819945,11.8958263397217,-41.9132080078125,0,10.26950976841,0.400640506804849,0,8.684709112946667,-43.33964531834665,-2.119863271713257,13.292788061169238,-41.292651927129626,-0.2207348644733429,-1.5285914759876695,3.513687129636796,1.98883186977169,0.353999495506287,0.0344447222595203,61.2949881402491
0,58.5786355478211,11.8503398895264,-41.8210525512695,0,10.2685685445172,0.396588637136912,0,8.648551984506009,-43.25690511102413,-2.120836019515991,13.249200472064278,-41.19372881598165,-0.24434447288513184,-1.5330838197025354,3.509005323747569,1.99236332576534,0.352217227220535,0.0342749654490849,61.3977580060757
0,58.6813889310604,11.8045825958252,-41.7290496826172,0,10.267010818193,0.389814834890429,0,8.612352464536128,-43.174067896995936,-2.1215648651123047,13.20562881562217,-41.09484186440594,-0.2517663538455963,-1.5379044400376969,3.504056342440309,1.9958661715295,0.347953170537949,0.0338660056139612,61.500511389315
0,58.7841224798224,11.7585868835449,-41.6371879577637,0,10.2645655209299,0.380537962511643,0,8.576072009520246,-43.091045475160186,-2.119931697845459,13.162090339315146,-40.99603021596717,-0.2591528296470642,-1.5430182112420614,3.49887161871916,1.99931275050899,0.341362863779068,0.0332336053724543,61.603244938077
0,58.8868240627006,11.712381362915,-41.545467376709,0,10.261019759241,0.368974274672908,0,8.53968804128892,-43.00778617873634,-2.118293523788452,13.118600935511589,-40.897329938788296,-0.26185178756713867,-1.5483977605215482,3.4934738000811456,2.00268398921749,0.332616209983826,0.0323945751477303,61.7059465209552
0,58.9894834282352,11.6660051345825,-41.4538803100586,0,10.2569057165813,0.355328340164732,0,8.503171981647094,-42.92422461077817,-2.1164684295654297,13.075178238781115,-40.798781054961076,-0.2593737840652466,-1.5540025326961642,3.4878970621229395,2.00595699947139,0.321893036365509,0.0313642401309025,61.8086058864898
0,59.0920868043472,11.6194820404053,-41.3624305725098,0,10.2527236174286,0.339808011304324,0,8.466505222144349,-42.840318188616315,-2.114466428756714,13.031838321672677,-40.70042004153274,-0.257049560546875,-1.559810311659705,3.482156605084261,2.00911461513301,0.309366017580032,0.0301574736746889,61.9112092626018
0,59.1946512457103,11.5728425979614,-41.2710838317871,0,10.2485673757752,0.322647433233836,0,8.429655438957774,-42.755992943992666,-2.1124987602233887,12.98858542311304,-40.60225651885238,-0.2567126452922821,-1.565777034413212,3.4762883349970264,2.01213871639034,0.295226722955704,0.0287923684299618,62.0137737039649
0,59.2971618376471,11.5261125564575,-41.1798439025879,0,10.2444242845563,0.30415899560328,0,8.392608987331338,-42.67121765291373,-2.1105198860168457,12.945434869912798,-40.50432527149559,-0.25984007120132446,-1.5718782555989912,3.4703083841191034,2.01501499812862,0.27973335981369,0.0272938859144092,62.1162842959017
0,59.3996282115137,11.4793157577515,-41.0886878967285,0,10.2402616576284,0.284608373768322,0,8.355352688381483,-42.585941302802276,-2.1085240840911865,12.902391026995346,-40.40663620576393,-0.2613171339035034,-1.5780803943655957,3.464233395830491,2.01773106258175,0.263116925954819,0.0256844376228316,62.2187506697683
0,59.5020484225145,11.4324789047241,-40.9976043701172,0,10.2360450582912,0.264206926394661,0,8.318433833615584,-42.49986331760189,-2.107074022293091,12.859462009327293,-40.30920773877476,-0.26313719153404236,-1.5843518242065402,3.4574641936241437,2.02027641933223,0.245572984218597,0.0239830148909652,62.3211708807692
0,59.6044231869397,11.3856153488159,-40.9065856933594,0,10.2317443916105,0.243123327530496,0,8.281276988519052,-42.41323044714605,-2.1052868366241455,12.816653392230416,-40.2120525238587,-0.26674193143844604,-1.5906747641288381,3.450636907778526,2.02264343898555,0.227267891168594,0.0222057696106614,62.4235456451943
0,59.7067388861827,11.3387622833252,-40.8156280517578,0,10.2273343708818,0.221492578790879,0,8.243882011901201,-42.326042362242255,-2.1033520698547363,12.773974676397772,-40.11519212307354,-0.2703320384025574,-1.5970113034731082,3.443782119090249,2.02482735317012,0.208343431353569,0.0203664593458425,62.5258613444374
0,59.8090280220871,11.2919301986694,-40.7246894836426,0,10.2227892222273,0.199966688822942,0,8.206226904262321,-42.238247770058635,-2.101727247238159,12.73141883711744,-40.01861059366189,-0.2741345167160034,-1.6033324480897226,3.436920643176584,2.02682053249141,0.189336493611336,0.0185174786632781,62.6281504803417
0,59.911240932936,11.2451238632202,-40.6338233947754,0,10.2180643299814,0.183361649366015,0,8.168356166975881,-42.149950427566836,-2.1005260944366455,12.688996411406368,-39.92233184964424,-0.2835437059402466,-1.6096546692377038,3.4300350779858717,2.02864014308712,0.173978909850121,0.0170238607677091,62.7303633911906
0,60.0134097604292,11.198317527771,-40.5430068969727,0,10.2132668951533,0.169195965408881,0,8.13029720669302,-42.061214234617644,-2.099266290664673,12.646677181531158,-39.82628731112753,-0.29292723536491394,-1.6159927757803616,3.4231129415528168,2.03031479518673,0.160538822412491,0.0157164988727325,62.8325322186838
0,60.1155376765915,11.151496887207,-40.4522438049316,0,10.2088642789487,0.157131851126239,0,8.092075690390487,-41.97209903493208,-2.0979161262512207,12.604448551810897,-39.730448391902506,-0.30214232206344604,-1.6223615990108602,3.416140802087934,2.03186356227657,0.148829311132431,0.0145767130426774,62.9346601348462
0,60.2176285220559,11.104660987854,-40.3615303039551,0,10.205322198645,0.146866683546657,0,8.053711581493191,-41.88265137414122,-2.0963573455810547,12.562153988477956,-39.63486361185077,-0.3045605421066284,-1.6285976569680038,3.4091203543344633,2.03330170314571,0.138672411441803,0.0135868374377369,63.0367509803106
0,60.3196637282338,11.0578060150146,-40.2708892822266,0,10.2028025627051,0.136121187560417,0,8.01522593182972,-41.7929203355387,-2.0948009490966797,12.518093252476397,-39.54039001469519,-0.30873289704322815,-1.6328098467849,3.402039401570721,2.03463875453731,0.128361284732819,0.0125798633769515,63.1387861864885
0,60.4217038679492,11.0109329223633,-40.1802520751953,0,10.2012869169417,0.126958871657599,0,7.976601816070289,-41.70286645695011,-2.0929625034332275,12.474092431884063,-39.44604488621145,-0.3128906190395355,-1.637038773718142,3.394925598322291,2.03587948482296,0.119439072906971,0.0117073291975819,63.2408263262038
0,60.5237131121365,10.9640312194824,-40.0896644592285,0,10.2007945867995,0.119147910358827,0,7.937872142487656,-41.612566465506696,-2.0835630893707275,12.430158049329986,-39.3518422120086,-0.31730589270591736,-1.6413133612115505,3.3877528363214213,2.03703724544307,0.111747652292252,0.010954051602883,63.3428355703911
0,60.6257157540311,10.9170923233032,-39.9991035461426,0,10.2012058587836,0.112493160667077,0,7.8990406677476885,-41.52202912004539,-2.0706567764282227,12.38627357631085,-39.257746552207365,-0.3122802674770355,-1.6456317165896563,3.380523346946224,2.03812157314083,0.105135649442673,0.0103055716160671,63.4448382122858
0,60.7277333210743,10.8701210021973,-39.9085426330566,0,10.2022141245271,0.1047742506987,0,7.860107008460657,-41.43125352667565,-2.0587682723999023,12.342426197311633,-39.16373042819724,-0.3000427186489105,-1.64997812351198,3.3732525413962904,2.03913818996212,0.0978847369551659,0.009593954245655,63.5468557793289
0,60.8297702150701,10.8231077194214,-39.8179817199707,0,10.2036993287898,0.100287973849786,0,7.82107886816074,-41.340257646536976,-2.0507445335388184,12.298609755927359,-39.06978063961489,-0.28543946146965027,-1.654361241198197,3.3659324444208027,2.04009377162715,0.0932162180542946,0.009135090419548,63.6488926733247
0,60.9318282085169,10.7760486602783,-39.7274208068848,0,10.2054751684791,0.0943870467423712,0,7.781968688335812,-41.249070487522935,-2.059788703918457,12.254817126670428,-38.97588190822156,-0.2690112292766571,-1.6587847640365165,3.358561095018709,2.04099785487911,0.0876237526535988,0.0085855880175849,63.7509506667716
0,61.033904237214,10.7289505004883,-39.6368598937988,0,10.2073294059733,0.0893836744648005,0,7.742780584467564,-41.157701645065835,-2.069287061691284,12.21104849248738,-38.88203462628526,-0.25043579936027527,-1.6632425085851401,3.3511446402303013,2.04185234706661,0.0828009098768234,0.0081115962957596,63.8530266954686
0,61.1360000742681,10.681809425354,-39.5462989807129,0,10.2094838861144,0.0851379651102777,0,7.703518039927813,-41.066159240805135,-2.0788049697875977,12.16730134592755,-38.788233417411824,-0.2265612781047821,-1.6677378823880769,3.3436798271831414,2.0426601092126,0.0786555036902428,0.0077038927561361,63.9551225325227
0,61.238108684229,10.6346406936646,-39.455738067627,0,10.2120215393977,0.0774929892291934,0,7.664175366400245,-40.97443001217322,-2.078519344329834,12.123583574942362,-38.69449519469017,-0.19771605730056763,-1.6722564442407888,3.3361788745373517,2.04341446559688,0.0720132663846016,0.0070516099865722,64.0572311424836
0,61.34022744418,10.5874719619751,-39.3651657104492,0,10.2147133248917,0.0689147829558486,0,7.624732640725183,-40.882467507419236,-2.076525926589966,12.079907985981018,-38.60084741729215,-0.16889648139476776,-1.6767670497135538,3.3286677558400033,2.04409920375606,0.0646487176418304,0.0063288360947711,64.1593499024346
0,61.4424037259073,10.5403032302856,-39.274528503418,0,10.2174265175436,0.0616099663745154,0,7.5851716984298845,-40.7902293752507,-2.074176073074341,12.036254885268933,-38.50724785846682,-0.14122679829597473,-1.681246841532816,3.3211671899262063,2.04471432369014,0.0582215748727322,0.005698158567182,64.2615261841619
0,61.5445800076346,10.4931344985962,-39.1838912963867,0,10.220247930628,0.0534045364755989,0,7.545519704864113,-40.69777895291332,-2.072542667388916,11.992647053045598,-38.413745362862805,-0.1265612691640854,-1.685723186016834,3.3136518840716986,2.04526268642208,0.0511124953627586,0.0050010330399698,64.3637024658892
0,61.6468081004086,10.4459781646729,-39.093189239502,0,10.2233692959594,0.0444482339574746,0,7.50574797567633,-40.60504936153981,-2.0713536739349365,11.949067647192123,-38.32030381815654,-0.10820678621530533,-1.6901567581109935,3.3061570732339653,2.04573761623165,0.0434197671711445,0.0042470691948363,64.4659305586633
0,61.7490572902664,10.3988494873047,-39.0024490356445,0,10.2269198184239,0.0348672276240758,0,7.465860614145012,-40.512050168110164,-2.069648504257202,11.905534888525732,-38.22696229283172,-0.08987792581319809,-1.694544359564234,3.298684481610835,2.04613243739864,0.0352264940738678,0.0034444671484315,64.568179748521
0,61.8513406998309,10.351749420166,-38.9116554260254,0,10.2311874054401,0.0266648245219183,0,7.42585563305659,-40.418776739345745,-2.0678551197052,11.86204232227475,-38.13370694677685,-0.07027221471071243,-1.6988785967588158,3.291241271391372,2.04644905727169,0.0280556436628103,0.0027421595625679,64.6704631580855
0,61.9536782376584,10.3046789169312,-38.8207855224609,0,10.2363871631225,0.0177264233132044,0,7.385730816617181,-40.32522390902259,-2.0665881633758545,11.818579230629451,-38.04051479921289,-0.05325683578848839,-1.7031490132615037,3.28383813110317,2.04669129054805,0.0203318390995264,0.0019862289585127,64.772800695913
0,62.0560737669455,10.2576370239258,-38.7298355102539,0,10.2426097932114,0.0100727804627038,0,7.345487786157596,-40.23139545734705,-2.0653185844421387,11.775143039732415,-37.94738033135847,-0.03624877706170082,-1.7073548591284549,3.276476073123122,2.04686104457637,0.0135724293068051,0.001325094191596,64.8751962252001
0,62.1585374937191,10.2106237411499,-38.6387939453125,0,10.2498444236964,0.00161599977725,0,7.305128091323313,-40.13729499738786,-2.0642051696777344,11.731727086169622,-37.85428925573795,-0.020665282383561134,-1.7114914531468282,3.269160499919236,2.04696213405391,0.0062096291221678,0.0006058266631477,64.9776599519738
0,62.2610727479482,10.163646697998,-38.5476531982422,0,10.2580806002696,-0.0075020453751829,0,7.26464120139973,-40.04289797630609,-2.066441535949707,11.688335887025069,-37.76125125773594,-0.0052429200150072575,-1.7155480567935217,3.26189972495083,2.04698692958614,-0.0016791112720966,-0.0001636866474827,65.0801952062029
0,62.3636998445917,10.1167135238647,-38.4563865661621,0,10.2673148710696,-0.0171629866251319,0,7.224012418670847,-39.9481701257099,-2.0687499046325684,11.644965439683615,-37.66825775507524,0.015439452603459358,-1.719506016584233,3.2547101057585506,2.04692970912716,-0.0100262090563774,-0.0009765157856972,65.1828223028463
0,62.4664218333037,10.0698251724243,-38.364990234375,0,10.2775983576342,-0.0254436620391099,0,7.183246165711092,-39.85312175703228,-2.071115732192993,11.601612118637156,-37.57530097405927,0.03284545987844467,-1.723363100581568,3.24759507801137,2.04679428737423,-0.0173788480460644,-0.0016909392822883,65.2855442915583
0,62.569249946296,10.0229721069336,-38.2734565734863,0,10.2889471873441,-0.0325276108946194,0,7.142349674950297,-39.757769733011564,-2.0703649520874023,11.558265302187044,-37.48235813998723,0.0447705052793026,-1.7271253361803867,3.240551056716323,2.0465892473962,-0.0238419286906719,-0.0023172253791363,65.3883724045506
0,62.672194895172,9.97615337371826,-38.1817741394043,0,10.3009946399263,-0.0404420432044993,0,7.101320536056661,-39.66210843384979,-2.068931818008423,11.514920111399503,-37.38941879160801,0.056694336235523224,-1.7307888577684896,3.2335821418063393,2.04631554286739,-0.030938059091568,-0.0030033818810958,65.4913173534267
0,62.7752652394004,9.92937278747559,-38.0899314880371,0,10.3134772246816,-0.0472111439109183,0,7.058553303566333,-39.56696630566363,-2.0681724548339844,11.472684508187877,-37.29589857906469,0.06758422404527664,-1.735597686049135,3.2285037341892653,2.04597603481075,-0.0371839366853237,-0.0036053356491349,65.5943876976551
0,62.8784611445943,9.88262271881104,-37.997932434082,0,10.3261035956219,-0.0529954470385802,0,7.01469738108829,-39.47203262248999,-2.0690038204193115,11.43271446933654,-37.20119253592493,0.08927246183156967,-1.7428651411863592,3.2245878974245095,2.04557739894649,-0.0426679700613022,-0.0041319949732389,65.6975836028489
0,62.9817831351662,9.83590221405029,-37.9057769775391,0,10.3388145472366,-0.057933327400607,0,6.970719129132979,-39.37683413613398,-2.0699009895324707,11.392733496880608,-37.10646058641986,0.11096801608800888,-1.750037238549792,3.2207581830912924,2.04512631099483,-0.0474734976887703,-0.0045917017062128,65.8009055934208
0,63.0852368586115,9.78920650482178,-37.8134613037109,0,10.3516506268236,-0.0621437859989148,0,6.926628003325588,-39.28139131492178,-2.069984197616577,11.352733928175542,-37.011684574481436,0.1326000988483429,-1.7571180743231682,3.2170132413531873,2.04463135402462,-0.0516776740550995,-0.0049921258676435,65.9043593168661
0,63.188815160363,9.74253654479981,-37.7209930419922,0,10.3645395702375,-0.0657314480253533,0,6.882432335379303,-39.185722194278824,-2.070246458053589,11.312716267013084,-36.91686569380685,0.1521643102169037,-1.7641103004487453,3.2133514557706246,2.04409634273311,-0.0553496778011322,-0.0053401855785847,66.0079376186177
0,63.2925236735001,9.69588756561279,-37.6283683776855,0,10.3774537622625,-0.0687862375661491,0,6.838138910751637,-39.089841462494334,-2.0706677436828613,11.27267400532676,-36.82198852401517,0.1714501976966858,-1.7710177709078019,3.2097711681647008,2.04352795284053,-0.0585525743663311,-0.0056421632381323,66.1116461317548
0,63.396362902798,9.64925861358643,-37.535587310791,0,10.3903874111686,-0.0713854667807193,0,6.7937502064143525,-38.993754481399506,-2.071080207824707,11.232605865241126,-36.7270500372753,0.19074340164661407,-1.7778416807991342,3.2062719411913307,2.04292809169551,-0.0613432340323925,-0.0059037054066232,66.2154853610526
0,63.5003295131537,9.6026496887207,-37.4426536560059,0,10.4032211510651,-0.0735979532046428,0,6.749277981837772,-38.89748670638932,-2.071582078933716,11.192508056198328,-36.632041252141484,0.2051428109407425,-1.784584572929364,3.2028533063704185,2.04230438869258,-0.0637705996632576,-0.0061297364506916,66.3194519714083
0,63.6044240030513,9.55605983734131,-37.3495674133301,0,10.4159405000021,-0.0754809275600165,0,6.704723375627609,-38.8010406021716,-2.072316884994507,11.152379872392267,-36.536960496258516,0.2197228968143463,-1.791247513878992,3.199514656291438,2.04165779750606,-0.065880075097084,-0.0063247620647027,66.423546461306
0,63.7086460163362,9.50949001312256,-37.2563285827637,0,10.4284079097329,-0.0770866649807073,0,6.66008915898149,-38.704422167479954,-2.073049306869507,11.112220263288213,-36.44180528046225,0.2343127429485321,-1.797829932109297,3.19625722645663,2.04099022548458,-0.0677091330289841,-0.0064925810178379,66.5277684745909
0,63.8129917846087,9.46294116973877,-37.1629409790039,0,10.4402969601324,-0.0784650995433115,0,6.615380792541339,-38.607643222812555,-2.0735509395599365,11.072028809380274,-36.34657461076458,0.24613524973392487,-1.8043328626501625,3.193080749848105,2.04030453365108,-0.0692872330546379,-0.0066363319533394,66.6321142428633
0,63.9174481239013,9.41640472412109,-37.0694236755371,0,10.4508097707259,-0.0776774233430155,0,6.570626772229729,-38.51076545249234,-2.0738792419433594,11.031798589543293,-36.251252088072675,0.2552258372306824,-1.8107738917318599,3.189971515463341,2.03961788814327,-0.0691022351384163,-0.0066119590702734,66.736570582156
0,64.0220057011377,9.36988639831543,-36.9757843017578,0,10.4594224427443,-0.0770595974794497,0,6.5258322601019,-38.41380003067525,-2.074208974838257,10.991532545575446,-36.15584468275917,0.2653771936893463,-1.8171508483686416,3.186931624259216,2.03893124263546,-0.06888148188591,-0.0065854126175019,66.8411281593923
0,64.1266342581496,9.32339286804199,-36.8820533752441,0,10.4660312374733,-0.0765872348697017,0,6.481009891193979,-38.31677430806898,-2.0722289085388184,10.95124241600853,-36.060380208404695,0.2750256359577179,-1.8234694798429611,3.183954324760526,2.03824459712764,-0.0686369091272354,-0.0065578890351036,66.9457567164043
0,64.2313227634005,9.27693367004395,-36.7882385253906,0,10.4710179007719,-0.0762270950436855,0,6.43616427161504,-38.21969825538843,-2.054582357406616,10.910932481514376,-35.96486880774374,0.28343871235847473,-1.829723970391333,3.181045069415966,2.03755795161983,-0.0683875977993012,-0.006530958727586,67.0504452216551
0,64.336054201399,9.23051643371582,-36.6943550109863,0,10.4746248642577,-0.0759546558035675,0,6.391302501432624,-38.12258724195031,-2.0418455600738525,10.870609338559326,-35.86932611061415,0.2924121022224426,-1.8359132394988829,3.178204376504987,2.03687130611202,-0.0681441351771355,-0.00650546865163,67.1551766596537
0,64.4408085582081,9.18414783477783,-36.6004219055176,0,10.4770372921362,-0.0757508080368633,0,6.3464329309482075,-38.02545934341762,-2.0288891792297363,10.83028074409477,-35.77377049653703,0.3016723692417145,-1.842038573729065,3.1754302975869946,2.03618466060421,-0.0679134130477905,-0.0064819505860822,67.2599310164627
0,64.5455893960049,9.13784313201904,-36.5064277648926,0,10.4783027230254,-0.0775930136806716,0,6.301554079689351,-37.92831135505326,-1.9929332733154297,10.78994532476165,-35.67819871143994,0.2984021008014679,-1.8480814430776664,3.172741485266868,2.03549801509639,-0.0692204758524895,-0.006605896000882,67.3647118542596
0,64.6503814062263,9.09160614013672,-36.4123878479004,0,10.4786404889017,-0.0771845021655265,0,6.256672316059786,-37.831157062361854,-1.9574182033538818,10.749608996223047,-35.58262477204787,0.2951367199420929,-1.85404429095927,3.170134992519884,2.03481136958858,-0.0688426196575165,-0.0065696263015054,67.4695038644809
0,64.755174314929,9.04542922973633,-36.3183174133301,0,10.4781021579376,-0.0768556786112374,0,6.211791865876315,-37.734005612850304,-1.9244616031646729,10.709275683924625,-35.48705797941325,0.29194211959838867,-1.85994012527036,3.167597478866955,2.03412472408077,-0.0685006156563759,-0.0065373263223668,67.5742967731836
0,64.8599378242641,8.99931907653809,-36.2242469787598,0,10.4770436166183,-0.0765862381094973,0,6.16692537809238,-37.63688438735273,-1.8862097263336182,10.668957134777017,-35.39152616696974,0.29527953267097473,-1.865774690553003,3.1651221952953272,2.03343807857296,-0.0681976303458214,-0.0065090698150964,67.6790602825187
0,64.9647023871565,8.95327663421631,-36.1301422119141,0,10.4757463197002,-0.0763612805198925,0,6.122060083219389,-37.53976574411596,-1.847298502922058,10.628641491296102,-35.296001239287996,0.2993090748786926,-1.8715337471046607,3.162724404872508,2.03275143306514,-0.0679333806037903,-0.0064846526252199,67.7838248454111
0,65.0694790993163,8.90729236602783,-36.0359954833984,0,10.4742660375134,-0.0741238732969294,0,6.0772127642162665,-37.44268601273963,-1.8101879358291626,10.588312520817803,-35.2004447342742,0.30344969034194946,-1.8772250305096936,3.160400100925229,2.03208100002071,-0.0661366879940033,-0.006314049284102,67.888601557571
0,65.1742328019742,8.86136054992676,-35.9418487548828,0,10.4724643476932,-0.0722351758314371,0,6.032399278252393,-37.34567951879276,-1.7716625928878784,10.547983014719089,-35.10488696014754,0.30553221702575684,-1.8828702516606441,3.158126452555924,2.03142773311397,-0.064558133482933,-0.0061644132311111,67.9933552602289
0,65.278967276612,8.81547260284424,-35.8477020263672,0,10.4704768593555,-0.0685443435098912,0,5.98762298704196,-37.2487535392836,-1.731502652168274,10.507648533734939,-35.00931739839875,0.3046850562095642,-1.8884777376235076,3.1558958777878625,2.03079544704219,-0.0615757815539837,-0.0058807696136128,68.0980897348666
0,65.3836900545064,8.76961135864258,-35.7535552978516,0,10.468537429013,-0.063335409224258,0,5.9438851973100135,-37.15146438027408,-1.689947485923767,10.467293282159542,-34.91369862227421,0.3038403391838074,-1.8940652441107069,3.1525986331213396,2.03020130794307,-0.0573741868138313,-0.0054805303211876,68.202812512761
0,65.4883560497802,8.72377014160156,-35.6594619750977,0,10.4664765174804,-0.0589238053355696,0,5.9023310117247725,-37.05329815120646,-1.7014293670654297,10.425782300566915,-34.8186406742864,0.30785277485847473,-1.8983745281592652,3.146950595327068,2.02964531581661,-0.0536934845149517,-0.0051299626534272,68.3074785080349
0,65.5929977097302,8.67793750762939,-35.5653915405273,0,10.4642549226646,-0.0531302295718981,0,5.86084141552625,-36.95528450596266,-1.7380797863006592,10.383923531555329,-34.72369573170045,0.31560057401657104,-1.902324932399121,3.1413106894271814,2.02913223903438,-0.0489061139523983,-0.0046735753237714,68.4121201679848
0,65.6976314345419,8.63212299346924,-35.471321105957,0,10.4618878464822,-0.0482130482762643,0,5.8194097501258035,-36.857407714513826,-1.7746764421463013,10.342036601260501,-34.628686913097994,0.3212975859642029,-1.9062625551284589,3.135696394056687,2.02866207759639,-0.0447150245308876,-0.0042740421586167,68.5167538927965
0,65.8022514412279,8.58630847930908,-35.3772659301758,0,10.4594140470863,-0.042008158272243,0,5.7780460987218145,-36.7596915970732,-1.8172106742858887,10.300118445104728,-34.53360726733925,0.3234484791755676,-1.9102106004939976,3.1300859928631946,2.02824150722286,-0.0395054034888744,-0.0037769883370568,68.6213738994825
0,65.906822430213,8.5404806137085,-35.2832717895508,0,10.4568934474567,-0.0347361666513436,0,5.736769688439375,-36.66218157516306,-1.864715576171875,10.258179352132297,-34.43848013225145,0.31856322288513184,-1.9142000679723352,3.124449895474513,2.02787529628536,-0.0334240309894085,-0.0031963457166033,68.7259448884677
0,66.011394504266,8.4946346282959,-35.1892852783203,0,10.4543563465702,-0.0285367499595579,0,5.695564120333588,-36.564838908460175,-1.9159997701644897,10.216196660630748,-34.3432541060605,0.3150646984577179,-1.9182139024655678,3.118804818826499,2.02756630580684,-0.0280923377722502,-0.0026871317739309,68.8305169625206
0,66.1159098895721,8.4487771987915,-35.0953674316406,0,10.4518135777603,-0.0232542912080286,0,5.654443443922682,-36.467696787080186,-1.952972412109375,10.17419859029946,-34.24799319728363,0.3157714903354645,-1.9222700308035088,3.11313170190413,2.0273078600671,-0.0234330054372549,-0.002241998220125,68.9350323478268
0,66.2204315522164,8.40290546417236,-35.0014495849609,0,10.4491799826073,-0.0187557975319267,0,5.613374674840681,-36.37067728985148,-1.9721081256866455,10.132164702334286,-34.152651046194265,0.3136315941810608,-1.926342771206813,3.107453383796663,2.02709328334591,-0.0193721130490303,-0.0018539332152602,69.039554010471
0,66.3248969655885,8.35702133178711,-34.907600402832,0,10.4464403325725,-0.0129231616199468,0,5.572383073041639,-36.27384009005126,-1.9981871843338013,10.09011926931494,-34.057282708369556,0.311492919921875,-1.930458143182377,3.101744850080673,2.02692352931758,-0.0143123660236597,-0.0013700700541337,69.1440194238432
0,66.429362154132,8.31111431121826,-34.8137626647949,0,10.4436796463056,-0.0079479174598333,0,5.531449942208179,-36.177141020119805,-2.01861572265625,10.04803723492723,-33.96183135054929,0.3093286156654358,-1.9346028551353822,3.096019144661843,2.02680145900509,-0.0098928408697247,-0.0009472559806494,69.2484846123867
0,66.5337752450201,8.26517772674561,-34.7199974060059,0,10.4408787251462,-0.0017277699959082,0,5.490596363201838,-36.080629880784834,-2.0252270698547363,10.005938556197673,-33.86634223968184,0.31025266647338867,-1.9388077285657779,3.090246345252666,2.02672802608272,-0.0045329043641686,-0.0004341496938554,69.3528977032747
0,66.6381730393226,8.21920585632324,-34.6262664794922,0,10.4380744496955,0.0035858028169572,0,5.449811100840989,-35.984280130426114,-2.0318286418914795,9.963805900687637,-33.77077606196442,0.3111230432987213,-1.9430628320458696,3.084436478161846,2.02670609157344,0.0001557866344228,1.49248432726895e-05,69.4572954975773
0,66.7425439033476,8.17318630218506,-34.5325889587402,0,10.4351071156149,0.0119052422698456,0,5.40910523788646,-35.88811795059005,-2.0382068157196045,9.921639215567083,-33.6751326975668,0.3119897246360779,-1.947387693845153,3.0785715807431795,2.02674137752315,0.0071338680572807,0.0006836406503038,69.5616663616022
0,66.8468812956092,8.12709522247314,-34.4389839172363,0,10.4319924162189,0.0209794032651175,0,5.36850041407247,-35.79219446226665,-2.043332576751709,9.879428096722856,-33.57938854766014,0.31728148460388184,-1.9518131830615997,3.072624952075418,2.02685009639522,0.0147541025653481,0.0014143101472079,69.6660037538638
0,66.9511877939659,8.08091926574707,-34.3454551696777,0,10.4288834452483,0.0306127652897604,0,5.328001998800159,-35.69652234995099,-2.0484399795532227,9.837166625269411,-33.48353018690341,0.32445433735847473,-1.956353614191375,3.0665837676910237,2.02703797023555,0.0228708107024431,0.0021930163751755,69.7703102522206
0,67.0554647834674,8.03465557098389,-34.2520027160645,0,10.425865074562,0.0389022194581081,0,5.287604360607367,-35.60108831006374,-2.053537607192993,9.79485685085,-33.38756226434067,0.3316357433795929,-1.9610114329648332,3.0604447866882665,2.02730118434688,0.0300300624221563,0.0028803224633424,69.874587241722
0,67.159710477373,7.98830842971802,-34.1586265563965,0,10.4228891608094,0.0460297347657868,0,5.247298568816957,-35.505871245069585,-2.0547070503234863,9.752505130765917,-33.29149919973678,0.35066160559654236,-1.9657822495525656,3.054210750540098,2.02763210933467,0.0363246016204357,0.0034850459259826,69.9788329356276
0,67.2639266885698,7.9418740272522,-34.0653266906738,0,10.4199602684256,0.0540040237254562,0,5.207081164792112,-35.41086298439969,-2.060211181640625,9.710111866115598,-33.19534190287166,0.3753136992454529,-1.9706695780357077,3.047877936908933,2.0280288378503,0.0432572439312935,0.0041513270554801,70.0830491468244
0,67.3681137443722,7.89534425735474,-33.9721069335937,0,10.417134817889,0.0608642084493961,0,5.166951552030537,-35.316062118896824,-2.0657055377960205,9.667676546778132,-33.099089216678315,0.3919775187969208,-1.9756825853818,3.0414375375091094,2.02849136989376,0.0493537485599518,0.0047376660709394,70.1872362026269
0,67.4722726355246,7.84872484207153,-33.878963470459,0,10.4142633493784,0.0667632280786708,0,5.126897526880501,-35.22143981905912,-2.061152219772339,9.625205971050349,-33.00275656119697,0.41391721367836,-1.980813910859973,3.0348948384203895,2.02901016872188,0.0546995960175991,0.0052522651102009,70.2913950937792
0,67.5764024180512,7.80201816558838,-33.7858963012695,0,10.4113322846401,0.0718327285271607,0,5.086913369634753,-35.126982572839964,-2.053265333175659,9.582703965243454,-32.90635261534738,0.4419799745082855,-1.9860611804621486,3.028251383357258,2.02958046596309,0.059375986456871,0.0057028794830202,70.3955248763058
0,67.680505334496,7.75522708892822,-33.6929016113281,0,10.4084020905919,0.0761861416410569,0,5.046987645201095,-35.03266336635702,-2.046067953109741,9.540176155578608,-32.80989014064304,0.46938109397888184,-1.991419701594186,3.021509961062116,2.03019367854854,0.0634586289525032,0.0060967023070115,70.4996277927506
0,67.7845776922398,7.70834493637085,-33.5999870300293,0,10.4054974112704,0.0818010980719952,0,5.007124824367538,-34.938492761251524,-2.040705442428589,9.497621437521099,-32.71336663175502,0.5023693442344666,-1.9968991281996473,3.0146621180500364,2.03085266750118,0.0684530586004257,0.0065783441937948,70.6037001504944
0,67.8886186722509,7.66135120391846,-33.5071640014648,0,10.4026108728617,0.0901841023840293,0,4.967340582735407,-34.84450778904386,-2.0370593070983887,9.455029071790301,-32.61675772962054,0.5517492294311523,-2.0025243126196686,3.0076870903109922,2.03157078426143,0.0755539685487747,0.0072627084093837,70.7077411305056
0,67.9926393216783,7.6142144203186,-33.414436340332,0,10.3998305287483,0.100808448091367,0,4.926459535505668,-34.75135307890906,-2.0335583686828613,9.411941684405033,-32.52022843308053,0.6009497046470642,-2.0078423985539167,3.001894849378189,2.03236996333858,0.0844328030943871,0.0081182896685395,70.811761779933
0,68.0966282824076,7.56690788269043,-33.3218307495117,0,10.3972332629985,0.113251308424277,0,4.885119883579736,-34.658773364475024,-2.027269124984741,9.367611004964829,-32.424132369973684,0.6476073861122131,-2.0120621549032585,2.99656510489579,2.03326450984737,0.0948140099644661,0.0091186167939076,70.9157507406622
0,68.200597073635,7.51940727233887,-33.2293472290039,0,10.3948348390752,0.127170843507566,0,4.843920544240623,-34.56650787859913,-2.0232653617858887,9.323193080541223,-32.327847185032105,0.6548901200294495,-2.0165181802189047,2.991024546047025,2.03426968257686,0.106464169919491,0.0102412597334181,71.0197195318896
0,68.3045467525252,7.47168922424316,-33.1369972229004,0,10.3926407686735,0.14228780448144,0,4.80287551514878,-34.474587968894326,-2.0192711353302,9.278676391047902,-32.23134790604794,0.6531103253364563,-2.0212380627012645,2.9852496742515013,2.03539787929317,0.119184985756874,0.0114671351984838,71.1236692107799
0,68.408474303161,7.4237322807312,-33.0447959899902,0,10.3904460931832,0.158377154409774,0,4.7619933497495595,-34.38303279071125,-2.015916585922241,9.234055837378467,-32.13462347963655,0.6513268947601318,-2.0262490908956545,2.9792166540061156,2.03665577571651,0.132803112268448,0.0127797869588209,71.2275967614157
0,68.5123796365178,7.37551641464233,-32.9527549743652,0,10.3883525616761,0.175244767555481,0,4.721284752137468,-34.291866315756636,-2.0036022663116455,9.189322523324034,-32.0376546213958,0.6495385766029358,-2.0315760522057196,2.9729051284705506,2.03805290859005,0.147176802158356,0.0141654669817239,71.3315020947725
0,68.6162698359294,7.32702112197876,-32.8608779907227,0,10.3865025108841,0.192725544996986,0,4.680756168450758,-34.20110298008912,-1.9901269674301147,9.144465176109739,-31.940416895217368,0.647747814655304,-2.0372411536769337,2.966297562011063,2.03959786098262,0.162184447050095,0.0156122365396875,71.4353922941841
0,68.7201452120608,7.27822637557983,-32.7691764831543,0,10.3851142114441,0.210675296111691,0,4.64041090649656,-34.11075019150786,-1.9767076969146729,9.099479290161902,-31.842900534323515,0.6459497213363647,-2.043269270619038,2.9593733228304484,2.04129444759151,0.177724719047546,0.0171098898788467,71.5392676703155
0,68.8240190757211,7.22911357879639,-32.6776466369629,0,10.3842441903726,0.228974159355137,0,4.600249074008262,-34.020808191280665,-1.9636266231536865,9.054353055564947,-31.745079938240554,0.6441454887390137,-2.0496779735168755,2.9521198392904457,2.0431483904626,0.193705752491951,0.0186492801352013,71.6431415339758
0,68.9278856699193,7.17966222763062,-32.5863075256348,0,10.3839379575471,0.247518640735209,0,4.560277357582026,-33.9312919539691,-1.956939697265625,9.009083395476184,-31.646948437265408,0.6423364281654358,-2.0564963667032345,2.9445135778089444,2.04516445796749,0.210048586130142,0.0202224761856581,71.747008128174
0,69.0317611448624,7.12985563278198,-32.4951515197754,0,10.3839997408981,0.266230949595833,0,4.520489761136659,-33.84218805141257,-1.9532713890075684,8.963660181593104,-31.54848407617408,0.640521228313446,-2.063738930198058,2.9365451928537465,2.04734455745479,0.226674288511276,0.0218220175494086,71.850883603117
0,69.1356368986367,7.07967329025269,-32.4042015075684,0,10.3843534011534,0.285038601672118,0,4.480892707575618,-33.753510867635626,-1.9439538717269897,8.918082004371975,-31.44968379948433,0.6386986970901489,-2.0714368576415243,2.928189929984802,2.04969250362178,0.243519693613052,0.0234418068537398,71.9547593568914
0,69.2395238336503,7.02910327911377,-32.3134536743164,0,10.3850405489985,0.303873040132145,0,4.441481993156056,-33.66525098840051,-1.914486050605774,8.872340503684924,-31.35052948486225,0.6368725299835205,-2.0796024765999634,2.9194417099689574,2.0522102038171,0.260531961917877,0.0250765031096922,72.058646291905
0,69.3434231723769,6.97812652587891,-32.2229194641113,0,10.3859903096708,0.322678857360085,0,4.402256217130398,-33.57740527674779,-1.8854284286499023,8.826432152697501,-31.25101348715305,0.6350365877151489,-2.088261218855639,2.9102817155948473,2.05489861171505,0.277660042047501,0.0267212007107355,72.1625456306316
0,69.4473409393631,6.92672824859619,-32.1326026916504,0,10.3870745771048,0.3414119169446,0,4.363211770165012,-33.48996564961288,-1.8569494485855103,8.780351107666695,-31.151123138815777,0.6331933736801147,-2.0974317191034277,2.90069835295517,2.05775868098995,0.294854700565338,0.0283713717314923,72.2664633976177
0,69.5512729647167,6.87489461898804,-32.0425186157227,0,10.3881825005627,0.360034183473092,0,4.324347972735022,-33.40293058520698,-1.8023107051849365,8.734096477572525,-31.0508565083774,0.6313452124595642,-2.1071367506900263,2.8906762048746693,2.0607904116418,0.312072157859802,0.0300230477279402,72.3703954229714
0,69.6552264165587,6.82261276245117,-31.9526691436768,0,10.3892769918108,0.37850658965108,0,4.285659253245403,-33.31628760600181,-1.7396032810211182,8.687662289355254,-30.95020064797578,0.6294909715652466,-2.1173929306291295,2.880206315294978,2.06399380367061,0.329277157783508,0.0316729303651148,72.4743488748134
0,69.7591992592877,6.76986885070801,-31.8630676269531,0,10.3902368375669,0.396800604247643,0,4.2471437237520835,-33.23003248396652,-1.6750646829605103,8.641046286167029,-30.84915066541896,0.6276281476020813,-2.1282228736336837,2.8692742961390962,2.06736885707637,0.34643217921257,0.0333177994239145,72.5783217175424
0,69.8631849967943,6.71665191650391,-31.7737312316895,0,10.3909484290193,0.414892441807387,0,4.208801142559381,-33.1441646778262,-1.5956335067749023,8.594247829327596,-30.74770517623328,0.6257556080818176,-2.1396485408419914,2.857866920390849,2.07091557185909,0.363503128290176,0.0349548182744165,72.6823074550489
0,69.9671825626868,6.66295051574707,-31.6846714019775,0,10.3913709795783,0.432754473459505,0,4.17062772435301,-33.05867571040941,-1.4861022233963013,8.5472645663224,-30.645859080849092,0.6238793730735779,-2.1516901449148755,2.8459727223028217,2.07463299434444,0.380464047193527,0.0365817510556745,72.7863050209414
0,70.0711903967363,6.60875463485718,-31.5958995819092,0,10.3914915349292,0.450359307791012,0,4.132617487671485,-32.973552186296274,-1.377038598060608,8.500095813642593,-30.54361089761734,0.6219934225082397,-2.1643666347590207,2.8335811034885516,2.07851826350948,0.397292226552963,0.0381965991234399,72.890312854991
0,70.1752070441154,6.55405759811401,-31.5074253082275,0,10.3915375489253,0.466922460087451,0,4.094764209368045,-32.888780168815245,-1.2798058986663818,8.452740559121997,-30.440958432455147,0.6201025247573853,-2.1776934089861455,2.8206852399370974,2.08256851833126,0.413384556770325,0.0397407871655993,72.99432950237
0,70.2792332951639,6.4988579750061,-31.4192523956299,0,10.3917406494641,0.481941470142329,0,4.057053901394291,-32.80432833187948,-1.211525797843933,8.405201762019532,-30.33790810017806,0.6182031035423279,-2.1916779233251757,2.807283826599099,2.08677517574092,0.428329080343246,0.041173966781265,73.0983557534186
0,70.383269227963,6.44315576553345,-31.3313846588135,0,10.3921585482472,0.495548222776743,0,4.0194673724159005,-32.720153696698205,-1.1495251655578613,8.3574870068539,-30.234476341824138,0.6162951588630676,-2.206325442308077,2.7933751748592477,2.09112488429805,0.442188084125519,0.0425018733930069,73.2023916862176
0,70.4873133490315,6.38695096969605,-31.2438278198242,0,10.3929073684368,0.507844675899722,0,3.9819927171910137,-32.636229601607845,-1.087711215019226,8.309599285990839,-30.13066964397492,0.6143810749053955,-2.2216430119646327,2.778957883489123,2.09561001460811,0.455026745796204,0.0437302534306514,73.3064358072861
0,70.5913722126316,6.3302435874939,-31.1565780639648,0,10.3939962786211,0.518932367073074,0,3.944608146843062,-32.552507250649164,-1.014864444732666,8.261543444140775,-30.026498508558298,0.6124584674835205,-2.2376324402886194,2.7640323351810823,2.10021721523067,0.466900110244751,0.0448642928686173,73.4104946708862
0,70.6954515294504,6.27303218841553,-31.0696334838867,0,10.3953341523099,0.528914778306666,0,3.907298855941789,-32.46895348721726,-1.0660656690597534,8.211834053184234,-29.922841411160324,0.6105700731277466,-2.252572913114837,2.748597946608117,2.1049388567712,0.47785696387291,0.0459090225361032,73.514573987705
0,70.7995477521437,6.21531772613525,-30.9830017089844,0,10.3968821376019,0.537884788421533,0,3.8700528584917,-32.38554146880166,-1.1175963878631592,8.161633304041176,-29.819045764892007,0.6086816191673279,-2.2678046142882975,2.73265165677431,2.10976635616085,0.487950801849365,0.0468697341758133,73.6186702103984
0,70.9036658297878,6.15710020065308,-30.8966808319092,0,10.3986173478685,0.545928110202093,0,3.832854660845546,-32.30223649754278,-1.1663439273834229,8.11127351183211,-29.714921279351312,0.6067870855331421,-2.283713854708211,2.7161929346992024,2.11469113033077,0.497235953807831,0.0477517438569244,73.7227882880425
0,71.0078056966787,6.09838008880615,-30.8106746673584,0,10.4005262176557,0.553124701065025,0,3.795692023744342,-32.219011163749215,-1.1833947896957397,8.060757581490446,-29.610473960811976,0.6048876643180847,-2.3003058839616166,2.699219148576946,2.11970554988643,0.505765795707703,0.0485602414360241,73.8269281549334
0,71.1119691550053,6.03915739059448,-30.7249851226807,0,10.4026949618121,0.559537782627023,0,3.7585498937907538,-32.135831755496426,-1.2228014469146729,8.010089561006314,-29.505712178944936,0.5713464021682739,-2.3175849783104776,2.681726827215037,2.12480007808467,0.513601303100586,0.0493006818882541,73.9310916132599
0,71.2161598593226,5.97943162918091,-30.639612197876,0,10.405229878913,0.565223917377501,0,3.721418849565358,-32.05267717361499,-1.2658984661102295,7.959266943745513,-29.400630751004496,0.5258557200431824,-2.3355562289289744,2.6637143875737457,2.12997090022823,0.520800352096558,0.0499781042138749,74.0352823175772
0,71.3203811926627,5.91920280456543,-30.5545558929443,0,10.4080508536953,0.570255123853043,0,3.6842854065892907,-31.969517219756728,-1.3250476121902466,7.908291219960344,-29.295232758253455,0.4925207495689392,-2.354223328791436,2.6451788847167257,2.13521038692257,0.527402400970459,0.0505966559380919,74.1395036509173
0,71.4246318841985,5.85847091674805,-30.4698219299316,0,10.4110468980721,0.574703885100466,0,3.6471412707002315,-31.886333319232612,-1.3626818656921387,7.857163117247961,-29.18951970508005,0.4533935487270355,-2.373593119997404,2.626115633308909,2.1405137697961,0.533442616462708,0.0511602458486358,74.2437543424532
0,71.5289168927589,5.79723596572876,-30.3854084014893,0,10.4142743367339,0.578618252031897,0,3.60997346888265,-31.8030964191112,-1.3928124904632568,7.805882550931811,-29.08349141640607,0.41822752356529236,-2.3936685109463443,2.6065219249832117,2.14587437312862,0.538970649242401,0.0516733736399378,74.3480393510135
0,71.6332365422603,5.73549795150757,-30.3013191223145,0,10.4177261341905,0.582049204465254,0,3.5727751856702685,-31.71979125622765,-1.4217345714569092,7.754447606644854,-28.977143934064205,0.3909338414669037,-2.4144559716749154,2.586393813122642,2.15128933589717,0.544026017189026,0.0521398704886126,74.452359000515
0,71.7375921540166,5.67325782775879,-30.2175559997559,0,10.4213107351128,0.585053499705632,0,3.5355340891718474,-31.63639021344162,-1.4502477645874023,7.702860962310754,-28.87048279496022,0.3580664098262787,-2.4359587646061778,2.5657266628468647,2.15675102870723,0.548638463020325,0.0525630547012388,74.5567146122713
0,71.8419884791651,5.61051845550537,-30.1341152191162,0,10.4253613482645,0.586656352107873,0,3.4982384775970017,-31.552867084716958,-1.474849820137024,7.651121792858914,-28.763506293168664,0.32768920063972473,-2.458176317578843,2.544520300806855,2.1622537295129,0.552074432373047,0.0528713011269077,74.6611109374198
0,71.9464278028083,5.54728412628174,-30.0509948730469,0,10.4296380043193,0.588024837970096,0,3.4608767767791777,-31.469195949829768,-1.4985570907592773,7.599231525877038,-28.656217380386288,0.2994421422481537,-2.48110708852692,2.5227742511462243,2.16779076259395,0.555197715759277,0.0531482879292319,74.765550261063
0,72.0509102929669,5.48356246948242,-29.9681930541992,0,10.4344493409003,0.587073931417149,0,3.4234294826854574,-31.385333129704048,-1.5223009586334229,7.54720212201124,-28.548640786582553,0.27003538608551025,-2.504742952078084,2.500486735995785,2.17334686916133,0.556379675865173,0.0532372264675369,74.8700327512215
0,72.1554433496323,5.41936874389648,-29.8856925964355,0,10.4398049909534,0.583924105251828,0,3.3858751969540712,-31.301230702934333,-1.5358556509017944,7.495041563530984,-28.440793015989605,0.23105590045452118,-2.5290615753164607,2.477669093403459,2.1789077441003,0.555637240409851,0.0531398944312402,74.9745658078869
0,72.2600310340138,5.35472059249878,-29.8034782409668,0,10.4457382755827,0.578675513656869,0,3.348185622614063,-31.216825298752646,-1.5425035953521729,7.442769626739081,-28.332714958318576,0.2242150902748108,-2.5540347301824298,2.4543293363202436,2.18445049922725,0.553005456924439,0.052859722633067,75.0791534922684
0,72.3646776284688,5.28963232040405,-29.7215366363525,0,10.4522253680951,0.571439761899638,0,3.3103409962188426,-31.132072657128813,-1.5491820573806763,7.390398539613921,-28.22443189627821,0.2220202535390854,-2.5796397637124135,2.4304744417299076,2.18995987575313,0.548528730869293,0.0524013569666336,75.1838000867235
0,72.4693874142452,5.22412252426147,-29.6398506164551,0,10.4592162485916,0.56233753933334,0,3.264958720271624,-31.052220844342667,-1.5608264207839966,7.3379478272479,-28.115984200174104,0.15510375797748566,-2.605844635855092,2.415183734519414,2.19541489284298,0.542264044284821,0.0517707998444523,75.2885098724998
0,72.57416283212,5.15820980072022,-29.5584049224853,0,10.4666579987952,0.551496654133934,0,3.214855159025012,-30.975342378728953,-1.5537340641021729,7.2854335024612835,-28.00740497829759,0.10777587443590164,-2.6326187540392603,2.405065283584741,2.20079933803341,0.53428041934967,0.0509752294543803,75.3932852903746
0,72.6790104617732,5.09191036224365,-29.477180480957,0,10.4743896382915,0.539059492219202,0,3.1645504227835386,-30.89815523196484,-1.5437817573547363,7.232870749672799,-27.898725626127458,0.0596936009824276,-2.659930658734494,2.3945533151795715,2.20609699886104,0.524647176265717,0.0500223671177931,75.4981329200278
0,72.7839270423073,5.02524614334106,-29.3961658477783,0,10.4823432610181,0.525158694998116,0,3.114019652203222,-30.82062126009061,-1.5344396829605103,7.180283584575965,-27.78999579878783,0.026445312425494194,-2.687744146937786,2.3836652286117888,2.21128880183956,0.51345157623291,0.0489211625760235,75.6030495005619
0,72.8889176343585,4.95823478698731,-29.3153419494629,0,10.4904397282578,0.509924278270475,0,3.0632402289259875,-30.74270575769572,-1.5231775045394897,7.127687826835761,-27.68124820519995,0.010343017056584358,-2.71602445812754,2.3724189798884434,2.21636044185421,0.500784993171692,0.0476809770733907,75.7080400926132
0,72.9939807831576,4.89089679718018,-29.2346954345703,0,10.49853705934,0.493488280512341,0,3.0121986206180518,-30.664387960885705,-1.4963220357894897,7.074918015007669,-27.572651551525645,-0.016795653849840164,-2.7445106210555674,2.3608319631900945,2.22130142848751,0.486737072467804,0.0463112368677437,75.8131032414123
0,73.0991180053202,4.82325220108032,-29.1542091369629,0,10.5065612115976,0.475968304111277,0,2.960871517699915,-30.58563210364591,-1.4693151712417603,7.012407641811178,-27.471627587731298,-0.06239990144968033,-2.761065412752139,2.348921778045418,2.22609459560176,0.471405565738678,0.0448217616938788,75.9182404635749
0,73.2043252676492,4.75532245635986,-29.0738716125488,0,10.5144515242702,0.457470570993561,0,2.9092467063655736,-30.506419445219358,-1.4421520233154297,6.950016909993269,-27.370796978186494,-0.10644897073507309,-2.7779753337669413,2.3367047240946124,2.23072849910518,0.454890370368958,0.0432224565842718,76.0234477259039
0,73.3096015371716,4.68712854385376,-28.9936676025391,0,10.5221644836397,0.438091222407972,0,2.8573120407635466,-30.426731349117905,-1.4568102359771729,6.887763659845972,-27.270188554858223,-0.14165648818016052,-2.7952057064790505,2.3241988160955103,2.23519264858028,0.437290251255035,0.0415229895856576,76.1287239954262
0,73.4149478476284,4.61869239807129,-28.9135780334473,0,10.5296631961629,0.417916673932955,0,2.8050522948077194,-30.346544452568345,-1.5320837497711182,6.825668161383436,-27.169835076424288,-0.16783812642097473,-2.812717817345812,2.311424492059925,2.23947464626094,0.418701499700546,0.0397327151421581,76.234070305883
0,73.5203592280434,4.55003595352173,-28.8335914611816,0,10.5370167097864,0.397021063279741,0,2.752462254930831,-30.265850755918738,-1.6070764064788818,6.763747646727442,-27.069764391978502,-0.1914343237876892,-2.8304779438620065,2.298398983907425,2.24356686275264,0.399229913949966,0.0378614589041598,76.339481686298
0,73.62583581406,4.48117971420288,-28.7536907196045,0,10.5443007952085,0.375516054332404,0,2.6995331311331032,-30.18463677187039,-1.6737133264541626,6.7020186561398445,-26.970003232489326,-0.21392822265625,-2.8484498692648494,2.2851413854419493,2.24746071498653,0.379012286663055,0.0359219802305055,76.4449582723146
0,73.7313740735085,4.41214513778687,-28.6738624572754,0,10.5515237433369,0.353528774112998,0,2.6462610611570803,-30.102896574209293,-1.7255749702453613,6.640497461193465,-26.8705778946928,-0.23515380918979645,-2.8665989065232496,2.271670107972474,2.25114952724239,0.358186811208725,0.0339274157444755,76.5504965317631
0,73.8369791107293,4.34295129776001,-28.5940837860107,0,10.5586688767538,0.331162381615334,0,2.5926389967629833,-30.020619348178045,-1.7582653760910034,6.579194777621907,-26.7715056964488,-0.25596556067466736,-2.8848874837289507,2.2580072765935917,2.25462757747432,0.336871832609177,0.031889082600893,76.656101568984
0,73.9426469527132,4.2736177444458,-28.5143432617187,0,10.5657200209154,0.308499004595954,0,2.5386677669787683,-29.937806365829886,-1.7833287715911865,6.5181238166106805,-26.67280798855493,-0.2757543921470642,-2.9032842902980387,2.2441699207231847,2.25789105098507,0.315169215202332,0.0298167048639613,76.7617694109679
0,74.0483823714806,4.20415496826172,-28.4346256256104,0,10.5728692879658,0.287921001386565,0,2.484354318242924,-29.8544682857192,-1.805941104888916,6.457280270707178,-26.574477809671595,-0.29552122950553894,-2.9217671922420254,2.2301720685341526,2.2609447161462,0.294988125562668,0.0278901402200627,76.8675048297352
0,74.1541823811079,4.13455677032471,-28.3549404144287,0,10.5799129166472,0.270569813115795,0,2.429728888777969,-29.77065150510982,-1.820738434791565,6.396640465471859,-26.47647689917738,-0.3176049590110779,-2.940348248419041,2.2160045121742598,2.26380860011837,0.27728408575058,0.0261999750844111,76.9733048393626
0,74.260045697842,4.0648078918457,-28.2753028869629,0,10.5867454698456,0.258071183935807,0,2.374833079819091,-29.686419856572712,-1.8356151580810547,6.336162652937228,-26.37873778754778,-0.3343249559402466,-2.95905586751123,2.2016507368802043,2.26651322047969,0.263426393270493,0.0248752707846191,77.0791681560967
0,74.3659763191772,3.99488520622253,-28.195728302002,0,10.593719553201,0.24964414015893,0,2.319713939464868,-29.601845530298327,-1.8505529165267944,6.2757889865275915,-26.281166988052995,-0.35978758335113525,-2.9779299991571424,2.1870904034086514,2.26909672420284,0.253009289503098,0.0238763228076308,77.1850987774319
0,74.4719758861853,3.92477583885193,-28.1162261962891,0,10.6010973288246,0.242534404012104,0,2.264401409457762,-29.516974468634096,-1.8704675436019897,6.215483915414646,-26.183707046459308,-0.3865295350551605,-2.9969941201958554,2.172311894794,2.27158295314571,0.244026526808739,0.0230129656289951,77.2910983444399
0,74.5780518489237,3.85447120666504,-28.0367946624756,0,10.6091159269273,0.236495969735246,0,2.208908941809464,-29.431827312228954,-1.888729214668274,6.15522451869192,-26.08632091994155,-0.40654540061950684,-3.016258215590543,2.1573111183587956,2.27398525874874,0.23630502820015,0.0222682397853266,77.3971743071784
0,74.6842102605919,3.78396701812744,-27.9574298858643,0,10.6180086359049,0.231327265307486,0,2.153250327929146,-29.346425222500365,-1.9008044004440308,6.094988035227296,-25.98897182388831,-0.42561399936676025,-3.035728130652599,2.1420889264659424,2.27631699245235,0.229692041873932,0.0216271768307099,77.5033327188466
0,74.7904606772344,3.71324944496155,-27.8781318664551,0,10.6277184498679,0.228768469850015,0,2.097438273535535,-29.26078769499188,-1.9123071432113647,6.034747856060757,-25.891616755155063,-0.45039060711860657,-3.055420946475221,2.1266365185174076,2.2785924593713,0.225496858358383,0.0212128911030066,77.609583135489
0,74.8968122362021,3.64230537414551,-27.798900604248,0,10.6384199114298,0.226508330014214,0,2.04149080361971,-29.174942387091956,-1.922796607017517,5.974469165453685,-25.794199447497693,-0.4785778820514679,-3.0753560244896754,2.110947246460715,2.2808307329919,0.22197113931179,0.0208603199735251,77.7159346944567
0,75.0032750237665,3.57112884521484,-27.7197284698486,0,10.6501295745918,0.224494888930282,0,1.9854059663824217,-29.088886303976924,-1.9342797994613647,5.9141424295207115,-25.696704493059222,-0.4999035596847534,-3.095535279544809,2.0950203395689346,2.28303467433712,0.219020143151283,0.0205604541707479,77.8223974820211
0,75.1098621124647,3.4997136592865,-27.640604019165,0,10.6628542063896,0.222685122746492,0,1.9272901622971053,-29.004271130331276,-1.9469726085662842,5.853745301578447,-25.599095777025124,-0.5125805735588074,-3.1159622712152286,2.0813706166756876,2.2852138201501,0.216561898589134,0.0203055094958523,77.9289845707193
0,75.2165753315311,3.42804718017578,-27.5615367889404,0,10.6762935842303,0.222861544494804,0,1.8512298602153927,-28.934988049507197,-1.9594030380249023,5.793270774884581,-25.501361975692703,-0.5193347334861755,-3.1366547330089443,2.091105264131765,2.28737198512813,0.21589794754982,0.0202177772023437,78.0356977897857
0,75.3234275363707,3.35611939430237,-27.4825191497803,0,10.6903033141579,0.22294978037216,0,1.7750961213883216,-28.865638075391544,-1.9715063571929932,5.732681546370086,-25.403442803005387,-0.5216931104660034,-3.157626659115933,2.100631465031374,2.28952728908321,0.21541839838028,0.020146441104838,78.1425499946254
0,75.4304237926714,3.28392767906189,-27.4035472869873,0,10.7046107340885,0.222988249683568,0,1.698888938116404,-28.796221200970887,-1.9836218357086182,5.671969458671283,-25.305325075723808,-0.5229284763336182,-3.1788803042894616,2.1099498669372245,2.29168259303829,0.215069830417633,0.0200869688812708,78.249546250926
0,75.537560085053,3.21147036552429,-27.3246288299561,0,10.7191316021848,0.222991195607187,0,1.6226107288312663,-28.72673962918669,-1.99709951877594,5.611136019945854,-25.207011231204508,-0.5193933248519897,-3.2004217765089864,2.1190539489195,2.29383789699337,0.214823439717293,0.020036788267853,78.3566825433076
0,75.6448439176272,3.13873505592346,-27.2457656860352,0,10.7335205510319,0.22633410026631,0,1.5462644480834458,-28.657196051329393,-2.027635335922241,5.550166778657996,-25.10847791410092,-0.5138220191001892,-3.2222665894475964,2.1279328732149536,2.29599892299434,0.217241704463959,0.0202350590908356,78.4639663758819
0,75.7522691731229,3.06569862365723,-27.1669883728027,0,10.7476486624129,0.232363780813003,0,1.4699000603852195,-28.58763597991009,-2.0587267875671387,5.489014877455774,-25.00964939753472,-0.508880615234375,-3.244468079691108,2.136542224745621,2.29819428127071,0.2219028621912,0.0206418190711617,78.5713916313775
0,75.8598375138782,2.99234127998352,-27.0883140563965,0,10.7615646236398,0.240545706216049,0,1.393550039511522,-28.518088995184346,-2.0798912048339844,5.422116464525629,-24.915402685727926,-0.49763548374176025,-3.259655084851373,2.1448519310655882,2.30044495265743,0.228468105196953,0.0212247066616627,78.6789599721328
0,75.9675465715626,2.91864538192749,-27.0097637176514,0,10.7752698044377,0.250454370979023,0,1.3172457092610104,-28.448583629898074,-2.0981054306030273,5.343156452239297,-24.831397588964386,-0.4868200719356537,-3.259376155136954,2.152831542758011,2.30276905696651,0.236646488308907,0.0219560710270214,78.7866690298172
0,76.0753923478641,2.84459400177002,-26.931360244751,0,10.7889898767645,0.261721187677751,0,1.241015329779057,-28.379145626125432,-2.1132640838623047,5.263910777021169,-24.747088577073022,-0.4779675304889679,-3.2594687262240085,2.160450663122351,2.30518185298702,0.246209174394608,0.022813698702344,78.8945148061187
0,76.1833814513894,2.77016925811768,-26.8531131744385,0,10.8029470185688,0.274038691503199,0,1.1648747296440258,-28.309789402066762,-2.124598264694214,5.184346528227887,-24.662440636612217,-0.48688963055610657,-3.259953689778894,2.16768912791589,2.30769573848507,0.25695937871933,0.0237783952139881,79.002503909644
0,76.2915136978313,2.69535541534424,-26.7750396728516,0,10.8172455100373,0.287159278114913,0,1.088843405455401,-28.24053271711088,-2.135068416595459,5.10443746895399,-24.577425854291203,-0.5011193752288818,-3.2608561508524394,2.1745230972995913,2.31032215755245,0.268719881772995,0.0248330544343289,79.1106361560859
0,76.3997927278885,2.62013554573059,-26.6971530914307,0,10.8319101213799,0.300882333860871,0,1.0129364730701733,-28.17138934024257,-2.1425487995147705,5.024156631899736,-24.492015539756995,-0.5163293480873108,-3.262200025220308,2.1809313094344347,2.31307160060665,0.281330317258835,0.0259623503031297,79.2189151861431
0,76.5082250295531,2.54449486732483,-26.6194610595703,0,10.8469609043835,0.315035866643782,0,0.9371559690524057,-28.102361126561377,-2.142435312271118,4.943489667983942,-24.406194427105774,-0.532257080078125,-3.2640044791590452,2.1868998474053987,2.31594788234493,0.29465326666832,0.0271531420134833,79.3273474878077
0,76.6168153892831,2.46841740608215,-26.5419750213623,0,10.8622043724094,0.329500406005274,0,0.8615144058278423,-28.033459473595062,-2.1423277854919434,4.862410394887716,-24.319934661121103,-0.5540905594825745,-3.2662923618364355,2.1924103455964525,2.31896053951046,0.308545738458633,0.0283923838968833,79.4359378475378
0,76.725561744725,2.39189147949219,-26.4647121429443,0,10.877425832039,0.34418108747331,0,0.7860230661422672,-27.964694658759925,-2.141443967819214,4.7809055462043775,-24.233222127750253,-0.5487414598464966,-3.269087930732276,2.197444176480387,2.32211529414913,0.32288059592247,0.0296686999124393,79.5446842029796
0,76.8344639783669,2.3149049282074,-26.3876876831055,0,10.8926098588767,0.358972494577997,0,0.7106853370241804,-27.896069767289163,-2.1441564559936523,4.6989687046950595,-24.146049999730202,-0.5430957078933716,-3.27241494830481,2.2019847884629686,2.32541405360958,0.337565928697586,0.0309735473747214,79.6535864366215
0,76.9435191792978,2.23744988441467,-26.3109169006348,0,10.9076614926691,0.373794929201961,0,0.624667102648713,-27.83786046624751,-2.158294677734375,4.6165885323455615,-24.05840621461374,-0.5378796458244324,-3.2762944154513196,2.22095136230553,2.32886158626339,0.35250997543335,0.0322986893128465,79.7626416375525
0,77.0527339143105,2.15951299667358,-26.2344074249268,0,10.9224646331164,0.388584042627166,0,0.5334503729824112,-27.785054630655942,-2.1740562915802,4.533755331094417,-23.970280454689807,-0.5309655666351318,-3.2807465004036285,2.2469059643876963,2.33245884578487,0.36762809753418,0.0336366999759168,79.8718563725651
0,77.1620991883352,2.08108806610107,-26.158182144165,0,10.9369702774761,0.403275951934707,0,0.44259431629447504,-27.732457590513054,-2.189755916595459,4.450465506849735,-23.881668896224994,-0.5233080983161926,-3.2857970151509734,2.2722246695979784,2.33620869319698,0.38285231590271,0.0349815633235094,79.9812216465899
0,77.2716139471278,2.00216746330261,-26.08225440979,0,10.9511563458053,0.417809790183754,0,0.3521066962935659,-27.68007384026986,-2.2053160667419434,4.366715895175514,-23.792568172594287,-0.4976806640625,-3.2914665958317237,2.2968951798550705,2.34011112849971,0.398124635219574,0.0363281453275707,80.0907364053824
0,77.3812725440067,1.92274475097656,-26.0066432952881,0,10.9649238839222,0.432145426904142,0,0.2619989716199221,-27.627910013392338,-2.2129454612731934,4.282506131535516,-23.70297789596971,-0.46617797017097473,-3.297779259622189,2.320901185936914,2.34416615169307,0.413381218910217,0.037671081830224,80.2003950022613
0,77.4910729233818,1.84281432628632,-25.9313621520996,0,10.9782468625604,0.446237351266692,0,0.1722786539501463,-27.575970458428838,-2.218900203704834,4.197832825683184,-23.61289445948771,-0.46113523840904236,-3.304754843280596,2.344232478615293,2.34837376277706,0.428574800491333,0.0390063364115298,80.3101953816365
0,77.6010101908471,1.76237297058105,-25.8564262390137,0,10.9913309429476,0.45929772812718,0,0.0829451146656654,-27.524254811468825,-2.224827766418457,4.112704881646687,-23.522327336091948,-0.44530150294303894,-3.3124126827425924,2.366881929949664,2.35272919338008,0.443084269762039,0.0402770079791569,80.4201326491017
0,77.7110846072375,1.68142127990723,-25.7818393707275,0,11.0042816261812,0.471018578988734,0,-0.0060142990504212235,-27.472755747731295,-2.2225377559661865,4.027133516803775,-23.431288459885224,-0.42454344034194946,-3.3207612806083557,2.388856845261303,2.35722481410762,0.456610143184662,0.0414559033891917,80.5302070654921
0,77.8212907048778,1.59996068477631,-25.707612991333,0,11.0169381896972,0.481567312881776,0,-0.09461412217186752,-27.42146485284492,-2.218980550765991,3.9411402666989965,-23.339800742407835,-0.40147826075553894,-3.329813310228028,2.4101601564110475,2.36185013454219,0.469171613454819,0.0425457621631448,80.6404131631324
0,77.9316231649413,1.51799428462982,-25.6337566375732,0,11.0290611925144,0.491097486433185,0,-0.18286407866666443,-27.370376497554442,-2.2174999713897705,3.8547397777246255,-23.24787976587114,-0.3711267113685608,-3.339579007363307,2.4307956948449756,2.36659752528926,0.480784058570862,0.0435493221995206,80.7507456231959
0,78.0420850883261,1.43552589416504,-25.560266494751,0,11.0405352736677,0.499723309255714,0,-0.2707889703161733,-27.319476323980627,-2.2200024127960205,3.767946993872871,-23.15554142910133,-0.3355114758014679,-3.3500583319885795,2.450781434564835,2.37145649593135,0.491487324237824,0.0444710902687646,80.8612075465808
0,78.1526546215221,1.35256052017212,-25.487174987793,0,11.0513904539155,0.507519457133693,0,-0.3583850521760821,-27.268766500091065,-2.218553304672241,3.680788073453044,-23.062813561771193,-0.3163513243198395,-3.361275332941199,2.4701018335749683,2.37641941707393,0.501345574855804,0.0453171706218628,80.9717770797768
0,78.2633363888144,1.26910173892975,-25.4144763946533,0,11.0618993446359,0.514509160523834,0,-0.4456783362029795,-27.218231967429833,-2.2126660346984863,3.5932744746444074,-22.969708354170844,-0.29255613684654236,-3.373228376081847,2.4887757778463317,2.38147675197383,0.51045435667038,0.0460954388826797,81.0824588470691
0,78.3741255662157,1.18515229225159,-25.3421802520752,0,11.072148615434,0.520747038605084,0,-0.5326782564868835,-27.16786726455353,-2.20416259765625,3.5054156296315555,-22.876235841146492,-0.2800622582435608,-3.3859273164939823,2.5068057088077595,2.38662277858516,0.518870711326599,0.0468109490267554,81.1932480244703
0,78.4850197590116,1.10071671009064,-25.2702903747559,0,11.0823187546348,0.525532370042189,0,-0.619410044646263,-27.117657784747998,-2.1920690536499023,3.4149808332375864,-22.78483626072491,-0.27382200956344604,-3.396071345634346,2.5242033198343248,2.39184605281612,0.526037096977234,0.0474130591336626,81.3041422172662
0,78.5960161968521,1.01579999923706,-25.1988105773926,0,11.092206941617,0.529789531681866,0,-0.7058908316443748,-27.06759361081019,-2.198045492172241,3.3114415301590565,-22.707041517090715,-0.2744079530239105,-3.3880500421882234,2.5409780288563404,2.39713894527217,0.532618999481201,0.0479627295150297,81.4151386551067
0,78.7071120484149,0.930407226085663,-25.1277446746826,0,11.1019996389892,0.532728388914653,0,-0.7921425845814627,-27.017662025872397,-2.2119884490966797,3.2077482673502136,-22.629131095087114,-0.27494993805885315,-3.3807324706883968,2.5571400909135997,2.40249191921016,0.538009822368622,0.0484049279324152,81.5262345066695
0,78.8183064002504,0.844545662403107,-25.0570907592773,0,11.1116169354748,0.534460408082963,0,-0.8781963178513315,-26.967845075541977,-2.2259020805358887,3.1039303195028825,-22.55112699039186,-0.27593994140625,-3.3741181721606,2.5727071321188255,2.40789257686397,0.542230904102325,0.0487422089620565,81.637428858505
0,78.9295954081248,0.758226215839386,-24.9868469238281,0,11.1211774107853,0.534155986114344,0,-0.9640899161831562,-26.91812082815368,-2.237401008605957,3.0000290419862754,-22.473060275556634,-0.2841113209724426,-3.3682047479849073,2.587700089298228,2.41332470577022,0.544587969779968,0.0489121673841781,81.7487178663795
0,79.0409803078334,0.671462297439575,-24.9169998168945,0,11.1308368481317,0.531863042214291,0,-1.0498493662429502,-26.86847423989243,-2.2444920539855957,2.8960602796706647,-22.394942855699433,-0.31684446334838867,-3.362975988326281,2.6021464730380965,2.41877972286007,0.545093715190887,0.0489156841618353,81.860102766088
0,79.1524632641232,0.584267258644104,-24.8475341796875,0,11.1405202235214,0.527662916160829,0,-1.141362359049777,-26.825508489197748,-2.2485668659210205,2.7921056563100377,-22.316836059212736,-0.32792356610298157,-3.3584197723308176,2.6249152265444446,2.42422424953243,0.543742775917053,0.0487530096766266,81.9715857223779
0,79.264034242368,0.49665755033493,-24.778450012207,0,11.1496340362223,0.521721969919612,0,-1.2379779509717561,-26.78864810121363,-2.2540271282196045,2.6881974381067226,-22.23876412945982,-0.32584714889526367,-3.354527010283286,2.6551566205102506,2.42964684169551,0.54048490524292,0.0484225904733164,82.0831567006226
0,79.375690723113,0.408653289079666,-24.7097301483154,0,11.1580642667146,0.514130737391674,0,-1.3344452095556938,-26.751844304761814,-2.2594761848449707,2.5843868652374726,-22.160765565989127,-0.32964232563972473,-3.3512739423052533,2.6848878196125234,2.43502651851436,0.535362064838409,0.0479289815096565,82.1948131813676
0,79.4874267583634,0.320274025201797,-24.6413631439209,0,11.1660401869835,0.504936025202627,0,-1.4308151237037998,-26.71507764676355,-2.264427423477173,2.480717850516021,-22.082873362900337,-0.3347192406654358,-3.348639646472131,2.714149046518056,2.44034611385128,0.528462827205658,0.0472793681567543,82.306549216618
0,79.5992342599597,0.231538712978363,-24.5733413696289,0,11.1737447756555,0.494204471378889,0,-1.5271351199530439,-26.67833003323919,-2.255070686340332,2.377233698243601,-22.00512005708439,-0.3397863805294037,-3.346605396517526,2.742974831194317,2.44558941524288,0.519871771335602,0.0464807490210373,82.4183567182144
0,79.7111150378193,0.142465174198151,-24.5056419372559,0,11.1813746580188,0.482009047659672,0,-1.623466619983064,-26.641578030839145,-2.245584726333618,2.273972173550905,-21.927534023550326,-0.3798828125,-3.345140132042465,2.7714144579206743,2.45073925655147,0.509677708148956,0.045540446605615,82.530237496074
0,79.8230651936253,0.0530707351863384,-24.4382514953613,0,11.1888851084644,0.468458054033098,0,-1.7198635487611291,-26.604801066329046,-2.2352867126464844,2.170973657419733,-21.85014560273925,-0.4338977038860321,-3.3442196248795812,2.799505852584853,2.45577942531368,0.49794927239418,0.0444649669900598,82.6421876518799
0,79.9350857256984,-0.036626573652029,-24.3711471557617,0,11.1962505912645,0.45365830161674,0,-1.816383341341489,-26.567977227320412,-2.2246031761169434,2.0682721949248264,-21.772980374578616,-0.4689306616783142,-3.3438106179626317,2.8272949112961467,2.46069466274044,0.48476442694664,0.0432615344126809,82.754208183953
0,80.0471706945855,-0.126608982682228,-24.3043174743652,0,11.2036068630529,0.437696130445603,0,-1.913071785653131,-26.53108904498866,-2.2138965129852295,1.965903054422756,-21.696064838114445,-0.5038537383079529,-3.343888221806802,2.8548136496338143,2.46547161739132,0.47021958231926,0.0419383827607779,82.8662931528402
0,80.1593237469605,-0.216859638690948,-24.237735748291,0,11.2109595521733,0.420669574475683,0,-2.009982570145036,-26.49411603633493,-2.2031664848327637,1.863891440702373,-21.619417931083706,-0.5456200838088989,-3.344415232339077,2.8821071894674044,2.4700978915002,0.454400330781937,0.0405032925753004,82.9784462052152
0,80.2715442196624,-0.307360917329788,-24.1713809967041,0,11.2182132285378,0.402682132308058,0,-2.1071710200532205,-26.45703709390001,-2.189589738845825,1.7622718225695535,-21.54306555178624,-0.6137829422950745,-3.3453582403170277,2.909216423801117,2.47455917995235,0.437385976314545,0.0389638223219045,83.090666677917
0,80.3838296694581,-0.398094683885574,-24.1052341461182,0,11.2253067038191,0.383825532158816,0,-2.204683285978575,-26.41983461049421,-2.177431583404541,1.6610730699294938,-21.467029391761454,-0.7146044969558716,-3.346684353843716,2.936177393636492,2.47884403865596,0.419260740280151,0.037327787658228,83.2029521277128
0,80.4961784983638,-0.489042729139328,-24.0392742156982,0,11.2322895646896,0.364172592307094,0,-2.3025559625862417,-26.382494624669604,-2.1638011932373047,1.56031372726546,-21.391323384494306,-0.8056933283805847,-3.348358626234857,2.963024153277728,2.48294483821651,0.400117516517639,0.0356033720188003,83.3153009566185
0,80.6085915700415,-0.580187380313873,-23.9734764099121,0,11.2392415067525,0.343789632852636,0,-2.400845082566781,-26.344995759061806,-2.150110960006714,1.4600262301574336,-21.315971900610776,-0.8927404880523682,-3.350343533625951,2.9897990722060723,2.48684822719356,0.380050867795944,0.0337988284803181,83.4277140282961
0,80.7210676829094,-0.67151141166687,-23.9078197479248,0,11.2461648150182,0.322792106144444,0,-2.4995857669092434,-26.307324614453805,-2.1490392684936523,1.3602274879230274,-21.24098764500639,-0.9647033214569092,-3.352604423618004,3.0165343447060553,2.4905475298669,0.359185576438904,0.0319253469963292,83.540190141164
0,80.833603734519,-0.763005018234253,-23.8422966003418,0,11.25287962278,0.303981861310536,0,-2.5987772980490322,-26.269481464607928,-1.462982177734375,1.2609061089284537,-21.16636205852338,-1.0321166515350342,-3.355121744847716,3.0432361440839473,2.49404751460811,0.339717835187912,0.0301784042457838,83.6527261927737
0,80.9462010225494,-0.854676127433777,-23.7769165039062,0,11.2591997907876,0.290437755869928,0,-2.698373673069153,-26.231483860370115,-1.486086368560791,1.1620044746327058,-21.092051849199244,-1.0886999368667603,-3.357900961143127,3.0698732135383313,2.49736916225216,0.324165433645248,0.0287815867522706,83.765323480804
0,81.0588566234796,-0.946545004844666,-23.7117137908936,0,11.2650401103403,0.282979283142704,0,-2.7982476595206376,-26.193380342947222,-1.5109630823135376,1.0634022359525257,-21.017966592182745,-1.154641032218933,-3.360976328591266,3.0963642545598136,2.50055824916622,0.313403874635696,0.0278121547841537,83.8779790817343
0,81.1715688610596,-1.03863310813904,-23.6467227935791,0,11.270526599602,0.280299828374145,0,-2.898274902425105,-26.155218355745223,-1.5402673482894897,0.9649827755014104,-20.94401866645059,-1.2294323444366455,-3.364384967267242,3.122629915385847,2.50365864436885,0.306679844856262,0.027202370851872,83.9906913193142
0,81.2843317498243,-1.13095891475678,-23.5819816589355,0,11.275790220581,0.281387544241093,0,-2.9983374308811284,-26.11704290654299,-1.5694628953933716,0.8666453313172329,-20.870132364027366,-1.263863444328308,-3.368167056757528,3.1485930273066445,2.50670944850704,0.303380578756332,0.0268971088813552,84.1034542080789
0,81.3971493236345,-1.22353804111481,-23.5175075531006,0,11.28098656247,0.285448044970811,0,-3.098347369508276,-26.07888752119855,-1.5986425876617432,0.7649535115378014,-20.80081399255551,-1.2788891792297363,-3.3666782675031404,3.1742049963423296,2.50974213283321,0.303000390529633,0.0268507931540559,84.2162717818892
0,81.5100180550817,-1.3163845539093,-23.4533290863037,0,11.2859477745596,0.291880331698349,0,-3.1982242236262888,-26.040782909715176,-1.617867350578308,0.6604399451038556,-20.73527494465926,-1.292266845703125,-3.3609006853534233,3.1994121070607973,2.51278244655391,0.305091738700867,0.0270238498796812,84.3291405133363
0,81.6229382688687,-1.40950894355774,-23.3894634246826,0,11.2908751402011,0.300176835864288,0,-3.29789524393282,-26.002756827111053,-1.6321898698806763,0.5558308004231187,-20.669675960933542,-1.307167887687683,-3.355563165436955,3.2241751234417104,2.51585423152706,0.309301793575287,0.0273842850742735,84.4420607271233
0,81.7359125792342,-1.50292420387268,-23.325927734375,0,11.2960556863725,0.30991750597108,0,-3.397305854748014,-25.964830094877758,-1.6465026140213013,0.4510711424277659,-20.603982592338262,-1.378658413887024,-3.350683985341082,3.248459251312872,2.51897560756466,0.315333187580109,0.0279048353774887,84.5550350374889
0,81.8489419903118,-1.59664237499237,-23.2627410888672,0,11.3014527375516,0.320787036550489,0,-3.496392481288068,-25.92702696780844,-1.660552978515625,0.34610222722660333,-20.53815800137155,-1.4469786882400513,-3.346282951293614,3.272227026215664,2.52216660182735,0.322907418012619,0.0285607012911207,84.6680644485665
0,81.9620316883387,-1.690673828125,-23.1999130249023,0,11.3069387592844,0.332537057244659,0,-3.595124689716394,-25.889359056896755,-1.674285888671875,0.24088877707034018,-20.47218006583263,-1.5086511373519897,-3.3423735868068345,3.2954594585925214,2.52543770473262,0.33177661895752,0.0293300630933629,84.7811541465933
0,82.0751785653287,-1.78502762317657,-23.1374664306641,0,11.3124975403216,0.34495429557232,0,-3.6934509600339425,-25.85184601784336,-1.6895312070846558,0.13539194285174794,-20.406024423970337,-1.5519299507141113,-3.338979895943618,3.3181223871275867,2.52880322139522,0.34173509478569,0.0301945989884834,84.8943010235833
0,82.188384355934,-1.87971198558807,-23.0754146575928,0,11.3181029629882,0.357861702293633,0,-3.7913422775983343,-25.814498920196698,-1.7046862840652466,0.029584690178408146,-20.3396741228818,-1.5806041955947876,-3.3361190130679907,3.340196546758229,2.53227173488399,0.352602124214172,0.0311382573361804,85.0075068141886
0,82.3016503657427,-1.97473561763763,-23.0137729644775,0,11.3237717745672,0.371106305912511,0,-3.8887657630406567,-25.777330307959982,-1.7246618270874023,-0.07656249323155001,-20.273110655813106,-1.609373688697815,-3.3338102975951083,3.3616603915665673,2.5358527819421,0.364224195480347,0.0321473063186593,85.1207728239974
0,82.4149775672467,-2.07010531425476,-22.9525547027588,0,11.3293922627848,0.384572368971391,0,-3.9860440773657935,-25.740859780012507,-1.7444335222244263,-0.18307375809869786,-20.206318878173114,-1.637697696685791,-3.33207132249095,3.383114917916658,2.53955399196407,0.376454442739487,0.0332089964170491,85.2341000255013
0,82.5283650137481,-2.16582655906677,-22.8917751312256,0,11.3348659546342,0.398162042102614,0,-4.083021329433773,-25.70489640331656,-1.76327383518219,-0.2899584496342207,-20.139292929705935,-1.6572191715240479,-3.3309217093274035,3.40430419895362,2.54337822597286,0.389166474342346,0.0343124124943169,85.3474874720028
0,82.6418108728656,-2.2619047164917,-22.8314514160156,0,11.3402370745772,0.411775628093068,0,-4.179449148976953,-25.669136780062143,-1.7846472263336182,-0.39723896399590974,-20.07201876608308,-1.6716430187225342,-3.330382398170562,3.4248262548455144,2.54733311336299,0.402261257171631,0.0354486707510091,85.4609333311202
0,82.7553146724588,-2.35834407806396,-22.7715969085693,0,11.3454290507102,0.4253407954006,0,-4.275317520341535,-25.633584624488645,-1.807562232017517,-0.5049232193988635,-20.004491421898656,-1.686123013496399,-3.3304716863678103,3.4446713724927025,2.55142056148311,0.415639013051987,0.0366092130577807,85.5744371307135
0,82.8688747438907,-2.45514845848083,-22.7122268676758,0,11.3505302111072,0.438774351065602,0,-4.370615594831502,-25.598243959763703,-1.823830485343933,-0.6130185412521907,-19.936706303487416,-1.7505944967269897,-3.3312095452224852,3.46382866294841,2.55564247768184,0.429229021072388,0.0377875451177307,85.6879972021453
0,82.9824924452745,-2.55232262611389,-22.6533527374268,0,11.3556366568754,0.45199966000442,0,-4.4653359204345024,-25.563117549417125,-1.839540958404541,-0.7215353965657713,-19.86865684712863,-1.9161547422409058,-3.3326135511517077,3.4822910741844213,2.56000076930782,0.442967444658279,0.0389777310612682,85.8016149035292
0,83.0961650026847,-2.64987087249756,-22.5949935913086,0,11.3608071657361,0.464951248864355,0,-4.559470446142057,-25.528208379112513,-1.8635997772216797,-0.8304783763690233,-19.80034017384968,-1.994576334953308,-3.334707900054164,3.5000456458530356,2.56449639003536,0.456794649362564,0.0401743092051242,85.9152874609393
0,83.2098961211281,-2.74779677391052,-22.5371551513672,0,11.3662697344143,0.476904739958536,0,-4.653027921665706,-25.493513204076823,-1.8816369771957397,-0.9398504069530473,-19.731754448612875,-2.049990177154541,-3.337505530903161,3.517095202322162,2.56912743251583,0.470131546258926,0.0413256308176021,86.0290185793828
0,83.3236885150015,-2.84610152244568,-22.4798412322998,0,11.3721440942188,0.487545381223966,0,-4.746036235307023,-25.45902168211668,-1.8978747129440308,-1.0496380046891458,-19.66290812681992,-2.0974669456481934,-3.3410168050129143,3.5334498815897506,2.57388626735469,0.482669353485107,0.0424041752380774,86.1428109732561
0,83.4375471501208,-2.9447877407074,-22.4230537414551,0,11.3784639056175,0.496994901788765,0,-4.8385100766050595,-25.424728365713047,-1.9171679019927979,-1.1598435835476075,-19.593799694702604,-2.1435253620147705,-3.3452509779154473,3.5491174727517514,2.57877003352901,0.494439572095871,0.0434125906631409,86.2566696083755
0,83.5514747558861,-3.04385542869568,-22.3667945861816,0,11.3853286062158,0.505337428669355,0,-4.930491877497529,-25.39061751926064,-1.9381530284881592,-1.270443833647317,-19.524443769572983,-2.187255859375,-3.350215940820481,3.5641131043448064,2.58376728694698,0.505484938621521,0.0443542546294034,86.3705972141408
0,83.6654758547419,-3.14330768585205,-22.3110675811768,0,11.3927560052401,0.512654896342074,0,-5.022006948067522,-25.35667975668146,-1.9589049816131592,-1.381433422777441,-19.454843695188554,-2.228416681289673,-3.3559224969856642,3.5784444164233116,2.5888723055627,0.515837967395783,0.0452319449260967,86.4845983129965
0,83.7795560560815,-3.24314665794373,-22.2558727264404,0,11.4006676030845,0.519036579799632,0,-5.113088911863904,-25.322902608903345,-1.9786938428878784,-1.4928030149961065,-19.385005325992545,-2.259570360183716,-3.362377506967561,3.592124209004571,2.59407745998165,0.525520801544189,0.0460479195484125,86.5986785143361
0,83.8937225206376,-3.34337520599365,-22.201208114624,0,11.4092118535989,0.524525958064577,0,-5.2037702315890675,-25.289274037346427,-1.9933849573135376,-1.6045476433764083,-19.31493177667783,-2.284344434738159,-3.3695863828525536,3.605165848381971,2.5993760744836,0.534589469432831,0.0468065118149856,86.7128449788922
0,84.0079801045715,-3.44399666786194,-22.1470775604248,0,11.4184121449299,0.529180694382076,0,-5.294074871563239,-25.25578515500002,-2.009605646133423,-1.7166659182098962,-19.244623918711838,-2.3155882358551025,-3.3775595717894205,3.617575468235634,2.60476338069698,0.543079555034637,0.047510745729741,86.8271025628262
0,84.1223328978331,-3.54501342773437,-22.09348487854,0,11.4281193348557,0.533087295659222,0,-5.384036391496439,-25.222423516466176,-2.0257678031921387,-1.8291479045987338,-19.174087982135003,-2.3947741985321045,-3.3863066506482635,3.6293611643306503,2.61023174922725,0.551002621650696,0.0481622660254235,86.9414553560878
0,84.2367873277211,-3.64642643928528,-22.0404262542725,0,11.4384857154932,0.535598178791632,0,-5.473688049471987,-25.189176788203238,-2.0400390625,-1.9410653934832958,-19.101735661979586,-2.449084520339966,-3.397669597499103,3.64053772360502,2.61577450435421,0.557827234268189,0.048714203228496,87.0559097859758
0,84.3513479849931,-3.74823760986328,-21.9879035949707,0,11.4490958939257,0.538297262611566,0,-5.563058176902252,-25.156034463693093,-2.0513598918914795,-2.0533510298459214,-19.029141395191743,-2.4907422065734863,-3.4098261354449946,3.6511131031370914,2.62138592403194,0.564730167388916,0.0492708787753955,87.1704704432478
0,84.4660179774846,-3.8504490852356,-21.9359226226807,0,11.4600569178923,0.540411123230537,0,-5.652163932105197,-25.12299017988627,-2.062642812728882,-2.16601028175599,-18.956305580619112,-2.534055233001709,-3.422784217564944,3.6610894558345075,2.62706314723751,0.571145117282867,0.0497825754728101,87.2851404357393
0,84.580799441899,-3.95306181907654,-21.8844890594482,0,11.47138173202,0.541994435271692,0,-5.741021828827879,-25.090037812768188,-2.0737109184265137,-2.2790463814433903,-18.883226128578926,-2.5768163204193115,-3.436554504972113,3.670469153443649,2.63280331294796,0.577106773853302,0.050252333825,87.3999219001536
0,84.6956973483384,-4.056077003479,-21.8336029052734,0,11.4831494171695,0.543074002349551,0,-5.829661491829211,-25.05716637619166,-2.0835838317871094,-2.3924570373021083,-18.80990452062719,-2.6101293563842773,-3.4511423200404967,3.6792612557896818,2.63860069911739,0.582662165164948,0.0506839746157693,87.5148198065931
0,84.8107137314048,-4.15949535369873,-21.7832698822021,0,11.4952171814633,0.543723223127188,0,-5.918099814215617,-25.024369605459178,-2.0916247367858887,-2.5062456819376933,-18.73633853753541,-2.6409595012664795,-3.466558105136899,3.687467567945108,2.64445244472286,0.587811946868897,0.0510782430056638,87.6298361896594
0,84.925851498619,-4.26331663131714,-21.733491897583,0,11.5073767059826,0.544027006296887,0,-6.006364882155727,-24.99163708499966,-2.09965443611145,-2.6204084050004837,-18.662530707400467,-2.6721997261047363,-3.4828077856388027,3.6950950281471506,2.65035282771846,0.592549085617065,0.0514355285949246,87.7449739568736
0,85.0411112976412,-4.36753988265991,-21.6842746734619,0,11.5196880515732,0.544006902150387,0,-6.094469370972922,-24.958964114252712,-2.107666015625,-2.7349504932090123,-18.588477612283363,-2.7100720405578613,-3.499901078394834,3.7021448366091625,2.65629994075557,0.596916556358337,0.0517593938672244,87.8602337558958
0,85.1564958279714,-4.47216367721558,-21.6356182098389,0,11.5321613343419,0.543690252503667,0,-6.1824382970439,-24.926341416059426,-2.1190783977508545,-2.849870859023583,-18.51417995529403,-2.750871419906616,-3.5178417765575323,3.7086248792763077,2.6622890154626,0.600944399833679,0.0520524846026018,87.9756182862261
0,85.2720034345321,-4.57718706130981,-21.5875339508057,0,11.5447275449283,0.543121847617805,0,-6.270288929666786,-24.89376258621406,-2.13114857673645,-2.9651671510660154,-18.43963925663203,-2.7886645793914795,-3.536643775761018,3.7145311583331897,2.66831623714229,0.604645967483521,0.0523163463587865,88.0911258927867
0,85.3876373292583,-4.68260908126831,-21.5400218963623,0,11.5573525239318,0.542336255923586,0,-6.358040396858153,-24.86122053121736,-2.143205404281616,-3.0808444086851106,-18.36485225828643,-2.8265979290008545,-3.556311614143848,3.7198696839300993,2.67437874477169,0.608039975166321,0.052552833401115,88.206759787513
0,85.5033973150581,-4.7884259223938,-21.4930839538574,0,11.5700148104366,0.541361984248548,0,-6.445708675075336,-24.828709306474245,-2.1553306579589844,-3.196904812678128,-18.28981755034067,-2.8651111125946045,-3.5768498842654304,3.7246453006099705,2.68047367732784,0.611147105693817,0.0527639088016916,88.3225197733128
0,85.619284391965,-4.89463758468628,-21.4467277526855,0,11.5827074478328,0.54022372772163,0,-6.533307344402136,-24.796223891714803,-2.1654624938964844,-3.3133542236156592,-18.214531343852197,-2.9011621475219727,-3.5982705141878513,3.7288554499711335,2.68659912746212,0.613987982273102,0.0529514585700666,88.4384068502196
0,85.7352960423232,-5.00123929977417,-21.4009590148926,0,11.5953377284454,0.538963174202838,0,-6.620853637911923,-24.763757900197195,-2.175546884536743,-3.4301899334150745,-18.138995389635095,-2.9367222785949707,-3.620580451259217,3.732501432994664,2.69275128047725,0.616566479206085,0.0531163066928914,88.5544185005779
0,85.8514358086945,-5.10823202133179,-21.3557815551758,0,11.6078737694563,0.537607885718242,0,-6.708367210891592,-24.731304042882087,-2.1856274604797363,-3.547417195432052,-18.063206291319922,-2.972698926925659,-3.643788521429863,3.735583580898496,2.6989272753503,0.618897616863251,0.053259962116689,88.6705582669491
0,85.9676968698096,-5.21560621261597,-21.3112010955811,0,11.6203659904369,0.536160784227344,0,-6.795851440528443,-24.698861067360838,-2.1956896781921387,-3.6650384884108442,-17.98716244636314,-3.0117015838623047,-3.667900381531842,3.738103137252747,2.70512615840694,0.621012687683106,0.0533849546639558,88.7868193280642
0,86.0840812496422,-5.32336187362671,-21.2672233581543,0,11.632838801935,0.534629821075936,0,-6.883321284649647,-24.666423426617452,-2.2056920528411865,-3.783060771309911,-17.91085935569876,-3.0491795539855957,-3.6929265904940096,3.7400580837039055,2.71134602229854,0.622934341430664,0.053493176650063,88.9032037078969
0,86.2005924745688,-5.43149900436401,-21.2238502502441,0,11.6453041131766,0.533024997307335,0,-6.970800035523391,-24.63398248286099,-3.7922019958496094,-3.901486438684096,-17.834295471212897,-3.075392961502075,-3.7188734922274125,3.7414501878898476,2.71758305232784,0.624680578708649,0.0535861693171444,89.0197149328234
0,86.3172255923907,-5.54000997543335,-21.1810874938965,0,11.6576039083556,0.53139821207633,0,-7.05828292195571,-24.60154000545868,-3.7869811058044434,-4.0203287119802,-17.757462245051457,-3.101654052734375,-3.745749722955317,3.7422784669227553,2.72383915584346,0.626233458518982,0.053663158822929,89.1363480506453
0,86.4339801297078,-5.64889192581177,-21.1389408111572,0,11.6696777826793,0.529776103624717,0,-7.145792831299411,-24.569087506779894,-3.7815868854522705,-4.139583508572758,-17.680362316690083,0.2680895924568176,-3.7735629186140485,3.7425417398261565,2.73010956447383,0.627599060535431,0.05372499101366,89.2531025879624
0,86.5508532172733,-5.75814008712769,-21.0974178314209,0,11.6815590877645,0.528160234792446,0,-7.233350401699514,-24.536617333298544,-3.775397777557373,-4.259244363451204,-17.60299986585039,0.2629626393318176,-3.802321042278991,3.742237123157022,2.73638950984737,0.628800094127655,0.053773504638415,89.3699756755279
0,86.6678425117214,-5.86774873733521,-21.0565223693848,0,11.6931895391279,0.526573156595738,0,-7.320943463738267,-24.504133997966555,-3.769709348678589,-4.379336214709671,-17.525358769698535,0.2578173875808716,-3.832034473391098,3.741363502037431,2.74268376033565,0.629840314388275,0.0538093262022692,89.486964969976
0,86.7849465806732,-5.97771310806274,-21.0162582397461,0,11.7046228752615,0.52500915723403,0,-7.408600922752929,-24.47162678142167,-3.760728597640991,-4.499847752153031,-17.447446340437118,0.252655029296875,-3.8627068724985487,3.7399213490433203,2.74898564021846,0.630745708942413,0.0538344681917186,89.6040690389278
0,86.902164462943,-6.08802890777588,-20.9766292572021,0,11.7158752797169,0.523469649876071,0,-7.4963153136248755,-24.439098452056104,-3.748771905899048,-4.620802354879122,-17.36924746314565,0.24747313559055328,-3.8943493892581356,3.737908977785846,2.75529896419307,0.631531000137329,0.0538501437964708,89.7212869211976
0,87.0194926066989,-6.19869041442871,-20.9376430511475,0,11.7268790107779,0.521975673892427,0,-7.584130161686755,-24.40653286877441,-3.7347095012664795,-4.742170448069075,-17.290781258366717,0.24227294325828552,-3.926964648179117,3.735323260457933,2.76161228816768,0.632194936275482,0.0538565804152007,89.8386150649536
0,87.1369278887745,-6.30969095230103,-20.8993034362793,0,11.7376049075705,0.520539680212924,0,-7.671995995913933,-24.37394837759446,-3.727576732635498,-4.8666938903127335,-17.2188484124374,0.23885130882263184,-3.953225228016985,3.7321619069997727,2.76794087093135,0.632743120193481,0.0538544122388324,89.9560503470292
0,87.2544694580283,-6.4210262298584,-20.8616142272949,0,11.7481165542427,0.519149334942177,0,-7.759959049127221,-24.341327833365867,-3.72009015083313,-4.993173790498179,-17.150810003811426,0.23635008931159973,-3.976032013655037,3.728424315282605,2.77427326839229,0.633200228214264,0.0538454727039535,90.073591916283
0,87.3721139336648,-6.53269052505493,-20.8245830535889,0,11.7585199822498,0.517781957653675,0,-7.848036288789426,-24.308664943811923,-3.711660146713257,-5.119978191075354,-17.082597033929318,0.23384642601013184,-3.9997769325183343,3.724105408813548,2.78060566585323,0.633594632148743,0.0538317101035923,90.1912363919195
0,87.4898621943415,-6.64468002319336,-20.7882099151611,0,11.7688634029465,0.516426880969627,0,-7.9362356062147,-24.275956782488482,-3.701627016067505,-5.247118881468866,-17.01420316080561,0.2313207983970642,-4.02446320976837,3.719206102730199,2.78693806331417,0.633941650390625,0.0538142192831317,90.3089846525961
0,87.6077131435633,-6.75698947906494,-20.7524967193604,0,11.7791680405097,0.515079172525674,0,-8.024553034851603,-24.24320482036616,-3.692521810531616,-5.3746162413908065,-16.945617421408418,0.22880737483501434,-4.050097005926284,3.713725947668427,2.79327332179805,0.634250044822693,0.0537936571373847,90.4268356018179
0,87.7256651199359,-6.86961603164673,-20.7174549102783,0,11.7892360113668,0.514445992557807,0,-8.112947316018639,-24.210424357967106,-3.675198793411255,-5.502528292479607,-16.876808603664205,0.22627684473991394,-4.0767012325027645,3.707655356850924,2.79962479274532,0.635077297687531,0.0538180343606919,90.5447875781905
0,87.8437159241016,-6.98255491256714,-20.6830921173096,0,11.7990284203372,0.514394957774824,0,-8.201466614954208,-24.17759753351605,-3.6552281379699707,-5.630820154722996,-16.807795470874687,0.22373656928539276,-4.104279590066159,3.700988225070753,2.80598007838985,0.636364817619324,0.0538824811671255,90.6628383823562
0,87.9618633693607,-7.09580183029175,-20.6494178771973,0,11.8085452091165,0.514819595665283,0,-8.290076218638896,-24.144737220117584,-3.6347837448120117,-5.759543625154084,-16.738550159421226,0.22119994461536407,-4.132852803662475,3.6937174531431918,2.81235062282344,0.638064026832581,0.0539828140719655,90.7809858276154
0,88.0801043436276,-7.20935249328613,-20.6164455413818,0,11.8177883922889,0.515629958164888,0,-8.378760579383025,-24.111849183534503,-3.6255955696105957,-5.888729813306413,-16.6690559342878,0.1909155249595642,-4.162442669043086,3.6858325916138917,2.818742148092,0.640130519866943,0.0541152076418864,90.8992268018823
0,88.198438149366,-7.32320165634155,-20.5841770172119,0,11.8267660838208,0.516748646660198,0,-8.467523585094977,-24.078931981960466,-3.616986036300659,-6.018395488083572,-16.599303774835462,0.13014526665210724,-4.193057821510665,3.6773339446208464,2.82515560786983,0.642524182796478,0.0542761847468339,91.0175606076206
0,88.3168600677019,-7.43734359741211,-20.5526275634766,0,11.8354849884475,0.518108387418166,0,-8.55635841738059,-24.045988143954006,-3.6087732315063477,-6.148560959047089,-16.52928275576901,0.08564575016498566,-4.224720597940027,3.6682096876463475,2.83159386317989,0.645207583904266,0.0544625131950298,91.1359825259565
0,88.435369487121,-7.55177402496338,-20.5218029022217,0,11.843952405372,0.519650185085579,0,-8.645259418669738,-24.013019767589363,-3.599970579147339,-6.279254886262133,-16.458977459735785,0.049089353531599045,-4.257447067724018,3.6584567111388306,2.83806072871944,0.648145914077759,0.0546711902730156,91.2544919453756
0,88.5539611905536,-7.66648530960083,-20.4917144775391,0,11.8521753299833,0.521322222281004,0,-8.734229755713182,-23.980025678496965,-3.588043212890625,-6.410487788877862,-16.388382228080395,0.013759765774011612,-4.291254516048901,3.6480670548842524,2.84455620448848,0.651306688785553,0.0548994203983417,91.3730836488083
0,88.6726362045651,-7.78147268295288,-20.4623603820801,0,11.8603312745889,0.522626413512608,0,-8.823262782598182,-23.947008341271694,-3.5718419551849365,-6.542295150836513,-16.31747797262395,-0.021141357719898224,-4.326154313512292,3.6370452308456533,2.8510850588586,0.654306590557098,0.0551141663186335,91.4917586628197
0,88.7913936432192,-7.89673089981079,-20.433744430542,0,11.8684784020199,0.523609552695907,0,-8.914221030165288,-23.920233506329236,-3.5565855503082275,-6.6746666507517505,-16.2462702456376,-0.05968993902206421,-4.3621532616437255,3.6319267945475655,2.85764061610958,0.657158255577087,0.0553162443735933,91.6105161014739
0,88.9102308683808,-8.01225471496582,-20.4058780670166,0,11.8762942969612,0.525174792248663,0,-9.005391509346811,-23.894221599095413,-3.5208396911621094,-6.807642441800644,-16.174737447181233,-0.10684936493635178,-4.3992774035608395,3.626963094677065,2.86422955196163,0.660545885562897,0.0555645543769389,91.7293533266354
0,89.0291436008914,-8.12803745269775,-20.3787746429443,0,11.8836252950355,0.527145230121638,0,-9.09654468661904,-23.868214628280302,-3.461509943008423,-6.94124351043304,-16.102868287835356,-0.1528588831424713,-4.437550565239484,3.6213530169564505,2.87085377376339,0.664335906505585,0.0558485513028077,91.8482660591461
0,89.1481312029274,-8.24407291412354,-20.3524341583252,0,11.8904222760921,0.529376588052081,0,-9.187678779724964,-23.842213102380786,-3.403062582015991,-7.075499253361638,-16.030646953976248,-0.18099364638328552,-4.476986602649241,3.615100151859024,2.8775161425378,0.668428063392639,0.0561600396687211,91.967253661182
0,89.267182663908,-8.36035060882568,-20.3268852233887,0,11.8966616989861,0.531751748455523,0,-9.278777842711678,-23.816221570946794,-3.341219425201416,-7.210433518819982,-15.958060616720765,-0.2067541480064392,-4.51762523431442,3.6081819148060625,2.88422047298214,0.672736346721649,0.0564919259287793,92.0863051221627
0,89.3862955630792,-8.47686100006104,-20.3021221160889,0,11.9022716431133,0.534190862886412,0,-9.369839180523442,-23.790240802906393,-3.3268284797668457,-7.3460764880666884,-15.88509304040772,-0.22083128988742828,-4.559475788726073,3.6006085602446896,2.89096962611934,0.677173852920532,0.0568372888817738,92.2054180213338
0,89.5054608418966,-8.59359264373779,-20.2781620025635,0,11.9066735089504,0.536758262133594,0,-9.460866202489594,-23.764269825541664,-3.318345785140991,-7.482436549085741,-15.81173971281753,-0.22886596620082855,-4.602564061153526,3.592368463721332,2.8977626482751,0.68156224489212,0.0571839604577855,92.3245833001512
0,89.6246603622788,-8.71052265167236,-20.255012512207,0,11.9092484691023,0.539540547719004,0,-9.551857534626263,-23.73830903086482,-3.2908105850219727,-7.619510657262115,-15.738002271765861,-2.991595506668091,-4.646900976370932,3.5834618767567137,2.90459763210079,0.685752093791962,0.0575224733913942,92.4437828205334
0,89.7438772901652,-8.82763195037842,-20.2326946258545,0,11.9094236155217,0.542598632140002,0,-9.642809292575116,-23.7123595271246,-3.263427734375,-7.7573006178224215,-15.663879746151805,-2.9608654975891113,-4.692513033167179,3.5738749172798334,2.91147362392208,0.689644992351532,0.0578474962582664,92.5629997484198
0,89.8630847672632,-8.9448881149292,-20.2112140655518,0,11.9066105669429,0.545974279344302,0,-9.733715377738035,-23.6864230543159,-3.2474803924560547,-7.8957918599315535,-15.589379974188637,-2.9267284870147705,-4.7394043212556625,3.563611365754867,2.91838776271602,0.693190634250641,0.0581578617318385,92.6822072255178
0,89.9822504702667,-9.062255859375,-20.1905918121338,0,11.9005350316749,0.549623863904174,0,-9.824567079923634,-23.660502097548946,-3.2533581256866455,-8.034959861943015,-15.514516147014252,-2.8747973442077637,-4.787590280325062,3.5526603814330704,2.92533623378536,0.696426749229431,0.0584583114825371,92.8013729285214
0,90.1013411562767,-9.17969703674316,-20.1708393096924,0,11.8912602753922,0.553450817226431,0,-9.915358454687698,-23.63459835283689,-3.259230852127075,-8.18052124271673,-15.466359629461243,-2.8179333209991455,-4.809415903108839,3.5410202528109593,2.9323142687585,0.699440836906433,0.0587561350440316,92.9204636145313
0,90.2203274662644,-9.2971773147583,-20.1519680023193,0,11.8787507740885,0.557370490342739,0,-10.00708082857397,-23.613658499952187,-3.272371768951416,-8.3292730881081,-15.432192992325891,-2.7553417682647705,-4.817999038701192,3.5337323187148253,2.93932282130977,0.702306747436523,0.0590579701137425,93.039449924519
0,90.3391764137144,-9.41465854644775,-20.1339893341064,0,11.8635246703461,0.561281992592635,0,-10.099994624796059,-23.599613742297606,-3.2904748916625977,-8.478106085106615,-15.39800771557295,-2.687998056411743,-4.827696386883795,3.532738042784448,2.94635903041622,0.705113232135773,0.0593689832244529,93.158298871969
0,90.4578666339726,-9.53211307525635,-20.116907119751,0,11.8466995805966,0.56509069867362,0,-10.192629177074366,-23.585611194881725,-3.3085217475891113,-8.627019667757772,-15.363803929195841,-2.611246347427368,-4.838510516301792,3.5310323535177863,2.95342384975216,0.707922339439392,0.0596890579657646,93.2769890922272
0,90.5763852844869,-9.64952182769775,-20.1007251739502,0,11.8289889246931,0.568753187628747,0,-10.284988175553721,-23.571650299905894,-3.325113534927368,-8.77600821657147,-15.329582923928667,-2.5436363220214844,-4.850445793817657,3.5286171100372963,2.96051537196895,0.710739850997925,0.0600152497321815,93.3955077427416
0,90.6947254964599,-9.76687145233154,-20.0854454040527,0,11.8107059320767,0.572250858327116,0,-10.37706133441985,-23.557732612163644,-3.320732355117798,-8.925099252642818,-15.295338378483326,-2.484156370162964,-4.863507556545775,3.5254943125487874,2.96763741176387,0.713552713394165,0.0603449638602491,93.5138479547146
0,90.8128835055506,-9.88415145874023,-20.0710678100586,0,11.7919857257941,0.575576537682031,0,-10.46887482341219,-23.543854175863004,-3.3163633346557617,-9.074278431843323,-15.261073587545889,-2.505335569381714,-4.877698098519508,3.5216681495720534,2.97478424709102,0.716346144676209,0.0606763217845224,93.6320059638053
0,90.9308534358279,-10.0013494491577,-20.0575942993164,0,11.7728914544002,0.578730729158792,0,-10.56040947294069,-23.530017888660275,-3.299247980117798,-9.223588389264822,-15.226778758312053,-2.485724925994873,-4.893024735017677,3.51713998783444,2.98196255367061,0.719107747077942,0.0610079910657867,93.7499758940825
0,91.0486325012608,-10.1184558868408,-20.0450248718262,0,11.7534449623072,0.581718872688638,0,-10.651695782310725,-23.516219140310582,-3.281633138656616,-9.373011499740802,-15.19245793908567,-2.5334668159484863,-4.909490113136569,3.511913215852521,2.98916565578243,0.72182834148407,0.0613391110279813,93.8677549595155
0,91.1662183030354,-10.2354612350464,-20.0333557128906,0,11.7336556165063,0.584547480063246,0,-10.742728340089151,-23.502458748800816,-3.2657835483551025,-9.522580974649685,-15.15810350158413,-2.5812535285949707,-4.927096750573497,3.5059942654858878,2.99639736812374,0.724500119686127,0.0616689945959408,93.98534076129
0,91.2836054183914,-10.3523540496826,-20.0225944519043,0,11.713525099322,0.58722372548498,0,-10.836038722892427,-23.506867997328417,-3.2740063667297363,-9.672294795989274,-15.123715909319992,-2.611551523208618,-4.945855999069006,3.5176857452649806,3.00365482967159,0.72711569070816,0.0619970247470594,94.102727876646
0,91.4007917908997,-10.4691247940063,-20.0127334594727,0,11.6930560137917,0.589755201127276,0,-10.93264426485246,-23.54014152563981,-3.2860448360443115,-9.822159606352974,-15.08929363656376,-2.6395397186279297,-4.965765161970602,3.5577321379095292,3.01093613307735,0.729668736457825,0.0623226663021805,94.2199142491543
0,91.5177736717379,-10.5857629776001,-20.0037727355957,0,11.6722471306352,0.592149497357589,0,-11.028271109102992,-23.57307796432586,-3.2834789752960205,-9.972212693992642,-15.05482811862054,-2.664896249771118,-4.9868323385093065,3.596630820961008,3.0182460467126,0.732153654098511,0.0626454612974418,94.3368961299925
0,91.6345458503301,-10.7022571563721,-19.995719909668,0,11.6510972077909,0.594414213737686,0,-11.12295248218336,-23.605688757493965,-3.2809338569641113,-10.12494368817886,-15.041817387482702,-2.6862781047821045,-4.98742829922107,3.63439948814565,3.02557884853145,0.734565556049347,0.0629650094621494,94.4536683085848
0,91.7511082856809,-10.8185997009277,-19.9885635375977,0,11.6296068916093,0.596557140919139,0,-11.216706422624092,-23.63798011809572,-3.2783164978027344,-10.278207928117734,-15.03482980696903,-2.6962132453918457,-4.983121626258877,3.671066648792107,3.03293453853389,0.736900448799133,0.0632809735999004,94.5702307439355
0,91.8674540641235,-10.9347772598267,-19.9823093414307,0,11.6077749166823,0.598585890487426,0,-11.309754632717382,-23.67204165180664,-3.277134895324707,-10.43126929818227,-15.027851475642132,-2.698140859603882,-4.979977209919091,3.7087373258849405,3.04031311671993,0.73915445804596,0.0635930340052152,94.6865765223781
0,91.983580585719,-11.0507802963257,-19.9769554138184,0,11.585597152135,0.600507884389003,0,-11.403619177382618,-23.724426263643736,-3.277414560317993,-10.584146762917406,-15.020881528875758,-2.6974937915802,-4.977993090343893,3.7640447720870873,3.04771553676387,0.741324186325073,0.0639009248655555,94.8027030439736
0,92.0994880933165,-11.1666021347046,-19.9724998474121,0,11.5630732669568,0.602330739466246,0,-11.4962617284681,-23.776128896363247,-3.2812304496765137,-10.736843225063414,-15.013919834328984,-2.6902501583099365,-4.977168719921329,3.8178880797877417,3.05513893764278,0.743407070636749,0.0642044289279478,94.9186105515711
0,92.2151662153217,-11.2822256088257,-19.9689445495605,0,11.5402057937448,0.604061919066248,0,-11.587700206109776,-23.82715955096576,-3.285822629928589,-10.889360435876425,-15.006966312159028,-2.6821446418762207,-4.977506511553982,3.8702891011724763,3.06258236568233,0.745400846004486,0.0645033362908009,95.0342886735763
0,92.3306172654744,-11.3976459503174,-19.9662818908691,0,11.5169925014221,0.605708507862312,0,-11.677962090790915,-23.877533563960437,-3.2918968200683594,-11.04171811329349,-15.000020063391199,-2.670292854309082,-4.979000016492536,3.921283818964108,3.07004582088253,0.747303426265717,0.0647974765759606,95.149739723729
0,92.4458337074928,-11.5128488540649,-19.9645156860352,0,11.4934302100589,0.607277320297803,0,-11.767071264606074,-23.927264263641337,-3.2976255416870117,-11.193916158372529,-14.993081092536437,-2.6584203243255615,-4.981654341864538,3.9708947761607636,3.07752739589473,0.749113202095032,0.0650867242002475,95.2649561657475
0,92.5608158162401,-11.6278276443481,-19.9636421203613,0,11.4695930117741,0.608812600862174,0,-11.855055946400308,-23.976367398587968,-3.302978515625,-11.345967493237394,-14.986148810452871,-2.644826650619507,-4.98546735973342,4.019153749208012,3.08502613704464,0.750857472419739,0.065373018326389,95.3799382744947
0,92.6755600042267,-11.7425718307495,-19.9636611938477,0,11.4455558705936,0.610359411935655,0,-11.941935720203427,-24.02485389839897,-3.3099632263183594,-11.497885813966073,-14.979222592712734,-2.631507396697998,-4.990440803705984,4.066083145229407,3.09254204433223,0.752567172050476,0.0656586177178218,95.4946824624814
0,92.7900636645546,-11.8570718765259,-19.9645709991455,0,11.4213743847542,0.611949176638279,0,-12.02772677302581,-24.072732796839528,-3.355888605117798,-11.649690748652338,-14.972301544437443,-2.615488290786743,-4.996574950964831,4.111704810626854,3.10007607143184,0.754265367984772,0.0659452197162146,95.6091861228092
0,92.9043279446282,-11.9713220596313,-19.966365814209,0,11.3970856291176,0.613602040205899,0,-12.112456801676954,-24.120019551147724,-3.395070791244507,-11.801396452195732,-14.965385020280761,-2.5992345809936523,-5.003866866064828,4.156050815593733,3.10762726466915,0.755968272686005,0.0662340403816238,95.7234504028828
0,93.0183483621742,-12.0853109359741,-19.9690475463867,0,11.3727166047342,0.615329789061486,0,-12.196117792071313,-24.165774221782574,-3.431871175765991,-11.95346046158436,-14.97530959077169,-2.5847716331481934,-4.995478287105929,4.198189246250989,3.11519562404415,0.757686972618103,0.0665259135364158,95.8374708204288
0,93.1321272618598,-12.1990337371826,-19.972620010376,0,11.3482850403551,0.617138846743055,0,-12.278643436610624,-24.204089673888102,-3.472317934036255,-12.105393837825147,-14.995407481347172,-2.5709495544433594,-4.978093308674842,4.232218474685142,3.12278114955684,0.759429037570953,0.0668214240401332,95.9512497201144
0,93.2456619871177,-12.3124809265137,-19.9770774841309,0,11.3238069428171,0.619032037729365,0,-12.360287598608773,-24.241995866517062,-3.512324094772339,-12.256864580447573,-15.015444174310462,-2.556109666824341,-4.9619450096781055,4.265186313200423,3.13038384120723,0.761199474334717,0.067120945278941,96.0647844453723
0,93.3589528373139,-12.4256458282471,-19.9824180603027,0,11.2992927444857,0.621009255912608,0,-12.441063825095862,-24.279499089357774,-3.5391783714294434,-12.40789592832989,-15.03542274372233,-2.540799617767334,-4.947027159943148,4.297108688978189,3.13800465266964,0.763001382350922,0.0674247177746121,96.1780752955685
0,93.4719992718242,-12.5385208129883,-19.9886417388916,0,11.2747491476299,0.623068724955218,0,-12.520988431571848,-24.316606917458714,-3.5628111362457275,-12.558505361777122,-15.055345501894049,-2.5256919860839844,-4.933336715060559,4.328000689843704,3.145643583944046,0.764836490154266,0.0677328845476573,96.2911217300789
0,93.5848025887463,-12.6511001586914,-19.9957466125488,0,11.2501800596883,0.625207397517027,0,-12.600079349196056,-24.353327675995402,-3.5861949920654297,-12.708712283761507,-15.075215015469116,-2.5096936225891113,-4.92086886177783,4.357879742203768,3.1533006350304764,0.766705572605133,0.0680455218258413,96.403925047001
0,93.6973604251032,-12.7633743286133,-20.0037326812744,0,11.2255922728037,0.627421910280198,0,-12.678346284834886,-24.38966587172422,-3.610943555831909,-12.858536984068746,-15.095033968399557,-2.4956347942352295,-4.90962106325656,4.38675731256222,3.1609767596032263,0.768608748912811,0.0683626304132118,96.5164828833578
0,93.8096750830823,-12.8753385543823,-20.0125980377197,0,11.2009926007086,0.629708559064444,0,-12.755807502070855,-24.425629984159922,-3.622711181640625,-13.007999807846288,-15.114805051960703,-2.4865074157714844,-4.899589282737961,4.414650454200043,3.168671957662306,0.770545542240143,0.0686841572734557,96.6287975413369
0,93.9217452401003,-12.9869842529297,-20.0223426818848,0,11.1764488635507,0.63209970789001,0,-12.832473084212602,-24.46122469483553,-3.6372973918914795,-13.157122022073002,-15.134531079368612,-2.4761619567871094,-4.890771832970838,4.441570355871427,3.1763871828820363,0.772543728351593,0.0690121839731254,96.7408676983549
0,94.0335723051382,-13.0983057022095,-20.0329647064209,0,11.1520569283494,0.634637703849037,0,-12.908359778894933,-24.496457779433403,-3.6517345905303955,-13.305923071408753,-15.154214622781268,-2.459632396697998,-4.883165709927006,4.46753286127975,3.184122435262406,0.774640381336212,0.0693494567306818,96.8526947633928
0,94.1451597950145,-13.2092990875244,-20.0444641113281,0,11.1278879078534,0.637345788619305,0,-12.983481816513542,-24.531335844918544,-3.666027784347534,-13.454429055418501,-15.173859134673783,-2.4430456161499023,-4.8767695803440985,4.492550655649829,3.1918786684777363,0.776860415935516,0.069697803236758,96.9642822532691
0,94.2565072799107,-13.31995677948,-20.0568389892578,0,11.1039907640937,0.640233138298667,0,-13.0578493245709,-24.565863593342513,-3.6902477741241455,-13.60266224666896,-15.19346756128233,-2.430814266204834,-4.8715812656289215,4.516636270296762,3.199656836202346,0.779219567775726,0.0700583755533445,97.0756297381653
0,94.3676195405527,-13.4302759170532,-20.0700912475586,0,11.0804044763678,0.643299567619103,0,-13.131455983158695,-24.600038090464135,-3.7151074409484863,-13.750096449988083,-15.221786803531053,-2.421002149581909,-4.8588415445725355,4.539792038457548,3.207462660482136,0.781726896762848,0.0704317925237822,97.1867419988073
0,94.4785012165061,-13.5402536392212,-20.0842208862305,0,11.0571560267906,0.646537599894882,0,-13.204337150154855,-24.63387575243,-3.7374157905578613,-13.895711346143893,-15.269899652629087,-2.411015510559082,-4.827425724101426,4.5620389398995105,3.215292326619826,0.784386277198792,0.0708182819083608,97.2976236747608
0,94.5891541682332,-13.649884223938,-20.0992279052734,0,11.0342027810669,0.649905361761986,0,-13.276495769315769,-24.667377945983233,-3.7590818405151367,-14.040704857294484,-15.317807188920689,-2.400193929672241,-4.797366447773613,4.583384528106107,3.223148695638386,0.78717440366745,0.0712160691156672,97.4082766264878
0,94.6995781598546,-13.7591600418091,-20.1151103973389,0,11.011446303399,0.653336406525167,0,-13.34793254145549,-24.700544996501563,-3.7869200706481934,-14.185109233010913,-15.365520068037851,-2.4337596893310547,-4.768651906951851,4.603837369004811,3.2310346285607463,0.790046811103821,0.0716218226306611,97.5187006181092
0,94.8097789277882,-13.8680791854858,-20.1318683624268,0,10.9888194701069,0.656785589480452,0,-13.41867052024134,-24.73338760746621,-3.81632924079895,-14.32894440242186,-15.41304487479563,-2.4951133728027344,-4.741275340623145,4.62341297213053,3.238949171712606,0.79297149181366,0.072033116971717,97.6289013860429
0,94.9197588024174,-13.9766359329224,-20.1495037078857,0,10.9662809329296,0.660225154795535,0,-13.488720667493748,-24.76591086829038,-3.845449209213257,-14.47223566980418,-15.46038997002033,-2.5561609268188477,-4.715231356554525,4.642119815006278,3.2468932787682663,0.79592752456665,0.0724483497977396,97.7388812606721
0,95.0295133038224,-14.0848188400269,-20.1680107116699,0,10.9438068678431,0.663638442677899,0,-13.558091842419255,-24.798118892174354,-3.8739452362060547,-14.61499762283099,-15.50756017364819,-2.6155760288238525,-4.690510500903123,4.6599724348093545,3.2548669497277363,0.798900842666626,0.0728664167411749,97.848635762077
0,95.1390539353522,-14.1926317214966,-20.1873893737793,0,10.9213806924069,0.667015809500511,0,-13.626812050927022,-24.830024681852944,-3.9023876190185547,-14.757255818057764,-15.554563929861297,-2.671363353729248,-4.667105308885965,4.676987759592227,3.2628692309167064,0.801881968975067,0.0732865764724094,97.9581763936068
0,95.2483639912836,-14.3000507354736,-20.207633972168,0,10.8989941736497,0.670351915692323,0,-13.694865263822816,-24.861620795205248,-3.9305992126464844,-14.89902579246838,-15.601406372259165,-2.7256603240966797,-4.645008484498582,4.693169803459226,3.2709029833581162,0.804864227771759,0.0737082828239601,98.0674864495382
0,95.3574553921341,-14.4070796966553,-20.2287464141846,0,10.8766408258008,0.673644199084912,0,-13.762292180353707,-24.892926128297585,-3.9584789276123047,-15.040320503049909,-15.64809178198047,-2.7768750190734863,-4.624217855855888,4.7085372831402195,3.278964392354696,0.80784273147583,0.074131137590294,98.1765778503887
0,95.4663248051888,-14.5137071609497,-20.2507266998291,0,10.8544023175242,0.676932176537143,0,-13.829080466573654,-24.923934954658847,-3.9860973358154297,-15.181176636177682,-15.694632280628753,-2.8280138969421387,-4.604727120799851,4.723091053924447,3.2870582262780363,0.810845017433167,0.0745571007257419,98.2854472634434
0,95.574974858852,-14.6199293136597,-20.273567199707,0,10.832393149211,0.680264181314834,0,-13.895262119957302,-24.954662130249435,-4.013157844543457,-15.32159879571475,-15.741029389373711,-2.8784070014953613,-4.58652799666025,4.736854683265954,3.295180670430866,0.813907742500305,0.0749887443619666,98.3940973171066
0,95.6834096292281,-14.7257413864136,-20.2972717285156,0,10.8106887238092,0.683655910270801,0,-13.960839825134343,-24.98510890150373,-4.036707878112793,-15.461621998279753,-15.787294678111923,-2.9286155700683594,-4.569618503779977,4.749830708446015,3.303334585836136,0.817045748233795,0.07542691367933,98.5025320874827
0,95.7916320632618,-14.8311386108398,-20.3218383789063,0,10.7893431328701,0.687097263002321,0,-14.025851773955251,-25.015117554236884,-4.061453819274902,-15.59952948373275,-15.84359197391806,-2.9803807735443115,-4.54368962378982,4.761864793046024,3.3115209261681664,0.820254623889923,0.0758708270570705,98.6107545215164
0,95.8996446855637,-14.9361162185669,-20.3472633361816,0,10.7684040502578,0.690559368507061,0,-14.090583462225531,-25.043261770265172,-4.088196754455566,-15.736626209398798,-15.901316523096638,-3.0326879024505615,-4.517439463922238,4.7715120176901555,3.319737784078326,0.823515295982361,0.076318381936252,98.7187671438184
0,96.0074532500839,-15.0406703948975,-20.3735523223877,0,10.7479048835524,0.693998373616171,0,-14.154772705295832,-25.071170140523027,-4.114717960357666,-15.873218630564715,-15.958828734965353,-3.0842113494873047,-4.492540586133398,4.780421307971096,3.3279880205895562,0.826795935630798,0.0767663755100848,98.8265757083386
0,96.1150622031687,-15.1447992324829,-20.4006977081299,0,10.7278816898785,0.697360320699956,0,-14.218435118365438,-25.09884945422842,-4.140992164611816,-16.00933032707339,-16.016138537812385,-3.135272264480591,-4.468978980877988,4.788609432945353,3.3362716357018662,0.830054879188538,0.0772106469047767,98.9341846614233
0,96.2224750826553,-15.2484979629517,-20.4286994934082,0,10.7083625286935,0.700583494214747,0,-14.28158911762791,-25.126307718423107,-4.166584491729736,-16.144979523957744,-16.07325360528423,-3.1860437393188477,-4.4467502823522524,4.796085461174883,3.344587675740926,0.83324122428894,0.0776462010300433,99.0415975409099
0,96.329698663783,-15.3517656326294,-20.457555770874,0,10.6893721374869,0.703600108890966,0,-14.344264763363958,-25.153558002796082,-4.190318584442139,-16.2801798383849,-16.13017967088641,-3.2385644912719727,-4.425848715014151,4.802863204775648,3.3529332796837963,0.83629697561264,0.0780673706034627,99.1488211220376
0,96.4367368324569,-15.4545993804932,-20.4872608184814,0,10.6709431654919,0.706339860170262,0,-14.406463745354245,-25.180601042034684,-4.213874340057373,-16.41496624659343,-16.186931461357243,-3.290818929672241,-4.406261124496258,4.808953187926801,3.361311308553426,0.839158177375793,0.0784678356925287,99.2558592907115
0,96.5435944839182,-15.55699634552,-20.5178127288818,0,10.6530979707869,0.708730389570994,0,-14.468231170697484,-25.207456447923573,-4.237263202667236,-16.549335010157158,-16.243507402633135,-3.3436620235443115,-4.3879861038216115,4.814370967993041,3.369715086629596,0.84175580739975,0.0788408376443779,99.3627169421728
0,96.6502796124306,-15.6589574813843,-20.5492076873779,0,10.6358580437931,0.710698980692485,0,-14.529597903354595,-25.234137639577966,-4.258846282958984,-16.683301614177868,-16.299914014713117,-3.3968052864074707,-4.371015627853277,4.819130804772654,3.3781417528893662,0.844017267227173,0.0791792501209586,99.4694020706852
0,96.7567968447606,-15.7604808807373,-20.5814399719238,0,10.6192447155204,0.712175822454791,0,-14.59057872561925,-25.26065104408293,-4.278703689575195,-16.81689024852284,-16.356161482736017,-3.444310188293457,-4.35533914449128,4.823244479638831,3.386591307332726,0.845867156982422,0.0794756461816016,99.5759193030152
0,96.8631516585269,-15.8615674972534,-20.6144981384277,0,10.6032781893123,0.713093637469415,0,-14.651210798945074,-25.287012818594356,-4.298450946807861,-16.950106905014596,-16.41225232955752,-3.488176107406616,-4.340943201703527,4.826733551120545,3.3950589815880963,0.847228527069092,0.0797224254804927,99.6822741167816
0,96.9693511029493,-15.9622182846069,-20.6483764648438,0,10.5879725832131,0.713389737146995,0,-14.711566338557613,-25.313254361040563,-4.319155216217041,-17.0829282089639,-16.468176713269358,-3.5323169231414795,-4.327824014168701,4.829618626411615,3.4035323778893662,0.848024725914001,0.0799120280394476,99.788473561204
0,97.0754012125144,-16.0624332427979,-20.683069229126,0,10.5733357918791,0.713007431049529,0,-14.771622397406562,-25.339365694441835,-4.340047359466553,-17.21541463388712,-16.523960096233612,-3.5961363315582275,-4.31596511425972,4.831903290784349,3.412020079305376,0.848179876804352,0.0800369850467858,99.894523670769
0,97.1813077942762,-16.1622142791748,-20.7185649871826,0,10.5596930778745,0.711887723992888,0,-14.83148832170101,-25.365394360634518,-4.360019207000732,-17.347507955354686,-16.57957796306575,-3.660227060317993,-4.3053611561168355,4.83361715487171,3.4205011050011764,0.847626268863678,0.0800881836753929,100.000430252531
0,97.2870870745205,-16.2615718841553,-20.7548599243164,0,10.5474539781304,0.70996659763154,0,-14.89121414997686,-25.39136211550668,-4.378747463226318,-17.479221033715614,-16.635035728613172,-3.715283155441284,-4.296000565051953,4.834773302703545,3.428969732930866,0.846303284168243,0.0800565270079823,100.106209532775
0,97.3927455315742,-16.3605155944824,-20.7919254302978,0,10.5368035618869,0.707188300914341,0,-14.950854757200355,-25.417292817742467,-4.397453308105469,-17.61054762202504,-16.690330762600986,-3.768646240234375,-4.287850147563612,4.835407650343809,3.4374173800255963,0.844154179096222,0.0799349918490059,100.211867989829
0,97.4983098502652,-16.459056854248,-20.8297863006592,0,10.5278245610209,0.703507805792819,0,-15.010424999260724,-25.443192926425006,-4.416131496429443,-17.741546244138974,-16.745487706487168,-3.8220324516296387,-4.280919765837543,4.835499451550347,3.445847860982626,0.841129541397095,0.0797180663429455,100.31743230852
0,97.6037880248976,-16.5572090148926,-20.8684101104736,0,10.5205441067876,0.698891799128,0,-15.070036207542058,-25.46911084651033,-4.434725284576416,-17.872162909401222,-16.800483827516626,-3.875600576400757,-4.275175784486007,4.835093610416636,3.4542401949669963,0.837186992168427,0.0794013866345632,100.422910483152
0,97.7091932377661,-16.6549911499023,-20.9077663421631,0,10.5149662273938,0.693318472535406,0,-15.129752806792922,-25.4950745887624,-4.453323841094971,-18.002393616715775,-16.855317441028678,-3.928863525390625,-4.270577888750025,4.83422682055869,3.4625848452355563,0.832291662693024,0.0789815474796879,100.528315696021
0,97.8145507111085,-16.7524166107178,-20.9478721618652,0,10.5110795091474,0.686777348954427,0,-15.189613164739766,-25.521100834803633,-4.47184419631958,-18.132272394787982,-16.91000287480297,-3.9819371700286865,-4.267129054086878,4.832884760238655,3.470879904439656,0.826416432857513,0.0784560738194362,100.633673169363
0,97.9198706760326,-16.8495006561279,-20.9887008666992,0,10.5088657345057,0.679269050099521,0,-15.24970346905307,-25.547227057539207,-4.490498065948486,-18.261768840725757,-16.96452732770781,-4.035921573638916,-4.264794730950814,4.831098433311707,3.4791101137902363,0.819541811943054,0.0778233485837241,100.738993134287
0,98.0251719524233,-16.9462604522705,-21.0302448272705,0,10.5082972191589,0.670802703795159,0,-15.310082369636364,-25.57347875693057,-4.509234428405762,-18.39088898909165,-17.018893340594563,-4.089487075805664,-4.2635539587362175,4.828877018283526,3.487267843892776,0.811656057834625,0.0770826461329844,100.844294410678
0,98.1304690132166,-17.0427112579346,-21.0724906921387,0,10.5093539956674,0.661396931988512,0,-15.370812887637305,-25.59988333348034,-4.528088092803955,-18.519626981198837,-17.073098446664307,-4.142534255981445,-4.263381098000252,4.826233343869436,3.495343558004106,0.802755475044251,0.07623403342143,100.949591471471
0,98.2357786374555,-17.1388721466064,-21.1154232025146,0,10.512001121867,0.651076925117802,0,-15.4319852564118,-25.626480019087595,-4.546807765960693,-18.6479560125888,-17.12713135990509,-4.195125579833984,-4.264247405626689,4.823183228767894,3.503321997335166,0.79284393787384,0.0752784899953404,101.05490109571
0,98.3411152489505,-17.2347583770752,-21.1590309143066,0,10.5162079197712,0.639873357834193,0,-15.49363610470655,-25.653284739296495,-4.563369274139404,-18.775890979599907,-17.180998352417234,-4.247241020202637,-4.266126200901313,4.819732794541048,3.5111993471886764,0.781931877136231,0.0742176669575034,101.160237707205
0,98.4464939791128,-17.3303890228271,-21.203296661377,0,10.5219423298926,0.627821956838326,0,-15.555560536114381,-25.681074434341948,-4.580096244812012,-18.903453982804457,-17.23455525005168,-4.300149917602539,-4.2691265802593685,4.816690766626595,3.5189603487755963,0.770036458969116,0.0730539401352378,101.265616437367
0,98.5519294811063,-17.4257831573486,-21.2482032775879,0,10.5291720333788,0.614961779246315,0,-15.61775122687438,-25.709948698158076,-4.596999645233154,-19.03072957263039,-17.287619286814106,-4.358047962188721,-4.273415325462707,4.814161573897708,3.5265992800500063,0.75718092918396,0.0717903337344382,101.371051939361
0,98.6574375154272,-17.5209579467773,-21.2937412261963,0,10.5378646018851,0.601333627180784,0,-15.680601860484007,-25.73912936416577,-4.614078044891357,-19.15756851450011,-17.340501275288783,-4.418509483337402,-4.278621303624947,4.811276984497613,3.5341027895714863,0.743393838405609,0.0704304386139594,101.476559973682
0,98.7630327946415,-17.6159343719482,-21.3398914337158,0,10.5479847360172,0.586979085104292,0,-15.744156401264243,-25.76863684438147,-4.632415771484375,-19.283974474052787,-17.39320274376256,-4.47587251663208,-4.284706454079893,4.808049363726414,3.541465155294146,0.728708028793335,0.0689783259291196,101.582155252896
0,98.8687252333888,-17.7107257843018,-21.3866405487061,0,10.5595010308455,0.571939858131216,0,-15.808461966426858,-25.798493014664512,-4.651657581329346,-19.409937507600247,-17.445719546489705,-4.528870582580566,-4.29164057515365,4.804482262864488,3.548678747823446,0.713160395622253,0.067438470297923,101.687847691643
0,98.9745329506893,-17.8053569793701,-21.4339714050293,0,10.5723813223791,0.556256126351873,0,-15.87358973499535,-25.8287309224353,-4.670947074890137,-19.5354392617457,-17.498044031529073,-4.581771373748779,-4.299384722638621,4.800587037255948,3.5557321230675862,0.696791052818298,0.0658156933989318,101.793655408944
0,99.0804659907743,-17.8998413085937,-21.4818725585937,0,10.5865917842628,0.539965949532101,0,-15.93959429822148,-25.85937591364491,-4.690496921539307,-19.660459602731056,-17.55016780466712,-4.635584831237793,-4.307908895241404,4.796363618946945,3.562615744283406,0.67964231967926,0.0641150633596503,101.899588449029
0,99.186538249105,-17.9942016601563,-21.5303230285645,0,10.6021026634447,0.523105395324758,0,-16.006509009564486,-25.89044347383578,-4.710316181182861,-19.785003955971828,-17.60209312788078,-4.689141750335693,-4.317170718806911,4.7918234911659,3.569325796773636,0.661758124828339,0.0623417936031317,102.00566070736
0,99.2927658660497,-18.0884590148926,-21.5793113708496,0,10.6188854834388,0.505707283603895,0,-16.074401562210493,-25.92196503200301,-2.777539014816284,-19.909047642977608,-17.653809712156086,-4.742012977600098,-4.327136030345935,4.786968586008628,3.5758508364464863,0.643183469772339,0.0605012026200359,102.111888324304
0,99.3991542866391,-18.1826286315918,-21.6288146972656,0,10.6369092318138,0.487800926529191,0,-16.14327185746031,-25.953940542321938,-2.7305431365966797,-20.032608415612163,-17.705324958641615,-4.794201374053955,-4.337764047337261,4.781808196464001,3.5821927706505963,0.623963534832001,0.0585986430763802,102.218276744894
0,99.5057199856413,-18.2767295837402,-21.6788272857666,0,10.6561451037472,0.469412555501815,0,-16.21320331979329,-25.986408737606062,-2.682830810546875,-20.155643669884903,-17.75662110478191,-4.846243858337402,-4.349025117111593,4.776337363108897,3.588336340596886,0.604143142700195,0.0566394155399552,102.324842443896
0,99.6124786155929,-18.3707904815674,-21.7293243408203,0,10.6765636457266,0.450564852347407,0,-16.28422109681714,-26.01938129353626,-2.6337108612060547,-20.278163012891188,-17.807702155989652,-4.900716304779053,-4.360870387182403,4.770572340393093,3.5942796389367264,0.583766102790833,0.0546287163593393,102.431601073848
0,99.7194357354163,-18.464822769165,-21.7802925109863,0,10.6981385439457,0.431277207212875,0,-16.356364784784354,-26.05287659409616,-2.6149609088897705,-20.400141702619216,-17.85855779676738,-4.955496788024902,-4.373266804449064,4.7645114984793775,3.6000150362755963,0.562875032424927,0.0525715950844234,102.538558193671
0,99.826608087927,-18.5588550567627,-21.8317108154297,0,10.7208437081642,0.411566549015939,0,-16.429659456889233,-26.08690628041754,-2.593778133392334,-20.521587729517194,-17.909191358511453,-5.008608341217041,-4.386168992936801,4.758167961282325,3.605540625264846,0.541510105133057,0.0504728486475435,102.645730546182
0,99.9340032931925,-18.6529006958008,-21.8835678100586,0,10.7446561144348,0.391447501259931,0,-16.504137384079478,-26.121485335447957,-2.572252035140991,-20.642483478360376,-17.959595497041157,-5.061083793640137,-4.399545244907134,4.751539615935221,3.610850683858596,0.519708931446075,0.0483369937262192,102.753125751447
0,100.04163490083,-18.7469863891602,-21.9358406066895,0,10.7695472160617,0.37093194461542,0,-16.579828063094624,-26.156627454109085,-2.550377130508423,-20.76282394948985,-18.00976812788699,-5.11357307434082,-4.413348635497346,4.744640852750133,3.615941397359576,0.497506618499756,0.0461683091601888,102.860757359084
0,100.149516928399,-18.8411312103271,-21.9885215759277,0,10.7954905024481,0.350030728861711,0,-16.656776790957647,-26.192353667172174,-2.527728319168091,-20.88258726765246,-18.05970013076722,-5.165242671966553,-4.427547942365311,4.737468573066819,3.6208051363732463,0.47493502497673,0.0439707275380257,102.968639386653
0,100.257653880411,-18.9353542327881,-22.0415840148926,0,10.8224662435569,0.328754336087109,0,-16.73497102452826,-26.228658151033446,-2.5045604705810547,-21.001789101864738,-18.10939803844488,-5.21661376953125,-4.4420985605350864,4.73003975508996,3.625445715596886,0.45202299952507,0.0417478399446933,103.076776338666
0,100.366056128145,-19.0296783447266,-22.095006942749,0,10.8498063277381,0.307372669341792,0,-16.814460341954693,-26.265563924130458,-2.4810142517089844,-21.120394675172275,-18.158847351630758,-5.267421722412109,-4.456954913519357,4.722365544380739,3.629853598287306,0.42860135436058,0.0394872914922412,103.1851785864
0,100.474723392513,-19.1241111755371,-22.148775100708,0,10.876198848489,0.286384854507349,0,-16.895275512424917,-26.30308527216481,-2.484306573867798,-21.23836559115216,-18.208032061998356,-5.317294597625732,-4.4720831198767215,4.714446034671543,3.6340211550500063,0.404378950595856,0.0371672900775336,103.293845850768
0,100.583636346742,-19.2186450958252,-22.2028617858887,0,10.9004958796667,0.266115031389228,0,-16.977413188122124,-26.341220640792205,-2.495009660720825,-21.35566060924856,-18.256934975438625,-5.367926120758057,-4.487446233442894,4.706286697181188,3.637944571187706,0.379249572753906,0.0347815926035676,103.402758804997
0,100.69277673701,-19.3132705688477,-22.2572460174561,0,10.921919582088,0.246619843176797,0,-17.06090295178611,-26.37998376486303,-2.507899045944214,-21.47220660476756,-18.305525604633054,-5.417276382446289,-4.503009996470774,4.697885313232078,3.641612402608596,0.353318065404892,0.0323412037896248,103.511899195265
0,100.802111993315,-19.4079704284668,-22.3118915557861,0,10.9399754893001,0.227782383963716,0,-17.14574460620912,-26.419374552816496,-2.544621467590332,-21.587932081254262,-18.353774141112346,-5.466855525970459,-4.518730604491431,4.689251778459249,3.6450170199181664,0.326805233955383,0.029866101551332,103.62123445157
0,100.911602822837,-19.5027198791504,-22.3667621612549,0,10.9544130351656,0.209398363781984,0,-17.231914865809312,-26.459382193484167,-2.5637242794036865,-21.702774245432437,-18.401654404956826,-5.515749454498291,-4.534569299685671,4.680394656096781,3.648154608419146,0.299971878528595,0.0273786544056199,103.730725281091
0,101.021222079302,-19.5975093841553,-22.4218196868896,0,10.9651436071177,0.191241040509217,0,-17.31938487941811,-26.49999329167389,-2.5662755966186523,-21.8166971465148,-18.449151407480127,-5.563571453094482,-4.5504821264161,4.671332915757915,3.651025168111526,0.273066431283951,0.0248993464735748,103.840344537557
0,101.130920118985,-19.6923046112061,-22.4770240783691,0,10.9721635112427,0.173099877791549,0,-17.408859215444895,-26.539860347522673,-2.575347900390625,-21.92876974542332,-18.497777769759164,-5.611777305603027,-4.564666196027378,4.660553768102322,3.653626791646686,0.246298268437386,0.0224447642626883,103.95004257724
0,101.240669065657,-19.7870998382568,-22.5323295593262,0,10.9755023992489,0.154797589832931,0,-17.500210537199376,-26.579144582631795,-2.586320638656616,-22.038351858907205,-18.54857726567446,-5.659470081329346,-4.575851614471128,4.648287266095198,3.6559613863732463,0.219829857349396,0.0200271466654526,104.059791523911
0,101.350443564353,-19.8818912506104,-22.5876922607422,0,10.9759067253562,0.136166304114515,0,-17.59277383183039,-26.61895000809168,-2.5875377655029297,-22.146897180044046,-18.59889613088348,-5.706625938415527,-4.587019340044848,4.6358491759900105,3.658030859639846,0.193802371621132,0.0176557130464768,104.169566022608
0,101.460201891296,-19.9766483306885,-22.6430816650391,0,10.9738108058835,0.117122426172188,0,-17.686469907068208,-26.659242568481087,-2.5791685581207275,-22.25439150443408,-18.6487277805858,-5.754946231842041,-4.598149292899453,4.623252709332671,3.6598428408410264,0.168277218937874,0.0153335644682221,104.279324349551
0,101.569928352242,-20.0713863372803,-22.6984405517578,0,10.9697641678243,0.0976325365875591,0,-17.78126030646548,-26.70000572619454,-2.5707030296325684,-22.36082896542527,-18.698069495149937,-5.801071643829346,-4.6091773819319695,4.610553229524694,3.661401144674026,0.143273249268532,0.0130602238012283,104.389050810497
0,101.679608521937,-20.1661052703857,-22.7537403106689,0,10.9647582531693,0.0776967802038213,0,-17.877074734792775,-26.74120925184655,-2.557894229888916,-22.466236638983474,-18.746933826308766,-5.844807147979736,-4.620076029235654,4.597778740841411,3.6627172152306664,0.11878302693367,0.0108328922657467,104.498730980191
0,101.789245441623,-20.2608242034912,-22.8089542388916,0,10.9593197573262,0.0573467450989623,0,-17.97392404494793,-26.78285781255941,0.5665075778961182,-22.570593665881777,-18.795311104252324,-5.890739440917969,-4.630806212921144,4.5849560464583545,3.6637872378136764,0.0947772115468979,0.0086479741554809,104.608367899878
0,101.898823813603,-20.3555431365967,-22.8640518188477,0,10.9536073654344,0.0366245679538109,0,-18.07173713789479,-26.824920833282878,0.5672802329063416,-22.673926825494043,-18.843213743220954,-5.93511438369751,-4.641340513187438,4.572116926459727,3.664622656514846,0.0712220221757889,0.0065021158493382,104.717946271858
0,102.008332241633,-20.4502620697021,-22.9190101623535,0,10.9476617640554,0.0155755459249452,0,-18.17050315557686,-26.867393644676262,0.5680199861526489,-22.776210404877354,-18.890629823344728,-5.97967004776001,-4.651653879387092,4.559279858707151,3.6652215639855563,0.0480846166610718,0.0043922226528461,104.827454699887
0,102.117781296039,-20.5450096130371,-22.9738006591797,0,10.941486752835,-0.0057543339957171,0,-18.270191256232927,-26.91026298371309,0.5687634348869324,-22.877479297899352,-18.93757552053804,-6.025990962982178,-4.661708721124082,4.546485916499031,3.665591589620316,0.025334607809782,0.0023154626860523,104.936903754294
0,102.227166393371,-20.6397933959961,-23.0284004211426,0,10.935088362766,-0.0273197411053209,0,-18.370772783662098,-26.953516527233585,0.5695153474807739,-22.97773876873851,-18.98405327514087,-1.8503307104110718,-4.671480750607882,4.533761240459343,3.665736548116416,0.0029446613043546,0.0002692847114485,105.046288851626
0,102.336486135487,-20.7346267700195,-23.0827827453613,0,10.9284500613714,-0.0490769403464428,0,-18.472222139719786,-26.997143267148203,0.5702746510505676,-23.076997318855394,-19.030067028215292,-1.8495665788650513,-4.680940554210879,4.521138463454246,3.665660254171096,-0.0191091410815716,-0.0017485506445741,105.155608593741
0,102.445735040787,-20.8295192718506,-23.1369190216064,0,10.9215680280891,-0.0709843884198836,0,-18.574518042884463,-27.04113405166495,0.5710387825965881,-23.1752519302586,-19.07561538069683,-1.848814606666565,-4.690058525049253,4.508650079965609,3.6653646151330164,-0.0408472530543804,-0.0037399749028276,105.264857499042
0,102.554920331714,-20.9244861602783,-23.1907958984375,0,10.914439698107,-0.0930024321247424,0,-18.677651123933046,-27.08548485169311,0.5718090534210205,-23.272511539051138,-19.120702475136802,-1.8463207483291626,-4.69881726115806,4.496317351250894,3.6648515383507863,-0.0622872970998287,-0.0057066636182196,105.374042789969
0,102.664037103032,-21.0195350646973,-23.2443885803223,0,10.9070533666431,-0.115083005976889,0,-18.78158510155167,-27.13018006501,0.5725866556167603,-23.368790727470124,-19.16533507149148,-1.840086579322815,-4.707194461351178,4.484171662639038,3.664126745870316,-0.0834527760744095,-0.0076508410024698,105.483159561287
0,102.77307918725,-21.1146697998047,-23.2976760864258,0,10.8994632420272,-0.136744602949539,0,-18.886298720153505,-27.175210550976445,0.5733678936958313,-23.464087086536516,-19.209512053019104,-1.8339965343475342,-4.715171974725246,4.472237828247051,3.663192145040246,-0.104057423770428,-0.0095462715002386,105.592201645505
0,102.882049310286,-21.2098903656006,-23.3506622314453,0,10.8922511769292,-0.153414703610025,0,-18.99169293240528,-27.2205337158056,0.5741564631462097,-23.5584972284521,-19.25327820669261,-1.828011393547058,-4.722765084411008,4.4605274529027765,3.662070624044146,-0.120659291744232,-0.0110764362066191,105.701171768541
0,102.990952156328,-21.3051853179932,-23.4033756256103,0,10.8855287492031,-0.165290654039234,0,-19.09760153951747,-27.266078088256577,0.5749474763870239,-23.652194843892175,-19.29671405111553,-1.8210803270339966,-4.730023573101131,4.449033204407763,3.660802237203326,-0.133323207497597,-0.012246335777207,105.810074614582
0,103.099789757072,-21.4005393981934,-23.455846786499,0,10.8792745896487,-0.17261192355661,0,-19.20385800768329,-27.311772053019453,0.5757397413253784,-23.74535261066659,-19.339899635352605,-1.8141894340515137,-4.73700010052976,4.437743660060173,3.659427038839066,-0.142161175608635,-0.0130655113464751,105.918912215327
0,103.20856818107,-21.4959411621094,-23.5081081390381,0,10.873421943792,-0.175659540281523,0,-19.310309290165506,-27.357549794691746,0.5765368342399597,-23.83813980681728,-19.38291343242216,-1.806575894355774,-4.743745973254007,4.42664520149723,3.657983175924026,-0.147330805659294,-0.0135478586979485,106.027690639325
0,103.317294064596,-21.591381072998,-23.5601902008057,0,10.8678950881396,-0.174746736010153,0,-19.41685906459525,-27.403369891315766,0.5773327350616455,-23.93066942238868,-19.425807821650693,-1.7976696491241455,-4.750303952239517,4.415719205132611,3.656495443990436,-0.149027481675148,-0.013710862999677,106.136416522851
0,103.425953935063,-21.686824798584,-23.6121273040771,0,10.8626144596771,-0.170206893453514,0,-19.523316100577432,-27.44915010719249,0.5781274437904358,-24.023119491109846,-19.46866533497161,-1.7880603075027466,-4.75673732507356,4.40494198349735,3.6550077120568463,-0.147475153207779,-0.0135747294625242,106.245076393318
0,103.534560061863,-21.7822685241699,-23.6639518737793,0,10.8575037239185,-0.162381391758122,0,-19.629560968573525,-27.494839083480258,0.5789220929145813,-24.11564250576084,-19.511556664180414,-1.7784459590911865,-4.7630893456521814,4.394297057934535,3.6535524050500063,-0.142916589975357,-0.0131614607773574,106.353682520118
0,103.643127985322,-21.8777122497559,-23.7156963348389,0,10.8524806577821,-0.151668166049859,0,-19.735486207065854,-27.540390608001232,0.5797143578529358,-24.208386221620593,-19.55455030488693,-1.7678844928741455,-4.769400113820666,4.383767637676545,3.6521600405480563,-0.135650023818016,-0.0124982280953595,106.462250443576
0,103.751635874671,-21.9731197357178,-23.7673816680908,0,10.8474604423987,-0.139928740872905,0,-19.84039913283126,-27.586886560000373,0.5805553793907166,-24.301390424267424,-19.597664700678887,-1.7542345523834229,-4.775707694937174,4.374598814668368,3.650843969991416,-0.127107784152031,-0.0117167710057367,106.570758332925
0,103.860091635876,-22.0684947967529,-23.8190174102783,0,10.8423873100278,-0.12997669679918,0,-19.94472012460801,-27.633552245930797,0.581408679485321,-24.395647495273924,-19.6391930848352,-1.7402441501617432,-4.783991123925665,4.365901381209906,3.6496099154259865,-0.119504936039448,-0.0110212213081945,106.679214094131
0,103.968500033942,-22.1638469696045,-23.8705959320068,0,10.8372776478833,-0.121551407434091,0,-20.048695932142742,-27.68006352133317,0.5822607278823853,-24.490661918417285,-19.679913575583036,-1.72857666015625,-4.793316849370599,4.357282091557032,3.6484464327599664,-0.112772837281227,-0.0104053571588846,106.787622492197
0,104.076852922464,-22.2591762542725,-23.9221000671387,0,10.8320873141263,-0.116528004079559,0,-20.152381642561405,-27.726445028213632,0.5831091403961182,-24.585849913493075,-19.720708454345182,-1.7172423601150513,-4.802614059089339,4.348749719033177,3.6473382632043063,-0.108447596430779,-0.0100111196161714,106.895975380718
0,104.185155080288,-22.3545055389404,-23.9734973907471,0,10.8267436936425,-0.116250125592411,0,-20.255843470703038,-27.772726386314375,0.5839574933052063,-24.681149200516643,-19.761551029684124,-1.706390380859375,-4.8118357075470195,4.340336788478224,3.6462701479699264,-0.107693210244179,-0.0099463888552227,107.004277538543
0,104.293400405957,-22.4498462677002,-24.0247535705566,0,10.8212213783274,-0.119768741284241,0,-20.35931888490119,-27.8190138218367,0.5848046541213989,-24.77628320778275,-19.80232277080009,-1.6961877346038818,-4.820915960158722,4.332056739318702,3.6451810519005963,-0.109930112957954,-0.0101581306342469,107.112522864212
0,104.401589771621,-22.5452156066895,-24.0758380889893,0,10.8155951638756,-0.124759293986393,0,-20.462830779551666,-27.865317576081665,0.5856530666351318,-24.871226636476894,-19.843012835337706,-1.6849206686019897,-4.829817485023973,4.323942801586034,3.644065252950396,-0.113470405340195,-0.0104906715934292,107.220712229875
0,104.509728809976,-22.6406288146973,-24.1267337799072,0,10.8097642354308,-0.13251458706136,0,-20.56646669289072,-27.911676807341102,0.586627185344696,-24.965890380899612,-19.883583035117844,-1.672982096672058,-4.838509025956664,4.316009989383444,3.642901770284386,-0.119313053786755,-0.0110366967442536,107.32885126823
0,104.617806007217,-22.7360897064209,-24.1774082183838,0,10.8036942583217,-0.142507133442511,0,-20.67029023575291,-27.958119970513465,0.5871423482894897,-25.060177350405283,-19.92399175983961,-1.6612365245819092,-4.846951098034257,4.3082837424783795,3.6416715304162164,-0.127098262310028,-0.0117633101872284,107.436928465472
0,104.725821139112,-22.8316116333008,-24.2278347015381,0,10.7973764234408,-0.154314017657845,0,-20.77437483340534,-28.004679910766306,0.5876611471176147,-25.154000379281506,-19.96420165274738,-1.649446964263916,-4.855106205037979,4.300788646901189,3.640355459859576,-0.136523514986038,-0.0126428466427614,107.544943597366
0,104.833776846099,-22.9272079467773,-24.2779922485352,0,10.7907947709456,-0.167592551080568,0,-20.878781106292077,-28.051383745313093,0.5881811380386353,-25.24729167762336,-20.004183661007865,-1.637365698814392,-4.862944412694736,4.293545843329961,3.638938299825396,-0.147332698106766,-0.0136519074907039,107.652899304353
0,104.941666618888,-23.0228824615479,-24.3278579711914,0,10.7839437445669,-0.182062939935233,0,-20.983553512469257,-28.09825136148091,0.5887011289596558,-25.33998333236045,-20.043908679002538,-1.6253613233566284,-4.870439198220805,4.286575425685291,3.6374066988732463,-0.159308090806007,-0.0147706067260356,107.760789077143
0,105.049486582876,-23.1186447143555,-24.3774032592773,0,10.7768093321466,-0.197494620313613,0,-21.088731093277215,-28.14530022354895,0.5892260670661926,-25.432018149815338,-20.08335219514109,-1.6134142875671387,-4.877557912859732,4.279906172149884,3.6357492129113362,-0.172263577580452,-0.0159819713987568,107.868609041131
0,105.157238360246,-23.2145042419434,-24.4266109466553,0,10.7693882452095,-0.213696255890398,0,-21.194335546594832,-28.192540037582926,0.5897509455680847,-25.523369867867924,-20.12250295422265,-1.600408911705017,-4.884281532538686,4.273558643046954,3.6339601198937563,-0.186039656400681,-0.0172714584304471,107.976360818501
0,105.264917768175,-23.3104667663574,-24.4754581451416,0,10.7616727065229,-0.230507716400327,0,-21.300398139739123,-28.239984790324822,0.5902795195579529,-25.613989695168712,-20.1613400456567,-1.58749258518219,-4.89058614686038,4.26755629675925,3.632029883077346,-0.200498953461647,-0.0186265631340247,108.08404022643
0,105.372521720941,-23.4065380096436,-24.5239238739014,0,10.7536609437444,-0.247794414288064,0,-21.406943723940113,-28.287645598422166,0.5908092856407166,-25.703838553492506,-20.199846721622702,-1.574700951576233,-4.896451062517333,4.261921928783729,3.6299508730675862,-0.215523183345795,-0.0200365242152158,108.191644179195
0,105.480049071354,-23.502721786499,-24.5719947814941,0,10.7453466987214,-0.265441991058519,0,-21.51640934234421,-28.330921285630964,0.5911120176315308,-25.792905320632688,-20.238018215457895,-1.562597632408142,-4.901866327733556,4.251466286977558,3.627721182515826,-0.231009736657143,-0.0214920272053768,108.299171529609
0,105.587496308455,-23.5990238189697,-24.6196479797363,0,10.7367287383666,-0.28335298378845,0,-21.62666292649362,-28.373847960461504,0.5913891196250916,-25.88115088597751,-20.27583776546179,-1.5518358945846558,-4.906810687972914,4.240781176321901,3.6253331820275463,-0.246869474649429,-0.0229849850109162,108.40661876671
0,105.694859325219,-23.6954479217529,-24.666862487793,0,10.7278060589569,-0.301443894994978,0,-21.737415205193585,-28.416968799490668,0.5916650295257568,-25.9685617675538,-20.313299593642515,-1.5408300161361694,-4.911268311678329,4.230506998948393,3.622784964254106,-0.263024866580963,-0.0245083746098943,108.513981783474
0,105.802135938023,-23.7919979095459,-24.7136211395264,0,10.7185702407452,-0.319642337120884,0,-21.848660212867824,-28.460281480051528,0.5919445753097534,-26.055135309374883,-20.350402561719413,-1.529882788658142,-4.915228097273281,4.220666429675996,3.6200765291955164,-0.279407858848572,-0.0260560592310795,108.621258396278
0,105.909326807561,-23.8886814117432,-24.7599048614502,0,10.7090273471392,-0.337885816466271,0,-21.960409984887427,-28.503790688054888,0.5922253131866455,-26.140854463203265,-20.38713936330073,-1.5196179151535034,-4.918674776352805,4.21128386341741,3.6172040621544963,-0.29595884680748,-0.0276226434084329,108.728449265816
0,106.016424257165,-23.9854965209961,-24.8056945800781,0,10.6991712057814,-0.356119530588119,0,-22.072669116089468,-28.547498212477304,0.5925085544586182,-26.225694960048358,-20.423499597384453,-1.5096899271011353,-4.921597496004478,4.2023806472519505,3.6141637484337963,-0.312625378370285,-0.0292034159451665,108.83554671542
0,106.123430181218,-24.0824489593506,-24.8509769439697,0,10.6890015036282,-0.374295481731168,0,-22.18542905218034,-28.591400722747867,0.592791736125946,-26.309667729260156,-20.459487947980442,-1.4998669624328613,-4.923990155446312,4.193978370598661,3.6109574953820363,-0.329360812902451,-0.0307941831771451,108.942552639473
0,106.230340831268,-24.1795406341553,-24.8957328796387,0,10.67851708985,-0.392371389665746,0,-22.29869133501821,-28.635498819181244,0.5930761694908142,-26.3927615082986,-20.495099588283015,-1.4900414943695068,-4.925842060270672,4.186101213375879,3.6075833956505963,-0.346123993396759,-0.0323912554654066,109.049463289522
0,106.337150055235,-24.2767696380615,-24.9399452209473,0,10.6677188205113,-0.410309844981461,0,-22.412448345485412,-28.679789535312548,0.5933617949485779,-26.474971989694506,-20.53033267223287,-1.4815515279769897,-4.927146883187538,4.178771276062214,3.6040414492394564,-0.362878024578094,-0.0339913256302268,109.15627251349
0,106.443856379591,-24.3741397857666,-24.9835948944092,0,10.6566076390799,-0.428077482475348,0,-22.526689787600926,-28.724268862453687,0.5936486721038818,-26.556308102773755,-20.565191026686186,-1.473504662513733,-4.927895220280107,4.172015487858122,3.6003335634972764,-0.379589885473251,-0.0355914384426744,109.262978837845
0,106.550457466146,-24.4716510772705,-25.026668548584,0,10.6451826499113,-0.445644494601643,0,-22.641427704025098,-28.76894148935351,0.5939367413520813,-26.636769727524946,-20.59963245187243,-1.465539574623108,-4.928122093786519,4.165852176828825,3.5964559237267664,-0.396229773759842,-0.037188936619567,109.369579924401
0,106.656950652864,-24.5693054199219,-25.0691471099854,0,10.6334391981582,-0.462984087057911,0,-22.756644420624777,-28.81380053467774,0.5942272543907166,-26.716464375946885,-20.633477041971844,-1.457708716392517,-4.928028057419083,4.160308782943027,3.592412344625206,-0.41277077794075,-0.0387814391346721,109.476073111119
0,106.763330589068,-24.6670989990234,-25.1110172271729,0,10.6213850778172,-0.480072260736785,0,-22.872320757671236,-28.858838530896097,0.5945153832435608,-26.79529686621029,-20.666955492185405,-1.4512975215911865,-4.927363480227424,4.15540533044282,3.588206640889846,-0.429188340902329,-0.0403667327805036,109.582453047323
0,106.869601837339,-24.7650337219238,-25.1522769927978,0,10.6098549849507,-0.49418743005494,0,-22.988440447741276,-28.904049144369715,0.5948083400726318,-26.873301208163912,-20.700082245758836,-1.4448766708374023,-4.926137417805002,4.151153808181666,3.583844534566606,-0.443388432264328,-0.0417449854996287,109.688724295593
0,106.97576531766,-24.8631019592285,-25.1929378509521,0,10.5990754536146,-0.505382250812209,0,-23.10311544972926,-28.953214862489958,0.5952868461608887,-26.95060423020939,-20.73291116396578,-1.437933325767517,-4.924378517130919,4.1517750080079505,3.5793527285363362,-0.455317139625549,-0.0429094433743826,109.794887775915
0,107.081832397557,-24.9613037109375,-25.2330207824707,0,10.5891126652261,-0.5136935537748,0,-23.217420158173844,-29.00398182836094,0.5958422422409058,-27.027316742912177,-20.76548930565198,-1.4310449361801147,-4.922118176624293,4.154669307564826,3.574752203633996,-0.464921295642853,-0.0438540234211217,109.900954855811
0,107.187803860972,-25.0596294403076,-25.2725429534912,0,10.5799648626417,-0.519168443195672,0,-23.331958605912785,-29.054852606532748,0.5963952541351318,-27.10355708592915,-20.79786692710514,-1.4262914657592773,-4.919386726173314,4.15821029091961,3.5700677553918063,-0.472165435552597,-0.0445746266671324,110.006926319227
0,107.293690090128,-25.1580772399902,-25.3115291595459,0,10.5715990605014,-0.521876149014367,0,-23.44666021444108,-29.105795850470294,0.5969506502151489,-27.17944379754679,-20.830094368966645,-1.4215747117996216,-4.9162160796920125,4.162380083221348,3.565322271993366,-0.477038681507111,-0.0450696692220585,110.112812548383
0,107.399497945098,-25.2566432952881,-25.3500003814697,0,10.5639577415779,-0.521909995492341,0,-23.561436400532905,-29.156772217073335,0.5975048542022705,-27.25510903614839,-20.862227756037846,-1.4168676137924194,-4.912633555942046,4.1671618908281705,3.5605424563195363,-0.479556441307068,-0.0453402279565359,110.218620403352
0,107.505233571985,-25.3553218841553,-25.3879814147949,0,10.5569820141922,-0.519386586778605,0,-23.676270472229504,-29.207774292823114,0.5980603098869324,-27.330597893287784,-20.89428623772446,-1.412148356437683,-4.908666993867121,4.172532956721261,3.555735937764846,-0.479758888483048,-0.0453898013495577,110.32435603024
0,107.61089895166,-25.4541053771973,-25.4254913330078,0,10.5506073362933,-0.514441448812969,0,-23.790995902697365,-29.258728116968676,0.5986157059669495,-27.40612344123224,-20.926360301200848,-1.4083483219146729,-4.904340380080381,4.17847309026661,3.5509484926964863,-0.477708846330643,-0.0452241250135312,110.430021409915
0,107.716500477182,-25.5529861450195,-25.4625625610352,0,10.5447669137039,-0.507225075615864,0,-23.905580909425773,-29.309619573716738,0.5991723537445068,-27.481747622314042,-20.95847625203316,-1.4046227931976318,-4.899685124090631,4.184948227766244,3.5461915652062563,-0.473488479852676,-0.0448508394344817,110.535622935437
0,107.822043266261,-25.6519584655762,-25.4992198944092,0,10.5393856559618,-0.49789731840889,0,-24.020142924984928,-29.359993616426348,0.5997045636177063,-27.55756482796348,-20.990674176216256,-1.400884985923767,-4.894723700210954,4.191467009429195,3.5414842287804764,-0.467195779085159,-0.0442791761406159,110.641165724515
0,107.927529212058,-25.751012802124,-25.5354900360107,0,10.5344064693152,-0.486624264770031,0,-24.134550844717026,-29.40987509692518,0.6002197265625,-27.633700392687572,-21.02300730059911,-1.3971350193023682,-4.8894798292916315,4.198072040827943,3.5368531863000063,-0.458941012620926,-0.0435195031292094,110.746651670313
0,108.032959244718,-25.8501396179199,-25.5713977813721,0,10.5297641551374,-0.473572041176079,0,-24.248597185573463,-29.4595989302115,0.6007311940193176,-27.710226479762053,-21.05550627136105,-1.3929650783538818,-4.883973716533255,4.205121441342946,3.532313696553916,-0.44884380698204,-0.0425831524981092,110.852081702973
0,108.138341845793,-25.9493370056152,-25.606969833374,0,10.5253934860028,-0.458903691635823,0,-24.362226627478627,-29.509140996912457,0.6012426614761353,-27.787230166396704,-21.088208068306002,-1.3885668516159058,-4.878222951023032,4.212583428484224,3.527882925679886,-0.437029421329498,-0.0414820245655897,110.957464304047
0,108.243670350729,-26.0485858917236,-25.6422367095947,0,10.5212381764067,-0.442776114449945,0,-24.475369360053442,-29.558470859930075,0.6017492413520813,-27.864784331994137,-21.121143641736857,-1.3839160203933716,-4.87225402690309,4.220414692393783,3.523578039815636,-0.423626512289047,-0.0402283331641322,111.062792808984
0,108.34895504388,-26.1478881835937,-25.6772212982178,0,10.5172463996076,-0.425337617614891,0,-24.58797688953105,-29.607567376139894,0.6022558212280273,-27.942967669817715,-21.15434641097719,-1.3789160251617432,-4.866077229914668,4.228586470391946,3.519414297750206,-0.408764332532883,-0.0388343535471621,111.168077502134
0,108.4541899242,-26.2472267150879,-25.7119522094727,0,10.5133681430804,-0.406725725969512,0,-24.69999265553306,-29.656405885401096,0.6027600169181824,-28.021835186409575,-21.18783973611338,-1.3746459484100342,-4.859714898848701,4.237056529784751,3.515405050924026,-0.392570823431015,-0.0373122464040176,111.273312382454
0,108.559383171758,-26.3465995788574,-25.7464580535889,0,10.5095571574127,-0.387068193217247,0,-24.811371908926755,-29.704966877237514,0.603259265422821,-28.10145412119481,-21.221652172272094,-1.3708654642105103,-4.853182742114847,4.2457880429226105,3.5115636507775463,-0.375172257423401,-0.0356740115498097,111.378505630013
0,108.66452650007,-26.4459896087646,-25.78076171875,0,10.5057675444071,-0.366527558080492,0,-24.922061255661866,-29.753227072017076,0.6037560701370239,-28.181867423031527,-21.25580195890262,-1.3670482635498047,-4.846496942566063,4.254743071948965,3.5079015414025463,-0.356726884841919,-0.0339346915365772,111.483648958325
0,108.76963379163,-26.5454006195068,-25.8148937225342,0,10.5019603457136,-0.345289212378355,0,-25.032034192495342,-29.80117491441211,0.6042516827583313,-28.263129379129158,-21.29031215060633,-1.3633043766021729,-4.839672560480001,4.263885045721212,3.504428259542196,-0.337415844202042,-0.0321114923061731,111.588756249885
0,108.874692248625,-26.644811630249,-25.8488750457764,0,10.498100952802,-0.323502294406102,0,-25.141238896050123,-29.848787809598946,0.6047424077987671,-28.345269158662116,-21.325195134899463,-1.3602526187896729,-4.8327254983092525,4.2731759951137995,3.501153341939656,-0.317397326231003,-0.0302194403766289,111.693814706879
0,108.979711285307,-26.7442226409912,-25.8827342987061,0,10.4941606240769,-0.301283810072742,0,-25.249673128427013,-29.896064781860822,0.6052270531654358,-28.428301942385772,-21.360457358719835,-1.3574132919311523,-4.825672162022321,4.282580975594596,3.498078695943556,-0.296807587146759,-0.0282714694672524,111.798833743562
0,109.084668876844,-26.8436031341553,-25.9164924621582,0,10.4901169843065,-0.278725365300017,0,-25.357290355343363,-29.94298554240202,0.605712890625,-28.512536299435673,-21.395271937658396,-1.3543871641159058,-4.819416244871473,4.292059202959697,3.495210043599806,-0.275764465332031,-0.0262787512449372,111.903791335099
0,109.189588115431,-26.9429683685303,-25.9501762390137,0,10.4859507882134,-0.255898933581614,0,-25.464069571778207,-29.989540933101786,0.6061913967132568,-28.59785698063379,-21.430124801376465,-1.3512585163116455,-4.813472895670677,4.301582125553354,3.492556921651566,-0.254369556903839,-0.0242509096620567,112.008710573685
0,109.294455894363,-27.0422973632812,-25.9838066101074,0,10.481646591845,-0.232861070365144,0,-25.56999381942243,-30.035723560192558,0.6066674590110779,-28.68411831374996,-21.465361914407193,-1.3475048542022705,-4.807485673561543,4.311114553760605,3.4901193300988362,-0.232710435986519,-0.0221962291519137,112.113578352618
0,109.399274781493,-27.1415824890137,-26.0174140930176,0,10.4771877617091,-0.209656268231538,0,-25.675060344401842,-30.08153222299416,0.6071398854255676,-28.77132004721055,-21.500983173984622,-1.3436449766159058,-4.801478184371402,4.3206184019236336,3.487897268941606,-0.210862562060356,-0.0201218458346753,112.218397239748
0,109.504048503416,-27.2408199310303,-26.0510215759277,0,10.4725639257365,-0.186320119646149,0,-25.779244300103173,-30.12695608979156,0.6076098680496216,-28.859488034249864,-21.536999140962692,-1.3396679162979126,-4.79546504228191,4.330062988713519,3.4858964602257863,-0.188890635967255,-0.018033859685367,112.323170961671
0,109.608764417132,-27.3399963378906,-26.0846290588379,0,10.4677622657118,-0.16288119298528,0,-25.882543195346074,-30.17199411479201,0.6080737113952637,-28.94859007571058,-21.573396662225104,-1.3356164693832397,-4.789445849949919,4.339438069997963,3.484113089254106,-0.166849955916405,-0.0159374808416214,112.427886875386
0,109.713429976974,-27.4391059875488,-26.1182765960693,0,10.4627721830899,-0.139363186557055,0,-25.984943155693163,-30.21664020673049,0.608532726764679,-29.038646927291097,-21.61018421632029,-1.3315112590789795,-4.783453576890106,4.348697946137697,3.4825509707238362,-0.14478762447834,-0.0138371341306974,112.532552435229
0,109.818041140898,-27.5381374359131,-26.151985168457,0,10.4575861886871,-0.1157859490217,0,-26.086434518830036,-30.260890152865343,0.6089880466461182,-29.129651290041522,-21.647358821681507,-1.327362060546875,-4.777507181778654,4.357813847603316,3.4812101046349664,-0.122743539512157,-0.0117365532095031,112.637163599153
0,109.922597532956,-27.6370830535889,-26.1857757568359,0,10.4521960347184,-0.0921667052227293,0,-26.187018619220048,-30.304744535018813,0.6094421148300171,-29.22159070470866,-21.684915388796487,-1.3231078386306763,-4.771625357155036,4.366759743730712,3.480088583638876,-0.100751474499702,-0.0096388890320818,112.741719991211
0,110.027095854994,-27.7359313964844,-26.2196712493896,0,10.4465936348998,-0.0685208117342007,0,-26.28667888221389,-30.348196126690862,0.6098876595497131,-29.314466837472988,-21.72285459828756,-1.3183386325836182,-4.765829847160468,4.375505743638648,3.479188315084186,-0.0788397639989853,-0.007546772744049,112.846218313248
0,110.13153707159,-27.8346767425537,-26.2536907196045,0,10.4411754126076,-0.0448600836542642,0,-26.385417987556938,-30.391246096242867,0.6103320121765137,-29.4082683359076,-21.761171812772766,-1.3132641315460205,-4.760138299557552,4.384029588595842,3.4785073916222764,-0.057034358382225,-0.0054623957285526,112.950659529844
0,110.235928335496,-27.9333171844482,-26.2878608703613,0,10.4363912934977,-0.0211928393695886,0,-26.483252209834564,-30.433901539347833,0.6107714772224426,-29.502981225025316,-21.79986132357378,-1.3081408739089966,-4.75457517894563,4.392304823152822,3.478041998555866,-0.0353603363037109,-0.0033881695696719,113.05505079375
0,110.340273246739,-28.0318489074707,-26.3222026824951,0,10.4323994571183,0.0024709967367919,0,-26.58017936259591,-30.4761615027194,0.6112084984779358,-29.598605083458178,-21.838922958564922,-1.303381323814392,-4.749160136065993,4.4003088922979305,3.4777921358849664,-0.0138376196846366,-0.0013264081147734,113.159395704994
0,110.444578588521,-28.1302700042725,-26.3567409515381,0,10.4292266080135,0.0261134099253565,0,-26.676200364918483,-30.518026387072744,0.6116393804550171,-29.69514247583643,-21.87835776537857,-1.2990710735321045,-4.743916295038835,4.408017127017983,3.477757803609576,0.0075239012949168,0.0007214224019484,113.263701046775
0,110.548860289296,-28.228588104248,-26.3915004730225,0,10.4268720349318,0.0497055593007274,0,-26.771340233117037,-30.559507099450073,0.6120666265487671,-29.79258774749483,-21.91816343412604,-1.29461669921875,-4.73886475304362,4.415410580666297,3.4779351870324264,0.0287253390997648,0.0027549022006761,113.367982747551
0,110.653121722714,-28.3267993927002,-26.4265003204346,0,10.4253296429733,0.0732112267565135,0,-26.86558953404023,-30.600599527024176,0.6124902367591858,-29.89094889334031,-21.95834323066734,-1.290716528892517,-4.734024866769305,4.4224697214901125,3.478326193502156,0.0497745908796787,0.004774272404025,113.472244180968
0,110.757375018731,-28.4249057769775,-26.4617691040039,0,10.4245898902026,0.0965923370439848,0,-26.958985887948586,-30.64132007212182,0.6129101514816284,-29.990200268791583,-21.998886679381744,-1.2895190715789795,-4.729425586908502,4.4291723172784785,3.4789231936242264,0.0706809759140015,0.0067799254151601,113.576497476986
0,110.861625036327,-28.5229053497314,-26.4973239898682,0,10.4246502541825,0.119812471865281,0,-27.051514102693435,-30.68166211100933,0.6133251786231995,-30.090359956694424,-22.03980116697727,-1.2883068323135376,-4.7250845136868325,4.435501968649639,3.479730002095906,0.091452106833458,0.0087720993120046,113.680747494582
0,110.965882332295,-28.6208000183105,-26.5331878662109,0,10.4255037489553,0.142837881591332,0,-27.143187782623443,-30.721631575144087,0.6137377619743347,-30.191426383250395,-22.081086050568953,-1.2864806652069092,-4.721025074608969,4.441441052401136,3.480744711568556,0.112092964351177,0.0107507941983044,113.78500479055
0,111.070155208108,-28.7185897827148,-26.5693817138672,0,10.4271493755832,0.165637711160485,0,-27.23401884754903,-30.76123366152959,0.6141455173492432,-30.293396149133873,-22.122739941557562,-1.2774474620819092,-4.717270200334411,4.446973534063356,3.481965414693556,0.132605940103531,0.0127157679973311,113.889277666363
0,111.174452610533,-28.816276550293,-26.6059226989746,0,10.4295796960277,0.188183298729359,0,-27.324020266516282,-30.800474024633104,0.6145483255386353,-30.396266801367453,-22.164761837920068,-1.2687976360321045,-4.713839092210608,4.452088233633137,3.4833902041222764,0.152991250157356,0.0146665883882473,113.993575068787
0,111.278783601562,-28.9138679504394,-26.6428127288818,0,10.4334959479008,0.205822722084107,0,-27.41327609867564,-30.83938931400553,0.6149511337280273,-30.499961663656713,-22.20712041796046,-1.2600780725479126,-4.710738747189678,4.456796039801297,3.485000006368366,0.169708773493767,0.0162625990501023,114.097906059817
0,111.383166207859,-29.0113906860352,-26.6800289154053,0,10.4390442195355,0.218738486231647,0,-27.50194242817636,-30.87804758189273,0.6153491139411926,-30.604346951828234,-22.24976103183889,-1.2209643125534058,-4.707948936096193,4.4611427647330455,3.486760489156456,0.18278443813324,0.0175058482715585,114.202288666114
0,111.487610766817,-29.108865737915,-26.7175426483154,0,10.4462116105591,0.227145484507329,0,-27.59018485770429,-30.91652103059549,0.6157470345497131,-30.709265958663156,-22.292619665821917,-1.1831262111663818,-4.70544623469122,4.465177607976315,3.488633505513876,0.192289680242538,0.0184032494143062,114.306733225071
0,111.59214401921,-29.2063312530518,-26.7553272247314,0,10.4549393671294,0.231298109561929,0,-27.678161387211375,-30.954878547644206,0.6161401271820068,-30.814602842398884,-22.335648999411067,-1.154915690422058,-4.7032003062246535,4.468952276836423,3.490586630513876,0.198342844843864,0.0189665685321966,114.411266477464
0,111.696767152939,-29.3037967681885,-26.7933597564697,0,10.4651420583594,0.231484373776829,0,-27.766030281649684,-30.993189136108576,0.6165356040000916,-30.918426022092522,-22.383608707054222,-1.1474889516830444,-4.696054934238267,4.472504062066326,3.4925817171837963,0.201102569699287,0.0192117211009002,114.515889611193
0,111.80149438311,-29.4012889862061,-26.8316097259521,0,10.4751688009338,0.228126160475732,0,-27.85386841414945,-31.03148631245509,0.6169298887252808,-31.022126978646725,-22.432469855452396,-1.1409900188446045,-4.688234998158592,4.475876871483415,3.494603506734576,0.200669080018997,0.0191521029225107,114.620616841365
0,111.906303899098,-29.4987983703613,-26.8700408935547,0,10.4831343059404,0.221658353896151,0,-27.941899940212572,-31.06986780784607,0.6173254251480103,-31.12573327037453,-22.481286400287747,-1.1396349668502808,-4.680607137012456,4.479115853804825,3.496592871358596,0.197172746062279,0.0188043650896513,114.725426357353
0,112.011196105058,-29.5963401794434,-26.9086151123047,0,10.4882906996223,0.212408421194746,0,-28.030189591344357,-31.108361845034022,0.6177233457565308,-31.22918272388064,-22.53002904710056,-1.1320654153823853,-4.673134997549737,4.482265084047749,3.4985345522668063,0.190843850374222,0.0181921660405317,114.830318563313
0,112.116120209728,-29.6938762664795,-26.9472904205322,0,10.4903255955214,0.200669314915961,0,-28.118809775728394,-31.14699999378138,0.6181200742721558,-31.332310146122925,-22.578619961297843,-1.1205737590789795,-4.665806163928196,4.48535338071905,3.500399939229696,0.181972116231918,0.017343487602523,114.935242667983
0,112.221035988616,-29.7913799285889,-26.9860248565674,0,10.4891003852408,0.186856567832836,0,-28.207811398147864,-31.185804448429064,0.6185204982757568,-31.43499294430424,-22.627001380395505,-1.109130859375,-4.658599511789632,4.488411513087998,3.502168051412306,0.170983865857124,0.0162985132241988,115.040158446871
0,112.325928316452,-29.8888492584229,-27.0247821807861,0,10.48555153579,0.171311502455768,0,-28.29727637680039,-31.22481092507862,0.6189221143722534,-31.53712371092109,-22.675122696818242,-1.108154296875,-4.651488610888964,4.491474779000723,3.503816000631056,0.158286541700363,0.0150936667480572,115.145050774707
0,112.430775651382,-29.9862747192383,-27.0635280609131,0,10.4810386863556,0.154331236790776,0,-28.3872414072883,-31.26403542290847,0.6193261742591858,-31.638629747539543,-22.72294965698647,-1.1088122129440308,-4.64444808563802,4.494571128695494,3.5053304354455164,0.144193574786186,0.0137560741476234,115.249898109637
0,112.535573808371,-30.0836639404297,-27.1022319793701,0,10.4761933378921,0.136182741296677,0,-28.47775128282534,-31.30349747163261,0.6197338700294495,-31.739462316691274,-22.770459297093954,-1.109987735748291,-4.637447879356094,4.497731339278688,3.506699911763876,0.128944009542465,0.0123072486579071,115.354696266626
0,112.640315051645,-30.1810169219971,-27.1408729553223,0,10.4711702569699,0.117493545206614,0,-28.568855285052205,-31.343218557906443,0.6201415657997131,-31.839561417341322,-22.817623346239724,-1.1068981885910034,-4.630470497203203,4.500974750784002,3.5079110781457064,0.113046385347843,0.0107952852242551,115.4594375099
0,112.745007228362,-30.2783451080322,-27.179443359375,0,10.4660546533784,0.101421843991404,0,-28.66053031548263,-31.383188610855548,0.6205554008483887,-31.9389693156331,-22.86446171911285,-1.100711703300476,-4.623498601131998,4.504308919505573,3.5089715639855563,0.0989564880728722,0.0094545504809626,115.564129686616
0,112.849648520742,-30.375638961792,-27.2179622650146,0,10.4609103174147,0.0895051769678592,0,-28.752673086783844,-31.423362596953073,0.6209692358970642,-32.03779085629469,-22.91102381577662,-1.0944616794586182,-4.616542832675045,4.507705645149117,3.509906164815636,0.0879656001925468,0.0084086736064333,115.668770978997
0,112.954238161253,-30.4728908538818,-27.2564468383789,0,10.4557480983921,0.079320053853751,0,-28.84517325524445,-31.463692406555,0.6213842630386353,-32.136139252822254,-22.957362979436546,-1.0892932415008545,-4.609611400410739,4.511139529193393,3.5107415835168063,0.0783523693680763,0.0074934967908954,115.773360619507
0,113.058773346555,-30.5701007843018,-27.2948894500732,0,10.4505666051657,0.0686847330666027,0,-28.938037045908683,-31.50418075440052,0.6218005418777466,-32.23400596463909,-23.003475185998735,-1.0848584175109863,-4.602696691620581,4.51461685316299,3.511475912740436,0.0684906765818596,0.0065536348377279,115.877895804809
0,113.163256599835,-30.6672744750977,-27.3332824707031,0,10.4453497358254,0.0576737822742725,0,-29.031251887847134,-31.54482215960026,0.6222204566001892,-32.33141115372715,-23.04936993525591,-1.0799938440322876,-4.595786928973257,4.518145245247214,3.5121129671837963,0.0584145784378052,0.0055923151929487,115.982379058089
0,113.267688775886,-30.7644233703613,-27.3715991973877,0,10.4400474541218,0.0445793942459615,0,-29.12486701244602,-31.585638086898182,0.6226415634155273,-32.42830992617047,-23.095026074382062,-1.0754895210266113,-4.588855646783486,4.521755058944167,3.5126413027550862,0.0468030385673046,0.0044829884245022,116.086811234141
0,113.372058356717,-30.8615455627441,-27.4098129272461,0,10.4346250661956,0.0297890073658845,0,-29.218928289980973,-31.626648535603632,0.623065173625946,-32.524638428251336,-23.140413517194006,-1.0715954303741455,-4.581882713672869,4.525471693944379,3.513047568013876,0.0338974557816982,0.0032485419873862,116.191180814972
0,113.476382608336,-30.958667755127,-27.4479026794434,0,10.4291100487653,0.0151257226860829,0,-29.313484383108666,-31.667874722496105,0.6234899759292603,-32.62038292898203,-23.18552579401342,-1.067726969718933,-4.5748392356964676,4.529325818674568,3.513324133565636,0.0210575088858604,0.0020191067732951,116.29550506659
0,113.580658186688,-31.0557899475098,-27.4858589172363,0,10.4235286474815,0.0007041365648964,0,-29.40852545199918,-31.709312357437824,0.6239160299301147,-32.715550617618966,-23.230366292227828,-1.061883568763733,-4.5677152892384525,4.533325410746504,3.5134729067589863,0.0083896368741989,0.0008048749266001,116.399780644942
0,113.684878320055,-31.1529121398926,-27.5236625671387,0,10.4177975542461,-0.0151242537396813,0,-29.504062364322266,-31.750966178701805,0.624346911907196,-32.810121878936435,-23.27492576966158,-1.0531530380249023,-4.560494325554839,4.537488447008191,3.513490072896686,-0.0053466157987713,-0.0005132188580718,116.50400077831
0,113.789032864514,-31.2500343322754,-27.5612850189209,0,10.4118739177233,-0.0321027424902644,0,-29.60013476808857,-31.7928534727076,0.6247777938842773,-32.90404262191332,-23.319178740055943,-1.0445666313171387,-4.553153753540115,4.541843254779568,3.5133641878869164,-0.019979378208518,-0.0019188940817785,116.608155322768
0,113.893115234886,-31.3471565246582,-27.5987071990967,0,10.40574640052,-0.0500202175620846,0,-29.696754002661724,-31.8349791833854,0.6252123713493347,-32.99729374198812,-23.363116201846758,-1.036041259765625,-4.545677499779556,4.5464083417002525,3.5130914370324264,-0.0353615991771221,-0.0033982368272161,116.712237693141
0,113.997149375203,-31.444314956665,-27.6359004974365,0,10.3994007859512,-0.0686970971085959,0,-29.79398335556273,-31.87737090391385,0.6256469488143921,-33.08986030003338,-23.406731116112216,-1.0385875701904297,-4.538027449565745,4.55122682390363,3.5126622835900463,-0.0513707771897316,-0.0049396746444226,116.816271833457
0,114.101114737949,-31.5414943695068,-27.6728458404541,0,10.3928218118611,-0.0879797527342609,0,-29.89183770729098,-31.92003512214823,0.6260888576507568,-33.18169525075918,-23.450001316355806,-1.0452953577041626,-4.530195890418871,4.556312532929512,3.5120690981652363,-0.0679039433598518,-0.0065335008720364,116.920237196204
0,114.205014498857,-31.6387062072754,-27.7095203399658,0,10.3860025961284,-0.107738846751052,0,-29.99033795744052,-31.96298095025194,0.6265307664871216,-33.272788914150524,-23.492922241610454,-1.051025390625,-4.522159419565196,4.561693221855176,3.5113080660607463,-0.0848718360066414,-0.0081713122167469,117.024136957112
0,114.308847788338,-31.7359580993652,-27.7458992004395,0,10.3789340415701,-0.127865228279567,0,-30.08949353103349,-32.00621249750775,0.6269775032997131,-33.36313592376665,-23.535491363351174,-1.0424304008483887,-4.5138943083371625,4.567396957124292,3.510377279927936,-0.102196462452412,-0.0098457806463145,117.127970246593
0,114.412611905011,-31.833251953125,-27.7819671630859,0,10.3716114185127,-0.148266310740762,0,-30.18933653599475,-32.0497437628793,0.6274242997169495,-33.45270613948215,-23.57769448034792,-1.0190868377685547,-4.5053901776124246,4.573442358270482,3.5092691103722764,-0.119809493422508,-0.0115504957162824,117.231734363266
0,114.516302785332,-31.930591583252,-27.817699432373,0,10.3640266546252,-0.16886301969567,0,-30.289858066853842,-32.093570863606885,0.6278771758079529,-33.54150734124624,-23.619535258307028,-0.9999438524246216,-4.496624513094814,4.579856216986989,3.507985464742386,-0.137651041150093,-0.0132798552536813,117.335425243586
0,114.619927030113,-32.0279884338379,-27.8530807495117,0,10.3561768464634,-0.189587557654794,0,-30.391091417348793,-32.137708315665314,0.6283313035964966,-33.62952609514703,-23.66100736752447,-0.9809484481811523,-4.487583104585071,4.586661664351794,3.506520620992386,-0.155668392777443,-0.0150289355443089,117.439049488368
0,114.723461137791,-32.1254272460938,-27.8880805969238,0,10.3480556165186,-0.210381383049248,0,-30.493010473909465,-32.182144733612496,0.6287878155708313,-33.7167529353364,-23.702106347942934,-0.9660083055496216,-4.478247186386027,4.593884122189497,3.504876486470906,-0.173815086483955,-0.0167934134243499,117.542583596046
0,114.826926107975,-32.2229309082031,-27.9226932525635,0,10.339660690421,-0.231193761446533,0,-30.59565458319419,-32.22689727247923,0.6290380954742432,-33.80319586845483,-23.74283597207967,-0.95497065782547,-4.46860651991346,4.601543271880988,3.5030492464806664,-0.192050009965897,-0.0185694699819173,117.64604856623
0,114.930315811089,-32.320499420166,-27.9568958282471,0,10.3309871814666,-0.251980267403041,0,-30.699069088280112,-32.27184110134902,0.6290515065193176,-33.88885392345704,-23.783195782403837,-0.9511352181434631,-4.458644179643104,4.609532409152167,3.501038901021686,-0.210336700081825,-0.0203537337577993,117.749438269344
0,115.033617790011,-32.4181251525879,-27.9906673431396,0,10.3220351765808,-0.27270213531431,0,-30.803973774554038,-32.31499947856946,0.628979504108429,-33.97372917453046,-23.82318432163761,-0.9479907155036926,-4.44835009948534,4.61577004287692,3.4988473574425862,-0.228642642498016,-0.0221432000288163,117.852740248265
0,115.136831253115,-32.515811920166,-28.0239887237549,0,10.3127982673051,-0.293324989870518,0,-30.909595189739896,-32.3584527220904,0.62890625,-34.05923909968815,-23.858965774506647,-0.9533520340919495,-4.441799593211328,4.622500442181404,3.4964727083947365,-0.246938809752464,-0.0239352092381804,117.955953711369
0,115.239953870404,-32.6135597229004,-28.0568466186523,0,10.3032749637111,-0.313818445110887,0,-31.015927531410394,-32.40219844476064,0.6288341879844666,-34.14394081653864,-23.89440903426653,-0.9695983529090881,-4.434856585693908,4.62974201354117,3.4939168612267664,-0.26519900560379,-0.0257273614304375,118.059076328658
0,115.342985309137,-32.7113723754883,-28.0892219543457,0,10.2934648556002,-0.334155521526004,0,-31.122991667482207,-32.44624523175834,0.6287609934806824,-34.22782231547803,-23.929509075523136,-4.252093315124512,-4.427508515490078,4.63752144075707,3.491176001241416,-0.283399790525436,-0.0275175155887038,118.162107767392
0,115.445930319552,-32.8092575073242,-28.1210994720459,0,10.2833676506203,-0.354311810440376,0,-31.230781066404706,-32.490590395966876,0.6286889314651489,-34.31090791006217,-23.964276072234053,-4.238542556762695,-4.41974373796337,4.645862547338832,3.488253943135946,-0.301519632339478,-0.029303709576468,118.265052777807
0,115.548786492856,-32.9072113037109,-28.1524753570557,0,10.2738295877413,-0.370554190365699,0,-31.339225917572534,-32.53520521691105,0.6286157369613647,-34.393270399776306,-23.998740487194635,-4.227109432220459,-4.411562649005275,4.654771658804672,3.4851678530480563,-0.316700547933578,-0.0308059181415108,118.36790895111
0,115.65155278393,-33.0052223205566,-28.1833744049072,0,10.265032083384,-0.38297856271669,0,-31.448225641851888,-32.58004831577023,0.6285412311553955,-34.4750157076585,-24.03294664368299,-4.219753265380859,-4.402992528032395,4.664223422603282,3.4819425265099664,-0.32891058921814,-0.0320195698604281,118.470675242185
0,115.754231423441,-33.1032829284668,-28.2138214111328,0,10.2569901340452,-0.391690592798205,0,-31.557649206081454,-32.62506578476579,0.628466784954071,-34.556283319299816,-24.066952909158733,-4.211881160736084,-4.394056042931807,4.674190895511594,3.478610388448446,-0.338143408298492,-0.0329431067224017,118.573353881696
0,115.856837484669,-33.2013969421387,-28.2438488006592,0,10.249668253892,-0.396825348583401,0,-31.66740150939639,-32.670218498867705,0.6283923387527466,-34.63720076522586,-24.10081264850883,-4.194573879241943,-4.384778349747759,4.6846441372736844,3.4751981417443463,-0.344429433345795,-0.0335788025651363,118.675959942923
0,115.959389332703,-33.2995719909668,-28.2734889984131,0,10.2429968997959,-0.398550528053242,0,-31.777372997922395,-32.71546138699671,0.6283166408538818,-34.71791331281569,-24.13458664857022,-4.176849365234375,-4.375180541051875,4.695551988357125,3.4717363039757863,-0.34783673286438,-0.0339328158004028,118.778511790958
0,116.061849468785,-33.397762298584,-28.3027591705322,0,10.2368988705888,-0.397062436499418,0,-31.887359604729358,-32.76071049487142,0.6282421946525574,-34.79855220471909,-24.168329827560633,-4.160803318023682,-4.365285598120043,4.706872242559928,3.468264929464066,-0.348466664552689,-0.0340146793666273,118.880971927039
0,116.164289012933,-33.4960289001465,-28.3316993713379,0,10.2312968558035,-0.392579126960621,0,-31.997159835364677,-32.806661925218656,0.6281945705413818,-34.87922444956938,-24.202086963023294,-4.157963752746582,-4.355103738241975,4.7193112137254625,3.464793554952346,-0.346448659896851,-0.0338367569417336,118.983411471188
0,116.266643827784,-33.594295501709,-28.3603382110596,0,10.2261096392417,-0.385332469556314,0,-32.10583885445779,-32.85557152221112,0.6282690167427063,-34.959981630101986,-24.235879639648083,-4.155125617980957,-4.344681473776294,4.735253500334761,3.4613488833214863,-0.341933220624924,-0.0334135599507682,119.085766286039
0,116.368932599669,-33.6925735473633,-28.3887004852295,0,10.2212587908468,-0.375560551039667,0,-32.21429219632901,-32.90437955606781,0.6283398270606995,-35.04097270266509,-24.269770187913508,-4.147509574890137,-4.334024351127502,4.7514916840528,3.4579633394982463,-0.335086196660995,-0.032761153987054,119.188055057924
0,116.471217869137,-33.7909164428711,-28.4168243408203,0,10.2166771674196,-0.363501397879919,0,-32.32250209848019,-32.95307803300451,0.6284142732620239,-35.12232490262377,-24.303811849197224,-4.133055210113525,-4.3231377774653925,4.768001493987587,3.454654089620316,-0.326082587242126,-0.0318965145706412,119.290340327392
0,116.573445649756,-33.8892593383789,-28.4447383880615,0,10.2123717436897,-0.349385918224822,0,-32.43030145898992,-33.00159175094725,0.6284875273704529,-35.20409570056773,-24.338028671949665,-4.118528842926025,-4.312059757440901,4.784712182009943,3.451447836568556,-0.315101981163025,-0.0308368852250172,119.392568108011
0,116.675624619282,-33.9876022338867,-28.4724731445312,0,10.2087315067362,-0.333431456467644,0,-32.537636751634494,-33.049896621106384,0.6285607814788818,-35.286345503524075,-24.372445933367484,-4.10890007019043,-4.300808902138214,4.801583653715149,3.448357931783406,-0.302327245473862,-0.0295987917609331,119.494747077536
0,116.777763822362,-34.0859451293945,-28.5000610351562,0,10.2060888754182,-0.315900310262437,0,-32.644428286929056,-33.097956780252545,0.6286327838897705,-35.369157079430074,-24.40709826752433,-4.099842548370361,-4.289402886875379,4.818569921655866,3.4454034487511764,-0.287990123033524,-0.0282039744381822,119.596886280617
0,116.879871147978,-34.1842880249023,-28.527530670166,0,10.2044992918422,-0.297094958131871,0,-32.75061052804333,-33.14574273437684,0.628704845905304,-35.45259588373816,-24.44201306412008,-4.087274074554443,-4.277856815520595,4.83562962136497,3.442599646260946,-0.272360742092133,-0.0266789557080718,119.698993606233
0,116.981955416286,-34.2826309204102,-28.5549144744873,0,10.2039489253429,-0.277259002094292,0,-32.856126051034074,-33.19322864057098,0.6287755966186523,-35.53671991277113,-24.477214591597107,-4.070278167724609,-4.266189814774252,4.8527182532727275,3.439959875753136,-0.255668610334396,-0.0250466053833466,119.801077874541
0,117.08402435026,-34.380973815918,-28.5822410583496,0,10.2044104801617,-0.256587219400723,0,-32.96096636327627,-33.24041067683814,0.62884521484375,-35.62154008359563,-24.51270741817956,-4.053145885467529,-4.254422253723204,4.869801367629661,3.437486044576376,-0.238106533885002,-0.0233263153873665,119.903146808514
0,117.186084607994,-34.4793167114258,-28.6095352172852,0,10.2058550643287,-0.235236692778098,0,-33.06505297636587,-33.28725352047994,0.6289160251617432,-35.707125927998376,-24.54852063930104,-4.040706634521484,-4.242564657715946,4.886838490921179,3.435195318868366,-0.219836756587028,-0.0215345390125814,120.005207066249
0,117.288165498338,-34.5776863098145,-28.6368103027344,0,10.2082517645671,-0.213335023206337,0,-33.168403974675606,-33.33376531013612,0.628985583782196,-35.793499326003854,-24.584663410612933,-4.029231071472168,-4.230614107392107,4.903821269346046,3.433087698629106,-0.200995296239853,-0.0196851942961566,120.107287956593
0,117.390303861992,-34.6761054992676,-28.6641216278076,0,10.2115806362116,-0.190987818376496,0,-33.271010573792836,-33.37994209249457,0.6290551424026489,-35.88071964871653,-24.621160575832185,-4.014184474945068,-4.218605138768348,4.920696536543921,3.431170813253136,-0.181696191430092,-0.0177900392861808,120.209426320247
0,117.492454986384,-34.7745246887207,-28.6914806365967,0,10.2158209930681,-0.16828368308321,0,-33.37279650287044,-33.425749542839924,0.6291235089302063,-35.96817747708217,-24.659976285157555,-3.9978673458099365,-4.204501672592827,4.9374228078653,3.4294503847863362,-0.162034451961517,-0.0158589771819117,120.311577444638
0,117.594625034585,-34.8729438781738,-28.7189102172852,0,10.2209540589259,-0.145298534949672,0,-33.47375789627463,-33.471185921493344,0.6291918754577637,-36.0564451897689,-24.69919832640578,-3.9808337688446045,-4.190317295888786,4.953972727089863,3.4279264132287164,-0.14208859205246,-0.0139002911313398,120.413747492839
0,117.696895230791,-34.9714393615723,-28.7464389801025,0,10.2269675815073,-0.12209881719427,0,-33.573933635305856,-33.516268726484824,0.629260241985321,-36.14562443904366,-24.738825411860624,-3.949955940246582,-4.176083944141065,4.970341845831248,3.4266046206261764,-0.121923290193081,-0.0119208945202381,120.516017689046
0,117.799197322061,-35.0699348449707,-28.7740859985352,0,10.2338452295103,-0.0987436718061691,0,-33.67325575984764,-33.56096737323662,0.6293261647224426,-36.23564118672007,-24.77882464241649,-3.9198131561279297,-4.161848697260653,4.9864762871474255,3.4254840533043964,-0.101591467857361,-0.0099265463686967,120.618319780315
0,117.901574879569,-35.1684684753418,-28.8018760681152,0,10.2415741372871,-0.0752866844712239,0,-33.77174588424407,-33.60529158900673,0.6293932795524597,-36.32653498586371,-24.819213593604935,-3.903292179107666,-4.147615993394834,5.0023629079490455,3.4245666186120163,-0.0811361223459244,-0.0079220175640836,120.720697337824
0,118.004035345237,-35.2670402526855,-28.8298358917236,0,10.2501448406689,-0.0517770678855076,0,-33.86938808461118,-33.64923420745567,0.6294604539871216,-36.4183156032663,-24.859996605331183,-3.8980870246887207,-4.133407661075739,5.017970875623328,3.4238551775719763,-0.0605923160910606,-0.0059112865239301,120.823157803492
0,118.106576844758,-35.3656425476074,-28.8579845428467,0,10.2595474123326,-0.0282602828630428,0,-33.96618551308679,-33.69277473895057,0.6295251250267029,-36.510965779417575,-24.901166008276494,-3.8913183212280273,-4.1192448605105305,5.033257020241593,3.4233478228356464,-0.0399886518716812,-0.0038976865702927,120.925699303012
0,118.209217476132,-35.4642944335937,-28.8863201141357,0,10.2701254440052,-0.0107890920189173,0,-34.062525711546435,-33.734947990158574,0.629547119140625,-36.60442163936412,-24.942693419400438,-3.872568368911743,-4.105128688940996,5.0471920738422575,3.4230254809167064,-0.0239423662424088,-0.0023312619851977,121.028339934387
0,118.311979381858,-35.5630302429199,-28.9148025512695,0,10.2819623468645,0.0009919578538053,0,-34.158339678256844,-33.776890881619465,0.6295703053474426,-36.698519731029215,-24.984506208248458,-3.8421177864074707,-4.091034798381862,5.060934549525289,3.422841421773636,-0.012330986559391,-0.0011992833747116,121.131101840112
0,118.414862551706,-35.6618614196777,-28.9433917999268,0,10.2950145176498,0.0074902165420007,0,-34.25381422531695,-33.81868519096815,0.6295946836471558,-36.79310031117865,-25.026533392402058,-3.7840635776519775,-4.0769450835449765,5.0745524482735025,3.422754637410846,-0.0049585299566388,-0.0004816436767295,121.233985009961
0,118.517879997573,-35.7608108520508,-28.9720554351807,0,10.3092162518123,0.0091518573917451,0,-34.349159428292914,-33.86042287950185,0.6296179294586182,-36.88801072813078,-25.068707140596878,-3.749048948287964,-4.062844750844554,5.0881132075550894,3.422722212484086,-0.0015722615644335,-0.0001525102303124,121.337002455828
0,118.621035719307,-35.8598976135254,-29.0007419586182,0,10.322980611581,0.0067034350710769,0,-34.44457028797161,-33.90218930948161,0.6296411156654358,-36.98309942504027,-25.11096010806258,-3.732757568359375,-4.048701662792923,5.1016994787761805,3.4227031389977562,-0.0016576579073444,-0.0001605793539884,121.440158177562
0,118.724327645647,-35.9591178894043,-29.0294570922852,0,10.3344916534366,0.0046139480398485,0,-34.5401074928694,-33.94401104751293,0.6296643018722534,-37.078314273377714,-25.15326913131992,-3.740656614303589,-4.034530165289552,5.115313390626096,3.422684065511436,-0.001827138941735,-0.0001768000614745,121.543450103902
0,118.827713832811,-36.0584335327148,-29.0581817626953,0,10.3430248200734,0.0028310297345017,0,-34.63573228883776,-33.98587112883482,0.629687488079071,-37.17361658448317,-25.195617018938762,-3.748560667037964,-4.020328299860897,5.128957137517708,3.422664992025106,-0.0020511993207037,-0.0001983171537871,121.646836291066
0,118.931180641694,-36.1578330993652,-29.0869064331055,0,10.3483065725646,0.0013131733670666,0,-34.731432073060546,-34.027764036521425,0.629711925983429,-37.26899377685112,-25.237998180286766,-3.7564733028411865,-4.006091959729224,5.142634902953536,3.4226459185387763,-0.0023101735860109,-0.000223241701549,121.750303099949
0,119.034658444855,-36.2572441101074,-29.1156311035156,0,10.3502473830892,2.42922326180871e-05,0,-34.82714249959585,-34.06966160291672,0.6297351121902466,-37.3643816132176,-25.280384071329664,-3.7455992698669434,-3.9918508550150174,5.156317368566855,3.4226268450524464,-0.0025889643002301,-0.0002501354996068,121.85378090311
0,119.138126722888,-36.3566551208496,-29.1443214416504,0,10.3488301679969,-0.0010677844530592,0,-34.92284916617734,-34.111557523379375,0.6297607421875,-37.45975766786823,-25.322764727129332,-3.733250617980957,-3.977578528645293,5.170032283002093,3.4226068178918063,-0.0028754929080605,-0.0002778568056558,121.957249181143
0,119.241593943222,-36.4560661315918,-29.1730079650879,0,10.3449399942451,-0.0019894749405226,0,-35.01864215926133,-34.1534912335636,0.6297839283943176,-37.555067024747096,-25.365115745560182,-3.7224888801574707,-3.9633125184239364,5.183763233771066,3.422568670919146,-0.0031619977671653,-0.0003056564572101,122.060716401477
0,119.345021269861,-36.5554466247559,-29.2016563415527,0,10.340026486053,-0.0027639712808475,0,-35.11439925204503,-34.19540922826865,0.6298046708106995,-37.650340579585254,-25.40745085523941,-3.7163829803466797,-3.9490236824678218,5.19751723652561,3.4225305239464863,-0.003442658111453,-0.0003329447940101,122.164143728115
0,119.448399856454,-36.6547813415527,-29.2302875518799,0,10.3348611915539,-0.0034137874770884,0,-35.21011227402796,-34.23730793083001,0.6298303008079529,-37.745570175649334,-25.449766431696386,-3.710181713104248,-3.934737630483577,5.2112687313057,3.4224923769738362,-0.003711590077728,-0.0003591330165397,122.267522314708
0,119.551717650229,-36.7540588378906,-29.2588977813721,0,10.3296358150231,-0.0039592426620454,0,-35.305770086939006,-34.27918246543143,0.6298510432243347,-37.840604741897614,-25.492542655828377,-3.6993091106414795,-3.9199506289268355,5.225016613861973,3.4224542300011764,-0.0039641330949962,-0.0003837630749811,122.370840108484
0,119.654997143386,-36.8533058166504,-29.2874755859375,0,10.3243904199893,-0.0044175082395343,0,-35.40139346864091,-34.32104192765335,0.6298779249191284,-37.93546440550134,-25.535791087416204,-3.6883885860443115,-3.9046387525440633,5.238782261437965,3.4224160830285264,-0.0041975006461143,-0.0004065615587106,122.474119601641
0,119.758211152344,-36.9524879455566,-29.3160419464111,0,10.3191450385899,-0.0048029006795172,0,-35.49695730998057,-34.36287532587815,0.6299023032188416,-38.03026491295265,-25.579012548522442,-3.6836705207824707,-3.8893433780181335,5.2525323979203735,3.422377936055866,-0.0044104233384132,-0.0004274019644266,122.577333610598
0,119.861375866454,-37.051628112793,-29.344575881958,0,10.3138996731077,-0.0051273161271402,0,-35.59247656012457,-34.40468920415463,0.6299231052398682,-38.12502114410093,-25.622213823170185,-3.680027961730957,-3.8740356085564693,5.26629567031006,3.4223397890832064,-0.0046027209609746,-0.0004462638321205,122.680498324709
0,119.964503894851,-37.1507339477539,-29.3730964660645,0,10.3086543241438,-0.0054006514114449,0,-35.68796287783954,-34.446488666147715,0.6299487352371216,-38.21974470366304,-25.665400202183623,-3.672466993331909,-3.8587297886021563,5.280057539349701,3.4223016421105563,-0.0047749504446983,-0.000463198167217,122.783626353106
0,120.06755174762,-37.2497634887695,-29.4015922546387,0,10.3034089912891,-0.0056311455235938,0,-35.78346938238372,-34.4882969649943,0.6299706697463989,-38.31432815774479,-25.708522704286132,-3.6637072563171387,-3.8434438513098876,5.293825008136886,3.422244421651566,-0.0049281381070613,-0.0004783016354312,122.886674205874
0,120.170562941483,-37.3487548828125,-29.4300880432129,0,10.2981646468183,-0.003727315266027,0,-35.87886395053931,-34.53005626330413,0.6299938559532166,-38.408936593008576,-25.751656595812783,-3.6561217308044434,-3.828164465100266,5.307565844972577,3.422203413655966,-0.0034631302114576,-0.0003362861348009,122.989685399737
0,120.273520732885,-37.4476890563965,-29.458589553833,0,10.2928817982065,0.0018565262085619,0,-35.974078902953984,-34.57173693420937,0.6300182938575745,-38.50359071679303,-25.794811317656396,-3.649693489074707,-3.8128990650566,5.321259533022101,3.4221891085412164,0.0008482467965222,8.24110097982433e-05,123.092643191139
0,120.37642368647,-37.5465507507324,-29.4871444702148,0,10.2875170551222,0.0104039577480254,0,-36.06897082996982,-34.61327619964203,0.6300414800643921,-38.598388006601105,-25.838031311774266,-3.6395018100738525,-3.7976819845712813,5.33483541730027,3.4222301165368263,0.0075319176539778,0.0007321410756289,123.195546144724
0,120.479270946821,-37.6453285217285,-29.5157890319824,0,10.2820289176575,0.0213513541824208,0,-36.16343308671155,-34.654627375443404,0.63006591796875,-38.693398264007975,-25.881348402110667,-3.6338768005371094,-3.782540003323719,5.348240233997451,3.4223474184777363,0.0161985214799643,0.0015754173310176,123.298393405076
0,120.582064834975,-37.7440185546875,-29.5445442199707,0,10.2763892671157,0.0342499684342291,0,-36.25737511042487,-34.69575081745821,0.6300891041755676,-38.788683095627675,-25.924790676362,-3.625882387161255,-3.7674845347480166,5.361439931619857,3.4225591341759865,0.0265256557613611,0.0025812089974859,123.401187293229
0,120.684806774129,-37.8426132202148,-29.5734405517578,0,10.2705676459276,0.0487385332356667,0,-36.35071410863128,-34.73661028299596,0.6301122903823853,-38.884295635193816,-25.968382359267807,-3.613593578338623,-3.7525387173106846,5.3743915593039615,3.4228814760949264,0.0382446199655533,0.0037236685126976,123.503929232384
0,120.78748262221,-37.941089630127,-29.6025047302246,0,10.2645505448275,0.0645234694176865,0,-36.443371166072225,-34.77717122663247,0.6301367282867432,-38.980260643593645,-26.012134739815384,-3.5992212295532227,-3.7377310046685213,5.38705243585179,3.4233268420006864,0.0511301569640636,0.0049811383929193,123.606605080464
0,120.890106039421,-38.0394554138184,-29.6317577362061,0,10.2583128560995,0.0813639832736789,0,-36.53530216210375,-34.81741433440501,0.630157470703125,-39.07662129461842,-26.056067501805906,-3.584787607192993,-3.72307315489242,5.399399166489512,3.4239057223107463,0.0649924054741859,0.0063353849877553,123.709228497676
0,120.992662662589,-38.1376876831055,-29.6612243652344,0,10.2518483743182,0.0990611632418852,0,-36.62645098508667,-34.85731504325172,0.6301794052124023,-39.173384604532316,-26.100183844095557,-3.5694713592529297,-3.708595112201626,5.41139489333548,3.424625746419636,0.0796706601977348,0.0077709831599342,123.811785120844
0,121.095154388785,-38.235782623291,-29.6909217834473,0,10.2453080480963,0.117448231421702,0,-36.71677170695663,-34.89685324800542,0.6302013993263245,-39.27057550042426,-26.14449513144633,-3.551658868789673,-3.69431161335756,5.423017294608163,3.4254954973961964,0.095028929412365,0.0092747514762153,123.914276847039
0,121.197584923066,-38.3337364196777,-29.7208728790283,0,10.2391497157389,0.136381159958716,0,-36.806219888394864,-34.93600949520242,0.6302233934402466,-39.368220136651566,-26.189013288156612,-3.534227132797241,-3.6802430259857,5.434239291630652,3.4265235583092863,0.110953412950039,0.0108352329198967,124.01670738132
0,121.299961807682,-38.4315490722656,-29.7511005401611,0,10.2336936455453,0.155734063321173,0,-36.894783328895514,-34.97477844402957,0.6302477717399597,-39.46632855851142,-26.233742894079747,-3.5219457149505615,-3.666411514765103,5.445039925781946,3.4277127901818463,0.127348467707634,0.0124425968720043,124.119084265937
0,121.40228857233,-38.5292167663574,-29.7816257476807,0,10.2290117809244,0.175399467158832,0,-36.98244149753259,-35.01315110948258,0.6302685141563416,-39.564910305097335,-26.27868829828063,-3.514920473098755,-3.6528388796382885,5.4553983670694794,3.429067007711136,0.144131630659103,0.0140884035550591,124.221411030585
0,121.50457928751,-38.6267471313477,-29.8124675750732,0,10.2251155432729,0.195285250766931,0,-37.069179034747506,-35.05112077531776,0.6302905082702637,-39.66398782385786,-26.32385973500327,-3.507148265838623,-3.6395402066739595,5.465300149852646,3.4305909792687563,0.161231279373169,0.015765287120215,124.323701745765
0,121.606837285753,-38.7241363525391,-29.8436450958252,0,10.2220015535168,0.215311520220759,0,-37.15498525962964,-35.08868275586236,0.6303112506866455,-39.76356405659729,-26.3692585454755,-3.4962522983551025,-3.6265371710785708,5.47472877936314,3.432286612203326,0.178585320711136,0.017466805913073,124.425959744007
0,121.709066694819,-38.8213806152344,-29.8751792907715,0,10.2196668441681,0.235408181572961,0,-37.23984083675361,-35.125828586965056,0.6303319931030273,-39.8636490878338,-26.414889327432313,-3.487783193588257,-3.61385254255906,5.483665389366403,3.434157721212116,0.196139544248581,0.0191872721323191,124.528189153074
0,121.811282158377,-38.9184875488281,-29.9070892333984,0,10.2181088143746,0.255513193745615,0,-37.32375583638369,-35.16256267691989,0.630352795124054,-39.964250202107024,-26.460755402042068,-3.4860289096832275,-3.601504741652326,5.49210072287786,3.436204306295126,0.213846519589424,0.0209216496056612,124.630404616632
0,121.913495489355,-39.0154609680176,-29.939395904541,0,10.2173194774736,0.275570755570157,0,-37.40671870173856,-35.198879966704695,0.6303722858428955,-40.06594860739996,-26.505021665334453,-3.4838414192199707,-3.5914413117049095,5.500020389004619,3.438430182149616,0.231664657592773,0.0226654793286365,124.73261794761
0,122.015710892266,-39.1122970581055,-29.9721183776855,0,10.2172997296642,0.295530528208182,0,-37.488740223359244,-35.23478517991722,0.6303942799568176,-40.168296825912996,-26.54915541003953,-3.4720005989074707,-3.582151725916312,5.5074130648574995,3.4408334414269564,0.249557107686996,0.024414746215186,124.834833350521
0,122.117935190692,-39.2089958190918,-30.0052719116211,0,10.2180440663008,0.315346386638074,0,-37.569814809685376,-35.270275868831995,-2.8618223667144775,-40.27119260900949,-26.59352527097493,-3.4604480266571045,-3.5732726121123037,5.514270672631606,3.4434159914757863,0.267491102218628,0.0261658499461309,124.937057648947
0,122.220169447635,-39.305549621582,-30.038875579834,0,10.2195491447159,0.334975647108591,0,-37.64994150509446,-35.30535161512189,-2.877962589263916,-40.37463300607316,-26.638129975800528,-3.4510741233825684,-3.564829581669795,5.520580410214231,3.446177832296096,0.28543746471405,0.0279155418869475,125.03929190589
0,122.322428125884,-39.4019660949707,-30.0729446411133,0,10.2218128103959,0.354378429423745,0,-37.72913239219856,-35.340017707993354,-2.898381233215332,-40.478628084057384,-26.682973865503946,-3.4413084983825684,-3.5568388912388995,5.526339773211889,3.449118963887896,0.303369730710983,0.0296608425649852,125.141550584138
0,122.424727143824,-39.4982528686523,-30.1074981689453,0,10.2248293144454,0.373516948073873,0,-37.80740124090142,-35.3742801752708,-2.878260374069214,-40.583189579287684,-26.728062000925547,-3.428929328918457,-3.549320565939958,5.531543358703957,3.4522393862511764,0.321263909339905,0.0313990341945715,125.243849602079
0,122.527068307101,-39.5944023132324,-30.1425552368164,0,10.2285950172069,0.392355250493304,0,-37.884758840048164,-35.4081437398096,-2.8191795349121094,-40.68831027482451,-26.773391270036875,-3.4158787727355957,-3.5423015771501083,5.536181273066812,3.4555371920373164,0.339098036289215,0.0331276033934242,125.346190765356
0,122.629456909121,-39.6904144287109,-30.1781234741211,0,10.2331055275133,0.410858428471242,0,-37.96121039669849,-35.44161068101869,-2.7607946395874023,-40.793993387655235,-26.81896306004038,-3.389455556869507,-3.5357948478597576,5.540256687329797,3.4590123812462963,0.356851845979691,0.0348442187717959,125.448579367376
0,122.731895242095,-39.7862815856934,-30.2142219543457,0,10.2379998584439,0.429033114760639,0,-38.036758351156614,-35.47468206714992,-2.755943536758423,-40.900239417983435,-26.864777586629675,-3.3725085258483887,-3.5298271380543427,5.543759748274475,3.462664953878136,0.374474823474884,0.0365448771087405,125.551017700349
0,122.834386758086,-39.8819999694824,-30.250862121582,0,10.2416656759578,0.44703240481121,0,-38.111426441925936,-35.50736828981771,-2.769554376602173,-41.00703840465488,-26.91083055443896,-3.3665552139282227,-3.5244180158044998,5.546691600691699,3.4664910952355563,0.391810357570648,0.0382201164438168,125.653509216341
0,122.936906662715,-39.9775352478027,-30.2880554199219,0,10.2425634131595,0.464991045876469,0,-38.18518331727003,-35.539655624687775,-2.783001661300659,-41.11437317373196,-26.95711455786617,-3.3656272888183594,-3.5195976327335656,5.549038669317521,3.470492712667196,0.408749431371689,0.0398658865483267,125.75602912097
0,123.039435537513,-40.0728607177734,-30.3258075714111,0,10.240126611616,0.48290657444854,0,-38.25807145932536,-35.571562668466655,-2.7897300720214844,-41.222189171484864,-27.00360607270718,-3.3471508026123047,-3.5153916840803627,5.55080233757812,3.4746583620812563,0.425306469202042,0.04148721522354,125.858557995767
0,123.141930145694,-40.1679267883301,-30.3641166687012,0,10.2341657650292,0.500717416638042,0,-38.33004377261269,-35.60306880494058,-2.7959959506988525,-41.330453877008516,-27.050291075568687,-3.333242177963257,-3.5118242116613936,5.551975636228031,3.478989950826376,0.44154080748558,0.043092255222546,125.961052603949
0,123.244353253551,-40.2626876831055,-30.4029865264893,0,10.2246377887397,0.51834279933967,0,-38.40108812803391,-35.634168724553646,-2.8042712211608887,-41.4391222457303,-27.097150142705978,-3.3224596977233887,-3.5089246894859136,5.5525507735443576,3.483483664205276,0.457522094249725,0.0446896322038834,126.063475711806
0,123.346681366699,-40.3571128845215,-30.442419052124,0,10.2126939237419,0.535681735261137,0,-38.47121547000891,-35.664867218264654,-2.7818286418914795,-41.54815674890689,-27.144167091287525,-3.3008298873901367,-3.506715198594225,5.552528604707153,3.488133780172076,0.473325669765472,0.0462831737322501,126.165803824954
0,123.448894767936,-40.4511756896973,-30.4824161529541,0,10.1997010405315,0.552674601805603,0,-38.54039204354309,-35.69514950970449,-2.775832414627075,-41.657554853360544,-27.191340828977562,-3.2783191204071045,-3.505214326486771,5.551908067591588,3.492944113424026,0.488969326019287,0.0478693523044994,126.26801722619
0,123.550986765174,-40.5448608398438,-30.522985458374,0,10.1861927624304,0.569300702221339,0,-38.608654702988694,-35.72503173199712,-2.769914388656616,-41.767289708135515,-27.238659777331023,-3.260347843170166,-3.5044439669070715,5.550691816099285,3.497907034566606,0.504434585571289,0.0494442432582958,126.370109223429
0,123.652944371346,-40.6381492614746,-30.5641269683838,0,10.172325090273,0.585549802758606,0,-38.67599626523135,-35.75451074070862,-2.7640745639801025,-41.877354247382726,-27.286120889471434,-3.2587523460388184,-3.5044190460739677,5.54888530109239,3.503022543599806,0.51969975233078,0.0510051407636741,126.472066829601
0,123.75477068098,-40.7310333251953,-30.6058540344238,0,10.1581412234946,0.601414425684834,0,-38.74242424369582,-35.783589824867455,-2.7583141326904297,-41.987756454873605,-27.33372760809408,-3.2536351680755615,-3.505162531831262,5.546486635219035,3.508290640523636,0.534745395183563,0.0525500317003328,126.573893139234
0,123.856465153481,-40.8235054016113,-30.6481704711914,0,10.1436556128922,0.616888990999188,0,-38.807953321478685,-35.81227541205145,-2.755096435546875,-42.09849599132344,-27.381479786895444,-3.234896183013916,-3.506689183648943,5.543503407407818,3.5137094179894564,0.549554765224457,0.0540772807828796,126.675587611736
0,123.958021296361,-40.9155502319336,-30.6910820007324,0,10.1288740827394,0.631968427656521,0,-38.87260245802074,-35.84057580182333,-2.751986026763916,-42.20956135101378,-27.42937246447563,-3.220486879348755,-3.5090189334358826,5.539938809626818,3.5192750613000063,0.564112782478333,0.0555854449545729,126.777143754616
0,124.059436329874,-41.0071563720703,-30.7345943450928,0,10.1137938621084,0.646647533516142,0,-38.93639434992291,-35.868500929700986,-2.7485191822052,-42.32094521692441,-27.47740248565023,-3.2109556198120117,-3.5121702604062386,5.535797338401331,3.5249837557580164,0.578406035900116,0.0570732807797239,126.878558788129
0,124.160715411511,-41.0983200073242,-30.778715133667,0,10.0984216583544,0.660922204808655,0,-38.99933993699915,-35.89605558462694,-2.744433641433716,-42.43266064132614,-27.525575478710557,-3.1980137825012207,-3.51616019859716,5.531084037207595,3.5308355013634865,0.592422544956207,0.0585396233674849,126.979837869765
0,124.261846847716,-41.189022064209,-30.8234443664551,0,10.08275843782,0.674788261370652,0,-39.061464018010085,-35.923250622346984,-2.7404026985168457,-42.54468747667105,-27.57388275579912,-3.182596445083618,-3.521005449015238,5.525805560059071,3.5368245760705164,0.606151521205902,0.0599834466429393,127.080969305971
0,124.362831093666,-41.2792549133301,-30.8687858581543,0,10.0668041826102,0.688241728784496,0,-39.122773798368584,-35.95008919705626,-2.736422061920166,-42.657035968648465,-27.62232873497657,-3.16778302192688,-3.526721492976957,5.51996869747663,3.542950979879106,0.61958259344101,0.0614037623636046,127.18195355192
0,124.463661991622,-41.3690032958984,-30.9147434234619,0,10.0505607341463,0.701279142942991,0,-39.18328975242157,-35.97658027147304,-2.7338597774505615,-42.769698460339775,-27.670910114490358,-3.1533496379852295,-3.533327253465593,5.513577420334405,3.5492108980919963,0.632706880569458,0.0627997094013858,127.282784449876
0,124.564336145476,-41.4582557678223,-30.9613189697266,0,10.0340317991394,0.713897412617747,0,-39.243035237016215,-36.002734070140384,-2.7315759658813477,-42.882670692162435,-27.719625057558847,-3.1375999450683594,-3.540838501946734,5.506638558574996,3.5556005160119164,0.645515501499176,0.064170404959556,127.383458603731
0,124.664846979778,-41.5469970703125,-31.0085144042969,0,10.0172191034576,0.726094078314055,0,-39.30203071411336,-36.02855955035451,-2.7293248176574707,-42.99594601480296,-27.768470696920566,-3.121757745742798,-3.5492726394923504,5.499156954381518,3.562116018941606,0.658000648021698,0.0655150745776453,127.483969438032
0,124.765204924369,-41.6352310180664,-31.0563316345215,0,10.0001233440199,0.737867289967059,0,-39.360312867714576,-36.054072770667766,-2.72709584236145,-43.1095345550207,-27.817451399352173,-3.1063084602355957,-3.558639641330163,5.491144603334422,3.5687535921837963,0.67015540599823,0.0668330298604913,127.584327382624
0,124.865401320439,-41.7229385375977,-31.1047744750977,0,9.98274802756968,0.749215561189209,0,-39.41789062311449,-36.07927763815965,-2.7250707149505615,-43.223434985532236,-27.86656659251359,-3.0913023948669434,-3.5689606163551355,5.482602266020834,3.575511328389846,0.681973099708557,0.0681235781204139,127.684523778694
0,124.965430745731,-41.8101081848145,-31.1538391113281,0,9.96509652448999,0.760138757103972,0,-39.47478624413312,-36.10418389889668,-2.723118782043457,-43.33764402347304,-27.91581486079536,-3.075164794921875,-3.5802467492373125,5.473540178205989,3.5823854128625063,0.693447947502136,0.0693861057718595,127.784553203986
0,125.065289762466,-41.896728515625,-31.2035255432129,0,9.94716833247191,0.770636824558927,0,-39.53101406944928,-36.128797829686576,-2.7195727825164795,-43.4521668317921,-27.965198430521276,-3.0590758323669434,-3.5925131654865807,5.463964855006859,3.589373938253136,0.704574942588806,0.0706200939109126,127.884412220721
0,125.164977029639,-41.9827880859375,-31.2538375854492,0,9.92897043860086,0.780711255771789,0,-39.586609300858676,-36.153134840240774,-2.7094078063964844,-43.56699827201128,-28.014715085919676,-3.0426390171051025,-3.605778207352517,5.453878102861309,3.596471182515826,0.715349614620209,0.0718250148538577,127.984099487893
0,125.264485606961,-42.0682754516602,-31.3047676086426,0,9.91050303969962,0.790364133506901,0,-39.64158363083026,-36.177200047719055,-2.699355363845825,-43.68214189497818,-28.064366358157415,-3.0261547565460205,-3.6200504362527575,5.44329230031306,3.6036752383019564,0.725768148899078,0.0730004443683447,128.083608065215
0,125.363820042727,-42.1531867980957,-31.3563175201416,0,9.8917671689585,0.799598403017697,0,-39.69596851224631,-36.20100721738322,-2.689412832260132,-43.79754247215417,-28.114280360240645,-3.0094616413116455,-3.6352043311190823,5.432213173916478,3.6109822909142664,0.735828280448914,0.07414609956735,128.182942500982
0,125.462974275818,-42.2375068664551,-31.4084873199463,0,9.87276558300368,0.808418683113623,0,-39.74979488057984,-36.224569896016625,-2.679572582244873,-43.911130570254954,-28.168437826864448,-2.9927051067352295,-3.646770765970999,5.42064224093378,3.6183866183068463,0.745527565479279,0.0752616577771834,128.282096734073
0,125.561949114087,-42.321231842041,-31.4612712860107,0,9.85349998354859,0.816830069884369,0,-39.8030722442369,-36.24789224595685,-2.669830322265625,-44.02497876889851,-28.222719306361945,-2.975687265396118,-3.659367775403732,5.408592051006315,3.625888220479696,0.75486546754837,0.0763469881218228,128.381071572341
0,125.660735586656,-42.4043426513672,-31.514669418335,0,9.83397374527584,0.824839829707454,0,-39.85583812614435,-36.27099069299472,-2.661160945892334,-44.139069540981296,-28.277116442016734,-2.9585766792297363,-3.6730132937436335,5.396060357599982,3.6334794680382863,0.763841986656189,0.0774019924664748,128.47985804491
0,125.759329377855,-42.4868316650391,-31.5686721801758,0,9.81418629436009,0.832455879377362,0,-39.90811631088917,-36.293875648915346,-2.6539905071258545,-44.2534035388194,-28.331629544845416,-2.941431760787964,-3.68771219161397,5.383058675020814,3.641156546285356,0.77245831489563,0.0784267168635094,128.578451836109
0,125.857728234128,-42.5686874389649,-31.6232795715332,0,9.79413779104713,0.839687966499505,0,-39.95991278907542,-36.31654973612632,-2.6474413871765137,-44.36799567552263,-28.38626572524302,-2.923701047897339,-3.703480629248493,5.3695893708705436,3.648919455220906,0.780716836452484,0.0794213164361112,128.676850692382
0,125.955937429664,-42.6499099731445,-31.67848777771,0,9.77382913852755,0.846547508179374,0,-40.011250685364175,-36.339023077527905,-2.6409497261047363,-44.482862584035274,-28.441032913601372,-2.9058825969696045,-3.7203265005792048,5.355661688142574,3.6567662874962963,0.788621783256531,0.0803861228176647,128.775059887918
0,126.053944346808,-42.7304801940918,-31.7342891693115,0,9.75325913684909,0.853047253792476,0,-40.06216429414887,-36.36131068560926,-2.634514093399048,-44.59798532027595,-28.495922077605716,-2.887899160385132,-3.7382612023462287,5.341276799995548,3.6646894137169963,0.796177923679352,0.0813215353656061,128.873066805063
0,126.151756515231,-42.8103981018066,-31.7906837463379,0,9.73242534302651,0.859202356878806,0,-40.11268779915358,-36.38342752441367,-2.628124952316284,-44.71337649240848,-28.550939228679972,-2.869824171066284,-3.7572957422582975,5.326437485608359,3.6726850191857463,0.80339252948761,0.0822282161653642,128.970878973485
0,126.249362440057,-42.8896484375,-31.8476600646973,0,9.71132804815146,0.865028653459329,0,-40.1628191730326,-36.405372706463524,-2.6217870712280273,-44.82904494454209,-28.606088583591216,-2.8515942096710205,-3.777438878214624,5.311152639726282,3.6807531039025463,0.810273170471191,0.0831068345967279,129.068484898312
0,126.346761325285,-42.9682235717773,-31.9052143096924,0,9.68996149776777,0.870544494916719,0,-40.21259412007187,-36.42716186143333,-2.6154918670654297,-44.944989880545634,-28.661369762753484,-2.833099365234375,-3.7987014207735417,5.295422866570921,3.688887945821496,0.816830039024353,0.0839583793025063,129.16588378354
0,126.443948262803,-43.0461120605469,-31.9633407592773,0,9.66832185398044,0.87576734240736,0,-40.262035029998145,-36.44880479050328,-2.6092419624328613,-45.0612134296851,-28.71678378137571,-2.8142712116241455,-3.821094835078571,5.279249235208659,3.697085730245316,0.823073208332062,0.0847838152474646,129.263070721058
0,126.540923799629,-43.1233062744141,-32.0220375061035,0,9.6464061939121,0.880714340529619,0,-40.31115987039803,-36.470309359046475,-2.6062145233154297,-45.17772946940137,-28.772337256058176,-2.7954907417297363,-3.8446334518711094,5.262631459194651,3.705344549825396,0.829012095928192,0.0855840358824305,129.360046257883
0,126.637687639732,-43.1998062133789,-32.0812911987305,0,9.6242087757113,0.885401324947072,0,-40.359986952107604,-36.49168358269465,-2.6105895042419434,-45.29455260087232,-28.828037148470425,-2.7765514850616455,-3.86931833059136,5.245582371597688,3.7136624972130963,0.834656119346619,0.0863599641022149,129.456810097987
0,126.734230187222,-43.2755928039551,-32.1410980224609,0,9.60175414459833,0.889857719859985,0,-40.40853361119403,-36.51293505037106,-2.614943742752075,-45.41168099672955,-28.883882587344743,-2.757336378097534,-3.895166897331791,5.228095964440792,3.722035757711136,0.840024352073669,0.0871132451232352,129.553352645477
0,126.83054866629,-43.3506584167481,-32.2014503479004,0,9.57913224377286,0.894150235248551,0,-40.45684272715697,-36.53408253272478,-2.6192736625671387,-45.52910632860855,-28.93986960181507,-2.737571954727173,-3.922186159264205,5.210169948696482,3.7304567019250063,0.845166087150574,0.0878480408425283,129.649671124545
0,126.926654011226,-43.4250068664551,-32.2623481750488,0,9.5564304674035,0.898340414632336,0,-40.50488671014024,-36.555113952201,-2.623577833175659,-45.646894407376,-28.996029569727114,-2.7182164192199707,-3.950395103780145,5.191814687063226,3.738934866597856,0.850129544734955,0.0885684343020109,129.745776469481
0,127.022535166932,-43.4986228942871,-32.3237800598145,0,9.53370190882101,0.902466105046154,0,-40.55271907544136,-36.576052735306,-2.624943733215332,-45.76501619327574,-29.05234864526734,-2.6983983516693115,-3.9797992519455874,5.173023508222395,3.747458807637896,0.854946792125702,0.089277168500722,129.841657625187
0,127.118191913831,-43.5714988708496,-32.3857421875,0,9.51097228441017,0.90654994864758,0,-40.600347749645806,-36.59690235192996,-2.6262097358703613,-45.8834935282578,-29.10883724242014,-2.677851438522339,-4.010414606368386,5.153795583403785,3.756028525045126,0.859639227390289,0.0899761476088766,129.937314372086
0,127.213629911177,-43.6436347961426,-32.4482307434082,0,9.48825281970962,0.910605306443435,0,-40.6477866592464,-36.61766889844321,-2.627469539642334,-46.00235461226489,-29.165508806585876,-2.6574413776397705,-4.042254628974094,5.134132895436792,3.7646440188195363,0.864222466945648,0.0906668239640583,130.032752369432
0,127.308835109872,-43.7150077819824,-32.5112380981445,0,9.46555991925043,0.914641189279418,0,-40.69501207681178,-36.63834198808073,-2.6279382705688477,-46.121623486249675,-29.222374800207483,-2.637101888656616,-4.075343045750019,5.1140356449262026,3.773309103658406,0.868707716464996,0.0913501502970239,130.127957568127
0,127.403808248022,-43.7856178283691,-32.5747528076172,0,9.44289884055756,0.91866280060254,0,-40.742061521287916,-36.6589380448907,-2.6257994174957275,-46.24130432907399,-29.27943721571703,-2.615861654281616,-4.109683812650872,5.0935060662314315,3.782018057515826,0.873103618621826,0.0920269242800611,130.222930706277
0,127.498557617691,-43.8554649353027,-32.6387748718262,0,9.4202731260749,0.922673163197196,0,-40.78895134283636,-36.67946422621279,-2.6233971118927,-46.361429123858606,-29.336711302289608,-2.594377279281616,-4.145296169344889,5.072541381934097,3.7907708803918063,0.877417147159576,0.0926977919203155,130.317680075946
0,127.593094173799,-43.9245491027832,-32.7033081054687,0,9.3977744302689,0.926724342972025,0,-40.83570944163331,-36.69993274544549,-2.620887279510498,-46.48202542045092,-29.394210195367798,-2.5730650424957275,-4.182202062797225,5.051132443834962,3.799565664937706,0.881692051887512,0.0933663841434479,130.412216632054
0,127.687423746765,-43.9928703308105,-32.7683486938477,0,9.37552393488515,0.930878742964579,0,-40.882350478717086,-36.72035002050897,-2.618384838104248,-46.60312445186556,-29.451948786484927,-2.5512402057647705,-4.22041880884359,5.029279097067455,3.8084024111535264,0.88598245382309,0.0940371348117395,130.506546205019
0,127.781541355425,-44.0604209899902,-32.8338851928711,0,9.35359711398698,0.935156076979415,0,-40.928879094437015,-36.74071808273216,-2.615442991256714,-46.72474822018008,-29.50993756597228,-2.528867244720459,-4.25996096412838,5.006984908395963,3.8172811190392664,0.89031308889389,0.094711856085116,130.600663813679
0,127.87543918908,-44.1271781921387,-32.8999176025391,0,9.33205514838219,0.939546297354808,0,-40.975286555581754,-36.761033109121634,-2.5959362983703613,-46.84692271531533,-29.568188925517855,-2.506500244140625,-4.300863430595651,4.984238542021212,3.826203695943556,0.894685029983521,0.0953900054073082,130.694561647335
0,127.96913411319,-44.1931571960449,-32.9664421081543,0,9.31094257869922,0.944014808765531,0,-41.02158145068046,-36.781298859335706,-2.5764806270599365,-46.96970829557295,-29.626731643248597,-2.483602285385132,-4.3431442524616966,4.9610507698085895,3.8351739565636764,0.89908105134964,0.0960692576072656,130.788256571444
0,128.062626774651,-44.2583465576172,-33.0334587097168,0,9.29030001541861,0.948510240144762,0,-41.06780038468347,-36.80153135731779,-2.557054281234741,-47.09311092890836,-29.685568564615323,-2.460550546646118,-4.386827722216741,4.937403807591682,3.8441861788537164,0.90346896648407,0.0967457118534642,130.881749232906
0,128.155917987731,-44.3227386474609,-33.1009635925293,0,9.27016377152753,0.952968594513439,0,-41.1139446745654,-36.821731179578094,-2.5557775497436523,-47.21716862273659,-29.744717811105627,-2.4370336532592773,-4.431942083003633,4.913295248336234,3.853242270162306,0.90780508518219,0.0974142492942373,130.975040445986
0,128.249016525436,-44.3863372802734,-33.1689529418945,0,9.25057129356466,0.957316747872648,0,-41.16004224101599,-36.841910548494944,-2.5563206672668457,-47.336069280056286,-29.810846986238026,-2.4135875701904297,-4.469652612894947,4.888721434099211,3.862340323140826,0.912035524845123,0.0980686055192258,131.068138983691
0,128.341925668161,-44.4491424560547,-33.237419128418,0,9.23156099272812,0.961474296610674,0,-41.20610696861089,-36.862075542089315,-2.556864023208618,-47.44565657574983,-29.888293235512457,-2.3909435272216797,-4.4939671912534696,4.86368309925601,3.8714803377892664,0.916097819805145,0.0987015357437199,131.161048126416
0,128.434657107192,-44.5111541748047,-33.3063659667969,0,9.21316055194494,0.965355411875779,0,-41.25217816690626,-36.88224336825517,-2.5653514862060547,-47.555538138378154,-29.965947445666288,-2.3683531284332275,-4.519587327840413,4.838163268257651,3.880658499410356,0.91992312669754,0.0993051703562412,131.253779565447
0,128.527214076929,-44.5723724365234,-33.3757858276367,0,9.19578391658236,0.968859772116309,0,-41.29827015052685,-36.90242029326891,-2.576324462890625,-47.66573897799255,-30.043827291509864,-2.344970703125,-4.546522214434814,4.812161305832638,3.889874808004106,0.923445403575897,0.0998677565523143,131.346336535184
0,128.619602598575,-44.6327972412109,-33.4456748962402,0,9.179892270023,0.971869197274217,0,-41.34442659082445,-36.92262543441563,-2.5873069763183594,-47.77626507033933,-30.121936996152584,-2.3213658332824707,-4.574781264852366,4.785662606080943,3.899123541524616,0.926596701145172,0.10037668489502,131.438725056829
0,128.711854221987,-44.6924591064453,-33.5160369873047,0,9.16568088136723,0.974270091882579,0,-41.39071785032221,-36.94288959313283,-2.573641300201416,-47.88714476079327,-30.200296591505513,-2.297581672668457,-4.604362149356986,4.75865675421713,3.9083989779259865,0.929304301738739,0.10082157697793,131.530976680242
0,128.803977491395,-44.7513580322266,-33.5868721008301,0,9.15323314498964,0.975955211061911,0,-41.43713712419001,-36.96320979058263,-2.5572643280029297,-47.998429477678265,-30.278942422390976,-2.2731871604919434,-4.635285506780131,4.731143246881279,3.917706839254106,0.931495785713196,0.10119326667816,131.623099949649
0,128.895980986786,-44.8094940185547,-33.6581802368164,0,9.14258916691304,0.976826694856518,0,-41.48381067377156,-36.98364129810429,-2.5498950481414795,-48.110061302686624,-30.35783355746135,-2.248980760574341,-4.667551028217246,4.703069314810273,3.927024237325396,0.933100819587708,0.101483293734441,131.71510344504
0,128.987882849308,-44.8668823242187,-33.7299613952637,0,9.13376758219209,0.976797119210516,0,-41.53068113364615,-37.00415900378678,-2.5512402057647705,-48.222152420323184,-30.437049278435122,-2.2240612506866455,-4.701181513935562,4.674463430559275,3.9363702456261764,0.934052109718323,0.10168379574384,131.807005307562
0,129.079705615466,-44.9235458374023,-33.8022155761719,0,9.12677592859009,0.975790048143376,0,-41.57791701313926,-37.0248366731693,-2.5525975227355957,-48.33463455238456,-30.5165413325406,-2.198590040206909,-4.736156823495335,4.645268449137505,3.9457162539269564,0.934287369251251,0.101787628082447,131.898828073721
0,129.171466685267,-44.9794998168945,-33.874942779541,0,9.12161800185024,0.973742045693268,0,-41.625549064240815,-37.04568776804163,-2.553967237472534,-48.44754473302521,-30.5963358921214,-2.1733007431030273,-4.772483490022287,4.615474995417926,3.9550622622277363,0.933750748634338,0.101788452897759,131.990589143521
0,129.263179349261,-45.0347633361816,-33.9481353759766,0,9.11828246337242,0.970600806819739,0,-41.67364024845332,-37.066739850018955,-2.5553479194641113,-48.56088698379613,-30.676435799240895,-2.1473655700683594,-4.810152398695804,4.585067314268908,3.9644006411339863,0.932393312454224,0.10168093275385,132.082301807516
0,129.354866359548,-45.0893516540527,-34.021800994873,0,9.11675690241501,0.966327642702039,0,-41.72233152195795,-37.08805462315638,-2.5573558807373047,-48.67460936091994,-30.75680434480151,-2.121373176574707,-4.849152085636104,4.553980224253546,3.973708502462116,0.930173933506012,0.101460680787375,132.173988817803
0,129.44654550178,-45.1432876586914,-34.0959358215332,0,9.11702595259721,0.960896861054128,0,-41.77161206349652,-37.10962735041077,-2.5594470500946045,-48.788786289908735,-30.837494125928902,-2.094820499420166,-4.889488986986278,4.522226547892216,3.982995382955276,0.927060067653656,0.101124374469785,132.265667960035
0,129.538224262194,-45.1965827941895,-34.1705322265625,0,9.11906367619003,0.954295213762005,0,-41.82157360027154,-37.1314981856818,-2.561566114425659,-48.903382067337766,-30.91847991071717,-2.067369222640991,-4.931146430233792,4.48976686144103,3.9922460238244164,0.92302817106247,0.10066988995602,132.357346720449
0,129.62992352208,-45.2492561340332,-34.2455940246582,0,9.12283948385334,0.946520566166745,0,-41.87228638365174,-37.15369788174877,-2.5623278617858887,-49.018401486727285,-30.999765086786766,-2.0400218963623047,-4.974119236976433,4.45656737171295,4.001452795675006,0.918063104152679,0.100096173942067,132.449045980335
0,129.721659703054,-45.3013305664063,-34.321117401123,0,9.12832383392807,0.93758289847094,0,-41.923834320764676,-37.17626316924654,-2.5615649223327637,-49.133828776796335,-31.08133850844285,-2.0120604038238525,-5.0183871718011765,4.422594063053609,4.010604254415236,0.912158966064453,0.0994032694325084,132.540782161308
0,129.813450841641,-45.3528327941895,-34.3970985412598,0,9.13547900809056,0.927501523701622,0,-41.97600359597502,-37.19945830981939,-2.5608911514282227,-49.24966386121124,-31.16320012173978,-1.9842016696929932,-5.063930425339575,4.388188203160299,4.019692770650597,0.905317723751068,0.0985922646941036,132.632573299895
0,129.905309097147,-45.4037742614746,-34.4735374450684,0,9.14426499730804,0.916304669664769,0,-42.02889129800442,-37.22328916540337,-2.560295343399048,-49.365882291111724,-31.245332648465556,-1.955572485923767,-5.110734413694824,4.353271131069879,4.028706900289267,0.897549033164978,0.0976652019887768,132.724431555402
0,129.997254757289,-45.4541816711426,-34.5504341125488,0,9.15464546221012,0.904028432120868,0,-42.082807411116164,-37.24758341635232,-2.559687376022339,-49.46353642403787,-31.342890972444266,-1.9277087450027466,-5.134516387177622,4.3174968173904436,4.037639013936726,0.88886946439743,0.0966249221312015,132.816377215544
0,130.089292904969,-45.5040664672852,-34.6277809143066,0,9.1665794217022,0.89071471242412,0,-42.137804634358226,-37.27236480851553,-2.5590660572052,-49.555389443096,-31.445003096114146,-1.9011913537979126,-5.152018293281805,4.280834346401431,4.0464814821984465,0.87930154800415,0.0954750409179708,132.908415363224
0,130.181448185052,-45.5534591674805,-34.7055816650391,0,9.18002152348893,0.876409575630621,0,-42.19396466254797,-37.29767015304795,-2.563755989074707,-49.64714796207974,-31.547010164954248,-1.8750354051589966,-5.17057655084766,4.243244755884332,4.055224768331256,0.868873775005341,0.0942199335595929,133.000570643307
0,130.273728946222,-45.6023788452148,-34.7838287353516,0,9.19493555322309,0.861163335243209,0,-42.25135163852015,-37.32352835229499,-2.565725088119507,-49.738794905300374,-31.64889319608455,-1.8473376035690308,-5.190159791132969,4.204694695731212,4.063859335591996,0.857618272304535,0.0928643310537144,133.092851404477
0,130.366149595846,-45.6508445739746,-34.8625221252441,0,9.21127564646908,0.845027660468357,0,-42.310026542849585,-37.34996688370824,-2.5615453720092773,-49.830322435385746,-31.75064347677333,-1.8191882371902466,-5.210741206089026,4.165146641296172,4.0723775545861365,0.845570981502533,0.0914135220435412,133.185272054101
0,130.458724195394,-45.6988754272461,-34.9416618347168,0,9.22896103022385,0.82807130076219,0,-42.3700576582699,-37.37701651504468,-2.557274103164673,-49.921714642460884,-31.852243320164582,-1.7911230325698853,-5.232291830127006,4.124558177313858,4.080769888570517,0.832757413387299,0.0898720240634581,133.277846653649
0,130.55146842657,-45.7464942932129,-35.0212478637695,0,9.2467661028948,0.81076974025645,0,-42.43149796500393,-37.404701118849175,-2.552899122238159,-50.01296904954928,-31.953689972627195,-1.7626683712005615,-5.2547805151086004,4.082897264833986,4.089030615499226,0.818874359130859,0.0882194507279616,133.370590884824
0,130.644359074558,-45.7936935424805,-35.1012535095215,0,9.26306694501748,0.793698991451137,0,-42.49439840781294,-37.4330436505008,-2.548421621322632,-50.104021352693806,-32.054911948066426,-1.7345507144927979,-5.278174186264299,4.040122974268147,4.097144476583207,0.803574681282043,0.0864336824083819,133.463481532812
0,130.737393638377,-45.8404808044434,-35.1816673278809,0,9.27696986641832,0.777056290675522,0,-42.55881361867463,-37.462068726814444,-2.5438342094421387,-50.19483313739338,-32.15586654144847,-1.7063769102096558,-5.302438555857301,3.996194447022017,4.105100027730666,0.786833763122559,0.0845198358928844,133.556516096632
0,130.830537644648,-45.886833190918,-35.2624588012695,0,9.28797963592346,0.760812133342114,0,-42.62477688468875,-37.49179134674141,-2.5403454303741455,-50.285328164000816,-32.25646899788596,-1.6775743961334229,-5.327544718374559,3.951067570076504,4.112882010152546,0.768796801567078,0.0824970000323381,133.649660102903
0,130.923761321713,-45.9327507019043,-35.3435897827148,0,9.2958513088126,0.744820838647078,0,-42.692317296477924,-37.5222246183276,-2.539451837539673,-50.37543939088034,-32.35664478783298,-1.6493090391159058,-5.353440313443799,3.904722576822681,4.120477072408406,0.749678909778595,0.0803889815511249,133.742883779968
0,131.017039358615,-45.9782295227051,-35.4250297546387,0,9.30048399767114,0.728891502236569,0,-42.761433001710465,-37.55336770692438,-2.538538694381714,-50.465127991615226,-32.456350748333016,-1.6203478574752808,-5.380084842526942,3.857149504053838,4.127879492452346,0.729706466197968,0.0782191317405303,133.83616181687
0,131.110334375282,-46.0232620239258,-35.5067367553711,0,9.30184957922231,0.712826650794068,0,-42.832138235061734,-37.58522702658416,-2.536216974258423,-50.55431769827018,-32.555502093051125,-1.5917859077453613,-5.407425594133247,3.8083320290360043,4.135075918843956,0.709088146686554,0.0760080214824866,133.929456833537
0,131.20361758184,-46.0678520202637,-35.5886726379395,0,9.30081394189322,0.696424844003505,0,-42.904406351441125,-37.61779057120189,-2.5269200801849365,-50.64297835254802,-32.65406529529646,-1.5632165670394897,-5.4354117794198284,3.758285258822076,4.142064444234576,0.688014984130859,0.0737671259209694,134.022740040095
0,131.296873282277,-46.112003326416,-35.6708145141602,0,9.29872466167204,0.679566421291189,0,-42.97823734893277,-37.65105833991429,-2.5174217224121094,-50.73107294417275,-32.75199921109883,-1.5347325801849365,-5.463999167923504,3.707000783796603,4.148839346578326,0.66659814119339,0.0714963757705656,134.115995740532
0,131.39009292907,-46.1557426452637,-35.7531356811523,0,9.29631994007946,0.662207637412289,0,-43.05361491141778,-37.685022980784,-2.507929563522339,-50.818590235862665,-32.84929134807952,-1.5069226026535034,-5.493128394992555,3.6545020201902014,4.155400625875206,0.64489084482193,0.0691952193776926,134.209215387325
0,131.483272090989,-46.1990776062012,-35.8356246948242,0,9.29384880986233,0.644330584213151,0,-43.13053847628565,-37.71968424030237,-2.497141122817993,-50.90550536357451,-32.945914065119226,-1.4793517589569092,-5.5227610629832515,3.60077946599487,4.161744467427936,0.622933983802795,0.0668659792875182,134.302394549244
0,131.576415099178,-46.2420425415039,-35.9182662963867,0,9.29138448478746,0.625925426989752,0,-43.209023980278374,-37.755049299461994,-2.486002206802368,-50.99179220205657,-33.0418383190252,-1.4513952732086182,-5.552833488127316,3.545838884259247,4.167865149190636,0.600766122341156,0.0645121881594154,134.395537557433
0,131.669522212171,-46.2846565246582,-36.001049041748,0,9.28894235502323,0.606986485405055,0,-43.289056478439576,-37.79111142416245,-2.478904962539673,-51.07744152181208,-33.137053849454105,-1.4247875213623047,-5.58330157616672,3.489690956208064,4.173762671163287,0.578422486782074,0.0621374834992754,134.488644670425
0,131.762586692802,-46.3269462585449,-36.0839500427246,0,9.28650400250487,0.587511438902039,0,-43.370612001945005,-37.82785981420695,-2.474390745162964,-51.16243909673238,-33.23154484137685,-1.3972655534744263,-5.614107802744625,3.432365587727752,4.179437033345906,0.555934429168701,0.0597453252630169,134.581709151056
0,131.855625216629,-46.3689308166504,-36.1669769287109,0,9.28406018672373,0.56750238054776,0,-43.453696246323624,-37.86529703596392,-2.467912435531616,-51.24677767411691,-33.32530323203554,-1.3699206113815308,-5.64521915989739,3.3738529586702843,4.184886328389846,0.533329606056213,0.0573387072547272,134.674747674883
0,131.948621928284,-46.4106330871582,-36.2500991821289,0,9.28159750581235,0.546965900677975,0,-43.53827760103726,-37.90340884592983,-2.457965135574341,-51.330427896024865,-33.418296384487846,-1.3426367044448853,-5.676573618484927,3.314190532100809,4.190108648946486,0.51063197851181,0.0549202472063508,134.767744386539
0,132.04157942187,-46.4520797729492,-36.3333053588867,0,9.27908923254816,0.525924049298531,0,-43.624334911451854,-37.94218571196375,-2.4502673149108887,-51.3877900460687,-33.525072057846366,-1.3201110363006592,-5.6786803196913,3.253403908561306,4.195103995015826,0.487871617078781,0.0524932844274136,134.860701880125
0,132.134501770296,-46.493293762207,-36.4165878295898,0,9.27651617078054,0.504420681657301,0,-43.71184616039891,-37.98161771327233,-2.4402172565460205,-51.43827867780372,-33.63420603593767,-1.2972509860992432,-5.674021877039772,3.1915152041660897,4.199872366597856,0.465089112520218,0.0500622266720266,134.95362422855
0,132.227382646718,-46.5342903137207,-36.4999313354492,0,9.27386202548269,0.482505356873308,0,-43.80077517919298,-38.02168855248044,-2.429412841796875,-51.48818496846173,-33.742081251488656,-1.2759606838226318,-5.669815635086637,3.1285539819985178,4.204413763692586,0.44232451915741,0.0476314022836658,135.046505104972
0,132.320223961704,-46.5751037597656,-36.5833206176758,0,9.2711121436959,0.460221980277742,0,-43.89110051520976,-38.06238856317468,-2.4191699028015137,-51.53750924348118,-33.84869840795259,-1.2546252012252808,-5.666006249089563,3.064557945966847,4.208726278951376,0.419609695672989,0.0452042481452593,135.139346419958
0,132.413037952242,-46.6157455444336,-36.6667633056641,0,9.26825150045324,0.437609988732866,0,-43.982794994086625,-38.10370550076347,-2.407111644744873,-51.58626419710802,-33.954084944646226,-1.2326098680496216,-5.6625682836429405,2.999538543281189,4.212811819722856,0.396969199180603,0.0427834144783182,135.232160410497
0,132.505807485948,-46.6562385559082,-36.7502288818359,0,9.26526748695656,0.414705187137762,0,-44.07579783209462,-38.14561197649268,-2.3958396911621094,-51.63445035463347,-34.05824199701568,-1.2104418277740479,-5.6594510423725355,2.9335589835504394,4.216672293355666,0.374421775341034,0.0403709104125176,135.324929944203
0,132.598523802182,-46.6966094970703,-36.8336944580078,0,9.26215080445731,0.391540391623466,0,-44.170055876168576,-38.18808403993582,-2.384251594543457,-51.682071350663016,-34.161177421462305,-1.1890612840652466,-5.656604741738107,2.866678276145891,4.2203096071984465,0.351981490850449,0.0379682235966942,135.417646260437
0,132.691193659964,-46.736873626709,-36.9171600341797,0,9.25888969180889,0.368145859890585,0,-44.25448925627052,-38.23698740919663,-2.3738768100738525,-51.72912756133774,-34.26289203103596,-1.168129801750183,-5.654001943785377,2.8114367256691604,4.223721853902546,0.329658389091492,0.0355764157030217,135.510316118219
0,132.783828739438,-46.7770576477051,-37.0006256103516,0,9.25547656094879,0.344549887723252,0,-44.301569376372164,-38.30668344472897,-2.365076780319214,-51.77562589042921,-34.3634007486218,-1.1471911668777466,-5.651605032952654,2.798897863132099,4.226909033467976,0.307459741830826,0.0331962291875455,135.602951197692
0,132.876439011692,-46.8171844482422,-37.0840911865234,0,9.2519013042028,0.320778599714874,0,-44.349026759691,-38.37693796971575,-2.35526967048645,-51.82158126905042,-34.462735848648805,-1.1268310546875,-5.649379731219971,2.7862618650021407,4.229874960591996,0.285390406847,0.0308281524877897,135.695561469947
0,132.968983512321,-46.8572387695312,-37.1675186157227,0,9.24815983950086,0.296856606743715,0,-44.39682822630936,-38.44770186557537,-2.346240282058716,-51.86698674812811,-34.560882310309665,-1.106561303138733,-5.647311540702635,2.7735337016882515,4.232623449971886,0.263453513383865,0.0284724635716158,135.788105970576
0,133.061493625521,-46.8972930908203,-37.2509078979492,0,9.24424265527385,0.272806612444358,0,-44.444991300638605,-38.51900107493487,-2.338557004928589,-51.911852838993326,-34.65786285442946,-1.0861804485321045,-5.645324797185669,2.760768801556181,4.235152594258986,0.241651117801666,0.0261293400440587,135.880616083776
0,133.153955601274,-46.9373474121094,-37.3342437744141,0,9.24014622291741,0.248650036319077,0,-44.49350378949752,-38.59081754736469,-2.3296289443969727,-51.95617459508422,-34.75366678874041,-1.0671056509017944,-5.643403571565269,2.7479718518660423,4.237462393453326,0.219984397292137,0.0237988432270797,135.973078059528
0,133.246369445368,-46.9774017333984,-37.4175262451172,0,9.23586536074091,0.224406530529927,0,-44.542355213476085,-38.66313576945217,-2.320640802383423,-51.999961740119566,-34.84831513160002,-1.048702359199524,-5.641538333374605,2.735140698629554,4.239556662252156,0.198453933000565,0.0214809735413087,136.065491903623
0,133.338726251543,-47.0174751281738,-37.5007362365723,0,9.23139415911605,0.200094369916715,0,-44.59153340091837,-38.735937722633125,-2.3121862411499023,-52.04321591144337,-34.94181142221816,-1.0301073789596558,-5.639695614670742,2.7222997585140973,4.241437308004106,0.177059963345528,0.019175693447759,136.157848709798
0,133.43103575103,-47.0576057434082,-37.5838661193848,0,9.22672500918083,0.175730515269249,0,-44.64103964974067,-38.809225328304954,-2.3019468784332275,-52.0859420244643,-35.03416628552332,-1.007784366607666,-5.637830699673266,2.7094827690813954,4.243104330709186,0.155802607536316,0.0168829521745946,136.250158209284
0,133.52329448082,-47.0978012084961,-37.6669082641602,0,9.22185526147639,0.15133074828058,0,-44.69086156320004,-38.88298023469126,-2.2911510467529297,-52.12814813457964,-35.12539713370357,-0.9823156595230103,-5.635926633925696,2.696699741092663,4.244561545064656,0.134681910276413,0.0146026776583638,136.342416939075
0,133.615502342258,-47.1380767822266,-37.7498550415039,0,9.21678244238534,0.126909586506744,0,-44.74100033083957,-38.95720420275693,-2.280283212661743,-52.16982565364576,-35.215485403010085,-0.9640002250671387,-5.633961853753296,2.6839648863151364,4.245805136373246,0.113698042929173,0.0123348106348379,136.434624800513
0,133.707652269867,-47.1784629821777,-37.8326835632324,0,9.2115042345228,0.102480601324198,0,-44.791435935611695,-39.031867599849036,-2.247654914855957,-52.21099022149489,-35.30446489980776,-0.9436315894126892,-5.631893111961391,2.6713181155964536,4.246842734029496,0.0928512886166573,0.0100793030751401,136.526774728121
0,133.799746260673,-47.2189559936524,-37.915397644043,0,9.20600988330993,0.0780561736294588,0,-44.84217336182776,-39.106977804596596,-2.199230909347534,-52.250515345893874,-35.39286730386791,-0.915820300579071,-5.628476599598907,2.658751390778799,4.247668615987506,0.0721420347690582,0.0078361247336212,136.618868718928
0,133.891782637216,-47.2595825195313,-37.9979820251465,0,9.20029925301027,0.0536480150241203,0,-44.893192791368556,-39.18250547883442,-2.1533873081207275,-52.28211988294098,-35.483893482089094,-0.8949096202850342,-5.61662912868375,2.646298576859934,4.248292318990436,0.0515707954764366,0.0056052436260654,136.710905095471
0,133.983754825482,-47.3003578186035,-38.0804214477539,0,9.19437041958815,0.029266942517028,0,-44.944494497277,-39.25845102676728,-2.1338658332824707,-52.31331323548426,-35.57373538243676,-0.8769506812095642,-5.604747723286861,2.633979057965721,4.2487081209923865,0.0311383418738842,0.0033866575634435,136.802877283736
0,134.075670081485,-47.3412818908691,-38.1627235412598,0,9.18855616109506,0.0098489658626491,0,-44.99604684530473,-39.33476761797731,-2.1599059104919434,-52.34413890900486,-35.66251830773294,-0.8603613376617432,-5.592817228701952,2.621796089842209,4.248937002828326,0.0145813738927245,0.0015869049784027,136.89479253974
0,134.167532242998,-47.3823165893555,-38.2449111938477,0,9.18291024347699,-0.0054703772991099,0,-45.04778603217014,-39.41136079994881,-2.186044931411743,-52.37467769344375,-35.75047494607411,-0.8441540598869324,-5.58084953997329,2.609719832856704,4.249020926168166,0.0013058941112831,0.0001422091521037,136.986654701253
0,134.259333016709,-47.4234504699707,-38.3269805908203,0,9.17741622937711,-0.0170462053807884,0,-45.09967069469334,-39.4881693398377,-2.1990880966186523,-52.40497064450094,-35.837723544516386,-0.8274120688438416,-5.5688368526852585,2.597751288101445,4.248982779195517,-0.0089303292334079,-0.0009730749489386,137.078455474964
0,134.351082785136,-47.4646606445313,-38.4089546203613,0,9.17197999662235,-0.0270750920627577,0,-45.15166237784104,-39.56513630993516,-2.192939519882202,-52.43507518993862,-35.924429504302886,-0.81982421875,-5.5567873637131155,2.585868728496868,4.248851172139846,-0.0177830290049315,-0.0019388345299509,137.170205243391
0,134.442779965106,-47.5059432983398,-38.4908332824707,0,9.16657821387988,-0.0357459701119661,0,-45.203741626125044,-39.642232908904376,-2.190228223800659,-52.46501287619924,-36.01065488267267,-0.8320837020874023,-5.544696202036296,2.5740733554621213,4.248637549092976,-0.0254238191992044,-0.0027735132237921,137.26190242336
0,134.534416153168,-47.5472946166992,-38.5726089477539,0,9.16120439588953,-0.0432276233335107,0,-45.25588822213911,-39.719429207487316,-2.1865649223327637,-52.49479932748358,-36.09644467985094,-0.8442797660827637,-5.532557486811413,2.562369991466078,4.248351446798056,-0.0320086255669594,-0.0034938931452565,137.353538611422
0,134.626010212527,-47.5887184143066,-38.6543006896973,0,9.1559185153477,-0.0477548188246283,0,-45.30808390105069,-39.796698166959,-2.1802830696105957,-52.524476467098935,-36.18191964174314,-0.8380969166755676,-5.5203600971301965,2.550757883278592,4.248011938741416,-0.0362233407795429,-0.0039562221989516,137.445132670782
0,134.717541465411,-47.6301612854004,-38.735912322998,0,9.15065591832825,-0.0516455221343409,0,-45.350257821769006,-39.87902631155877,-2.178807258605957,-52.55406249910546,-36.26713219898674,-0.8205700516700745,-5.508146554244837,2.550425335962951,4.2476323763634865,-0.0398182570934296,-0.0043513408528394,137.536663923666
0,134.809028971373,-47.6716651916504,-38.8174438476562,0,9.14541023653232,-0.0549841732906762,0,-45.391994411479,-39.961627600319,-2.1774144172668457,-52.583571078313206,-36.35212167964307,-0.8026757836341858,-5.4958741644555245,2.5506970274465774,4.247216574361526,-0.0428836196660996,-0.0046890017535241,137.628151429628
0,134.900455487368,-47.713191986084,-38.8988952636719,0,9.14017492940404,-0.05784549607463,0,-45.433734175983446,-40.04423517234565,-2.1778552532196045,-52.61301430588027,-36.43692293700467,-0.7848217487335205,-5.483572421592425,2.5510255613045505,4.246774069478716,-0.0454966016113758,-0.0049775513994935,137.719577945622
0,134.991838327881,-47.7547721862793,-38.9802703857422,0,9.13495192297734,-0.0602951311430893,0,-45.475471714760545,-40.12683833941378,-2.1700525283813477,-52.64241890278957,-36.52161293182402,-0.771102249622345,-5.47120525123314,2.5514365976547873,4.246316305806847,-0.0477231107652187,-0.0052241184889444,137.810960786135
0,135.083158447947,-47.7963638305664,-39.0615692138672,0,9.12973067012302,-0.062390322736921,0,-45.51722491613002,-40.20947250447011,-2.159398078918457,-52.67173749861315,-36.60605522960722,-0.757003128528595,-5.458829300315218,2.5518926615112987,4.245820395162307,-0.0496194921433926,-0.0054348080307339,137.902280906202
0,135.174440229058,-47.838020324707,-39.1427917480469,0,9.12452441887348,-0.0641809790287351,0,-45.55896076837033,-40.29207233369695,-2.150019407272339,-52.701047276087024,-36.69047212911704,-0.7429088950157166,-5.446366003422537,2.552441640054011,4.245324484517776,-0.0512339100241661,-0.0056148288175661,137.993562687312
0,135.265654130456,-47.8796768188477,-39.2239379882812,0,9.11932541132219,-0.0657102180756934,0,-45.60070128895762,-40.374681402094495,-2.141873836517334,-52.73028372702724,-36.77467783635052,-0.729083240032196,-5.433899398177575,2.553025630555328,4.244798056295126,-0.0526075474917889,-0.0057686483881555,138.08477658871
0,135.356833213941,-47.9213981628418,-39.3050117492676,0,9.11412778539951,-0.0670153255495691,0,-45.64243489931902,-40.45727679439706,-2.1322691440582275,-52.759499109736105,-36.85882286367027,-0.7058678865432739,-5.421352306976508,2.553700900793509,4.244263998677936,-0.0537755973637104,-0.0059000866559978,138.175955672195
0,135.447949706786,-47.9631309509277,-39.3860092163086,0,9.10893139933947,-0.068128460468688,0,-45.68414046934693,-40.53981669180416,-2.1226696968078613,-52.788698109606166,-36.942920705764614,-0.6597009301185608,-5.408768794584236,2.5544215207449987,4.243729941060746,-0.0547681525349617,-0.0060124089570582,138.267072165041
0,135.539012268523,-48.0048866271973,-39.4669342041016,0,9.10373897655816,-0.0690773348579318,0,-45.725837285094826,-40.62233926353093,-2.1155943870544434,-52.81785973742276,-37.026910910300614,-0.6135937571525574,-5.396148981824418,2.5551960306584363,4.243182532003136,-0.0556108988821507,-0.0061084020757341,138.358134726777
0,135.630028167272,-48.0466957092285,-39.547779083252,0,9.09849096646596,-0.0718818161571356,0,-45.76754175435049,-40.704876982389024,-2.110501766204834,-52.84696610701906,-37.11074196222506,-0.5675805807113647,-5.383469682385847,2.556055222060625,4.242610327413287,-0.0578392148017883,-0.0063568134583031,138.449150625527
0,135.720990707502,-48.0885581970215,-39.6285362243652,0,9.09319119062706,-0.0762201262298618,0,-45.80924870481716,-40.78741961183584,-2.106060743331909,-52.876018704569724,-37.19441814196132,-0.5866601467132568,-5.3707270411387915,2.557002633359659,4.242015234639846,-0.0612400956451893,-0.0067344833202625,138.540113165756
0,135.811905251084,-48.130485534668,-39.7092056274414,0,9.08782070321777,-0.0818317728278363,0,-45.85097818158514,-40.87000682330367,-2.095611572265625,-52.904992508553434,-37.27786738348115,-0.6259716749191284,-5.357921472009866,2.558048707330274,4.241381994893756,-0.0656349137425423,-0.0072220013073398,138.631027709339
0,135.902760279699,-48.1724891662598,-39.7897682189941,0,9.08246975103553,-0.086629408843608,0,-45.8927294082869,-40.95263708027599,-2.0815587043762207,-52.93387738851448,-37.3610605094337,-0.6651611328125,-5.3450387221706555,2.5592124848499243,4.240706793477746,-0.0694515332579613,-0.0076464195527595,138.721882737953
0,135.993561092336,-48.2145729064941,-39.8702278137207,0,9.07705072302357,-0.092618519717689,0,-45.93450267052571,-41.03531094799304,-2.076082706451416,-52.962679001246315,-37.444013812298955,-0.6492174863815308,-5.332075193366845,2.5604958486033116,4.239991537740436,-0.0741894245147705,-0.0081728707955572,138.812683550591
0,136.084311557305,-48.2567520141602,-39.9505805969238,0,9.07146504041665,-0.101335426326787,0,-45.97632399866134,-41.118079943391834,-2.0707311630249023,-52.99136213898047,-37.52662588800947,-0.6346960067749023,-5.319030876477273,2.5619146468755236,4.239215246846886,-0.0810255333781242,-0.0089313554141856,138.90343401556
0,136.175007633885,-48.2990608215332,-40.0308036804199,0,9.06567577186192,-0.112273136813495,0,-46.018206970829546,-41.20097093909228,-2.0713438987731934,-53.01990263656596,-37.6088271370221,-0.6215197443962097,-5.305875782501032,2.5635104254788064,4.238364569356646,-0.0896066129207611,-0.0098834046473574,138.994130092139
0,136.265645110963,-48.3415184020996,-40.1108818054199,0,9.05967274666395,-0.125028069237924,0,-46.06044617064181,-41.283882926483514,-2.0651073455810547,-53.0482665135434,-37.69051969011799,-0.6086059212684631,-5.292601492061209,2.5649994454471763,4.237420431783406,-0.099643386900425,-0.0109975163896508,139.084767569217
0,136.356223527222,-48.3841514587402,-40.1907997131348,0,9.05343985528496,-0.139274936884594,0,-46.10327868804055,-41.36673085816106,-2.056480646133423,-53.070021055134355,-37.77494378696613,-0.5958971977233887,-5.271976264212065,2.5661634113909977,4.236369482686726,-0.110896944999695,-0.0122477010784211,139.175345985477
0,136.446735437033,-48.4269714355469,-40.2705421447754,0,9.04696399178042,-0.154749001769978,0,-46.1462196017892,-41.4497884532891,-2.047935724258423,-53.09101621756222,-37.859031383048894,-0.5801745653152466,-5.250590241350685,2.56757683104758,4.235200277974807,-0.123168587684631,-0.0136123646777757,139.265857895288
0,136.537194218445,-48.4700050354004,-40.3501091003418,0,9.04024286228983,-0.171232972721921,0,-46.18928419173287,-41.53308526659943,-2.0393481254577637,-53.11184560988118,-37.94245505428666,-0.5656701326370239,-5.229099532843273,2.5692645205725975,4.233905188253136,-0.136292070150375,-0.0150734477088164,139.356316676699
0,136.62758271349,-48.5132637023926,-40.4294738769531,0,9.03326599171647,-0.188546756552412,0,-46.23247379623475,-41.61662388679404,-2.0305066108703613,-53.13249687557311,-38.025165311664615,-0.5545178055763245,-5.207496018753241,2.5712502293430877,4.232476584127156,-0.150127425789833,-0.0166157770941265,139.446705171744
0,136.717904379058,-48.5567665100098,-40.5086288452148,0,9.02603190348142,-0.206540359282682,0,-46.27580158794064,-41.70042979279699,-2.021636962890625,-53.152960485447345,-38.10712398987975,-0.5379089117050171,-5.185771363070896,2.573555997907908,4.230904928853716,-0.164556443691254,-0.0182265451584342,139.537026837313
0,136.808154002644,-48.6005210876465,-40.5875625610352,0,9.01853190313552,-0.225087509058636,0,-46.31927019893196,-41.784508075658614,-2.012753963470459,-53.173232355524156,-38.18831473220991,-0.5143359303474426,-5.163920844038778,2.57619568011399,4.229186407735556,-0.179478675127029,-0.0198949011745894,139.627276460899
0,136.898333956323,-48.6445503234863,-40.6662635803223,0,9.01076529725445,-0.244081815438228,0,-46.3628857207977,-41.868870517911866,-2.003791570663452,-53.1933102973501,-38.2687287736937,-0.4909899830818176,-5.141924780548725,2.5791969303449243,4.227317206075396,-0.194808423519135,-0.021611593040496,139.717456414577
0,136.988439410757,-48.6888618469238,-40.7447204589844,0,9.00273269480681,-0.263432627368026,0,-46.40665122304828,-41.95352305669531,-1.9947887659072876,-53.21319049505669,-38.34835083141965,-0.469367653131485,-5.119779009706458,2.582574113546973,4.2252935091759865,-0.210472241044044,-0.0233687036681141,139.807561869011
0,137.078469469544,-48.733470916748,-40.8229217529297,0,8.99442737676993,-0.283062487610245,0,-46.45057165221234,-42.038475259732046,-1.985506534576416,-53.232870158786916,-38.42716973174857,-0.45448607206344604,-5.097472048599568,2.5863486578411896,4.223111502340046,-0.22640697658062,-0.0251594606062308,139.897591927799
0,137.168422083183,-48.7783966064453,-40.9008522033691,0,8.9858505240402,-0.302904880221211,0,-46.49464924469319,-42.12373145274003,-1.9762340784072876,-53.252348678451476,-38.50518303121558,-0.44056761264801025,-5.074985509833017,2.5905473689650456,4.220769278218956,-0.242558032274246,-0.0269780071733304,139.987544541438
0,137.258291148795,-48.8236427307129,-40.9785003662109,0,8.9770006852625,-0.32290250362686,0,-46.53888476290646,-42.20929311040625,-1.9670348167419434,-53.27162460751191,-38.58238493629836,-0.4267944097518921,-5.05231748109691,2.595182026490417,4.218264929464066,-0.258877992630005,-0.0288192783747587,140.07741360705
0,137.348079791168,-48.8692245483398,-41.0558586120605,0,8.96787662744829,-0.343005249310967,0,-46.583285549778516,-42.29517443563775,-1.9575647115707397,-53.290696401395664,-38.65876926083884,-0.4138500988483429,-5.02945829141723,2.6002732194352824,4.215594641378136,-0.27532559633255,-0.0306788817471268,140.167202249422
0,137.437780928986,-48.9151496887207,-41.1329116821289,0,8.9584782282227,-0.363169969611145,0,-46.62784539368743,-42.38136341373028,-1.9479162693023682,-53.30956965290855,-38.73435840454929,-0.4042980968952179,-5.006394375899745,2.6058381884177186,4.212762228658406,-0.291864722967148,-0.0325529828872649,140.256903387241
0,137.527399473747,-48.9614295959473,-41.2096557617187,0,8.94880362529456,-0.383358477126994,0,-46.6725752305929,-42.46788119734298,-1.9388024806976318,-53.328241029935654,-38.809139021996664,-0.38874754309654236,-4.983123791127121,2.6118930974781156,4.209761969258986,-0.308463633060455,-0.0344382322837676,140.346521932001
0,137.61692750167,-49.0080757141113,-41.2860717773438,0,8.93885298561945,-0.40353744697801,0,-46.71747105050966,-42.554720030242876,-1.9295300245285034,-53.346713541410566,-38.88312316424245,-0.37148192524909973,-4.959631058221751,2.6184610202364036,4.206595770528526,-0.325094223022461,-0.0363316700795397,140.436049959924
0,137.706359893908,-49.0550918579102,-41.3621482849121,0,8.92869415895535,-0.423420380265416,0,-46.762528226956896,-42.64187096375288,-1.919891357421875,-53.364993367203795,-38.956335582248045,-0.3543945252895355,-4.93590779696207,2.6255548245483675,4.203267447164267,-0.341536432504654,-0.038208615342087,140.525482352163
0,137.795705838762,-49.1024780273438,-41.4378929138184,0,8.91924267697086,-0.439321539405209,0,-46.80774454782224,-42.72932971913933,-1.9105041027069092,-53.38309510494821,-39.028834740903164,-0.33747678995132446,-4.911949088250838,2.6331750348532954,4.199784628560746,-0.354983597993851,-0.0397515551041976,140.614828297016
0,137.884971893998,-49.1502113342285,-41.5133247375488,0,8.91065578837038,-0.451322086679837,0,-46.853080246733214,-42.817019379099406,-1.9012304544448853,-53.40107042398794,-39.10082758078067,-0.3302087187767029,-4.887734192077629,2.641293423977171,4.196185461690636,-0.365428060293198,-0.04095772922642,140.704094352253
0,137.974157739965,-49.1982688903809,-41.5884552001953,0,8.90291799619068,-0.459522094206606,0,-46.898508186726524,-42.90488745450999,-1.8932653665542603,-53.418952190355526,-39.172445733425576,-0.32148313522338867,-4.863257063142519,2.649885502106259,4.1924947420861365,-0.37289097905159,-0.0418284502749467,140.793280198219
0,138.063274571225,-49.2466201782227,-41.6633148193359,0,8.89596516582743,-0.46406361474231,0,-46.943999638752395,-42.99287837678677,-1.879974365234375,-53.43678290855763,-39.24385943337651,-0.3052624464035034,-4.838515068834221,2.6589096641465506,4.188742987325396,-0.377436250448227,-0.0423701913673367,140.882397029479
0,138.152323296157,-49.2952461242676,-41.7379150390625,0,8.88971641067231,-0.465130585425985,0,-46.98951320664355,-43.08091207622931,-1.861297607421875,-53.454608612172684,-39.31525304943561,-0.28904417157173157,-4.813479762269173,2.6683413067398143,4.184966437032426,-0.379169166088104,-0.0425942966334679,140.971445754411
0,138.241316296637,-49.3441200256348,-41.8122863769531,0,8.88407894296032,-0.462940864904704,0,-47.03502661141436,-43.1689454601596,-1.8503050804138184,-53.47246388759322,-39.38676510335121,-0.28447508811950684,-4.788149589482882,2.6781404488269325,4.181189886739457,-0.378229737281799,-0.04251619887544,141.060438754892
0,138.330252795322,-49.3932151794434,-41.8864440917969,0,8.87895989825931,-0.457736195209584,0,-47.08052968549895,-43.25695886216874,-1.8385509252548218,-53.490459393704654,-39.4583864384027,-0.2973339855670929,-4.762654104541236,2.688275456442,4.177422873189656,-0.374784350395203,-0.0421544091430013,141.149375253577
0,138.419134878314,-49.4425048828125,-41.9604072570801,0,8.87427632275003,-0.449772239497822,0,-47.12597783699109,-43.344866031262704,-1.8186583518981934,-53.50890196630869,-39.530148939262524,-0.3043530285358429,-4.737271443773076,2.698707774367812,4.173703543355666,-0.369017452001572,-0.0415295169564735,141.238257336568
0,138.507966458742,-49.4919662475586,-42.0341949462891,0,8.86994127183109,-0.439308556630671,0,-47.171350137050574,-43.432626486255046,-1.8017370700836182,-53.52745922839394,-39.60235771213497,-0.3070666491985321,-4.711585288604004,2.7094039758443067,4.170050970723836,-0.361123710870743,-0.0406633589208918,141.327088916996
0,138.596752242805,-49.5415725708008,-42.1078300476074,0,8.86587643102182,-0.42660104741173,0,-47.216620826230816,-43.520190402456485,-1.7867028713226318,-53.546160148703684,-39.675125478249875,-0.30979979038238525,-4.68559208541109,2.720323948820886,4.166488043477736,-0.351301342248917,-0.0395781931034572,141.41587470106
0,138.685491398016,-49.5912933349609,-42.1813316345215,0,8.86201020686449,-0.411895890548802,0,-47.26176815478018,-43.60751571084919,-1.7658007144927979,-53.56502473584984,-39.74853009377513,-0.3298742473125458,-4.659298722240146,2.7314261082201567,4.163031927755086,-0.339746534824371,-0.0382960689804261,141.504613856271
0,138.774183117646,-49.6411209106445,-42.2547035217285,0,8.85827269969447,-0.395447092819961,0,-47.30677167190056,-43.69456285489001,-1.7370312213897705,-53.58406988996407,-39.822637319368944,-0.36100584268569946,-4.632687412957716,2.742695985288328,4.159697882344926,-0.32666602730751,-0.0368402534926724,141.5933055759
0,138.862834587684,-49.6910171508789,-42.3279800415039,0,8.85459794328764,-0.377567741948531,0,-47.351612576947545,-43.781295469812164,-1.6960339546203613,-53.60331693544807,-39.89753013111216,-0.39333128929138184,-4.60577641351197,2.754076886125327,4.156503073384966,-0.312315374612808,-0.0352395253291777,141.681957045938
0,138.951449096152,-49.7409820556641,-42.4011650085449,0,8.85093871826096,-0.358527064749271,0,-47.392440557606434,-43.87009624402427,-1.672951579093933,-53.62277370173198,-39.97323899435787,-0.4260033965110779,-4.578551202492827,2.77009135998542,4.1534551302697365,-0.296920567750931,-0.0335192997669267,141.770571554406
0,139.040001761237,-49.7909545898438,-42.4742698669434,0,8.84724973570551,-0.338539917971772,0,-47.432841391886114,-43.958684857395546,-1.6599254608154297,-53.64244549259627,-40.04978454682077,-0.44847533106803894,-4.551056057826053,2.786428846796785,4.150565497091026,-0.280668824911118,-0.0317006504500365,141.859124219492
0,139.128500896943,-49.8409271240234,-42.5473098754883,0,8.84349833251748,-0.317779099011481,0,-47.47306405257573,-44.04688278202079,-1.6560436487197876,-53.662340873557795,-40.12720011806514,-0.46085813641548157,-4.523287994711956,2.802765496278968,4.147841803243367,-0.263715922832489,-0.029801083137148,141.947623355197
0,139.216968551853,-49.8908996582031,-42.6203117370605,0,8.83965718304459,-0.296384504491244,0,-47.51310777806804,-44.134688347891675,-1.650511384010315,-53.68246947235243,-40.20552317089081,-0.4721618592739105,-4.495242537936333,2.819083316375863,4.145289770772666,-0.246192187070847,-0.0278352333140074,142.036091010108
0,139.30538270146,-49.9408721923828,-42.6932487487793,0,8.83570095933385,-0.274469814074561,0,-47.55295273513506,-44.22205806585267,-1.641146183013916,-53.702828891654576,-40.28474437698523,-0.483551025390625,-4.466901780445474,2.835386616014243,4.142915121724807,-0.228206649422646,-0.0258153400046584,142.124505159715
0,139.393768831185,-49.990795135498,-42.766185760498,0,8.83161259982528,-0.252128479279618,0,-47.59260227851445,-44.30899929197856,-1.6275427341461182,-53.72342745522365,-40.36489612520245,-0.4811633229255676,-4.438325804494115,2.851596495334927,4.140721670797076,-0.209851056337357,-0.0237516750967954,142.21289128944
0,139.482118508955,-50.0406646728516,-42.8391151428223,0,8.8273782441904,-0.229437372262825,0,-47.63204200064223,-44.395480434196095,-1.6106665134429932,-53.74426590633156,-40.445981307712266,-0.4755566418170929,-4.409506962165134,2.8677057201313443,4.138715140035356,-0.191202491521835,-0.0216528548369137,142.30124096721
0,139.570368445406,-50.0904579162598,-42.9119758605957,0,8.82298316095754,-0.206460303090008,0,-47.67124344617515,-44.481439097273935,-1.6037365198135376,-53.76532149052396,-40.52791138390889,-0.46986448764801025,-4.380454967061473,2.8837152258070637,4.136893622091026,-0.172325953841209,-0.0195261386681429,142.389490903661
0,139.658598273339,-50.1401596069336,-42.9848747253418,0,8.81842013581352,-0.183250612543828,0,-47.710229751579085,-44.56692601351667,-1.5978894233703613,-53.78661818561824,-40.61077965466632,-0.464111328125,-4.351205300910128,2.8995595148848037,4.135262839009966,-0.153276190161705,-0.0173776146016015,142.477720731594
0,139.746799518888,-50.189754486084,-43.0578117370605,0,8.81367405441494,-0.159853076676046,0,-47.74899326295324,-44.6519243998932,-1.5945996046066284,-53.808149661370784,-40.69456148816534,-0.4589868187904358,-4.321774564162469,2.9152204942580773,4.1338227907921965,-0.134099408984184,-0.0152124253393827,142.565921977143
0,139.834932183053,-50.2392272949219,-43.1307487487793,0,8.80874275775592,-0.136305779376969,0,-47.78751297534368,-44.73638819795505,-1.5883532762527466,-53.82990111135337,-40.77919927062612,-0.45420774817466736,-4.292170011102659,2.9306963584742665,4.132573477437706,-0.114834666252136,-0.0130348817925419,142.654054641308
0,139.922992014092,-50.2885589599609,-43.2036933898926,0,8.80361500869629,-0.112641171663835,0,-47.825778440994235,-44.82029449846661,-1.5785704851150513,-53.85187145628866,-40.8646888024371,-0.44956907629966736,-4.262409929444075,2.945961138379874,4.131518713643756,-0.0955148935317993,-0.0108486202632903,142.742114472347
0,140.011019135357,-50.3377304077148,-43.2767066955566,0,8.79828853306966,-0.0888872276467787,0,-47.863802648210225,-44.90367178143277,-1.5698424577713013,-53.87406691819237,-40.95105429428828,-0.44488525390625,-4.232532930393073,2.9609684142029264,4.130658499410356,-0.0761680155992508,-0.0086566982336609,142.830141593612
0,140.098976867532,-50.3867263793945,-43.3497543334961,0,8.79276041956263,-0.0650681676103845,0,-47.90156845643699,-44.986482462036385,-1.5625426769256592,-53.896471124283416,-41.038232037512685,-0.4385986328125,-4.202552022176975,2.975716530315594,4.129990927388876,-0.0568176582455635,-0.0064616911922608,142.918099325787
0,140.186873970987,-50.4355392456055,-43.4228515625,0,8.78702039313015,-0.0412050923355504,0,-47.93907804911238,-45.068731327993724,-1.5538891553878784,-53.91907972235373,-41.12620509709034,-0.43204465508461,-4.1724859784332375,2.9901904133445267,4.129514090230666,-0.0374839417636394,-0.0042657838452467,143.005996429242
0,140.274711919581,-50.4841423034668,-43.4960174560547,0,8.78106603238858,-0.0173166618584878,0,-47.976321073719966,-45.15039567890535,-1.545174479484558,-53.941894775907635,-41.21498150239081,-0.42600950598716736,-4.142363719252336,3.0043526132282423,4.129233709981646,-0.0181839670985937,-0.0020708114109646,143.093834377836
0,140.36249230835,-50.5325317382813,-43.5692558288574,0,8.77489701524018,0.0065805693050496,0,-48.01329678718953,-45.231473885409855,-1.53671133518219,-53.964909844198424,-41.304536191612684,-0.420135498046875,-4.11219825607923,3.0181970787758976,4.129147879293166,0.0010676684323698,0.0001216730099839,143.181614766605
0,140.450211583104,-50.5806884765625,-43.6425743103027,0,8.76850651040576,0.0304714313205071,0,-48.05000488243817,-45.31196527415359,-1.5285412073135376,-53.98811510799109,-41.3948309568077,-0.4110192656517029,-4.082022345817051,3.0317034227900774,4.129252783467976,0.0202587898820639,0.0023103897491962,143.269334041358
0,140.537867465,-50.628589630127,-43.7159843444824,0,8.7618935804306,0.0543383106250329,0,-48.08644088051962,-45.39186002396219,-1.5208032131195068,-54.0115052205328,-41.48584499305001,-0.4018298387527466,-4.051868632941828,3.044844751083745,4.129548422506057,0.039382129907608,0.004494618912832,143.356989923255
0,140.625458674704,-50.6762313842773,-43.7894859313965,0,8.75505084479902,0.0781580541470758,0,-48.1226008785142,-45.47114957673905,-1.513121247291565,-54.03507509406947,-41.577558503212416,-0.39256957173347473,-4.021747631858999,3.0576169439664485,4.130034796407426,0.0584371276199818,0.0066744100321794,143.444581132959
0,140.712976848595,-50.7235908508301,-43.8630828857422,0,8.74797878131862,0.101908767439385,0,-48.16022051155796,-45.548673295870806,-1.5049315690994263,-54.05881773628789,-41.669944279274965,-0.3830822706222534,-3.9916907852008707,3.0679117534534277,4.130711905172076,0.0774235278367996,0.0088498471228619,143.53209930685
0,140.80042964061,-50.7706565856934,-43.9367904663086,0,8.74067709055288,0.125572239140609,0,-48.199352272366724,-45.624403449596045,-1.4970349073410034,-54.08363170087609,-41.76239990945653,-0.3732641637325287,-3.96279931456883,3.07565333760044,4.131579748800006,0.0963393226265907,0.0110208146619486,143.619552098864
0,140.887812004614,-50.8174171447754,-44.0106086730957,0,8.73314274871175,0.14913326709112,0,-48.23817469049262,-45.69953494462451,-1.489595890045166,-54.10912676418688,-41.85514831874368,-0.3632604777812958,-3.934636140446719,3.083012096738325,4.132636419942586,0.115181237459183,0.0131870565076983,143.706934462868
0,140.97512140469,-50.8638534545898,-44.084545135498,0,8.72537188993221,0.172578799349285,0,-48.27669269662971,-45.77407732313404,-1.4821374416351318,-54.13478257083583,-41.94848149570665,-0.3529284596443176,-3.9066283617391466,3.0899708413813327,4.133876196553916,0.133945152163506,0.0153482237060301,143.794243862945
0,141.062351080793,-50.9099502563477,-44.1585998535156,0,8.71736454976098,0.195897738429523,0,-48.31489047369362,-45.84799997494489,-1.4742870330810547,-54.16060091758462,-42.04240597677904,-0.3422338664531708,-3.878789275706702,3.09651546836665,4.135306708028526,0.152626544237137,0.0175039164664343,143.881473539048
0,141.14951266988,-50.955696105957,-44.2327919006348,0,8.70911988368843,0.219080356272691,0,-48.352777083737585,-45.921320437491374,-1.4639086723327637,-54.18657620746805,-42.13690140077905,-0.33177733421325684,-3.8511482985890866,3.102630505878953,4.136924139669146,0.171220704913139,0.0196537146897619,143.968635128135
0,141.236593285733,-51.0010757446289,-44.3071136474609,0,8.70063234134099,0.242117936523566,0,-48.39034786882899,-45.99402969646018,-1.452574372291565,-54.21269828860055,-42.231930836194636,-0.3212634325027466,-3.823728947653311,3.108309154162444,4.138726584127156,0.189722776412964,0.0217971927966914,144.055715743988
0,141.323591250664,-51.046070098877,-44.3815727233887,0,8.69190214815669,0.265002687720472,0,-48.42760614500702,-46.066134169251164,-1.4420727491378784,-54.238958157008064,-42.32746152749735,-0.3132409453392029,-3.7965651524558535,3.113535087742334,4.140710226705276,0.2081278860569,0.0239339120104449,144.142713708919
0,141.410509727228,-51.0906753540039,-44.4561729431152,0,8.68292767201161,0.287727403313738,0,-48.46454415747916,-46.137618848320166,-1.4334301948547363,-54.26535843902575,-42.4235030290235,-0.3047167956829071,-3.769663071148061,3.1183048910411255,4.142880789449416,0.226431250572205,0.0260634480340586,144.229632185483
0,141.497346130783,-51.1348762512207,-44.5309181213379,0,8.6737073203769,0.310285519519998,0,-48.50116524626182,-46.20849019746924,-1.4160937070846558,-54.29189007517533,-42.52002238332597,-0.2951672375202179,-3.743051957132728,3.1226081611782717,4.145234457662307,0.244628190994263,0.0281853888737316,144.316468589038
0,141.584097545189,-51.1786499023438,-44.6058158874512,0,8.66424048964012,0.33267100518748,0,-48.53747267426328,-46.27875453127612,-1.395628571510315,-54.31854403735974,-42.61698674711937,-0.2861682176589966,-3.7167696361949267,3.1264262115287282,4.147767416646686,0.262713998556137,0.0302993159832108,144.403220003443
0,141.670764354134,-51.2219924926758,-44.6808662414551,0,8.65452471131941,0.354877949789946,0,-48.57346352298144,-46.348406201678785,-1.374977946281433,-54.345318477634784,-42.7143893977734,-0.27750852704048157,-3.690825975991867,3.1297596109370898,4.150481573751176,0.280684173107147,0.0324048411828701,144.489886812389
0,141.757339438633,-51.2648849487305,-44.7560691833496,0,8.64455849619097,0.376900937613295,0,-48.60913413591281,-46.41743813239018,-1.3536498546600342,-54.372207443715084,-42.812208681488165,-0.2688317894935608,-3.6652485234338794,3.132596233895776,4.153376928975787,0.29853418469429,0.0345015700553108,144.576461896888
0,141.843822603221,-51.3073081970215,-44.8314323425293,0,8.63434134940474,0.398734576663523,0,-48.64449242426851,-46.48586563366527,-1.3318297863006592,-54.39920120504151,-42.91040919949364,-0.2601415812969208,-3.6400731159032507,3.134922224623936,4.156447760274617,0.31625971198082,0.0365891282168349,144.662945061475
0,141.93021474314,-51.3492584228516,-44.9069557189941,0,8.62386993102788,0.420373905128387,0,-48.679539098736406,-46.55369008087023,-1.3097546100616455,-54.42629654915811,-43.008979265206676,-0.2514074742794037,-3.6153116393853746,3.1367396015827773,4.159694067647666,0.333856225013733,0.0386671289178132,144.749337201395
0,142.016513153064,-51.3907241821289,-44.9826393127441,0,8.61314285496028,0.441813763063164,0,-48.71427053107619,-46.6209044524147,-1.2823498249053955,-54.453491206642596,-43.107910622703116,-0.2426415979862213,-3.590981691363973,3.1380434691210572,4.163117758443566,0.351319670677185,0.0407352332510893,144.835635611319
0,142.102713229814,-51.4316825866699,-45.0584869384766,0,8.60216160136447,0.463049640371994,0,-48.74869041709393,-46.687515900646396,-1.2257397174835205,-54.480776674188824,-43.20717233783278,-0.23390381038188934,-3.5671193567218684,3.1388186219649534,4.166715017965046,0.368645578622818,0.0427930394774584,144.921835688069
0,142.188809419686,-51.4721221923828,-45.1344947814941,0,8.59092388237197,0.484076631384849,0,-48.78279978375471,-46.75352641301038,-1.183953881263733,-54.50814649792246,-43.306740932066845,-0.22538451850414276,-3.5437448720137477,3.13906330637014,4.1704839388634865,0.385829836130142,0.0448402039794621,145.007931877941
0,142.274804701357,-51.5120277404785,-45.2106704711914,0,8.57943027495246,0.504890389190367,0,-48.81660081019607,-46.818940206705584,-1.1734936237335205,-54.53559849317753,-43.40660845781596,-0.21681517362594604,-3.5208833898158582,3.138766936021633,4.174424521138876,0.402868062257767,0.046876336796553,145.093927159612
0,142.360699108078,-51.5513916015625,-45.2870140075684,0,8.56767474139984,0.525485810135093,0,-48.85009479325297,-46.88375979144557,-1.1631286144256592,-54.56312997620688,-43.50676515188492,-0.208221435546875,-3.4985502748235477,3.1379294996721576,4.178536764791216,0.419756174087524,0.0489011181302871,145.179821566333
0,142.446487640833,-51.5901947021484,-45.363525390625,0,8.55566171849081,0.545858845424294,0,-48.883291652180084,-46.94800436357282,-1.1580151319503784,-54.59072960242679,-43.607169743848935,-0.20073120296001434,-3.4767793783544576,3.1365423219911386,4.1828130404259865,0.436489820480347,0.0509141385140133,145.265610099088
0,142.532163935109,-51.6284294128418,-45.4401969909668,0,8.54338615811835,0.566004731391784,0,-48.916181999864385,-47.01165575657762,-1.153802514076233,-54.61839891014016,-43.70782782989512,-0.19288329780101776,-3.455578172318894,3.134608218137914,4.187259070089066,0.453064799308777,0.0529150582956525,145.351286393364
0,142.617732054693,-51.6660804748535,-45.5170364379883,0,8.53085063312715,0.585919465149556,0,-48.948777535386846,-47.074736611230065,-1.176660180091858,-54.646131307452805,-43.808715429392805,-0.18502074480056763,-3.434976511314821,3.1321183078791175,4.191869131734576,0.469476789236069,0.0549034775307459,145.436854512948
0,142.703184340558,-51.7031364440918,-45.5940361022949,0,8.51805301927303,0.605598191964568,0,-48.9810768296249,-47.13724416180561,-1.2037694454193115,-54.67392285242557,-43.909818201974076,-0.17622923851013184,-3.414990749577773,3.1290732908723156,4.196643225362506,0.485721677541733,0.0568790475344388,145.522306798813
0,142.788525275911,-51.7395896911621,-45.671199798584,0,8.50499117643587,0.625036643672136,0,-49.010413130576445,-47.20069729023205,-1.216372013092041,-54.701769533079485,-44.011121552473455,-0.16820189356803894,-3.395639733403877,3.128540758214257,4.201577536275597,0.5017951130867,0.0588413913050285,145.607647734166
0,142.873751272357,-51.7754211425781,-45.7485275268555,0,8.49166776779287,0.644230547619423,0,-49.039021766387954,-47.26380577097441,-1.2238659858703613,-54.729668757612096,-44.112616052181146,-0.16117309033870697,-3.376949114793601,3.1279305783718874,4.206672064473836,0.517692625522614,0.0607900831344942,145.692873730612
0,142.958853775924,-51.8106155395508,-45.8260116577148,0,8.47808072639622,0.663175259047135,0,-49.06735806557113,-47.326313497770364,-1.230288028717041,-54.75761515846805,-44.21428217448462,-0.15587767958641052,-3.3589401127456577,3.1267182763753207,4.211924902608596,0.533410131931305,0.062724772593413,145.777976234178
0,143.043834185554,-51.8451728820801,-45.9036483764649,0,8.46423081292311,0.681866950373235,0,-49.09542743314663,-47.38823239368558,-1.2330676317214966,-54.785606566233106,-44.31611202727883,-0.15153564512729645,-3.3416196538338516,3.124914356925226,4.217334143331256,0.548943042755127,0.064645026999794,145.862956643809
0,143.128688236417,-51.8790702819824,-45.9814376831055,0,8.45011410669951,0.700300751674898,0,-49.123229917156,-47.449562564695995,-1.2357946634292603,-54.81364075645046,-44.418097518219426,-0.14542968571186066,-3.3250167429301323,3.1225064906820617,4.222899786641806,0.564287006855011,0.0665504751847466,145.947810694671
0,143.213418162559,-51.9123001098633,-46.0593795776367,0,8.43573617911415,0.718472985790106,0,-49.150773804242675,-47.51032229050857,-1.2383679151535034,-54.84171433865755,-44.52022631315351,-0.1414221227169037,-3.3091480014395662,3.119497121760284,4.228618017842976,0.579437792301178,0.0684406834216931,146.032540620814
0,143.298017878649,-51.9448509216309,-46.1374664306641,0,8.42109219948983,0.736378714226169,0,-49.178066537390315,-47.570527989780715,-1.2409204244613647,-54.86982023607952,-44.622472667504454,-0.14030395448207855,-3.2940327249252754,3.1158885187206735,4.234483114888876,0.594390749931335,0.0703152472892426,146.117140336903
0,143.38248857378,-51.9767112731934,-46.2156982421875,0,8.4061839506418,0.754014222533468,0,-49.20510875996896,-47.63018108173794,-1.2382030487060547,-54.8938947653836,-44.72691838654999,-0.1402612328529358,-3.2751221329377995,3.111678356561732,4.240496985128136,0.609141230583191,0.0721737060406596,146.201611032034
0,143.46682463391,-52.007869720459,-46.2940673828125,0,8.39101234934385,0.771374954337202,0,-49.231903491180994,-47.689288226511714,-1.2267284393310547,-54.91688007374624,-44.83197759344976,-0.1395886242389679,-3.255771458148001,3.1068681511748597,4.246657721212117,0.623685002326965,0.0740156511403606,146.285947092165
0,143.551023426019,-52.0383224487305,-46.3725662231445,0,8.37557921230827,0.788457185586593,0,-49.25845537774532,-47.74785967441151,-1.215362548828125,-54.93987305024293,-44.937071849175865,-0.13746948540210724,-3.2372272071686248,3.1014662676620577,4.2529634157921965,0.638017535209656,0.0758406253755133,146.370145884274
0,143.635080535186,-52.0680503845215,-46.4511909484863,0,8.35988165914812,0.805256359836535,0,-49.28476787726445,-47.80590305264621,-1.205379605293274,-54.96287117082237,-45.04218961701876,-0.13505248725414276,-3.219514270332854,3.0954654577882867,4.2594121615197365,0.652134239673615,0.0776482025752668,146.454202993441
0,143.719001796428,-52.0970420837402,-46.5299453735352,0,8.3439224745364,0.821768940852331,0,-49.31085139636383,-47.86344131744225,-1.1984984874725342,-54.98587311018066,-45.147324839396994,-0.13145141303539276,-3.2026526881236554,3.08886224665966,4.266000143697466,0.666030645370483,0.0794379147653655,146.538124254682
0,143.802774685869,-52.1253051757813,-46.6088066101074,0,8.32769975881388,0.83799042769489,0,-49.336705112062454,-47.920472653365934,-1.1938598155975342,-55.00887699755475,-45.252468965592904,-0.12550292909145355,-3.18663431495567,3.081681054945539,4.272727362325396,0.67970222234726,0.0812093259422366,146.621897144124
0,143.886406189518,-52.1528091430664,-46.6877861022949,0,8.31121630932791,0.853917400409395,0,-49.36234170130023,-47.97702502478524,-1.1942663192749023,-55.03188039556084,-45.357610855028966,-0.11976806074380875,-3.171500822225796,3.0738974515785458,4.279588095357626,0.693144381046295,0.0829619425421299,146.705528647773
0,143.969883847015,-52.1795501708984,-46.7668647766113,0,8.29447589895989,0.869546364244264,0,-49.38776012655381,-48.033096143002304,-1.1959508657455444,-55.05488160960268,-45.462742762195184,-0.11438476294279099,-3.1572559463695633,3.065523368844873,4.286582342794146,0.706352591514587,0.0846952607823556,146.78900630527
0,144.05320722865,-52.2055282592774,-46.8460350036621,0,8.27747852148691,0.884873378859622,0,-49.41296681852808,-48.08870019366442,-1.1995055675506592,-55.077880412946556,-45.56786365075712,-0.11033202707767487,-3.143903449865277,3.056569347291732,4.293708197286336,0.719322562217712,0.0864088364339681,146.872329686905
0,144.136377367235,-52.2307243347168,-46.9252967834473,0,8.26022128979855,0.899894617278168,0,-49.43796803102711,-48.143850972188986,-1.2030322551727295,-55.100876617551464,-45.6729726612337,-0.10501708835363388,-3.1314676804557817,3.0470251201292027,4.300963751485556,0.732049703598022,0.0881022144869144,146.95549982549
0,144.219394155008,-52.2551383972168,-47.0046424865723,0,8.24270888113392,0.914607307639708,0,-49.46277293901582,-48.198568717852744,-1.2065197229385376,-55.123869151695175,-45.77806489509209,-0.0988781750202179,-3.1199533217039432,3.0369005083956027,4.308345190694537,0.744529783725739,0.0897748972505192,147.038516613263
0,144.302253110016,-52.2787551879883,-47.0840644836426,0,8.22494126176239,0.929007925994258,0,-49.48738833108334,-48.252868405768425,-1.200563907623291,-55.146855860197654,-45.88313050162673,-0.09885863959789276,-3.1093799856383306,3.0261909289078597,4.315848700216026,0.756758570671082,0.0914264298016111,147.121375568271
0,144.384953301369,-52.301570892334,-47.1635551452637,0,8.20692309764662,0.943093853813031,0,-49.5118206275618,-48.306764198701764,-1.1946532726287842,-55.1698371015014,-45.98817111917476,-0.09883666783571243,-3.099754612132481,3.0149019021618804,4.323472372701376,0.768731892108917,0.093056304818536,147.204075759623
0,144.467485514472,-52.3235778808594,-47.2430992126465,0,8.1886524069943,0.956861848851048,0,-49.53607048317161,-48.36025754091633,-1.188787817955017,-55.192812856302545,-46.09318665950377,-0.09453979134559631,-3.0910852825797983,3.0030384983524265,4.331216208150597,0.780445396900177,0.0946640596993793,147.286607972727
0,144.549833300937,-52.3447685241699,-47.3226737976074,0,8.17013472771477,0.970310034121131,0,-49.560140484728876,-48.413354138732224,-1.1841650009155273,-55.21577920140563,-46.198159190820256,-0.09392455965280533,-3.0833805165239037,2.990608119523072,4.339076391866416,0.791895270347595,0.096249202958128,147.368955759191
0,144.632047771101,-52.3651390075684,-47.4023246765137,0,8.15136708916761,0.983435355046912,0,-49.584060348749446,-48.46611954452953,-1.182855248451233,-55.238746575779814,-46.30313642663768,-0.0922534167766571,-3.07665975771573,2.9775926564516957,4.347049109151566,0.803077697753906,0.0978113342197382,147.451170229356
0,144.714061968143,-52.3846855163574,-47.4819755554199,0,8.13235779707665,0.996236787224342,0,-49.607808149993744,-48.51850539289271,-1.1797497272491455,-55.261703531956094,-46.40806604388106,-0.09058105200529099,-3.0709142451480216,2.964024630767122,4.355134360006057,0.813989102840424,0.0993499394492606,147.533184426398
0,144.795880209771,-52.4033927917481,-47.5616264343262,0,8.11310566216964,1.00871230074108,0,-49.63139678583633,-48.5705401344518,-1.1746642589569092,-55.28464951228318,-46.51294549368731,-0.09013061225414276,-3.0661656845134533,2.949892999939474,4.363326422383986,0.824625730514526,0.100864586678493,147.615002668025
0,144.877578489254,-52.4212646484375,-47.6413459777832,0,8.09361321775054,1.02086074634333,0,-49.654866504425264,-48.62231255356877,-1.1696008443832397,-55.30760082125856,-46.617849299206135,-0.08378295600414276,-3.062430726333841,2.9351753123114808,4.371621481588097,0.834984540939331,0.10235487772929,147.696700947509
0,144.959103163483,-52.438289642334,-47.7210731506348,0,8.07388199748626,1.03268115989406,0,-49.678202747570445,-48.67379053598044,-1.1645690202713013,-55.33054780546171,-46.72273333744002,-0.07744018733501434,-3.0597123500075445,2.919888710719184,4.3800176302697365,0.845062613487244,0.103820432527152,147.778225621737
0,145.040387909104,-52.4544677734375,-47.8007316589356,0,8.05391534791912,1.04417329909352,0,-49.70138176602593,-48.72492169265154,-1.1599524021148682,-55.3534811264719,-46.82755492516445,-0.07371582090854645,-3.0579979359419496,2.9040677992473327,4.388516775777546,0.854857206344605,0.105260860313896,147.859510367359
0,145.121500135955,-52.4697952270508,-47.8803825378418,0,8.03371559402857,1.05533722181933,0,-49.7244493105282,-48.77580694623672,-1.1559325456619263,-55.372429019855325,-46.93365697911831,-0.07262329012155533,-3.053124992310512,2.8876823011745465,4.3971074740197365,0.864365875720978,0.106675810119988,147.94062259421
0,145.202454559661,-52.4842643737793,-47.9600334167481,0,8.01328209904066,1.06617337985736,0,-49.747407007843286,-48.82644988525848,-1.151186466217041,-55.38886578817574,-47.04051363058235,-0.09005492925643921,-3.046674582830291,2.8707256466587325,4.405797354390826,0.87358695268631,0.108065056469695,148.021577017916
0,145.283189189842,-52.4978790283203,-48.0396118164063,0,7.99261797474347,1.07668276284152,0,-49.77024913743554,-48.87683789064906,-1.1462085247039795,-55.40527745612417,-47.147207102664055,-0.09514770656824112,-3.0412746983963466,2.8532284032372743,4.414574972799026,0.882518529891968,0.109428286983561,148.102311648097
0,145.363748413232,-52.510627746582,-48.1191558837891,0,7.9717797047092,1.0868559084429,0,-49.784895507453385,-48.92943498652081,-1.1421374082565308,-55.42167196800109,-47.25378904185093,-0.09372680634260178,-3.0369455428412797,2.8436189026922754,4.423438421895706,0.891150593757629,0.110763463645644,148.182870871486
0,145.444115344196,-52.5225143432617,-48.1986389160156,0,7.95092876204664,1.09669054413029,0,-49.79860782220302,-48.98190816510189,-1.138185977935791,-55.4380503191112,-47.36026591869256,-0.09231323003768921,-3.03368081859531,2.8342860568457464,4.432389609029496,0.899479508399963,0.112067818801324,148.26323780245
0,145.524286978082,-52.5335350036621,-48.2780494689941,0,7.93037312914467,1.10614971979838,0,-49.81222701236313,-49.03402498202517,-1.1342614889144897,-55.45441193321818,-47.46663398703398,-0.09044311195611954,-3.0314876087455023,2.824361194997948,4.441422812154496,0.90747606754303,0.113333275171416,148.343409436337
0,145.604268979603,-52.5436935424805,-48.3573837280273,0,7.91033826161394,1.11525558571214,0,-49.82576029707648,-49.085813062923116,-1.1293151378631592,-55.47075865890293,-47.57290526463686,-0.08843139559030533,-3.030365762626766,2.8138533050621497,4.4505342165734465,0.915157675743103,0.114558388539056,148.423391437857
0,145.684066496654,-52.5529899597168,-48.436637878418,0,7.89095766209174,1.12395568524399,0,-49.839214624918796,-49.13729899804411,-1.1266149282455444,-55.48709226208891,-47.67909123190069,-0.0864245593547821,-3.030319000111199,2.8027669493401905,4.459720007589066,0.92248547077179,0.115735991064136,148.503188954909
0,145.763688517665,-52.5614242553711,-48.515811920166,0,7.87231711584478,1.13215659574747,0,-49.85259788365805,-49.18851297166155,-1.1250841617584229,-55.50341515264725,-47.78520755557676,-0.08430175483226776,-3.031351707937,2.791104981323941,4.468976370504106,0.929390072822571,0.116855744323114,148.58281097592
0,145.84314138479,-52.5690078735352,-48.5949020385742,0,7.85448485662959,1.1397463558367,0,-49.86591636475677,-49.23947905943609,-1.1235582828521729,-55.51973053869936,-47.89127509190056,-0.08196532726287842,-3.033455970802737,2.7788816528692317,4.478301397969926,0.935785114765167,0.117905371813562,148.662263843044
0,145.922433305381,-52.5757331848145,-48.6739082336426,0,7.83751241314444,1.14660522195161,0,-49.879180148577426,-49.290235836084655,-1.122039794921875,-55.53603890335677,-47.99729698161594,-0.07933960109949112,-3.0366449798425768,2.7660907416011087,4.487687460591996,0.941576302051544,0.118871775056878,148.741555763635
0,146.001570962492,-52.5816192626953,-48.7528266906738,0,7.82144539959465,1.15261360529767,0,-49.892398519834735,-49.34081883160367,-1.1202490329742432,-55.552342020905115,-48.10328475948565,-0.07719360291957855,-3.040904211993099,2.7527518888608196,4.497128836324416,0.946666657924652,0.119741535086741,148.820693420746
0,146.080563556849,-52.5866737365723,-48.831657409668,0,7.80631979064177,1.15765667318042,0,-49.90558355885394,-49.39127427400604,-1.1184264421463013,-55.568640051201164,-48.20923946475038,-0.07774657756090164,-3.0462316392120794,2.738871222951055,4.506615988424026,0.950960636138916,0.120501493739274,148.899686015104
0,146.159416084809,-52.5909004211426,-48.9103965759277,0,7.79216064208921,1.16162841969519,0,-49.91874343714559,-49.44163343336834,-1.1166393756866455,-55.58493423346042,-48.315169153642195,-0.07829833775758743,-3.0526274180684165,2.7244514210804747,4.516143194844926,0.954367816448212,0.121139252730204,148.978538543064
0,146.238134123431,-52.5943183898926,-48.9890403747559,0,7.7789838309502,1.1644347437301,0,-49.93189090552152,-49.491945103467486,-1.1138818264007568,-55.60122358032205,-48.42106740725493,-0.07872924953699112,-3.060077142171979,2.70950793977338,4.525699011495316,0.956805229187012,0.121643457264328,149.057256581686
0,146.316734013691,-52.5969429016113,-49.0675964355469,0,7.76679686852381,1.16599628374036,0,-49.945039806334464,-49.542262255100916,-1.1108044385910034,-55.6175094881585,-48.526943303509576,-0.08031127601861954,-3.068571053918608,2.694048564334308,4.535273901632037,0.958199024200439,0.12200400954909,149.135856471945
0,146.395219883666,-52.5987739562988,-49.1460609436035,0,7.75559708985682,1.16624957366358,0,-49.95820674697633,-49.59264844009464,-1.107723355293274,-55.63378669183625,-48.632762613382184,-0.08196654915809631,-3.078112649121618,2.6780656412738053,4.544848791768756,0.958487510681152,0.122212499723363,149.214342341921
0,146.473603931462,-52.5998420715332,-49.2244377136231,0,7.74537001117847,1.16514730785084,0,-49.971398338915726,-49.643128958682716,-1.1046361923217773,-55.65006066435032,-48.738560917219765,-0.0836169421672821,-3.088674428496859,2.6615820134321746,4.554423681905476,0.957621395587921,0.122262278857169,149.292726389717
0,146.551882206813,-52.600170135498,-49.3027153015137,0,7.73609266836466,1.16266105022017,0,-49.98461683380707,-49.693712427314445,-1.1015417575836182,-55.66633424895314,-48.84435669921747,-0.09091674536466599,-3.100234665140548,2.6446167636107067,4.5639985720421965,0.955565392971039,0.122148620769861,149.371004665068
0,146.630065472933,-52.5997657775879,-49.3808975219727,0,7.72773397351738,1.1587784644358,0,-49.99789310522811,-49.74451699050359,-1.0984630584716797,-55.68259408013647,-48.950063069213705,-0.0976281687617302,-3.112787925426119,2.62715825961577,4.573535315206256,0.95229834318161,0.121868749016013,149.449187931188
0,146.708167898883,-52.5986518859863,-49.4589920043945,0,7.72025454375671,1.15350440869513,0,-50.01122972616225,-49.795552494335205,-1.0958606004714966,-55.69884816971532,-49.05573211261282,-0.10258666425943375,-3.126313410067358,2.6092194994936095,4.583039633443557,0.947813093662262,0.121421829022979,149.527290357138
0,146.786191694774,-52.5968475341797,-49.536994934082,0,7.71360716121085,1.14685816253582,0,-50.02464635347307,-49.84689416010722,-1.0932421684265137,-55.71508805269076,-49.16130879782824,-0.1016870066523552,-3.140790347071481,2.5908022781215156,4.592486731221886,0.942115485668182,0.120808841239134,149.605314153029
0,146.864146088475,-52.5943756103516,-49.6149101257324,0,7.70774085004018,1.13887253172052,0,-50.03814785072111,-49.89856059930032,-1.090877652168274,-55.731318010143774,-49.26682095648523,-0.09769652783870697,-3.156196079042156,2.571917174067005,4.601876608541216,0.935224235057831,0.120032505595845,149.68326854673
0,146.942032260611,-52.5912551879883,-49.6927337646484,0,7.70260134535355,1.12959149890098,0,-50.05174931972748,-49.95060960234373,-1.088558316230774,-55.733711955511716,-49.37363087086323,-0.09806640446186066,-3.1586169746545347,2.55256537675301,4.611190191915236,0.927169263362885,0.119097064161001,149.761154718865
0,147.019851115441,-52.5875015258789,-49.7704620361328,0,7.69812953932275,1.11906866028349,0,-50.06492442429342,-50.00312243452184,-1.086297631263733,-55.72660579680637,-49.48093857625531,-0.09874144941568375,-3.1524275499326713,2.5332836584997604,4.620417944600787,0.917990326881409,0.118008128192535,149.838973573696
0,147.097613770475,-52.5831451416016,-49.8481025695801,0,7.6942692858111,1.10736434890593,0,-50.066920874850084,-50.05702612705626,-1.085604190826416,-55.719536730600126,-49.587686160331394,-0.09606567025184631,-3.147184282139624,2.5248828910382537,4.629548422506057,0.907736122608185,0.116772446665534,149.91673622873
0,147.175323744105,-52.5782051086426,-49.9256553649902,0,7.69095922453308,1.09454324710015,0,-50.068928234435475,-50.11122436078462,-1.0845227241516113,-55.712505400645234,-49.69386390200592,-0.09340209513902664,-3.142859462775928,2.516129226337714,4.638570181539266,0.896461546421051,0.115397676008949,149.99444620236
0,147.252988207421,-52.572696685791,-50.0031242370605,0,7.68814171839381,1.0806735513487,0,-50.07094771004621,-50.165749724329764,-1.083339810371399,-55.70551149624421,-49.79947649301669,-0.09075561165809631,-3.1394268649307833,2.5070291156565507,4.647475592305867,0.884226977825165,0.113892149194449,150.072110665676
0,147.330605497593,-52.5666465759277,-50.0805053710937,0,7.68576041628977,1.06582470863201,0,-50.07298021713224,-50.22062693462375,-1.0821508169174194,-55.69855525507265,-49.90452034430483,-0.08455688506364822,-3.136849168219177,2.4976000403495964,4.656257025411336,0.871096849441528,0.112264727389288,150.149727955848
0,147.408181650332,-52.5600738525391,-50.1578025817871,0,7.6837592531725,1.05006502393263,0,-50.07502759403303,-50.2759056263971,-1.0809521675109863,-55.69163813438164,-50.008973450413166,-0.07778320461511612,-3.135098875898099,2.4878511281950035,4.664899222066606,0.857137262821198,0.110524505422722,150.227304108586
0,147.485714715355,-52.5529975891113,-50.2350120544434,0,7.68208828779915,1.03346183332352,0,-50.077090298081195,-50.33159814752206,-1.079742431640625,-55.68475980319791,-50.112840809257506,-0.07112915068864822,-3.134144281734802,2.4777905050976825,4.673398367574416,0.842415511608124,0.108680661053147,150.30483717361
0,147.563209229263,-52.5454444885254,-50.3121376037598,0,7.68069916422151,1.01607998799826,0,-50.07916921929021,-50.38772852815191,-1.078525424003601,-55.67791990820089,-50.21612775621254,-0.06452026218175888,-3.1339464171707223,2.4674334218964376,4.681748739888876,0.826998651027679,0.106742334669237,150.382331687518
0,147.640666618916,-52.5374298095703,-50.3891792297363,0,7.67954577567356,0.997980832720372,0,-50.08126539992595,-50.444324909218494,-1.078067660331726,-55.67111927713325,-50.31882179181545,-0.05754760652780533,-3.13447919887591,2.456783395655616,4.689940802266806,0.810952425003052,0.104718478312003,150.459789077171
0,147.718091415389,-52.5289726257324,-50.4661407470703,0,7.67858574766942,0.979222089457614,0,-50.083379644181136,-50.501409003735176,-1.0794726610183716,-55.66435777888722,-50.420924895880475,-0.0503552220761776,-3.135711168430936,2.445847272693245,4.697968832662307,0.794340193271637,0.102617693415179,150.537213873643
0,147.795483589348,-52.5200958251953,-50.5430221557617,0,7.67778094140931,0.959857762977519,0,-50.08551240956837,-50.55899316443397,-1.0808898210525513,-55.65763523820608,-50.52243971490009,-0.04314819350838661,-3.137606923288493,2.434635800435801,4.705829016378136,0.777222812175751,0.100448207208143,150.614606047603
0,147.872843196355,-52.5108184814453,-50.6198234558106,0,7.67709561510614,0.939937452523438,0,-50.08766428921459,-50.617093405601196,-1.0823205709457397,-55.650951983358084,-50.62336129180631,-0.035938721150159836,-3.140135494866199,2.423155730137751,4.713515631368367,0.759657859802246,0.0982177965356655,150.69196565461
0,147.950173780469,-52.5011596679687,-50.6965484619141,0,7.67649817578506,0.919507624059455,0,-50.089835813027605,-50.675724034623066,-1.0837633609771729,-55.64430779129665,-50.7236929947503,-0.02872924692928791,-3.143265332555127,2.4114137741540715,4.721024862935746,0.741698563098908,0.0959336232827427,150.769296238723
0,148.027474813578,-52.491138458252,-50.7731971740723,0,7.67595937585032,0.898610514004405,0,-50.092027508426874,-50.73489929169985,-1.0852221250534058,-55.63770318453312,-50.8234269334643,-0.02264404296875,-3.146965618719906,2.399416611879864,4.728350989034386,0.723394453525543,0.0936023434580361,150.846597271832
0,148.104746010371,-52.480770111084,-50.8497695922852,0,7.675453184438,0.877284640010225,0,-50.09423936572466,-50.79461891526491,-1.0870885848999023,-55.6311375821367,-50.92257188038858,-0.016591796651482582,-3.151208557969481,2.3871679027083936,4.735494009664266,0.704791188240051,0.0912300720067713,150.923868468626
0,148.181985294955,-52.4700813293457,-50.9262657165527,0,7.67495429933717,0.855565321528112,0,-50.09647184636533,-50.85489536420681,-1.0899791717529297,-55.62461170059393,-51.02111701610139,-0.011444091796875,-3.155956056752622,2.374682232402541,4.742448202779496,0.685929775238037,0.088822311043909,151.00110775321
0,148.259196204235,-52.4590835571289,-51.0026893615723,0,7.6744428670653,0.833485150384855,0,-50.09872503118424,-50.91573082106128,-1.0928943157196045,-55.618124875840074,-51.11907236842046,-0.0064587402157485485,-3.16118443903665,2.361959813114411,4.749213568380086,0.666847288608551,0.086383986880566,151.07831866249
0,148.336380456945,-52.4477996826172,-51.079044342041,0,7.67389969266158,0.811073660805189,0,-50.10099929964188,-50.97713553117154,-1.0958373546600342,-55.61167734298766,-51.216434386990635,-0.0014978026738390326,-3.166859307617331,2.349012014287274,4.755786291768756,0.647576749324799,0.0839194921106276,151.155502915199
0,148.413536879262,-52.4362449645996,-51.155330657959,0,7.67330709206709,0.788358062715076,0,-50.10329453934512,-51.039106459949956,-1.0988073348999023,-55.60526885380552,-51.31320682026719,0.0038037109188735485,-3.17295403259848,2.3358436914523857,4.762166372945516,0.628147482872009,0.08143272040408,151.232659337517
0,148.490662967442,-52.4244422912598,-51.2315483093262,0,7.67264968608843,0.765364642767173,0,-50.10561076760492,-51.101644074788155,-1.101840853691101,-55.5988996566141,-51.409385918446695,0.0077050779946148396,-3.179434820792818,2.322467383031788,4.768351904561726,0.608586609363556,0.0789272502453531,151.309785425696
0,148.567750244441,-52.4124031066895,-51.3076896667481,0,7.67191305918759,0.742122649030692,0,-50.10794755192628,-51.16473669842337,-1.1061010360717773,-55.592570134141326,-51.50496590208403,0.010970458388328552,-3.1862799995480753,2.3088852191115787,4.7743428866173865,0.588921308517456,0.0764066505459233,151.386872702696
0,148.644810913596,-52.4001502990723,-51.3837699890137,0,7.67108193515019,0.718663870142602,0,-50.11030575433735,-51.22840760541193,-1.109622836112976,-55.58628047283658,-51.59994395566996,0.01421508751809597,-3.193455286681039,2.295109040828094,4.780133597066606,0.569179892539978,0.0738746396569993,151.46393337185
0,148.72184252213,-52.3877029418945,-51.4597892761231,0,7.67014270745665,0.695021663210436,0,-50.11268467367827,-51.29263786460326,-1.1128612756729126,-55.580029507488476,-51.69433767466835,0.017239989712834358,-3.20093140392873,2.2811505244263643,4.785729757955276,0.549389779567719,0.0713347989066926,151.540964980384
0,148.798848109809,-52.3750686645508,-51.5357513427734,0,7.66908525600349,0.671226940527583,0,-50.11508457969062,-51.35743475895634,-1.116127848625183,-55.573817832280746,-51.788138086511275,0.01884155161678791,-3.2086905906409253,2.2670079108564045,4.7911275545861365,0.529575943946838,0.0687903607135508,151.617970568063
0,148.875823721324,-52.3622741699219,-51.6116561889649,0,7.66789929737372,0.647305633142894,0,-50.11750520215443,-51.422790992596276,-1.1197400093078613,-55.55912544956017,-51.88062549197992,0.018038330599665642,-3.20814628564366,2.2527001089916947,4.796326986959186,0.50975900888443,0.0662439977650193,151.694946179579
0,148.952755872555,-52.3493347167969,-51.6874923706055,0,7.6665761107594,0.623280117381518,0,-50.11994585792066,-51.48868812065997,-1.1242541074752808,-55.537593849173156,-51.97180323136916,0.015284423716366291,-3.2009106455396017,2.2382354241406137,4.801328055074416,0.489955067634583,0.0636977814361534,151.771878330809
0,149.029654852985,-52.3362579345703,-51.7632713317871,0,7.66511084433602,0.599169614570597,0,-50.12240688316938,-51.55513521993027,-1.1264086961746216,-55.51623760183912,-52.06223842052159,0.011824950575828552,-3.194002505382474,2.223613527312653,4.806128851583206,0.470177412033081,0.0611533881392134,151.848777311239
0,149.106526970337,-52.3230743408203,-51.8390045166016,0,7.66349573774115,0.574990610771321,0,-50.124887886900424,-51.62212173349494,-1.1285778284072876,-55.495048573859236,-52.15196550240756,0.005949706770479679,-3.1873758977722724,2.208859847931715,4.810735098531456,0.450436890125275,0.0586122016128747,151.925649428592
0,149.183368633745,-52.3097839355469,-51.9146881103516,0,7.6617257879848,0.550757318832,0,-50.1273887961804,-51.689645692169584,-1.1307666301727295,-55.474028745510175,-52.240976091345146,-0.00036987304338254035,-3.181023273086877,2.1939673275397147,4.815142981221876,0.430742055177689,0.0560752845381391,152.002491092
0,149.26015657655,-52.2964134216309,-51.9903030395508,0,7.65979961458476,0.526482448948279,0,-50.12118528716064,-51.75674156216283,-1.1338354349136353,-55.45318153143314,-52.32925572769089,-0.0066369627602398396,-3.1749131994216433,2.187731336501495,4.819352499654496,0.411099821329117,0.0535434606323918,152.079279034804
0,149.33692136758,-52.2829818725586,-52.0658836364746,0,7.65770990869891,0.502176703390633,0,-50.110666708661924,-51.82380875061506,-1.1375476121902466,-55.432495238076285,-52.41685392897267,-0.012856445275247097,-3.169008454673277,2.1857615198505433,4.823367468526566,0.391515731811523,0.0510174180539231,152.156043825834
0,149.413650056002,-52.2694778442383,-52.141414642334,0,7.65599868215611,0.477846999689489,0,-50.10008552149417,-51.891275136297665,-1.141571044921875,-55.41197315445193,-52.50375676753522,-0.019493408501148224,-3.163316075008941,2.1837657434947717,4.827185980489456,0.37199667096138,0.0484945494309828,152.232772514257
0,149.490346292001,-52.2559661865234,-52.216911315918,0,7.65510231228127,0.453495721356286,0,-50.089441967775954,-51.95913917544591,-1.1450988054275513,-55.39160947312584,-52.589988835546066,-0.026673583313822746,-3.1577595944699097,2.1818051395170004,4.830811850240436,0.352555155754089,0.0459743214472724,152.309468750256
0,149.567013356004,-52.2423858642578,-52.292366027832,0,7.65509628385458,0.429126134368161,0,-50.07873628632428,-52.02739934534588,-2.179191827774048,-55.37140318861307,-52.67555439083295,-0.033714599907398224,-3.1523931762479735,2.1798134871863692,4.834245077779496,0.333203017711639,0.0434587232933674,152.386135814259
0,149.643680420008,-52.2288055419922,-52.3678207397461,0,7.65598728089193,0.404742984061235,0,-50.067962175251225,-52.09609582727352,-2.1534667015075684,-55.35134830045061,-52.76047884296331,-1.2898815870285034,-3.1471341986676036,2.1778609881364583,4.837481848409376,0.313948452472687,0.0409497353246852,152.462802878262
0,149.720347484011,-52.2152252197266,-52.4432754516602,0,7.6577739335361,0.380351979747708,0,-50.057121143880366,-52.16521899767661,-2.127581834793091,-55.33144111330021,-52.84477784022069,-1.2657042741775513,-3.141974803110386,2.1759431504030724,4.8405259768273465,0.294795632362366,0.0384488597242929,152.539469942265
0,149.797009148205,-52.2016754150391,-52.5187301635742,0,7.66045208610933,0.355959928553692,0,-50.046214661338006,-52.234759489303734,-2.114130735397339,-55.31168029331719,-52.928457030905285,-1.2437926530838013,-3.136878456160912,2.174086107906332,4.843379370382037,0.275745302438736,0.0359571583451718,152.61613160646
0,149.873711550705,-52.1881713867188,-52.5942344665527,0,7.66401675724122,0.331574027558568,0,-50.035235660855186,-52.30476236036541,-2.1097679138183594,-55.292054183382675,-53.01156577826586,-1.2220287322998047,-3.1318131871429027,2.17230898814151,4.8460420290734465,0.256795793771744,0.0334753706618179,152.692834008959
0,149.950435544,-52.1746940612793,-52.6697654724121,0,7.6684625990643,0.307202489697217,0,-50.024190070027416,-52.37518981610025,-2.116795539855957,-55.272561205192,-53.094110765793204,-1.2308911085128784,-3.126795447314795,2.1705856890898887,4.8485215822960965,0.237943053245544,0.0310039136167382,152.769558002254
0,150.027207179441,-52.1612663269043,-52.7453536987305,0,7.67378727116514,0.282854068154969,0,-50.01307133196224,-52.44608366371083,-2.1267833709716797,-55.25319990532843,-53.17609814812739,-1.2475879192352295,-3.1217934002865873,2.1689408221882838,4.850810400655476,0.219181537628174,0.0285429849316572,152.846329637696
0,150.104022519431,-52.1479110717773,-52.8209991455078,0,7.67998620645267,0.258537827307941,0,-50.00188016719446,-52.517439309017035,-2.136835813522339,-55.233970350057184,-53.2575276446617,-1.2669079303741455,-3.1167802296008795,2.1673941076220906,4.852908484151566,0.200504645705223,0.0260926420219343,152.923144977685
0,150.180895361422,-52.134635925293,-52.8967170715332,0,7.68705643593354,0.234263046890328,0,-49.99061783235347,-52.58924873966247,-2.136428117752075,-55.214861819765034,-53.338444648682454,-1.3000805377960205,-3.1117382302163854,2.1659525290170625,4.854825369527546,0.181905031204224,0.023652827526086,153.000017819676
0,150.25783381997,-52.1214599609375,-52.9725189208984,0,7.69499469360648,0.210038795481872,0,-49.97928064991677,-52.66153540378652,-2.137547492980957,-55.19587721522235,-53.418836876584095,-1.3258788585662842,-3.1066446805213936,2.164634599298583,4.856553427388876,0.163375243544579,0.0212234605865711,153.076956278225
0,150.334846872823,-52.1083755493164,-53.0484123229981,0,7.70380307951686,0.186822730966546,0,-49.96787068799095,-52.734286114997595,-2.1435437202453613,-55.177007117836204,-53.49874421235099,-1.350838541984558,-3.101499397692102,2.163431611100902,4.858102194478716,0.145623117685318,0.0188972011341521,153.153969331078
0,150.411952823241,-52.095386505127,-53.1244163513184,0,7.71351577109835,0.165120982068999,0,-49.9563865689693,-52.807509657011984,-2.1492321491241455,-55.158244001335454,-53.57819852673941,-1.356878638267517,-3.096290410282945,2.1623483946346105,4.859475485494347,0.12902295589447,0.0167230362492345,153.231075281496
0,150.489148074663,-52.0824928283691,-53.2005271911621,0,7.72416132777974,0.144737407288906,0,-49.94483478982148,-52.88116460469904,-2.154843807220459,-55.13957592923114,-53.65725036601899,-1.348848819732666,-3.0910116699921484,2.1613825092749406,4.8606904665734465,0.113423183560371,0.0146816296634946,153.308270532918
0,150.56646101884,-52.0696830749512,-53.2767715454102,0,7.73577116304232,0.127229610818764,0,-49.93321560124046,-52.955249359622854,-2.1604907512664795,-55.12098640098219,-53.73596960339969,-1.361751675605774,-3.085662788431214,2.160525348654214,4.861760489156456,0.0999931171536446,0.0129243217852855,153.385583477095
0,150.643886781929,-52.056941986084,-53.353141784668,0,7.74838005570056,0.112256991099577,0,-49.921535673739875,-53.02972139012444,-2.165992498397827,-55.10246395314074,-53.81440478201078,-1.376031517982483,-3.0802544707447184,2.159759447347282,4.862702719381057,0.0884832516312599,0.0114183824618017,153.463009240183
0,150.721438626098,-52.0442581176758,-53.4296493530273,0,7.76200036832601,0.0995009050865884,0,-49.90980072930848,-53.10454421240526,-2.1711742877960205,-55.08398891394463,-53.892639203918655,-1.3927013874053955,-3.0747882717048207,2.1590742681100004,4.863540045430867,0.0786578357219696,0.010132874261215,153.540561084352
0,150.7991341326,-52.0315933227539,-53.5063056945801,0,7.77663894887223,0.0886689129727887,0,-49.88569029054549,-53.17781537669348,-2.1763830184936523,-55.06029169543439,-53.969932464425625,-1.4101110696792603,-3.06397839652874,2.1708997472445604,4.864287726094926,0.070299044251442,0.0090391846088873,153.618256590855
0,150.876980902803,-52.018970489502,-53.583122253418,0,7.79230162793211,0.0775882445486347,0,-49.86081683002759,-53.25129885582504,-2.181630849838257,-55.034573671635876,-54.04678140451453,-1.417877197265625,-3.051039554068662,2.183514136682642,4.864947668721886,0.0617688111960888,0.0079265090614314,153.696103361058
0,150.95498399069,-52.0063819885254,-53.6601028442383,0,7.80897734846662,0.0681992977514677,0,-49.835841826968064,-53.325082321330974,-2.182762384414673,-55.00888713349586,-54.12353626118932,-1.4274340867996216,-3.0380598541702564,2.1962430065232845,4.8655294100548865,0.0545158311724663,0.0069809079745869,153.774106448944
0,151.033156494653,-51.9937934875488,-53.7372550964355,0,7.82668183444654,0.0602629341126904,0,-49.810768438287184,-53.399156446745216,-2.195045232772827,-54.98321585884416,-54.20024550849272,-1.4413952827453613,-3.0250630135020495,2.209051620634084,4.866044394185746,0.0483649596571922,0.0061793141824885,153.852278952908
0,151.111521015318,-51.9812049865723,-53.8146018981934,0,7.84541820337481,0.0535681776048687,0,-49.78559678397856,-53.473520877571524,-2.2092273235321045,-54.957540640176674,-54.276966541049724,-1.4553600549697876,-3.012035024012872,2.2219432130289407,4.866504065206256,0.0431605353951454,0.0055012401146679,153.930643473573
0,151.190070034358,-51.9686164855957,-53.8921356201172,0,7.86518656003245,0.0479305628044072,0,-49.760331432510824,-53.548162117217096,-2.223459482192993,-54.93185953953837,-54.353705149732576,-1.4615758657455444,-2.998975796402638,2.234914013195017,4.866912237813676,0.0387656278908253,0.0049286698789824,154.009192492613
0,151.268822391369,-51.9560279846191,-53.9698753356934,0,7.88598822026927,0.0431900285742664,0,-49.73497539743883,-53.62307126275923,-2.2335119247436523,-54.906153021322545,-54.43051970958133,-1.4687926769256592,-2.9858718946698164,2.2479652266046926,4.8672822634484465,0.0350608453154564,0.0044459005664042,154.087944849624
0,151.347789397838,-51.9434394836426,-54.0478324890137,0,7.90782220552198,0.0392085671094986,0,-49.70952875266301,-53.698248095874455,-2.236287832260132,-54.88041150453939,-54.50743884989184,-1.476068139076233,-2.972716377068323,2.2610984945181603,4.867619864156456,0.0319428332149982,0.0040393473392209,154.166911856092
0,151.426976534466,-51.9308166503906,-54.1260070800781,0,7.93068881159702,0.0358678564205332,0,-49.68398937914329,-53.77369887682708,-2.2386388778686523,-54.85463288242504,-54.58446886596,-1.4833556413650513,-2.9595419523673074,2.274280953817837,4.867925039937706,0.0293225795030594,0.0036973181415617,154.246098992721
0,151.506400081219,-51.9181518554688,-54.2044143676758,0,7.95458215021938,0.0330669123920262,0,-49.65835726290511,-53.84942364690201,-2.240999698638916,-54.82880428104695,-54.661648226840754,-1.4874475002288818,-2.946346949103387,2.287507379751063,4.868205420186726,0.0271238051354885,0.0034098045971337,154.325522539474
0,151.586058335231,-51.9054794311523,-54.2830581665039,0,7.97902628563777,0.0307258549153247,0,-49.63264117216386,-53.92539650222589,-2.252519369125366,-54.80291509218562,-54.73900863133145,-1.490383267402649,-2.933091242393263,2.3008076011730614,4.868472448995316,0.0252763461321592,0.0031678249725622,154.405180793485
0,151.665968549451,-51.8927383422852,-54.361946105957,0,8.00369431067107,0.0287739036292346,0,-49.60682535844667,-54.00166396839474,-2.2575230598449707,-54.776972222657264,-54.81652944092937,-1.4932751655578613,-2.919837510054404,2.3141308062268218,4.868712774923056,0.023723253980279,0.0029640188335951,154.485091007705
0,151.746121610492,-51.8799858093262,-54.4410781860352,0,8.02852332289615,0.0271477084627731,0,-49.58092393498604,-54.07818435079097,-2.262547492980957,-54.75096392908825,-54.894245746426215,-1.4961779117584229,-2.9065230434220166,2.3275260337325467,4.868941656758986,0.0224190261214972,0.0027924061564381,154.565244068747
0,151.826529789942,-51.8671684265137,-54.5204582214356,0,8.05351418392131,0.0257933541612493,0,-49.55494154474443,-54.15494393274514,-2.2675671577453613,-54.72487552775891,-54.972201424766084,-1.4968578815460205,-2.893192319612126,2.340938668144326,4.869170538594926,0.0213254801928997,0.0026479584356403,154.645652248196
0,151.907183853399,-51.854320526123,-54.6000823974609,0,8.07874347634296,0.0246648827065929,0,-49.52886363488383,-54.23198570759819,-2.2725157737731934,-54.698731171657705,-55.050324303546574,-1.4966198205947876,-2.8798245943853655,2.3544096767766716,4.869376532247276,0.020410668104887,0.0025264539021021,154.726306311653
0,151.988091214414,-51.8414192199707,-54.6799545288086,0,8.10441966957461,0.0257938095690053,0,-49.50270221591314,-54.30927419279313,-2.2772581577301025,-54.672510615761055,-55.12867487764147,-1.4963854551315308,-2.866431307876548,2.3679107112761932,4.8695787112023465,0.0212177503854036,0.0026180335901767,154.807213672669
0,152.069262349028,-51.8284225463867,-54.7600784301758,0,8.130731988679,0.0306495864193796,0,-49.476477516496395,-54.386749626938496,-2.280041456222534,-54.64618247269897,-55.20734693676554,-1.4961462020874023,-2.853036999290115,2.3813903121815825,4.869807593038287,0.0248927306383848,0.0030615390857503,154.888384807283
0,152.150701590136,-51.8153038024902,-54.8404541015625,0,8.15770997542177,0.0384681787069421,0,-49.450207832217984,-54.4643579595256,-2.280275821685791,-54.619723084857014,-55.28641117307646,-1.495361328125,-2.8396558279031123,2.3948125723431697,4.870087973287307,0.0309050641953945,0.00378840638902,154.969824048391
0,152.232406439051,-51.8020324707031,-54.9210739135742,0,8.185078910901,0.0486648456253438,0,-49.42390666043109,-54.54205931542447,-2.282330274581909,-54.59312011800558,-55.36590444292371,-1.4941784143447876,-2.826312872766544,2.4081392059207194,4.8704351107384865,0.0388369709253311,0.004744766046836,155.051528897306
0,152.314388323769,-51.7885856628418,-55.0019454956055,0,8.21266395148949,0.0593261770007032,0,-49.397583227122134,-54.619826438372165,-2.291422128677368,-54.56635702511431,-55.44587619107626,-1.4915258884429932,-2.8130211878765565,2.4213441765924673,4.870864264180867,0.0472511984407902,0.0057533056175246,155.133510782024
0,152.396651882464,-51.7749366760254,-55.0830688476563,0,8.24028768545663,0.0718114048417501,0,-49.37124471231607,-54.69763811647441,-2.2931346893310547,-54.539424888138115,-55.526353065861215,-1.488857388496399,-2.799802845383887,2.434397647250796,4.871384970357626,0.0571632049977779,0.0069367765615683,155.215774340718
0,152.479188697427,-51.7610702514648,-55.1644325256348,0,8.26779977078499,0.085779287102339,0,-49.344904195722265,-54.77545570844328,-2.2917613983154297,-54.5123174346981,-55.60735380999675,-1.4885962009429932,-2.786671908817037,2.447276317303563,4.872008673360556,0.0683223754167557,0.0082632260579525,155.298311155682
0,152.56200057217,-51.746955871582,-55.2460327148438,0,8.29505233677609,0.100958599056083,0,-49.318574707430564,-54.853240719581386,-2.290924072265625,-54.48502195028114,-55.68891641617097,-1.4889318943023682,-2.773653154996873,2.459943216813698,4.872750631978716,0.0805220454931259,0.0097065188919827,155.381123030424
0,152.645086231102,-51.7325820922852,-55.3278656005859,0,8.32125401371768,0.117156342716775,0,-49.292264312811085,-54.93096932242585,-2.292433977127075,-54.45753368699501,-55.77105507172916,-1.4885997772216797,-2.7607567985687913,2.472382963950927,4.873618475606646,0.093570314347744,0.0112436228575191,155.464208689356
0,152.728423295046,-51.7179298400879,-55.4099044799805,0,8.34537603585505,0.134236617682659,0,-49.26598960988418,-55.00859248156882,-2.293935537338257,-54.42985316469128,-55.853768223284476,-1.4869201183319092,-2.7480071217425337,2.484564793391518,4.874621740987506,0.107293799519539,0.0128550135524966,155.5475457533
0,152.811992650848,-51.7029838562012,-55.4921264648438,0,8.36662637459051,0.15208966126293,0,-49.23736305032732,-55.08568236978985,-2.2957348823547363,-54.39449750571783,-55.93580775881934,-1.4860388040542603,-2.7278377547350816,2.4988963085255054,4.875764242818557,0.121548309922218,0.0145253566929736,155.631115109102
0,152.89575798996,-51.6877212524414,-55.5744895935059,0,8.38448037054722,0.170617874578043,0,-49.20282942146291,-55.16158681267524,-2.2979087829589844,-54.35842149096471,-56.01826728294245,-1.485266089439392,-2.7073194125721676,2.5189633022498223,4.877049795797076,0.136219829320908,0.0162433005139542,155.714880448214
0,152.979691006872,-51.6721382141113,-55.6569633483887,0,8.39872766478758,0.189725590360528,0,-49.16841242005965,-55.237234909999636,-2.298909902572632,-54.32213296823586,-56.10121253994573,-1.4844861030578613,-2.686974049202332,2.5386639820567183,4.878486029317586,0.151223435997963,0.0180009249256807,155.798813465127
0,153.063762631366,-51.6562156677246,-55.7395133972168,0,8.40931953966656,0.209323564998475,0,-49.13412623259801,-55.312595480073455,-2.2996740341186523,-54.285650201908496,-56.18460178264997,-1.483400821685791,-2.6668388853484153,2.5579667759287257,4.880071036031456,0.166493609547615,0.0197925709242131,155.882885089621
0,153.147899216608,-51.6399536132812,-55.8220634460449,0,8.41625727163402,0.229330212251519,0,-49.10001435962152,-55.38757290929827,-2.300431966781616,-54.24899920812444,-56.26837554554354,-1.4812499284744263,-2.646944163772593,2.5768339951971444,4.881812445333206,0.181978330016136,0.0216142168829526,155.967021674863
0,153.232107350248,-51.6233253479004,-55.904613494873,0,8.41956539747455,0.249670874205072,0,-49.06607554578956,-55.46216995689556,-2.300852060317993,-54.21218351431951,-56.35252576590995,-1.4790905714035034,-2.6273203094370556,2.5952423460428347,4.883708349874226,0.197636768221855,0.0234631980733512,156.051229808503
0,153.316347463447,-51.606330871582,-55.9871215820313,0,8.41926985226056,0.270273746843508,0,-49.032334266730004,-55.53633282577074,-2.295628547668457,-54.175219189480515,-56.43701571460897,-1.4769238233566284,-2.607986181014627,2.6131722148684644,4.885762564351766,0.213439628481865,0.0253382703764563,156.135469921702
0,153.400575776071,-51.5889549255371,-56.0695381164551,0,8.41539436832019,0.291063320548053,0,-48.99881263388616,-55.61001291527453,-2.290888547897339,-54.138128324172406,-56.52179489888283,-1.4738988876342773,-2.588980728696479,2.6305893829176066,4.887975088765826,0.229371950030327,0.0272399448658054,156.219698234326
0,153.484753096047,-51.5711975097656,-56.1518211364746,0,8.4083235739922,0.311949934248947,0,-48.96553036684199,-55.683166882031664,-2.2867956161499023,-54.10093076617855,-56.60681795233555,-1.4705358743667603,-2.5703253589857615,2.647477680721623,4.890345923116416,0.245438560843468,0.0291698838167835,156.303875554302
0,153.568852357439,-51.5530548095703,-56.2339401245117,0,8.39963287442039,0.332850962422414,0,-48.93250614128138,-55.755753677144945,-2.282733201980591,-54.0636372221464,-56.692060402611745,-1.4688634872436523,-2.5520380560530227,2.6638201142937676,4.892878882100787,0.261639535427093,0.031124497507875,156.387974815694
0,153.652873183598,-51.5345039367676,-56.3158874511719,0,8.39043427680207,0.353726692672212,0,-48.89974298859011,-55.82776663766999,-2.2853894233703613,-54.02625158592146,-56.777513349486426,-1.467187523841858,-2.534147749650456,2.6795945929589613,4.895573965718956,0.277939945459366,0.0330964131631989,156.471995641853
0,153.736814982553,-51.5155410766602,-56.3976593017578,0,8.3809337709767,0.374557641574833,0,-48.86724569631207,-55.89919524065096,-2.2891368865966797,-53.988775409069824,-56.86317324652015,-1.455992341041565,-2.516662729842417,2.6947977367120473,4.898433081319537,0.294300884008408,0.0350805079461687,156.555937440807
0,153.820668055127,-51.4961700439453,-56.4792442321777,0,8.37210432990146,0.391217587297349,0,-48.83500062121617,-55.97006947372277,-2.2928600311279297,-53.951233369212055,-56.94898368768079,-1.444334626197815,-2.4995981851342033,2.7094430481403604,4.9014390627648465,0.307580024003983,0.0366986302745436,156.639790513381
0,153.904446048612,-51.4764213562012,-56.560661315918,0,8.36410008761229,0.403751976992522,0,-48.80297188840167,-56.040468189425496,-2.2954161167144775,-53.913648956614985,-57.03489098088959,-1.433040738105774,-2.482936195587355,2.723588248198987,4.904565207174026,0.317748457193375,0.0379453728255917,156.723568506866
0,153.988154712988,-51.4563255310059,-56.6419219970703,0,8.35690155355135,0.412247997090065,0,-48.77111740362392,-56.11048391033191,-2.294041633605957,-53.876055697136366,-57.1208184955571,-1.4227697849273682,-2.466664941402598,2.737292298493973,4.907777182271686,0.324823588132858,0.038821695002748,156.807277171242
0,154.071794738133,-51.4359169006348,-56.7230339050293,0,8.35043590937032,0.416854092159635,0,-48.73940084041652,-56.18019648151719,-2.2916295528411865,-53.83848418300672,-57.20669630653254,-1.408203125,-2.450766995238812,2.750612901042306,4.9110444704796965,0.32888051867485,0.039335850213928,156.890917196388
0,154.155378421587,-51.415225982666,-56.8040161132813,0,8.34461292652231,0.417775181747805,0,-48.70776914127104,-56.249722522657635,-2.2887401580810547,-53.800968858173455,-57.29244568473423,-1.3941783905029297,-2.43522740504953,2.7636142879611247,4.914327017476766,0.330046415328979,0.0395025579505349,156.974500879842
0,154.23889826685,-51.394287109375,-56.8848686218262,0,8.33934067253971,0.415260018264734,0,-48.676206171204804,-56.319097498223975,-2.2856762409210205,-53.76352659431752,-57.378028066291115,-1.3806884288787842,-2.4200210690561423,2.7763394876611,4.917609564473836,0.328489989042282,0.0393416578557798,157.058020725105
0,154.322371318657,-51.3731384277344,-56.9656181335449,0,8.33452153831985,0.409586426916117,0,-48.64468269531131,-56.38838566613998,-2.2824792861938477,-53.726165522025845,-57.46342486699051,-1.3686400651931763,-2.4051087398147737,2.788847074548694,4.920874945333206,0.324409186840057,0.038876635928121,157.141493776912
0,154.405796036621,-51.3518028259277,-57.0462684631348,0,8.3300693148759,0.401047724093123,0,-48.6131594518962,-56.45767332307169,-2.2779223918914795,-53.68891633142489,-57.54856593791937,-1.355190396308899,-2.39048160226184,2.801180424219857,4.924090735128126,0.318020284175873,0.0381332185721663,157.224918494876
0,154.489166776677,-51.3303184509277,-57.126823425293,0,8.3258975410631,0.389940015862728,0,-48.58160267988413,-56.52703467539994,-2.2741429805755615,-53.65180663393372,-57.63338816721539,-1.3417956829071045,-2.3761134698485002,2.8133938463147903,4.927228323629106,0.309547156095505,0.037138124683492,157.308289234931
0,154.572497348874,-51.3087043762207,-57.2073020935059,0,8.32192941232502,0.376555029753782,0,-48.54998854007887,-56.59652212135125,-2.2703943252563477,-53.614841050661624,-57.71788099233506,-1.3289843797683716,-2.3619816199816266,2.8255203483544347,4.930274359395706,0.299215346574783,0.0359182937318205,157.391619807129
0,154.655784426896,-51.2870025634766,-57.287712097168,0,8.31808311365902,0.361251201413283,0,-48.51829080122723,-56.666193316860614,-2.266639471054077,-53.578037974473084,-57.80200237241382,-1.3200122117996216,-2.3480497741002546,2.8376135072790962,4.933207861592976,0.287304937839508,0.0345072739807871,157.47490688515
0,154.739017469479,-51.2652397155762,-57.368049621582,0,8.31429675160908,0.344393259262934,0,-48.48649786570903,-56.73607375333818,-2.261448860168457,-53.54140963248724,-57.8857243597298,-1.3110790252685547,-2.334295745009014,2.8497016977651777,4.936017386129106,0.274104207754135,0.0329395700754832,157.558139927734
0,154.82220659203,-51.2434196472168,-57.4483261108398,0,8.31051805573603,0.326270741493559,0,-48.45575694538543,-56.80648767601463,-2.2553539276123047,-53.50492096607857,-57.96901983246534,-1.2999109029769897,-2.320670197799292,2.86059782486119,4.938687674215046,0.259847670793533,0.0312432561610738,157.641329050285
0,154.905355222809,-51.2215995788574,-57.5285606384277,0,8.30670159759046,0.307114896972212,0,-48.42642643846923,-56.87756133361685,-2.2490320205688477,-53.46841281901735,-58.05184623968416,-1.29083251953125,-2.3069455036130346,2.8699813552724835,4.941211096456256,0.244726821780205,0.0294412563922939,157.724477681064
0,154.988456001557,-51.1997795104981,-57.6087455749512,0,8.30281852054157,0.287112183191066,0,-48.39696100326427,-56.94896194932526,-2.240814208984375,-53.432098229829855,-58.13423352017209,-1.2845813035964966,-2.293334786997191,2.8794280711864553,4.943580023458206,0.228899225592613,0.0275523896868909,157.807578459811
0,155.071512611009,-51.1779594421387,-57.6888847351074,0,8.29883876412243,0.266413633619779,0,-48.36735341257363,-57.020707036076914,-2.2328343391418457,-53.39597634038119,-58.216183620788556,-1.278359293937683,-2.2798340017926346,2.888938852054369,4.9457906405236365,0.212495192885399,0.0255922289502513,157.890635069264
0,155.154521756188,-51.1562080383301,-57.7689933776856,0,8.29474104587066,0.245142841406463,0,-48.337591851928266,-57.09282522268238,-2.2269909381866455,-53.36005358119722,-58.29768195253368,-1.2721740007400513,-2.2663730465195204,2.898585962169635,4.947833410909386,0.195622771978378,0.0235736588406273,157.973644214443
0,155.237487467315,-51.1345100402832,-57.8490715026855,0,8.29050961142037,0.223401251976319,0,-48.30766908795006,-57.16533403705694,-2.221116781234741,-53.32432913749131,-58.378730363922216,-1.2678332328796387,-2.252963867394218,2.9083546365070263,4.949704519918166,0.178372099995613,0.0215074083225386,158.05660992557
0,155.320388070268,-51.1128921508789,-57.9291038513184,0,8.28612817793417,0.201272899752576,0,-48.277591593726356,-57.238217793621224,-2.2152135372161865,-53.28880873315871,-58.45931586909438,-1.2644336223602295,-2.239584282145758,2.918261947480018,4.951403967550006,0.160818442702293,0.0194024298347593,158.139510528523
0,155.403265837164,-51.0913619995117,-58.0091361999512,0,8.28159031670613,0.180316875686121,0,-48.24733905725405,-57.31152571240263,-2.209124803543091,-53.25347376593731,-58.53948067119282,-1.2610522508621216,-2.2262058639516304,2.928331758600038,4.952929846456256,0.144149988889694,0.0174019514018928,158.222388295418
0,155.486069269413,-51.0699195861816,-58.0891151428223,0,8.27693339468736,0.162246761034671,0,-48.216951361432784,-57.385161149195156,-2.2039806842803955,-53.21832533518381,-58.61922227609568,-1.2576892375946045,-2.2128399931068414,2.9385334635783895,4.954301230123246,0.129682645201683,0.015664948714735,158.305191727667
0,155.568830865209,-51.0485534667969,-58.1690711975098,0,8.27220603486899,0.146722022881324,0,-48.18643392483551,-57.45911097371774,-2.1988024711608887,-53.18333217689488,-58.6986116127676,-1.257790446281433,-2.199475663079494,2.9488594052352095,4.955535284688676,0.117188490927219,0.0141643065332081,158.387953323463
0,155.651540847357,-51.0272445678711,-58.2489891052246,0,8.26741418333123,0.133426711757564,0,-48.15581533239312,-57.53330591899193,-2.1936094760894775,-53.14847573003384,-58.777690790822625,-1.2585119009017944,-2.186126052103232,2.9592749580621645,4.9566548983361365,0.106444820761681,0.0128735489278663,158.470663305612
0,155.734208074416,-51.0059585571289,-58.3288688659668,0,8.26257275154142,0.122072722378299,0,-48.12511076115023,-57.60770920801705,-2.1884007453918457,-53.11373542540769,-58.85650647579961,-1.2588855028152466,-2.1728149423642207,2.969739934042936,4.957677237203326,0.0972405225038528,0.011767510497259,158.55333053267
0,155.816808739723,-50.9847450256348,-58.4086990356445,0,8.25769319899043,0.112400357600529,0,-48.09433898681535,-57.68227534351337,-2.1820836067199707,-53.07911068698661,-58.935059974543336,-1.2592589855194092,-2.1594960897042763,2.9802916719229633,4.9586118380334065,0.0893799513578415,0.0108228376132166,158.635931197978
0,155.899382618156,-50.9635353088379,-58.4885025024414,0,8.25277571508556,0.104177914837763,0,-48.06349939606132,-57.757005811694725,-2.175773859024048,-53.044572418418696,-59.0134172982454,-1.2617639303207397,-2.1462178347750163,2.9908687206173443,4.959472052266806,0.0826850011944771,0.0100182553023612,158.71850507641
0,155.98188645117,-50.942325592041,-58.5682334899902,0,8.24782509063387,0.097200767576272,0,-48.032623292824994,-57.83182475688985,-2.1699986457824707,-53.010125486063245,-59.09156740654662,-1.264459252357483,-2.132996668993341,3.0014438679158038,4.960271231343956,0.0769956856966019,0.0093346231971476,158.801008909425
0,156.064353929561,-50.921142578125,-58.6479339599609,0,8.24285692575002,0.0912896516442672,0,-48.001705642514096,-57.90674437891817,-2.164212703704834,-52.9757482828598,-59.1695593196064,-1.267144799232483,-2.119787163314767,3.012054783043543,4.961017004659376,0.0721701383590698,0.0087549393830855,158.883476387816
0,156.146760750104,-50.9000091552734,-58.7275848388672,0,8.23786844643752,0.0862882325298968,0,-47.970766227816,-57.98171674038971,-2.1588804721832275,-52.94144158587489,-59.247391274485935,-1.2696118354797363,-2.1065718832316533,3.0227112578586866,4.961718908956256,0.0680836886167526,0.0082642681661931,158.965883208358
0,156.229104891254,-50.8788757324219,-58.8071708679199,0,8.23285691359452,0.0820611836650768,0,-47.939812202213865,-58.05672450699059,-2.1537230014801025,-52.90720082007348,-59.32507365061409,-1.2707263231277466,-2.093400571682148,3.033358563577834,4.962382666280476,0.064627580344677,0.0078495679979219,159.048227349509
0,156.311416556751,-50.8576965332031,-58.8867111206055,0,8.2277976865338,0.0805868424552142,0,-47.908858438505305,-58.131731638971196,-2.148566961288452,-52.87299366985266,-59.40267976273019,-1.2717907428741455,-2.0802995430091147,3.0439514001425345,4.963031164815626,0.0632879659533501,0.0076916002227081,159.130539015005
0,156.393677106868,-50.8364868164063,-58.9661903381348,0,8.22267793813142,0.0813797065806562,0,-47.877929819611424,-58.206677840059804,-2.1427831649780273,-52.83881453198223,-59.48022232294003,-1.2728564739227295,-2.0672554660627522,3.0544915678416986,4.963679663350787,0.0637079402804375,0.0077474541607591,159.212799565123
0,156.475888798095,-50.8152236938477,-59.0456047058106,0,8.21755946750471,0.082036022005926,0,-47.84702553095204,-58.28156508414639,-2.137125253677368,-52.80466253923145,-59.55770329873884,-1.273919701576233,-2.054291091447589,3.0649562603224787,4.9643281618859465,0.0640768259763718,0.0077971608846993,159.295011256349
0,156.558040090584,-50.7939376831055,-59.1249504089356,0,8.21244206477744,0.0825801574316722,0,-47.8161498759601,-58.35638294315613,-2.131779670715332,-52.770542255355366,-59.635112336288806,-1.2604808807373047,-2.041379638176062,3.075372526026476,4.9649766604210965,0.0643973052501678,0.0078410355030101,159.377162548839
0,156.640143890373,-50.7725791931152,-59.2042274475098,0,8.20781822393675,0.085027765016185,0,-47.785298032867765,-58.43114310119248,-2.126439094543457,-52.73644856086267,-59.71246105023232,-1.2449010610580444,-2.028567052999028,3.0856941094168966,4.965625158956256,0.0661834552884102,0.0080630324020042,159.459266348628
0,156.722204668185,-50.7511596679688,-59.2834434509277,0,8.20418679996365,0.0870844290537131,0,-47.75449548206716,-58.505783814192455,-2.1210668087005615,-52.70236068017365,-59.78979657433986,-1.2293237447738647,-2.015832055409992,3.095924862407469,4.966296545675006,0.0677187219262123,0.0082537013053169,159.541327126439
0,156.804240215993,-50.7296676635742,-59.3626136779785,0,8.20146068455501,0.0926022894376671,0,-47.7237401897168,-58.58031001055893,-2.115689754486084,-52.66826857338036,-59.86714168625347,-1.2137439250946045,-2.003177974777874,3.1060584357266725,4.966994635274617,0.0719009339809418,0.0087662861554278,159.623362674247
0,156.886257315144,-50.7080497741699,-59.4417304992676,0,8.19962022115701,0.100906611967403,0,-47.693057498974206,-58.6546602787757,-2.1099939346313477,-52.63415147672757,-59.944543492917305,-1.184228539466858,-1.9906503146405496,3.116032405395502,4.967742315938676,0.0782420709729195,0.0095414354437874,159.705379773399
0,156.968246537804,-50.6862869262695,-59.5207786560059,0,8.19864790241523,0.111471593569376,0,-47.66248379938917,-58.7287464397189,-2.104318857192993,-52.59999251305994,-60.02204028370659,-1.1545995473861694,-1.978264970199408,3.12581195559934,4.968566290548056,0.0863566696643829,0.0105320645347011,159.787368996059
0,157.050240445953,-50.6643409729004,-59.599781036377,0,8.1985251070326,0.123880933268791,0,-47.63034468577727,-58.80212228025635,-2.098919630050659,-52.56577050494022,-60.09968010409013,-1.1192834377288818,-1.9660451020293577,3.137099450366993,4.969478003194537,0.0959369614720345,0.0117003985588452,159.869362904208
0,157.132251969056,-50.6421928405762,-59.6787452697754,0,8.19924150565543,0.137800696070593,0,-47.59733669944085,-58.87493972368146,-2.0938122272491455,-52.53147244929286,-60.177492454278635,-1.0794799327850342,-1.9540026084840558,3.1491669177960415,4.970488897969926,0.10673463344574,0.0130157847508391,159.951374427311
0,157.214252199263,-50.619815826416,-59.7576332092285,0,8.2007850150911,0.152959663110691,0,-47.5644941694233,-58.947392161316316,-2.0890746116638184,-52.49710126285904,-60.255470717031535,-1.077974796295166,-1.9421747588867142,3.1609303983812223,4.9716123263146565,0.118547640740871,0.0144531316310457,160.033374657517
0,157.296286387311,-50.5971946716309,-59.8364868164063,0,8.20315155633311,0.169135523644251,0,-47.53181237563561,-59.01949000593825,-2.084332227706909,-52.46263260979305,-60.33367010333127,-1.0764575004577637,-1.9305568942489508,3.172389069599807,4.972857824971886,0.131210312247276,0.0159917112814897,160.115408845566
0,157.378356441046,-50.5742988586426,-59.9152984619141,0,8.2063318099444,0.186143995559869,0,-47.49930507875654,-59.09120290072893,-2.079462766647339,-52.428054812065305,-60.412103386440755,-1.0749462842941284,-1.9191733292967734,3.1835075373403843,4.974234930684776,0.144585639238358,0.0176142594562955,160.197478899301
0,157.460452954611,-50.5511131286621,-59.9940528869629,0,8.21032173018092,0.203831420509086,0,-47.46698312483752,-59.162506918698995,-2.0746190547943115,-52.393311522855704,-60.49074811236983,-1.0732592344284058,-1.9079835089726347,3.194264638039087,4.975747458150597,0.158559933304787,0.0193063192284214,160.279575412865
0,157.54261899063,-50.5276184082031,-60.0727882385254,0,8.21511492314692,0.222068029761419,0,-47.43484294846784,-59.233409925341675,-2.070068359375,-52.35844412194717,-60.56967377688499,-1.0707213878631592,-1.8970550947026836,3.2046553632151746,4.977404944112506,0.173038020730019,0.0210556804993525,160.361741448885
0,157.624812609386,-50.5037994384766,-60.1514549255371,0,8.22070833042579,0.24074388116477,0,-47.402906556544025,-59.30386337222611,-2.0655505657196045,-52.323470455756826,-60.64883998293074,-1.0682177543640137,-1.8864237345962682,3.2146458757480953,4.979209295919146,0.187939867377281,0.0228519638044221,160.443935067641
0,157.707100203113,-50.4796333312988,-60.2301139831543,0,8.22709934611713,0.259764665530994,0,-47.371152883053526,-59.373913732141084,-2.061060667037964,-52.28836233857072,-60.728310531540274,-1.065708041191101,-1.8760864645774114,3.2242409288014175,4.981164328267776,0.203197807073593,0.0246862942498921,160.526222661368
0,157.789436687218,-50.4551048278809,-60.3087120056152,0,8.23428482175091,0.279048974709631,0,-47.339605137739284,-59.44350980310999,-2.056600332260132,-52.25313887227213,-60.80804218379151,-1.062200903892517,-1.866080665895091,3.2334058159303765,4.983271948507037,0.218754306435585,0.0265510370281842,160.608559145472
0,157.871873071832,-50.4301948547363,-60.3872947692871,0,8.24226103317559,0.298525875494146,0,-47.30824595032814,-59.512689904916115,-2.0520215034484863,-52.21777953424123,-60.888081394578286,-1.0543639659881592,-1.8564068062984687,3.2421441409222824,4.985534063985556,0.234560191631317,0.0284395862471994,160.690995530087
0,157.954395184822,-50.4048957824707,-60.4658432006836,0,8.25102746591948,0.318133003662365,0,-47.27708776699855,-59.581426580601445,-2.047434091567993,-52.18228900895055,-60.968417560153334,-1.045373558998108,-1.8470808505132754,3.250442391356814,4.987954489400597,0.250573307275772,0.0303461916069029,160.773517643077
0,158.037004653851,-50.3791847229004,-60.5443496704102,0,8.26057629994209,0.337814744475444,0,-47.246139106538024,-59.649701037249564,-2.0428454875946045,-52.14666421858887,-61.04905764743387,-1.0352916717529297,-1.838127827369602,3.258277307262793,4.990538946798056,0.266757190227509,0.0322658370863259,160.856127112106
0,158.119746888574,-50.3530502319336,-60.6228561401367,0,8.27090955090983,0.357521324884031,0,-47.215379318853785,-59.71755883010725,-2.038289785385132,-52.11088947758862,-61.13003716218775,-1.0275073051452637,-1.8295440422940792,3.2656610323690485,4.993285528829306,0.283080101013184,0.0341940628349355,160.938869346829
0,158.202579369847,-50.326473236084,-60.7013092041016,0,8.2820218859476,0.377207383745655,0,-47.184827485283165,-59.784957864689005,-2.033787727355957,-52.07498398225483,-61.21131265176037,-1.0240527391433716,-1.821371281781589,3.272558296007603,4.996194235494347,0.299514293670654,0.0361269418906353,161.021701828102
0,158.285536976196,-50.2994422912598,-60.7797393798828,0,8.2939111059212,0.396831133403389,0,-47.15447747976597,-59.851911655422434,-2.0296995639801025,-52.03893042914391,-61.2929232841352,-1.0205895900726318,-1.8136087509226633,3.278973612551908,4.999270788839066,0.316035389900208,0.0380609659522589,161.104659434451
0,158.368648653267,-50.2719421386719,-60.8581695556641,0,8.30657239952305,0.416353748340144,0,-47.12431519742574,-59.91845131844512,-2.0255627632141113,-52.00271957679531,-61.37488997823355,-1.0200475454330444,-1.8062642485022404,3.2849087851294496,5.0025132815148465,0.332621663808823,0.0399929840384258,161.187771111521
0,158.451876464059,-50.243953704834,-60.9365501403809,0,8.31835048868216,0.43593053436023,0,-47.09435213289455,-59.984551495962954,-2.0213708877563477,-51.966371152996864,-61.45716807833905,-1.020696997642517,-1.799379032627554,3.2903330349581728,5.005917898824416,0.349100977182388,0.0419100615417765,161.270998922314
0,158.535227701009,-50.2154846191406,-61.0148887634277,0,8.32769813620691,0.454660942502678,0,-47.06458506304272,-60.05021929837826,-2.017206907272339,-51.92988257466717,-61.53976343150115,-1.010964274406433,-1.7929455560888914,3.2952625372520115,5.009484640767776,0.364518016576767,0.0437066706600822,161.354350159263
0,158.618667868353,-50.1865386962891,-61.093147277832,0,8.33473666505133,0.469876489515848,0,-47.03499693894658,-60.115492336559605,-2.013170003890991,-51.8932850942422,-61.62260529487086,-1.000573754310608,-1.7869832284418936,3.299700688315218,5.013190619161336,0.37682694196701,0.0451399440245607,161.437790326608
0,158.70217687135,-50.1571502685547,-61.171314239502,0,8.33939152893552,0.481593612924623,0,-47.00555309444161,-60.18044708598319,-2.0092968940734863,-51.85660835847103,-61.70562656022357,-0.9901623129844666,-1.7814733945408552,3.3036922471380574,5.017005316426956,0.386082977056503,0.0462192946328114,161.521299329604
0,158.785725668948,-50.1273574829102,-61.2493705749512,0,8.34159039220003,0.489815794255856,0,-46.976219670725065,-60.24515824104046,-2.005439519882202,-51.81988653402792,-61.788749888055904,-0.98162841796875,-1.7763965301369973,3.307281651592645,5.020896307637896,0.392377138137817,0.0469577628397995,161.604848127203
0,158.869289717977,-50.0971946716309,-61.3273010253906,0,8.34127295892255,0.494580201773711,0,-46.9469686723145,-60.30968756131408,-2.001594305038452,-51.783147486963486,-61.87191220092291,-0.9730321764945984,-1.77173311422532,3.3105076663615884,5.024836889913287,0.395837098360062,0.047372039285217,161.688412176231
0,158.952835606145,-50.0666999816895,-61.4050827026367,0,8.33838087993875,0.495967405750892,0,-46.917780901988436,-60.37407739693633,-1.9977526664733887,-51.74641963939636,-61.95504916266697,-0.964404284954071,-1.767461805993289,3.3134066021072215,5.028804175069537,0.39662179350853,0.0474818859525289,161.7719580644
0,159.036343750492,-50.0359115600586,-61.4827079772949,0,8.33389034372646,0.494091368705203,0,-46.88961735416035,-60.438723692803904,-1.9938732385635376,-51.70972821370728,-62.038103680040265,-0.9559338092803955,-1.7635550960091035,3.314976684131139,5.032771460225787,0.394918084144592,0.0473039401594368,161.855466208747
0,159.119802682497,-50.0048637390137,-61.5601768493652,0,8.32914550936527,0.489148208206144,0,-46.861798583989895,-60.50353014169044,-1.9900084733963013,-51.67302044062798,-62.12098364136852,-0.9485412240028381,-1.759900860587802,3.315925335945417,5.036702505758016,0.390891969203949,0.046849900100471,161.938925140752
0,159.203212632465,-49.9735870361328,-61.6375007629395,0,8.32468537315251,0.481392571262024,0,-46.833935359035976,-60.56844015218787,-1.9861364364624023,-51.63637734948747,-62.20368574483233,-0.9411657452583313,-1.7565412206683617,3.316670505636269,5.0405782381798865,0.384706139564514,0.0461356203955145,162.022335090719
0,159.286571428186,-49.9421081542969,-61.7146873474121,0,8.32055760962476,0.471096255160477,0,-46.80601218810134,-60.633489812501296,-1.9821032285690308,-51.599818380927495,-62.28619798673852,-0.9336901903152466,-1.7534616067479036,3.317240723656527,5.044387213399617,0.376538217067718,0.0451816043214616,162.105693886441
0,159.369894935216,-49.9104614257813,-61.7917671203613,0,8.31670564139181,0.458528349219744,0,-46.77798620637574,-60.69877898024904,-1.9780431985855103,-51.5633539125196,-62.3684969452914,-0.9263707995414734,-1.7506201368885916,3.3176835404564957,5.048102728536336,0.366574555635452,0.0440100565414792,162.18901739347
0,159.453161383855,-49.8786773681641,-61.8687286376953,0,8.31306153285008,0.443947690838581,0,-46.749847497663396,-60.764330756144446,-1.9735643863677979,-51.52700057786602,-62.45054507906499,-0.9193688631057739,-1.747993070664221,3.3180221577487172,5.051711432149617,0.355002194643021,0.0426433810886053,162.272283842109
0,159.536391401853,-49.8467674255371,-61.9455986022949,0,8.3095559173816,0.427625905165088,0,-46.72156707275418,-60.830212673286645,-1.9692541360855103,-51.49075929651169,-62.53234031268033,-0.912384033203125,-1.7455586803475125,3.3182771155622444,5.055198065450396,0.34202516078949,0.0411060667658407,162.355513860108
0,159.619576157619,-49.8147735595703,-62.0223846435547,0,8.30612185757612,0.409880773380917,0,-46.69312726609159,-60.89646588525573,-1.9649181365966797,-51.45464259306686,-62.613854378554635,-0.9054211378097534,-1.7432747616029525,3.3184889079035473,5.058547369649617,0.327887684106827,0.03942744835037,162.438698615874
0,159.702714007116,-49.7827186584473,-62.0990943908691,0,8.30270812400534,0.390978783528233,0,-46.66452307532774,-60.96310204549283,-1.9605554342269897,-51.418652470487906,-62.69508275608932,-0.899459183216095,-1.741115036077622,3.3186777944446173,5.061755530050006,0.312800049781799,0.0376327580398886,162.521836465371
0,159.785817067888,-49.7505989074707,-62.1757392883301,0,8.29927058179962,0.371132918435407,0,-46.63572706294707,-61.03018507227833,-1.9560253620147705,-51.382795324388674,-62.776011010620145,-0.894027054309845,-1.739077710736619,3.318843333108698,5.064805380513876,0.296935051679611,0.0357427310092292,162.604939526142
0,159.868874393662,-49.7184791564941,-62.2523345947266,0,8.29577612288345,0.350514842298087,0,-46.60673982755091,-61.09771357111391,-1.9509655237197876,-51.347075027100615,-62.856630402438014,-0.8886169195175171,-1.7370946816377608,3.319046754636068,5.067695013692586,0.28043520450592,0.0337744427648589,162.687996851917
0,159.951864883946,-49.6863594055176,-62.328857421875,0,8.2921981876964,0.329263720295288,0,-46.57755988577385,-61.165690997639224,-1.9458715915679932,-51.31150509321533,-62.936910429608794,-0.8832311630249023,-1.7351734686931581,3.319275611399029,5.070416800191606,0.263418912887573,0.0317420647926441,162.770987342201
0,160.034834270255,-49.654239654541,-62.4053573608398,0,8.28851241907643,0.307492896575503,0,-46.548163918640014,-61.23417167560795,-1.9408849477767944,-51.27606879923175,-63.01688883645678,-0.877551257610321,-1.7332918162382838,3.3195455090184938,5.072966925313676,0.245984598994255,0.0296573721897862,162.853956728509
0,160.117754417635,-49.6221199035645,-62.481803894043,0,8.28470003199366,0.285295698193149,0,-46.51855323086745,-61.303152565556346,-1.9359264373779297,-51.24078257749487,-63.09652853578618,-0.8718200325965881,-1.731460434760692,3.3198411175866873,5.075337759664266,0.228214606642723,0.0275301953760846,162.93687687589
0,160.200645041817,-49.5900764465332,-62.5582504272461,0,8.28074749012509,0.262749065671258,0,-46.48872387032054,-61.37264287435706,-1.930941104888916,-51.20563403517401,-63.175857497758166,-0.8661572337150574,-1.7295851571291265,3.3202489472099,5.077533117940626,0.210177779197693,0.0253687309946643,163.019767500072
0,160.28345022372,-49.5580902099609,-62.6346282958984,0,8.27664145585225,0.239916894320773,0,-46.458691120204385,-61.44260699834236,-1.9259240627288818,-51.170650125756616,-63.25481488934696,-0.8605236411094666,-1.7277097246714819,3.320721230608,5.079547278096876,0.191931813955307,0.0231798404587799,163.102572681974
0,160.366218924826,-49.526180267334,-62.7109985351563,0,8.27237238955353,0.216852544010534,0,-46.42843276292373,-61.5130966954959,-1.9208728075027466,-51.135811481812034,-63.33344442212833,-0.8549426198005676,-1.7257901172594639,3.321296195545021,5.081378332784376,0.173525184392929,0.0209692680211834,163.18534138308
0,160.448947971994,-49.4943733215332,-62.7873687744141,0,8.2679308714276,0.193791082161687,0,-46.39794489388346,-61.584121061940245,-1.9157812595367432,-51.10112148541868,-63.411738462876166,-0.8493896126747131,-1.7237973111765696,3.321998504685246,5.083022467305867,0.155142351984978,0.0187591981345571,163.268070430249
0,160.531636011985,-49.4626731872559,-62.8637390136719,0,8.26332952021322,0.172144569326531,0,-46.36724065100513,-61.655649491648006,-1.9105371236801147,-51.06657373868205,-63.4897114514021,-0.8438585996627808,-1.7217254344589894,3.32282754287727,5.084489218404496,0.137857332825661,0.0166794060543172,163.35075847024
0,160.614287537873,-49.4310684204102,-62.9401092529297,0,8.25862160239942,0.153443774720046,0,-46.33634094408193,-61.727633273283836,-1.9050915241241455,-51.03215427717362,-63.56739490490562,-0.8382702469825745,-1.7195822777357013,3.323768366471906,5.085795752217976,0.122843384742737,0.0148719959285496,163.433409996128
0,160.696849751323,-49.3995590209961,-63.0164222717285,0,8.25384103048008,0.135570524989136,0,-46.305284297601204,-61.79998266042093,-1.8995543718338013,-50.99787509392768,-63.64476175555119,-0.8328173756599426,-1.7173889413647656,3.3247949398118792,5.086955420186726,0.108524657785892,0.0131466090957465,163.515972209577
0,160.779359430642,-49.3681411743164,-63.092716217041,0,8.24898613826625,0.120191696932099,0,-46.274071111273216,-61.87269672189655,-1.893990397453308,-50.96371295599439,-63.72186443924864,-0.8264855742454529,-1.7151317138908333,3.325915982635846,5.087979666402546,0.0961565375328064,0.0116555332475513,163.598481888896
0,160.861841538706,-49.3367958068848,-63.1690101623535,0,8.24408903525647,0.107001477732339,0,-46.24271909755234,-61.945734194877645,-1.888365387916565,-50.92964296855923,-63.798759142674946,-0.8200231790542603,-1.7128181043736603,3.327118088652339,5.088889471700396,0.0855175107717514,0.0103723174530339,163.680963996961
0,160.944279117667,-49.3055305480957,-63.245288848877,0,8.23915630273983,0.0938487058012981,0,-46.21124490686236,-62.01905629063158,-1.8819983005523682,-50.89566647280055,-63.87544283884012,-0.8135790824890137,-1.7104462312809998,3.3284005042127878,5.089692465474807,0.0749862343072891,0.0091006126690433,163.763401575921
0,161.026628410683,-49.2743492126465,-63.3215065002441,0,8.23435213397836,0.0807322145102225,0,-46.179670808354324,-62.092611131070655,-1.875637173652649,-50.861798395067105,-63.95188183952626,-0.7926977276802063,-1.708030437417012,3.32974747606606,5.090392462423056,0.0645466670393944,0.0078383294701681,163.845750868938
0,161.108944521986,-49.2432556152344,-63.3977241516113,0,8.22973102674565,0.0676510717195687,0,-46.14705699248437,-62.166091530292974,-1.8694103956222534,-50.82804031249081,-64.02813349181488,-0.7758007645606995,-1.7055669065955783,3.3321711878915576,5.090987555196486,0.0541862435638905,0.0065839834493365,163.92806698024
0,161.191227531748,-49.2122497558594,-63.4739418029785,0,8.22537511323114,0.056443414572489,0,-46.1115125983611,-62.2387155938999,-1.8635973930358887,-50.794388038280935,-64.10421085629304,-0.7602868676185608,-1.70305625986629,3.337716990322179,5.0914853731896565,0.0452828109264374,0.005505128239167,164.010349990003
0,161.273481822807,-49.1813201904297,-63.5501594543457,0,8.22127623166531,0.0468634596879388,0,-46.07586221430486,-62.31155621541486,-1.8572887182235718,-50.760804677128064,-64.18013242970274,-0.7448083162307739,-1.7004814592935098,3.3433526922787187,5.091901175191606,0.0376557558774948,0.004580206656062,164.092604281061
0,161.355685568672,-49.1504592895508,-63.626350402832,0,8.21747540294277,0.0386913743671304,0,-46.040131860586136,-62.38456023039871,-1.8508752584457397,-50.72729103338096,-64.25589639366066,-0.72767573595047,-1.6978593884414832,3.349056516053716,5.092246405294146,0.0311400815844536,0.0037894529507843,164.174808026927
0,161.437817585134,-49.1196670532227,-63.7024917602539,0,8.21402770083095,0.0298020014929746,0,-46.00433322651264,-62.457703755337626,-1.8444457054138184,-50.69385419708995,-64.33148671975997,-0.7104272246360779,-1.6951990511444268,3.35481773409933,5.0925229708459065,0.0241310950368643,0.0029377714672836,164.256940043389
0,161.519923883144,-49.0889434814453,-63.7786331176758,0,8.21097036506228,0.0222245558867837,0,-45.96845116207498,-62.53101774462752,-1.8380626440048218,-50.660472706054335,-64.4069519273861,-0.6928503513336182,-1.6924800236446074,3.360657143225945,5.092734686544146,0.0181413125246763,0.0022093912491791,164.339046341398
0,161.602010212051,-49.0582733154297,-63.8547744750977,0,8.20854292323263,0.0157756947946888,0,-45.93249967420408,-62.60447357940261,-1.8313475847244263,-50.62713623974443,-64.4823153480588,-0.6664587259292603,-1.6897154856738898,3.366558062169257,5.092892996480666,0.0130342394113541,0.0015878841667715,164.421132670306
0,161.684069487856,-49.0276756286621,-63.9309158325195,0,8.20671580028953,0.0102965141511314,0,-45.89648431814806,-62.678059909217865,-1.8244165182113647,-50.59384619338128,-64.55757382761561,-0.6680700778961182,-1.6868878091357082,3.3725371736410312,5.092999808004106,0.0086870091035962,0.001058523589429,164.50319194611
0,161.766117389366,-48.9971084594727,-64.0070571899414,0,8.2053632369161,0.00564830311763,0,-45.8604177100724,-62.75175095681005,-1.8174254894256592,-50.56058698598068,-64.63276258983386,-0.6965771317481995,-1.6840345454610288,3.3785533289134064,5.0930684725548865,0.0049914554692804,0.0006083160662802,164.585239847621
0,161.8481468285,-48.9665908813477,-64.0831985473633,0,8.2044666415818,0.0017099024512882,0,-45.82431405730314,-62.825517693867475,-1.8104199171066284,-50.52735616450545,-64.70788718027053,-0.7250683307647705,-1.6811377567570132,3.3846218057823725,5.093106619527546,0.0018536861753091,0.0002259362145074,164.667269286755
0,161.930167755249,-48.9360961914062,-64.1593399047852,0,8.20391162068335,-0.0016234379183771,0,-45.78815733973396,-62.89939285256213,-1.8033617734909058,-50.49415478989966,-64.7829452004598,-0.7609509229660034,-1.6782223217240377,3.3907205116719905,5.093106619527546,-0.0008078452665358,-9.84707403090553e-05,164.749290213503
0,162.012168841172,-48.9056549072266,-64.235481262207,0,8.20347246443467,-0.0064479339421237,0,-45.75196938480283,-62.97333183522163,-1.7962439060211182,-50.46097955638003,-64.85794412375337,-0.7677160501480103,-1.6752596151846866,3.3968740851531134,5.093079916646686,-0.0045763892121613,-0.0005578598353761,164.831291299426
0,162.094154358912,-48.8752555847168,-64.3116226196289,0,8.20305815467212,-0.0105341582035841,0,-45.71573379237234,-63.04736815049486,-1.7891112565994263,-50.427835100916575,-64.93287346739884,-0.7824987769126892,-1.672260676443117,3.403074686078008,5.093016974141806,-0.0077861701138317,-0.0009491781658651,164.913276817166
0,162.176127152825,-48.8448905944824,-64.3877639770508,0,8.20312260417723,-0.0139917384564923,0,-45.679463345211445,-63.1214756807155,-1.7819689512252808,-50.394713697783054,-65.00775069686932,-0.7972643971443176,-1.6692319144671912,3.409313086218811,5.092927328756057,-0.0105165112763643,-0.0012820113127804,164.99524961108
0,162.25820210383,-48.8145751953125,-64.4640350341797,0,8.20369693272879,-0.0169148579022755,0,-45.643110099882506,-63.19575238358827,-1.7748790979385376,-50.36156750418687,-65.08268396989429,-0.8120458722114563,-1.666106752095212,3.4156597800896398,5.092812887838097,-0.0128364702686667,-0.0015647144316079,165.077324562084
0,162.340288468192,-48.7842864990234,-64.5403289794922,0,8.20453622187854,-0.0213861019070908,0,-45.60670229977946,-63.27014055240337,-1.767913818359375,-50.32843825753217,-65.15757893113577,-0.8191503882408142,-1.6629498357165535,3.422049091347929,5.092666021993367,-0.0163155272603035,-0.001988591602466,165.159410926447
0,162.422349521132,-48.7540664672852,-64.6166229248047,0,8.20603420702269,-0.0251696658538201,0,-45.57025589575575,-63.34460759648582,-1.7609460353851318,-50.29534073376409,-65.23240217676026,-0.8212572932243347,-1.6597320421227635,3.428508823214673,5.092486731221886,-0.0192842576652765,-0.0023499983631748,165.241471979387
0,162.504399340489,-48.723876953125,-64.6929168701172,0,8.20829601006326,-0.0303418356718066,0,-45.533764358065014,-63.419166857368864,-1.753939151763916,-50.26226906678669,-65.30716696819303,-0.8258556723594666,-1.656488297079897,3.4350047254897262,5.0922750155236365,-0.0233047809451818,-0.0028391546430636,165.323521798744
0,162.58649339152,-48.6937408447266,-64.7692794799805,0,8.21144964301688,-0.0347226138819921,0,-45.49719433964403,-63.49388646954458,-1.7470703125,-50.22920456831388,-65.38191555385815,-0.8334167003631592,-1.6531702288236239,3.441589297145196,5.092025152852736,-0.0267455410212278,-0.0032570743379435,165.405615849774
0,162.668644544515,-48.6636619567871,-64.8457260131836,0,8.21563888812217,-0.038428036832046,0,-45.46055145137337,-63.5687549689001,-1.7416149377822876,-50.19613680087644,-65.45667152963938,-0.8332800269126892,-1.6497677326957456,3.448270864916254,5.091744772603716,-0.0296876132488251,-0.0036135094179608,165.487767002769
0,162.750800125344,-48.6336097717285,-64.9221878051758,0,8.2208377915763,-0.0435204559491614,0,-45.42384981689882,-63.643743498098644,-1.7364709377288818,-50.163090675246025,-65.53137858000088,-0.8248291015625,-1.6463369139871589,3.45499331604653,5.091428152730666,-0.0336835347115993,-0.0040972785955734,165.569922583599
0,162.833058479658,-48.6036262512207,-64.9987869262695,0,8.22710056142295,-0.0478323348808648,0,-45.38704592992412,-63.718940948908,-1.7316601276397705,-50.13002639402199,-65.60612667453383,-0.8163720369338989,-1.6427899944197244,3.461848449762186,5.0910752932335965,-0.0371112190186977,-0.0045107740607387,165.652180937913
0,162.915358232772,-48.5736656188965,-65.075439453125,0,8.23443343282039,-0.0514788178154256,0,-45.35017799980471,-63.794269252233754,-1.726906657218933,-50.09696341641244,-65.68087182199837,-0.8079186677932739,-1.6392024076350493,3.4687561912146236,5.090693823507037,-0.040049534291029,-0.0048635710045505,165.734480691026
0,162.997730965109,-48.543758392334,-65.1521911621094,0,8.24283377743047,-0.0545587306610678,0,-45.313220251547804,-63.869781071365345,-1.722570776939392,-50.06389398455327,-65.75563156052141,-0.7998815774917603,-1.635528212281117,3.4757664363297636,5.090276114156456,-0.0425678268074989,-0.0051641092777783,165.816853423364
0,163.08022456003,-48.5138511657715,-65.2290725708008,0,8.25229782930123,-0.0571567946624597,0,-45.2761803961837,-63.94546065117828,-1.7178210020065308,-50.03078583919311,-65.83047881827437,-0.7903161644935608,-1.631802769310364,3.4828395846550646,5.089841238668166,-0.0447267293930054,-0.0054197821680781,165.899347018285
0,163.162805072867,-48.483959197998,-65.3060531616211,0,8.26282552139156,-0.059345519957333,0,-45.24278997545616,-64.02277082699524,-1.712343692779541,-49.99755010850942,-65.90533210818171,-0.7807263135910034,-1.6279105319929614,3.4859706653262617,5.089383474996296,-0.0465789809823036,-0.005637028100483,165.981927531122
0,163.245470231547,-48.4541282653809,-65.3831481933594,0,8.27441385758533,-0.0611867777366378,0,-45.21245794952343,-64.10142658787643,-1.7064416408538818,-49.9638590883941,-65.98007953608534,-0.7712292075157166,-1.623457478927214,3.4858624055853538,5.088914267232626,-0.0481702387332916,-0.0058214300861778,166.064592689802
0,163.328263480678,-48.4242973327637,-65.4603805541992,0,8.28705885220825,-0.0627332759334713,0,-45.18204650793903,-64.180288286156,-1.7018383741378784,-49.93013158673497,-66.0549079025167,-0.7615221738815308,-1.618950143868135,3.485803583935886,5.088418356588097,-0.0495398640632629,-0.0059778077552457,166.147385938933
0,163.411191968476,-48.3944664001465,-65.5377578735352,0,8.30076031948847,-0.0640299031377538,0,-45.15158656392372,-64.25927575894255,-1.6972289085388184,-49.8963467671522,-66.12986343539627,-0.7511315941810608,-1.614383360043087,3.4857977780579232,5.087922445943557,-0.0507217198610306,-0.0061103090512126,166.230314426731
0,163.494262848183,-48.3646354675293,-65.6152877807617,0,8.3153692758983,-0.0651172591204447,0,-45.12106357343287,-64.33842672125387,-1.69219970703125,-49.862507988355674,-66.2049386830374,-0.7412853837013245,-1.6097547251681865,3.485847500602939,5.087416998555867,-0.0517427772283554,-0.006222356344308,166.313385306438
0,163.577483278292,-48.3348045349121,-65.6929779052734,0,8.33044868614258,-0.0660351473468773,0,-45.090451027344024,-64.41780991545488,-1.686367154121399,-49.82862483096286,-66.28011238973129,-0.7315710186958313,-1.605062609287502,3.48595511794502,5.086882940938676,-0.0526219420135021,-0.0063166212023846,166.396605736547
0,163.660853298435,-48.3049736022949,-65.7708282470703,0,8.34554245467277,-0.0668179154696266,0,-45.05978477608302,-64.49733237569733,-1.6783422231674194,-49.79467825028745,-66.35542680831894,-0.7217468023300171,-1.6003047884901727,3.4861213765694457,5.086348883321486,-0.0533750839531422,-0.0063954348779929,166.47997575669
0,163.744387643331,-48.2750816345215,-65.8488311767578,0,8.36035006084388,-0.0654429801321094,0,-45.02905933044427,-64.5770083363631,-1.6703027486801147,-49.76066196455773,-66.43089587563802,-0.711285412311554,-1.5955401062565198,3.486286582585617,5.085814825704306,-0.0524656549096108,-0.0062753410093796,166.563510101586
0,163.82805569126,-48.245174407959,-65.9269714355469,0,8.37441787795669,-0.0622244328256498,0,-44.99831451704293,-64.65673452071346,-1.662258267402649,-49.726573697153476,-66.50652464263399,-0.7008019685745239,-1.590731207297711,3.486488343741466,5.085303656270706,-0.0500998497009277,-0.0059823222937061,166.647178149515
0,163.911871085164,-48.2152137756348,-66.0052490234375,0,8.3869145885951,-0.0574956082556394,0,-44.967550112163856,-64.73651150887729,-1.65432608127594,-49.69240535540286,-66.58233106383611,-0.6902965903282166,-1.5859125589666914,3.486691003212351,5.084819189717976,-0.0465020351111889,-0.0055444635740092,166.730993543419
0,163.995801542584,-48.185230255127,-66.0836410522461,0,8.39734548393044,-0.0535537372919324,0,-44.936784963311766,-64.81629042628131,-1.645504117012024,-49.65816670719726,-66.65829346804665,-0.6797216534614563,-1.581065207644117,3.4869147427274303,5.084367148091996,-0.0434074215590954,-0.0051690786017759,166.814924000839
0,164.07979490493,-48.1551704406738,-66.1620712280273,0,8.40522086766581,-0.0482347704160047,0,-44.9060472417913,-64.89599822025816,-1.6368908882141113,-49.62387425440619,-66.73437524395804,-0.6697058081626892,-1.576268625305509,3.4870822219325492,5.083955160787307,-0.0392057411372662,-0.0046643742267682,166.898917363184
0,164.163889376642,-48.1251068115234,-66.240608215332,0,8.41072613022948,-0.0437726851853506,0,-44.87531862962936,-64.9756823922215,-1.6282836198806763,-49.58951521463306,-66.81060475079661,-0.6596753001213074,-1.571428656204232,3.4872855583031845,5.083579413106646,-0.0356010235846043,-0.0042327548067301,166.983011834897
0,164.248052526391,-48.094970703125,-66.3191909790039,0,8.4141904615977,-0.0400254982049028,0,-44.84460584789254,-65.05532551337816,-1.6208434104919434,-49.555105411553605,-66.88694688190621,-0.6495800614356995,-1.5666333751194945,3.4874385453125503,5.083236090352736,-0.0325205996632576,-0.0038649269799177,167.067174984646
0,164.33221567614,-48.0648345947266,-66.3977737426758,0,8.41537881987733,-0.0368802180577633,0,-44.81393850368077,-65.13485080781552,-1.6148852109909058,-49.52067096277545,-66.96334369235115,-0.6394518613815308,-1.5618351060561557,3.4875922545752314,5.082929007222856,-0.0298928860574961,-0.0035521394387924,167.151338134395
0,164.41637882589,-48.0346984863281,-66.4763565063477,0,8.41423125409356,-0.0342396120930209,0,-44.783292667370674,-65.21432032884776,-1.6082323789596558,-49.486224302603674,-67.03976759518629,-0.6278491020202637,-1.5570354043311823,3.4877464232465125,5.082639090230666,-0.0276559107005596,-0.0032867746195639,167.235501284144
0,164.500541975639,-48.0045623779297,-66.5549392700195,0,8.41112432143913,-0.0320188148971849,0,-44.75267552266322,-65.29371544799723,-1.6015844345092773,-49.4517618772295,-67.11622647494781,-0.6161693930625916,-1.5522337830332837,3.487901037686049,5.082372061422076,-0.0257574170827866,-0.0030622815064162,167.319664433894
0,164.584655262836,-47.9744262695313,-66.6334686279297,0,8.40668469004427,-0.0280857541957429,0,-44.72210977782396,-65.37297727912464,-1.5957226753234863,-49.417301884474576,-67.19267995766195,-0.6044946312904358,-1.54745188988183,3.488036840780777,5.082131735494347,-0.0225964561104774,-0.0026879002650226,167.403777721091
0,164.668675959706,-47.9442901611328,-66.7118988037109,0,8.40169976731884,-0.0227385830407052,0,-44.691620375634734,-65.452041141635,-1.5907262563705444,-49.3828572104691,-67.26909945395727,-0.592822253704071,-1.5427079179388192,3.4881373341919004,5.081925741841996,-0.0183854084461927,-0.0021882882775541,167.487798417961
0,164.752696656576,-47.9141540527344,-66.7903289794922,0,8.39660031316571,-0.0162213149296494,0,-44.66118601774833,-65.53096226552546,-1.58553946018219,-49.348383967272085,-67.34558233431093,-0.5813964605331421,-1.5379602516945035,3.4882381737617285,5.081763617208206,-0.0132963806390762,-0.0015835404009772,167.571819114831
0,164.836616866662,-47.883960723877,-66.8686294555664,0,8.39144919830949,-0.0087334288888527,0,-44.630864344044895,-65.60959118143184,-1.5795080661773682,-49.31391285753083,-67.42206048134605,-0.5699755549430847,-1.5333130811535667,3.4882393026013165,5.081662527730666,-0.0074709625914692,-0.0008903061162338,167.655739324917
0,164.920522587691,-47.8537483215332,-66.946907043457,0,8.3863035705259,-0.0023567328385849,0,-44.60061011472247,-65.68804520334606,-1.5754821300506592,-49.27941611580899,-67.49859549589702,-0.5582422018051147,-1.5286885909794892,3.4882146328887567,5.081611029317586,-0.0024752356112003,-0.0002951521481002,167.739645045946
0,165.004349315782,-47.8234786987305,-67.0250778198242,0,8.38115349892176,0.0030677456942338,0,-44.570441749996796,-65.76627656472303,-1.5731993913650513,-49.24492296304589,-67.57512254792762,-0.5461974740028381,-1.5241564878546694,3.488098334289182,5.081605307271686,0.0017985641025006,0.0002145962345456,167.823471774037
0,165.088140250542,-47.7931900024414,-67.1032028198242,0,8.37601977384925,0.0076775832286248,0,-44.54033893068888,-65.84433795642117,-1.5709203481674194,-49.21041828313487,-67.65167517427014,-0.5350939631462097,-1.519657172913957,3.4879479410266767,5.081641546895706,0.005447203759104,0.0006503329287484,167.907262708797
0,165.171874280243,-47.7629013061523,-67.181266784668,0,8.3708844990611,0.0115915391169512,0,-44.50852288757033,-65.92153962274102,-1.5690356492996216,-49.17591456494479,-67.72822566692344,-0.524035632610321,-1.5151800184801436,3.4896835692980366,5.081714026143756,0.0085566518828272,0.0010221911053761,167.990996738498
0,165.255547850786,-47.7325439453125,-67.2592391967774,0,8.36575609609595,0.0149119162268421,0,-44.47460541007155,-65.99776240040507,-1.56887686252594,-49.14141944412528,-67.80475708531498,-0.5129784941673279,-1.5108010914311194,3.493635242436419,5.081813208272666,0.0112025886774063,0.0013390984331654,168.07467030904
0,165.339224189628,-47.7021789550781,-67.3372116088867,0,8.36063889951245,0.0177266470335819,0,-44.44070885312312,-66.0739381632975,-1.5699206590652466,-49.10762639618757,-67.88158711319093,-0.5017346143722534,-1.5071918256836612,3.4975773078342436,5.081927649190636,0.0134511375799775,0.0016088611776224,168.158346647883
0,165.422765467856,-47.6718139648438,-67.4150390625,0,8.35552179466967,0.0201111197506824,0,-44.40692204859879,-66.14986727946862,-1.5710339546203613,-49.07600658535264,-67.95917495642323,-0.49003294110298157,-1.5059351867019721,3.501453821677622,5.082080237081256,0.0153597537428141,0.0018382705028719,168.24188792611
0,165.506305186386,-47.6414337158203,-67.4928588867188,0,8.35038033315453,0.0241412861683289,0,-44.37315814678284,-66.2257449263626,-1.5721447467803955,-49.044378856131196,-68.03678222957983,-0.4783251881599426,-1.5046952082169573,3.505310682906255,5.0822480837609465,0.018495749682188,0.0022149496968951,168.325427644641
0,165.589781865587,-47.6109924316406,-67.5705871582031,0,8.34523895951338,0.0275583000765892,0,-44.33945594516688,-66.30148391434172,-1.5708203315734863,-49.012761098639224,-68.11436503437427,-0.4666222929954529,-1.5035457340541207,3.509070250922351,5.082440725972856,0.0211710054427385,0.0025368824201503,168.408904323842
0,165.673201715631,-47.5805511474609,-67.6482543945312,0,8.34009809370862,0.0304537256982223,0,-44.30582930749586,-66.37705308739945,-1.5678503513336182,-48.981144433920065,-68.19194515775212,-0.45491576194763184,-1.5024184503946387,3.5127988687651155,5.082669607808796,0.0234493371099234,0.0028116193022154,168.492324173886
0,165.75659580265,-47.5500831604004,-67.7258834838867,0,8.33496750840292,0.0329058408274483,0,-44.272230281666694,-66.45256020834019,-1.5685900449752808,-48.94953125088516,-68.2695167378666,-0.44289305806159973,-1.5013301012083278,3.516485697208413,5.082909933736526,0.0253866836428642,0.0030457810158908,168.575718260905
0,165.839901524524,-47.5195655822754,-67.8033981323242,0,8.32984731623404,0.0349814476239246,0,-44.238706335464435,-66.52789860276789,-1.569329857826233,-48.91793662197922,-68.34704279035735,-0.43099120259284973,-1.5003303232589589,3.520076199073448,5.083176962545126,0.0270318333059549,0.003245148910348,168.659023982779
0,165.923207246399,-47.4890480041504,-67.8809127807617,0,8.3246807739747,0.038742813352497,0,-44.205207788655215,-66.60317991711679,-1.570611596107483,-48.88633247998452,-68.42459218581001,-0.4192895293235779,-1.4993302511057107,3.523663978267746,5.083461157491416,0.0299401748925447,0.0035965163670624,168.742329704653
0,166.006399116374,-47.4584732055664,-67.9582824707031,0,8.31952591023023,0.0419308757055881,0,-44.17178671655771,-66.67828712247642,-1.5726977586746216,-48.854759833242746,-68.50206429905627,-0.4075964391231537,-1.4984375273847443,3.5271371065659163,5.083766333272666,0.0324220769107342,0.0038970568122471,168.825521574629
0,166.089590903351,-47.4278793334961,-68.03564453125,0,8.31441740469887,0.0426040237154478,0,-44.13841865482113,-66.75327519760434,-1.5747778415679932,-48.82316697628816,-68.57958600358036,-0.3957226574420929,-1.4975646668672211,3.5305838985107854,5.084107748677936,0.0330064371228218,0.0039697313963561,168.908713361605
0,166.172697560039,-47.3972854614258,-68.1129150390625,0,8.30927282878005,0.045204573118491,0,-44.105089005804324,-66.82817694779256,-1.567568302154541,-48.791605458205495,-68.65703080962155,-0.38384154438972473,-1.4967265031363568,3.5339934161747624,5.084451071431847,0.0350261554121971,0.0042152469682486,168.991820018293
0,166.255771382016,-47.366626739502,-68.1901245117188,0,8.30412971539509,0.0474049588055065,0,-44.07179031912856,-66.90300911628394,-1.5620007514953613,-48.760050247444056,-68.73446013892722,-0.37196409702301025,-1.4959713725649673,3.53731721480909,5.084805838277546,0.0367446541786194,0.0044247930527318,169.07489384027
0,166.338799797285,-47.3359565734863,-68.2672805786133,0,8.29900232946314,0.0492661078563315,0,-44.038549615246474,-66.97771097999097,-1.5663501024246216,-48.728497368619244,-68.81188374618937,-0.36020994186401367,-1.4952466272302318,3.540604806800578,5.085187308004106,0.0382045283913612,0.0046034274621226,169.157922255539
0,166.421738875053,-47.3052787780762,-68.3443374633789,0,8.29388104886624,0.0508396412681055,0,-44.00534638592129,-67.05232862709259,-1.5573925971984863,-48.69697850686645,-68.88922388327313,-0.34861692786216736,-1.4945666079837336,3.5438454573859635,5.085568777730666,0.0394428782165051,0.0047555706415817,169.240861333307
0,166.504703375231,-47.2745323181152,-68.4213943481445,0,8.28876099565606,0.0521693937527686,0,-43.97215599123978,-67.12691743088797,-1.5481994152069092,-48.66544177928729,-68.96660785904214,-0.33702513575553894,-1.4939501001182645,3.5470212705335094,5.085965506246296,0.0404918566346169,0.0048850551548926,169.323825833486
0,166.587526172081,-47.2437858581543,-68.4982986450195,0,8.28419330253808,0.0532899056855358,0,-43.93905749353353,-67.20129971452826,-1.5387731790542603,-48.63394594616221,-69.04389148909726,-0.3254479765892029,-1.4933909808884676,3.5501317989089447,5.086385122945516,0.041381411254406,0.0049951218652675,169.406648630335
0,166.670353218023,-47.2130279541016,-68.5752029418945,0,8.28061180500831,0.0542292626175269,0,-43.90595835500714,-67.27568343828422,-1.5284472703933716,-48.60244871039448,-69.12117856091926,-0.31382933259010315,-1.4928427293546171,3.5532323697611337,5.0868047396447365,0.0421384051442146,0.0050886942336535,169.489475676278
0,166.753204367902,-47.1822052001953,-68.6521072387695,0,8.27808124584943,0.0550136137623054,0,-43.872850613670415,-67.35008649514357,-1.5177929401397705,-48.57094268708474,-69.198487195376,-0.30119505524635315,-1.4923548051563738,3.556274145251671,5.087224356343956,0.0427842438220978,0.0051682627644913,169.572326826156
0,166.835935141672,-47.1513824462891,-68.7288818359375,0,8.27661677276971,0.0556665078123366,0,-43.83979301717939,-67.42437686144612,-1.5071581602096558,-48.53948236379883,-69.27568369234073,-0.2885729968547821,-1.4919161005755504,3.5592636563570172,5.087643973043166,0.0433363243937492,0.0052358766196543,169.655057599927
0,166.918666016494,-47.1205024719238,-68.8056335449219,0,8.27621828101866,0.0562082680408322,0,-43.80673656289032,-67.49866466087718,-1.496519684791565,-48.50802229181534,-69.35287957266637,-0.2759472727775574,-1.491539293975837,3.5621920447574937,5.0880635897423865,0.0438093021512032,0.0052932740952756,169.737788474749
0,167.001404012543,-47.0896034240723,-68.8823852539062,0,8.27687804612815,0.056656170701055,0,-43.77372529661688,-67.57285090924013,-1.4889575242996216,-48.47654144627559,-69.43012642658681,-0.26331421732902527,-1.491179891791298,3.5650985899407095,5.088515631368367,0.04421566426754,0.0053419451370694,169.820526470798
0,167.084164821939,-47.0586433410645,-68.9591369628906,0,8.27860265870041,0.0570249564301374,0,-43.74071427404888,-67.6470366099236,-1.4813756942749023,-48.44504903238208,-69.50740166662324,-0.25055786967277527,-1.4908772338045848,3.5679490789532426,5.088973395040236,0.0445660911500454,0.0053831589392578,169.903287280194
0,167.16693562435,-47.0276565551758,-69.035888671875,0,8.28139013652105,0.0573270512781331,0,-43.70770031318322,-67.72122891384606,-1.47219717502594,-48.413553012527714,-69.58468575486965,-0.2376757711172104,-1.490599620556781,3.570775787994289,5.089431158712117,0.0448697321116924,0.0054180103028601,169.986058082605
0,167.249730726344,-46.9966049194336,-69.1126403808594,0,8.28523659975105,0.0575729104522956,0,-43.67467767935438,-67.79544070852646,-1.4623278379440308,-48.382048066987934,-69.66199174472341,-0.22434936463832855,-1.490382379151237,3.5735438384290688,5.089888922383986,0.0451344065368176,0.0054474385057798,170.068853184599
0,167.33258122776,-46.9654998779297,-69.1894302368164,0,8.29014294528709,0.0577714108348404,0,-43.64400081370383,-67.87064050686246,-1.4573888778686523,-48.34996609357023,-69.73912776535703,-0.2111523449420929,-1.4896019854758764,3.5737322766941184,5.090346686055867,0.0453667864203453,0.0054722439884777,170.151703686015
0,167.415556416873,-46.9343452453613,-69.2663345336914,0,8.29610817057064,0.0579300173833611,0,-43.61341731385264,-67.946011396392,-1.453371524810791,-48.3169566128005,-69.81602841924763,-0.1989184468984604,-1.4878768635844843,3.573767691549427,5.090804449727736,0.0455725826323032,0.0054931144447112,170.234678875128
0,167.498553107453,-46.903133392334,-69.3432388305664,0,8.30313032642791,0.0580549923676475,0,-43.58282586839625,-68.02140186730806,-1.4493578672409058,-48.28393940405955,-69.89294707663379,-0.18675902485847473,-1.4862046957979602,3.573750832242461,5.091262213399617,0.0457566455006599,0.0055106357825305,170.317675565708
0,167.581589779012,-46.8718528747559,-69.4201583862305,0,8.31121033066287,0.0581516271757896,0,-43.55221952727722,-68.09682904753956,-1.4452111721038818,-48.25090717378378,-69.96990072899179,-0.1745898425579071,-1.484589978105721,3.5736768321062193,5.091719977071486,0.0459231249988079,0.0055253084851159,170.400712237266
0,167.664780967847,-46.8404998779297,-69.4972152709961,0,8.32037578200803,0.0561470205589528,0,-43.521555100811476,-68.17239937503254,-1.4401354789733887,-48.21781459917785,-70.04699496273248,-0.1620751917362213,-1.4829880481017446,3.573588055688297,5.092177740743367,0.0445048995316029,0.0053487832058415,170.483903426101
0,167.748012055333,-46.8090972900391,-69.5742950439453,0,8.33056056857409,0.0565306046315798,0,-43.490875731991125,-68.24800652691005,-1.434686303138733,-48.18470695491805,-70.12412430354571,-0.1509387195110321,-1.4814230202143883,3.57346268186949,5.092635504415236,0.0448743551969528,0.0053865909331049,170.567134513587
0,167.831393485213,-46.7776145935059,-69.6515045166016,0,8.34179679760077,0.0568436794571891,0,-43.46013985215216,-68.32375294622788,-1.4290356636047363,-48.15154062009205,-70.20139037304453,-0.13996215164661407,-1.479880799810164,3.573312593679702,5.093093268087117,0.0452034510672092,0.0054187847882313,170.650515943468
0,167.914868757963,-46.7460517883301,-69.7287826538086,0,8.35408630480565,0.0570977049735904,0,-43.42936875070636,-68.3995861667245,-1.4233813285827637,-48.11833793620557,-70.27874112326097,-0.1291540563106537,-1.4783854672490868,3.5731148418904373,5.093551031758986,0.0454984419047833,0.0054461227228995,170.733991216218
0,167.998453468514,-46.7144050598145,-69.8061447143555,0,8.36726020805419,0.0573046394457206,0,-43.39855654414641,-68.47552068789085,-1.4182311296463013,-48.08509273000311,-70.35619093574157,-0.11837036162614822,-1.4769345059508119,3.5728716291889486,5.094008795430867,0.0457627810537815,0.0054691388479816,170.817575926768
0,168.082212629743,-46.6826705932617,-69.883659362793,0,8.38087780375392,0.05747876473312,0,-43.367678717879656,-68.55161692422048,-1.4130626916885376,-48.05177927807724,-70.43379973711362,-0.10826537758111954,-1.4755043281180096,3.5726052387588467,5.094466559102736,0.0459961742162705,0.0054880996453878,170.901335087997
0,168.16609122036,-46.6508445739746,-69.9612655639649,0,8.39462048958511,0.0576300795939975,0,-43.336756014865706,-68.62782375614488,-1.407656192779541,-48.018419348174085,-70.51151681607023,-0.09821654856204987,-1.4741225198301005,3.572289186566341,5.094924322774617,0.0462002754211426,0.005503427678511,170.985213678615
0,168.250094878022,-46.6189308166504,-70.0389709472656,0,8.40852258061672,0.0577612773678356,0,-43.305786284523826,-68.70414648361933,-1.4022424221038818,-47.98501068453198,-70.58934742775455,-0.08815673738718033,-1.4727825622632693,3.571929876062624,5.095382086446486,0.0463809333741665,0.0055158131110299,171.069217336276
0,168.334237737177,-46.5869293212891,-70.1167907714844,0,8.42255830430839,0.0578757049347985,0,-43.274764183750364,-68.7805982743479,-1.3975671529769897,-47.95154768151616,-70.66730463135345,-0.07807861268520355,-1.4714784330654351,3.5715330444685627,5.095839850118367,0.046541940420866,0.0055257369527523,171.153360195431
0,168.418548034554,-46.5548400878906,-70.1947555541992,0,8.43663226407343,0.0579772938767879,0,-43.243679053741175,-68.85720539620556,-1.3934361934661865,-47.91801915591461,-70.74541447987647,-0.07090575993061066,-1.4701980900296572,3.5711101662113833,5.096297613790236,0.0466856136918068,0.0055335482087079,171.237670492809
0,168.502983454242,-46.5226631164551,-70.272819519043,0,8.45071678742244,0.0580682714619466,0,-43.21254683690723,-68.93392856023902,-1.3893297910690308,-47.8844418374175,-70.8236379989416,-0.06395751982927322,-1.468959591909798,3.5706440292606674,5.096755377462117,0.0468147322535515,0.0055396043039,171.322105912497
0,168.587552526189,-46.4903945922852,-70.3509902954102,0,8.46492632120472,0.0581481641100873,0,-43.181364313507366,-69.01077570127453,-1.3855102062225342,-47.85081234855811,-70.90198305687615,-0.056065671145915985,-1.4677634328359894,3.570133967262678,5.097213141133986,0.0469334609806538,0.005544331032072,171.406674984444
0,168.672256730604,-46.4580307006836,-70.4292678833008,0,8.4792627610842,0.0582186693042136,0,-43.15013092168577,-69.08774820396624,-1.3816149234771729,-47.8171301008456,-70.9804510246599,-0.047697752714157104,-1.466613116960026,3.5695764451732597,5.097670904805867,0.047043465077877,0.0055479300005364,171.491379188859
0,168.75713547199,-46.4255790710449,-70.507698059082,0,8.49387870725406,0.0582785027791523,0,-43.118831769014555,-69.16488276965784,-1.3776501417160034,-47.783379469242455,-71.05907830321689,0.002414550632238388,-1.4654835703506497,3.568995744042892,5.098128668477736,0.0471484549343586,0.0055507438715708,171.576257930245
0,168.842154972879,-46.3930358886719,-70.5862426757813,0,8.50887715810493,0.0583277631943798,0,-43.087479589916136,-69.24214801525872,-1.3736803531646729,-47.74957381690748,-71.13783376101682,0.05351074039936066,-1.4643933474490243,3.56837398554149,5.098586432149617,0.047250397503376,0.0055529403603666,171.661277431134
0,168.927313791049,-46.3604049682617,-70.6649017333984,0,8.52419705833345,0.0583691477631154,0,-43.056074903932874,-69.31954266039324,-1.3697046041488647,-47.71571369009845,-71.21671612546835,0.10469726473093033,-1.4633389404995343,3.5677147040289836,5.099044195821486,0.047348964959383,0.0055545237434437,171.746436249303
0,169.012630424204,-46.3276748657227,-70.7436904907227,0,8.53982218429733,0.0584042030241793,0,-43.02461075438353,-69.39708384931416,-1.3641406297683716,-47.68179179072862,-71.29574239858512,0.15183593332767487,-1.4623248461138936,3.5670130319782127,5.099501959493367,0.0474445708096027,0.0055555561080952,171.831752882458
0,169.098104892859,-46.2948455810547,-70.8226089477539,0,8.5558650792001,0.0584318719298717,0,-42.993087119250795,-69.47477163628162,-1.355438232421875,-47.64780809701332,-71.37491263111788,0.13796141743659973,-1.461351062628854,3.566268968865157,5.099959723165236,0.047539446502924,0.0055562280900943,171.917227351114
0,169.183735750613,-46.2619209289551,-70.9016571044922,0,8.57221223043858,0.0584554439864221,0,-42.96150451921349,-69.55260473811919,-1.346718668937683,-47.61376315657517,-71.45422554729564,0.1229882761836052,-1.4604140824981795,3.565486048901092,5.100417486837117,0.0476320125162602,0.0055564309190856,172.002858208868
0,169.26953562988,-46.2289047241211,-70.9808502197266,0,8.5887720681741,0.0584770925896024,0,-42.929878619207265,-69.63054454969208,-1.3379870653152466,-47.579643162859064,-71.53371331160841,0.10797973722219467,-1.4595040007651154,3.5646737078490585,5.100890509298056,0.0477217026054859,0.0055561605504004,172.088658088134
0,169.355513357409,-46.1957740783691,-71.060188293457,0,8.60548545450613,0.0584980865479387,0,-42.898216348927285,-69.70857399325277,-1.3275805711746216,-47.545440302682806,-71.61339412606387,0.0997314453125,-1.4586417004471912,3.5638109090576093,5.101386419942586,0.0478083379566669,0.005555437127246,172.174635815664
0,169.441654564781,-46.1625480651856,-71.1396636962891,0,8.62236383556244,0.0585181574633096,0,-42.86589245817607,-69.78650926467235,-1.3161059617996216,-47.51222792158064,-71.69365704490022,0.12632568180561066,-1.4589531675361955,3.5635607342981293,5.101882330587117,0.0478929616510868,0.0055543769221278,172.260777023035
0,169.527959266229,-46.1292266845703,-71.2192764282227,0,8.6394133733994,0.0564651408555575,0,-42.83292894051907,-69.86448335821645,-1.3052526712417603,-47.47950781757464,-71.77424799438533,0.140777587890625,-1.4598810148078862,3.563852280885699,5.1023458163048865,0.0464035756886005,0.0053710341921677,172.347081724483
0,169.614440075439,-46.0958137512207,-71.2990417480469,0,8.65647268004002,0.0568152123785741,0,-42.7998890720917,-69.9426380569427,-1.2943713665008545,-47.44672434546319,-71.85499502209639,0.15342040359973907,-1.460836567369166,3.5641198722451413,5.102803579976766,0.0467021614313126,0.005394940559635,172.433562533694
0,169.701090305396,-46.0622901916504,-71.3789443969727,0,8.67354185772915,0.0571135749721694,0,-42.76678344404636,-70.02094830783595,-1.2820165157318115,-47.41387692401172,-71.9358995596378,0.16142334043979645,-1.4618432707764748,3.5643397848149156,5.1032613436486365,0.0469696037471294,0.0054151563753255,172.520212763651
0,169.787911107666,-46.0286712646484,-71.4589920043945,0,8.69073149532719,0.057366763107274,0,-42.733611550761026,-70.09941530692811,-1.2685619592666626,-47.38096506314198,-72.01696281409225,0.15948486328125,-1.4628841177341931,3.5645290452424687,5.103719107320516,0.0472114160656929,0.0054322685697421,172.60703356592
0,169.874901376121,-45.9949417114258,-71.539176940918,0,8.70781072504589,0.057586239100985,0,-42.700373852668584,-70.17803796508062,-1.2550854682922363,-47.347989206044254,-72.09818369386404,0.14186523854732513,-1.4639761174734205,3.564670628192702,5.1041768709923865,0.0474272705614567,0.0054464015124135,172.694023834375
0,169.962058176188,-45.961109161377,-71.619499206543,0,8.72479858887869,0.0577770063631125,0,-42.667071459792496,-70.25681365657032,-1.2433581352233887,-47.31495042347739,-72.17955956163048,0.12068603187799454,-1.4651122019512002,3.564771561764441,5.104634634664266,0.0476212985813618,0.0054580348144814,172.781180634443
0,170.049385593087,-45.9271812438965,-71.6999664306641,0,8.74184289839747,0.0579408687963264,0,-42.633737161883246,-70.33566481834404,-1.2301146984100342,-47.28183346223894,-72.26112798665075,0.11385864019393921,-1.4662826891760867,3.5648412041390056,5.105117193868367,0.0477985106408596,0.0054676641218453,172.868508051342
0,170.136886996898,-45.8931312561035,-71.7805709838867,0,8.75890833435165,0.0580828037075712,0,-42.60035381714373,-70.41463199874693,-1.2159106731414795,-47.24864339064177,-72.34287648546375,0.12119750678539276,-1.4675151188264794,3.5648523915650667,5.105613104512896,0.0479605235159397,0.0054755075876879,172.956009455153
0,170.224552023247,-45.8589859008789,-71.8613128662109,0,8.77597865993918,0.0582064600299211,0,-42.56690684742391,-70.49374968190313,-1.2016797065734863,-47.21539138659401,-72.42477752642624,0.12855102121829987,-1.4687846217160743,3.564830088134793,5.106109015157426,0.0481092222034931,0.0054818004859395,173.043674481502
0,170.31239366077,-45.8247299194336,-71.9421997070313,0,8.79316354525879,0.0583125804022604,0,-42.533391208117614,-70.57302980065903,-1.1875927448272705,-47.182072574683765,-72.5068431178764,0.1359289586544037,-1.470102467575763,3.5647632102459004,5.106604925801956,0.048248153179884,0.0054868867206865,173.131516119024
0,170.400404909108,-45.7903633117676,-72.0232238769531,0,8.81058887477063,0.0584016575810213,0,-42.49980961560743,-70.65246592950291,-1.173129916191101,-47.14868957737187,-72.58906680058632,0.14293944835662842,-1.4714715281160684,3.564648787441925,5.107100836446486,0.0483803078532219,0.0054910342212576,173.219527367362
0,170.488599839038,-45.7558860778809,-72.1044006347656,0,8.82836506240002,0.0604872637080482,0,-42.466156558580096,-70.73207110526113,-1.1584032773971558,-47.115237068232375,-72.67146169376018,0.14900633692741394,-1.4728860647034405,3.5644927616294964,5.107596747091026,0.0500379279255867,0.0056677259217975,173.307722297293
0,170.576974884733,-45.7212715148926,-72.1857147216797,0,8.84661263341704,0.0642063801013662,0,-42.432459959047236,-70.81177927935327,-1.1436560153961182,-47.08170586720773,-72.75405040825379,0.15509033203125,-1.4743768444982885,3.5642643069142217,5.108111731221886,0.0529817640781403,0.0059887745658695,173.396097342987
0,170.665534597432,-45.6865081787109,-72.2671661376953,0,8.86543726735677,0.0673503246963672,0,-42.398723342118366,-70.8915821132512,-1.1288952827453613,-47.048092118123925,-72.83684244198088,0.16118651628494263,-1.4759545778010796,3.563952937404424,5.108649603536336,0.055555984377861,0.0062664005847239,173.484657055687
0,170.754284568535,-45.6515998840332,-72.348762512207,0,8.88463188501512,0.0700107465726825,0,-42.36496036120669,-70.97144731026471,-1.1115918159484863,-47.01438727341143,-72.9198588479535,0.17476196587085724,-1.477613106787905,3.5635651416112246,5.109221808126176,0.0578019879758358,0.0065056374001086,173.57340702679
0,170.843224863565,-45.6165466308594,-72.4305038452148,0,8.9039616534812,0.0722664161220358,0,-42.331139193961704,-71.0514501450948,-1.0941588878631592,-46.98060395491958,-73.00306853804244,0.18809814751148224,-1.4793521253559008,3.5631013365097215,5.109805456807816,0.059756938368082,0.0067110543161363,173.662347321819
0,170.932362556966,-45.5813484191895,-72.5123977661133,0,8.92345306137504,0.074178236954873,0,-42.29727821068435,-71.13154716341175,-1.078098177909851,-46.946730938746484,-73.0864991571754,0.20106445252895355,-1.4811690760784904,3.562564458556829,5.110415808370316,0.0614591538906097,0.006887135520274,173.751485015221
0,171.021696199282,-45.5460090637207,-72.5944442749023,0,8.94308870081782,0.0757989563681624,0,-42.263340882742796,-71.21182477246693,-1.0618884563446045,-46.91278357237758,-73.17011290387033,0.216827392578125,-1.4830599879614357,3.561958320210871,5.111026159932816,0.0629414767026901,0.0070377492776858,173.840818657536
0,171.111225844223,-45.5105285644531,-72.676643371582,0,8.9627767595197,0.0771751204427535,0,-42.22937741421123,-71.29216421620951,-1.053186058998108,-46.87874155833206,-73.25395977164958,0.2413073629140854,-1.4850255965491697,3.561282831002679,5.111672751119347,0.0642316192388535,0.0071662209085257,173.930348302477
0,171.200954574335,-45.4748992919922,-72.7589950561523,0,8.98243200807205,0.0803020370684859,0,-42.19533896827776,-71.3726810164773,-1.044464111328125,-46.844622851818116,-73.33799553610372,0.2658447325229645,-1.4870723540319573,3.5605312150691772,5.112321249654496,0.0668429881334305,0.0074412271785138,174.02007703259
0,171.29087545438,-45.4391212463379,-72.8414916992188,0,9.00214668208197,0.0809929631284653,0,-42.16127845224864,-71.45325002281487,-1.035736083984375,-46.810409728283275,-73.42226385352775,0.2886914014816284,-1.489203947059204,3.559700596239478,5.113007895162307,0.0676271691918373,0.0075120340322805,174.109997912635
0,171.380990988677,-45.403205871582,-72.9241409301758,0,9.02188321201013,0.0815840357207579,0,-42.127141909593476,-71.53399886758207,-1.0224963426589966,-46.776122474538894,-73.50671475667862,0.3218664526939392,-1.4914061358331716,3.5588045798037715,5.113694540670126,0.068310983479023,0.0075713893661942,174.200113446932
0,171.471307316847,-45.3671379089356,-73.0069427490234,0,9.04155280374283,0.0840598626190432,0,-42.09292696276284,-71.61493317479221,-1.0112584829330444,-46.74175878994437,-73.5913539121279,0.36430907249450684,-1.4936930655481058,3.557829109834926,5.114381186177936,0.0704075023531914,0.0077867664139902,174.290429775101
0,171.561819042652,-45.3309135437012,-73.0898895263672,0,9.06121773184298,0.0861634208633434,0,-42.05868324727807,-71.69593553328717,-1.00006103515625,-46.707301362674194,-73.67622395960723,0.4068615734577179,-1.496072022270364,3.556768033995636,5.1151021639611365,0.0722405463457108,0.007972138254258,174.380941500907
0,171.652531705611,-45.2945365905762,-73.1729888916016,0,9.08090152796142,0.0879515894012111,0,-42.02321276171779,-71.77661887738603,-0.9894970655441284,-46.67044984892284,-73.76029975308467,0.4449804723262787,-1.4960184967138777,3.5568818942800564,5.115826956441606,0.0738431587815285,0.0081313177267076,174.471654163865
0,171.743438387434,-45.2580070495606,-73.256233215332,0,9.10059053935383,0.0894721283776788,0,-41.98674804121322,-71.85699844820773,-0.9799181818962097,-46.63236159940063,-73.84409393305093,0.47178831696510315,-1.494801208222356,3.5579479244675833,5.116574637105666,0.0752447322010994,0.0082677157760846,174.562560845689
0,171.834539161149,-45.2213249206543,-73.3396224975586,0,9.12028161984803,0.0907656044503459,0,-41.95022652406832,-71.93750321646715,-0.9715917706489563,-46.59418464258551,-73.92808326913385,0.5001464486122131,-1.493663247115626,3.558935683396897,5.117337576558796,0.0764712616801262,0.0083843326507756,174.653661619403
0,171.925838717256,-45.1844787597656,-73.4231567382813,0,9.13990330009685,0.0938064757569347,0,-41.91364067657459,-72.01814978879796,-0.9628955125808716,-46.55591941231062,-74.01226680690013,0.5285620093345642,-1.4926152003785838,3.5598351499120215,5.118111960103716,0.0790219977498055,0.0086453689387887,174.74496117551
0,172.017331713453,-45.1474647521973,-73.5068283081055,0,9.1594191671048,0.0963973035943331,0,-41.87701514856714,-72.09888382930673,-0.9541918635368347,-46.51755869290721,-74.09666042082694,0.5463903546333313,-1.4916632755308548,3.5606387439986973,5.118913046529496,0.0812554508447647,0.0088707536685261,174.836454171707
0,172.109018254583,-45.1102828979492,-73.5906372070312,0,9.17871244982891,0.0986099370585242,0,-41.84034425724797,-72.1797178646455,-0.9456542730331421,-46.47910477432388,-74.18125907302546,0.5282018780708313,-1.4908076729855035,3.561346950897802,5.119737021138876,0.0832068994641304,0.0090646807490867,174.928140712838
0,172.200896894203,-45.0729370117188,-73.6745834350586,0,9.19784860797736,0.100499066203129,0,-41.803617321371185,-72.26067543959803,-0.9372839331626892,-46.440562914313084,-74.26605119643601,0.5149267315864563,-1.490045208104654,3.5619639326250807,5.120576254537307,0.0849130973219872,0.0092312923052861,175.020019352458
0,172.292967728585,-45.0354270935059,-73.7586669921875,0,9.21693223413153,0.102109533265812,0,-41.76683425690856,-72.34175673938869,-0.9289647936820984,-46.40193303060676,-74.3510369720484,0.510211169719696,-1.4893759327894054,3.5624898309948705,5.121430746724807,0.0864076614379883,0.0093743077647162,175.11209018684
0,172.385237817821,-44.9977531433106,-73.8428955078125,0,9.23599829276265,0.103481681529048,0,-41.73000331688438,-72.4229435717883,-0.9210399985313416,-46.36320744056186,-74.43623330168363,0.4936889410018921,-1.488796552762598,3.5629275082055023,5.1223081270959065,0.0877184644341469,0.0094968574456075,175.204360276076
0,172.477701850543,-44.9599113464356,-73.9272613525391,0,9.25498546036563,0.106571022478329,0,-41.69310702055139,-72.50427446979381,-0.9151379466056824,-46.32439655110229,-74.52161729010056,0.45937132835388184,-1.4883140979876754,3.56327127399542,5.123195044210166,0.0903314352035522,0.0097596530478148,175.296824308798
0,172.570349143165,-44.9218940734863,-74.0117492675781,0,9.27397236398047,0.109203152258378,0,-41.656177866827036,-72.58567779569617,-0.9100988507270813,-46.28549304016075,-74.60720504585326,0.4196752905845642,-1.4879414389675818,3.5635070064968937,5.124110571553916,0.092628188431263,0.0099872809337223,175.38947160142
0,172.663185210673,-44.8837051391602,-74.0963668823242,0,9.29304738136215,0.109509373975106,0,-41.61917135976898,-72.66725163237386,-0.9050512313842773,-46.246512151653675,-74.69296303231316,0.37995848059654236,-1.4876726519913708,3.563642966744419,5.125026098897666,0.0931713879108429,0.0100252280802857,175.482307668927
0,172.756208594594,-44.8453483581543,-74.1811141967773,0,9.3120578738932,0.111712207144181,0,-41.582135760304475,-72.74888959775217,-0.9002538919448853,-46.20743444207536,-74.77893402520864,0.34409788250923157,-1.4875036293324115,3.563681209201868,5.125974051168166,0.0951260626316071,0.0102146292005317,175.575331052848
0,172.849422554752,-44.8068161010742,-74.2659912109375,0,9.33107192984377,0.113588384366062,0,-41.545030368765175,-72.83068140654242,-0.8951550126075745,-46.16827496655196,-74.86508490324988,0.3118298351764679,-1.4874419298098607,3.563616196798882,5.126927725484576,0.0968456342816353,0.0103780637705143,175.668545013007
0,172.942817107014,-44.7681159973145,-74.3509902954102,0,9.3500891224229,0.115186757219654,0,-41.507890106793944,-72.91255008059628,-0.8899657726287842,-46.12902484698992,-74.95143519824995,0.2814123332500458,-1.4874834380493493,3.5634510111427793,5.127908102681847,0.0983588248491287,0.0105187619779168,175.761939565269
0,173.036419521582,-44.7292327880859,-74.4361343383789,0,9.36910906073259,0.11654865072424,0,-41.47068118475611,-72.9945701027644,-0.8847680687904358,-46.089682133904724,-75.03798919907638,0.27045533061027527,-1.4876329170477618,3.5631820044681968,5.1288999239709065,0.0996911525726318,0.010639585839487,175.855541979837
0,173.130216629159,-44.6901817321777,-74.5214157104492,0,9.38813139109511,0.117709155581741,0,-41.433392062072464,-73.07676691206817,-0.8795373439788818,-46.05025918550071,-75.12471971766952,0.2684094309806824,-1.4878798352574345,3.562820386430944,5.129891745259966,0.100865326821804,0.010743074991648,175.949339087413
0,173.224197844208,-44.6509552001953,-74.606819152832,0,9.4071681927222,0.118698356937464,0,-41.39606920999809,-73.15903807142628,-0.8742028474807739,-46.01074274898434,-75.211655910186,0.2560107409954071,-1.4882371050636416,3.562352153964904,5.130912176778526,0.101901538670063,0.0108314665641856,176.043320302463
0,173.318372363669,-44.6115646362305,-74.6923599243164,0,9.42628393805888,0.117578198732829,0,-41.35868057751639,-73.24145423123514,-0.8688158988952637,-45.97114058503059,-75.29878070313451,0.2435900866985321,-1.4886883224966967,3.5617947764648106,5.131942145040236,0.101321406662464,0.0107479815072802,176.137494821924
0,173.412728553147,-44.572021484375,-74.7780303955078,0,9.44540875611491,0.116634430198225,0,-41.32118595150021,-73.32410403371813,-0.8633337020874023,-45.93147619105606,-75.38604240217943,0.24430786073207855,-1.489226544141004,3.561156206530156,5.132951132466996,0.10082320868969,0.0106734949672811,176.231851011402
0,173.507276615593,-44.5323181152344,-74.8638381958008,0,9.46451254743734,0.115838187252148,0,-41.28358669081615,-73.40698448351124,-0.8578051328659058,-45.891742948445646,-75.47345556827936,0.24687133729457855,-1.4898554352617865,3.5604323623704066,5.133942953756057,0.100399240851402,0.0106071729920713,176.326399073847
0,173.602013422471,-44.4924621582031,-74.9497833251953,0,9.48383418775403,0.115157311896529,0,-41.24590924162261,-73.49003728506648,-0.8522265553474426,-45.85193146604921,-75.56104086197226,0.24942870438098907,-1.4905678700556457,3.559629804042692,5.134934775045126,0.10004960745573,0.0105487116957998,176.421135880726
0,173.696950784735,-44.4524421691895,-75.0358734130859,0,9.50318022918374,0.11458111960326,0,-41.20814868914791,-73.5732732720673,-0.8466345071792603,-45.8120368171972,-75.64880912193512,0.25172117352485657,-1.4913711107815117,3.5587412602137856,5.135926596334186,0.09975915402174,0.010496686497438,176.51607324299
0,173.792073341217,-44.4122619628906,-75.1220932006836,0,9.52236577801142,0.114100828277184,0,-41.17031131970769,-73.65667858752134,-0.8410253524780273,-45.772065294525085,-75.73674650436483,0.25383177399635315,-1.4922680002099196,3.5577638990387648,5.136918417623246,0.0995158404111862,0.0104499973386786,176.611195799471
0,173.887395002673,-44.3719215393066,-75.2084579467774,0,9.54149122633627,0.113697395532189,0,-41.13238971713454,-73.74026542308931,-0.8349902033805847,-45.73201103226564,-75.82486591395406,0.2567468285560608,-1.4932522261347674,3.556705738949883,5.137910238912307,0.0993182435631752,0.0104083513451697,176.706517460928
0,173.982915842802,-44.3314208984375,-75.2949676513672,0,9.56059013263047,0.113357172336609,0,-41.094325203917975,-73.82400738316383,-0.8273901343345642,-45.69270063783817,-75.91354325108108,0.2601306140422821,-1.4952318554204713,3.5556311178340443,5.138902060201376,0.0991623848676682,0.0103712651647614,176.802038301057
0,174.078622121399,-44.2907600402832,-75.3816070556641,0,9.57967693860003,0.113069647125784,0,-41.056183482656095,-73.90791920100091,-0.8196874856948853,-45.654021459742815,-76.00271518552157,0.2674560546875,-1.4980844458047309,3.554467808284757,5.139893881490436,0.0990437492728233,0.0103382245150895,176.897744579653
0,174.174517579255,-44.2499465942383,-75.4683837890625,0,9.59882846778233,0.110825845054935,0,-41.01796288284442,-73.99200455171177,-0.812274158000946,-45.61526507793279,-76.09206510731654,0.2752941846847534,-1.5010239667163596,3.553225909394965,5.140885702779496,0.0974321067333221,0.0101497400050389,176.993640037509
0,174.270605931433,-44.2089881896973,-75.555305480957,0,9.61797064196451,0.1089316668861,0,-40.979614092449694,-74.07637192180975,-0.8103613257408142,-45.576449304349886,-76.18155195237458,0.2831396460533142,-1.5040394087422881,3.5519151921668617,5.141845099141806,0.0960415005683899,0.0099849900652599,177.089728389688
0,174.366881957515,-44.1678810119629,-75.6423645019531,0,9.63710145618258,0.107331214576497,0,-40.94117852400905,-74.16093020367943,-0.805404007434845,-45.53756027715377,-76.27120767812542,0.29115721583366394,-1.5071380260985763,3.5505290487291004,5.142798773458206,0.0948455631732941,0.0098411002378817,177.186004415769
0,174.463347348872,-44.1266212463379,-75.7295608520508,0,9.65622921747355,0.105978128314385,0,-40.90266384032412,-74.24566253915096,-0.7997399568557739,-45.498593848622534,-76.36104184682988,0.2994104027748108,-1.5103234978595992,3.5490640398305153,5.143752447774617,0.0938206985592842,0.0097154951967232,177.282469807127
0,174.56000742995,-44.0852127075195,-75.8169021606445,0,9.67545084391672,0.104829090136525,0,-40.864034141615996,-74.33064790776716,-0.7938525080680847,-45.45956158861013,-76.45102778506025,0.30775144696235657,-1.513588502366384,3.547526329378285,5.144683233907426,0.092949390411377,0.0096061606689742,177.379129888205
0,174.656855363509,-44.0436553955078,-75.9043807983398,0,9.69468184375572,0.103855784343722,0,-40.825303446669324,-74.41585546819041,-0.7876513600349426,-45.42046164808401,-76.54116975562192,0.3162817358970642,-1.5169362653880338,3.5459127069188754,5.145598761251176,0.0922089591622353,0.0095107472435111,177.475977821764
0,174.753892847955,-44.0019454956055,-75.9919967651367,0,9.713829069223,0.103034409142727,0,-40.78649341389595,-74.50123757189704,-0.7814416289329529,-45.38128412479488,-76.63149058740552,0.3245898485183716,-1.5203708109188467,3.5442199511315415,5.146514288594926,0.0915801078081131,0.0094272769100458,177.57301530621
0,174.85112158972,-43.9600791931152,-76.0797500610352,0,9.73294052429433,0.102339429190534,0,-40.74760328693413,-74.58679588288346,-0.7751989364624023,-45.342028284347215,-76.72199197350467,0.33290648460388184,-1.523895654199933,3.542444583314551,5.147429815938676,0.0910503268241882,0.0093543460739708,177.670244047975
0,174.948541658007,-43.9180564880371,-76.1676406860352,0,9.75204030005025,0.101750493579763,0,-40.70863297076005,-74.67253061020216,-0.7671606540679932,-45.30269402847384,-76.81267414046692,0.3412414491176605,-1.5275108103456474,3.5405865971768695,5.148345343282426,0.0906073674559593,0.0092906133645736,177.767664116262
0,175.046165234427,-43.8758811950684,-76.2556838989258,0,9.77112287528288,0.101250717856245,0,-40.66957731686116,-74.75845308058494,-0.7586632966995239,-45.263276397573975,-76.90354852227867,0.34900999069213867,-1.5312067195932888,3.5386557734253317,5.149260870626176,0.090240091085434,0.0092348901775906,177.865287692682
0,175.143975039378,-43.8335456848145,-76.3438568115234,0,9.79020176435846,0.100826241543801,0,-40.630443481362185,-74.84454755055155,-0.7476769685745239,-45.22378226865157,-76.9945992645248,0.3563903868198395,-1.5349995111325714,3.536635687457364,5.150176397969926,0.0899385809898376,0.0091861040207708,177.963097497632
0,175.241976373276,-43.7910537719727,-76.4321670532227,0,9.80927996279506,0.10046537308328,0,-40.59122917392434,-74.93081905884924,-0.7351428270339966,-45.18420943160566,-77.08583146242678,0.36378049850463867,-1.5388826634371675,3.5345329618613768,5.151091925313676,0.0896940752863884,0.0091433185438614,178.061098831531
0,175.340162431579,-43.748405456543,-76.5206069946289,0,9.82835758226616,0.100158236825826,0,-40.551895333687646,-75.01735353940171,-0.719256579875946,-45.14457811031343,-77.17719849135763,0.37101805210113525,-1.5428578912890336,3.5323431198241813,5.151978842427936,0.0894989222288132,0.0091057203156511,178.159284889833
0,175.438541816227,-43.7055969238281,-76.6091842651367,0,9.84742899449825,0.0998963876629824,0,-40.512466276531015,-75.10409749725561,-0.7042223811149597,-45.10487320151485,-77.26873517074684,0.37749144434928894,-1.546926468319693,3.530066502143925,5.152856222799026,0.0893464609980583,0.0090726081010649,178.257664274482
0,175.537111274314,-43.6626358032227,-76.6978988647461,0,9.86648664829933,0.0996726821884158,0,-40.47295720554358,-75.19101748560243,-0.6891564726829529,-45.06509006223747,-77.36045220461796,0.3839367628097534,-1.5510818407821172,3.527710454005848,5.153733603170126,0.089230902493,0.0090433761141313,178.356233732569
0,175.635867333887,-43.619514465332,-76.7867431640625,0,9.88554395930006,0.0994813016484402,0,-40.43336953569622,-75.27811039150508,-0.6841601133346558,-45.025230047417395,-77.4523464692678,0.39039182662963867,-1.555334066243611,3.525264863110016,5.154610983541216,0.0891471728682518,0.0090174763878402,178.454989792142
0,175.734815264724,-43.5762367248535,-76.8757247924805,0,9.90480992913805,0.0993090208444164,0,-40.39370099276732,-75.36538121825299,-0.684124767780304,-44.98529096277927,-77.54442302343301,0.3968762159347534,-1.5596766233728012,3.5227363509373837,5.155488363912307,0.0890975221991539,0.0089949271915631,178.553937722979
0,175.833956803768,-43.5327987670898,-76.96484375,0,9.92421398907673,0.0991553673057046,0,-40.35395080730282,-75.45283165864569,-0.6720104813575745,-44.94527206163511,-77.63668358854663,0.40337279438972473,-1.5641130318688734,3.5201214348149215,5.1563657442834065,0.0890742316842079,0.0089749965275148,178.653079262023
0,175.933298877282,-43.489200592041,-77.0541076660156,0,9.94358538972759,0.0990238665795603,0,-40.31411603391733,-75.54046819253348,-0.6525768637657166,-44.90517050376833,-77.72913471251418,0.4098791480064392,-1.5686402724722157,3.5174232624065316,5.157243124654496,0.0890685319900513,0.0089569418100219,178.752421335537
0,176.032836374703,-43.4454383850098,-77.1435089111328,0,9.96284115982515,0.0989144962346176,0,-40.27419874939315,-75.62828625099357,-0.6666552424430847,-44.86498828072125,-77.8217718039848,0.4162377715110779,-1.5732649040242246,3.5146351924923063,5.158120505025597,0.0890754014253616,0.0089403223590261,178.851958832957
0,176.132567691905,-43.4015159606934,-77.2330474853516,0,9.98196988640229,0.0988242743949873,0,-40.23419953672856,-75.71628455142928,-0.6643542051315308,-44.82472594692937,-77.91459358474908,0.4224890172481537,-1.5779834443129312,3.5117606876377674,5.158997885396686,0.0890932157635689,0.0089249768172358,178.95169015016
0,176.232486051777,-43.3574333190918,-77.3227157592774,0,10.0011500166581,0.0987431091118415,0,-40.194121147605834,-75.80445704013736,-0.6617370247840881,-44.7843861434591,-78.00759396602722,0.428779274225235,-1.5827989515572314,3.508796578959228,5.159875265767776,0.0891264006495476,0.008911180895796,179.051608510031
0,176.332591529304,-43.3131904602051,-77.4125137329102,0,10.0204321325365,0.0986675457099578,0,-40.15396348342168,-75.89280393404515,-0.6545251607894897,-44.7439687690865,-78.10077318118336,0.43489378690719604,-1.5877114464860396,3.505742854745992,5.160752646138876,0.0891739428043366,0.0088987799083224,179.151713987559
0,176.432891040028,-43.2687873840332,-77.5024490356445,0,10.039647373027,0.0986029729175112,0,-40.11548810927689,-75.98218241168729,-0.6450768709182739,-44.702431179161024,-78.19363646267507,0.43980467319488525,-1.591563567877087,3.500643787090734,5.161630026509966,0.0892283394932747,0.0088871683484296,179.252013498283
0,176.533377814225,-43.2242240905762,-77.5925140380859,0,10.0587547292312,0.0985493759336097,0,-40.07707676547007,-76.07180888056986,-0.6355810165405273,-44.66020586349074,-78.28638205969068,0.4448474049568176,-1.5948343122558275,3.49529404514392,5.162507406881057,0.0892876014113426,0.0088761798881291,179.35250027248
0,176.634057066458,-43.1795043945313,-77.6827163696289,0,10.0778775784628,0.0964994156560524,0,-40.03858609927048,-76.16162043503557,-0.6271325349807739,-44.617898685568335,-78.37930746266687,0.4498986601829529,-1.5981918806538105,3.4898568136444346,5.1633847872521565,0.087821789085865,0.0087139144714586,179.453179524712
0,176.734930601364,-43.1346397399902,-77.773063659668,0,10.0970866627947,0.094761043810662,0,-40.00001528284201,-76.251619006702,-0.6232507228851318,-44.5755087774558,-78.47241457798206,0.4558703601360321,-1.6016227052816725,3.4843456084881157,5.164262167623246,0.0865500643849373,0.0085714083624534,179.554053059619
0,176.835995102146,-43.0896530151367,-77.8635635375977,0,10.1163896624817,0.0892263464782618,0,-39.96132361336806,-76.34189956880789,-0.6188305616378784,-44.533057669380256,-78.56565611566963,0.46204710006713867,-1.6051015494589898,3.4787793951159482,5.165109030416216,0.0823419690132141,0.008139145403902,179.655117560401
0,176.937262583723,-43.044563293457,-77.9542388916016,0,10.1356556559908,0.0805642958959625,0,-39.922467227905535,-76.43256446822043,-0.6141027808189392,-44.49055945552713,-78.65900111862193,0.46693602204322815,-1.6086002291918884,3.4731796517462743,5.165896765401566,0.0756072998046875,0.0074593015034049,179.756385041977
0,177.038717723143,-42.9993896484375,-78.0450820922852,0,10.1548522237863,0.073072341771688,0,-39.88344988219526,-76.52360494154442,-0.6101965308189392,-44.44802195948158,-78.75243240276197,0.4700988531112671,-1.6121042256419071,3.467560143252895,5.166623465230666,0.0695729553699493,0.0068510257634707,179.857840181398
0,177.140360520409,-42.9541320800781,-78.1360931396484,0,10.1740155379325,0.0667327643168903,0,-39.84427717303658,-76.61500792958134,-0.6065295338630676,-44.405442888044874,-78.84595500497537,0.47203367948532104,-1.6156134838403233,3.461921108161614,5.167292944600787,0.0642895549535751,0.0063188592367331,179.959482978663
0,177.242196108552,-42.9087944030762,-78.2272796630859,0,10.1932781060237,0.0593571342586291,0,-39.8049500259029,-76.70677127289326,-0.6028478741645813,-44.362819062234806,-78.93957590772271,0.4739709496498108,-1.6191212584500927,3.456269040794787,5.167907110860556,0.0581402406096458,0.0057036857313412,180.061318566807
0,177.344215958075,-42.8633804321289,-78.3186340332031,0,10.212533185192,0.053109441668203,0,-39.7654669732703,-76.79889839570266,-0.5984545946121216,-44.320156826367395,-79.03328117606077,0.47481077909469604,-1.6226268830526462,3.450603455406908,5.168462149312706,0.0527581833302975,0.005165953342109,180.16333841633
0,177.446428599278,-42.8178863525391,-78.4101638793945,0,10.2317026055669,0.0478266587417082,0,-39.72584058847167,-76.8913599602328,-0.5929455161094666,-44.27744518964975,-79.12709495066515,0.473457008600235,-1.626131040212034,3.4449255945445705,5.168969504049026,0.0480596125125885,0.0046970762669013,180.265551057532
0,177.548837428145,-42.7723045349121,-78.5018692016602,0,10.2508314359501,0.04336400684301,0,-39.68607244376877,-76.98415229787288,-0.5865344405174255,-44.2346816767303,-79.22102266851026,0.4721032679080963,-1.6296406394646679,3.439228564728534,5.169431082418166,0.0439696870744228,0.0042893392528769,180.3679598864
0,177.651440746813,-42.7266387939453,-78.59375,0,10.2700433384117,0.0395954888633499,0,-39.64617125165617,-77.07725507946896,-0.5799645781517029,-44.19186330889053,-79.31507087218839,0.47074827551841736,-1.6331523749641705,3.4335167282384513,5.169852606466026,0.0404203906655312,0.0039357273309288,180.470563205067
0,177.754235119114,-42.6808815002441,-78.6857986450195,0,10.2893642711591,0.0364155579437263,0,-39.60614638182998,-77.17064644239673,-0.5718127489089966,-44.14898781671471,-79.40924454634715,0.47285398840904236,-1.6366765497827238,3.42778095063289,5.1702397982384865,0.037347212433815,0.003629668223865,180.573357577369
0,177.857222243913,-42.6350288391113,-78.7780151367187,0,10.3086253255328,0.0337380694958349,0,-39.56600511490428,-77.2643093985567,-0.5632848739624023,-44.10605075444914,-79.50355345584141,0.4747326672077179,-1.6402168539311008,3.4220186559237313,5.170598379781456,0.0346885435283184,0.0033649838514917,180.676344702167
0,177.960403821129,-42.5890769958496,-78.8703994750977,0,10.3277775499575,0.031486388650365,0,-39.52576496170907,-77.35820308934552,-0.5547375082969666,-44.06304244263262,-79.59801886107849,0.47588133811950684,-1.6437773903924229,3.4162286995445927,5.170941702535356,0.0323920324444771,0.0031363845467154,180.779526279384
0,178.063769623491,-42.5430335998535,-78.9629440307617,0,10.3468843695288,0.0295931445389871,0,-39.48539925357679,-77.45238974165419,-0.5488879084587097,-44.019982808040005,-79.69259699398694,0.4795263707637787,-1.6473531528807375,3.410410833883822,5.171246878316606,0.0304126422852278,0.0029392923327779,180.882892081745
0,178.167326482475,-42.496898651123,-79.0556564331055,0,10.366071078362,0.0280001398499699,0,-39.444956780222356,-77.54675551281453,-0.5438952445983887,-43.976843070319994,-79.78735106903473,0.48432615399360657,-1.650942919715865,3.404575035244699,5.171552054097856,0.0287109520286322,0.0027696942335118,180.98644894073
0,178.271074368565,-42.4506568908691,-79.1485290527344,0,10.3852692745088,0.0266613442077532,0,-39.404391530232786,-77.6414077627902,-0.5337292551994324,-43.93364680350575,-79.88222930714701,0.4891320765018463,-1.6545619191517738,3.3986978727176935,5.171822897603716,0.0272490531206131,0.0026238090324138,181.09019682682
0,178.375016714661,-42.4043159484863,-79.241569519043,0,10.4044886972613,0.025536305728472,0,-39.36374321463674,-77.73625383251428,-0.5216955542564392,-43.89037174160109,-79.97728061436693,0.49293088912963867,-1.6582016270745799,3.392794993208225,5.172089926412307,0.0259949658066034,0.0024984300784354,181.194139172915
0,178.479144992719,-42.3578796386719,-79.3347702026367,0,10.4236951665509,0.0245914795929052,0,-39.32302031422602,-77.83127393347264,-0.5091637969017029,-43.84701880309145,-80.07250297329146,0.4953283667564392,-1.6618619352720299,3.386867601570272,5.1723569552209065,0.0249200221151113,0.0023907023725815,181.298267450974
0,178.583471138001,-42.311336517334,-79.4281387329102,0,10.4429145500975,0.0237977208645451,0,-39.2821748692693,-77.926579971705,-0.49659422039985657,-43.80360542961605,-80.16785807431374,0.4976525902748108,-1.6655483213074136,3.380902099064414,5.172591559102736,0.0240000765770674,0.0022982103458465,181.402593596256
0,178.687991749778,-42.2646942138672,-79.5216751098633,0,10.4621192807516,0.0231312117349833,0,-39.24124399018579,-78.02208535623319,-0.4854455590248108,-43.760114687904945,-80.26338311043529,0.49760985374450684,-1.6692552687602242,3.3749104705564554,5.172820440938676,0.0232133939862251,0.0022187987564029,181.507114208032
0,178.792705127183,-42.2179565429687,-79.6153793334961,0,10.4812340863083,0.0225724363199892,0,-39.200235984891,-78.11777070192102,-0.47618529200553894,-43.7165433327347,-80.35908520961193,0.4888598620891571,-1.672979616322446,3.3688972943699174,5.173049322774617,0.0225408859550953,0.0021505896631249,181.611827585438
0,178.897607850798,-42.1711158752441,-79.7092437744141,0,10.5004125676821,0.0221022809838883,0,-39.158850269815574,-78.21348292756305,-0.4669238030910492,-43.67289278543719,-80.45496124996593,0.48561033606529236,-1.6767314756193095,3.363189645057243,5.173278204610556,0.0219682138413191,0.0020921240031111,181.716730309052
0,179.002710158641,-42.1241645812988,-79.8032760620117,0,10.5196948227178,0.0217060322763602,0,-39.11637299160619,-78.30887854654306,-0.45771482586860657,-43.62970899156529,-80.55129392130756,0.4825439453125,-1.6811289924066573,3.358576213407172,5.173507086446486,0.021481653675437,0.0020420371796458,181.821832616896
0,179.107996701281,-42.0771064758301,-79.8974609375,0,10.5390021191308,0.023431881030261,0,-39.07381986561936,-78.40444450472516,-0.4573425054550171,-43.58666089912065,-80.64790198847335,0.47786131501197815,-1.6857984244452417,3.3539273295059324,5.173735968282426,0.0226463507860899,0.0021488082606557,181.927119159535
0,179.213476020159,-42.0299072265625,-79.9917907714844,0,10.5581587824769,0.0287681534159318,0,-39.031210845660915,-78.50013598978292,-0.4507116675376892,-43.54352163208001,-80.74471466868923,0.47315794229507446,-1.6905392523015308,3.3492109477614522,5.173982016256057,0.0266595277935266,0.002525007378745,182.032598478413
0,179.31914136642,-41.982536315918,-80.0862426757812,0,10.577087590762,0.0369846388283122,0,-38.98859536717511,-78.59584197942387,-0.4421777129173279,-43.50027016426697,-80.84177914867462,0.47096556425094604,-1.6953912221951681,3.344394809268468,5.174279562642776,0.0330563075840473,0.0031252559097067,182.138263824675
0,179.425015032638,-41.9349746704102,-80.1808319091797,0,10.595884811149,0.0459534830871277,0,-38.945984814092114,-78.69153690757805,-0.4359362721443176,-43.45688655062476,-80.93914018891195,0.468505859375,-1.7003667893277317,3.339470012287587,5.174643866231646,0.0402666293084621,0.0038001782151116,182.244137490892
0,179.531061410181,-41.8872108459473,-80.2755126953125,0,10.6146882909929,0.0554032067924058,0,-38.903408872338055,-78.78715410548948,-0.43031737208366394,-43.413376986017504,-81.03678388695359,0.4657629430294037,-1.7054960903852638,3.3344093194469107,5.175086371114456,0.0480723716318607,0.0045287921330333,182.350183868436
0,179.63727740682,-41.8392219543457,-80.3702697753906,0,10.6334491146644,0.0668683015894069,0,-38.86088130658068,-78.88266266041947,-0.4251745641231537,-43.369735644773115,-81.13472331671035,0.468414306640625,-1.710807228597672,3.3291872795987456,5.175616614034386,0.0576323010027409,0.0054197994346514,182.456399865075
0,179.743736593175,-41.7909812927246,-80.4651718139649,0,10.6519559653859,0.0799515845996508,0,-38.81838707170825,-78.97809636073227,-0.4258679151535034,-43.32592395026804,-81.23304505142686,0.4734826683998108,-1.7162978385923642,3.3238095322125263,5.176246039083206,0.0686690285801888,0.0064464305498357,182.562859051429
0,179.85032383962,-41.7424736022949,-80.5600814819336,0,10.669844333289,0.094339207813917,0,-38.77599579951701,-79.07329882709791,-0.4297131299972534,-43.2819762913983,-81.3316719159117,0.4819738566875458,-1.722039583622607,3.3182093389498735,5.1769918123986365,0.0809433832764626,0.0075858857033242,182.669446297874
0,179.957100923323,-41.6936836242676,-80.6550598144531,0,10.6865946718225,0.109785848141159,0,-38.73369692857379,-79.16829377841974,-0.4350634813308716,-43.23785855136367,-81.43068047472184,0.49049437046051025,-1.728023036335998,3.312400109374876,5.177865378072466,0.0942450612783432,0.0088185330583748,182.776223381577
0,180.064092355767,-41.644588470459,-80.7501220703125,0,10.7014025471638,0.126108935699069,0,-38.69149242745626,-79.26307679365917,-0.4390185475349426,-43.1935530505542,-81.53011040424823,0.4960424602031708,-1.7342644179782236,3.3063695942854627,5.178876272847856,0.108381740748882,0.010127103950735,182.883214814022
0,180.171229444898,-41.5951766967774,-80.8451843261719,0,10.7133950207699,0.143172957104533,0,-38.64941967202279,-79.3575639339836,-0.4412597417831421,-43.14908143507309,-81.62991312653834,0.4989660680294037,-1.7408099338590506,3.300075587035187,5.180032126119347,0.123181089758873,0.0114968309549817,182.990351903153
0,180.278377744929,-41.5454483032227,-80.9400939941406,0,10.7220466064439,0.160862784691691,0,-38.60754284559158,-79.45161105627406,-0.4437524378299713,-43.10449215149273,-81.72997991831423,0.5016027688980103,-1.7477235176183488,3.2934586583557564,5.181340567281456,0.138501912355423,0.0129160348193629,183.097500203183
0,180.385648143341,-41.4953994750977,-81.0349731445313,0,10.7271498090293,0.179072652110628,0,-38.56581517238988,-79.54532320972348,-0.44597533345222473,-43.05973827113429,-81.83041609641337,0.5042309165000916,-1.7549602156413904,3.2865667671515535,5.182801596334186,0.154233127832413,0.0143758262925409,183.204770601596
0,180.492942197416,-41.4450263977051,-81.1297073364258,0,10.728630140806,0.197703048539292,0,-38.52428333077904,-79.63859556390577,-0.44235959649086,-43.01485459377006,-81.93114356356025,0.5070251226425171,-1.7625721520902589,3.279352738139716,5.1844209353234465,0.170288667082787,0.015869664547845,183.312064655671
0,180.600235983222,-41.3943252563477,-81.2242660522461,0,10.7264775675027,0.216654624293003,0,-38.482963264875515,-79.73139231146882,-0.43876463174819946,-42.96984513435843,-82.03215330942825,0.5098242163658142,-1.770577506443663,3.2718038833785865,5.186204306295126,0.186607182025909,0.0173933267471545,183.419358441477
0,180.707510657506,-41.3432960510254,-81.3186264038086,0,10.7207534409889,0.235818414866937,0,-38.441858480185545,-79.82370557973452,-0.4362219274044037,-42.924717108950844,-82.1334291398322,0.5130163431167603,-1.7789873695677538,3.2639130269863763,5.188149801900597,0.203154906630516,0.0189451028788596,183.526633115761
0,180.814700614142,-41.2919387817383,-81.412712097168,0,10.7128671702633,0.255068902498094,0,-38.40099672931229,-79.91547304181027,-0.4318200647830963,-42.8794941218839,-82.23491808217314,0.5166369676589966,-1.7878351825051106,3.2556521219831853,5.1902593294884865,0.219923093914986,0.0205230570045368,183.633823072397
0,180.921819700237,-41.2402420043945,-81.5065307617187,0,10.7041871381257,0.274322884675566,0,-38.3603805768707,-80.00668893807492,-0.42668822407722473,-42.83416276596277,-82.33665022473389,0.5202697515487671,-1.7971315246901127,3.2470182225682853,5.192540518453326,0.236869901418686,0.022121451309553,183.740942158492
0,181.028853319661,-41.1881980895996,-81.6000595092774,0,10.6950799256832,0.293529590740816,0,-38.320008945528116,-80.0973556880059,-0.42159178853034973,-42.7887294778986,-82.43861112231633,0.5213623046875,-1.8068949976853956,3.237997489287705,5.194989554097856,0.25393944978714,0.0237346393254838,183.847975777916
0,181.135807880215,-41.1357841491699,-81.6932907104492,0,10.6856450990937,0.31264852605951,0,-38.27988474202558,-80.18746676363406,-0.4163806140422821,-42.74318501662169,-82.54082151362992,0.5180749297142029,-1.817153271197812,3.2285704549427465,5.197612158467976,0.271081626415253,0.0253579138545445,183.95493033847
0,181.242661762984,-41.0830078125,-81.7862014770508,0,10.6759041246524,0.331644591542229,0,-38.2400093397945,-80.27701908050238,-0.4116149842739105,-42.69753817574716,-82.64326166413797,0.5176135301589966,-1.827911501724553,3.218737613080232,5.200404516866416,0.28825306892395,0.0269873240798554,184.061784221239
0,181.349427542562,-41.0298347473145,-81.8787841796875,0,10.6658652176986,0.350487041187815,0,-38.20038042308511,-80.36601783932974,-0.40687742829322815,-42.65177829883798,-82.74595548890214,0.5166662335395813,-1.839208243743386,3.2084690700425686,5.203370443990436,0.3054159283638,0.0286194470209,184.168550000816
0,181.456096351114,-40.976261138916,-81.9710235595703,0,10.655528111497,0.36914824391737,0,-38.16099396971702,-80.45447207314282,-0.4021703898906708,-42.60590866981886,-82.84889561817381,0.5147863626480103,-1.8510565702469912,3.197758221778975,5.206506125142776,0.322537064552307,0.0302513100820638,184.275218809369
0,181.562663351855,-40.9222755432129,-82.0629043579102,0,10.6448926230391,0.387603395853861,0,-38.12146677711099,-80.54216878332744,-0.3980468809604645,-42.55686008378603,-82.95042330979216,0.5121044516563416,-1.8599883091649578,3.1870309744454715,5.209813467672076,0.339586943387985,0.0318802696542761,184.38178581011
0,181.669133198477,-40.8678741455078,-82.154426574707,0,10.6339538803436,0.405829797321464,0,-38.06782803587133,-80.62147489992438,-0.39610472321510315,-42.49287951558872,-83.0440743183721,0.5038439631462097,-1.8525969773807314,3.1922091180417946,5.2132905642296965,0.356539338827133,0.0335039989466445,184.488255656732
0,181.775503424748,-40.8130416870117,-82.2455749511719,0,10.6227156525289,0.42380706221628,0,-38.01457839235329,-80.70020572656176,-0.3936792016029358,-42.428819891460186,-83.13784104439408,0.4941662549972534,-1.8457730052974413,3.196805100709538,5.216935507466996,0.373370707035065,0.0351203895175153,184.594625883003
0,181.88176793576,-40.7577705383301,-82.3363342285156,0,10.611176996064,0.441516396013088,0,-37.961724340453266,-80.77835166186394,-0.3915466368198395,-42.364683143807035,-83.23172065931453,0.48466795682907104,-1.8395339034928202,3.2008099004239523,5.220750204732626,0.390059739351273,0.0367275493157348,184.700890394014
0,181.987918391841,-40.7020454406738,-82.4266815185547,0,10.599335106417,0.45894043813254,0,-37.90925984723619,-80.85592162566458,-0.3917321562767029,-42.30048033139104,-83.3256969759656,0.4765905737876892,-1.8339091832819776,3.204206299854121,5.224728933980666,0.406586825847626,0.0383237459663798,184.807040850095
0,182.093951743729,-40.645866394043,-82.5166091918945,0,10.5871910240245,0.47606338219393,0,-37.857188845171216,-80.93290980371734,-0.3919677734375,-42.23621070478448,-83.41977109131572,0.480621337890625,-1.8289058049210625,3.2069964489681397,5.228873602559776,0.422934293746948,0.0399074094737801,184.913074201983
0,182.199884036232,-40.5892219543457,-82.6061248779297,0,10.5747419967059,0.492870650024371,0,-37.80549398171138,-81.00934185216326,-0.3923010230064392,-42.171868334573645,-83.5139516844934,0.48466062545776367,-1.8245325635801246,3.209183300623795,5.233180395772666,0.439085721969605,0.0414770949090569,185.019006494487
0,182.305686464395,-40.5321006774902,-82.695182800293,0,10.5619881552065,0.509348746194976,0,-37.754186938212094,-81.08520049984888,-0.3917578160762787,-42.107471009477,-83.60821271741442,0.48875731229782104,-1.820828194109197,3.2107394398507947,5.237647406270706,0.455025941133499,0.0430314583179638,185.12480892265
0,182.411369399855,-40.4745025634766,-82.7837905883789,0,10.5489353468268,0.525485658461587,0,-37.70325612042155,-81.16050288914298,-0.3883044421672821,-42.04301298354514,-83.70256260066293,0.49379271268844604,-1.817791778070312,3.211677101241023,5.242272726705276,0.470740854740143,0.0445692257552002,185.23049185811
0,182.516928236364,-40.4164199829102,-82.8719329833984,0,10.5355751521013,0.541269243792615,0,-37.65269512146425,-81.23525849275883,-0.38499265909194946,-41.97849905842822,-83.7969943058647,0.4990820288658142,-1.8154419540415896,3.2119898035461936,5.247052542379106,0.486217379570007,0.046089271022637,185.336050694618
0,182.622362897553,-40.357837677002,-82.9595947265625,0,10.5219191319641,0.556689598445611,0,-37.60249833592516,-81.3094755984319,-0.38249388337135315,-41.913929304711786,-83.89150772970072,0.5043749809265137,-1.8138034621332542,3.2116643693742724,5.251984945943566,0.501442968845367,0.0475904261524884,185.441485355808
0,182.727669242522,-40.298770904541,-83.0467758178711,0,10.5079598030324,0.571736377386893,0,-37.55266463274002,-81.38315587846681,-0.38090452551841736,-41.849302772686215,-83.98610426230032,0.5120593309402466,-1.81286706645791,3.210721252118939,5.2570699373986365,0.516406059265137,0.0490716913530527,185.546791700776
0,182.832839352292,-40.2391967773437,-83.1334457397461,0,10.493698216998,0.586400819950336,0,-37.50319273121059,-81.45630122640544,-0.38258910179138184,-41.78462366383057,-84.08077775378453,0.5205138921737671,-1.8126726693748736,3.2091325711296816,5.262305609395706,0.531095683574677,0.0505320793582423,185.651961810547
0,182.937877988487,-40.1791152954102,-83.2196044921875,0,10.4791373128593,0.600674880935253,0,-37.45406603021811,-81.52893618738496,-0.384490966796875,-41.719891433477,-84.17552900140623,0.5289770364761353,-1.8132244138443339,3.2069070480118156,5.267686239888876,0.545501470565796,0.0519706422075031,185.757000446741
0,183.0427712461,-40.1185264587402,-83.3052291870117,0,10.464279998473,0.614551248001987,0,-37.40528541745399,-81.60105944893311,-0.3870934844017029,-41.655112182434166,-84.27034907515902,-2.6826305389404297,-1.8145390832819217,3.204039863095141,5.273209921529496,0.559613823890686,0.0533864966916705,185.861893704355
0,183.147520131365,-40.0574264526367,-83.3903121948242,0,10.449126294451,0.628023050458962,0,-37.35683959368635,-81.67268771722495,-0.38970947265625,-41.590284998030484,-84.3652393109581,-2.675849437713623,-1.8166282508977762,3.2005317103230544,5.278872839620316,0.573423266410828,0.0547787768842001,185.96664258962
0,183.252132570351,-39.9958000183105,-83.4748458862305,0,10.4336799755593,0.641084519455441,0,-37.3087168918392,-81.74383824230156,-0.3926647901535034,-41.52540304205108,-84.46020971818191,-2.67138671875,-1.8195129270094017,3.1963734437495215,5.2846730868127025,0.586921393871307,0.0561466912790724,186.071255028606
0,183.356600985149,-39.9336585998535,-83.5588226318359,0,10.4179390387035,0.653730489588864,0,-37.26090655139602,-81.81452693383488,-0.395599365234375,-41.46047103152675,-84.55525339231707,-2.659121036529541,-1.8231923820444935,3.191578135436841,5.290604941060749,0.600099921226501,0.0574894817379985,186.175723443403
0,183.460904001211,-39.8710060119629,-83.6422119140625,0,10.4019080973672,0.66595672281709,0,-37.2134162626351,-81.88474242157103,-0.3990258574485779,-41.39549590696728,-84.6503601742518,-2.647425413131714,-1.8276849713485028,3.1861390887358323,5.29666840236446,0.612951159477234,0.0588064029698646,186.280026459465
0,183.565064813551,-39.8078231811523,-83.7250213623047,0,10.3855878758257,0.677759729812909,0,-37.16622160404504,-81.95452081327811,-0.4024743437767029,-41.3304629073324,-84.74555167033233,-2.6353185176849365,-1.833006777222814,3.1800520571649495,5.30285965602657,0.625468015670776,0.0600967787485352,186.384187271806
0,183.669053356968,-39.7441291809082,-83.8072204589844,0,10.3689818981171,0.689136680695566,0,-37.11932411297147,-82.02385983595515,-0.40775632858276367,-41.26538863564609,-84.84080357802458,-2.621478319168091,-1.8391640472220596,3.17332266818829,5.309172980001178,0.637644469738007,0.0613600110841385,186.488175815223
0,183.7728872471,-39.6799049377441,-83.8888092041016,0,10.3520907115814,0.700085959085274,0,-37.07270235148443,-82.09279118607625,-0.4133960008621216,-41.20026099706985,-84.93613360104477,-2.607623338699341,-1.8461773857245924,3.16594157350871,5.315604559591022,0.649474263191223,0.0625954870462073,186.592009705354
0,183.876560647096,-39.6151695251465,-83.9697875976563,0,10.3349176307013,0.710606911706806,0,-37.026353489435756,-82.16131904808078,-0.4205102324485779,-41.13507568124298,-85.03154804864644,-2.5978479385375977,-1.8540361319636574,3.1579308037949274,5.3221543947961,0.660952270030975,0.0638026772853072,186.695683105351
0,183.980080721895,-39.5499114990234,-84.0501480102539,0,10.3174658561067,0.720699966904666,0,-36.9802582213475,-82.22947196556332,-0.42777708172798157,-41.06982780036895,-85.12705407529992,-2.583892822265625,-1.8627593070573616,3.1492823352599992,5.328816763570514,0.672073900699616,0.0649810952208523,186.79920318015
0,184.083427613209,-39.4841346740723,-84.1298599243164,0,10.2997365884432,0.730366183676731,0,-36.93441570188971,-82.29725118836375,-0.4310925304889679,-41.004525493667714,-85.2226397672917,-2.567418098449707,-1.8723664250149088,3.1399875184780353,5.3355878512169985,0.682835578918457,0.0661303556901633,186.902550071463
0,184.186602813109,-39.4178466796875,-84.2089233398437,0,10.2817308730848,0.739608138080826,0,-36.88881553040736,-82.36467209409048,-0.43244871497154236,-40.93916171947592,-85.31831543179618,-2.5496325492858887,-1.8828569419828882,3.1300577009843584,5.34246575038692,0.693234264850616,0.067250118049402,187.005725271363
0,184.289598565791,-39.3510513305664,-84.2873229980469,0,10.2634515185624,0.748429742872113,0,-36.83555827256987,-82.42590743251573,-0.43532225489616394,-40.873736887394834,-85.41408046926304,-2.5358264446258545,-1.8942422505886902,3.1293087467411196,5.349446646383014,0.703267991542816,0.0683401259060561,187.108721024046
0,184.392421346496,-39.283748626709,-84.3650588989258,0,10.2449002555568,0.75683580572611,0,-36.77971570783938,-82.48454215106285,-2.334876775741577,-40.80662305757551,-85.50873031416802,-2.5251171588897705,-1.904502779790343,3.1315370184265294,5.356526724508014,0.712935626506805,0.0694002028903167,187.211543804751
0,184.495068727858,-39.215934753418,-84.4421157836914,0,10.2263173618457,0.764748034994143,0,-36.72425869366336,-82.54277204135117,-2.3230884075164795,-40.73205844673566,-85.59781980799393,-2.5126793384552,-1.906379512381579,3.1330426486598313,5.363700262716022,0.722171902656555,0.070422320237128,187.314191186113
0,184.597533543206,-39.1476135253906,-84.5184783935547,0,10.2079566437591,0.772178683121005,0,-36.66917768594215,-82.60060712468969,-2.3120176792144775,-40.65751944965953,-85.68687869859907,-2.496195077896118,-1.9091818072070057,3.1338274384848335,5.370963446309772,0.730979561805725,0.0714048010512745,187.416656001461
0,184.69982063993,-39.0787963867187,-84.5941543579102,0,10.1898018005588,0.77931964154022,0,-36.614461907704005,-82.6580587169037,-2.3010191917419434,-40.58299376080465,-85.77592168859562,-2.479896068572998,-1.9128993084013588,3.1339130102134316,5.378316275289264,0.739501595497131,0.072361395149396,187.518943098184
0,184.801931131843,-39.0094833374023,-84.6691360473633,0,10.1718024312625,0.786164099067766,0,-36.56008746207261,-82.71515190972426,-2.2911643981933594,-40.50848145641831,-85.86494868688355,-2.465477228164673,-1.9175409329789888,3.1333040331616546,5.385751120259967,0.747735023498535,0.0732919930486103,187.621053590098
0,184.903879691336,-38.9396629333496,-84.7434234619141,0,10.1539315378538,0.792711633084687,0,-36.506033563427856,-82.77190852806201,-2.285754442214966,-40.433966778379684,-85.95397852120159,-2.4502525329589844,-1.9231192196112585,3.1319998474692707,5.3932660738732485,0.755680322647095,0.0741966714752266,187.723002149591
0,185.005640964576,-38.8693580627441,-84.8169937133789,0,10.1361760066515,0.798967370416057,0,-36.45231055862416,-82.82831770771507,-2.280357599258423,-40.359456482953576,-86.04300311919202,-2.432767391204834,-1.9296352932751335,3.1300081298098044,5.400861136129108,0.763341724872589,0.0750757830639127,187.824763422831
0,185.107235273001,-38.7985496520996,-84.8898468017578,0,10.11852815463,0.804939818387367,0,-36.39888144306861,-82.88441830352298,-2.2737207412719727,-40.284937994840284,-86.13203750577178,-2.4147326946258545,-1.9371081669783272,3.1273232923646344,5.408528677633014,0.77072536945343,0.075929834129824,187.926357731256
0,185.208664611745,-38.7272529602051,-84.9619903564453,0,10.1009840006119,0.81063845219294,0,-36.345740784510184,-82.94021601935175,-2.261029005050659,-40.21039689546297,-86.22109890819786,-2.3974804878234863,-1.9455257073060324,3.123967303464167,5.4162706057336,0.777838349342346,0.076759403589579,188.02778707
0,185.309917189972,-38.6554718017578,-85.0334014892578,0,10.0835384993878,0.816073489465228,0,-36.29287770168965,-82.99572228052858,-2.2492871284484863,-40.135838343630226,-86.3101811627467,-2.379953622817993,-1.9549044562151268,3.11993388381295,5.424081198384967,0.784688055515289,0.0775651135702574,188.129039648227
0,185.411000327718,-38.5832061767578,-85.1040802001953,0,10.0661903251615,0.82125589389519,0,-36.24027557229604,-83.05095454048762,-2.2376794815063477,-40.06124960740466,-86.39929948148536,-2.3621251583099365,-1.9652494420566278,3.1152285296384927,5.431958548238483,0.791281819343567,0.078347557599283,188.230122785972
0,185.511918632053,-38.5104598999023,-85.1740264892578,0,10.0489381252656,0.826196398204295,0,-36.18792761498685,-83.10591991964158,-2.2291858196258545,-39.986614480653195,-86.4884732274357,-2.343492269515991,-1.9765633239991036,3.109858678101686,5.439904562642781,0.79762727022171,0.0791073641664717,188.331041090308
0,185.612666196937,-38.4372367858887,-85.2432250976563,0,10.0317786283804,0.830905274335846,0,-36.13580616258479,-83.1606474685393,-2.220829963684082,-39.91194075717535,-86.5776930885978,-2.3250133991241455,-1.9888581200719266,3.103822239623211,5.447907797506061,0.80373215675354,0.0798451943102782,188.431788655192
0,185.713247756077,-38.3635406494141,-85.3116760253906,0,10.0147103871172,0.835393394128273,0,-36.0839123945363,-83.21513594876147,-2.211808919906616,-39.83720686193161,-86.6669848427411,-2.307152032852173,-2.0021373819755075,3.0971253241270786,5.455973974874225,0.809603333473206,0.0805616110867909,188.532370214332
0,185.813670339471,-38.289379119873,-85.3793869018555,0,9.99772912708668,0.839670640771818,0,-36.03221681469295,-83.26941633127747,-2.2013049125671387,-39.76240615608514,-86.75635642192087,-2.287816047668457,-2.0163962181577797,3.089782756219451,5.464095465352742,0.815248191356659,0.0812572591888415,188.632792797726
0,185.913926031818,-38.2147521972656,-85.4463348388672,0,9.98056884072295,0.844068751242231,0,-35.98072616552068,-83.32348153649495,-2.1913464069366455,-39.68752810583508,-86.84582041187953,-2.2686877250671387,-2.0316566506012537,3.0817817012090116,5.472276083638874,0.820921659469605,0.0819594146063162,188.733048490073
0,186.014014627752,-38.1396636962891,-85.5125122070313,0,9.96312144119427,0.848482795347032,0,-35.929424710539024,-83.37734808772562,-2.1817870140075684,-39.61256608278306,-86.93538473220052,-2.248654842376709,-2.0479276508268107,3.0731225472636035,5.480512015035358,0.826553881168366,0.0826621204329347,188.833137086007
0,186.113920289509,-38.0641250610352,-85.5778961181641,0,9.94534931046197,0.852848131592534,0,-35.87831990441506,-83.43100815756564,-2.171269416809082,-39.53751609955141,-87.02505414698645,-2.2279186248779297,-2.0652233566287332,3.063800270590403,5.4888051668908275,0.832100808620453,0.0833613845224601,188.933042747763
0,186.213653061216,-37.9881401062012,-85.6424942016602,0,9.92723902830968,0.85712085494572,0,-35.8273801400409,-83.48449493349275,-2.1591687202453613,-39.46236902329836,-87.11483956811954,-2.207193613052368,-2.0835430828614356,3.0538245648321514,5.4971479098107485,0.837530851364136,0.0840542315837994,189.032775519471
0,186.313210099523,-37.9117164611816,-85.706298828125,0,9.90879622603607,0.86127028777003,0,-35.776623374959904,-83.53778956007824,-2.1468749046325684,-39.38709873644832,-87.2047722007729,-2.1849937438964844,-2.102896884468178,3.0431981421584076,5.50555168788692,0.842819690704346,0.0847382293405857,189.132332557778
0,186.412583791027,-37.8348617553711,-85.7692947387695,0,9.89001925584607,0.865273154687357,0,-35.726018885029596,-83.59092429768573,-2.1349449157714844,-39.3117155534981,-87.29483972122766,-2.161659002304077,-2.123295701155492,3.03191623076524,5.5140031496789135,0.847947597503662,0.0854114451504608,189.231706249282
0,186.511773347531,-37.7575874328613,-85.8314819335937,0,9.87097543590216,0.869095459866657,0,-35.6755625279403,-83.64390349574231,-2.126546621322632,-39.23620395576032,-87.38506067114844,-2.13922119140625,-2.144740943697437,3.019987934820867,5.522504202535358,0.852885901927948,0.086070440581881,189.330895805786
0,186.610774358848,-37.6798973083496,-85.8928451538086,0,9.85180338662551,0.872731440929522,0,-35.62525746914891,-83.69672383051677,-2.1181726455688477,-39.16054860918232,-87.47545337159897,-2.1151487827301025,-2.167251034300195,3.0074064799171474,5.531058661153522,0.857625305652618,0.0867130467227323,189.429896817103
0,186.709586040562,-37.6018028259277,-85.9533843994141,0,9.83259414629568,0.876236895933749,0,-35.57507552572716,-83.74941489409673,-2.110832452774048,-39.084749277236305,-87.56601810518171,-2.089637517929077,-2.1908257909807785,2.9941785400585395,5.53965698879024,0.862204909324646,0.0873423147785241,189.528708498817
0,186.808213534901,-37.523307800293,-86.0130996704102,0,9.81347476022401,0.879595890638062,0,-35.52217171562915,-83.79885481038056,-2.1017284393310547,-39.002287863055294,-87.64958208015489,-2.0644688606262207,-2.2057780267860463,2.984531107144207,5.548299185445514,0.866611480712891,0.0879557187942884,189.627335993156
0,186.906649782261,-37.4444198608398,-86.0719757080078,0,9.79463704027556,0.882765025970909,0,-35.46886422086748,-83.84749501973225,-2.0917577743530273,-38.909237337638054,-87.72136392216707,-2.038182258605957,-2.2059400992187244,2.975085615429798,5.556985251119342,0.87080979347229,0.0885478881502708,189.725772240516
0,187.004910735066,-37.3651351928711,-86.1300201416016,0,9.77621550301105,0.885732064254599,0,-35.41570783482805,-83.89599735053763,-2.080533504486084,-38.81630993053593,-87.79305078718257,-2.0126585960388184,-2.2071653874093826,2.964983112140777,5.5657113711144595,0.874788403511047,0.0891162854660194,189.824033193321
0,187.102990989163,-37.2854652404785,-86.1872253417969,0,9.75830178767402,0.888451202375456,0,-35.362697591050015,-83.94436633442395,-2.068279981613159,-38.72349542105814,-87.86465055973515,-1.988338589668274,-2.2094538153202232,2.954226118739517,5.574477545430867,0.878508925437927,0.0896559982668011,189.922113447417
0,187.2008958021,-37.2054138183594,-86.2435913085938,0,9.7409550475216,0.890855707062966,0,-35.30981220114121,-83.99262139589906,-2.054954767227173,-38.63078158731144,-87.93617266814356,-1.9652307033538818,-2.2128047666847115,2.9428168544877535,5.583279959371295,0.881916046142578,0.0901606531030565,190.020018260354
0,187.298634749822,-37.1249847412109,-86.2991256713867,0,9.72421630546194,0.892868619886304,0,-35.257026834058564,-84.04078519194847,-2.0417699813842773,-38.53815225582182,-88.0076295890891,-1.9369103908538818,-2.217211776343445,2.930762437312558,5.592114798238483,0.88494336605072,0.0906228734255048,190.117757208076
0,187.396206622798,-37.044189453125,-86.3538284301758,0,9.70812029914496,0.894409153853217,0,-35.204312451421906,-84.08888421852541,-2.0284178256988525,-38.44560992344761,-88.07901939642376,-1.9056639671325684,-2.222670286988792,2.9180677962111443,5.600972525289264,0.887518525123596,0.0910346912342033,190.215329081052
0,187.493627008426,-36.9630241394043,-86.4077072143555,0,9.69269409955363,0.895396890245068,0,-35.151664974730366,-84.13692219704161,-2.010658025741577,-38.353113766324824,-88.15037358284614,-1.8756444454193115,-2.2291781541053255,2.9047352062288665,5.60986076991817,0.889565765857697,0.0913878219532251,190.312749466681
0,187.590893502226,-36.8814964294434,-86.4607543945312,0,9.67796159639836,0.895754512114783,0,-35.09902421313792,-84.18495404839265,-1.9929040670394897,-38.26069475721495,-88.2216682550804,-1.8495116233825684,-2.2367399606575082,2.890756720546587,5.618754736592975,0.891008496284485,0.0916738884043325,190.410015960481
0,187.688020208987,-36.7996139526367,-86.5129928588867,0,9.66393367950564,0.895409780458867,0,-35.046426750410355,-84.23294639186844,-1.9773180484771729,-38.1682780200944,-88.29296117463699,-1.8223425149917603,-2.2453348379751183,2.876156681721757,5.627681128194538,0.891771256923676,0.0918847199893326,190.507142667242
0,187.78501496801,-36.7173767089844,-86.5644226074219,0,9.65062323530293,0.894298410301818,0,-34.99378882999363,-84.2809756508001,-1.9690172672271729,-38.07590010554093,-88.36422414535272,-1.7922399044036865,-2.2549659409688707,2.860923833363844,5.6366075197961,0.891781508922577,0.0920124012965759,190.604137426265
0,187.881869389075,-36.6348037719727,-86.6150436401367,0,9.63803549580579,0.892364231125915,0,-34.94110769887095,-84.32904433716675,-1.9637267589569092,-37.983552420285754,-88.43546379632141,-1.7631603479385376,-2.265624077681436,2.84506576395334,5.645533911397663,0.890970706939697,0.0920494809663353,190.70099184733
0,187.978602324757,-36.5518913269043,-86.6648712158203,0,9.62617352177626,0.889561473562952,0,-34.88829223459095,-84.37723559528291,-1.9622106552124023,-37.891263365647504,-88.50665821795195,-1.7395825386047363,-2.277300335789778,2.828575378577928,5.654427878072467,0.889275789260864,0.0919890799664035,190.797724783012
0,188.075219803526,-36.4686546325684,-86.7139282226563,0,9.61502864900647,0.885854076779484,0,-34.835376756846514,-84.42551811028275,-1.9578771591186523,-37.79897135397328,-88.57785492072476,-1.7165881395339966,-2.2899705926106977,2.811479585865092,5.663312308004108,0.886640608310699,0.0918251387090772,190.894342261781
0,188.171729444161,-36.3850975036621,-86.7622222900391,0,9.60458991953599,0.881216986348933,0,-34.78229556040567,-84.47395183464108,-1.9477087259292603,-37.70670120121689,-88.64903476090193,-1.6933484077453613,-2.303627060440545,2.793770882938337,5.672162405660358,0.883016765117645,0.0915524206247071,190.990851902416
0,188.268131591259,-36.3012275695801,-86.8097534179688,0,9.59484119619745,0.875636180617159,0,-34.729017358572904,-84.52256531577751,-1.9379980564117432,-37.61446053591833,-88.72019185360904,-1.669531226158142,-2.3182656966467428,2.7754412914707283,5.68096672694942,0.878363847732544,0.0911665708179868,191.087254049514
0,188.364437634556,-36.2170524597168,-86.8565444946289,0,9.58576217003243,0.869108207156355,0,-34.675517606996145,-84.57138094908744,-1.9282445907592773,-37.52223354433775,-88.79133839801823,-1.6457250118255615,-2.333864844468251,2.75650179249427,5.689721457174031,0.872650444507599,0.0906642176681616,191.183560092811
0,188.460648046154,-36.1325874328613,-86.9026107788086,0,9.57733037030902,0.861639394190436,0,-34.621764768767974,-84.62042751029529,-1.9129979610443115,-37.43002804477339,-88.86246836287019,-1.6211743354797363,-2.350402921041957,2.7369591873866397,5.698415152242389,0.865854620933533,0.0900430090133817,191.279770504409
0,188.556762343616,-36.0478401184082,-86.9479522705078,0,9.56950985579915,0.853244244401576,0,-34.56772982259638,-84.66973147976232,-1.8976256847381592,-37.33785482241143,-88.93357342816317,-1.5941686630249023,-2.3678744304276775,2.7168026168923514,5.7070363680627025,0.857963263988495,0.0893016541021857,191.37588480187
0,188.652804632429,-35.9628143310547,-86.9926147460938,0,9.56227890503892,0.843946842994241,0,-34.51336357306592,-84.71933774564764,-1.8832640647888184,-37.24570361631353,-89.00466150947912,-1.567259430885315,-2.3862391112965224,2.696051895010889,5.71557366054317,0.848972856998444,0.0884397472240524,191.471927090684
0,188.748760021611,-35.8775291442871,-87.0365905761719,0,9.55559792170401,0.833776340137624,0,-34.45864551811386,-84.76926501497597,-1.8719921112060547,-37.15360272992812,-89.07571077272675,-1.5407286882400513,-2.4054885100470957,2.6746954864198975,5.724013678243367,0.838889181613922,0.087458040199681,191.567882479866
0,188.8446443888,-35.7919845581055,-87.0799026489258,0,9.54943337619422,0.822767536226659,0,-34.403543261155,-84.8195428478813,-1.862730622291565,-37.0615451618114,-89.14672661902047,-1.5103601217269897,-2.4256020798638867,2.652733621239704,5.732348791768756,0.827726185321808,0.0863581018733177,191.663766847055
0,188.940462907021,-35.7061958312988,-87.1225814819336,0,9.54374658509129,0.810958487064708,0,-34.34802463343005,-84.87020059661874,-1.8546520471572876,-36.969540041694486,-89.21770200542404,-1.4830138683319092,-2.446542172514343,2.6301803465260587,5.740567557027545,0.815506339073181,0.0851424596255036,191.759585365275
0,189.03621013667,-35.6201705932617,-87.1646194458008,0,9.53850052900811,0.798389775298028,0,-34.29206872872875,-84.92125733697584,-1.8444262742996216,-36.8776089224693,-89.28862030541897,-1.4536718130111694,-2.468305249238669,2.6070151733136178,5.748658529927936,0.802259564399719,0.0838144245516856,191.855332594924
0,189.131897097106,-35.5339202880859,-87.2060546875,0,9.53365629333448,0.785101882862487,0,-34.234034684340784,-84.96997285791274,-1.8294713497161865,-36.78575514799104,-89.35947893945954,-1.423883080482483,-2.490848555292192,2.586457912171418,5.756612173726764,0.788022816181183,0.0823780796129605,191.951019555361
0,189.227530955677,-35.447452545166,-87.2469100952148,0,9.52917791588721,0.771134852894103,0,-34.16958254804338,-85.0086549147947,-1.8118871450424194,-36.69023370877522,-89.42370537473488,-1.394320011138916,-2.506579882940652,2.5773509621748394,5.7644208590294985,0.772839069366455,0.0808381292226195,192.046653413932
0,189.323105072528,-35.360782623291,-87.2871932983398,0,9.52502871260814,0.756526733929837,0,-34.10475371126224,-85.04756305494365,-1.7986266613006592,-36.59202669100719,-89.4826295853957,-1.3664758205413818,-2.5171218573617167,2.567791318426567,5.772073141744342,0.756756663322449,0.0791998613657618,192.142227530783
0,189.418635957616,-35.2739105224609,-87.3269348144531,0,9.52117235127106,0.741312284562791,0,-34.03950425831643,-85.08672363510999,-1.7915221452713013,-36.4941167109168,-89.54137557344993,-1.3390612602233887,-2.5283692407266236,2.557792984784529,5.7795575777794985,0.739828109741211,0.0774690110374712,192.23775841587
0,189.51411248823,-35.1868591308594,-87.3661499023438,0,9.51757380044644,0.725523087464446,0,-33.97383172365598,-85.12613813503589,-1.784368872642517,-36.39651537227067,-89.59993637663761,-1.310280680656433,-2.540289399876163,2.547368879511685,5.7868703524377025,0.722109436988831,0.0756516805020835,192.333234946484
0,189.609537088175,-35.0996360778809,-87.4048538208008,0,9.51420131591397,0.709186515569569,0,-33.90771474560824,-85.16581937529618,-1.7729943990707397,-36.299232545023294,-89.65830607298604,-1.2815990447998047,-2.5528569754021166,2.5365235481821964,5.79400383632442,0.703659117221832,0.0737542095493421,192.42865954643
0,189.704921507515,-35.0122451782227,-87.4430770874023,0,9.51102073051517,0.692325114555669,0,-33.84111562152695,-85.20578998378173,-1.76101553440094,-36.20227897103826,-89.71647821737706,-1.2530394792556763,-2.566034513761165,2.5252718710256348,5.800946585347858,0.684537529945374,0.0717831618149662,192.52404396577
0,189.800267002123,-34.9246978759766,-87.480842590332,0,9.50800300559212,0.674957624289229,0,-33.77403151972465,-85.24605165997842,-1.7489477396011353,-36.105650761843464,-89.77445514289393,-1.2237365245819092,-2.579788413786469,2.513627571021762,5.807698599508014,0.664805114269257,0.0697450690863679,192.619389460378
0,189.89557093339,-34.8370094299316,-87.5181732177734,0,9.50511849374788,0.657098639677397,0,-33.706434664300836,-85.28662107407014,-1.7343578338623047,-36.0093779814558,-89.83221881112652,-1.1971276998519897,-2.59408076757837,2.5016043393685665,5.8142465273644595,0.644522428512573,0.0676464800457469,192.714693391645
0,189.990834354761,-34.7491874694824,-87.5550842285156,0,9.50234166126422,0.638759033996492,0,-33.638328380735466,-85.32749623021296,-1.7166881561279297,-35.91345549032829,-89.88977230580304,-1.1715893745422363,-2.608886437274056,2.4892079473667175,5.8205922762658275,0.623748421669006,0.0654937422982865,192.809956813015
0,190.086044592641,-34.6612510681152,-87.5915832519531,0,9.49964526971725,0.619946774676658,0,-33.56970390384669,-85.36868238898134,-1.698885440826416,-35.81791662035407,-89.94709562778756,-1.1461461782455444,-2.6241786815012,2.4764416929181285,5.826726309468952,0.602540254592896,0.0632930232735197,192.905167050896
0,190.181230862528,-34.5731925964355,-87.6277236938477,0,9.497005092417,0.600667543827715,0,-33.50053179549912,-85.41019721817798,-1.6871484518051147,-35.722741010714785,-90.00420099357113,-1.1195507049560547,-2.639906421234057,2.4633361248846275,5.832646719625202,0.580952107906342,0.0610501499263897,193.000353320782
0,190.276369923277,-34.4850387573242,-87.6635055541992,0,9.49439792509073,0.58092567073819,0,-33.4308222639321,-85.45203459115267,-1.6803808212280273,-35.62796507025884,-90.06106655784471,-1.0924841165542603,-2.656045805892666,2.449893106920771,5.838347784688678,0.559034824371338,0.0587705840739763,193.095492381532
0,190.37147033682,-34.3967971801758,-87.6989669799805,0,9.49180535231054,0.560724855670656,0,-33.36057346097522,-85.49419561711663,-1.6735644340515137,-35.53357994051911,-90.11769763568854,-1.0673730373382568,-2.672551782300135,2.4361396427008204,5.843831412008014,0.536835670471191,0.0564593739101933,193.190592795075
0,190.466540989847,-34.3084716796875,-87.7341384887695,0,9.48920227799672,0.540068152344295,0,-33.28976428330924,-85.53669296158945,-1.6626012325286865,-35.439599751072535,-90.1740857493565,-1.0423693656921387,-2.68938531049777,2.4220924021100823,5.849089972188678,0.514397501945496,0.0541211355081128,193.285663448102
0,190.561568637715,-34.2200775146484,-87.7690200805664,0,9.48656995318756,0.518964221920758,0,-33.218410516701105,-85.5795171504719,-1.6501001119613647,-35.346042213386,-90.2302202719684,-1.0175145864486694,-2.706529675610539,2.4077499570489405,5.85412346523067,0.491762071847916,0.0517603185390709,193.38069109597
0,190.656550333583,-34.1316337585449,-87.8036499023438,0,9.48388763342928,0.497441878074887,0,-33.14651779707991,-85.62266480126432,-1.637490153312683,-35.25291506623741,-90.28609656025756,-0.9927722215652466,-2.7239334023371033,2.393146353373272,5.858931891133992,0.468981921672821,0.0493825055253199,193.475672791838
0,190.751504914812,-34.0431327819824,-87.8380584716797,0,9.48113589741803,0.475545734192681,0,-33.074066508198975,-85.66614768699415,-1.6238903999328613,-35.16021780986599,-90.34171491408041,-0.9694555401802063,-2.741564250769306,2.3782947461611856,5.8635114352013735,0.446116536855698,0.0469939935588926,193.570627373066
0,190.846416260742,-33.9546012878418,-87.8722686767578,0,9.47829683189914,0.453316450885496,0,-33.00107540475058,-85.70995455171061,-1.6102733612060547,-35.06797161500716,-90.39706263099572,-0.9476830959320068,-2.7593800022412043,2.3632211037275956,5.867862097432819,0.423218011856079,0.0446002919575983,193.665538718996
0,190.941299020855,-33.866024017334,-87.9062805175781,0,9.47535504977225,0.430788658805938,0,-32.927538623559535,-85.75408891429903,-1.596771240234375,-34.97617311389102,-90.45214173166539,-0.9297826886177063,-2.777380121261837,2.3479104607188326,5.8719838778283275,0.40032896399498,0.0422058978263691,193.760421479109
0,191.036127191034,-33.7774467468262,-87.9401397705078,0,9.47229567022025,0.407992135082935,0,-32.85348321586531,-85.7985345394933,-1.5837621688842773,-34.88485190581067,-90.5069344565136,-0.9123608469963074,-2.795493005938857,2.3324196818013614,5.875876776387897,0.377483576536179,0.0398144146317641,193.855249649289
0,191.130906413426,-33.6888694763184,-87.9738616943359,0,9.46910799792155,0.384954012445073,0,-32.77891122566347,-85.84329020055438,-1.5700963735580444,-34.79401260338941,-90.56143803796637,-0.8950280547142029,-2.813697330102927,2.31675611751634,5.879540793111531,0.35470911860466,0.0374286959128961,193.950028871681
0,191.225636861824,-33.6002922058105,-88.0074462890625,0,9.46578263636195,0.36169869875001,0,-32.70383399271005,-85.88834909173283,-1.556334137916565,-34.70366063201074,-90.61564922079357,-0.8787316679954529,-2.8319859492988577,2.3009150917766794,5.882977835347858,0.332026988267899,0.035050969456256,194.044759320078
0,191.320345688745,-33.5117149353027,-88.0409698486328,0,9.46230951006699,0.338249034477096,0,-32.628233612846856,-85.93372195851683,-1.543062686920166,-34.61378059531333,-90.66957724281201,-0.8258495926856995,-2.850285170243198,2.284957968437612,5.886187903096881,0.309453666210175,0.0326829446829101,194.139468147
0,191.415016760888,-33.4231376647949,-88.0743865966797,0,9.45867593440225,0.314626524242801,0,-32.55213742803889,-85.97939239115631,-1.530519962310791,-34.52439379888635,-90.7232093206682,-0.7719591856002808,-2.8686280511756688,2.268841584070077,5.889172903707233,0.287001371383667,0.0303258859211341,194.234139219143
0,191.509634297902,-33.3346176147461,-88.1078033447266,0,9.45487994317589,0.290851942350249,0,-32.47328295051512,-86.01980805976395,-1.5179040431976318,-34.43481547695328,-90.77483631601145,-0.7196374535560608,-2.885047695606729,2.2586769830660143,5.891934744527545,0.264679491519928,0.0279807197911048,194.328756756157
0,191.604233990833,-33.2461166381836,-88.1412200927734,0,9.45091216582864,0.26694483104187,0,-32.39332017039424,-86.05894299951801,-1.5053282976150513,-34.342954769973545,-90.81937484962373,-0.672680675983429,-2.8940571502630212,2.2501421529694756,5.894473425557819,0.242494463920593,0.0256480841343593,194.423356449087
0,191.698773017469,-33.1576805114746,-88.1746368408203,0,9.4467643900002,0.242924027591984,0,-32.312925960898866,-86.09828908704048,-1.4923009872436523,-34.25168612624549,-90.86362632220737,-0.6533068418502808,-2.9030178635620754,2.2416133130727283,5.896790854146686,0.220450922846794,0.0233284182567736,194.517895475724
0,191.793269224184,-33.0692901611328,-88.2080535888672,0,9.44243336924002,0.218807704944703,0,-32.232093334119504,-86.13784974231524,-1.478704810142517,-34.16099430524922,-90.90759812310687,-0.6391161680221558,-2.911933830055932,2.23307915073328,5.898888937642781,0.19855198264122,0.0210219852456141,194.612391682439
0,191.887704774093,-32.9809646606445,-88.2414703369141,0,9.43790937678567,0.194612968928845,0,-32.15084704745636,-86.17761284871295,-1.4666333198547363,-34.07089582377402,-90.95128224418035,-0.6249670386314392,-2.920792788460486,2.224545567824841,5.900769583394733,0.176799610257149,0.0187289396092466,194.706827232347
0,191.982068970192,-32.8927154541016,-88.2748870849609,0,9.43319239911999,0.17035648166431,0,-32.069197859759434,-86.217573140697,-1.4545507431030273,-33.98141083539152,-90.99466891399715,-0.6110290288925171,-2.929585436678334,2.2160148676066624,5.9024308840539135,0.155195131897926,0.0164493444097826,194.801191428447
0,192.076395306895,-32.8045501708984,-88.3084182739258,0,9.42827401898408,0.146053697763295,0,-31.987134210333068,-86.25773627623887,-1.4418481588363647,-33.892492817633396,-91.0377806889101,-0.5950085520744324,-2.938203259632274,2.2075926952733322,5.90388046901485,0.133739247918129,0.0141832114439439,194.895517765149
0,192.170655937931,-32.7164726257324,-88.3419952392578,0,9.42314788623927,0.121719460904645,0,-31.904679802879883,-86.29809065440405,-1.4289733171463013,-33.80418361660406,-91.08059727989482,-0.5727148056030273,-2.946702621006105,2.1992165739692475,5.905114523580281,0.112432479858398,0.0119305249870189,194.989778396186
0,192.264875683788,-32.6284942626953,-88.3757171630859,0,9.41781448019858,0.0973678612511923,0,-31.821820115327505,-86.33864338250456,-1.4160375595092773,-33.716460160862695,-91.12312987310666,-0.5505614876747131,-2.9549866995908545,2.190979864709738,5.9061349550988345,0.0912751778960228,0.0096912399734928,195.083998142043
0,192.35902964488,-32.5406303405762,-88.409553527832,0,9.41232625285291,0.074189736858057,0,-31.738598178980478,-86.37937340039831,-1.403994083404541,-33.629330365891896,-91.16537463073512,-0.5285620093345642,-2.9630757155915752,2.182862097811175,5.906949392965045,0.0711626783013344,0.0075603486176481,195.178152103135
0,192.453132284539,-32.4528656005859,-88.4435043334961,0,9.40680690835083,0.0539197757526056,0,-31.65503588526891,-86.42026999410315,-1.392027497291565,-33.54274545682805,-91.20735520120368,-0.506701648235321,-2.9709779063416812,2.174858488900276,5.907573095967975,0.0534235090017319,0.0056791461660148,195.272254742794
0,192.547165657346,-32.3652076721191,-88.4775390625,0,9.40130210940029,0.0362394872244941,0,-31.571206165090647,-86.46129747018409,-1.3806347846984863,-33.45665454874313,-91.24909625599761,-0.4819067418575287,-2.9787221356347975,2.1669491345548555,5.908032766988483,0.0378484837710857,0.0040258468603029,195.366288115601
0,192.641159194879,-32.2776489257812,-88.51171875,0,9.39582322212792,0.0208549413206273,0,-31.48712321790067,-86.50244887922277,-1.3692394495010376,-33.37098330062984,-91.29063383924897,-0.45516112446784973,-2.986260057074947,2.1591888079631123,5.908347479512897,0.024228397756815,0.0025786285567858,195.460281653133
0,192.735089685375,-32.1901817321777,-88.5459594726563,0,9.39037214464535,0.0074969885415429,0,-31.402841072127398,-86.54369777892578,-1.357820987701416,-33.285714931915166,-91.33197608699479,-0.42854368686676025,-2.993673590606874,2.151501151556536,5.908532492330281,0.012359756976366,0.0013162154648362,195.55421214363
0,192.828968371725,-32.1028060913086,-88.5802917480469,0,9.384949751481,-0.0040787799140031,0,-31.318389245923463,-86.5850297226828,-1.3439769744873047,-33.200790374513325,-91.37315163831275,-0.4020312428474426,-3.0009391617992422,2.1439170546418107,5.9086068789269595,0.002049044240266,0.0002183329800382,195.64809082998
0,192.922796153943,-32.0155181884766,-88.6147079467773,0,9.37955274461396,-0.0140926425863847,0,-31.233795048658553,-86.62643134489379,-1.3201489448547363,-33.116174904566805,-91.41417732901598,-0.375617653131485,-3.008068155605241,2.136430413780058,5.908583990743367,-0.0068844063207507,-0.0007339794057953,195.741918612197
0,193.016560454319,-31.9283256530762,-88.6491928100586,0,9.37418277221924,-0.0227416534322428,0,-31.14909748819926,-86.66788355454533,-1.2986096143722534,-33.03184550943238,-91.45506431675194,-0.3380786180496216,-3.0150739601950023,2.1290333249904805,5.908477179219928,-0.0146068520843983,-0.001558195466827,195.835682912574
0,193.110264012214,-31.8412075042725,-88.6837005615234,0,9.36888905401487,-0.0282915280592946,0,-31.064332194112453,-86.70936891401267,-1.262111783027649,-32.947749235455625,-91.49583827602494,-0.2952514588832855,-3.0220114374654052,2.121678746158022,5.908305517842975,-0.0198211502283812,-0.002115625421797,195.929386470469
0,193.203944519903,-31.7541656494141,-88.7183380126953,0,9.36356395869564,-0.0349918476542624,0,-30.979484942891652,-86.75089438448535,-1.2141882181167603,-32.86382748778181,-91.53652761646725,-0.25093626976013184,-3.028785571534891,2.114465565395202,5.90807854335567,-0.0257432796061039,-0.0027492843499302,196.023066978158
0,193.297548828562,-31.6672058105469,-88.7529754638672,0,9.35825058109973,-0.0407516463501999,0,-30.894600749198805,-86.79243793513754,-1.1971118450164795,-32.78013412180898,-91.57710622636547,-0.2024560570716858,-3.035510499026107,2.1072792843802395,5.907794348409381,-0.0308454297482967,-0.0032960366927869,196.116671286816
0,193.3911080609,-31.5803279876709,-88.7876968383789,0,9.35295290458695,-0.0456968135638023,0,-30.809674611853467,-86.83400201361918,-1.185766577720642,-32.69661093476376,-91.61760232525178,-0.15407347679138184,-3.0421131935882215,2.1001976321174456,5.907464377095906,-0.0352356769144535,-0.003767286836831,196.210230519154
0,193.484627286945,-31.4935207366943,-88.8224868774414,0,9.34775949599976,-0.0460114910912565,0,-30.724763926456045,-86.8755585296943,-1.1828515529632568,-32.61316488696525,-91.65806102328362,-0.12586791813373566,-3.048619976285134,2.0932073534528213,5.9071210543419985,-0.0360287986695766,-0.0038542243454239,196.303749745199
0,193.578098712636,-31.4067649841309,-88.8572769165039,0,9.34262757157924,-0.0422031952842492,0,-30.639900716733493,-86.91709181048829,-1.179937720298767,-32.529766087356,-91.69849681309786,-0.10706176608800888,-3.055104250045514,2.0862404104550842,5.906777731588092,-0.0335591658949852,-0.0035920112669708,196.397221170891
0,193.671494307211,-31.3200511932373,-88.8919677734375,0,9.33747398956518,-0.0350233674932144,0,-30.555163442326638,-86.95856345671947,-1.1763951778411865,-32.44636039886205,-91.73893594297807,-0.08825439214706421,-3.0616662432492956,2.079207907689144,5.906463019063678,-0.0283668972551823,-0.0030379412831473,196.490616765466
0,193.764847051897,-31.233362197876,-88.9266052246094,0,9.33226351992468,-0.0251189050589753,0,-30.470593269221784,-86.99995332115948,-1.1562658548355103,-32.362812160219946,-91.77944418809564,-0.08915404975414276,-3.0682808491114293,2.07214960743367,5.9062150637414135,-0.0209323726594448,-0.0022430031888363,196.583969510152
0,193.858139675372,-31.146692276001,-88.9611282348633,0,9.32695150742763,-0.0129974672968663,0,-30.385772147931792,-87.0400562060862,-1.1332165002822876,-32.27852851576078,-91.81864095025959,-0.13020019233226776,-3.073504871036498,2.0662810024414844,5.9060529391076235,-0.0116441175341606,-0.0012484364498687,196.677262133626
0,193.951387195589,-31.060022354126,-88.9955291748047,0,9.32150836040778,0.0009379076233868,0,-30.300940228848045,-87.07944975694123,-1.1093298196792603,-32.19096502064296,-91.85026108579956,-0.17519286274909973,-3.070590431594687,2.0609623986081163,5.905989996602742,-0.0008196631097234,-8.79324540495857e-05,196.770509653844
0,194.044575727318,-30.973352432251,-89.0297698974609,0,9.31589978227294,0.0163637503974838,0,-30.216376242130504,-87.11871888756143,-1.096505045890808,-32.10312634870052,-91.8819805906998,-0.20099852979183197,-3.0678159887639973,2.0555118376810957,5.9060414950158275,0.0112795047461987,0.0012107780900161,196.863698185573
0,194.13770271715,-30.886682510376,-89.0638427734375,0,9.31011258363289,0.0330166632345936,0,-30.132102333514137,-87.157853314092,-1.0855908393859863,-32.01498301032514,-91.9138101139803,-0.20476439595222473,-3.0651877365580886,2.0499236723471084,5.906218878438678,0.0244376417249441,0.0026248327115315,196.956825175405
0,194.230780186015,-30.7999820709229,-89.0977020263672,0,9.30412509448212,0.0506787732702793,0,-30.04812374522213,-87.19685060219234,-1.0737414360046387,-31.926497521752164,-91.94576319143836,-0.20854370296001434,-3.0627584725119186,2.044144583612705,5.9065316836144595,0.0384768173098564,0.0041353965203454,197.04990264427
0,194.323789844696,-30.7132682800293,-89.1313400268555,0,9.29792807272438,0.0691688492298074,0,-29.964465829227475,-87.23569897912117,-1.0605345964431763,-31.837671817810666,-91.97783912438604,-0.21312133967876434,-3.060529435901153,2.038175677458184,5.906985632589069,0.0532490611076355,0.0057268229349895,197.142912302951
0,194.416739004693,-30.626522064209,-89.1647262573242,0,9.29151220778386,0.0883354710911905,0,-29.881141232328652,-87.2743925720619,-1.046480655670166,-31.748467432378607,-92.01005180336061,-0.21263061463832855,-3.0585354129198197,2.0319827819575655,5.907592169454303,0.0686302036046982,0.0073859992541539,197.235861462947
0,194.509630102205,-30.5397415161133,-89.1978607177734,0,9.28486324682815,0.108051459460839,0,-29.798155926910113,-87.31292860760765,-1.0324853658676147,-31.658866693900254,-92.04240760975406,-0.20839843153953552,-3.056777418169922,2.025566154448613,5.908357016256061,0.0845154225826263,0.0091018788340092,197.32875256046
0,194.602454775062,-30.4529247283936,-89.230712890625,0,9.27797905976259,0.12820946404987,0,-29.715515192526194,-87.35130463408225,-1.0187231302261353,-31.56887869571138,-92.07490325986345,-0.20430907607078552,-3.055285929932095,2.018897773129989,5.909280172994342,0.100815825164318,0.0108651032943817,197.421577233317
0,194.695209386956,-30.3660678863525,-89.2632598876953,0,9.27085238237319,0.148718186373765,0,-29.63323381384813,-87.38951378590134,-1.0058190822601318,-31.47848598846649,-92.1075450548382,-0.1887170374393463,-3.054084502095513,2.0119568165871216,5.910369269063678,0.117455653846264,0.0126677180848252,197.514331845211
0,194.787895889564,-30.2791614532471,-89.2954788208008,0,9.26347836073858,0.169499764865788,0,-29.55131079217861,-87.4275565268318,-0.9931408762931824,-31.38768222334398,-92.14033528730722,-0.19059325754642487,-3.053199405993592,2.0047195018566195,5.9116262118127025,0.134370058774948,0.0145029291811797,197.607018347818
0,194.880511003929,-30.1922073364258,-89.3273620605469,0,9.25585161865354,0.190487376877822,0,-29.469749384954046,-87.46543134421198,-0.9806530475616455,-31.296465491157758,-92.17327464669849,-0.1992224007844925,-3.0526389436531844,1.99718088416554,5.913052908590045,0.151503339409828,0.0163649193604463,197.699633462184
0,194.973053316741,-30.1052055358887,-89.3589019775391,0,9.24797000837296,0.211623478872884,0,-29.388550875140652,-87.5031376422686,-0.9682226181030273,-31.20483186544036,-92.20636455090235,-0.20789428055286407,-3.052412352770787,1.9893353590669138,5.914651266744342,0.168807312846184,0.0182486678377292,197.792175774995
0,195.065523777943,-30.0181427001953,-89.3900604248047,0,9.2398307431885,0.232858196906368,0,-29.307711353470072,-87.5406772363556,-0.955706775188446,-31.112781099611272,-92.2396050889617,0.16898559033870697,-3.0525625331025674,1.9811438302475575,5.916421286275592,0.186240255832672,0.0201498433047272,197.884646236198
0,195.157914954758,-29.9310283660889,-89.4208374023438,0,9.23143035003249,0.254148144093323,0,-29.22724367099041,-87.57804415880868,-0.942248523235321,-31.0203031943611,-92.27299987173652,0.18706664443016052,-3.0530886661411842,1.9726124392474016,5.918368689229694,0.203765824437141,0.0220646897890685,197.977037413013
0,195.250227346332,-29.8438529968262,-89.4512023925781,0,9.22276749176537,0.275455412837103,0,-29.14714021779066,-87.6152419434559,-0.9292736649513245,-30.92740310969353,-92.30654710811523,0.2124340832233429,-3.0540259153518337,1.9637106373425808,5.920491568258014,0.221352025866508,0.0239899103599607,198.069349804586
0,195.342454203774,-29.7566204071045,-89.4811401367187,0,9.21384007168246,0.296746735570617,0,-29.066370085828044,-87.64952965995185,-0.9174694418907166,-30.834086354904674,-92.34024480863076,0.2381310909986496,-3.0553907104686826,1.9573559831119896,5.922789923360553,0.238970905542374,0.0259226404736562,198.161576662029
0,195.434602248871,-29.6693229675293,-89.5106430053711,0,9.20464520390246,0.317992809543126,0,-28.98302879955787,-87.67577712497312,-0.9070934653282166,-30.740339811527477,-92.37409771050501,0.26442503929138184,-3.0571964164052967,1.9590131403439373,5.925265661885944,0.25659766793251,0.0278603547667685,198.253724707126
0,195.526663267981,-29.5819664001465,-89.5396957397461,0,9.19518300842281,0.339167644516813,0,-28.900120544556493,-87.70188821133277,-0.89735347032547,-30.64617505176788,-92.4081016348879,0.29129883646965027,-3.059459500217328,1.9602168967433038,5.927916876485553,0.274210274219513,0.029800812932293,198.345785726236
0,195.618634675759,-29.4945507049561,-89.5682830810547,0,9.18635692169858,0.356004498607935,0,-28.817615344472202,-87.7278723597687,-0.8902624249458313,-30.551641966907116,-92.44223856549222,0.31715819239616394,-3.062198893380649,1.960957191092641,5.930726401021686,0.288562715053558,0.0313885333902362,198.437757134014
0,195.710532032493,-29.4070816040039,-89.5964660644531,0,9.17831084917489,0.368615385221737,0,-28.735441379162566,-87.7537521892824,-0.8832030892372131,-30.4568034912247,-92.47648577606151,0.34178343415260315,-3.0653596167111297,1.9612993186588175,5.93366562526485,0.299659997224808,0.0326224101074397,198.529654490747
0,195.80235576261,-29.3195629119873,-89.6242523193359,0,9.17102833196261,0.37713965233397,0,-28.653535629927394,-87.7795475469533,-0.8757799863815308,-30.36174956451255,-92.51081078835345,0.36629149317741394,-3.0689367562331378,1.9612567495611695,5.9367021242882885,0.307544589042664,0.0335060435456964,198.621478220865
0,195.894114405713,-29.2320041656494,-89.6516952514648,0,9.16444197403206,0.381760822483831,0,-28.571825416430563,-87.80528132269184,-0.8678832650184631,-30.26656095730818,-92.54518443524378,0.39128538966178894,-3.072879335706703,1.96088765034791,5.939803473165242,0.312305748462677,0.0340484594530975,198.713236863968
0,195.985808263177,-29.1444110870361,-89.6788101196289,0,9.15846752496657,0.382703812750467,0,-28.490236642022076,-87.83097685246173,-0.8604089021682739,-30.171344521052408,-92.57956813150886,0.413154274225235,-3.077172293094147,1.9602122302850589,5.942931524923053,0.314075827598572,0.0342635899052512,198.804930721431
0,196.077445988022,-29.0567874908447,-89.7056350708008,0,9.15301272989273,0.380225212734343,0,-28.408707924260096,-87.85665346801996,-0.8534314036369324,-30.076165846572508,-92.61393819158378,0.4350060820579529,-3.0817785894645966,1.9592702958107873,5.946059576680867,0.313021749258041,0.0341692974697756,198.896568446277
0,196.169034835709,-28.9691429138184,-89.7322235107422,0,9.14799117260626,0.374602022452564,0,-28.327200200087365,-87.88232347186717,-0.846453845500946,-29.98105856491535,-92.64828247092977,0.4568530023097992,-3.0866443177381457,1.958116595492265,5.949172369649615,0.309335559606552,0.0337862737376754,198.988157293964
0,196.260569546727,-28.8814811706543,-89.7585678100586,0,9.14331038067081,0.366120549741051,0,-28.245660406534835,-87.90800357562959,-0.8394738435745239,-29.884978106979307,-92.67925811229163,0.47746214270591736,-3.088274266118831,1.9567462865259908,5.952239386251178,0.303225517272949,0.0331370916044051,199.079692004981
0,196.352053908912,-28.7938194274902,-89.7847366333008,0,9.13889320845242,0.355067023433152,0,-28.16402424148357,-87.93371403058596,-0.8325610160827637,-29.7880764989547,-92.70694428601296,0.49770262837409973,-3.0867207016065907,1.9552305879558876,5.955230108907428,0.294907420873642,0.0322451618885566,199.171176367167
0,196.443492570311,-28.7061576843262,-89.8107452392578,0,9.13466658226486,0.341719676603103,0,-28.082257648718972,-87.95946556238427,-0.8266161680221558,-29.691504895885075,-92.73453617260428,0.5180187821388245,-3.085362628484039,1.953583296518392,5.958129278829303,0.284598231315613,0.0311340647538907,199.262615028565
0,196.534887438975,-28.6185054779053,-89.8366317749023,0,9.13055654326048,0.326400253725742,0,-28.00032150622061,-87.985270492095,-0.8209704160690308,-29.595315080692355,-92.76201897694506,0.5382580161094666,-3.0841607094917336,1.951842724792589,5.960917822530475,0.272554069757462,0.0298317066359171,199.354009897229
0,196.626226818274,-28.5308818817139,-89.862419128418,0,9.12649861170331,0.309481177579593,0,-27.91819050673707,-88.01113678997187,-0.8154540657997131,-29.499572584740697,-92.7893739757884,0.5584033131599426,-3.083087147110119,1.9500351324049405,5.963576666524617,0.259075224399567,0.0283708362261846,199.445349276529
0,196.717520895088,-28.4432830810547,-89.8881301879883,0,9.12244187943607,0.291263306413361,0,-27.835840325912514,-88.03707211671595,-0.8099291920661926,-29.40428836110851,-92.8165980396833,0.5770288109779358,-3.08211860685186,1.9481793254208497,5.966098181417194,0.244413390755653,0.0267788943239648,199.536643353342
0,196.808762395336,-28.3557167053223,-89.9137649536133,0,9.11834374552396,0.271986905911905,0,-27.753249900472603,-88.06308310598482,-0.8043920993804932,-29.309513537888254,-92.84367656060337,0.5754833817481995,-3.0812514377421403,1.9462758160361973,5.968467108419147,0.228777095675468,0.0250786100669393,199.62788485359
0,196.899965455309,-28.2681903839111,-89.9393997192383,0,9.11417021674085,0.251845144006548,0,-27.67039010818954,-88.08917892951901,-0.7972546219825745,-29.2152541194259,-92.87060782302119,0.5737011432647705,-3.0804075488171607,1.9443976291803684,5.970675818135944,0.212340325117111,0.0232889337253471,199.719087913563
0,196.991122754861,-28.1807117462158,-89.9650344848633,0,9.10989345333754,0.23099437039053,0,-27.5872512027552,-88.1153626568162,-0.78968745470047,-29.12154485180196,-92.89738189948517,0.5719262361526489,-3.079582486735253,1.942545054333521,5.97271477382442,0.195248648524284,0.02142570737637,199.810245213116
0,197.082221483954,-28.0932941436768,-89.9906692504883,0,9.10549227773695,0.209561901879591,0,-27.50383928386441,-88.14163236684139,-0.7820764183998108,-29.028408789099373,-92.92399220311448,0.5701623558998108,-3.078769712805325,1.9407200799814222,5.974580160787311,0.177624359726906,0.019502222449614,199.901343942208
0,197.173263476002,-28.0059356689453,-90.0163040161133,0,9.10094895049013,0.187652025594319,0,-27.420150126625472,-88.16798939017995,-0.7744457721710205,-28.935849383328172,-92.95043774762054,0.5684106349945068,-3.0779669053721133,1.9389202299295447,5.976270071675983,0.159570500254631,0.0175296655261122,199.992385934256
0,197.264276545653,-27.9186477661133,-90.0420761108398,0,9.09624792163226,0.165350803135648,0,-27.335505807138855,-88.19243009839658,-0.760632336139679,-28.843859562190474,-92.97672055365989,0.5666711330413818,-3.077036703286974,1.939392924516237,5.977776877095906,0.141174018383026,0.0155174639974934,200.083399003908
0,197.355220772111,-27.8314361572266,-90.0678634643555,0,9.09137655295362,0.14272960027165,0,-27.2480054488121,-88.20874833697121,-0.7431347370147705,-28.752491097068987,-93.00282582940888,0.56494140625,-3.0760926979673076,1.948512368036224,5.979096762349811,0.122508302330971,0.0134735600194626,200.174343230365
0,197.44612942484,-27.7443046569824,-90.0937957763672,0,9.0863653277298,0.121616826240885,0,-27.160214332897,-88.22512079991458,-0.7559264898300171,-28.661687262230835,-93.02876978221978,0.5632226467132568,-3.075006221041309,1.9578323917818923,5.980237356832233,0.10497772693634,0.011552289749237,200.265251883095
0,197.536965657755,-27.6572532653809,-90.119743347168,0,9.08129575830264,0.103315028330695,0,-27.07219235639724,-88.24153631683131,-0.7630138993263245,-28.571445600040338,-93.0545531142742,0.5615148544311523,-3.0738991515422294,1.9672208610186406,5.9812120119836,0.0896106883883476,0.0098669718758548,200.35608811601
0,197.627777633234,-27.5702705383301,-90.1458358764648,0,9.07623466458861,0.0910780659267271,0,-26.983949633613555,-88.25799300147118,-0.7633984088897705,-28.48162230729644,-93.08021691220104,0.559814453125,-3.0726461087613965,1.9767961260513984,5.98205315273067,0.0789228528738022,0.0086951122845977,200.446900091489
0,197.718532975724,-27.4833469390869,-90.1719284057617,0,9.07117555791486,0.0844325142421742,0,-26.89561751655384,-88.27446635755275,-0.7665209770202637,-28.39209763096037,-93.1057953911542,0.5581201314926147,-3.071384591345828,1.986400789997917,5.982812277486531,0.0726337656378746,0.0080067483065746,200.537655433979
0,197.809219291706,-27.396463394165,-90.1979141235352,0,9.06605732732663,0.0828426536561797,0,-26.807297321795517,-88.29093749020392,-0.7696667313575745,-28.30274892753614,-93.13132359213255,0.5564281940460205,-3.070218978909221,1.99591496334458,5.983535162618367,0.0703842043876648,0.0077631613825277,200.628341749961
0,197.89987056996,-27.3096027374268,-90.2238540649414,0,9.06082599692395,0.0854327338170404,0,-26.71901436844528,-88.30740167757857,-0.7729089260101318,-28.2134527341254,-93.1568367902499,0.5547387599945068,-3.069093104402355,2.005388833768897,5.984252325704303,0.0715336948633194,0.0078944806295123,200.718993028215
0,197.990443906795,-27.2227802276611,-90.2496490478516,0,9.05544622164881,0.0913774451365213,0,-26.630857302151558,-88.32384238784913,-0.7761486768722534,-28.1241834693352,-93.18234229447567,0.5530493259429932,-3.0680967199381115,2.0147218273135574,5.984986654927936,0.0754592940211296,0.0083326045577274,200.80956636505
0,198.080978228469,-27.1359577178955,-90.2753067016602,0,9.04988312087569,0.100038236423634,0,-26.542852921699136,-88.34025462321932,-0.7771825790405273,-28.03480803818889,-93.20787813194605,0.5513586401939392,-3.0672311768140834,2.0239070743365377,5.985770575216022,0.0816662460565567,0.0090234598506649,200.900100686724
0,198.171458680295,-27.0491352081299,-90.3007736206055,0,9.04412259126563,0.110913551027362,0,-26.455063704982695,-88.35662673197467,-0.7777868509292603,-27.94527378112956,-93.23345934824872,0.549664318561554,-3.066546904767657,2.0328866361468614,5.986626974752156,0.0897570550441742,0.0099236056729518,200.990581138549
0,198.261881368535,-26.9623126983643,-90.3260345458984,0,9.038144869201,0.123603877726979,0,-26.367530124661652,-88.37295116623169,-0.7778356671333313,-27.85553405473108,-93.25909927007686,0.5479650497436523,-3.0660582296639123,2.041641740832773,5.987573019674031,0.0994091928005219,0.0109978208375378,201.08100382679
0,198.352240382483,-26.8754901885986,-90.3510665893555,0,9.03193855360519,0.137787177544196,0,-26.280287523706335,-88.38922133475995,-0.7778844833374023,-27.76555548037043,-93.2848074341799,0.5462633967399597,-3.065787267278643,2.0501470716204517,5.9886220614220775,0.110358819365501,0.0122173084936764,201.171362840738
0,198.442529972989,-26.788667678833,-90.375846862793,0,9.0254942889487,0.15320113091446,0,-26.193363681660703,-88.4054320568581,-0.7787878513336182,-27.67531573165728,-93.31059021952652,0.5445544123649597,-3.065756568853538,2.058378331720571,5.9897836367394595,0.12238847464323,0.0135583540251847,201.261652431243
0,198.532777375476,-26.7018089294434,-90.4003448486328,0,9.01880113467715,0.169629850970706,0,-26.106754260072286,-88.42158414161885,-0.7800427079200745,-27.581169105698706,-93.32451880045781,0.543133556842804,-3.0535336284566554,2.0662971700998627,5.991067282369342,0.13531781733036,0.0150013163325623,201.351899833731
0,198.622946300049,-26.6149482727051,-90.4245452880859,0,9.01185331647358,0.186894391520883,0,-26.020525150815274,-88.43766530064313,-0.7812914848327637,-27.484650678612642,-93.33155586976511,0.5418774485588074,-3.034319165288369,2.0738927002952194,5.992486349752156,0.148996338248253,0.0165298193462619,201.442068758304
0,198.713055682955,-26.5280628204346,-90.4484329223633,0,9.00464643613555,0.204845121467747,0,-25.931848319432227,-88.4441966602798,-0.7848010063171387,-27.3878260407651,-93.33861526461601,0.5406164526939392,-3.015351847878197,2.0910367585138068,5.994044653585163,0.163297712802887,0.0181301371835605,201.53217814121
0,198.803085552954,-26.4411640167236,-90.4719696044922,0,8.9971774573672,0.223356213033102,0,-25.84205000061394,-88.44534791720585,-0.7905102372169495,-27.29070101159023,-93.34569656072092,0.5393518209457397,-2.9966681038451055,2.1133227552076423,5.995749823262897,0.178115367889404,0.0197907075783943,201.622208011209
0,198.893055763684,-26.3542346954346,-90.4951629638672,0,8.98944563457657,0.242321111602452,0,-25.75273474786171,-88.44649298099642,-0.7976464629173279,-27.193251928082844,-93.3528014833277,0.5380846858024597,-2.978262551318316,2.135146572403389,5.9976056734826235,0.193358957767487,0.0215017425026308,201.712178221939
0,198.982941305629,-26.2672920227051,-90.5179748535156,0,8.98144198685564,0.261648955111554,0,-25.66394683462469,-88.44763128404496,-0.8053845167160034,-27.095501886629123,-93.35992834850018,0.5368127226829529,-2.9601741918941387,2.156466533853054,5.999616018941608,0.208951473236084,0.0232549364659531,201.802063763884
0,199.072762190451,-26.1803169250488,-90.5404052734375,0,8.97317119359436,0.281262165713407,0,-25.57567865045046,-88.44876292392105,-0.813079833984375,-26.997433099154822,-93.36707845315038,0.5355383157730103,-2.9424071959696216,2.177281599012848,6.001782766988483,0.224826961755753,0.0250431639435532,201.891884648706
0,199.162501418483,-26.0933208465576,-90.5624237060547,0,8.96462676308041,0.301093859272929,0,-25.487965705727547,-88.44988744536472,-0.8224768042564392,-26.89906035924585,-93.37425071869168,0.5342565774917603,-2.9249935574804464,2.1975587134953574,6.004109732320514,0.24092872440815,0.026860342584834,201.981623876737
0,199.25215343506,-26.0063076019287,-90.5840148925781,0,8.95581007224282,0.321086317917833,0,-25.40082230365758,-88.45100466500216,-0.8327124118804932,-26.800397686476035,-93.38144412296987,0.5329736471176147,-2.907952778403853,2.2172832650263743,6.0065969149377025,0.257207781076431,0.0287012154618112,202.071275893315
0,199.341735074594,-25.9192600250244,-90.6051712036133,0,8.94672079849232,0.341189403825435,0,-25.31424782775698,-88.45211459073698,-0.843524158000946,-26.70142467218162,-93.38866015396177,0.5316857695579529,-2.8912959502573594,2.236446408276481,6.009248129537311,0.273621439933777,0.0305612184356937,202.160857532848
0,199.431220935659,-25.8321990966797,-90.625862121582,0,8.93735594052788,0.361359278127578,0,-25.228281191121695,-88.45321672368489,-0.8542650938034058,-26.602169888846955,-93.39589672847394,0.5303942561149597,-2.8750559549632513,2.2550177076149707,6.012065283467975,0.29013255238533,0.0324364043121586,202.250343393914
0,199.520628203745,-25.7451095581055,-90.6460876464844,0,8.92771646477765,0.381557669261241,0,-25.142907057247378,-88.45431126046712,-0.8643761873245239,-26.50262860924171,-93.40315419116442,0.5290991067886353,-2.859239592029339,2.2730005671672746,6.015046469381061,0.306708663702011,0.0343233270828453,202.339750662
0,199.609943022184,-25.6580028533936,-90.6658248901367,0,8.91780060716918,0.401750935178893,0,-25.058151190400768,-88.45539787077358,-0.8741491436958313,-26.402816752967365,-93.41043138134972,0.5278002619743347,-2.843872805982525,2.2903732502642034,6.0181935946252025,0.323321014642715,0.0362189547037992,202.429065480439
0,199.699166760722,-25.5708751678467,-90.6850509643555,0,8.90760863317042,0.421909245222101,0,-24.974018823764847,-88.45647648751239,-0.8838537335395813,-26.30274011923907,-93.41772787621449,0.5264953374862671,-2.828983812552438,2.307115448846738,6.021506659200397,0.339944183826447,0.0381206129309482,202.518289218976
0,199.788291073732,-25.4837379455566,-90.7037658691406,0,8.89714185934205,0.44200621184287,0,-24.890523430947457,-88.45754693794554,-0.8934801816940308,-26.202412721491967,-93.42504265405206,0.5251879692077637,-2.814576482113044,2.3232311437310837,6.024985663106647,0.356555461883545,0.0400259184537571,202.607413531986
0,199.877335897449,-25.3965721130371,-90.7219619750977,0,8.88639787998384,0.462018113202194,0,-24.80764943324095,-88.45860942179941,-0.9026110768318176,-26.101820061776955,-93.43237677189455,0.5238781571388245,-2.8006647496437536,2.338716464922622,6.0286306063439525,0.373134762048721,0.0419327911970539,202.696458355704
0,199.96626858171,-25.3094062805176,-90.7396011352539,0,8.8753753123207,0.481923833958453,0,-24.72543583692079,-88.45966343899511,-0.9113903641700745,-26.0010014560002,-93.43972736325556,0.522564709186554,-2.7872899981690513,2.3535372055305457,6.032441488912311,0.389663875102997,0.0438393521501382,202.785391039964
0,200.055092477178,-25.222240447998,-90.7566833496094,0,8.86407665797157,0.501704401693541,0,-24.642943528850214,-88.457000713372,-0.9210827350616455,-25.899962917393225,-93.44709398971592,0.5212487578392029,-2.7744579935406373,2.3715238029473675,6.036416403463092,0.406126230955124,0.045743881353245,202.874214935432
0,200.14380810591,-25.1350746154785,-90.773193359375,0,8.85249970534247,0.521342585965168,0,-24.56074488597346,-88.45270609879073,-0.9311267137527466,-25.79870281216554,-93.45447677039382,0.5199291706085205,-2.7621881025091026,2.3905053366866253,6.040557257344928,0.422506898641586,0.0476448603510506,202.962930564164
0,200.23243317425,-25.0478916168213,-90.7891159057617,0,8.84064611836724,0.540822669180976,0,-24.4792494011026,-88.44844822195253,-0.9406872391700745,-25.69721250211107,-93.46187633509287,0.5186083912849426,-2.75050284942081,2.4087505424028595,6.044862143209186,0.438792258501053,0.0495408930349756,203.051555632504
0,200.320937677693,-24.9607257843018,-90.8044509887695,0,8.82851378085222,0.560130365254027,0,-24.398481494266168,-88.44422835872537,-0.9496068954467773,-25.5955346614321,-93.4692895724764,0.5172827243804932,-2.7394063202994197,2.426266577491048,6.0493272463586,0.454969614744186,0.0514307024507704,203.140060135947
0,200.409338469968,-24.8735599517822,-90.8191757202149,0,8.81610157839972,0.57925245874445,0,-24.318427612537857,-88.4400458010124,-0.9585436582565308,-25.493655296100606,-93.47671750283608,0.5159545540809631,-2.728927731256862,2.4430372667070355,6.05395256679317,0.471027493476868,0.0533131401937656,203.228460928223
0,200.497634775306,-24.7863941192627,-90.8332595825195,0,8.80341508260392,0.598177364982633,0,-24.239092235727018,-88.4359007828693,-0.9675647020339966,-25.39157792422111,-93.48415986967017,0.5146252512931824,-2.7191027509455035,2.4590381383748365,6.058738104512897,0.486954927444458,0.055187068993935,203.31675723356
0,200.585818373822,-24.6992435455322,-90.8467178344727,0,8.79045229590054,0.61689370716502,0,-24.160488538566725,-88.43179399263343,-0.9762780666351318,-25.28930456043428,-93.49161652609305,0.513293445110321,-2.7099190191299702,2.474290629536899,6.063685766866413,0.502741813659668,0.057051488578025,203.404940832076
0,200.673882687657,-24.6121158599853,-90.8595275878906,0,8.77721030884848,0.63539067978683,0,-24.08260063457542,-88.42772460028729,-0.9839611649513245,-25.186868773047685,-93.49908502467048,0.5119580030441284,-2.701407850202127,2.4887852748795414,6.068786017110553,0.518378615379334,0.058905465808435,203.493005145912
0,200.76182562105,-24.525016784668,-90.8716812133789,0,8.76368906716435,0.653658712903346,0,-24.005450271632697,-88.42369374208758,-0.9915710091590881,-25.083046154393625,-93.50089012393873,0.5107665657997131,-2.687775338982698,2.5025171370176413,6.07404648463985,0.533856391906738,0.0607481128430849,203.580948079304
0,200.849647033058,-24.4379482269287,-90.8831558227539,0,8.7498904560102,0.671688774116221,0,-23.92901842073259,-88.41970042382997,-0.9991112947463989,-24.977716553215785,-93.49588390700306,0.509747326374054,-2.667901401530241,2.5154765055794743,6.079459540059772,0.549166619777679,0.0625785705677261,203.668769491313
0,200.937343498363,-24.3509197235107,-90.8939590454102,0,8.7358154199765,0.689472424497123,0,-23.85330600794504,-88.41574469389866,-1.0066882371902466,-24.87236852359053,-93.4908768141806,0.50872802734375,-2.6487526779335417,2.5276799207883935,6.085025183370319,0.564301013946533,0.0643960071618775,203.756465956617
0,201.024914584218,-24.2639331817627,-90.9040603637695,0,8.72146682300881,0.707001842303356,0,-23.778308359573344,-88.411826308108,-1.0140637159347534,-24.767012142016796,-93.48586932439787,0.507708728313446,-2.6303661245977263,2.5391065468241782,6.090741507222858,0.579252004623413,0.066199651884662,203.844037042473
0,201.112351414938,-24.1770038604736,-90.9134674072266,0,8.70683995821396,0.72426879205557,0,-23.704020634459596,-88.4079450135231,-1.0206750631332397,-24.66166716185826,-93.4808623765137,0.5066894292831421,-2.6127409829582713,2.5497755974674194,6.0966046969201235,0.594011962413788,0.0679887788501128,203.931473873193
0,201.199657821225,-24.0901317596436,-90.9221649169922,0,8.69194055547392,0.741266668619617,0,-23.629562194038424,-88.39933942999623,-1.0285449028015137,-24.556336196889074,-93.4758560947583,0.5056689381599426,-2.595897765457601,2.5645219364626604,6.102612845113483,0.60857367515564,0.0697626246768972,204.01878027948
0,201.286826627405,-24.0033283233643,-90.9301376342773,0,8.67676393528318,0.757987935877854,0,-23.55586639165103,-88.39074018384648,-1.0363562107086182,-24.451022061558184,-93.47085061289978,0.5046496391296387,-2.5798550585175763,2.5785192633732934,6.108767859151569,0.622930467128754,0.0715205632451565,204.105949085659
0,201.373859904498,-23.916597366333,-90.937385559082,0,8.66131491275949,0.774426386634559,0,-23.48292761654141,-88.38222927195314,-1.043890357017517,-24.345736288304217,-93.46584647906413,0.5036303400993347,-2.564619823332001,2.5916969544177952,6.115064016988483,0.637075185775757,0.0732618318941362,204.192982362752
0,201.460749088732,-23.8299522399902,-90.9438934326172,0,8.64559543049202,0.790576172980301,0,-23.410746076159587,-88.37380671852263,-1.0508874654769897,-24.240491428260093,-93.46084428979488,0.5026134848594666,-2.5502125485050735,2.604050599692527,6.121499411275592,0.651001453399658,0.074985771779229,204.279871546987
0,201.547496025886,-23.7433967590332,-90.9496536254883,0,8.62960367075734,0.806430978144384,0,-23.33932030502784,-88.36547235255469,-1.058313012123108,-24.135278074698935,-93.45584359799915,0.5015942454338074,-2.536643282742345,2.615582273999863,6.128075949361531,0.664702951908112,0.0766917572968084,204.366618484141
0,201.634096627205,-23.6569404602051,-90.9546508789063,0,8.61334160463958,0.821985220642264,0,-23.268634528965293,-88.35722433342801,-1.0656579732894897,-24.03011253463293,-93.4508451787339,0.5005761384963989,-2.5239341076233623,2.6262913310201035,6.134787909200397,0.678173422813416,0.0783791307777101,204.45321908546
0,201.720549871057,-23.5705909729004,-90.9588851928711,0,8.59680926350468,0.837233792054603,0,-23.198678072427207,-88.34906141545919,-1.0729284286499023,-23.92499572582293,-93.44584907561944,0.49955931305885315,-2.5120891869097295,2.6361903107861777,6.141633383443561,0.691406846046448,0.0800472719833023,204.539672329312
0,201.806850947294,-23.4843597412109,-90.9623565673828,0,8.58001054203575,0.852171449497818,0,-23.129433278125372,-88.34098153829521,-1.083474040031433,-23.819941260363617,-93.44085593562583,0.498542457818985,-2.5011145664239316,2.6452939037699297,6.1486066500451235,0.704397439956665,0.0816955458425833,204.625973405549
0,201.893000786625,-23.3982524871826,-90.9650650024414,0,8.56294828565341,0.86679403740251,0,-23.06091239272559,-88.33298613094686,-1.0958166122436523,-23.71492222609142,-93.43586447964326,0.4975256323814392,-2.491009791245615,2.653608397088057,6.155715338399617,0.71713924407959,0.0833232961620036,204.71212324488
0,201.978989960508,-23.3122844696045,-90.9669723510742,0,8.54562063664314,0.881096612921977,0,-22.993079466487043,-88.3250709985935,-1.108038306236267,-23.609983183727152,-93.43087682560086,0.496551513671875,-2.481823882547423,2.6611152906731745,6.162944189717975,0.729627072811127,0.084929994895782,204.798112418763
0,202.064824261597,-23.2264575958252,-90.9681015014649,0,8.52803232161935,0.895075554823264,0,-22.925933336855827,-88.31723600558173,-1.1169543266296387,-23.505093203778788,-93.42589150344898,0.495635986328125,-2.473533807303342,2.6678460801727297,6.1702989260461,0.741855561733246,0.0865150208938332,204.883946719851
0,202.15049539048,-23.1407871246338,-90.9684371948242,0,8.51018426179878,0.908726998476824,0,-22.859459681624966,-88.30947948071484,-1.1253552436828613,-23.400267629549464,-93.42090924244039,0.4947265386581421,-2.4661608375712243,2.6737990305203523,6.177773825338092,0.753819406032562,0.088077788474985,204.969617848735
0,202.236001188876,-23.0552825927734,-90.9679718017578,0,8.49207640502249,0.922047237001049,0,-22.793652318422303,-88.30180070259841,-1.1363073587417603,-23.29549969746019,-93.41592972110853,0.4938134551048279,-2.4597158844663443,2.6789771799046354,6.185368887593952,0.765513718128204,0.0896177629435648,205.055123647131
0,202.321341550018,-22.9699516296387,-90.9667053222656,0,8.47371430327834,0.93503394936629,0,-22.728486263232167,-88.29419675595511,-1.1480358839035034,-23.19079327568849,-93.41095312330424,0.49290403723716736,-2.454204218379599,2.6833947827661806,6.19307839076778,0.77693372964859,0.0911343554122577,205.140464008273
0,202.406510692798,-22.8848075866699,-90.9646377563477,0,8.45510067675815,0.947684342033555,0,-22.6636005416805,-88.2824005006111,-1.1606969833374023,-23.086147708090397,-93.40597941784164,0.49199339747428894,-2.4496299623901554,2.691343391842506,6.200900427510944,0.788075029850006,0.0926270384848361,205.225633151053
0,202.491506959622,-22.7998600006104,-90.9617614746094,0,8.43623528836731,0.959996258649446,0,-22.599144556068584,-88.26721585773103,-1.1740856170654297,-22.981558363711926,-93.40100838461579,0.4910839796066284,-2.446004861632432,2.702010875462211,6.208833090474811,0.798933386802673,0.0940953282241155,205.310629417877
0,202.576330872787,-22.7151165008545,-90.9580688476563,0,8.4171207461747,0.971967737178025,0,-22.53542493669291,-88.25220468917178,-1.1872789859771729,-22.877017751009753,-93.39603966756073,0.4901757836341858,-2.443340691247799,2.7118240913455347,6.2168744723107485,0.809504985809326,0.0955387505246413,205.395453331042
0,202.660977113042,-22.6305904388428,-90.9535598754883,0,8.39776046000446,0.983598065677123,0,-22.47242041206209,-88.2373619837618,-1.1993005275726318,-22.772532086862398,-93.39107356215881,0.489265114068985,-2.441642972293164,2.720799284105916,6.225018850972858,0.819786131381989,0.096956825235157,205.480099571297
0,202.745440430679,-22.5462951660156,-90.9482345581055,0,8.37815781869874,0.994886541581841,0,-22.410114632203708,-88.22268388974878,-1.2108581066131592,-22.668102181919412,-93.38611010693948,0.48835813999176025,-2.4409166599304455,2.728950637803667,6.2332624117638735,0.829773604869843,0.0983491186927608,205.564562888934
0,202.829725719167,-22.4622344970703,-90.9420852661133,0,8.35862463538267,1.00562401624494,0,-22.348502742348533,-88.20816926343852,-1.2222888469696045,-22.563672217576755,-93.38047380628745,0.4874670207500458,-2.4404975484507694,2.736280618232222,6.241608969381061,0.839305520057678,0.0996930087336032,205.648848177422
0,202.913828659433,-22.3784198760986,-90.9351272583008,0,8.33924395460065,1.0159770153542,0,-22.287538890246317,-88.19380730288547,-1.2335973978042603,-22.458726245409505,-93.35747612120542,0.4870263636112213,-2.4236796666571347,2.7428259973151303,6.250045172383991,0.848502814769745,0.101001362301931,205.732951117687
0,202.997751186482,-22.2948589324951,-90.9273452758789,0,8.32004334527208,1.02596944848427,0,-22.227216638768905,-88.17959649162086,-1.244787573814392,-22.354117994035956,-93.33455244369412,0.48658934235572815,-2.4079364578733498,2.7485812451685203,6.258572928121295,0.857382535934448,0.10227557649485,205.816873644737
0,203.081497208933,-22.211555480957,-90.9187469482422,0,8.30089258113347,1.03574094353915,0,-22.16750883495152,-88.16553043290632,-1.2557079792022705,-22.249838555165066,-93.31170082160553,0.4861535429954529,-2.393260084866532,2.7535688274206205,6.2671884218957095,0.866051197052002,0.103529499883203,205.900619667187
0,203.16506375014,-22.1285209655762,-90.9093322753906,0,8.281864854315,1.0451449689158,0,-22.108396178261174,-88.15160457989185,-1.265661597251892,-22.14588624597257,-93.28892088616837,0.4857165515422821,-2.379651972349431,2.7578011258220356,6.275887839009967,0.874399244785309,0.104749190338627,205.984186208395
0,203.248456433089,-22.0457592010498,-90.8990936279297,0,8.26300009071588,1.0542119337838,0,-22.049856846512757,-88.1378137916726,-1.275454044342041,-22.042246481605176,-93.26620944128223,0.48528197407722473,-2.3671184197292474,2.761282876638754,0.0014839649358499,0.882448136806488,0.10593643079861,206.067578891344
0,203.331672467301,-21.9632797241211,-90.8880462646484,0,8.24447731022593,1.06279448676186,0,-21.99187460766413,-88.12415424427843,-1.2849242687225342,-21.938909825871068,-93.24356441911581,0.48484739661216736,-2.3556442150643866,2.7640399359686554,0.0103455066838968,0.890084326267242,0.107075270794052,206.150794925555
0,203.414716828685,-21.8810882568359,-90.8761749267578,0,8.22604282107654,1.07127559444233,0,-21.934424011550373,-88.11061994211933,-1.2943066358566284,-21.835866899924994,-93.22098376440461,-0.8559118509292603,-2.345244860612095,2.766069246383693,0.0192833423772562,0.897596895694733,0.108202796457951,206.23383928694
0,203.497591531691,-21.7991905212402,-90.8634872436523,0,8.20775740419579,1.07942984058663,0,-21.877479657955806,-88.09720490137236,-1.303011417388916,-21.733107817273115,-93.19846531063888,-0.8498815894126892,-2.335912990047357,2.7673899591740674,0.0282936573186624,0.904818177223206,0.109298244492352,206.316713989946
0,203.580296556432,-21.7175941467285,-90.8499908447266,0,8.18964352803208,1.08727840560621,0,-21.821023512160696,-88.08390487338978,-1.308538794517517,-21.630619879678612,-93.17600627514821,-0.8431677222251892,-2.3276409314342867,2.7680190090496257,0.0373745441594827,0.911762952804565,0.11036283937298,206.399419014687
0,203.662830629934,-21.6363105773926,-90.8356781005859,0,8.17153298859003,1.09502946303616,0,-21.765040812551558,-88.07071638060735,-1.314324975013733,-21.528393274487257,-93.15360450760396,-0.8364196419715881,-2.320437237379635,2.767956789111923,0.0465240955510843,0.918588757514954,0.111417337521465,206.481953088189
0,203.745197051425,-21.5553455352783,-90.8205490112305,0,8.15353769700631,1.10246243225241,0,-21.709505979005183,-88.05763339681927,-1.320062279701233,-21.426416571759475,-93.13125750326823,-0.8300487995147705,-2.3143025758982625,2.7672130627704545,0.0557384967962015,0.925131142139435,0.112440580329842,206.56431950968
0,203.827397727242,-21.4747047424316,-90.8046112060547,0,8.13569853049003,1.10961040536531,0,-21.654419950643096,-88.04465614326526,-1.3257519006729126,-21.324656588482913,-93.10895799047113,-0.82373046875,-2.309226829775222,2.7657999755368405,0.0650234699407328,0.931412756443024,0.113434496509067,206.646520185497
0,203.909426948619,-21.394401550293,-90.7878723144531,0,8.11802846080204,1.11649127431277,0,-21.599739264639005,-88.03177438090407,-1.3314037322998047,-21.223131130686927,-93.08670987119618,-0.8174267411231995,-2.3052088124342527,2.763736491825165,0.0743656635442484,0.93744558095932,0.11440012242073,206.728549406874
0,203.991293359914,-21.3144378662109,-90.7703247070313,0,8.1005309388643,1.12311452616757,0,-21.54545507953043,-88.01898602685,-1.3356835842132568,-21.121806077071994,-93.06450566815879,-0.8113036751747131,-2.3022539583170807,2.7610203704267975,0.083768892304014,0.943236768245697,0.115338056544899,206.810415818168
0,204.072996903676,-21.2348213195801,-90.7519760131836,0,8.08320745904203,1.12948943379926,0,-21.491539272051625,-88.00628445577969,-1.3382458686828613,-21.02067541710859,-93.04234406422157,-0.8052233457565308,-2.3003574236976347,2.7576668100987534,0.0932274341741312,0.948792278766632,0.116248784499645,206.892119361931
0,204.154539186077,-21.1555595397949,-90.7328262329102,0,8.06648861374729,1.13508054874221,0,-21.437973596144488,-87.99366536925798,-1.3415807485580444,-20.91972358495516,-93.02022164831197,-0.7991576790809631,-2.2995209031440074,2.7536811609530587,0.102739381805967,0.953702747821808,0.117076793472274,206.973661644332
0,204.235925580234,-21.0766525268555,-90.712890625,0,8.05054453274725,1.1398669812624,0,-21.384718581455346,-87.98111946879659,-1.3449047803878784,-20.818941818189668,-92.9981365002475,-0.7925207614898682,-2.299731184224962,2.749086819993435,0.112297105804991,0.957939445972443,0.117815552937881,207.055048038488
0,204.317164836683,-20.9980983734131,-90.6921768188477,0,8.03545502288651,1.14377804047128,0,-21.332506293905556,-87.96232242616722,-1.350073218345642,-20.718318846646728,-92.97608615030289,-0.7841711044311523,-2.3009820551029327,2.7502606535608582,0.12189297677667,0.961437404155731,0.118455404451917,207.136287294937
0,204.398261649052,-20.9198970794678,-90.6707000732422,0,8.02126616479361,1.14672903958668,0,-21.280887179144017,-87.94173639296119,-1.3557775020599365,-20.61785061449823,-92.95406970969078,-0.7758312821388245,-2.3032605071194068,2.7527362060969685,0.131517457977842,0.964119851589203,0.118985711693027,207.217384107307
0,204.479224494466,-20.8420486450195,-90.6484603881836,0,8.00799870400661,1.14863608556388,0,-21.229617613090678,-87.92128976201627,-1.359810709953308,-20.51751415514391,-92.93208214554872,-0.767504870891571,-2.306566922035906,2.7545724403692162,0.141168642059873,0.965910077095032,0.119396190705222,207.298346952721
0,204.560067035769,-20.7645454406738,-90.6254653930664,0,7.99566301734629,1.14942495321513,0,-21.178601482531302,-87.90094420276773,-1.3623242378234863,-20.417336211679345,-92.91012931831403,-0.7583300471305847,-2.310896687441224,2.75580444193437,0.150819826141905,0.966736614704132,0.119677333275563,207.379189494024
0,204.640790487448,-20.687385559082,-90.6017456054687,0,7.98425951538748,1.14903399411807,0,-21.127822638607046,-87.88069327494735,-1.364843726158142,-20.317292742595278,-92.8882059595705,-0.7486657500267029,-2.3162188246567785,2.756467051581825,0.160471010223936,0.966537475585938,0.119820934448838,207.459912945703
0,204.721403480066,-20.6105632781982,-90.5773162841797,0,7.97377549124877,1.14741509155892,0,-21.07726017660716,-87.86052864162272,-1.3673510551452637,-20.217354679980232,-92.86630569942457,-0.7390099763870239,-2.3225170709416956,2.756581413587282,0.170122194305967,0.965261042118073,0.11982026331229,207.540525938321
0,204.801915343172,-20.5340766906738,-90.5521774291992,0,7.96419606998397,1.14453727975146,0,-21.026884965128612,-87.84043868500397,-1.3698437213897705,-20.11858623495033,-92.83846527181939,-0.73005610704422,-2.323735014606904,2.756154388299149,0.179769563690733,0.962867856025696,0.119670129052752,207.621037801427
0,204.882331033051,-20.4579181671143,-90.5263595581055,0,7.95549406199428,1.14038323694935,0,-20.976598657159762,-87.82038418367365,-1.3723375797271729,-20.021784993994725,-92.8016825152712,-0.7203442454338074,-2.3167448508846653,2.7552372271340557,0.189382600800108,0.959330439567566,0.119367025903831,207.701453491305
0,204.962658599532,-20.3820838928223,-90.499870300293,0,7.94763353195112,1.13495119020089,0,-20.926353781985114,-87.80034620600674,-1.370089054107666,-19.9253847762351,-92.76505214043262,-0.7106005549430847,-2.3107623962644532,2.753844593996066,0.198949861542295,0.954634368419647,0.118909217457847,207.781781057787
0,205.042904309377,-20.3065662384033,-90.4727325439453,0,7.9405777584904,1.12825336165446,0,-20.876122864238358,-87.78031379465135,-1.3643542528152466,-19.829365166303713,-92.72856638982557,-0.7015026807785034,-2.305755234935397,2.7520017208537886,0.20846753122003,0.948777735233307,0.118296561219073,207.862026767632
0,205.12306579279,-20.2313632965088,-90.4449768066406,0,7.93427816878976,1.12031294472353,0,-20.825861678612455,-87.76026931227213,-1.3586169481277466,-19.733734604650028,-92.69222847067135,-0.6924108862876892,-2.3016894569967676,2.749742289132216,0.217922258392881,0.941770076751709,0.11753054549869,207.942188251044
0,205.203158750068,-20.1564617156982,-90.4166107177734,0,7.92868964896766,1.11116546901717,0,-20.775512191930094,-87.74018961486667,-1.352871060371399,-19.63848738812349,-92.65603621587377,-0.680981457233429,-2.2985482299853053,2.7470808892727225,0.22730069162042,0.933632254600525,0.116614047559517,208.022281208322
0,205.28318970636,-20.0818576812744,-90.3876419067383,0,7.92375927932709,1.10085411514679,0,-20.72503579047914,-87.72005930303953,-1.3471057415008545,-19.543619021249633,-92.61998791723217,-0.6709179282188416,-2.2963165212385586,2.744025332921773,0.236593294159483,0.924394845962524,0.115551304877954,208.102312164615
0,205.363161846155,-20.0075416564941,-90.3581008911133,0,7.91943414881931,1.08942980350155,0,-20.67438475050452,-87.6998593442519,-1.3430211544036865,-19.44913403894133,-92.5840852979331,-0.6608947515487671,-2.294956567507516,2.7406072016050427,0.245786714569639,0.914097189903259,0.114347678364265,208.182284304409
0,205.443078046706,-19.9335098266602,-90.3280029296875,0,7.91565958262962,1.07694752892852,0,-20.623529161250794,-87.67957780990314,-1.3381237983703613,-19.35502782509694,-92.54832660393974,-0.6509106159210205,-2.2944451714036687,2.7368380107733206,0.254873323456358,0.902785897254944,0.113009494381875,208.262200504961
0,205.522935576206,-19.8597545623779,-90.2973861694336,0,7.91238271513848,1.06346572826237,0,-20.57243234156984,-87.65920007131669,-1.3421435356140137,-19.261307299419798,-92.51271446461674,-0.6411303281784058,-2.2947371487778483,2.732752368080805,0.263841676727842,0.890514016151428,0.11154388572389,208.34205803446
0,205.602750480462,-19.7862663269043,-90.266242980957,0,7.90954989888803,1.04904491766264,0,-20.521046061015607,-87.63870689388212,-1.35162353515625,-19.167968029485955,-92.47724719572153,-0.6314098834991455,-2.2958293539148187,2.7283414644324657,0.272680330292295,0.877338647842407,0.109958526930303,208.421872938717
0,205.682516745381,-19.7130432128906,-90.2346038818359,0,7.90710953171309,1.0337452670708,0,-20.469358486631364,-87.61809355854058,-1.3611571788787842,-19.07500654607241,-92.44192347901085,-0.6217687726020813,-2.297683745052197,2.7236260876273977,0.281385469452452,0.863320648670197,0.108261556192436,208.501639203636
0,205.762236486368,-19.6400737762451,-90.2024993896484,0,7.90501464021615,1.01762579505405,0,-20.41734072657716,-87.59734854304146,-1.3707555532455444,-18.98242075166807,-92.40674251746763,-0.6121667623519897,-2.300259826035672,2.7186310609671396,0.28994946481378,0.8485227227211,0.106461298678891,208.581358944622
0,205.84191567051,-19.5673484802246,-90.1699447631836,0,7.90321487587489,1.00074350232682,0,-20.36495308087496,-87.57645601477955,-1.3804272413253784,-18.890216103957567,-92.37170638491534,-0.601214587688446,-2.3035326118637554,2.713366356959006,0.298360872284483,0.833008229732513,0.104566220848553,208.661038128764
0,205.921558191561,-19.4948596954346,-90.1369552612305,0,7.90166957033243,0.983153125314598,0,-20.312168091051397,-87.55540502313997,-1.3922131061553955,-18.798392910080473,-92.33681519806159,-0.5899926424026489,-2.307476917495816,2.70783947924004,0.30661206247003,0.816840350627899,0.102584648554245,208.740680649816
0,206.001169101485,-19.4226016998291,-90.1035385131836,0,7.90033683241321,0.964906121684475,0,-20.258968175499056,-87.53418855646522,-1.397467017173767,-18.706944069231184,-92.30206625872603,-0.5788158774375916,-2.3120748457074067,2.7020488673806895,0.314699220673155,0.800081253051758,0.100524805613072,208.82029155974
0,206.080746799314,-19.3505687713623,-90.0697174072266,0,7.89917837551719,0.946050600894354,0,-20.205335918403165,-87.51279966921695,-1.4027636051177979,-18.615872217038348,-92.26746056840086,-0.5666674971580505,-2.3172945495606974,2.6960072690200243,0.322616624847959,0.782791078090668,0.0983946197960305,208.899869257568
0,206.160286168825,-19.278751373291,-90.035530090332,0,7.89815911254289,0.926630689316789,0,-20.151256065200936,-87.49123227777793,-1.5306445360183716,-18.525182763326047,-92.23300018272339,-0.5536364912986755,-2.3230885598442246,2.689742700774986,0.330358552948545,0.765027225017548,0.0962016375485497,208.979408627079
0,206.239793018652,-19.2071418762207,-90.0009841918945,0,7.89724793263133,0.90668799876377,0,-20.096711720261037,-87.46947964406228,-1.5333361625671387,-18.434871129348036,-92.19868336185118,-0.540295422077179,-2.3294385048984516,2.683253581591051,0.337921190277647,0.746844172477722,0.0939529892458102,209.058915476907
0,206.319271287765,-19.1357345581055,-89.9660873413086,0,7.89641355877504,0.886260016363215,0,-20.041692838086853,-87.4475377618617,-1.5378637313842773,-18.344931292119206,-92.16450781715658,-0.5270092487335205,-2.3363266882271105,2.67653738796956,0.345302629486631,0.728292644023895,0.0916553348229757,209.13839374602
0,206.398714625607,-19.0645236968994,-89.9308700561523,0,7.89562961692226,0.865381770340073,0,-19.98617815975326,-87.42539815298083,-1.543060302734375,-18.255382296250684,-92.13048078525439,-0.5137792825698853,-2.343714395105512,2.669613531296261,0.352493333832334,0.70941948890686,0.0893147852852296,209.217837083862
0,206.478131615409,-18.9934940338135,-89.8953475952149,0,7.89487229074538,0.844085186814246,0,-19.93015787821154,-87.4030569063059,-1.5483068227767944,-18.16621058466689,-92.09659711469612,-0.5015172958374023,-2.35157337802762,2.6624898188396853,0.359493303314756,0.69026792049408,0.0869369623931332,209.297254073664
0,206.557515211163,-18.922643661499,-89.8595428466797,0,7.89411928733808,0.822399568484861,0,-19.87363687949057,-87.3805159704165,-1.553597331047058,-18.077417941410047,-92.0628574833862,-0.4917956292629242,-2.3598732818151396,2.655176520290368,0.366302537933897,0.670876562595367,0.0845268893569173,209.376637669417
0,206.636871832763,-18.8519630432129,-89.8234634399414,0,7.8933511793596,0.800352325729868,0,-19.817147712144052,-87.35635400292018,-1.559267520904541,-17.989008123578298,-92.02926331895533,-0.5725439190864563,-2.3685954275855985,2.649190521532739,0.372915315643858,0.651280701160431,0.0820891332080892,209.455994291018
0,206.716197282969,-18.7814426422119,-89.7871398925781,0,7.89254901821483,0.777968718975304,0,-19.7602278472139,-87.33182975048679,-1.5650488138198853,-17.900976862168793,-91.99581299925808,-0.6812536716461182,-2.3776999142024455,2.643211753035924,0.379333543793272,0.631511211395264,0.0796276956173277,209.535319741224
0,206.795487281956,-18.7110805511475,-89.7505874633789,0,7.89169619035764,0.755272282732968,0,-19.70281324060826,-87.3070923357461,-1.5709044933319092,-17.813335125841288,-91.96251069219082,-0.8102771043777466,-2.3871638441497782,2.6370821310892674,0.385553407684873,0.61159610748291,0.0771461883006727,209.614609740211
0,206.874749388376,-18.6408653259277,-89.7138137817383,0,7.89077817762759,0.732287214758482,0,-19.644887725834174,-87.28213479327131,-1.5768053531646729,-17.726083893636854,-91.92935676977183,-0.9306384325027466,-2.396968043318193,2.6308028589131824,0.391571092621397,0.591561138629913,0.0746479101847326,209.693871846631
0,206.95398748047,-18.5707855224609,-89.6768341064453,0,7.88977980406427,0.709042546791834,0,-19.58645663456539,-87.25695942024481,-1.582000732421875,-17.639210598370255,-91.89634645669335,-1.0298033952713013,-2.407086810253864,2.6243820805815377,0.397390413300108,0.571434080600739,0.072136413124643,209.773109938725
0,207.033191365818,-18.5008373260498,-89.6396789550781,0,7.88868539714694,0.685571209513386,0,-19.527519252160975,-87.23156590875944,-1.586302399635315,-17.553828416640606,-91.8609165669705,-1.1189281940460205,-2.414688883269617,2.6178396095355976,0.403007555023741,0.551243841648102,0.0696153886917294,209.852313824073
0,207.112359490131,-18.4310150146484,-89.6023635864258,0,7.88748195196413,0.66190733795346,0,-19.468073008786494,-87.2059531515872,-1.5906444787979126,-17.469826660075054,-91.82345615382775,-1.2010973691940308,-2.4201519055496528,2.6111821566886246,0.408420610443663,0.531018435955048,0.0670883874595158,209.931481948385
0,207.191498829115,-18.361307144165,-89.5648956298828,0,7.88615907644716,0.63808131887729,0,-19.408117238577756,-87.18012086183664,-1.595025658607483,-17.38625814047798,-91.78618894183332,-1.2640637159347534,-2.425873973912732,2.604412038843708,0.413631486908506,0.510782122612,0.0645584649518621,210.010621287369
0,207.270598680745,-18.2917098999023,-89.5273056030274,0,7.88470803623059,0.614119101523619,0,-19.347661887250574,-87.15407332467687,-1.5978869199752808,-17.303130840176358,-91.74911849068971,-1.3211681842803955,-2.431818468782356,2.5975500084867678,0.418640184418272,0.490554630756378,0.0620280933762005,210.089721139
0,207.349663827187,-18.2222099304199,-89.4896087646484,0,7.88312019517423,0.590043017462629,0,-19.28670826877594,-87.12781110623986,-1.6006823778152466,-17.220435687774323,-91.71224075502634,-1.3618823289871216,-2.437959105046588,2.590607050794621,0.423448610321592,0.470351427793503,0.0594992068267848,210.168786285441
0,207.42871109707,-18.1528091430664,-89.4517669677734,0,7.8813878894871,0.565872209141984,0,-19.225241347096265,-87.1013277281534,-1.6034997701644897,-17.13816513923952,-91.67555237059727,-1.4074316024780273,-2.4443248499973165,2.5835393264639515,0.428054857269834,0.450185179710388,0.0569733774923638,210.247833555325
0,207.507701307624,-18.0834941864014,-89.4138870239258,0,7.87950526796223,0.541623628277677,0,-19.163288670156476,-87.07463505960858,-1.6063379049301147,-17.056354222635196,-91.63906895809633,-1.4913305044174194,-2.4508062235363615,2.57644248523227,0.432457017914366,0.430066168308258,0.0544518620536598,210.326823765879
0,207.586677896358,-18.0142574310303,-89.3758926391602,0,7.87746731200975,0.517311893116929,0,-19.10082663809615,-87.04772293246931,-1.6094884872436523,-16.974961044890993,-91.60277183539367,-1.574804663658142,-2.457463719540869,2.569242461290262,0.436658906952451,0.410002321004868,0.0519356134666761,210.405800354612
0,207.665592623816,-17.9450912475586,-89.3378982543945,0,7.8752702068983,0.492950426402464,0,-19.037891839694616,-87.0206071112224,-1.6127209663391113,-16.894030012275277,-91.56668080537469,-1.6216247081756592,-2.4641837147154932,2.5620404712643943,0.440658617035459,0.39000016450882,0.0494253990310106,210.48471508207
0,207.744468905284,-17.8759899139404,-89.2998657226562,0,7.87290851342471,0.468550507721279,0,-18.974477216190092,-86.9932845545596,-1.6162145137786865,-16.813536021738386,-91.53078467338527,-1.6434667110443115,-2.4709932492375075,2.554797651130452,0.444459962860655,0.370064705610275,0.0469218034873246,210.563591363538
0,207.823345333768,-17.8069515228271,-89.26171875,0,7.87037887780036,0.444122691381874,0,-18.91055864628429,-86.96574486968025,-1.619869351387024,-16.73344590578698,-91.49506864844895,-1.6771154403686523,-2.4779560284070055,2.5474388593361734,0.44806485177667,0.350199818611145,0.0444252532976313,210.642467792022
0,207.902178360191,-17.7379627227783,-89.2235717773437,0,7.86767766001258,0.419676268631592,0,-18.84616922855695,-86.93800231729854,-1.6235533952713013,-16.653801007252437,-91.45955116731761,-1.756197452545166,-2.4849568321804156,2.540068781773678,0.451471376434873,0.330408841371536,0.0419361077015898,210.721300818445
0,207.980972998572,-17.669017791748,-89.1854248046875,0,7.86480232544537,0.395219698717765,0,-18.781308045487947,-86.91005650209561,-1.6272594928741455,-16.574600191876197,-91.42423172417095,-1.8348363637924194,-2.4919884240574115,2.5326844495524417,0.454679536835264,0.31069415807724,0.0394545977116592,210.800095456826
0,208.059715791792,-17.6001110076904,-89.1473159790039,0,7.86174952393409,0.370760562951218,0,-18.71599855163458,-86.88191752960293,-1.6309961080551147,-16.495849109600847,-91.38911283858943,-1.949611783027649,-2.499009303548077,2.5253188205211083,0.457693147675108,0.291057586669922,0.036980885526907,210.878838250047
0,208.138376540313,-17.5312347412109,-89.1093215942383,0,7.85851745415674,0.346305772327965,0,-18.65025641958237,-86.85359215244442,-1.6350451707839966,-16.417589525641485,-91.35421313568607,-2.0335474014282227,-2.5059416790947857,2.5180398788027585,0.460506486908506,0.271500885486603,0.0345151168429667,210.957498998568
0,208.217018918424,-17.4623794555664,-89.0713272094727,0,7.85510393887493,0.321861672424904,0,-18.58405342594996,-86.82506821041328,-1.6396020650863647,-16.339749551452122,-91.31950055690947,-2.1128344535827637,-2.5128830656711245,2.510743313580951,0.463129091278623,0.252025276422501,0.0320573702157496,211.036141376678
0,208.295621504008,-17.3935527801514,-89.0333633422852,0,7.85150594292208,0.297433944900583,0,-18.517394532760804,-86.79634784142597,-1.6589843034744263,-16.26236914269703,-91.28499292040715,-2.1915745735168457,-2.5198039960913885,2.503449347598758,0.465553331390928,0.232631772756577,0.0296076996775989,211.114743962262
0,208.374156847425,-17.3247356414795,-88.9955215454102,0,7.84772146184115,0.273027893499456,0,-18.45031916715368,-86.76744803289287,-1.7188756465911865,-16.18546120599578,-91.25069598185996,-2.2567224502563477,-2.5266099774526456,2.49624715331844,0.467784929291319,0.213321283459663,0.0271661398969457,211.19327930568
0,208.452662799627,-17.2559185028076,-88.9577407836914,0,7.84374904005339,0.248648385022988,0,-18.38280280536746,-86.7383582186099,-1.7791540622711182,-16.108992613549052,-91.2165949679929,-2.3042993545532227,-2.533349802413377,2.489081598008305,0.469825792328428,0.19409453868866,0.0247326996438223,211.271785257881
0,208.531124733383,-17.1871013641357,-88.920051574707,0,7.83958442152954,0.224299951169294,0,-18.314862161256652,-86.70908559983778,-1.8277502059936523,-16.032979971851432,-91.1826972844386,-2.3515918254852295,-2.5399924794957554,2.4819780332533785,0.471675920502256,0.174952194094658,0.0223073852648252,211.350247191638
0,208.609520793602,-17.1182842254639,-88.8824996948242,0,7.83522722439081,0.199986754690973,0,-18.24652047839246,-86.67964019120336,-1.8496862649917603,-15.957446357616554,-91.14901322221074,-2.397611141204834,-2.5464932996681,2.474976168595355,0.473335313812803,0.155894860625267,0.0198901831409282,211.428643251856
0,208.687871859865,-17.0494518280029,-88.8450698852539,0,7.8306756838942,0.175712719811641,0,-18.177762981661974,-86.65001562676393,-1.8906506299972534,-15.882377041027603,-91.11553621257737,-2.436701536178589,-2.5528573994453994,2.468065894012241,0.474803972260069,0.136923164129257,0.0174810848500976,211.50699431812
0,208.766173906332,-16.9805965423584,-88.8077850341797,0,7.82592903215785,0.151481614848966,0,-18.10859708549894,-86.62021510107108,-1.9318615198135376,-15.807779308307582,-91.08226950481485,-2.475539445877075,-2.5590583955132873,2.461269476828209,0.476081895844053,0.118037693202496,0.0150800737372845,211.585296364586
0,208.844423819855,-16.9117221832275,-88.7706451416016,0,7.82101819246683,0.128394944397542,0,-18.039042815000244,-86.59024724205344,-1.9800390005111694,-15.733646657993942,-91.04921019960915,-2.514139413833618,-2.5650966193746476,2.45458485434392,0.477174806610655,0.10006582736969,0.0127927519712481,211.66354627811
0,208.922621839047,-16.8428287506104,-88.7336502075195,0,7.81603187207653,0.108392517929361,0,-17.969146909049,-86.56013218742861,-2.056051015853882,-15.659937786754684,-91.01633987782303,-2.5521154403686523,-2.5709731938085096,2.4480141293890374,0.478101778046201,0.0844705626368523,0.0108063071483085,211.741744297301
0,209.000758581769,-16.7739353179932,-88.6967849731445,0,7.81101798732355,0.0911380695299943,0,-17.899089395256063,-86.5296434038173,-2.077967405319214,-15.586624372227146,-90.98364590915627,-2.590364933013916,-2.5767111251734214,2.4418178226655654,0.478879976288389,0.0710067823529244,0.0090899738734698,211.819881040024
0,209.078849363095,-16.7050247192383,-88.6600494384766,0,7.80590495083915,0.0728972133172434,0,-17.829114154659127,-86.49834718976686,-2.095201253890991,-15.513668082165784,-90.95111119942162,-2.6284239292144775,-2.582304131809651,2.436500291586578,0.479520845429014,0.0568653382360935,0.007284595327723,211.89797182135
0,209.156887012084,-16.6360931396484,-88.6234664916992,0,7.80064167203084,0.0538445849200707,0,-17.758857821403296,-86.46692525787756,-2.1136364936828613,-15.441095920456982,-90.9187477909475,-2.6662304401397705,-2.5877276897993324,2.431310474573156,0.480016756073545,0.042162086814642,0.0054048223470296,211.976009470339
0,209.234869729634,-16.5671348571777,-88.5870513916016,0,7.79520958613113,0.0341229795708314,0,-17.688315976219307,-86.43537563164463,-2.1361217498779297,-15.368921135741825,-90.88656159193857,-2.704068660736084,-2.592964188663424,2.4262637279739008,0.480363893524717,0.0269946996122599,0.0034629525586197,212.053992187888
0,209.312795817319,-16.4981441497803,-88.5508193969727,0,7.78959759649192,0.0138499103206609,0,-17.61748417848219,-86.40369632501206,-2.178945302963257,-15.2971569248771,-90.85455848750638,-2.7425427436828613,-2.597996172367011,2.4213755565793647,0.480558443085264,0.0114456154406071,0.0014693438534448,212.131918275574
0,209.390668909392,-16.4291133880615,-88.514778137207,0,7.78379804080313,-0.0068770823124209,0,-17.54634895196061,-86.37188131077623,-2.2310681343078613,-15.22569862419543,-90.82296967862968,-2.780552864074707,-2.603066515820523,2.4166551499889337,0.480594682709288,-0.0044155800715088,-0.0005672781237353,212.209791367647
0,209.468471766853,-16.3600387573242,-88.4789733886719,0,7.77780222584008,-0.0279749133648841,0,-17.474928618739273,-86.33993878343396,-2.259960889816284,-15.154596470867835,-90.79174243840976,-2.8183434009552,-2.608062841152889,2.4121460249105033,0.480472612396788,-0.0205313693732023,-0.0026397221186899,212.287594225108
0,209.546225720772,-16.2909088134766,-88.4433822631836,0,7.77160508015625,-0.0493702201132301,0,-17.403197715843746,-86.3078573547472,-2.242144823074341,-15.083929709771196,-90.7607064174026,-2.855898380279541,-2.612812621009847,2.4078316462911973,0.480188417450498,-0.0368558019399643,-0.0047422711145262,212.365348179026
0,209.623908838182,-16.2217254638672,-88.4080505371094,0,7.76520362107244,-0.0709998607345116,0,-17.331170493124738,-86.27564339791842,-2.283433675765991,-15.013730368475388,-90.72987568174507,-2.8935937881469727,-2.617274183717311,2.4037529990032147,0.479738283173155,-0.0533504895865917,-0.0068701688022278,212.443031296436
0,209.701533913308,-16.1524791717529,-88.3729705810547,0,7.75859159525802,-0.0928106709946876,0,-17.258841746857353,-86.24329458559745,-2.3765172958374023,-14.943984547989405,-90.69924412716166,-2.9297595024108887,-2.621451480951408,2.3999079134872185,0.479124116913389,-0.0699820443987846,-0.0090192964756875,212.520656371563
0,209.779096625382,-16.0831680297852,-88.3381576538086,0,7.75176748465524,-0.11475795371228,0,-17.186213508417644,-86.21081182631107,-2.468273878097534,-14.87470313902452,-90.66881653672635,-2.9656822681427,-2.625330116523383,2.396311665393839,0.478344011322569,-0.0867212414741516,-0.0111860604993746,212.598219083637
0,209.856591114151,-16.0137882232666,-88.3036346435547,0,7.74472822854231,-0.136803807883662,0,-17.113285053295485,-86.17819479602434,-2.5583691596984863,-14.80590301203303,-90.63860031974589,-3.0013537406921387,-2.6288878622922938,2.392987217833275,0.477394151703428,-0.103542543947697,-0.0133673372313521,212.675713572406
0,209.934019370271,-15.9443349838257,-88.2694091796875,0,7.73747249559062,-0.158916004178001,0,-17.040060712825312,-86.14544543191343,-2.6509313583374023,-14.737579705722405,-90.6085935168724,-3.036947011947632,-2.6321173348772535,2.3899449523054304,0.4762764454046,-0.120423637330532,-0.0155604102380161,212.753141828526
0,210.011375087736,-15.8748054504395,-88.2355041503906,0,7.72999967766155,-0.181066979730401,0,-16.966544104206463,-86.11256535175978,-2.7464184761047363,-14.669745579300619,-90.57880155612655,-3.0723888874053955,-2.634997537903613,2.387208082857659,0.474988985077452,-0.137344926595688,-0.0177629066720459,212.830497545991
0,210.088660582074,-15.8051948547363,-88.2019271850586,0,7.72230460360058,-0.203232908783748,0,-16.892738884361737,-86.07955619111101,-2.8408946990966797,-14.602395423450837,-90.54922214963683,-3.107576847076416,-2.63752158714104,2.384787339014527,0.473533678070616,-0.154289349913597,-0.0199727871052256,212.907783040329
0,210.165874844274,-15.735502243042,-88.1686859130859,0,7.71438799022492,-0.225393367463672,0,-16.81864314871204,-86.04641709814989,-2.9196617603302,-14.535535993706628,-90.5198582643552,-3.1427342891693115,-2.639683773658731,2.3826915755895897,0.471908617035459,-0.17124180495739,-0.022188248989135,212.984997302529
0,210.243016299793,-15.6657238006592,-88.1357955932617,0,7.70624640611473,-0.24753045276546,0,-16.74425963867916,-86.01314929896901,-2.994842529296875,-14.469169896647239,-90.49071104506095,-3.178001642227173,-2.641470808153877,2.3809382277933886,0.470113801971983,-0.188189089298248,-0.0244077431560212,213.062138758047
0,210.32007864212,-15.5958576202393,-88.1032791137695,0,7.69788225580645,-0.26962871812712,0,-16.669599523362933,-85.97975778891437,-3.0651915073394775,-14.40329939394592,-90.46178148505473,-3.2110435962677,-2.6428637041016794,2.379551321496988,0.468151140228819,-0.205119356513023,-0.0266298756606064,213.139201100375
0,210.397066305076,-15.5259008407593,-88.0711364746094,0,7.68929184836135,-0.291674367076999,0,-16.594654998023834,-85.94623907733992,-3.135810375213623,-14.337925269977118,-90.43306992882471,-3.2438342571258545,-2.6438637633048887,2.378534085858941,0.466018724457334,-0.222022250294685,-0.0288534621162232,213.216188763331
0,210.473974838708,-15.4558534622192,-88.0393829345703,0,7.68047490642854,-0.313655460391846,0,-16.519434768654545,-85.91259705797445,-3.200673818588257,-14.273047305680647,-90.40457628016219,-3.276376962661743,-2.6444602409523315,2.3779031435881235,0.463718462006163,-0.238888502120972,-0.0310774465559455,213.293097296962
0,210.550804364494,-15.3857107162476,-88.0080337524414,0,7.67142836867479,-0.335561172663228,0,-16.44393072441494,-85.87882810326934,-3.251105785369873,-14.208674762262165,-90.37630460648116,-3.3108434677124023,-2.6446399518778674,2.3776766563500424,0.461246538178038,-0.255709737539291,-0.0333008986846677,213.369926822749
0,210.627557049922,-15.3154726028442,-87.9770889282227,0,7.66215446977985,-0.357382152999465,0,-16.368152683802506,-85.8449366045178,-3.2874596118927,-14.144790999018044,-90.34824759937779,-3.342923402786255,-2.644407090697447,2.3778580454532174,0.458608675018858,-0.272478491067886,-0.0355229828762244,213.446679508177
0,210.704222919107,-15.2451391220093,-87.9465789794922,0,7.65265026231379,-0.379109649343597,0,-16.292105770943373,-85.81092485346967,-3.323941469192505,-14.081409817394752,-90.32041132028714,-3.3734264373779297,-2.643737104294339,2.3784780238583867,0.455802965179991,-0.289187729358673,-0.0377429403280416,213.523345377362
0,210.780801466023,-15.1747102737427,-87.9165115356445,0,7.64291521967548,-0.400735971951772,0,-16.21579355772152,-85.77679444763925,-3.373201847076416,-14.018525938166158,-90.29279345063438,-3.4036900997161865,-2.6426270938860283,2.3795469360535444,0.452831316010069,-0.305831402540207,-0.0399601291172566,213.599923924277
0,210.857292315319,-15.1041860580444,-87.8868942260742,0,7.63294885553004,-0.422254107851102,0,-16.1392149741887,-85.74254490859572,-3.4485998153686523,-13.956138252175586,-90.26539350329077,-3.4345250129699707,-2.6410741330526686,2.38107514636252,0.449693727509092,-0.322403848171234,-0.0421739564215884,213.676414773573
0,210.933699287261,-15.0335683822632,-87.8577194213867,0,7.62382417569306,-0.439324141718884,0,-16.062397189855215,-85.70818840574447,-3.5353832244873047,-13.894203844033761,-90.23819263031562,-3.4656822681427,-2.639091557601427,2.3830594416713917,0.446405458466123,-0.335633605718613,-0.0439513975535944,213.752821745515
0,211.010027629192,-14.9628667831421,-87.8289566040039,0,7.61566733955671,-0.452030547955816,0,-15.985410204596604,-85.67375622833273,-3.62235951423645,-13.832626328542391,-90.2111485004489,-3.4934959411621094,-2.6367179820189253,2.385473476702904,0.443002748505186,-0.345557004213333,-0.0452947698530456,213.829150087447
0,211.086284918499,-14.8920907974243,-87.8005676269531,0,7.60842921110434,-0.460504180034967,0,-15.908304775949208,-85.63927107750267,-3.6985278129577637,-13.771325241096788,-90.18422577457045,-3.520775079727173,-2.633997265934935,2.3882825680425133,0.439514207855772,-0.352252304553986,-0.0462130687249331,213.905407376753
0,211.162479051011,-14.8212490081787,-87.7725143432617,0,7.60201853055342,-0.464943172629255,0,-15.83114390599392,-85.60476113072895,-3.7452659606933594,-13.710206172022753,-90.15738298904749,-3.5480992794036865,-2.630972185604702,2.39145179652012,0.435974168793272,-0.355853229761124,-0.0467230560471334,213.981601509266
0,211.238611970241,-14.7503528594971,-87.7447662353516,0,7.59632562466793,-0.465603071030518,0,-15.754017473203577,-85.57026658586464,-3.78381085395813,-13.64915787633093,-90.13057128637229,-3.5767810344696045,-2.627678848799096,2.3949512275671685,0.43242650033624,-0.356541395187378,-0.0468481153464299,214.057734428496
0,211.314694390739,-14.6794128417969,-87.7172698974609,0,7.59124124681221,-0.462780587822911,0,-15.676927434319609,-85.53578831805595,-3.8223326206207275,-13.588147630591896,-90.10377629479459,-3.605394124984741,-2.6241708301291915,2.398728255467643,0.428878831879209,-0.354533433914185,-0.0466164169478973,214.133816848993
0,211.390723639958,-14.6084356307983,-87.6900177001953,0,7.58665951948569,-0.45679596986908,0,-15.599924070079517,-85.50134881519831,-3.8608129024505615,-13.527121001801342,-90.07697410797087,-3.6321897506713867,-2.620458398735551,2.4027735668144534,0.425354051605772,-0.350067675113678,-0.0460591179904226,214.209846098213
0,211.466706117091,-14.5374355316162,-87.662956237793,0,7.58247745356676,-0.447977319387041,0,-15.52307253239762,-85.46697721627235,-3.891710042953491,-13.465985809891729,-90.05012424148572,-3.659029483795166,-2.616596182837111,2.4070322308328467,0.421886491791319,-0.343391954898834,-0.0452087346892551,214.285828575346
0,211.542638787279,-14.4664249420166,-87.6360626220703,0,7.57860416683145,-0.436648337024657,0,-15.446411199046793,-85.43269068561152,-3.920684814453125,-13.404701919966673,-90.02320906855863,-3.685861825942993,-2.612608645115585,2.411476923866816,0.418493318573545,-0.334753543138504,-0.0440977378043238,214.361761245534
0,211.618522903465,-14.3954086303711,-87.6093215942383,0,7.57495225354724,-0.423123573555529,0,-15.369988186943651,-85.39851074334939,-3.9495654106140137,-13.343212570880091,-89.99620366035323,-3.7127184867858887,-2.608509640608889,2.4160898018280013,0.415197420136045,-0.324395418167114,-0.0427580938230449,214.437645361719
0,211.694367660836,-14.3243970870972,-87.5826797485352,0,7.57144053275646,-0.407772169668576,0,-15.293817838537471,-85.36444380409952,-3.9783544540405273,-13.281479683158771,-89.96909129280705,-3.7393980026245117,-2.604349586762813,2.4208154201651677,0.412010240570616,-0.312603384256363,-0.041227426698143,214.51349011909
0,211.770172267652,-14.2533941268921,-87.5561294555664,0,7.56800138287913,-0.390941067282285,0,-15.217930650076816,-85.33050350720939,-4.002874851226807,-13.219472516690455,-89.94185846521965,-3.7648863792419434,-2.6001339972284168,2.4256425059264908,0.408945131317686,-0.299648135900497,-0.0395413689905201,214.589294725907
0,211.845938529451,-14.182412147522,-87.5296325683594,0,7.56457943737656,-0.372905376437611,0,-15.142357960865679,-85.29670386908018,-4.02720832824707,-13.157152302674811,-89.91448815078407,-3.790491819381714,-2.5958994392075665,2.430528037406868,0.406017351166319,-0.285747200250626,-0.0377285524131358,214.665060987705
0,211.921642453351,-14.1114597320557,-87.5032348632812,0,7.56113383627034,-0.353885551134273,0,-15.067137537352046,-85.26306178063228,-4.051430702209473,-13.094530510677405,-89.88698538680032,-3.8162121772766113,-2.591604059201708,2.4355072382895426,0.403232622162413,-0.271076828241348,-0.0358121438207457,214.740764911606
0,211.997312413239,-14.0405435562134,-87.4768371582031,0,7.55763022191401,-0.334059254584603,0,-14.99225372337418,-85.22957023969856,-4.074929237365723,-13.030745946717312,-89.86126556982282,-3.841926097869873,-2.589438175026268,2.4404837318208195,0.400596666351866,-0.255780577659607,-0.0338110050598882,214.816434871494
0,212.072942155319,-13.9696702957153,-87.450439453125,0,7.5540400269892,-0.313570867303005,0,-14.917731271728643,-85.19624031688632,-4.093303203582764,-12.966322488148728,-89.83609377113557,-3.867945432662964,-2.588059765150547,2.4454515656742406,0.398117113129209,-0.239975914359093,-0.0317405557735295,214.892064613573
0,212.148522746328,-13.8988494873047,-87.4240417480469,0,7.55034229615981,-0.292538573237307,0,-14.843588983604898,-85.16308042096608,-4.113056659698486,-12.901551668969192,-89.8107862502818,-3.8944029808044434,-2.5867261659103455,2.4504038112981745,0.395797777191709,-0.223759785294533,-0.0296134947844567,214.967645204583
0,212.224050616581,-13.8280849456787,-87.3976440429687,0,7.54652038130205,-0.271059475174484,0,-14.769832384937319,-85.13009302339393,-4.132713317871094,-12.836437619645961,-89.78534462113467,-3.920119524002075,-2.585435837572075,2.4553362021777656,0.393638658539366,-0.20721210539341,-0.027440271564773,215.043173074836
0,212.299533754616,-13.7573852539063,-87.3712005615234,0,7.54255966293687,-0.249213926882645,0,-14.696476502484657,-85.09728484483855,-4.151962757110596,-12.770949300206224,-89.75975675562836,-3.9451255798339844,-2.5842323005390537,2.460200207247936,0.391649293915342,-0.19039911031723,-0.0252295339482588,215.118656212871
0,212.37499010003,-13.6867542266846,-87.3446502685547,0,7.53844822152321,-0.227068538156451,0,-14.62349744623132,-85.06464520056862,-4.166187763214111,-12.705078596866036,-89.73401948351183,-3.970283031463623,-2.5831709752868695,2.4649363012883256,0.389825868622373,-0.173375964164734,-0.022988466685491,215.194112558284
0,212.450373250024,-13.6162014007568,-87.3180999755859,0,7.53417658919234,-0.204679128926866,0,-14.550964525028881,-85.03220508874135,-4.181149959564209,-12.638849649347824,-89.70814223675671,-3.996361017227173,-2.582153840530172,2.469635101022201,0.388177919403623,-0.156188562512398,-0.0207230287774823,215.269495708279
0,212.525729090426,-13.5457324981689,-87.2914047241211,0,7.52973804783378,-0.182092451911847,0,-14.478822156522273,-84.9999396503302,-4.196033954620361,-12.572230913937535,-89.6821126904733,-4.022666931152344,-2.5813155395807184,2.474160159514638,0.386699724213194,-0.138875275850296,-0.0184381825862888,215.344851548681
0,212.601020062712,-13.4753532409668,-87.2646560668945,0,7.525125612423,-0.159347831368668,0,-14.40712239531689,-84.9678721665872,-4.210824012756348,-12.505246759077224,-89.65594036599953,-4.046788215637207,-2.58057109674397,2.478590333578567,0.385397005096983,-0.121468223631382,-0.0161380694376957,215.420142520967
0,212.676258173101,-13.4050712585449,-87.2378005981445,0,7.52033333649018,-0.136478520515201,0,-14.335851567528293,-84.93599651477447,-4.225245475769043,-12.437890406050723,-89.62962261472751,-4.071051120758057,-2.5799711937234036,2.482872131586756,0.384267854706358,-0.103994347155094,-0.0138261459419715,215.495380631356
0,212.751458240427,-13.334885597229,-87.2108001708984,0,7.51544154363637,-0.116721611153984,0,-14.264976665911707,-84.9042979384656,-4.238677978515625,-12.37017139798312,-89.60316316538633,-4.095703125,-2.5795492210116717,2.486970434939022,0.383302736298155,-0.0888872221112251,-0.0118258525908645,215.570580698682
0,212.826591113254,-13.2647895812988,-87.1837539672852,0,7.51051058764098,-0.0997352272896675,0,-14.194471757368989,-84.87276484039258,-4.251986026763916,-12.302178688075484,-89.57659677413656,-4.121087551116943,-2.5792084890625837,2.4909796653362157,0.382476854340147,-0.075896218419075,-0.0101044431713138,215.645713571509
0,212.901687010081,-13.1947774887085,-87.1565933227539,0,7.50555470683447,-0.0851929366520645,0,-14.124266881821347,-84.84136593113074,-4.265234470367432,-12.233929637525488,-89.54993022441674,-4.145858287811279,-2.579009522662541,2.494840356983089,0.381771135346006,-0.0647769495844841,-0.0086299786856907,215.720809468335
0,212.976709115995,-13.1248445510864,-87.1294326782227,0,7.50058046077599,-0.072789631534066,0,-14.054359265410383,-84.81009997008063,-4.279597282409668,-12.165501359600597,-89.5231936462399,-4.170386791229248,-2.5788429442393013,2.498660003922588,0.381168413178037,-0.0552980601787567,-0.0073721569580508,215.79583157425
0,213.05170343203,-13.054986000061,-87.1021575927734,0,7.49559211675595,-0.0622453435432526,0,-13.984676642546809,-84.77893463668529,-4.29380464553833,-12.097810813999422,-89.49406223678524,-4.19500732421875,-2.5763136771087187,2.502336826732248,0.380655336395811,-0.0472455397248268,-0.0063028924239395,215.870825890285
0,213.126646796024,-12.9851970672607,-87.0748443603516,0,7.49059306008548,-0.0533069611029534,0,-13.915207007761056,-84.74786456153629,-4.30714225769043,-12.030639762724288,-89.46324416957599,-4.219307899475098,-2.5720873422858097,2.5059436293588178,0.380216646210264,-0.0404250659048557,-0.0053966410881509,215.945769254279
0,213.201528886145,-12.9154739379883,-87.0475311279297,0,7.4855870370284,-0.0457486011959944,0,-13.8459346283331,-84.71688270822419,-4.32044792175293,-11.963373863437758,-89.43238258611481,-4.243378639221191,-2.5678806494007462,2.509517713137869,0.3798408985296,-0.0346627272665501,-0.0046305092395507,216.0206513444
0,213.276352373673,-12.8458137512207,-87.0202178955078,0,7.48057590736311,-0.0393707479375374,0,-13.776835830449107,-84.6859784887104,-4.334528923034668,-11.896033691091366,-89.40148692618605,-4.267294883728027,-2.563693499443066,2.5130610259714423,0.379518556610655,-0.0298048481345177,-0.0039842434215516,216.095474831928
0,213.351120816707,-12.7762126922607,-86.9929046630859,0,7.47555726192924,-0.0339988368904268,0,-13.707885995211138,-84.65514089227044,-4.349435806274414,-11.828638862979794,-89.37056619020127,-4.291229248046875,-2.559525444191308,2.5165759657852336,0.379240083710264,-0.0257169231772423,-0.0034400990203056,216.170243274962
0,213.42583510915,-12.7066698074341,-86.9655914306641,0,7.47054004940636,-0.0294813027560467,0,-13.639071582780296,-84.62436386325403,-4.362274169921875,-11.761202393806098,-89.33962634930408,-4.314562797546387,-2.5553767677495918,2.520063410525542,0.37899975778253,-0.0222822204232216,-0.0029826554399763,216.244957567405
0,213.500512283634,-12.6371908187866,-86.9382171630859,0,7.46548615546595,-0.0218045213532914,0,-13.570390403816676,-84.5936464224858,-4.374363899230957,-11.693695738528856,-89.3086543070342,-4.337289810180664,-2.551304611346983,2.5234645674505445,0.37880330087335,-0.0164864156395197,-0.0022083418249754,216.319634741889
0,213.575153894491,-12.5677862167358,-86.9107513427734,0,7.46035200905413,-0.0115848673617611,0,-13.50190315821822,-84.56301571780375,-4.386890888214111,-11.62605612291103,-89.27762126258207,-4.360110759735107,-2.547337587935755,2.526744352940375,0.378677415863584,-0.0087882922962307,-0.0011779982619695,216.394276352746
0,213.64972887733,-12.4984683990479,-86.8832473754883,0,7.45510145731921,0.0006982740207816,0,-13.43366994607248,-84.53249862878258,-4.401608943939209,-11.558281892127313,-89.2465264567141,-4.382978439331055,-2.543430495129557,2.5299449803692724,0.378635454193662,0.0004536864871624,6.08558431793023e-05,216.468851335585
0,213.724254013897,-12.4292497634888,-86.8556289672852,0,7.44971166784598,0.0146663406923589,0,-13.36570716671578,-84.50210248997372,-4.4163498878479,-11.490327902337047,-89.21534917744367,-4.405717849731445,-2.5396562231095396,2.532990198848938,0.378690767304014,0.0109560946002603,0.0014706707932919,216.543376472152
0,213.79872729699,-12.3601388931274,-86.827880859375,0,7.44416098230763,0.0300159901181023,0,-13.298048672284487,-84.47184244163849,-4.432595252990723,-11.422166441658389,-89.18407671056397,-4.427313327789307,-2.5360306009342453,2.5358611515003875,0.378856706635069,0.022492928430438,0.0030215286367776,216.617849755245
0,213.873142204683,-12.2911462783813,-86.7999954223633,0,7.43843659177588,0.0465016179480421,0,-13.230723696847846,-84.44173155862215,-4.448757171630859,-11.3537828563214,-89.1527023329278,-4.449285984039307,-2.5325639166729497,2.538545681353709,0.37914280892999,0.0348821617662907,0.0046893563895892,216.692264662937
0,213.947497818492,-12.222279548645,-86.7719573974609,0,7.43252493864163,0.0639229470229621,0,-13.163747571713113,-84.41177669780356,-4.463266372680664,-11.28516629249625,-89.12122106479981,-4.471333026885986,-2.529272827025272,2.5410263622195592,0.379554796234678,0.0479756221175194,0.00645458283612,216.766620276747
0,214.021795365087,-12.1535472869873,-86.7437438964844,0,7.42641732924086,0.0821154973623808,0,-13.097142605723572,-84.38198783674255,-4.477298259735107,-11.216295285039921,-89.08962305797594,-4.493465423583984,-2.5261809823277925,2.543278162385774,0.380102205292295,0.0616516433656216,0.0083011595162218,216.840917823341
0,214.096038321997,-12.0849590301514,-86.7153244018555,0,7.42010790025349,0.100943384518655,0,-13.030915888543017,-84.3523681462689,-4.491230487823486,-11.147159655401621,-89.05790364253878,-4.514901161193848,-2.5233202662684975,2.545269463878818,0.380788850800108,0.0758096054196358,0.0102158341067721,216.915160780251
0,214.170217518291,-12.0165224075317,-86.6867065429688,0,7.41359158743036,0.120293599696977,0,-12.965081192053848,-84.3229237858136,-4.505019664764404,-11.077764711413037,-89.02606525372062,-4.535887241363525,-2.520687443851853,2.5470046507060813,0.381616640106748,0.0903657972812653,0.0121876019929933,216.989339976545
0,214.244331767095,-11.9482460021973,-86.6578750610352,0,7.40686353195555,0.140071696148632,0,-12.899658438089828,-84.29366366535399,-4.518636226654053,-11.00809553214166,-88.9941010458001,-4.556955337524414,-2.518299973838808,2.5484664303537232,0.382593202606748,0.10525020211935,0.014207280379511,217.06345422535
0,214.318383060688,-11.8801383972168,-86.6288070678711,0,7.39992136061415,0.160198358695281,0,-12.83464693330975,-84.26458747479539,-4.531980037689209,-10.938151878885757,-88.9620109092609,-4.578118801116943,-2.5161833729268572,2.5496315086218533,0.383718538300108,0.12040389329195,0.0162671578295645,217.137505518943
0,214.392369379187,-11.8122062683105,-86.599494934082,0,7.39276127922076,0.180606673057332,0,-12.770058157926051,-84.23570034862664,-4.545234203338623,-10.867928076069443,-88.92979224014972,-4.599582195281982,-2.514348193669388,2.550491145773337,0.384996461884092,0.135777115821838,0.0183607464872195,217.211491837442
0,214.466285362709,-11.7444467544556,-86.5699615478516,0,7.38604976009267,0.196271699653608,0,-12.705865747611137,-84.20699049548531,-4.558308124542236,-10.797459867557118,-88.89746143774569,-4.621109485626221,-2.512775338428539,2.5510701038429464,0.386413621918272,0.147596284747124,0.0199760636998563,217.285407820964
0,214.540141123659,-11.6768398284912,-86.5402297973633,0,7.37991739048824,0.206718840280715,0,-12.64196202231652,-84.17840975580921,-4.571126461029053,-10.726809773490347,-88.86511677886178,-4.642679214477539,-2.511504844141464,2.5514025079749225,0.387928056732725,0.155496001243591,0.0210618935922705,217.359263581914
0,214.613945143011,-11.6093635559082,-86.5103302001953,0,7.37429207561776,0.212285258842479,0,-12.578258089708969,-84.14991837278255,-4.583888053894043,-10.655987174277474,-88.83293685001243,-4.664266109466553,-2.5106628954971346,2.551529073441844,0.389505434052061,0.159721419215202,0.0216502516931544,217.433067601266
0,214.687699875007,-11.5419988632202,-86.4803009033203,0,7.36907611998533,0.213377339318755,0,-12.514661364334334,-84.12147493785282,-4.596617221832275,-10.585159222806084,-88.80075448923739,-4.685534477233887,-2.509989430627809,2.5514960859145295,0.391107606903623,0.16057188808918,0.0217808329102134,217.506822333261
0,214.761383440367,-11.4747257232666,-86.4502410888672,0,7.36416742204096,0.210442603743874,0,-12.451131129362645,-84.0930612405462,-4.609334468841553,-10.514399639696755,-88.7686031932503,-4.706795692443848,-2.5093881791831696,2.5514043886424935,0.392709779755186,0.158380150794983,0.0214980883921465,217.580505898621
0,214.835034275754,-11.4075260162354,-86.4200973510742,0,7.35947173287502,0.203945543716841,0,-12.387530903257003,-84.06461623992557,-4.622024059295654,-10.443774446761275,-88.73651296062832,-4.72801399230957,-2.5089038171778912,2.5512155619555617,0.394268083588194,0.15349406003952,0.0208486643269212,217.654156734009
0,214.908659316561,-11.3403854370117,-86.3898849487305,0,7.35489798266586,0.194491530350597,0,-12.323822502636485,-84.03612285859418,-4.634605407714844,-10.3733069402772,-88.70449437658803,-4.749189376831055,-2.5085170165604294,2.5509497131475483,0.395769166962217,0.146369263529778,0.0198939692305718,217.727781774816
0,214.98220681211,-11.2732887268066,-86.3597640991211,0,7.3503741302989,0.182664811292812,0,-12.259991640578814,-84.00757469890624,-4.646694183349609,-10.303096947941079,-88.67259280021268,-4.766729831695557,-2.50807669108647,2.5507602032589607,0.39718823434503,0.137447476387024,0.0186936136067246,217.801329270365
0,215.055698001912,-11.206226348877,-86.329704284668,0,7.3458440430031,0.168919088879525,0,-12.19598871646346,-83.97894957246542,-4.658814430236816,-10.233156288652298,-88.64081360169973,-4.785151481628418,-2.5076067509433377,2.5506229163153376,0.398511934296202,0.127073496580124,0.0172941206303363,217.874820460167
0,215.129167436126,-11.1391878128052,-86.2996444702148,0,7.34126568376828,0.153611420220164,0,-12.131752340294705,-83.95022003525528,-4.670983791351318,-10.163485006133456,-88.60915680091556,-4.80350923538208,-2.5071583860230997,2.5504861334293323,0.399726915375303,0.115520060062408,0.0157322707401462,217.94828989438
0,215.202564616877,-11.0721635818481,-86.2697296142578,0,7.33660396656269,0.137025884282074,0,-12.067295082151107,-83.92139170920782,-4.68324089050293,-10.094156894550256,-88.57765592799078,-4.82177734375,-2.506595489906657,2.5504857614167955,0.400819826141905,0.103005282580853,0.0140374650221264,218.021687075132
0,215.275919409294,-11.0051517486572,-86.2398910522461,0,7.33184330219528,0.120402961143421,0,-12.002582343076119,-83.89244912003778,-4.696069240570068,-10.025154765198472,-88.54630317282968,-4.844388484954834,-2.5059790417246286,2.5505590398523954,0.401786851898741,0.0904645547270775,0.0123369192774799,218.095041867549
0,215.349233131399,-10.9381475448608,-86.2101364135742,0,7.32701163834125,0.10622975569714,0,-11.93763966479477,-83.86340369120927,-4.709418773651123,-9.956451167901045,-88.5150860627928,-4.861976146697998,-2.5052985175361546,2.550713423344228,0.402639436737608,0.0797682926058769,0.0108857354270761,218.168355589654
0,215.422476866226,-10.8711624145508,-86.1805114746094,0,7.32214237422558,0.0941914053117888,0,-11.872533181474806,-83.83428500104144,-4.722806453704834,-9.888032837775555,-88.483998570666,-4.879000186920166,-2.504515235815015,2.550984531141094,0.403394746796202,0.0706833675503731,0.0096525738387186,218.24159932448
0,215.495690411974,-10.8042001724243,-86.1509094238281,0,7.31724495435777,0.0840001545217472,0,-11.807254580800869,-83.80508933187478,-4.736225605010986,-9.819838640623043,-88.45301291867503,-4.895976543426514,-2.503726847377041,2.5512722414465148,0.404064226166319,0.0629945173859596,0.0086084813795899,218.314812870229
0,215.568835069277,-10.7372627258301,-86.1214218139648,0,7.31232253942176,0.0753972309152891,0,-11.741869435900874,-83.77584601110495,-4.749320030212402,-9.751872391078402,-88.42213084008978,-4.91377067565918,-2.502849602895668,2.5516583801286723,0.404661226288389,0.0565068498253822,0.0077272092360347,218.387957527532
0,215.641933805098,-10.6703586578369,-86.0919723510742,0,7.3073866384775,0.0681529555454889,0,-11.67639757138943,-83.74656390523464,-4.762934684753418,-9.684074747010873,-88.39132537140472,-4.930688381195068,-2.5019552883409686,2.5520687830459288,0.405202913300108,0.0510466508567333,0.0069853195644515,218.461056263353
0,215.715001992186,-10.6034879684448,-86.0625228881836,0,7.30243390731581,0.0620654599006198,0,-11.610825216131559,-83.71723685516275,-4.776731967926025,-9.616431889842895,-88.36059023382117,-4.946922302246094,-2.501078412883272,2.552468394958059,0.405689287201475,0.0464610271155834,0.0063621731705211,218.534124450441
0,215.788002342276,-10.5366544723511,-86.0331573486328,0,7.29746857947039,0.0569591260942309,0,-11.545221325894957,-83.68789570116098,-4.790533542633057,-9.548942306586358,-88.32992473987707,-4.963118553161621,-2.50014315027814,2.552931509690295,0.406135606781553,0.0426167622208595,0.0058397598623321,218.60712480053
0,215.860947148968,-10.4698514938355,-86.0038604736328,0,7.29249131268676,0.0487885182618976,0,-11.479552589006069,-83.65852554467776,-4.804351806640625,-9.481616591679972,-88.2993337034071,-4.979361534118652,-2.499160973296601,2.5534471270353705,0.406532335297178,0.0364795513451099,0.0050022322151027,218.680069607222
0,215.933853490323,-10.4030704498291,-85.974609375,0,7.28745343399802,0.0381536256367814,0,-11.41375460657181,-83.6290975834906,-4.817829608917236,-9.414486964882947,-88.26883176422355,-4.995240211486816,-2.498150051122408,2.5539984394670907,0.406858491913389,0.0285006742924452,0.0039108700929562,218.752975948578
0,216.006710050563,-10.3362970352173,-85.9454650878906,0,7.28235816727392,0.0271331083789655,0,-11.347810684567083,-83.59960435124412,-4.831016540527344,-9.347589324030142,-88.2384352333597,-5.009665489196777,-2.4970492638659585,2.5546472278106123,0.407102632538389,0.0202401224523783,0.0027793170153509,218.825832508818
0,216.079499955913,-10.2695398330688,-85.9164505004883,0,7.27716205818839,0.0141953065901159,0,-11.28171841508262,-83.57004477100772,-4.844264984130859,-9.280956253665334,-88.20815891637636,-5.024035453796387,-2.4958415328138046,2.555410990276672,0.407257127777647,0.0105503126978874,0.0014497811840818,218.898622414167
0,216.152248762487,-10.2027711868286,-85.887565612793,0,7.27183055220541,-0.0003091485372574,0,-11.21542331728016,-83.54039447638084,-4.857555866241455,-9.214594707382465,-88.17800597280397,-5.039099216461182,-2.4945159444865785,2.556301367388912,0.407308626190733,-0.0003039975417777,-4.18048164517358e-05,218.971371220741
0,216.224941112,-10.1359949111938,-85.8588409423828,0,7.2663443558285,-0.0160991417297593,0,-11.148917125555984,-83.51064977059568,-4.870881080627441,-9.148540175237867,-88.14799252839195,-5.054250240325928,-2.4930466981767565,2.557344949670921,0.407247591034483,-0.0121116964146495,-0.0016668170533677,219.044063570255
0,216.297580084743,-10.0692014694214,-85.8302917480469,0,7.26068889717881,-0.0329461596774475,0,-11.082174736901212,-83.48079942640264,-4.884768962860107,-9.082811344114196,-88.11812707396895,-5.068736553192139,-2.4914164561229812,2.558559948505033,0.407064485565733,-0.0247034672647715,-0.0034023235670531,219.116702542997
0,216.37015819051,-10.0023832321167,-85.8019561767578,0,7.25485325796144,-0.0506631823392963,0,-11.01518966746744,-83.4508405439189,-4.898561954498291,-9.017427924470468,-88.08841856544981,-5.082931995391846,-2.4895877596428853,2.5599846863735976,0.406753587738584,-0.037942036986351,-0.0052297559313728,219.189280648765
0,216.442682813585,-9.93553924560547,-85.7738189697266,0,7.24882811939047,-0.0690964703255814,0,-10.94793709213396,-83.42076202017955,-4.912408351898193,-8.952400102287871,-88.05887163107687,-5.097157001495361,-2.4875747707892493,2.561606216315694,0.406307268158506,-0.0517148561775684,-0.0071339126906707,219.26180527184
0,216.515143872906,-9.86866188049316,-85.7459259033203,0,7.24260704070954,-0.0881189839742026,0,-10.880412872069067,-83.39056200410387,-4.926309585571289,-8.887749927349185,-88.02949628969225,-5.111351013183594,-2.485333371870997,2.563470141563355,0.4057198047796,-0.0659289062023163,-0.0091022509784744,219.334266331161
0,216.587550624019,-9.80174827575684,-85.71826171875,0,7.23618393299471,-0.107625113340425,0,-10.812608006996856,-83.36023647034395,-4.940853118896484,-8.823468299442576,-88.0002884063987,-5.12451171875,-2.482876862673281,2.565564356698747,0.404991197601866,-0.0805068537592888,-0.0111243649212996,219.406673082274
0,216.659889071008,-9.73479557037354,-85.6908721923828,0,7.22955579117998,-0.127526700130396,0,-10.744512900952525,-83.32978112713172,-4.954452991485596,-8.759589378503657,-87.97126350257373,-5.133471488952637,-2.4801636325564678,2.567933041588118,0.404111909882139,-0.095383994281292,-0.0131915654043607,219.479011529263
0,216.732162866323,-9.66780090332031,-85.6637573242188,0,7.2227178146907,-0.147749706609568,0,-10.676132465694279,-83.29919817123712,-4.967791557312012,-8.696100428310688,-87.94241579121272,-5.144071102142334,-2.477193214575116,2.5705782477156744,0.403085756317686,-0.110505975782871,-0.0152965773843116,219.551285324577
0,216.804374612626,-9.60075950622559,-85.6369247436524,0,7.21566950811753,-0.16823181513162,0,-10.607450134028799,-83.2684801930299,-4.981193542480469,-8.6330111485306,-87.91374967958954,-5.157124996185303,-2.4739580984177003,2.5735103670823305,0.401907014862608,-0.12582691013813,-0.0174332715036295,219.623497070881
0,216.876519777687,-9.53367137908936,-85.6103897094727,0,7.20840840242948,-0.188920214609384,0,-10.538469188314771,-83.23762866053568,-4.994888782501221,-8.571473979238087,-87.8825528161136,-5.170449256896973,-2.46749853484467,2.57674477447358,0.400575685516905,-0.141307905316353,-0.0195964756628927,219.695642235941
0,216.948595672073,-9.46653175354004,-85.5841751098633,0,7.20093331916824,-0.209770163103162,0,-10.469177804768826,-83.20663828560083,-5.010138034820557,-8.514397449223447,-87.84193533081257,-5.185174465179443,-2.450314459157719,2.5803062715051324,0.399086046234678,-0.156915828585625,-0.0217818001565808,219.767718130328
0,217.020601838648,-9.39933967590332,-85.5582885742188,0,7.19324431561353,-0.230743500146653,0,-10.399584002897345,-83.17551265492688,-5.025288105010986,-8.452095911959958,-87.81480687630878,-5.198310375213623,-2.447273093873383,2.5842038997032013,0.397441911713194,-0.172622412443161,-0.0239855147913422,219.839724296902
0,217.092535215896,-9.33209419250488,-85.5327453613281,0,7.18533691716091,-0.251807393686402,0,-10.329680174914575,-83.14424836595319,-5.040503978729248,-8.390216167181205,-87.78786208626553,-5.21122932434082,-2.4439078660375433,2.588454305027477,0.395639467255186,-0.188403367996216,-0.0262044473555302,219.91165767415
0,217.164396521283,-9.26479339599609,-85.5075531005859,0,7.17721255842003,-0.272933886172434,0,-10.259463807507723,-83.11284429460775,-5.0557861328125,-8.328756203993732,-87.76110008506346,-5.224061012268066,-2.440213030876524,2.593067583570851,0.393678712860655,-0.204237803816795,-0.0284358706523482,219.983518979538
0,217.236187353904,-9.19744300842285,-85.4826965332031,0,7.1697879702133,-0.288868479763181,0,-10.188971202550228,-83.08131667680058,-5.071329116821289,-8.267673784770405,-87.73450248083624,-5.236817359924316,-2.43620623820055,2.5980287478173247,0.391576814667295,-0.21618215739727,-0.0301273778047457,220.055309812158
0,217.307912444596,-9.13005352020264,-85.458137512207,0,7.16312611264014,-0.299804462544265,0,-10.11828932606055,-83.049704407837,-5.08730936050415,-8.20687182700929,-87.70802700017695,-5.252841472625732,-2.4319266326772757,2.6032979134561165,0.389373826996397,-0.224376916885376,-0.0312964822289069,220.127034902851
0,217.379581220266,-9.06263542175293,-85.4338226318359,0,7.15714177627917,-0.306018786578467,0,-10.047491691487773,-83.01804036639878,-5.103574275970459,-8.146257211675698,-87.68163309552276,-5.267007827758789,-2.4274268072517637,2.6088207730767006,0.387105989471983,-0.229025959968567,-0.0319704295879049,220.198703678521
0,217.451191527564,-8.99519729614258,-85.4097366333008,0,7.15172470863257,-0.307865191969675,0,-9.97668257103847,-82.98637118793482,-5.119842529296875,-8.085732304645129,-87.65527825326933,-5.279444694519043,-2.422722381489544,2.614577102827776,0.384817171112608,-0.230391517281532,-0.0321850117644755,220.270313985819
0,217.522750947453,-8.92775344848633,-85.3858184814453,0,7.14676360045612,-0.305747989937142,0,-9.905901733641691,-82.95471466176502,-5.13560152053833,-8.025240267950743,-87.62893772400815,-5.291876316070557,-2.4178738547319254,2.6205037397066224,0.382528352753233,-0.228774979710579,-0.0319817364481918,220.341873405708
0,217.594271298424,-8.86031055450439,-85.3620147705078,0,7.14215188228483,-0.300094934323549,0,-9.835190611841265,-82.92308933341866,-5.151125431060791,-7.964717012860546,-87.60258360107228,-5.304315090179443,-2.412931096474009,2.62654686116079,0.380262422577451,-0.224496722221375,-0.0314049347245493,220.413393756679
0,217.665722110818,-8.79288768768311,-85.3383636474609,0,7.13779363811408,-0.291338306424978,0,-9.764651366675476,-82.89154087636025,-5.166776180267334,-7.904124004857183,-87.57619910506996,-5.316452503204346,-2.407863870579623,2.6327298230136345,0.378049898163389,-0.217881858348846,-0.030499703901518,220.484844569073
0,217.737148626092,-8.72549057006836,-85.3147125244141,0,7.13359227510587,-0.280012283688472,0,-9.694288354530764,-82.86007123897002,-5.18238639831543,-7.843368449190254,-87.54974382964406,-5.328837871551514,-2.402811763642835,2.6389075367253483,0.375911760346006,-0.209333121776581,-0.0293221189002112,220.556271084347
0,217.808515889147,-8.65812683105469,-85.291145324707,0,7.12947193384466,-0.266622966928307,0,-9.624188108902988,-82.8287191230837,-5.19773530960083,-7.782439925743042,-87.52321323748016,-5.341263294219971,-2.3976977965051858,2.645149748312721,0.373868989960264,-0.199233174324036,-0.0279254904980191,220.627638347402
0,217.879819087186,-8.59080696105957,-85.2676467895508,0,7.12537328422754,-0.251564993895123,0,-9.554378899522494,-82.79749717224986,-5.212812423706055,-7.721322350201847,-87.4966003248575,-5.353726863861084,-2.392537847365146,2.651435462621171,0.371931123749326,-0.187881544232368,-0.0263515398900811,220.698941545441
0,217.951075466423,-8.52353668212891,-85.2441482543945,0,7.12124880453428,-0.235149944970784,0,-9.484881566435504,-82.7664147071141,-5.227591514587402,-7.659965625181772,-87.46988327747279,-5.366239070892334,-2.3873942622353135,2.657695903955382,0.370113420502256,-0.17551563680172,-0.0246333235257251,220.770197924678
0,218.02231640857,-8.45632553100586,-85.2205276489258,0,7.1170629314948,-0.217626544405336,0,-9.415680197089673,-82.73546461083706,-5.242072582244873,-7.598326828819698,-87.44304340551739,-5.378377437591553,-2.3823807548859666,2.663812996178902,0.368421602264951,-0.162325382232666,-0.0227972617382751,220.841438866825
0,218.093506305294,-8.38917922973633,-85.1968765258789,0,7.11278756676421,-0.199194992477625,0,-9.346840418897381,-82.70467623507396,-5.256547927856445,-7.536418360066459,-87.41608610796517,-5.39002799987793,-2.3774129363792924,2.6698646487628563,0.366867113129209,-0.148464202880859,-0.0208646773367233,220.912628763549
0,218.164626044883,-8.32210731506348,-85.173225402832,0,7.10840102835974,-0.180017642216332,0,-9.278387583027195,-82.67406091805573,-5.271212100982666,-7.474256312503052,-87.38901839257231,-5.401724815368652,-2.372464940926423,2.6758727684372077,0.365451860443662,-0.134056732058525,-0.0188528706271392,220.983748503138
0,218.235716974744,-8.25511455535889,-85.1494369506836,0,7.1038851881884,-0.160227182129384,0,-9.210297544248734,-82.64360786090351,-5.285803318023682,-7.411789411133079,-87.36181793225876,-5.413478851318359,-2.367662751854448,2.6817072863108296,0.364181566254209,-0.119204878807068,-0.0167759706331808,221.054839432999
0,218.306745834757,-8.18820667266846,-85.1255950927734,0,7.09922604129618,-0.139932614590989,0,-9.142624125684078,-82.61334113584054,-5.300895690917969,-7.349035795291393,-87.33449262557957,-5.425267219543457,-2.3629295528802823,2.687439788859574,0.363063859955381,-0.103992484509945,-0.0146455808130496,221.125868293011
0,218.377725207267,-8.12139225006104,-85.1016387939453,0,7.09441433855733,-0.119224097950491,0,-9.075357614032555,-82.5832563986234,-5.316032409667969,-7.28598518256482,-87.30703799518169,-5.43719482421875,-2.358323685425039,2.693009432721048,0.362098741547178,-0.0884887799620628,-0.0124712601912506,221.196847665521
0,218.448658751158,-8.05467319488525,-85.0775527954102,0,7.08948039005759,-0.099696463911992,0,-9.008492768418686,-82.55335130528695,-5.330102443695068,-7.222640651547729,-87.27945538160198,-5.449145317077637,-2.3538592039989874,2.6984004412977556,0.361284303680967,-0.0738898143172264,-0.0104214279808016,221.267781209413
0,218.51953126613,-7.98804664611816,-85.0533905029297,0,7.0844994982186,-0.0829634874019251,0,-8.942009276701157,-82.5236167712894,-5.343913555145264,-7.159052122277281,-87.25176652191973,-5.461134910583496,-2.3494869740921374,2.7036641496025617,0.360605287567686,-0.0614020675420761,-0.0086665060436627,221.338653724385
0,218.590357908222,-7.92150497436523,-85.0291290283203,0,7.07950357006834,-0.0686946784255062,0,-8.875843452960725,-82.49402431330232,-5.357656002044678,-7.095252609964617,-87.22398579221128,-5.473162651062012,-2.345226893858161,2.708785308553329,0.360040712372373,-0.0507720187306404,-0.00717135434606,221.409480366476
0,218.661128903031,-7.85504484176636,-85.0048065185547,0,7.07449938553503,-0.056578742631532,0,-8.809973408678928,-82.46456414175418,-5.371399879455566,-7.031281780946003,-87.19613046470529,-5.485112190246582,-2.3410438307184926,2.713801743090097,0.3595772266546,-0.0417613461613655,-0.0059028926855735,221.480251361286
0,218.731860252452,-7.78866052627564,-84.9803924560547,0,7.069490741376,-0.0463287664755953,0,-8.744338532433042,-82.43520914837552,-5.385009765625,-6.967167052664868,-87.16821247799749,-5.496894359588623,-2.3369655486546685,2.718690589445906,0.359195756928037,-0.0341510064899921,-0.0048306553377267,221.550982710707
0,218.802524476458,-7.72234773635864,-84.9559783935547,0,7.064478496617,-0.0376850037354019,0,-8.678932536359584,-82.40595652093903,-5.398416519165039,-6.9029638861776546,-87.14025598193734,-5.508691310882568,-2.3329077300759464,2.723539247084791,0.358882951752256,-0.0277433320879936,-0.0039271033770992,221.621646934713
0,218.873129993663,-7.65610313415527,-84.9315490722656,0,7.05946521207379,-0.0304157550239311,0,-8.613734332855682,-82.3767968280802,-5.411780834197998,-6.839161945925296,-87.11097089648182,-5.520558834075928,-2.3275034678591906,2.728335855772653,0.358633089081358,-0.0223625544458628,-0.003167711181558,221.692252451917
0,218.943722791076,-7.58992290496826,-84.906982421875,0,7.05445151706671,-0.0243168428065953,0,-8.548664208892086,-82.34769441839569,-5.425119400024414,-6.775398370864112,-87.0812945748413,-5.532414436340332,-2.32187070165298,2.732972735429805,0.35843091012628,-0.0178542956709862,-0.0025309110930561,221.762845249331
0,219.014256583755,-7.52380561828613,-84.8824157714844,0,7.04943900502079,-0.0192101711589337,0,-8.483751352174933,-82.31866234599589,-5.438437461853027,-6.711597945055601,-87.05160110242731,-5.544384479522705,-2.316256959931788,2.737576928364827,0.358270692841123,-0.0140843130648136,-0.0019979264676537,221.833379042009
0,219.084734507018,-7.45774793624878,-84.8578491210938,0,7.04442442334213,-0.0149416851301011,0,-8.41897909664245,-82.28969315703675,-5.45151948928833,-6.647770499841254,-87.02189505486244,-5.556420803070068,-2.310661864260945,2.7421506886809826,0.358146715179991,-0.0109368413686752,-0.0015525493794126,221.903856965273
0,219.155158354522,-7.39174795150757,-84.8332824707031,0,7.03941474551193,-0.01137909660593,0,-8.354322314842973,-82.260775613344,-5.464529991149902,-6.583934960494643,-86.99218524019273,-5.568461894989014,-2.305086331693293,2.7466963676588203,0.358049440399717,-0.0083127319812774,-0.0011808824200815,221.974280812777
0,219.225528578855,-7.32580518722534,-84.8087158203125,0,7.03440258905571,-0.0084094211818661,0,-8.28976653990083,-82.23190324465267,-5.477519512176514,-6.5201032975720175,-86.96247722965657,-5.580478191375732,-2.299531200782171,2.751215102373968,0.357973146454405,-0.0061275390908122,-0.0008710810384615,222.044651037109
0,219.295847419635,-7.25991725921631,-84.7841491699219,0,7.02938878184551,-0.0059366759954922,0,-8.225329225115928,-82.20308385689663,-5.490478515625,-6.456257887151935,-86.93276282087257,-5.592126369476318,-2.293994116679128,2.7557065181191627,0.357925462738584,-0.0043096877634525,-0.000613095442609,222.11496987789
0,219.366114435338,-7.19408464431763,-84.7595825195313,0,7.02373302072485,-0.0038805553558215,0,-8.160962982150757,-82.17429625578997,-5.503346920013428,-6.3924392628631335,-86.90306087867071,-5.603984355926514,-2.288478707287069,2.760173687589351,0.357887315765928,-0.0027984126936644,-0.0003984223572142,222.185236893593
0,219.436322037459,-7.12831544876099,-84.7350158691406,0,7.0169893711272,-0.0021741478679214,0,-8.096679698214922,-82.14554575785003,-5.516027927398682,-6.328650515197773,-86.87337284140263,-5.615834712982178,-2.282988074167779,2.7646129524560314,0.357860612885069,-0.0015452355146408,-0.0002202134503476,222.255444495714
0,219.506460853671,-7.06261968612671,-84.71044921875,0,7.00908990545204,-0.0007608401597105,0,-8.032526739558742,-82.11685354748434,-5.528684139251709,-6.264868744042854,-86.84368805108497,-5.627685546875,-2.2775237608810004,2.769017551100964,0.357860612885069,-0.0005087504978291,-7.2584387087984e-05,222.325583311925
0,219.576520622404,-6.99700832366943,-84.6858825683594,0,7.00003002886453,0.0004077632327666,0,-7.968446090890228,-82.0881936670853,-5.541325569152832,-6.201158861163325,-86.81403671842054,-5.639362812042236,-2.272095168207901,2.7733876330916227,0.357860612885069,0.0003469819494057,4.95686371895935e-05,222.395643080658
0,219.646492426442,-6.93149089813232,-84.6613159179688,0,6.98997245656185,0.0013729646482809,0,-7.9044459205478335,-82.05956977585778,-5.553955078125,-6.137528989528164,-86.78442262393511,-5.650954246520996,-2.266706332376,2.77771929172715,0.357860612885069,0.0010525861289352,0.0001505851582637,222.465614884697
0,219.716330326928,-6.86607360839844,-84.6368637084961,0,6.97908749237625,0.0021695360119193,0,-7.840568202086007,-82.03100065087995,-5.566423416137695,-6.074020861279001,-86.75486519026077,-5.662502288818359,-2.2612558083898486,2.7821146612199277,0.357860612885069,0.0016337912529707,0.0002340981074981,222.535452785182
0,219.786053033959,-6.80076503753662,-84.6124496459961,0,6.96720447431882,0.0028263825340849,0,-7.776839596972492,-82.00249821641621,-5.578757286071777,-6.010582271728176,-86.72534012071873,-5.674035549163818,-2.255813591934031,2.786497444883808,0.357877779022764,0.0021119560115039,0.0003031281549879,222.605175492214
0,219.855664091342,-6.73557567596436,-84.5880355834961,0,6.95418133265012,0.0033674768995026,0,-7.71326681258338,-81.97406547232114,-5.591062068939209,-5.947202451485242,-86.69584240310732,-5.685483455657959,-2.250418167780201,2.7908277805589106,0.35791592599542,0.0025048828683793,0.0003601980527799,222.674786549597
0,219.925154148873,-6.67051553726196,-84.5636215209961,0,6.93999805625638,0.0038126603481512,0,-7.649805032624729,-81.94568237463682,-5.603346824645996,-5.883933067150197,-86.66639608367302,-5.696850299835205,-2.245077469426894,2.795105237691097,0.357954072968076,0.0028272275812923,0.0004073815484857,222.744276607128
