time,dist,path_x,path_y,path_z,path_vx,path_vy,path_vz,left_edge_x,left_edge_y,left_edge_z,right_edge_x,right_edge_y,right_edge_z,e_min,e_max,yaw,yaw_rate,curvature,old_dist
0,0.0,5.18929815292358,-79.6407165527344,0,5.00302129583529,0.533958241132309,0,3.507479001574787,-76.48474416021384,-3.9569811820983887,6.2815025753277185,-81.69026331959807,-3.3555760383605957,-2.3224023014715782,3.576126032482017,0.489620256439756,0.384037315845489,0.0763275986399516,4.62733506001431
0,0.0504694396150347,5.2309741973877,-79.6122512817383,0,5.03408397096145,0.552056716683385,0,3.537536256532829,-76.46418148458821,-3.9534595012664795,6.333469076538154,-81.66176886182399,-3.3488609790802,-2.3272338235839736,3.574643409804028,0.493528413788389,0.398060619831085,0.078601872637065,4.67780449962934
0,0.101270642632635,5.27272748947144,-79.5833129882813,0,5.06589736142107,0.570138930707497,0,3.567422493157193,-76.44373580549225,-3.949955940246582,6.386018824800328,-81.63295459594082,-3.342066526412964,-2.3324768631580115,3.5728154188460377,0.497579622284483,0.41222158074379,0.080861383255193,4.72860570264694
0,0.152410337539576,5.31455802917481,-79.5538940429688,0,5.09844530112737,0.588184766087498,0,3.5971563486427094,-76.4233943729063,-3.946474552154541,6.439153462590254,-81.60381962134025,-3.3351988792419434,-2.338142374989249,3.5706437397976205,0.501770067230772,0.426523149013519,0.0831062812385837,4.77974539755388
0,0.203897437430155,5.35646295547485,-79.5239791870117,0,5.13170887504247,0.606170490161941,0,3.6267351161133923,-76.4031590386499,-3.943005323410034,6.492891728638158,-81.57435366313472,-3.3253636360168457,-2.3442495278468485,3.568119504260337,0.506103563324522,0.440969258546829,0.085337006729112,4.83123249744446
0,0.255738941326711,5.39844226837158,-79.4935607910156,0,5.16566311776333,0.624068490704048,0,3.6561555160452013,-76.38303204630085,-3.9395556449890137,6.547251948285075,-81.54454667310767,-3.3149023056030273,-2.350809811363728,3.5652422356732885,0.510583925262998,0.455564826726913,0.0875543417946067,4.88307400134102
0,0.307940005844304,5.4404935836792,-79.4626312255859,0,5.20028192806247,0.641846570108183,0,3.6854241511613686,-76.36300887882469,-3.9361279010772705,6.602243318838417,-81.51439360815866,-3.304387092590332,-2.357836152425177,3.5620117076590194,0.515211153046201,0.470316499471664,0.0897594718259102,4.93527506585861
0,0.360516552889076,5.48261642456055,-79.4311676025391,0,5.23572718562943,0.65899682939494,0,3.714561204796451,-76.34307572846146,-3.932664632797241,6.65787971045841,-81.4838868629518,-3.293748617172241,-2.3653541285077586,3.558416878736874,0.519983339325498,0.484879344701767,0.0918847783919901,4.98785161290338
0,0.413466317267377,5.52482175827026,-79.3991928100586,0,5.27289438358205,0.673318902123827,0,3.743598983638668,-76.32321049366026,-3.929194211959839,6.714148385348185,-81.45303342192143,-3.282986879348755,-2.3733434401311735,3.554493182390642,0.524890947357725,0.497635304927826,0.0936159607249899,5.04080137728168
0,0.46681213635171,5.56713533401489,-79.3667068481445,0,5.31205105806856,0.684012710177018,0,3.7726119241476943,-76.30336225118218,-3.925722599029541,6.7710416903297155,-81.42183748148551,-3.2718493938446045,-2.3817960523251887,3.550266805227411,0.529916811005186,0.507880985736847,0.094826293351543,5.09414719636602
0,0.520571063245334,5.60958194732666,-79.3337173461914,0,5.35290607220132,0.691314434869033,0,3.801703704269635,-76.28346007319371,-3.9222471714019775,6.828523444840817,-81.39031888029925,-3.260462522506714,-2.3906961840553436,3.545771167629731,0.535032320038389,0.515620172023773,0.0955318820269016,5.14790612325964
0,0.574745215417951,5.65218591690064,-79.3002548217774,0,5.39518810530091,0.695466100410709,0,3.8309615504008043,-76.26344428664436,-3.918748617172241,6.886549813090037,-81.35850165456058,-3.248948812484741,-2.4000071360056148,3.541055833989033,0.540210771576475,0.520933032035828,0.095762777755474,5.20208027543226
0,0.629348313581549,5.69496297836304,-79.2663192749023,0,5.43827575513612,0.697921607331755,0,3.8604395501307227,-76.24327788930086,-3.915224552154541,6.945111237603943,-81.32639104485752,-3.2372448444366455,-2.4097232968640765,3.5361356630921783,0.545438814179014,0.524863064289093,0.0957276782926637,5.25668337359585
0,0.684384369271996,5.73792886734009,-79.2319259643555,0,5.48239592454407,0.697645843010343,0,3.890184805449111,-76.22292865789674,-3.912142276763916,7.004190681870941,-81.29399639271102,-3.225435733795166,-2.419825083438327,3.5310370868244076,0.550703096405577,0.526612102985382,0.0952867085304371,5.3117194292863
0,0.739861503417155,5.78109884262085,-79.1970825195313,0,5.52740995464435,0.694928718795011,0,3.9203134564010655,-76.20231713906618,-3.9090611934661865,7.063724668844359,-81.26135250408231,-3.213358163833618,-2.430296191663424,3.525782457498128,0.555967378632139,0.52638190984726,0.0944873728855414,5.36719656343146
0,0.795784294185395,5.82449007034302,-79.1618041992188,0,5.57316543273686,0.690045401184817,0,3.9508388083506283,-76.18143423038497,-3.9059410095214844,7.123719559121254,-81.22845589130606,-3.2011218070983887,-2.4411158270180535,3.5203940408272927,0.561229753510069,0.524374186992645,0.0933760913093232,5.4231193541997
0,0.852153738793496,5.86811542510986,-79.126106262207,0,5.61952483055605,0.683256009786105,0,3.9818648697993484,-76.16020877788102,-3.902445077896118,7.184108198532701,-81.19534337659633,-3.188802480697632,-2.452260021952688,3.5148953106657927,0.566455888763975,0.520787060260773,0.0919970627002436,5.4794887988078
0,0.908980697040583,5.91198825836182,-79.0899887084961,0,5.6663707840448,0.674801037659175,0,4.013424383226778,-76.13861838187125,-3.8984336853027344,7.244887032343518,-81.1620169090982,-3.1763756275177,-2.463720764569782,3.509292178324484,0.571638154999327,0.515807926654816,0.090390969607032,5.53631575705489
0,0.9662587767844,5.9561185836792,-79.0534744262695,0,5.71360100773088,0.664896292199027,0,4.0455427113792375,-76.11664569127264,-3.8943517208099365,7.306034402098902,-81.12848836465308,-3.163856029510498,-2.4754707756921426,3.5036071672660527,0.576767015472959,0.509608745574951,0.0885943555373182,5.59359383679871
0,1.02399676074031,6.00051736831665,-79.0165634155273,0,5.76113046645445,0.65373308319287,0,4.0782776829205485,-76.09425114451986,-3.890190362930298,7.367522763954001,-81.09477284620047,-3.150916576385498,-2.487500389837261,3.4978442528781035,0.581825304047178,0.502344071865082,0.0866393932087022,5.65133182075461
0,1.08220008116021,6.04519128799439,-78.9792556762695,0,5.8088871976848,0.641477659108002,0,4.1116452503685625,-76.07142382822609,-3.8859472274780273,7.429349816382084,-81.06087161572174,-3.137903928756714,-2.499803942530293,3.492003198182115,0.586809206024717,0.494149684906006,0.0845538746430982,5.70953514117451
0,1.14086579234863,6.09014892578125,-78.9415664672852,0,5.85681250264684,0.628273192003984,0,4.145682957152383,-76.04813805829757,-3.881619691848755,7.491485710477427,-81.02680104007561,-3.1248278617858887,-2.512359052305827,3.4860975117016584,0.591705369965147,0.485143542289734,0.0823615322606628,5.76820085236293
0,1.19999011606782,6.13539791107178,-78.9035110473633,0,5.90485196682629,0.614241607606629,0,4.180405241791561,-76.02438395709927,-3.8772056102752686,7.553915798631536,-80.99256915089114,-3.111675977706909,-2.525144898266703,3.480139241299342,0.596508073822569,0.475427150726318,0.0800825465247883,5.82732517608213
0,1.25958139771956,6.18094253540039,-78.8650817871094,0,5.95297195440893,0.599489149632989,0,4.215840058216562,-76.00014240087539,-3.8727025985717773,7.61662944690582,-80.95818177900759,-3.0983128547668457,-2.5381616347175733,3.474119375126442,0.601209688202451,0.465088039636612,0.0777338654024079,5.88691645773387
0,1.31963082856296,6.22679042816162,-78.826301574707,0,6.00113342993339,0.584107563296749,0,4.251992284421225,-75.97541005250797,-3.868058919906616,7.6796112556087985,-80.92364736843884,-3.0847105979919434,-2.5513815346100075,3.468055677157857,0.60580639840753,0.454202592372894,0.0753301485365918,5.94696588857727
0,1.38014670258,6.27294588088989,-78.7871627807617,0,6.04931015059964,0.56817748778991,0,4.288889465307868,-75.95016806806424,-3.863131046295166,7.742849490035772,-80.88897235360012,-3.0710484981536865,-2.5648041057077458,3.4619385985435285,0.610290575043272,0.442837119102478,0.0728837886015854,6.0074817625943
0,1.44112925736401,6.31941556930542,-78.747673034668,0,6.09747562933003,0.551767824366205,0,4.3265370886549555,-75.9244126932623,-3.8580822944641113,7.806338926062088,-80.85415959900219,-3.0573339462280273,-2.5784155434275866,3.455772503217469,0.614660310761045,0.431048005819321,0.070405188229648,6.06846431737831
0,1.50257651829437,6.36620330810547,-78.7078399658203,0,6.14561243909177,0.534936812390438,0,4.36494941044466,-75.89813417534403,-3.8527660369873047,7.87006315612917,-80.8192181012962,-3.043548583984375,-2.5922021667808948,3.4495599417807594,0.618909883514951,0.418882787227631,0.0679028977779729,6.12991157830867
0,1.56448684992484,6.41331338882446,-78.6676712036133,0,6.19370193699187,0.517732559993476,0,4.404129942897816,-75.87133011153986,-3.847341299057007,7.9340143250172455,-80.78415216768435,-3.0292675495147705,-2.6061509949756885,3.4433038818268864,0.623037385956358,0.406380385160446,0.0653838419156642,6.19182190993915
0,1.62685895924358,6.46075057983398,-78.6271743774414,0,6.24173258284679,0.500194613041865,0,4.444093196966066,-75.84399057466275,-3.8418102264404297,7.9981757198453955,-80.74897096223329,-3.014892578125,-2.620247470826679,3.437007285404717,0.627037096039366,0.393572270870209,0.0628534733098047,6.25419401925789
0,1.68969758066719,6.50852108001709,-78.5863494873047,0,6.28969153215304,0.482355537163823,0,4.484841923393672,-75.81611368288212,-3.8361706733703613,8.062548389352495,-80.71367390989475,-3.0004820823669434,-2.634484783996356,3.4306681187571764,0.630909013763975,0.380484193563461,0.0603161896917048,6.31703264068149
0,1.75299994618588,6.55662775039673,-78.5452041625977,0,6.33757013659126,0.464242525510344,0,4.526383668344688,-75.7876942737397,-3.830578565597534,8.127117898049438,-80.67826892598775,-2.9860289096832275,-2.6488496727240833,3.424288512940605,0.63464932443292,0.36713707447052,0.0577754563308978,6.38033500620019
0,1.81676545217089,6.6050763130188,-78.5037460327149,0,6.38536041697938,0.445878562998818,0,4.56872770891506,-75.75872600061756,-3.825479745864868,8.191871406563015,-80.64276305064331,-2.9714159965515137,-2.663327330968415,3.4178722348927777,0.638254213348936,0.353548318147659,0.0552340802026032,6.4441005121852
0,1.88099240115748,6.65387105941772,-78.4619827270508,0,6.43305495930147,0.427282855099846,0,4.611876817436358,-75.7292069669168,-3.819737434387207,8.256799137895987,-80.60716164481953,-2.9564452171325684,-2.6779042204704515,3.4114225536366707,0.641721773163389,0.339732110500336,0.052694280006686,6.50832746117179
0,1.94568369175947,6.70301580429077,-78.4199142456055,0,6.48064627510763,0.408472317175969,0,4.655837108935972,-75.69913298924398,-3.8137755393981934,8.321894723174315,-80.57146820072019,-2.9414355754852295,-2.6925737456521475,3.4049363071403755,0.645050096527647,0.325700402259827,0.050157862426356,6.57301875177378
0,2.01083374925998,6.75251626968384,-78.377555847168,0,6.52813151399943,0.389461952968687,0,4.700608282736672,-75.66850427329744,-3.8077049255371094,8.387144749201028,-80.53569007311742,-2.9263927936553955,-2.70731483268256,3.3984241666966915,0.648237276093077,0.311463385820389,0.0476262741138677,6.63816880927429
0,2.07644728617539,6.80237865447998,-78.3349075317383,0,6.57550240684401,0.370264633880249,0,4.746203141813137,-75.63731206034605,-3.801523447036743,8.452539360552077,-80.49983266597258,-2.911308526992798,-2.7221188792379514,3.391884294336515,0.651279497162413,0.297029972076416,0.0451007636801132,6.70378234618969
0,2.14253180080622,6.85260629653931,-78.2919616699219,0,6.62275471998665,0.35089228360468,0,4.792625667673051,-75.60555362657317,-3.7952330112457275,8.518079743663252,-80.46389532873495,-2.895273447036743,-2.7369869603927475,3.3853077211197515,0.654176759735655,0.282407641410828,0.0425822941295062,6.76986686082053
0,2.20907254704996,6.90320587158203,-78.2487487792969,0,6.66988345688852,0.331355918449403,0,4.839862806989025,-75.57323790198046,-3.7891197204589844,8.583748734656071,-80.42788747276377,-2.879539728164673,-2.7518847650280676,3.37871914441592,0.656929063812803,0.267603278160095,0.0400717136224823,6.83640760706426
0,2.27607136107814,6.95417976379395,-78.2052688598633,0,6.71688522310931,0.31166575567659,0,4.887924532657829,-75.54035805198617,-3.7828991413116455,8.649533039364718,-80.39181638756357,-2.863781690597534,-2.7668055262126203,3.37211510689325,0.659532594696592,0.252623051404953,0.0375697266989966,6.90340642109245
0,2.34352381738817,7.00553512573242,-78.1615371704102,0,6.7637543850513,0.291831361933733,0,4.936810774827924,-75.50691410089246,-3.77445912361145,8.715418816122279,-80.35568966284663,-2.848001718521118,-2.7817274120097104,3.365507997500677,0.661985445038389,0.237472623586655,0.035076952493686,6.97085887740248
0,2.41145023741199,7.05727910995483,-78.1175308227539,0,6.81048637944359,0.271862151735334,0,4.986540778669814,-75.47289291737438,-3.756669759750366,8.781412835787862,-80.3195035859913,-2.83166241645813,-2.7966625028047645,3.3588788140126846,0.664285707489561,0.222157403826714,0.0325939445746467,7.0387852974263
0,2.47982283998565,7.10941410064697,-78.0732955932617,0,6.85707628895852,0.251767047791347,0,5.03709034677616,-75.43831105531031,-3.73858642578125,8.847485575724779,-80.2832743449553,-2.815009593963623,-2.8115651398138266,3.35226330351602,0.666433382050108,0.206682488322258,0.0301211925785237,7.10715789999996
0,2.5486581251673,7.16194868087769,-78.0288162231445,0,6.9035207246435,0.231554964839196,0,5.088486170583922,-75.40315025461169,-3.726766347885132,8.913630769746758,-80.24700537563628,-2.7985289096832275,-2.8264382633797043,3.345649198571945,0.668422746674131,0.191052809357643,0.027659137532882,7.17599318518161
0,2.61794996425522,7.21488761901856,-77.9841079711914,0,6.94981591824322,0.211234693157279,0,5.1407103843693225,-75.3674227375391,-3.723675489425659,8.979846485617196,-80.21069773752512,-2.78202748298645,-2.841264118016342,3.339049687074329,0.670257616058897,0.175273299217224,0.0252082065892716,7.24528502426953
0,2.68769481731398,7.268226146698,-77.9391708374024,0,6.99588659268236,0.193715371046917,0,5.193736287600298,-75.33114677040328,-3.7205395698547363,9.046142423772514,-80.17434611164386,-2.7652342319488525,-2.8560453068652234,3.332461209008417,0.671945619598936,0.161543190479279,0.023082320431863,7.31502987732828
0,2.75790585244,7.32195568084717,-77.8939743041992,0,7.04180251816848,0.179044958043142,0,5.247524402167209,-75.29434936088386,-3.7173595428466797,9.112567397359093,-80.13792373259349,-2.747835636138916,-2.8708185864837974,3.325855525405922,0.673503923431944,0.149933993816376,0.0212851116022789,7.38524091245431
0,2.82856270743893,7.37606239318848,-77.8485336303711,0,7.08765831074871,0.164999394927325,0,5.302008695332073,-75.25707568315585,-3.712069034576416,9.179142239986582,-80.10141917681469,-2.730389356613159,-2.885583167975568,3.3192398276980377,0.674949693695616,0.138793438673019,0.0195771068980444,7.45589776745323
0,2.89967267378636,7.43054294586182,-77.8028335571289,0,7.13338587847519,0.153309113177398,0,5.357172196246176,-75.21933734727988,-3.701561212539673,9.245888358029362,-80.0648207066877,-2.712799072265625,-2.9003559833659813,3.3126000259110735,0.676290559784483,0.129429623484612,0.0181400171680629,7.52700773380067
0,2.97124353427571,7.48538827896118,-77.7568511962891,0,7.17902425510975,0.143631159377472,0,5.412967099256588,-75.18116705795664,-3.6938512325286865,9.312857642783152,-80.02809986899169,-2.6951403617858887,-2.9151697736085853,3.3059156562963934,0.677545595184873,0.121605634689331,0.0169356307174451,7.59857859429002
0,3.04326673848306,7.54059362411499,-77.7105941772461,0,7.22465190180123,0.133715048567257,0,5.469364248020188,-75.14258476156103,-3.686058282852173,9.380059167280569,-79.99125168876897,-2.6771228313446045,-2.9300225544113396,3.2991913384108584,0.678722429291319,0.113632798194885,0.0157257875060678,7.67060179849736
0,3.115741561197,7.59615802764893,-77.6640625,0,7.27019296705502,0.125522042348925,0,5.526346246192866,-75.10360235924263,-3.6781699657440186,9.447504296886878,-79.95426993412183,-2.6590416431427,-2.9449164843723743,3.292427211505454,0.679826784149717,0.106979683041573,0.0147126413669066,7.7430766212113
0,3.18866668927695,7.6520733833313,-77.6172485351563,0,7.31567615637733,0.118780394058459,0,5.583874426175913,-75.06424630419613,-3.6701366901397705,9.515224145066972,-79.91713754480392,-2.6408042907714844,-2.9598682770782383,3.285615211443096,0.680872011200498,0.101454995572567,0.0138663362341647,7.81600174929126
0,3.26205169877111,7.70833301544189,-77.5701293945312,0,7.36111212854923,0.113253385999761,0,5.641934853811004,-75.02452612902799,-3.662119150161743,9.583176313586149,-79.87975554048947,-2.622023820877075,-2.974795846220464,3.2787341075073586,0.681865739838194,0.096888855099678,0.0131607002028214,7.88938675878542
0,3.33588694066443,7.76493072509766,-77.5227127075195,0,7.40650899207618,0.108736998332416,0,5.7004930118337125,-74.98446544761511,-3.6541857719421387,9.647487336659431,-79.83733529468235,-2.604494571685791,-2.9835376848197104,3.2717888416520164,0.682817506805967,0.0931323766708374,0.0125730410269592,7.96322200067874
0,3.41017892962221,7.82186222076416,-77.474983215332,0,7.45187285118911,0.105056222539113,0,5.759538085879724,-74.94407165825719,-3.646191358566284,9.712104224825687,-79.79471329695453,-2.5869297981262207,-2.992350662189005,3.264765557748628,0.683733034149717,0.0900559201836586,0.0120838041515457,8.03751398963651
0,3.48491948299857,7.87912321090698,-77.4269485473633,0,7.49721010827127,0.102061967917173,0,5.819047433379867,-74.90336025114006,-3.638134717941284,9.777033907741872,-79.75188497642938,-2.5692760944366455,-3.00123214902794,3.257669427365036,0.684618043915342,0.0875472649931908,0.0116762305725184,8.11225454301287
0,3.56011549681748,7.93670988082886,-77.3785934448242,0,7.5425229710151,0.0996291299710882,0,5.878980012337377,-74.86235930382648,-3.6300182342529297,9.842324843344645,-79.70881836972822,-2.551525831222534,-3.0102020839152916,3.250490188264615,0.685489702240538,0.0855108872056007,0.0113361840126904,8.18745055683179
0,3.63576025438405,7.99461984634399,-77.3299255371094,0,7.58781680653512,0.0976548038927115,0,5.939381479656295,-74.82103758161324,-3.6220898628234863,9.907922987966545,-79.66554912463813,-2.533597469329834,-3.0192493196758883,3.243227330474819,0.686328935638975,0.0838670134544373,0.011051936383802,8.26309531439836
0,3.71185685553695,8.0528507232666,-77.2809371948242,0,7.63309172334432,0.0960550541750473,0,6.000166981236195,-74.77945313470542,-3.6141600608825684,9.973912694474288,-79.62202160109668,-2.5156078338623047,-3.0283915358672666,3.2358821127822788,0.687168169037413,0.0825495794415474,0.0108138414975532,8.33919191555126
0,3.78840785626933,8.11139297485352,-77.2316131591797,0,7.67828873331555,0.0967561857204172,0,6.061338614430678,-74.737604528266,-3.605855703353882,10.040296111185029,-79.57823438205061,-2.4976158142089844,-3.0376468644293877,3.228436453108644,0.68800740243585,0.0830182656645775,0.0108112208350977,8.41574291628363
0,3.86541239330894,8.17022609710693,-77.1819305419922,0,7.72332060311349,0.101103707066731,0,6.122880258622027,-74.69550279069736,-5.457619667053223,10.107087037362389,-79.53417836535655,-2.479515314102173,-3.047047771927704,3.2208613668971484,0.688852357880185,0.0863270834088326,0.0111764993334204,8.49274745332325
0,3.94286603026883,8.22933769226074,-77.1318817138672,0,7.76832869731314,0.10485310160031,0,6.184717291734007,-74.65319897229419,-5.453956127166748,10.174350485504482,-79.48981066806817,-2.4616503715515137,-3.0566163840006335,3.213151212691677,0.68972973825128,0.0893060564994812,0.0114951266966798,8.57020109028313
0,4.02077295526633,8.28872013092041,-77.0814514160156,0,7.8131710711529,0.111575553478328,0,6.246828480123661,-74.61070759937074,-5.450276851654053,10.242115382665059,-79.44511220958819,-2.4436426162719727,-3.066373323098601,3.2052919556699138,0.690649080292295,0.0946392118930817,0.0121115437724773,8.64810801528063
0,4.09912231691429,8.34835243225098,-77.030632019043,0,7.85789985882956,0.119095302235774,0,6.309170244835774,-74.56805848506833,-5.446586608886719,10.310408200643518,-79.40006552883169,-2.425025463104248,-3.076341657812408,3.19726952315627,0.691623735443663,0.100716061890125,0.0128157011472472,8.7264573769286
0,4.17792476250542,8.40822219848633,-76.9793930053711,0,7.90242346610785,0.128791496291754,0,6.371712012684958,-74.52527257522401,-5.442883014678955,10.379278751403788,-79.35463776928891,-2.40625,-3.086559836341728,3.1890564157032495,0.692668962494444,0.108582735061646,0.013738610409644,8.80525982251973
0,4.25717684210678,8.46831130981445,-76.9277191162109,0,7.94670947902559,0.140224081998958,0,6.434412018899971,-74.48237842102118,-5.422330379486084,10.448765693710163,-79.30880343122121,-2.3874669075012207,-3.097057003330723,3.180634754437128,0.693800020233701,0.117931567132473,0.0148379919786067,8.88451190212108
0,4.33686600722475,8.52860260009766,-76.8756103515625,0,7.99075009892505,0.153047663066523,0,6.497231618489501,-74.43940245093097,-5.400393962860107,10.518890892212132,-79.26254809246946,-2.3688573837280273,-3.1078480118393754,3.1719988965980397,0.695028352753233,0.128516837954521,0.0160802515659818,8.96420106723906
0,4.41699908371414,8.58907794952393,-76.8230361938477,0,8.03453790309413,0.166986396018951,0,6.560138241992021,-74.39636694628297,-5.372421741485596,10.589702649608851,-79.2158398920513,-2.349687337875366,-3.118975589633036,3.1631187100512124,0.6963692188421,0.140138924121857,0.0174382980862011,9.04433414372845
0,4.49757098885247,8.64972305297852,-76.7699890136719,0,8.07807136363413,0.181817007541168,0,6.623105225379551,-74.35329014839797,-5.343502044677734,10.661225251350878,-79.16866281102114,-2.3299572467803955,-3.13045956372968,3.153983707085098,0.697832155243467,0.152633473277092,0.0188900072875948,9.12490604886678
0,4.57857461886294,8.71052074432373,-76.7164611816406,0,8.12133876365371,0.197356232691549,0,6.686119504978292,-74.31018099436028,-5.31059455871582,10.733466703957047,-79.1210115681926,-2.310188055038452,-3.142319671367659,3.1445802132496383,0.6994209766546,0.165863454341888,0.0204171389311669,9.20590967887725
0,4.66002612269432,8.77145767211914,-76.6624145507813,0,8.16433874508279,0.213452146679199,0,6.749167284409959,-74.26704892250986,-5.2777099609375,10.806474730180321,-79.07285468512211,-2.290438175201416,-3.1546023628725206,3.13487398555751,0.701147127167295,0.179713636636734,0.0220045068780357,9.28736118270862
0,4.7419064515452,8.83252048492432,-76.6078643798828,0,8.20707125619453,0.229977222499772,0,6.8122266631398976,-74.22390891537971,-5.24650764465332,10.880248716320583,-79.0241925666129,-2.270487070083618,-3.167306871088375,3.124872922708129,0.703014421478819,0.194085881114006,0.0236393372879399,9.36924151155951
0,4.82421040552928,8.8936939239502,-76.5528030395508,0,8.24953372730312,0.246822958206962,0,6.875292066256447,-74.18076478686291,-5.224405288696289,10.954794649311179,-78.97502126361903,-2.2500903606414795,-3.18045237742869,3.114564420806896,0.705024766937803,0.208895906805992,0.0253108207447446,9.45154546554358
0,4.90694461032661,8.95496463775635,-76.4972076416016,0,8.29172581277656,0.263896110841955,0,6.938348065912994,-74.13762709141507,-5.210324764251709,11.030149093687134,-78.92531665777807,-2.229609251022339,-3.194073249093418,3.103926991836606,0.707187700287413,0.22407078742981,0.0270097438678216,9.53427967034092
0,4.99010497819169,9.01631832122803,-76.4410705566406,0,8.33363888196811,0.281115223963912,0,7.001395610819385,-74.09449518000743,-5.203589916229248,11.106314923594645,-78.8750768532721,-2.2090368270874023,-3.20818834390156,3.0929483550718424,0.709503221527647,0.239546686410904,0.028728208336917,9.61744003820599
0,5.07369416572156,9.07774257659912,-76.3843765258789,0,8.37527219719653,0.298408759377871,0,7.064431587040519,-74.05137118293663,-5.196857929229736,11.183311284030921,-78.82428922185412,-2.1882383823394775,-3.2228238465198564,3.081612414122616,0.711975145355772,0.255267351865768,0.0304593655926557,9.70102922573586
0,5.15770326595424,9.13922309875488,-76.3271255493164,0,8.41662621442327,0.315713063367008,0,7.127453665828998,-74.0082566933389,-5.209836483001709,11.261138080150163,-78.77295382608538,-2.1671741008758545,-3.2379930740680183,3.069913520358087,0.714603471771787,0.271182626485825,0.0321972292867528,9.78503832596855
0,5.24212347623614,9.20074558258057,-76.2693176269531,0,8.45769875006492,0.332970678982084,0,7.190450169515081,-73.96515970010921,-5.219560623168945,11.339806192557432,-78.72106348900125,-2.1455492973327637,-3.2537114293103566,3.057847510852962,0.717392015472959,0.287247478961945,0.0339365519452059,9.86945853625045
0,5.32696392692525,9.26229858398438,-76.2109298706055,0,8.49848687360971,0.350129048554624,0,7.253429086534604,-73.92207473822104,-5.211723327636719,11.419336546982715,-78.66860440776406,-2.1236815452575684,-3.270011759063502,3.0453923351231413,0.72034268380792,0.303421199321747,0.035672705530264,9.95429898693955
0,5.4122214464647,9.32386779785156,-76.1519546508789,0,8.53898879333009,0.367139699062105,0,7.3163936531350595,-73.87899959370172,-5.202554702758789,11.499735337485484,-78.61557249670527,-2.1015758514404297,-3.2869153381714464,3.032536419179923,0.72345547677667,0.319666653871536,0.0374015703827171,10.039556506479
0,5.49788107825667,9.38543701171875,-76.092399597168,0,8.57920574734895,0.383957511624519,0,7.379337946077241,-73.83593831874123,-5.18718147277832,11.580999693020079,-78.56196964959761,-2.079218626022339,-3.304432134479433,3.019279874772643,0.726730394379209,0.33594936132431,0.0391194044411554,10.125216138271
0,5.58395730958808,9.44699382781982,-76.0322341918945,0,8.61913245104098,0.400539899315563,0,7.442275161260632,-73.79288188579743,-5.175048828125,11.66315654372305,-78.507778103032,-2.0563366413116455,-3.322603623565334,3.0055940648851998,0.73016934396417,0.352237522602081,0.0408228787755031,10.2112923696024
0,5.67044294314742,9.50852489471436,-75.9714584350586,0,8.65877329973142,0.416846561533158,0,7.505211171327579,-73.74982627729455,-5.166719913482666,11.746205303113335,-78.45299824385765,-2.033078670501709,-3.341444812171384,2.9914737703548653,0.73377041818292,0.368501275777817,0.0425089078292086,10.2977780031617
0,5.75733022030344,9.5700159072876,-75.9100723266602,0,8.69812423526158,0.432838667783706,0,7.568146882756571,-73.70677087309502,-5.158387184143066,11.830150779195023,-78.39762690066314,-2.009564161300659,-3.3609726862702924,2.976913987111354,0.737533617035459,0.38471245765686,0.0441746980101687,10.3846652803177
0,5.84461285180743,9.63145446777344,-75.8480758666992,0,8.73718607785692,0.448478953996892,0,7.631084822417151,-73.6637139445239,-5.150057315826416,11.914999707578415,-78.34165963056712,-1.9857653379440308,-3.38120375748958,2.9619108232882723,0.741458940521788,0.400844246149063,0.0458176373619486,10.4719479118217
0,5.93228332053791,9.69282627105713,-75.7854690551758,0,8.77595688696838,0.463731182149771,0,7.694031478160404,-73.62065105313049,-5.141726970672607,12.00075290119582,-78.28509589735064,-1.9615026712417603,-3.402155152285729,2.9464584853838534,0.745544481293272,0.416871100664139,0.0474353203970962,10.5596183805522
0,6.02035133923115,9.75411796569824,-75.7222290039063,0,8.81443958007757,0.478560054509222,0,7.757007315728334,-73.5775681979482,-5.131592750549316,12.08742560668238,-78.22792564416842,-1.936776041984558,-3.4238633443079802,2.9305325319532143,0.74978833200128,0.43276858329773,0.049025482534883,10.6476863992455
0,6.10881048922817,9.81531620025635,-75.6583557128906,0,8.85263142616991,0.492930798594551,0,7.820011078894979,-73.53446623838282,-5.122698783874512,12.175031867726233,-78.17013960765198,-1.9119030237197876,-3.446348265234592,2.914129205655754,0.754192399994444,0.448513060808182,0.0505860180868397,10.7361455492425
0,6.19766001837193,9.87640762329102,-75.5938415527344,0,8.89053354671342,0.506809640894342,0,7.883064954520437,-73.49132999602122,-5.114681243896484,12.263568750701227,-78.11173972285282,-1.8867663145065308,-3.4696324651616965,2.897234861252003,0.758750963226866,0.464081674814224,0.0521149217914578,10.8249950783862
0,6.28689447747634,9.93737983703613,-75.5286865234375,0,8.92814805528654,0.520163301837765,0,7.946178412605266,-73.44815299227292,-5.106658935546875,12.353041206200352,-78.05272272430634,-1.8609654903411865,-3.493734190485697,2.879844246995945,0.763462114349912,0.479452461004257,0.0536103130164837,10.9142295374906
0,6.37650724212893,9.99821853637695,-75.462890625,0,8.965474220011,0.532958900498698,0,8.009355600192178,-73.40493239007456,-5.0986328125,12.443459426611524,-77.99308188900329,-1.8348925113677979,-3.5186745862204636,2.8619517598357467,0.768325853363584,0.494603961706162,0.0550704118214271,11.0038423021432
0,6.46649247835881,10.058910369873,-75.3964538574219,0,9.00251511176405,0.545164234409726,0,8.072601755329503,-73.36166460598707,-5.090594291687012,12.534835114592896,-77.9328094977439,-1.80859375,-3.544475035278074,2.8435522168520886,0.773342180267881,0.509515583515167,0.056493536241606,11.0938275383731
0,6.55686339943495,10.1194448471069,-75.3293533325195,0,9.03927185134311,0.556747742039366,0,8.135942344162379,-73.31833221818191,-5.080787181854248,12.627190544203934,-77.87189085831784,-1.7822643518447876,-3.571174253855645,2.8246217625549095,0.77850918771417,0.52416729927063,0.0578781002124506,11.1841984594493
0,6.64760258454763,10.1798076629639,-75.261604309082,0,9.07575343460825,0.567673808348872,0,8.195574943222447,-73.27110339047917,-5.07012939453125,12.713548455204698,-77.80334919831755,-1.7592699527740479,-3.5889148059295093,2.8105646039632832,0.783821153656553,0.538543879985809,0.0592230156844916,11.2749376445619
0,6.73870403465423,10.2399845123291,-75.1932067871094,0,9.11192987062375,0.577933488584255,0,8.24509716295729,-73.21372456877,-5.057894229888916,12.79390624260261,-77.72740635166073,-1.7389782667160034,-3.597872098523707,2.8103247836158642,0.789274263397764,0.552609622478485,0.060525205640423,11.3660390946685
0,6.83018419236963,10.2999687194824,-75.124137878418,0,9.14768564965023,0.587359168837495,0,8.294593543661808,-73.1563756854021,-5.045674800872803,12.874946171959095,-77.65081884063677,-1.7185156345367432,-3.6075789063584143,2.809558264934226,0.794864702240537,0.565917909145355,0.0617374669104505,11.4575192523839
0,6.92202529160647,10.3597450256348,-75.0544128417969,0,9.18277639668157,0.595888298002231,0,8.344077271238076,-73.09904146255616,-5.033450603485107,12.95663407744762,-77.57361895396602,-1.6988012790679932,-3.6180425899946944,2.808272374052877,0.800581026093076,0.577790260314941,0.0627890233390897,11.5493603516208
0,7.01420893629258,10.4192972183228,-74.9840469360352,0,9.21673085481394,0.603899785016924,0,8.393568271005014,-73.04169881380092,-5.021838188171387,13.038925366652025,-77.49584883411072,-1.6792443990707397,-3.629269955610161,2.8064735872529165,0.806407976166319,0.587907314300537,0.0636504836365221,11.6415439963069
0,7.10672844569799,10.478609085083,-74.9130401611328,0,9.24894937875807,0.61160065305282,0,8.443100820574317,-72.98430802344954,-5.015269756317139,13.12177332821895,-77.41755262605372,-1.659124732017517,-3.6412772351383387,2.804157904579443,0.812326478973936,0.596050560474396,0.064304778316208,11.7340635057123
0,7.19956538450775,10.537654876709,-74.8414001464844,0,9.27882841011722,0.619017860441567,0,8.492701481602243,-72.92683831589167,-5.008693695068359,13.205122325170173,-77.33878291001957,-1.6391637325286865,-3.6540803571079996,2.8013177954886244,0.8183174610296,0.602136433124542,0.064749656298148,11.8269004445221
0,7.29269153706675,10.5964117050171,-74.7691497802734,0,9.30591462918584,0.626016943723672,0,8.54239442645721,-72.86926168386057,-4.997026443481445,13.288904658457703,-77.25960366559988,-1.6201428174972534,-3.6676803103958093,2.7979567115153365,0.82435994149835,0.606208443641663,0.0649953762842647,11.9200265970811
0,7.38608287388082,10.6548538208008,-74.6963043212891,0,9.32996395054935,0.632355170988134,0,8.592220092706953,-72.81153127444855,-4.983361721038818,13.373034192388493,-77.18009629610277,-1.6017577648162842,-3.6820818984147268,2.7940700303261794,0.830425310150694,0.608392894268036,0.0650592336273246,12.0134179338951
0,7.47970653245715,10.7129602432251,-74.6228942871094,0,9.35091323984643,0.637749320494644,0,8.642140451171844,-72.75369115008921,-4.971379280090332,13.457525788112939,-77.10024675686499,-1.5849865674972534,-3.697284853725716,2.7896621620916067,0.836525011078428,0.608842730522156,0.064959605902408,12.1070415924715
0,7.57351930464419,10.770712852478,-74.5489654541016,0,9.36880096650419,0.641930782105395,0,8.692229413530876,-72.69565567316221,-4.957280158996582,13.542212322334786,-77.02021298925439,-1.5685094594955444,-3.7132564806938873,2.7847532296602338,0.842605638519834,0.60769659280777,0.0647121354943717,12.2008543646585
0,7.66749697949526,10.8280954360962,-74.4745407104492,0,9.38370944389371,0.64467541570333,0,8.742468034528548,-72.63744679455026,-4.943509578704834,13.627092785035371,-76.93999594779814,-1.5510876178741455,-3.7299940598799606,2.7793444755918197,0.848671007172178,0.605062782764435,0.0643284942215773,12.2948320395096
0,7.76161211941778,10.8850965499878,-74.3996505737305,0,9.3957067812274,0.645808839848603,0,8.792873664689724,-72.57904441110215,-4.933743953704834,13.71210691739654,-76.85965258063203,-1.5353929996490479,-3.7474788180049883,2.7734461237178087,0.854703950897764,0.601020872592926,0.0638170345318114,12.3889471794321
0,7.85583787098868,10.9417161941528,-74.324333190918,0,9.40483426098748,0.645205094344134,0,8.843467713913718,-72.52042371628048,-4.923945426940918,13.797189136287933,-76.77924486768076,-1.5206371545791626,-3.7656761761962527,2.767080786228085,0.860685396210264,0.595630645751953,0.0631838802419416,12.483172931003
0,7.9501408324475,10.9979543685913,-74.2486343383789,0,9.41111148817896,0.642778271601568,0,8.894239505240394,-72.46159708092394,-4.913352012634277,13.88231007279127,-76.69880056430357,-1.5059337615966797,-3.7845504836126587,2.7602750561883678,0.866611528412413,0.588940918445587,0.0624338620393608,12.5774758924618
0,8.04449327748503,11.0538110733032,-74.1725921630859,0,9.41560625061487,0.638392579124589,0,8.945209032450578,-72.40254133927802,-4.899998664855957,13.967401191155757,-76.61838444082554,-1.490172028541565,-3.804064568418752,2.7530496700115656,0.872463274017881,0.581064581871033,0.0615715613715365,12.6718283374993
0,8.1388856243198,11.1092863082886,-74.0962219238281,0,9.41979826905709,0.631962877920907,0,8.996393299672874,-72.34323678954283,-4.886585712432861,14.05242631025598,-76.5380306905433,-1.474495768547058,-3.8241996710929906,2.7454095772547955,0.878229188934873,0.572087109088898,0.0605962004137954,12.7662206843341
0,8.23331753248302,11.1644067764282,-74.0195465087891,0,9.42415929766079,0.623545632169369,0,9.047809231265601,-72.28366382234415,-4.873164176940918,14.137366890608506,-76.45775683436167,-1.4588366746902466,-3.844913709335448,2.7373844942367307,0.883901643768858,0.562011420726776,0.0595050713612507,12.8606525924973
0,8.32778703305109,11.2191972732544,-73.9425888061524,0,9.42896426561756,0.613237262737169,0,9.099478996510658,-72.22379675128748,-4.859982967376709,14.222191333556733,-76.37759273487411,-1.4319945573806763,-3.866163144397979,2.729001960539463,0.889469194428038,0.550847411155701,0.0582976100624614,12.9551220930654
0,8.42229682891798,11.2736806869507,-73.865364074707,0,9.4340631374539,0.601176621916796,0,9.15143382897563,-72.16359938766163,-4.846685886383057,14.306859018390677,-76.29757678104636,-1.399810791015625,-3.8879081058064657,2.7202821133587736,0.89491658212335,0.538597285747528,0.0569751380518758,13.0496318889323
0,8.51684356249811,11.327880859375,-73.7878952026367,0,9.4396020593239,0.5874834849495,0,9.20368370537036,-72.10306017197156,-4.832594871520996,14.391350923987188,-76.2177269489612,-1.3717162609100342,-3.9101062840057623,2.711251118881802,0.900238084808897,0.525302410125732,0.0555413267594951,13.1441786225124
0,8.61145591344792,11.3818235397339,-73.7101669311523,0,9.44599276679527,0.572258184854947,0,9.256268417987439,-72.04213299895635,-4.818818092346191,14.475653169748709,-76.13805635660167,-1.3347827196121216,-3.9327380845622586,2.701910763615206,0.905422258392881,0.511030733585358,0.0540012605561563,13.2387909734622
0,8.70611215323299,11.4355344772339,-73.6322250366211,0,9.45343281301562,0.555615444519951,0,9.309188994947258,-71.98081667738631,-4.805315017700195,14.559726251687529,-76.05860233756516,-1.2928149700164795,-3.955740265753092,2.6923028579621784,0.910461473480772,0.495847642421722,0.0523612366737568,13.3334472132473
0,8.80084997298738,11.4890451431274,-73.5540466308594,0,9.46202312218527,0.537673562157489,0,9.362493472894824,-71.91905554969799,-4.791318416595459,14.643554891443667,-75.97937933080259,-1.252343773841858,-3.979091662381761,2.6824276023121922,0.915342378632139,0.479819297790527,0.0506283373061012,13.4281850330017
0,8.89565271847378,11.5423803329468,-73.4756698608399,0,9.4717634893963,0.518554182936398,0,9.416181555706379,-71.85684995899456,-4.776644229888916,14.72710614560321,-75.90041846978232,-1.209139347076416,-4.002734605037941,2.6723209228962803,0.920059251801084,0.46300932765007,0.048810023704256,13.5229877784881
0,8.99056399633404,11.5955715179443,-73.3970642089844,0,9.48262392699276,0.498374414800027,0,9.470297332240774,-71.79414882180714,-4.762152194976807,14.810377753200957,-75.82172189124977,-3.255662679672241,-4.026654195037552,2.6619782311032183,0.924602556244444,0.445480734109879,0.0469138876265131,13.6178990563484
0,9.08557298307284,11.6486434936523,-73.3182601928711,0,9.49457202416368,0.477255875129171,0,9.52483660060439,-71.73095700665144,-4.747835636138916,14.893350209641262,-75.74330802819772,-3.1973533630371094,-4.050799757628884,2.6514311463699918,0.928970384613584,0.427303701639175,0.0449483020008326,13.7129080430872
0,9.18068920619127,11.701623916626,-73.2392654418945,0,9.50757192321025,0.455350039106771,0,9.579824221800791,-71.66724570837498,-4.733619213104248,14.975989233358067,-75.6652092787272,-3.150578498840332,-4.0751284307227005,2.6406968753598257,0.93315129281671,0.408575862646103,0.0429245320709011,13.8080242662056
0,9.27593419230159,11.7545394897461,-73.1600723266602,0,9.52158538067492,0.432804605781576,0,9.635269047966709,-71.60300467046707,-4.719027996063232,15.058308184052377,-75.58741301713313,-3.1447229385375977,-4.099618325296125,2.6297845712838486,0.937147188202452,0.389396369457245,0.040853985701014,13.9032692523159
0,9.37132355265449,11.8074178695679,-73.080680847168,0,9.53658802540592,0.409742266148175,0,9.678449830012445,-71.52890270933386,-4.705244064331055,15.140269551496852,-75.50995469279181,-3.1451525688171387,-4.124229837287023,2.63448672467875,0.940944719330381,0.369848281145096,0.0387462873647613,13.9986586126688
0,9.46684475962476,11.8602705001831,-73.0011138916016,0,9.552551810742,0.3862640278457,0,9.719370221864438,-71.45241308173173,-4.691716194152832,15.221860423385749,-75.43284650859341,-3.1361913681030273,-4.148928817456311,2.6423338547951354,0.944545793549131,0.350000351667404,0.0366095443213515,14.0941798196391
0,9.56252114110123,11.9131393432617,-72.9213714599609,0,9.56945889766229,0.362454911632606,0,9.760586130604084,-71.37537106507214,-4.678092956542969,15.303082777151449,-75.35608659574774,-3.1246936321258545,-4.1736739543718295,2.6502080209520895,0.947948503510069,0.329910010099411,0.0344506018772096,14.1898562011155
0,9.65836224414248,11.9660415649414,-72.8414535522461,0,9.58728995833631,0.338385968728542,0,9.8021116913682,-71.29775023753204,-4.66653299331665,15.383915495514653,-75.27969491132875,-3.080188035964966,-4.198438177517145,2.6581219726719976,0.951147127167295,0.30962473154068,0.0322752367420194,14.2856973041568
0,9.75437332444266,12.0189981460571,-72.7613677978516,0,9.606030569567,0.314118212296571,0,9.843949470508287,-71.21954580201002,-4.654013633728027,15.450548148826798,-75.1938831404177,-3.066128969192505,-4.206265126371392,2.6660929856003865,0.954143571869444,0.289183676242828,0.0300883061354111,14.381708384457
0,9.85057233588418,12.0720300674438,-72.6811065673828,0,9.62566722838122,0.289704233636478,0,9.886112698176097,-71.14073302830836,-4.640952110290527,15.516032041188966,-75.10802790643342,-3.055986166000366,-4.213205048546755,2.67413264165167,0.956935930267881,0.268619358539581,0.0278939394704636,14.4779073958985
0,9.94697248838265,12.1251497268677,-72.6006622314453,0,9.64608387964985,0.268270955992883,0,9.92860010217083,-71.06131429446309,-4.627665996551514,15.581157875103179,-75.02264211906754,-3.0519042015075684,-4.220187068924394,2.682242033234017,0.959531831757139,0.250311613082886,0.0259395281721327,14.574307548397
0,10.0435685374357,12.1783475875855,-72.5200347900391,0,9.66733656842689,0.249885566867948,0,9.97137700852735,-70.98135441409303,-4.614290714263916,15.645988500127196,-74.93764337693412,-3.051487922668457,-4.22721714343627,2.6904007947050963,0.961957979218076,0.234380960464478,0.0242365307298397,14.67090359745
0,10.1403652913024,12.2316207885742,-72.4392166137695,0,9.68946210725388,0.234166471170278,0,10.014423002904758,-70.90089154629841,-4.600966930389404,15.710573751555,-74.8529663415099,-3.051279306411743,-4.234300587676756,2.6985940847017753,0.964233446137022,0.22059354186058,0.0227596897316017,14.7677003513167
0,10.2374037055493,12.2849626541138,-72.358154296875,0,9.71248388197841,0.220763602100503,0,10.057729399554207,-70.81994192674229,-4.587387561798096,15.77499518376739,-74.7685040877146,-3.0541954040527344,-4.241475353251596,2.706781347993482,0.966381120697569,0.208720043301582,0.021484323616646,14.8647387655636
0,10.3346578122302,12.3383722305298,-72.2768783569336,0,9.73642255348015,0.209360345004273,0,10.101263409484162,-70.73856684559415,-4.573627948760986,15.839280140357369,-74.68422076565462,-3.0578575134277344,-4.248723769077012,2.714969278485421,0.968418169037413,0.198542013764381,0.0203869674523605,14.9619928722445
0,10.4321696885956,12.3918447494507,-72.1953353881836,0,9.7612894204217,0.199672572201118,0,10.145023782635569,-70.656768639502,-4.559700965881348,15.903496894778307,-74.60002686273222,-3.0395238399505615,-4.256082926535953,2.723121755828908,0.970361757294248,0.189855262637138,0.0194457459857515,15.0595047486099
0,10.5299198683084,12.4453678131104,-72.1135406494141,0,9.78700595620118,0.193493458609891,0,10.18897523015273,-70.57461327145661,-4.545771598815918,15.967686990627708,-74.5158679115791,-3.0276622772216797,-4.263555870731301,2.7312277391410453,0.972232866303037,0.18403647840023,0.0188004914425309,15.1572549283228
0,10.6279377816373,12.4989366531372,-72.0314559936523,0,9.81368572495436,0.188180489998167,0,10.233110112814428,-70.49211502092012,-4.531764984130859,16.031911878246504,-74.4316633453076,-3.0118396282196045,-4.271171885112595,2.7392591226758936,0.974048662201475,0.179120987653732,0.018248807942297,15.2552728416516
0,10.7262200876577,12.5525331497192,-71.9490737915039,0,9.84112157332198,0.187365672512399,0,10.277385197451055,-70.40935470063393,-4.517431735992432,16.096253192271543,-74.34730613361462,-2.9982287883758545,-4.278956661001961,2.7471863940219645,0.975841569916319,0.177866756916046,0.0180705549947806,15.353555147672
0,10.8247775458555,12.6061296463013,-71.8663635253906,0,9.86941090607368,0.188459998923766,0,10.321775783389159,-70.32637848183997,-4.503115177154541,16.160776731285367,-74.26271000867922,-2.98907208442688,-4.28695607240796,2.754963975329125,0.977634477631162,0.178382158279419,0.0180709514338818,15.4521126058698
0,10.9236168893913,12.6597261428833,-71.783317565918,0,9.89856625982193,0.191045015106468,0,10.366285262547724,-70.24318002426124,-4.488928318023682,16.22548702993616,-74.17786902517247,-2.9798827171325684,-4.2951748968643555,2.7625884092305464,0.979427385346006,0.180356442928314,0.0182170686285729,15.5509519494056
0,11.0227669367915,12.7133159637451,-71.6998977661133,0,9.92859018775388,0.19484768821285,0,10.410892241426772,-70.15979931727155,-4.474837779998779,16.290471628923214,-74.09266840941568,-2.9710474014282227,-4.303648917414801,2.77002856108361,0.981246995941709,0.183582559227943,0.0184867351496021,15.6501019968058
0,11.1222145028415,12.7668857574463,-71.6161117553711,0,9.95947747458766,0.199642246120048,0,10.455577851855606,-70.07627162982325,-4.460709095001221,16.355748407898673,-74.00708471958731,-2.959759473800659,-4.312387603106303,2.7772741756429498,0.983102846161436,0.187887668609619,0.0188614243999277,15.7495495628558
0,11.2219850692205,12.8204221725464,-71.5319213867187,0,9.99108799843537,0.206752463297548,0,10.500328641801678,-69.99262210686031,-4.446075439453125,16.421383752800185,-73.92103091779141,-2.9477343559265137,-4.321431320051998,2.7842909805507117,0.985014009491514,0.194285854697227,0.0194417533595428,15.8493201292348
0,11.3220680250134,12.8739042282104,-71.4473266601563,0,10.0233849462969,0.215688973324348,0,10.545119034207142,-69.90889855778877,-4.431347370147705,16.487412761945777,-73.83446098699694,-2.935633420944214,-4.330802953005286,2.791057417174172,0.986995744721006,0.202450796961784,0.0201931724647888,15.9494030850277
0,11.4224737952027,12.9273138046265,-71.3623046875,0,10.0563528031556,0.226054822150109,0,10.589933186822652,-69.82513059541775,-4.416635513305664,16.55388364704345,-73.74731171734693,-2.922464609146118,-4.340537680328023,2.7975439838998066,0.989063310638975,0.212114006280899,0.0210872112850478,16.049808855217
0,11.5232200128379,12.9806337356567,-71.2768249511719,0,10.0899810013102,0.237522220489076,0,10.634753455204944,-69.74135120127147,-4.402028560638428,16.620859547956265,-73.65950032683924,-2.9078733921051025,-4.350676488816825,2.8037178757581342,0.991235780731748,0.223052069544792,0.0221001697597751,16.1505550728522
0,11.6243136270256,13.0338506698608,-71.1908721923828,0,10.1242577214239,0.249816263574045,0,10.679569809549584,-69.65757911616241,-4.387170314788818,16.688372623841943,-73.57098465194463,-2.8931725025177,-4.361245926600747,2.8095597567613875,0.99352269174249,0.235077619552612,0.0232121795393946,16.2516486870399
0,11.7257537712819,13.0869483947754,-71.1044387817383,0,10.1591654158475,0.262702493598916,0,10.724363456530153,-69.5738494672564,-4.372446060180664,16.7564608945878,-73.48171484519368,-2.878638744354248,-4.372272117350128,2.815050841464408,0.995937395111631,0.248032674193382,0.0244065117075308,16.3530888312962
0,11.8275412417236,13.13991355896,-71.0175170898438,0,10.1946962347943,0.27597798514317,0,10.769131687623716,-69.49016732650027,-4.35783052444458,16.825133506470713,-73.39167891500017,-2.860877513885498,-4.383775819263647,2.8201780052050496,0.998481798187803,0.261783361434937,0.0256689838907108,16.4548763017379
0,11.929696085257,13.1927318572998,-70.9300765991211,0,10.2308273367586,0.289463647627586,0,10.813865552774786,-69.4065494236103,-4.343076229095459,16.894442023764054,-73.30080925599437,-2.843109130859375,-4.395797025212859,2.8249141490184067,1.00116925241144,0.27621603012085,0.0269876062385967,16.5570311452713
0,12.0322209780842,13.2453927993774,-70.8421096801758,0,10.2675380905067,0.302999545557284,0,10.858560875737258,-69.32300356495287,-4.328078746795654,16.964402811661596,-73.20908441194496,-2.825732469558716,-4.408356252879727,2.8292490206794088,1.0040035724798,0.291233539581299,0.0283521528818963,16.6595560380985
0,12.1351223759846,13.2978801727295,-70.7536010742188,0,10.3046417400746,0.316485661551939,0,10.903212724538896,-69.23953896952067,-4.312830924987793,17.035039957914037,-73.1164728016585,-2.806722402572632,-4.421484599128939,2.833163645874812,1.00699048043878,0.306715548038483,0.0297507665146973,16.7624574359989
0,12.2383947940206,13.3501796722412,-70.66455078125,0,10.3418837031933,0.329868635507934,0,10.947813345900338,-69.15617012997956,-4.297657489776611,17.106365844668147,-73.02295819103422,-2.7841601371765137,-4.435202371082577,2.836648754263301,1.01013379098565,0.322530835866928,0.0311710034806281,16.8657298540349
0,12.3420479924017,13.4022808074951,-70.5749435424805,0,10.3791891729404,0.342656400540896,0,10.992367412049514,-69.07288831285882,-4.282415866851807,17.17839222305177,-72.92852517329352,-2.761523485183716,-4.449535247146368,2.8396923224852886,1.01343350412042,0.338231772184372,0.0325697504788647,16.969383052416
0,12.4460796554657,13.4541749954224,-70.4847793579102,0,10.4167285877808,0.353716320193214,0,11.0368793421317,-68.98968525775756,-4.267078876495361,17.25109181621655,-72.8331672887832,-2.7347912788391113,-4.464471213693682,2.8422921460907835,1.01688580514581,0.352880507707596,0.0338568137172687,17.07341471548
0,12.5504908482047,13.5058603286743,-70.3940582275391,0,10.4545342889708,0.363222966304863,0,11.081360572835166,-68.9065395868698,-4.251772403717041,17.31495263685523,-72.73107467755239,-2.710184335708618,-4.468873471007633,2.84445263142185,1.0204830646673,0.366525411605835,0.035037849435153,17.177825908219
0,12.6552835723619,13.557336807251,-70.3027801513672,0,10.4925460343345,0.371339865265918,0,11.125836033520386,-68.82340470147582,-4.236476898193359,17.379328316482336,-72.62815897482324,-2.6921935081481934,-4.4738133364294725,2.8461812546627967,1.02420811654718,0.379200398921967,0.0361173679185984,17.2826186323762
0,12.7604531463279,13.6086044311523,-70.2109527587891,0,10.5308625582458,0.377280161122689,0,11.170314924781733,-68.7402634035445,-4.221243858337402,17.444201352560274,-72.52444816144141,-2.6717212200164795,-4.479292881874068,2.847487119638402,1.02805333139093,0.390200406312943,0.0370292776528952,17.3877882063422
0,12.8660132489152,13.6596736907959,-70.1185684204102,0,10.5696336929961,0.38022255380981,0,11.214835815332785,-68.65704359926198,-4.205738544464111,17.509527854800382,-72.42001240365491,-2.6436657905578613,-4.48531174971327,2.8483832326657392,1.03199582101495,0.398755848407745,0.0377021666271574,17.4933483089296
0,12.971966832795,13.710560798645,-70.025634765625,0,10.6088323421626,0.380321276210041,0,11.259427401456373,-68.5736916486626,-4.190211296081543,17.57526746270705,-72.31491622472456,-2.6173694133758545,-4.49185565197977,2.8488934247717905,1.03601651193292,0.404828786849976,0.0381351014026827,17.5993018928094
0,13.0783103654683,13.7612829208374,-69.9321670532227,0,10.6484228093965,0.377719034569008,0,11.304133403910086,-68.49012582757496,-4.174577713012695,17.641344446332003,-72.20928069212317,-2.5965564250946045,-4.498902529071958,2.8490466203633416,1.04008297921808,0.408425241708756,0.0383313604818816,17.7056454254826
0,13.1850467630219,13.8118572235107,-69.8381729125977,0,10.6883672414122,0.372565617237998,0,11.348997950334606,-68.4062636512694,-4.158889293670654,17.707690531768275,-72.10321495354684,-2.5729124546051025,-4.506432359749363,2.8488664293271513,1.0441647052923,0.409585237503052,0.0382973964123894,17.8123818230362
0,13.2921876981098,13.8622913360596,-69.7436447143555,0,10.7282361145518,0.367634672689015,0,11.394027978390827,-68.32209215165894,-4.143138408660889,17.774314410616586,-71.9967051139625,-2.544027090072632,-4.514444118620097,2.8483566650473193,1.04826169015558,0.410383075475693,0.0382301739280848,17.9195227581241
0,13.3997192125011,13.9125814437866,-69.6485977172852,0,10.7681138782827,0.361705559585199,0,11.439223481077333,-68.23761134183084,-4.127304553985596,17.841202065629602,-71.88977358237412,-2.525775194168091,-4.522933699340193,2.8475221093812704,1.05237011911065,0.409932434558868,0.0380476439855919,18.0270542725154
0,13.5076493346117,13.9627275466919,-69.5530242919922,0,10.8078155074563,0.356339914728905,0,11.48464081985172,-68.15271586923234,-4.111961364746094,17.908268369541588,-71.78255644949833,-2.5074217319488525,-4.531898721962719,2.846362152747555,1.05645184518487,0.409453958272934,0.0378644129310112,18.134984394626
0,13.6159690578205,14.0127220153809,-69.4569320678711,0,10.8473040220563,0.351476260903517,0,11.530241184670842,-68.06747827877787,-4.096409797668457,17.975574738019123,-71.67495553172726,-2.4826207160949707,-4.541346693166874,2.8448713339742477,1.06053357125909,0.408955365419388,0.0376813309696357,18.2433041178348
0,13.7246892994296,14.0625562667847,-69.3603057861328,0,10.8865424681257,0.347075033769138,0,11.5760309110752,-67.9818867278822,-4.079915523529053,18.043129026419432,-71.56695827090832,-2.4536426067352295,-4.551293737313824,2.8430349003722633,1.06461529733331,0.408436924219132,0.0374985460111038,18.3520243594439
0,13.833793510979,14.1122207641602,-69.2631607055664,0,10.9255407453914,0.343088470034282,0,11.62200361199913,-67.89595315544297,-4.063576698303223,18.11092477555742,-71.4585749931705,-2.4280786514282227,-4.561740639819456,2.8408516240789012,1.06869702340753,0.407910704612732,0.037317121400479,18.4611285709933
0,13.943286855373,14.1617088317871,-69.1654891967773,0,10.964271765574,0.33948740365623,0,11.668163039923215,-67.80967054720918,-4.047342300415039,18.17896694131843,-71.34979777567051,-2.402738094329834,-4.572697965798931,2.8383119678144646,1.07277874948175,0.407375127077103,0.0371369844307031,18.5706219153873
0,14.0531609460558,14.2110137939453,-69.0672988891602,0,11.0026916807572,0.336256956998761,0,11.714506683079607,-67.72304359825381,-4.030978679656982,18.24725343006618,-71.24062996544949,-2.3732738494873047,-4.584168230699869,2.835413557443215,1.07686047555597,0.406820327043533,0.0369573634973916,18.6804960060701
0,14.163425352129,14.2601232528687,-68.9685745239258,0,11.0407652464939,0.333379401571061,0,11.7574460598108,-67.63414508107947,-4.015379428863525,18.315791473634516,-71.13106000116522,-2.3434534072875977,-4.596171032087599,2.8362113938469635,1.08094220163019,0.40624150633812,0.0367779249916122,18.7907604121433
0,14.2740589814866,14.3090324401855,-68.8693389892578,0,11.0783866894812,0.33086418829096,0,11.794111352255777,-67.54141350530404,-4.001291275024414,18.384478945317124,-71.0212511500921,-2.3134143352508545,-4.608686381620701,2.843978581045831,1.08498578073175,0.405614018440247,0.0365967766361405,18.9013940415009
0,14.3850672479866,14.3577346801758,-68.7695846557617,0,11.1154491482479,0.328724400060202,0,11.830887883589577,-67.44840059105397,-3.9875364303588867,18.453413950749027,-70.91104657333645,-2.283642530441284,-4.621736452008719,2.851400018632201,1.08902935983331,0.404915243387222,0.0364122299030512,19.0124023080009
0,14.4964548243953,14.4062213897705,-68.669303894043,0,11.151936638626,0.326931501703312,0,11.867778318238024,-67.35509959962931,-3.973159074783325,18.522601286145594,-70.80043860331517,-2.2510313987731934,-4.635333709706953,2.8584656994385305,1.09307293893487,0.404159247875214,0.0362256080324296,19.1237898844096
0,14.6081952613792,14.454475402832,-68.5685195922852,0,11.1876762230952,0.326747691369315,0,11.904773901860288,-67.26153267196405,-3.958519220352173,18.592029314922645,-70.68944584312874,-2.2202343940734863,-4.649481749289251,2.8651688526067645,1.09711651803644,0.404380261898041,0.0361297464641456,19.2355303213935
0,14.7202848825606,14.5024843215942,-68.4672317504883,0,11.2229342048997,0.326617724629372,0,11.941874255588703,-67.16770076626672,-3.944317579269409,18.661698445861646,-70.578067639269,-2.1886096000671387,-4.664192350329307,2.8714986834544383,1.101160097138,0.404532939195633,0.0360299479142335,19.3476199425749
0,14.8327343463497,14.5502367019653,-68.3654251098633,0,11.2576459692873,0.327748101033748,0,11.979084257103583,-67.07359154621183,-3.9296252727508545,18.731616677731754,-70.46629120431449,-2.1561877727508545,-4.679484677670745,2.8774396346222155,1.10520367623956,0.405626088380814,0.0360159039134514,19.460069406364
0,14.9455244067595,14.5977153778076,-68.2631149291992,0,11.2918626534784,0.32988939710214,0,12.016371474073825,-66.97928703763276,-3.9148669242858887,18.801838291016512,-70.35402976148643,-2.125955820083618,-4.695377972564819,2.882975963220552,1.10927205087335,0.407574415206909,0.0360791311213069,19.5728594667738
0,15.0586501780348,14.6449041366577,-68.1603012084961,0,11.325631821651,0.332841097013067,0,12.053745164540903,-66.8847638256672,-3.9001011848449707,18.872339894261607,-70.24132070608648,-2.094250440597534,-4.711884467388762,2.8880963338807355,1.1133556842962,0.410294681787491,0.0362114558241442,19.6859852380491
0,15.1721243839098,14.6917953491211,-68.0569686889649,0,11.3591378500655,0.335355078433677,0,12.09118863599059,-66.79006412798329,-3.8852367401123047,18.943184176922742,-70.12806381813367,-2.062375545501709,-4.729031824720913,2.8927845483228602,1.11747555734308,0.412845432758331,0.0363289570865792,19.7994594439241
0,15.2859332265208,14.7383842468262,-67.9531326293945,0,11.392509963816,0.337455207399358,0,12.128714206918914,-66.69515678940748,-3.8703367710113525,19.014329111299837,-70.01432628620468,-2.031672239303589,-4.746811959082956,2.8970469328577955,1.12161641122491,0.415260314941406,0.0364343119391336,19.9132682865351
0,15.4000566649452,14.78466796875,-67.8488159179688,0,11.4257603705665,0.339184298727546,0,12.166319812096384,-66.60004703318968,-3.855328321456909,19.085757930490793,-69.9001349151041,-2.0001208782196045,-4.765216100765586,2.9008913797389733,1.12577443124444,0.417542070150375,0.0365278281488089,20.0273917249595
0,15.514523847667,14.8306446075439,-67.7439880371094,0,11.4588552005988,0.340592912251484,0,12.20399887416202,-66.50475149438195,-3.8402624130249023,19.157533285179298,-69.78538954683476,-1.9692858457565308,-4.7842748408257645,2.904302845352792,1.12996678353937,0.419684827327728,0.0366092034989057,20.1418589076813
0,15.6293205669471,14.8763084411621,-67.6386642456055,0,11.4918070369479,0.341708279359239,0,12.241777999636595,-66.40920288142782,-3.825101137161255,19.22439676719106,-69.66779494784524,-1.941259741783142,-4.79825421353655,2.9072884090386046,1.13416485788019,0.421697974205017,0.0366793203752788,20.2566556269614
0,15.7444488655689,14.9216594696045,-67.532844543457,0,11.5246256317054,0.342555742634649,0,12.279626520511485,-66.31347875794604,-3.809476137161255,19.290926567175106,-69.54937306872212,-1.9132604598999023,-4.8121598334969065,2.909843814187952,1.13839917184503,0.423590481281281,0.0367390227351475,20.3717839255832
0,15.8598944866533,14.9666919708252,-67.4265441894531,0,11.5573622241241,0.34314449962995,0,12.317579292502725,-66.2174909690289,-3.793632745742798,19.3576643472742,-69.43058098863565,-1.883394718170166,-4.8266760719169906,2.91197659198473,1.14263348580987,0.425381571054459,0.0367899001147548,20.4872295466676
0,15.9756720340778,15.011402130127,-67.3197479248047,0,11.5900440538743,0.343488169551767,0,12.355602000642204,-66.12132630195813,-3.7780065536499023,19.424710628385025,-69.31123978214977,-1.8508495092391968,-4.841831442612208,2.913672719074271,1.14690594674737,0.427083522081375,0.0368329995374383,20.6030070940921
0,16.0917858831749,15.0557775497437,-67.2124481201172,0,11.6223116950347,0.345732049976067,0,12.393724019224582,-66.0249104650958,-3.7622532844543457,19.49201181343661,-69.19144485111235,-1.800179362297058,-4.857633426232618,2.9149227573716314,1.1511917591253,0.430355995893478,0.0370120611480981,20.7191209431892
0,16.208206195372,15.0997896194458,-67.1046676635742,0,11.6541032761318,0.349436808303013,0,12.431906920205952,-65.92834064825898,-3.7458579540252686,19.55962018353103,-69.07110313607708,-1.7373082637786865,-4.874110906397844,2.915706319892956,1.15551762582452,0.434960603713989,0.0373057627351552,20.8355412553863
0,16.3249497312531,15.1434202194214,-66.9963836669922,0,11.6854690807907,0.354231470513182,0,12.470149851117945,-65.8316190074576,-3.7296018600463867,19.627565984593684,-68.95016079982634,-1.6688610315322876,-4.891299247449301,2.915999172522179,1.15989117623956,0.440707951784134,0.0376968693782415,20.9522847912674
0,16.4419995434236,15.1866550445557,-66.8876113891602,0,11.7164421249108,0.359813716718638,0,12.508425509853986,-65.73481459348048,-3.7133140563964844,19.69589587497239,-68.8285347913179,-1.5326489210128784,-4.909219542833713,2.9157938700597454,1.16433339120538,0.447426974773407,0.0381699608066536,21.0693346034379
0,16.5593701129723,15.2294683456421,-66.7783279418945,0,11.7470135302099,0.365948557349628,0,12.546742528657951,-65.63790557419361,-3.696474552154541,19.764617071022087,-68.70621226556636,-1.3249499797821045,-4.9279115177502355,2.9150610604009275,1.16884236337335,0.454951375722885,0.038710330522415,21.1867051729866
0,16.6770452521451,15.2718467712402,-66.6685485839844,0,11.7771803132596,0.372435723683125,0,12.58508433903307,-65.5409338536079,-3.6794517040252686,19.833754791124512,-68.58314833429374,-1.223177433013916,-4.947392948389017,2.9137960373508744,1.17342953683526,0.463135987520218,0.0393052131400884,21.3043803121594
0,16.7950132734922,15.3137693405151,-66.5582809448242,0,11.8069861881823,0.379087060757583,0,12.6234401243714,-65.44392678841497,-3.6624279022216797,19.90332769450607,-68.45930978440374,-1.164941430091858,-4.967691267943434,2.9119849719981223,1.17810254098565,0.471865981817246,0.0399443980222012,21.4223483335065
0,16.9132878376554,15.3552255630493,-66.447509765625,0,11.8365052855302,0.385728830356543,0,12.66181058410437,-65.34688260965638,-3.642808675765991,19.97336289212595,-68.3346483588637,-1.0905309915542603,-4.988835982501547,2.9096158484000094,1.18286709787042,0.481046259403229,0.0406193398987153,21.5406228976697
0,17.031858373304,15.3961963653564,-66.3362426757813,0,11.8657399672655,0.392232503579848,0,12.700197850243992,-65.24979592518002,-3.622687816619873,20.04385253279525,-68.20917803265237,-1.0724987983703613,-5.010847702909173,2.906677576784255,1.1877193927923,0.490570694208145,0.0413208863358976,21.6591934333183
0,17.1507171240318,15.4366703033447,-66.2244873046875,0,11.8946989422394,0.398486518587624,0,12.73858491710065,-65.15270974471775,-3.60430908203125,20.114837831062044,-68.08282544459583,-1.0215917825698853,-5.033753277587902,2.903165839134651,1.19267468454034,0.500345170497894,0.0420409657267326,21.7780521840461
0,17.2698701741241,15.4766340255737,-66.1122360229492,0,11.9233886858306,0.404394341165874,0,12.776984392719525,-65.05559218175227,-3.5890331268310547,20.186310614894154,-67.95560514076823,-1.0119067430496216,-5.057574841811244,2.899069565793323,1.19772534372003,0.51028323173523,0.0427722360638503,21.8972052341384
0,17.3893025395346,15.5160751342773,-65.9995040893555,0,11.9518153982946,0.409871314161292,0,12.815389156188598,-64.95846124571975,-3.5745689868927,20.25828118044093,-67.82749879420402,-1.0227038860321045,-5.0823304521867865,2.894386801125609,1.20287518502862,0.520308375358582,0.0435082598111574,22.0166375995489
0,17.5090281805923,15.5549812316895,-65.8862762451172,0,11.9800265945134,0.414827056171775,0,12.85380276127955,-64.8613079480078,-3.5560667514801025,20.330774556473276,-67.69846185412922,-1.0196118354797363,-5.108054283439003,2.8891045566205404,1.20812802316339,0.530364155769348,0.0442441829613389,22.1363632406066
0,17.629033612654,15.5933437347412,-65.7725677490234,0,12.0080464423895,0.419185598187752,0,12.892229130113918,-64.76412236903091,-3.5373241901397705,20.403778781948166,-67.56851561099099,-0.9825463891029358,-5.1347555020957945,2.8832242701113238,1.21347813607843,0.540395319461823,0.0449753716936216,22.2563686726683
0,17.7493189645835,15.6311511993408,-65.6583786010742,0,12.0359757188386,0.422781890727875,0,12.930667087851164,-64.66690748012257,-3.5181775093078613,20.477312971081684,-67.43762604181936,-0.9518517851829529,-5.162461174021642,2.8767393729862034,1.21892933847101,0.550298392772675,0.0456929475890846,22.3766540245978
0,17.8698857007607,15.6683959960937,-65.5437088012695,0,12.0639995168022,0.425441708721144,0,12.969122214766834,-64.56964916799741,-3.4989049434661865,20.551382880733037,-67.30578289950574,-0.8777965903282166,-5.191191196944573,2.8696465140725604,1.22447972299249,0.560024738311768,0.046392311700755,22.497220760775
0,17.9907365396107,15.7050743103027,-65.4285583496094,0,12.0923258854554,0.427094605432606,0,13.007602727860547,-64.47232665073172,-3.479326009750366,20.625990311097326,-67.17298297973437,-0.8070544004440308,-5.2209607906077204,2.8619454921471656,1.23012547494562,0.569647252559662,0.0470788070410949,22.618071599625
0,18.1118663828355,15.7411804199219,-65.3129348754883,0,12.1210445019873,0.427691863347403,0,13.046110062199075,-64.37493629884398,-3.4617931842803955,20.701143320791214,-67.03921193830868,-0.7864636182785034,-5.251786788857648,2.8536372514499813,1.23586659433038,0.579202115535736,0.047755116158162,22.7392014428498
0,18.2332847498764,15.7767086029053,-65.1968307495117,0,12.150105261691,0.427244095001003,0,13.084651106032744,-64.27746069100046,-3.444071054458618,20.77685759661034,-66.90444185300709,-0.7836865186691284,-5.283694317428881,2.844717010698025,1.24170308114679,0.588668167591095,0.0484197091067802,22.8606198098907
0,18.355002085794,15.81165599823,-65.0802383422852,0,12.1794208493323,0.425781328197366,0,13.123233269991553,-64.17988108469727,-3.4258532524108887,20.853149817975734,-66.7686430347522,-0.777911365032196,-5.3167067193967945,2.835182526223013,1.24763493539483,0.598009705543518,0.049070035644835,22.9823371458083
0,18.4770134443776,15.8460168838501,-64.9631652832031,0,12.2089309179994,0.423319697476155,0,13.161862432771683,-64.08218261190216,-3.406874895095825,20.93001931860437,-66.63181666951614,-0.7544323801994324,-5.35083901884852,2.8250337315466907,1.25365834237726,0.607205152511597,0.049704637545732,23.1043485043919
0,18.5993217669079,15.8797874450684,-64.8456115722656,0,12.2386288655391,0.419776392830354,0,13.200545475336908,-63.98434786971004,-3.387864828109741,20.993288242584434,-66.48938719225218,-0.739837646484375,-5.3712092395529885,2.8142694785166524,1.25977139474542,0.61614865064621,0.050314994051327,23.2266568269222
0,18.7219221675066,15.9129619598389,-64.7275848388672,0,12.2684811524204,0.415232765750658,0,13.239282564486013,-63.88637643626383,-3.3686254024505615,21.04405592533032,-66.34195915982019,-0.7146582007408142,-5.379064019962478,2.8028901308729695,1.26597599984796,0.624827682971954,0.0509003606022188,23.3492572275209
0,18.8448171468131,15.9455347061157,-64.6090850830078,0,12.2984381926352,0.409761919417179,0,13.278086543112215,-63.78823583011783,-3.3518638610839844,21.09509268444225,-66.1937497366082,-0.6889404058456421,-5.387866872568131,2.7908911118638593,1.27226452829034,0.633225917816162,0.0514597648314892,23.4721522068274
0,18.968009766304,15.9775018692017,-64.4901123046875,0,12.328454766909,0.403418547371101,0,13.316964635615163,-63.68990777977035,-3.3338170051574707,21.14640095042914,-66.04475186448141,-0.6572668552398682,-5.39763113530279,2.778270262771097,1.27863507272394,0.641337394714356,0.0519930779084756,23.5953448263183
0,19.0914942891965,16.0088539123535,-64.3706741333008,0,12.3585132242516,0.396229327656918,0,13.355920883888407,-63.591382062715944,-3.313992738723755,21.19798044627049,-65.89496634790021,-0.6292468309402466,-5.408373224962355,2.765022564970746,1.28508572580011,0.649175405502319,0.0525016237323377,23.7188293492108
0,19.2152817506393,16.0395889282227,-64.2507629394531,0,12.3885784370038,0.388227674770727,0,13.394967603275333,-63.49262753175508,-3.296170473098755,21.249833219386108,-65.74438724121057,-0.594207763671875,-5.4201069296095445,2.751143625616771,1.29161267282159,0.656743228435516,0.0529859817571218,23.8426168106536
0,19.3393663351898,16.0696964263916,-64.1303863525391,0,12.4184887095974,0.379653131553411,0,13.434107051734298,-63.39363847620011,-3.2778844833374023,21.301962700263058,-65.59300458236717,-0.5629821419715881,-5.432850305955252,2.7366272645533036,1.29821591378839,0.66419243812561,0.0534591838246373,23.9667013952041
0,19.4637513361915,16.0991725921631,-64.0095443725586,0,12.4481217549571,0.370404977397939,0,13.47334696302013,-63.29439533631995,-3.259554386138916,21.354372171872196,-65.44080883770792,-0.5262317061424255,-5.446617353162773,2.72146989303522,1.30489354135187,0.671462118625641,0.0539169738529744,24.0910863962058
0,19.5884304529697,16.1280040740967,-63.8882446289063,0,12.4774112642685,0.360412453050783,0,13.501552422528913,-63.19192895114249,-3.2441930770874023,21.407058509545276,-65.28780908118821,-0.4882177710533142,-5.461428053954428,2.717186743881036,1.31164174081476,0.678514719009399,0.0543567748755804,24.215765512984
0,19.7133914093805,16.1561832427979,-63.7665023803711,0,12.506353374752,0.349611037562859,0,13.523674581924439,-63.08775331818403,-3.230511426925659,21.460020262637343,-65.13400952544337,-0.4500390589237213,-5.47729521979992,2.7186029756096457,1.31845860482843,0.68531745672226,0.0547761459823302,24.3407264693948
0,19.8386381128773,16.183708190918,-63.6443176269531,0,12.5349602163593,0.338001698804049,0,13.54580990354695,-62.98351570288005,-3.216822385787964,21.51326487499325,-64.97938855374123,-0.4114465117454529,-5.494232323839801,2.7194055522069096,1.32534413339288,0.691886007785797,0.0551764504318167,24.4659731728916
0,19.9641666132219,16.2105751037598,-63.5216979980469,0,12.5632763932673,0.325578821873621,0,13.567961591022303,-62.879201019011084,-3.2032482624053955,21.56679056802015,-64.82395133106921,-0.3736023008823395,-5.512250705741658,2.7195971293140038,1.33229451181085,0.698232293128967,0.0555585919776888,24.5915016732362
0,20.0899713785043,16.2367725372314,-63.3986511230469,0,12.5913541518549,0.312368230597544,0,13.590133609490046,-62.77479059430765,-3.190208673477173,21.620591649427876,-64.66771438769017,-0.3353552222251892,-5.531367805752849,2.7191725898064503,1.33930401803644,0.70439225435257,0.0559253269124212,24.7173064385186
0,20.2160571921613,16.2623023986816,-63.2751770019531,0,12.6192183362516,0.298383798317177,0,13.612325710284974,-62.670285599760994,-3.1771581172943115,21.67468674745625,-64.51062362767937,-0.2978271543979645,-5.551597311033932,2.7181372403709645,1.34637837411554,0.710394144058228,0.0562788929932121,24.8433922521756
0,20.3424149286028,16.2871532440186,-63.1512870788574,0,12.6468678051673,0.283646956159955,0,13.63454229126097,-62.565665325403174,-3.164013624191284,21.729065877251468,-64.35270804679297,-0.3351806700229645,-5.572954822168821,2.7164862791496933,1.35350995065362,0.716248869895935,0.0566202480342887,24.9697499886171
0,20.4690449015658,16.3113231658936,-63.026985168457,0,12.6742986523577,0.268174072075952,0,13.656784411845551,-62.460924782275825,-3.1522557735443115,21.78373967688252,-64.19393675235487,-0.4081677198410034,-5.59545516190648,2.7142218696242493,1.36070065499933,0.721965551376343,0.0569502119170026,25.0963799615802
0,20.5959429615387,16.3348064422607,-62.9022789001465,0,12.701502280521,0.25197632316258,0,13.679055463608398,-62.356047999111766,-3.140223264694214,21.82768853802609,-64.03204669862062,-0.48283934593200684,-5.607863139953494,2.7113431095783276,1.36794667245538,0.72755366563797,0.0572696460903299,25.223278021553
0,20.7231087580962,16.3575973510742,-62.777172088623,0,12.7284621537539,0.235079199719908,0,13.701356446655852,-62.25103026630245,-3.1238512992858887,21.866463071489388,-63.86835498707065,-0.5507983565330505,-5.61589544448881,2.7078480310940627,1.37524991037042,0.733008205890656,0.0575783009724448,25.3504438181105
0,20.850541669659,16.3796882629395,-62.651668548584,0,12.7551744734486,0.217491000896969,0,13.723693714477589,-62.145841664580196,-3.1036901473999023,21.905389233194963,-63.70402315727088,-0.6036657691001892,-5.625017460871272,2.7037322127090144,1.38260273934991,0.738337755203247,0.0578769382375971,25.4778767296733
0,20.9782318029465,16.4010829925537,-62.5257835388184,0,12.7816442223828,0.199204501225058,0,13.746062132179057,-62.0405063747169,-3.086965322494507,21.944481485532968,-63.538990154369415,-0.6503564119338989,-5.635233313516057,2.6990053158567338,1.39001469613702,0.743561685085297,0.0581671171240734,25.6055668629608
0,21.1061810986444,16.4217662811279,-62.3995170593262,0,12.8078771717661,0.180214626553968,0,13.749590783381231,-61.93167614810584,-3.077171564102173,21.983729828148455,-63.37329819615901,-0.6844482421875,-5.646564282892462,2.7128208582523756,1.39747433663995,0.748694598674774,0.0584500058519754,25.7335161586587
0,21.2343947099456,16.4417419433594,-62.2728691101074,0,12.8338912273909,0.160527454230042,0,13.751281048583177,-61.82262244289216,-3.064631223678589,22.023142518435048,-63.20691242298374,-0.708721935749054,-5.65901663628795,2.7278749765446553,1.40498356820733,0.753733158111572,0.0587253070822952,25.8617297699599
0,21.3628684359716,16.4610023498535,-62.1458473205566,0,12.8597326203302,0.140170254221294,0,13.752969477541532,-61.71368720971877,-3.0496349334716797,22.062728274117834,-63.03979603183883,-0.7317224144935608,-5.672607656887462,2.7422991082158745,1.41254620553644,0.758688569068909,0.0589937229740913,25.9902034959859
0,21.4915946617633,16.4795417785645,-62.0184631347656,0,12.8854662052711,0.119125230578181,0,13.754656331376413,-61.6048536014566,-3.032261848449707,22.102482688679743,-62.87196762540641,-0.746350109577179,-5.687348626046383,2.756097521195777,1.42015652658136,0.763560712337494,0.0592549832489242,26.1189297217776
0,21.6205736362908,16.4973564147949,-61.8907203674316,0,12.9111735698597,0.0974046152148142,0,13.7563418354447,-61.4961070783739,-3.0244908332824707,22.142408252231906,-62.70341669136005,-0.7822814583778381,-5.703252191712876,2.769274376458803,1.42781262399347,0.768345832824707,0.0595084532288548,26.2479086963051
0,21.7498096728849,16.5144443511963,-61.7626190185547,0,12.9369049031531,0.0750073030653964,0,13.758026033078284,-61.38744484475322,-3.0167272090911865,22.18251607978307,-62.53409630625173,-0.8042858839035034,-5.720333410373646,2.7818334970202967,1.43551831247003,0.77302747964859,0.0597526605249354,26.3771447328992
0,21.8793063685617,16.530797958374,-61.6341590881348,0,12.962705632208,0.0519081025658581,0,13.75970920462053,-61.278848813206956,-3.011242628097534,22.222809727801664,-62.36399145598966,-0.8228808641433716,-5.738610743766447,2.793774914456828,1.44327168466241,0.77759200334549,0.0599863786924707,26.506641428576
0,22.0090534280984,16.5464191436768,-61.5053558349609,0,12.9886018281941,0.02808970133225,0,13.761391500836348,-61.17030925657947,-3.0037498474121094,22.259240797779004,-62.19262418327724,-0.8501989841461182,-5.754013298053499,2.805108764570556,1.45106892587335,0.782006800174713,0.060207017028734,26.6363884881127
0,22.1390667713051,16.5613079071045,-61.3761978149414,0,13.0146088574035,0.003532661507268,0,13.763073400212104,-61.06179530355501,-2.9962620735168457,22.264374665572234,-62.0169798891564,-0.913104236125946,-5.7389521794640315,2.8158418447649716,1.45890812875421,0.78623378276825,0.0604116314534235,26.7664018313194
0,22.2693339047627,16.5754470825195,-61.2467002868652,0,13.0407465916702,-0.0217973964519038,0,13.751915431909241,-60.95196962269582,-2.9956016540527344,22.26951634691157,-61.8410682712857,-0.949813187122345,-5.725006383280156,2.8388725132347195,1.46678929330499,0.790242671966553,0.0605978777749363,26.896668964777
0,22.3998690699586,16.5888557434082,-61.1168556213379,0,13.0670278680764,-0.0479332797848218,0,13.725486005808955,-60.840871048082974,-3.0036754608154297,22.2746661193009,-61.664879835463616,-0.950118362903595,-5.712159851569036,2.876639313308825,1.47470860482843,0.793998718261719,0.0607631195288466,27.0272041299729
0,22.5306634810241,16.6015148162842,-60.9866752624512,0,13.0934642185467,-0.0749049350268705,0,13.699164488265215,-60.73022607722131,-3.0117175579071045,22.27982423906858,-61.48840581196423,-1.0804870128631592,-5.700432566498487,2.913658115008862,1.48266606332452,0.797464549541473,0.0609045465030343,27.1579985410384
0,22.6617304105531,16.6134357452393,-60.8561515808106,0,13.1200639848324,-0.1027384388848,0,13.672939689808661,-60.61998767412557,-3.0209264755249023,22.284990344814048,-61.311658565334284,-1.286346435546875,-5.689817061110783,2.9499644816207335,1.49065403939874,0.800600409507751,0.0610192042975457,27.2890654705674
0,22.7930622869796,16.6246109008789,-60.7252960205078,0,13.1468304478131,-0.131455050954825,0,13.646808077571333,-60.5101409880535,-3.032053232192993,22.290164119497017,-61.13464894242805,-1.3587182760238647,-5.6803224457489,2.985565497939867,1.49866871835382,0.803364634513855,0.0611040418130093,27.4203973469939
0,22.9246677452157,16.6350440979004,-60.5941047668457,0,13.1737685511657,-0.161070648079721,0,13.620770490287828,-60.400689544704775,-3.0402636528015137,22.295347627265144,-60.957306322853185,-1.4179869890213013,-5.671944235870556,3.020472616943504,1.50671772958429,0.805715560913086,0.0611560269364656,27.55200280523
0,23.0565439180586,16.644739151001,-60.4625854492187,0,13.2008792407338,-0.191595019994769,0,13.59481111720762,-60.291566882104725,-3.048990488052368,22.300538171093528,-60.77972297954194,-1.477108120918274,-5.664683465898082,3.0547190315340758,1.51478199960382,0.807611286640167,0.0611721555395016,27.6838789780729
0,23.1886982191936,16.6536846160889,-60.3307342529297,0,13.2281614442981,-0.223031384934979,0,13.568931015030103,-60.18277744218851,-3.0649473667144775,22.305737801391917,-60.60182876211513,-1.5277135372161865,-5.658550825291267,3.0882998554366314,1.52286915780694,0.809010326862335,0.0611494927376811,27.8160332792079
0,23.3211328683584,16.6619052886963,-60.1985549926758,0,13.255613105719,-0.25537613296715,0,13.51899145574908,-60.0732749820781,-3.0720410346984863,22.31094335537924,-60.42373187835492,-1.5623693466186523,-5.653524184849402,3.1454097415736397,1.53095631601007,0.809871852397919,0.0610851864650348,27.9484679283727
0,23.4538476956113,16.6693916320801,-60.0660514831543,0,13.2832312749035,-0.288618569717861,0,13.467754757856369,-59.964356199294755,-3.066014289855957,22.31615540896099,-60.24541262488806,-1.5882384777069092,-5.649611630108586,3.2032515675713595,1.53904347421319,0.810156404972076,0.0609765211012388,28.0811827556256
0,23.5868472463758,16.6761493682861,-59.9332237243652,0,13.3110122093347,-0.32274058138442,0,13.416817977681472,-59.85607498048611,-3.048367738723755,22.297708036475807,-60.066286655966316,-1.6262927055358887,-5.623133255015847,3.260244322510635,1.54713063241632,0.809826195240021,0.0608209390182148,28.2141823063901
0,23.7201320459775,16.6821823120117,-59.8000755310059,0,13.3389099397436,-0.357522338931113,0,13.366172386895538,-59.74841277100302,-3.081519603729248,22.270868497520347,-59.8871461247778,-1.6632604598999023,-5.5893644154228275,3.316412348342711,1.55521779061944,0.808998107910156,0.0606277181829123,28.3474671059918
0,23.8537021478962,16.6874847412109,-59.6666107177734,0,13.3665317210731,-0.39130391218587,0,13.31580960348769,-59.641351752397746,-3.1326658725738525,22.24406376815224,-59.708237930216946,-1.727425456047058,-5.556734950261729,3.371769750394096,1.56330494882257,0.808935880661011,0.0604935882472964,28.4810372079105
0,23.9875612243254,16.6920433044434,-59.532829284668,0,13.3938423981827,-0.424871128463503,0,13.265719605878305,-59.53487062083343,-3.1391406059265137,22.21729015957864,-59.52953745143197,-1.8019006252288818,-5.525247835739852,3.426324306658978,1.57139210702569,0.809109210968018,0.0603786734622275,28.6148962843398
0,24.1217018686079,16.6958503723145,-59.3987426757812,0,13.420826649094,-0.458284454863737,0,13.215897818201984,-59.42895964895233,-3.139910936355591,22.190545677233544,-59.351031375690035,-1.809572696685791,-5.4949024433611,3.480083740995587,1.57947926522882,0.80950266122818,0.0602817650772224,28.7490369286222
0,24.256121105302,16.6989212036133,-59.2643585205078,0,13.4474773924387,-0.491596874288998,0,13.166338123994535,-59.323605834397505,-3.1406774520874023,22.163827806057157,-59.17270291622181,-1.8931018114089966,-5.465675157126656,3.533079882851778,1.58756642343194,0.810103595256805,0.0602018357957384,28.8834561653163
0,24.3908187652726,16.701229095459,-59.1296806335449,0,13.4737957800339,-0.524856755432144,0,13.117051655833189,-59.21883284276044,-3.1402368545532227,22.137124117955903,-58.99446912170358,-2.014396905899048,-5.437576376340937,3.5852860464864778,1.59566502572687,0.810900688171387,0.0601379275810888,29.0181538252869
0,24.5257837510059,16.7027549743652,-58.9947242736816,0,13.4995583792442,-0.557275830070241,0,13.068062032495686,-59.11469088275145,-3.1390843391418457,22.11042097236899,-58.81623894819791,-2.0977635383605957,-5.410610737927775,3.6366722108223852,1.60379033090265,0.812539994716644,0.0601388964669446,29.1531188110202
0,24.6610206295901,16.703498840332,-58.859489440918,0,13.5246740066018,-0.589203899267908,0,13.019325369001553,-59.01108666384144,-3.1395373344421387,22.08373184922274,-58.63810236748729,-2.162447452545166,-5.384785925757841,3.6872911310138137,1.61192135812433,0.814838647842407,0.0601912103472325,29.2883556896044
0,24.7965186869899,16.7034454345703,-58.723991394043,0,13.5491102256742,-0.620927067134697,0,12.970885208509616,-58.90811274991631,-3.1439452171325684,22.057033955669517,-58.45990724868604,-2.2049145698547363,-5.360097992488033,3.7370986760933675,1.62008481027276,0.817645072937012,0.0602835021880959,29.4238537470042
0,24.9322750198459,16.7025890350342,-58.5882377624512,0,13.5728611541061,-0.652679945857464,0,12.919805335725952,-58.80592126121886,-3.155080556869507,22.030326541646648,-58.28164858550006,-2.241259813308716,-5.336551682761875,3.789041913384956,1.62827877999933,0.820830464363098,0.060406060670288,29.5596100798602
0,25.068275426619,16.7009181976318,-58.4522476196289,0,13.5959323093971,-0.684655719938358,0,12.862112152543322,-58.70484744974136,-3.168342113494873,22.00360891237206,-58.10332174060564,-2.269681453704834,-5.314158266860774,3.8471078131475194,1.63650326730401,0.824285745620728,0.0605506537457565,29.6956104866333
0,25.2045208654734,16.6984367370605,-58.3160247802734,0,13.618331307262,-0.71701036693019,0,12.804862008520226,-58.60454980719782,-3.1812291145324707,21.976873694424427,-57.92487750009439,-2.293599843978882,-5.292909682552384,3.9042503579930945,1.64476399423273,0.827917873859406,0.0607102819904342,29.8318559254878
0,25.3410011758363,16.6951313018799,-58.1795845031738,0,13.6400670507434,-0.74986730358931,0,12.748052412187976,-58.50502396873571,-3.1927576065063477,21.916351428035746,-57.749091185222944,-2.3199048042297363,-5.238937306608584,3.960472523222054,1.65306096078546,0.831649839878082,0.0608791683875254,29.9683362358506
0,25.4777134673609,16.6910076141357,-58.0429344177246,0,13.66114894295,-0.783320418031666,0,12.69168168710875,-58.40626699737096,-3.203312873840332,21.8551679675696,-57.57377843065169,-2.3449926376342773,-5.185427609771917,4.015796114598257,1.66139607431085,0.835419118404388,0.0610526359532103,30.1050485273752
0,25.6146591588012,16.6860542297363,-57.9060783386231,0,13.6815794530201,-0.81743577925586,0,12.635737157034317,-58.30825668533737,-3.2137913703918457,21.79412552202616,-57.39886973486277,-2.368563175201416,-5.133191297316349,4.070235350933283,1.66976742746026,0.839178681373596,0.0612272043387313,30.2419942188155
0,25.7518199912191,16.6802787780762,-57.7690391540527,0,13.7013590750893,-0.852253487571698,0,12.580225835753433,-58.211005320228075,-3.2243688106536865,21.733220941201093,-57.22435607138083,-2.3919944763183594,-5.082214494138771,4.1238050659425385,1.67817692758233,0.842896044254303,0.0614004881177307,30.3791550512334
0,25.8892009742157,16.673677444458,-57.6318168640137,0,13.7204883873832,-0.8877899026469,0,12.525133467838792,-58.11448792768228,-3.2355992794036865,21.672449609788167,-57.050224215683365,-2.4138951301574707,-5.032491745593979,4.176528280958538,1.68662266732843,0.84655499458313,0.0615713043039771,30.51653603423
0,26.0267920285371,16.6662445068359,-57.4944267272949,0,13.7389595973952,-0.924039641776057,0,12.470458124952971,-58.018701129408115,-3.2465660572052,21.611808558157442,-56.87646565870598,-2.436757802963257,-4.984022438554578,4.2284142430827885,1.69510464669855,0.850153505802155,0.061739549404421,30.6541270885514
0,26.1645900981443,16.6579856872559,-57.356876373291,0,13.7567651220268,-0.960993402665768,0,12.416194609293832,-57.923635819274736,-3.2574353218078613,21.55129268217066,-56.703065775245555,-2.4584789276123047,-4.936792647519065,4.2794868639464685,1.70362286569269,0.853693604469299,0.0619054140246098,30.7919251581586
0,26.3025885815886,16.6489009857178,-57.2191772460937,0,13.7738973589586,-0.998641839476332,0,12.362335138095585,-57.82927836250315,-3.268040657043457,21.490901061296245,-56.53002192764601,-2.475966691970825,-4.890797458988302,4.329765598533622,1.71217541696222,0.857176959514618,0.062069061333182,30.9299236416029
0,26.4407774747981,16.6389846801758,-57.0813446044922,0,13.7903487202244,-1.03697515424756,0,12.308877873224153,-57.735625538830476,-3.278411865234375,21.43063049149704,-56.35732493518145,-2.4954588413238525,-4.8460369440091196,4.379258898563493,1.72076230050714,0.860605120658875,0.0622306445607778,31.0681125348124
0,26.5791651490683,16.6282405853271,-56.9433746337891,0,13.8061124951514,-1.07598440534637,0,12.255811762786308,-57.642657986229665,-3.2884106636047363,21.370471866657535,-56.18494870553573,-2.517216682434082,-4.802495956716247,4.427994017067544,1.72938351632745,0.863979876041412,0.0623903286538619,31.2065002090826
0,26.7177258294699,16.6166706085205,-56.8052978515625,0,13.8211856639219,-1.11565025072271,0,12.203148279243745,-57.55039580352985,-3.293921947479248,21.310424330212022,-56.012890784338126,-2.530367374420166,-4.760171526329713,4.475974788696923,1.73804097177179,0.867299854755402,0.0625480365759903,31.3450608894842
0,26.8564760380682,16.6042709350586,-56.6671028137207,0,13.8356676183105,-1.1559086110237,0,12.15086307513215,-57.45879633593401,-3.296132802963257,21.25048195514309,-55.84113418853897,-2.545628547668457,-4.719057216535857,4.5232311680887145,1.74673085214288,0.870576322078705,0.0627041577061375,31.4838110980825
0,26.9953979690009,16.5910396575928,-56.5288124084473,0,13.8496607117453,-1.19669159895373,0,12.098958826337581,-57.36786427137905,-3.2970409393310547,21.183923637874344,-55.67093206197816,-2.561851739883423,-4.672316550190587,4.569770040518428,1.75545315744073,0.873825252056122,0.0628594047363663,31.6227330290152
0,27.1344886643737,16.5769786834717,-56.3904342651367,0,13.8632543621462,-1.23794573148134,0,12.047426103844682,-57.277583090989296,-3.2979419231414795,21.10197810483697,-55.504177211470164,-2.566490411758423,-4.610972926458114,4.615612593233689,1.76420598031671,0.877055943012238,0.0630140586006335,31.761823724388
0,27.2737531220813,16.5620861053467,-56.2519683837891,0,13.8764797292706,-1.27959163691882,0,11.99626048856032,-57.187945052869416,-3.2988367080688477,21.020338009913633,-55.33804391146233,-2.585869073867798,-4.550963412915165,4.660774172598949,1.77299122811944,0.880242109298706,0.0631661179955813,31.9010881820956
0,27.4131851995207,16.5463581085205,-56.1134262084961,0,13.8893265897684,-1.32152123107654,0,11.945449462854246,-57.09892822713911,-3.2978734970092773,20.9390040100039,-55.17253349871074,-2.6047449111938477,-4.4922841747986215,4.705270937418582,1.78180508615167,0.883328914642334,0.0633117470115256,32.040520259535
0,27.5527866277851,16.5297889709473,-55.9748115539551,0,13.9017401807728,-1.36358491604889,0,11.895004401008398,-57.010552540624495,-3.2962732315063477,20.857949670108926,-55.00759217938286,-2.615335702896118,-4.434916950328964,4.7491038524347555,1.79065518380792,0.886225819587708,0.0634447975546097,32.1801216877994
0,27.6925511838169,16.5123767852783,-55.8361358642578,0,13.9136290437345,-1.4055858066941,0,11.844898938770928,-56.922771842367496,-3.2946836948394775,20.777187257749926,-54.84324491723927,0.6016222834587097,-4.378862957295537,4.79229873824238,1.79953198434503,0.88881117105484,0.0635571217945199,32.3198862438313
0,27.8324545222599,16.4941139221191,-55.6974296569824,0,13.9248764061353,-1.44730537525608,0,11.795110289826676,-56.835546223631106,-3.2931041717529297,20.69673940510622,-54.67953776757472,0.6125891208648682,-4.324137468764685,4.834867573737428,1.8084240436712,0.890956819057465,0.0636402800023733,32.4597895822742
0,27.9725448105547,16.4749889373779,-55.558650970459,0,13.9353421387709,-1.48849630936799,0,11.745654720771576,-56.74890413347073,-3.294550657272339,20.616536363783606,-54.516328796074845,0.6050207614898682,-4.270696734770642,4.876812967955896,1.81735043527276,0.892525017261505,0.0636853124385224,32.5998798705691
0,28.1127556678403,16.4549999237061,-55.4198722839355,0,13.9448905070917,-1.528903371312,0,11.696473272053026,-56.66274227959856,-3.2954978942871094,20.536663096571306,-54.35379089754781,0.5964892506599426,-4.218590259687038,4.918160400049202,1.82627682687433,0.893386662006378,0.0636839008082992,32.7400907278546
0,28.2530940112757,16.4341354370117,-55.2810935974121,0,13.9533585792954,-1.56826269108333,0,11.647554494782254,-56.577040604502926,-3.295433282852173,20.457103638383906,-54.19189158388435,0.5975817441940308,-4.167809277729107,4.958914776612097,1.83520321847589,0.893421947956085,0.0636285444634989,32.88042907129
0,28.3935666578281,16.4123859405518,-55.1423149108887,0,13.9605777217818,-1.60630610742245,0,11.59888723015334,-56.491779558873475,-3.295363664627075,20.377842324954216,-54.03059897912446,0.5849596858024597,-4.118343920744879,4.99908238291472,1.84412961007745,0.892521381378174,0.0635125170101636,33.0209017178424
0,28.5341435505655,16.3897380828857,-55.0035743713379,0,13.9663612311142,-1.64276703948449,0,11.550473611875113,-56.40696288079261,-3.295015811920166,20.29888298964204,-53.86992088395377,0.5083642601966858,-4.070206890500436,5.038648621292707,1.85305409433038,0.890587210655212,0.0633300018649441,33.1614786105798
0,28.6748128320824,16.3661842346191,-54.8648910522461,0,13.9705128948468,-1.6773868048244,0,11.502223058273815,-56.32243187861661,-3.2945396900177,20.220279936994434,-53.70996780526984,0.444099098443985,-4.0234191168052815,5.077651384797017,1.86194233895929,0.887536883354187,0.0630762746895714,33.3021478920967
0,28.815552232314,16.3417129516602,-54.7262954711914,0,13.9728207015075,-1.70992369136918,0,11.454151967332512,-56.238215280263375,-3.2940783500671387,20.14201753556574,-53.55070793390276,0.41755613684654236,-3.9779795107921094,5.116068205622993,1.87080006601007,0.883308053016663,0.062748058802787,33.4428872923283
0,28.9563432032597,16.3163146972656,-54.5878143310547,0,13.9730674704729,-1.74016394734007,0,11.406205521273309,-56.154217049493795,-3.2939672470092773,20.064126134743383,-53.39220302925998,0.4099828898906708,-3.9339009845023485,5.153910126932471,1.87960629464776,0.87786465883255,0.0623438791800099,33.583678263274
0,29.0971603326394,16.2899780273438,-54.4494819641113,0,13.9710299646687,-1.76793183649655,0,11.358370982733302,-56.07041487149549,-3.294398069381714,19.986610834811817,-53.234463470152164,0.42079100012779236,-3.891190570238317,5.191162830493072,1.88835530282647,0.87120246887207,0.0618644319167002,33.7244953926537
0,29.2379841972033,16.2627010345459,-54.3113250732422,0,13.9664939025192,-1.79310267822102,0,11.310602710512265,-55.9867287866388,-3.295435667037964,19.9094940368747,-53.07753484164726,0.4459265172481537,-3.8498490278728372,5.2278346773554185,1.89702992440851,0.863353192806244,0.0613127858380957,33.8653192572176
0,29.3787779750224,16.2344760894775,-54.1733894348145,0,13.959419089144,-1.81568150870162,0,11.26288245456126,-55.90312682233875,-3.296468496322632,19.83279127565619,-52.92144875609199,0.4295141398906708,-3.809885515619121,5.263908690368678,1.90562062265069,0.854445338249207,0.0606979478090972,34.0061130350367
0,29.5195148043493,16.2053031921387,-54.0357093811035,0,13.9500292199304,-1.83581523820561,0,11.215192111841407,-55.81957726355985,-3.2975034713745117,19.756510620235975,-52.76622163363922,0.3493371605873108,-3.7712959759657156,5.299376681815052,1.91411976815851,0.844693064689636,0.0600337347308684,34.1468498643636
0,29.6601754303756,16.1751823425293,-53.8983116149902,0,13.9386401286793,-1.85368273831007,0,11.167499272398981,-55.736023330728315,-3.299586057662964,19.680663033553838,-52.611875783294906,0.28841307759284973,-3.7340744534911767,5.334236035369165,1.92251591684015,0.834295034408569,0.0593324592842139,34.2875104903899
0,29.8007403062901,16.144115447998,-53.7612228393555,0,13.9255705479737,-1.86945051036655,0,11.1197969565755,-55.65245279605644,-3.3035154342651367,19.602324549266978,-52.45950029528883,0.23603393137454987,-3.695090224856626,5.368475300527432,1.93080716134698,0.823402464389801,0.05860310028297,34.4280753663044
0,29.9411858339896,16.1121063232422,-53.6244735717773,0,13.9111274161766,-1.8832694828759,0,11.072069923128446,-55.56883895814063,-3.3073620796203613,19.521397648921244,-52.309223537962175,0.18351440131664276,-3.6541962173371387,5.4020851224466515,1.93898777963312,0.81212192773819,0.0578515765726443,34.5685208940039
0,30.0815024363057,16.0791625976562,-53.4880790710449,0,13.8955983724997,-1.89527531887815,0,11.024301454474124,-55.48515252914898,-3.311204671859741,19.44098023948354,-52.159892876942436,0.11958251893520355,-3.6146779141585945,5.435064265849652,1.94705395700128,0.800519645214081,0.0570810825026859,34.70883749632
0,30.221669367927,16.0452919006348,-53.3520660400391,0,13.8792328356643,-1.90558741359283,0,10.97648537742443,-55.40138269416357,-3.315084218978882,19.361067410619015,-52.01149919401062,0.06777709722518921,-3.576518796439048,5.467403251874874,1.95500378610284,0.788629114627838,0.0562926996538657,34.8490044279413
0,30.3616917491131,16.0105018615723,-53.2164344787598,0,13.8622571410923,-1.91431195382105,0,10.928592733072845,-55.31747871956153,-3.320791006088257,19.2816493675983,-51.864024300898514,0.006593017373234034,-3.539691977469636,5.499107863293118,1.9628315448919,0.776456415653229,0.0554856987816534,34.9890268091274
0,30.5015531658847,15.9747972488403,-53.0812072753906,0,13.8448647811817,-1.9215437849138,0,10.880620370623026,-55.23343508540674,-3.327871084213257,19.202716621248197,-51.717450576738756,-0.03782592713832855,-3.5041826162293477,5.530164790742711,1.97053723336847,0.763985455036163,0.0546579387714025,35.128888225899
0,30.641250478329,15.9381885528564,-52.9463920593262,0,13.827223844023,-1.9273690052728,0,10.832265344988413,-55.14932843495116,-3.335237979888916,19.12426410725733,-51.5717686173865,-0.07924072444438934,-3.4699664329041178,5.56087946998463,1.97811512948663,0.751182913780212,0.0538061758704617,35.2685855383433
0,30.7807801427962,15.9006872177124,-52.8119964599609,0,13.8094782140264,-1.9318638326054,0,10.781698182275424,-55.06595284153767,-3.343299388885498,19.046277927742484,-51.42695261524486,-0.09694579988718033,-3.4370172194525535,5.593243076693041,1.9855652332464,0.738001823425293,0.0529263041237187,35.4081152028105
0,30.9201392398748,15.8623018264771,-52.6780281066895,0,13.7917474947489,-1.93509565987729,0,10.730994903325229,-54.982352818446074,-3.3528356552124023,18.96875979619779,-51.28300575217721,-0.11178100109100342,-3.405314741287538,5.624964276935306,1.9928780079046,0.724384009838104,0.0520135198763626,35.5474742998891
0,31.0593281369249,15.8230419158936,-52.544490814209,0,13.7741369633815,-1.93712116412163,0,10.680149631605177,-54.89851867639641,-3.362769603729248,18.89169170383849,-51.139894586870895,-0.14096923172473907,-3.374833637811891,5.656039977205609,2.00005536080987,0.710262835025787,0.0510624737750731,35.6866631969392
0,31.1983420295695,15.7829217910767,-52.4113922119141,0,13.7567332784716,-1.93798980398738,0,10.629125849413686,-54.81439020467332,-3.3727574348449707,18.81507725824511,-50.997625818402504,-0.16595458984375,-3.3455496099298943,5.686476234145977,2.00708775521905,0.695564746856689,0.0500673901260182,35.8256770895838
0,31.3371876804353,15.7419528961182,-52.2787284851074,0,13.7396106558172,-1.93774126791961,0,10.577903605782373,-54.72993450794043,-3.3827929496765137,18.738902750280218,-50.85617398966556,-0.1907995492219925,-3.317434207465695,5.7162764138371465,2.01397328378351,0.680210828781128,0.0490221518789416,35.9645227404496
0,31.475867706026,15.7001476287842,-52.1464996337891,0,13.7228311062144,-1.9364040161437,0,10.52643102552786,-54.64506605392805,-3.392529249191284,18.66317483931986,-50.71555146675136,-0.2513195872306824,-3.290462415394441,5.745448428683029,2.0206985950628,0.664117991924286,0.0479203827516176,36.1032027660403
0,31.6143733255224,15.6575193405151,-52.0147171020508,0,13.7064442557041,-1.93399670846308,0,10.474690172702138,-54.55975526968354,-3.4020566940307617,18.58789054782718,-50.57575272053939,-0.2659252882003784,-3.2646123665608715,5.773988002883294,2.02725987435968,0.647200703620911,0.0467555686626501,36.2417083855367
0,31.752712807749,15.6140842437744,-51.8833732604981,0,13.6904933957429,-1.93052635465408,0,10.42263200614576,-54.47392129570142,-3.4116430282592773,18.513051655933165,-50.43678105663401,-0.28398314118385315,-3.239852012212724,5.801906191785182,2.03364567758233,0.629370808601379,0.0455210230062384,36.3800478677633
0,31.8908977087537,15.5698585510254,-51.7524566650391,0,13.6750136181638,-1.92598787141646,0,10.370222984268656,-54.387508828305826,-3.421340227127075,18.43864990866924,-50.29862114601724,-0.30594968795776367,-3.2161470069108393,5.829211776065301,2.03985028268487,0.610538840293884,0.0442099868177255,36.5182327687681
0,32.0289229480101,15.5248641967773,-51.6219711303711,0,13.6600326830291,-1.92036465632259,0,10.317414997436265,-54.30043854389788,-3.4322094917297363,18.364696891897342,-50.16129450299094,-0.31990110874176025,-3.193466133536951,5.855912810915343,2.04586033822687,0.590615153312683,0.0428157064860895,36.6562580080244
0,32.1667920747292,15.4791069030762,-51.4919166564941,0,13.645570384016,-1.91362605114066,0,10.264165768941986,-54.21264073626292,-3.4445018768310547,18.291193559709697,-50.02480289925136,-0.3354858458042145,-3.171790368405052,5.882002256946095,2.05166630746515,0.569509506225586,0.0413314053732613,36.7941271347435
0,32.3045135301557,15.4326095581055,-51.3622817993164,0,13.6316449639872,-1.90572933632183,0,10.210420120827784,-54.124024427486646,-3.456913948059082,18.218145895044735,-49.889157444782725,-0.35124754905700684,-3.1510804572922444,5.907493957937465,2.05725483895929,0.547132134437561,0.0397503402487511,36.93184859017
0,32.4420858688566,15.3853912353516,-51.2330665588379,0,13.618267239837,-1.89661999310271,0,10.156127142445783,-54.03450567563422,-3.469451904296875,18.14556422339343,-49.75437731300022,-0.3676501512527466,-3.13130592719264,5.932391092845334,2.06261258126886,0.523393988609314,0.0380658358077379,37.0694209288709
0,32.5795174012522,15.3374729156494,-51.1042594909668,0,13.6054428872594,-1.88622856450485,0,10.101242845964814,-53.94401195317336,-3.482210636138916,18.073449265042367,-49.6204638075591,-0.3855065703392029,-3.1124293107694814,5.956702056446778,2.06772999765069,0.498206943273544,0.0362712924008965,37.2068524612665
0,32.7168060123642,15.2888736724854,-50.9758605957031,0,13.5931797999114,-1.87447236509879,0,10.045686683056212,-53.852410451294126,-3.495068311691284,18.001826194278724,-49.487463710273786,-0.40324094891548157,-3.0944202484569594,5.98043049268364,2.0725841999212,0.471483677625656,0.0343601561921733,37.3441410723785
0,32.8539582643393,15.2396173477173,-50.8478584289551,0,13.5814829988035,-1.8608210266363,0,9.989415189142951,-53.75962950521038,-3.508089542388916,17.9306971439901,-49.35538098179907,-0.4221276640892029,-3.077238924779326,6.0035850544833265,2.07716565133722,0.443482249975205,0.0323512084791814,37.4812933243536
0,32.9909758895955,15.1897106170654,-50.7202529907227,0,13.5703873267013,-1.8428127458849,0,9.932397869598873,-53.6656188351078,-3.52128529548645,17.86006008681407,-49.22421185743463,-0.44139158725738525,-3.0608667666327536,6.026152776186843,2.08146862985284,0.416010528802872,0.0303769524034683,37.6183109496098
0,33.1278619392881,15.1391563415527,-50.5930442810059,0,13.5598098957353,-1.82206358470233,0,9.875905280999325,-53.569643696289866,-3.5339550971984863,17.789901647999216,-49.09393150100376,-0.46050170063972473,-3.045289773866189,6.04664831170832,2.08549504281671,0.387855350971222,0.0283485185115223,37.7551969993024
0,33.2646183616606,15.0879602432251,-50.4662322998047,0,13.5497964100207,-1.79711729725174,0,9.823122229737269,-53.469814811380225,-3.5450353622436523,17.72021809554374,-48.96453298238469,-0.47965818643569946,-3.0304920790249343,6.061355228998612,2.08924107553155,0.360094517469406,0.0263449354337567,37.8919534216749
0,33.4012389741951,15.0361213684082,-50.3398284912109,0,13.5403116966802,-1.76815544382959,0,9.769625920448412,-53.368636937509805,-3.5562498569488525,17.650995766999117,-48.83599093116306,-0.4986560046672821,-3.016470707203512,6.07533167059649,2.09271245004327,0.332630664110184,0.024359141200994,38.0285740342094
0,33.5377278895377,14.9836397171021,-50.2138328552246,0,13.5313356213204,-1.735336574872,0,9.71540181694012,-53.26608258229486,-3.5675878524780273,17.582228146185994,-48.70829324715273,-0.5157226324081421,-3.003216831206481,6.088559679357963,2.09590725900323,0.305373579263687,0.0223845531316048,38.165062949552
0,33.6740884891865,14.9305171966553,-50.0882453918457,0,13.5228544053759,-1.69879814618463,0,9.660458083546928,-53.16216718698769,-3.578824281692505,17.513898928780108,-48.581409654121636,-0.5302807688713074,-2.990721503978364,6.101026000461359,2.09883122445733,0.27823942899704,0.0204150366124139,38.3014235492008
0,33.8103178798178,14.8767538070679,-49.9630737304688,0,13.5148527389167,-1.65865921799335,0,9.604795289251006,-53.05689182770752,-3.590224504470825,17.44600061744274,-48.455326229924715,-0.544891357421875,-2.978981654528644,6.112712739233203,2.10148625375421,0.251149237155914,0.0184448103185966,38.4376529398321
0,33.9464221949051,14.8223533630371,-49.8383140563965,0,13.5073144439736,-1.61502366684694,0,9.54839447889865,-52.95022065446438,-3.602027416229248,17.37853063443468,-48.330038187842256,-0.5675500631332397,-2.967985569114618,6.1236104535381175,2.10386853219659,0.2240279763937,0.0164683789783157,38.5737572549194
0,34.0823974322916,14.7673273086548,-49.7139701843262,0,13.5001912642066,-1.56942256166495,0,9.491242100064158,-52.84212803547852,-3.614494562149048,17.311491897395946,-48.205550945771066,-0.5977026224136353,-2.9577190626980885,6.133713937740725,2.10597424508722,0.195668041706085,0.0143967676026437,38.7097324923059
0,34.2182486890055,14.7116985321045,-49.590030670166,0,13.4934492976287,-1.52326212608297,0,9.433272396113024,-52.73248960485327,-3.627300977706909,17.244908442313932,-48.08190913721578,-0.6276452541351318,-2.9481490815987246,6.143031062050211,2.10778241159112,0.164831310510635,0.0121385526377334,38.8455837490198
0,34.3539879266097,14.6554975509644,-49.4664726257324,0,13.4870954225886,-1.47636849705029,0,9.37441716778242,-52.62117637693515,-3.640296459197998,17.17880180619419,-47.95915275520942,-0.6510412693023682,-2.939230776331483,6.151582379476214,2.10927205087335,0.131393745541573,0.0096843333580755,38.981322986624
0,34.4896107027633,14.5987596511841,-49.3432884216309,0,13.4810938052371,-1.42854026059028,0,9.314588407811389,-52.50802190309123,-3.651135206222534,17.11321452317785,-47.83736078330921,-0.6726672053337097,-2.9309215880255572,6.159383389428127,2.11041264535577,0.0952403396368027,0.0070254004194133,39.1169457627776
0,34.6251267173814,14.5415182113647,-49.2204551696777,0,13.4753928048419,-1.37955203231159,0,9.253697347813649,-52.3928582951679,-3.6603245735168457,17.04818001036702,-47.7165952752331,-0.6961718797683716,-2.9231742946147556,6.16645693049305,2.1111755848089,0.0562648288905621,0.0041536657140888,39.2524617773957
0,34.7605370218669,14.4838094711304,-49.097957611084,0,13.4699311568359,-1.32919274267263,0,9.19168143677971,-52.275567250085324,-3.6696836948394775,16.983725177782684,-47.59690620140778,-0.7201769948005676,-2.9159447653989856,6.172829347214664,2.11153988839776,0.0143969831988215,0.0010636577041017,39.3878720818812
0,34.8958413614714,14.4256715774536,-48.9757804870605,0,13.4646307231098,-1.27734267322965,0,9.128440518848203,-52.15595934249354,-3.672327756881714,16.919896172417236,-47.4783792542563,-0.744158923625946,-2.909186618648764,6.178526882744549,2.11147122384698,-0.0303236711770296,-0.0022420320793698,39.5231764214857
0,35.0310450608693,14.3671445846558,-48.8539009094238,0,13.459437195836,-1.22378528719501,0,9.063894356742587,-52.03388281917529,-3.6679844856262207,16.856726126138213,-47.36107595783171,-0.7667016386985779,-2.9028507691209122,6.183586978947437,2.11094288827569,-0.0775044038891792,-0.0057347127309245,39.6583801208836
0,35.1661430747219,14.3082675933838,-48.732307434082,0,13.4543042559038,-1.16848614444799,0,8.997978660585414,-51.90921608831989,-3.6606152057647705,16.794247547189688,-47.24505667815262,-0.7843688726425171,-2.896896812407587,6.188046311007424,2.1099319935003,-0.126517415046692,-0.009368225656357,39.7934781347362
0,35.3011467773109,14.2490882873535,-48.6109657287598,0,13.4491670214533,-1.11177117599179,0,8.930661246514813,-51.78189828040642,-3.6464476585388184,16.73246757688055,-47.13033467623631,-0.8010168075561523,-2.891269791864587,6.191968946612725,2.10842900277765,-0.176575064659119,-0.0130844408736436,39.9284818373252
0,35.436049510981,14.1896553039551,-48.489860534668,0,13.443955790564,-1.05433461697951,0,8.861907296308821,-51.65186354353377,-3.6291637420654297,16.671406813923177,-47.016948202757035,-0.8177074790000916,-2.8859246862529555,6.195414583468574,2.1064205646673,-0.226725190877914,-0.0168128465893283,40.0633845709953
0,35.5708571349765,14.1300268173218,-48.3689575195313,0,13.4385919000766,-0.997198413028088,0,8.791748896316987,-51.51917256279723,-5.738198280334473,16.611046575997715,-46.90486256567589,-0.827410876750946,-2.8808042413265715,6.19847287488672,2.10391812326105,-0.275885730981827,-0.0204730754543112,40.1981921949908
0,35.7055678867247,14.0702695846558,-48.2482261657715,0,13.4329967018664,-0.941615896918922,0,8.720221966863848,-51.38389327451079,-5.722426414489746,16.55137197027058,-46.79405010982123,-0.8310253620147705,-2.8758471881521164,6.201243240630928,2.10093312265069,-0.322925269603729,-0.0239808601310432,40.332902946739
0,35.840176301351,14.0104579925537,-48.1276359558106,0,13.4270855778671,-0.888918583996572,0,8.647183988381315,-51.246297617141266,-5.715019226074219,16.492351729442184,-46.684452773539974,-0.8345959186553955,-2.87098836967255,6.204092085203529,2.09749035836847,-0.366780459880829,-0.0272567945817689,40.4675113613653
0,35.9746955489106,13.9506778717041,-48.0071296691895,0,13.4207938325361,-0.840337611933339,0,8.572318523107324,-51.106814490183766,-5.699990272521973,16.433930691778,-46.57596812452951,-0.8326928615570068,-2.8661416460668074,6.207640072695949,2.09362607003839,-0.406584829092026,-0.0302359267530961,40.6020306089249
0,36.1091272536729,13.8910179138184,-47.886661529541,0,13.414058347512,-0.796840881854665,0,8.496379657727335,-50.9653314931565,-5.683219909667969,16.37604584920266,-46.468479160264486,-0.7675915360450745,-2.861224400875771,6.211306678867941,2.08938603402765,-0.441772967576981,-0.0328756261774371,40.7364623136872
0,36.2434659783587,13.8315677642822,-47.7661933898926,0,13.4068318744175,-0.75902767526588,0,8.41951017859501,-50.822114653753566,-5.673310279846191,16.318634646878955,-46.361869719857815,-0.7477771043777466,-2.856155921641798,6.215225022612767,2.08481793405206,-0.472129225730896,-0.0351592677837313,40.870801038373
0,36.3776994257071,13.7724180221558,-47.645694732666,0,13.3990752554626,-0.72708494202689,0,8.341849761751979,-50.67742420479363,-5.657382488250732,16.261640070214863,-46.25603393035258,-0.7937341332435608,-2.8508566344223163,6.219522105682452,2.07996754647882,-0.49778687953949,-0.037096262431667,41.0050344857214
0,36.5118410697608,13.7136487960815,-47.5251121520996,0,13.3907406149025,-0.700399515197091,0,8.263536492018336,-50.5315174144633,-5.630817890167236,16.20498755208663,-46.150833324707264,-0.9328466653823853,-2.8452435910817995,6.224322993584832,2.07488446237237,-0.51950740814209,-0.0387430573647142,41.1391761297751
0,36.6458822792116,13.6553297042847,-47.4044227600098,0,13.3818318391008,-0.677902735630646,0,8.184650371608019,-50.38454333625372,-5.610908031463623,16.148643136145196,-46.046204847852024,-0.9540807604789734,-2.8392547906805046,6.229723188868681,2.06959538461358,-0.538326621055603,-0.0401766519255956,41.2732173392259
0,36.7798227170279,13.5975208282471,-47.2835998535156,0,13.3723631454532,-0.658776860463688,0,8.105278011872096,-50.23666333725225,-5.582719802856445,16.09256342341628,-45.94206791028212,-0.9776074290275574,-2.832833476649191,6.2358090969016775,2.06413083078058,-0.554972290992737,-0.0414511679083555,41.4071577770422
0,36.9136569548456,13.5402717590332,-47.1626281738281,0,13.3623413689567,-0.642399189020517,0,8.025468284824257,-50.08796847174229,-5.554406642913818,16.036724885400123,-45.838378820869494,-1.0076171159744263,-2.825936050401435,6.242649535073048,2.05850796701104,-0.56994903087616,-0.0426041747088403,41.54099201486
0,37.047383456784,13.483624458313,-47.0414924621582,0,13.3517688267339,-0.628280235047098,0,7.9452619991900475,-49.93853477115736,-5.517123699188232,15.981104368175666,-45.735094584058096,-1.0399328470230103,-2.8185246701194737,6.250305022057211,2.05274205209405,-0.583612859249115,-0.0436622144765392,41.6747185167983
0,37.1809925151268,13.4276170730591,-46.9201889038086,0,13.3406582020008,-0.616026897036021,0,7.864686329089822,-49.78841286406517,-5.477304458618164,15.925689888427545,-45.63219294749135,-1.0758923292160034,-2.8105695818414507,6.258826339529519,2.04684262277276,-0.596218824386597,-0.0446442878973978,41.8083275751411
0,37.3144855473193,13.3722705841064,-46.7987098693848,0,13.3297969733356,-0.602950135191935,0,7.783796441358407,-49.63770553273789,-5.408061504364014,15.870448521995776,-45.52961276867516,-1.1028088331222534,-2.8020529010685795,6.268248528951332,2.04083065988214,-0.606109440326691,-0.045423822062628,41.9418206073336
0,37.4478682644443,13.317587852478,-46.6770515441895,0,13.3193657699982,-0.589055988575134,0,7.702662041606687,-49.486542646889625,-5.358439922332764,15.815337442865795,-45.42727452355983,-1.1195287704467773,-2.79297254150061,6.278585200324993,2.03473286630304,-0.613497018814087,-0.0460155490489677,42.0752033244587
0,37.5811445087014,13.2635679244995,-46.5552139282227,0,13.3094353643202,-0.574348428492752,0,7.621342504743608,-49.335034828927284,-5.348942756652832,15.76031993740089,-45.32511003959788,-4.69083833694458,-2.7833300542222883,6.289841963621471,2.02857213021905,-0.618539810180664,-0.0464305710174349,42.2084795687158
0,37.714311127064,13.2102098464966,-46.4332046508789,0,13.3000254176158,-0.558840060810753,0,7.539900757381065,-49.18329932131348,-5.333518028259277,15.705362850147715,-45.2230577489346,-4.642187595367432,-2.773128925224099,6.302017602518967,2.02237133981378,-0.621361672878265,-0.0466776467391339,42.3416461870783
0,37.847384694991,13.157506942749,-46.3110122680664,0,13.2911263364174,-0.542556110946293,0,7.458390881256392,-49.031436881895345,-5.338889122009277,15.65042407501252,-45.12103946286801,-4.589354038238525,-2.762366938957366,6.31511155577551,2.01615338327081,-0.62206381559372,-0.0467639957104644,42.4747197550053
0,37.9803642196951,13.1054525375366,-46.1886444091797,0,13.282719379651,-0.525535193160354,0,7.376858528283877,-48.879532565478925,-5.340951919555664,15.595477570100153,-45.019006823030026,-4.504056453704834,-2.751050116905754,6.329112765037262,2.00993542672784,-0.620733380317688,-0.0466958669725554,42.6076992797094
0,38.1132539408422,13.0540351867676,-46.066104888916,0,13.2747758710853,-0.507827720142578,0,7.295376016853486,-48.72772110968911,-5.343911170959473,15.540482717702542,-44.91688440456905,-4.425766468048096,-2.739184010930099,6.34400160324053,2.00374417306573,-0.617448270320892,-0.046478898681409,42.7405890008565
0,38.2460575624802,13.0032444000244,-45.9433975219727,0,13.2672583106427,-0.489494508554645,0,7.213970900182856,-48.57605384939527,-5.339211463928223,15.485419557376018,-44.814635142038206,-4.354775428771973,-2.726774288812499,6.359761551684597,1.99759106637628,-0.612280547618866,-0.04611836366191,42.8733926224945
0,38.3787836065646,12.9530658721924,-45.8205223083496,0,13.2601415528571,-0.470604472907389,0,7.132715084408144,-48.42466475414522,-5.321423053741455,15.430246447285391,-44.712181708838095,-4.31886100769043,-2.7138243285341015,6.376365827872112,1.99150280954034,-0.605298578739166,-0.0456192517871749,43.0061186665789
0,38.5114329790243,12.9034862518311,-45.6974868774414,0,13.2533862824323,-0.451231421250834,0,7.051638963144414,-48.2736104508012,-5.305318355560303,15.374945644710504,-44.609491157712526,-4.286806583404541,-2.7003418703564512,6.393788341455307,1.98549084664972,-0.596568703651428,-0.04498648350783,43.1387680390386
0,38.6440120380989,12.8544864654541,-45.5742950439453,0,13.2469591681354,-0.431452607972735,0,6.970800022256034,-48.12299804225687,-5.285035133361816,15.319484983512886,-44.50650375791015,-4.258598327636719,-2.686335035799631,6.4119929144903995,1.97957615853937,-0.586156249046326,-0.0442249116389497,43.2713470981132
0,38.7765176952578,12.8060531616211,-45.4509582519531,0,13.2408311031944,-0.411345598054538,0,6.890238145091424,-47.97290183585842,-5.283656120300293,15.263847224309252,-44.40318749684367,-4.296191215515137,-2.6718112227190947,6.430946022957995,1.97377209664972,-0.574126660823822,-0.0433394101139207,43.4038527552721
0,38.9089600762992,12.7581653594971,-45.3274765014649,0,13.2349658323666,-0.390986521829752,0,6.809999517158052,-47.823407880611974,-5.273123741149902,15.208004505996676,-44.299490637976156,-4.33392333984375,-2.656777517831418,6.450608524579678,1.96809582711847,-0.56054562330246,-0.0423349171437293,43.5362951363135
0,39.0413409141978,12.71080493927,-45.203857421875,0,13.2293343299417,-0.370447996969541,0,6.730123718663895,-47.6745899190776,-5.263024806976318,15.15193843124201,-44.19537901847104,-4.374947547912598,-2.641242400038222,6.470940189434879,1.96256070138605,-0.545479476451874,-0.0412164157190828,43.6686759742121
0,39.1736555819072,12.663950920105,-45.0801162719727,0,13.2239072059466,-0.349797105073943,0,6.650666095656573,-47.5265510674199,-5.265345573425293,15.095629400865029,-44.09081624372779,-4.413569450378418,-2.625218996517583,6.491890139883496,1.95718388559015,-0.528996169567108,-0.0399890281045758,43.8009906419215
0,39.3059141210466,12.6175804138184,-44.9562530517578,0,13.2186566122943,-0.329094094350737,0,6.571670426409455,-47.37937286581184,-5.255807876586914,15.03905400441251,-43.98575884182138,-4.446771144866943,-2.6087148869634724,6.51341210189502,1.95198063851983,-0.511164844036102,-0.0386579754319148,43.9332491810609
0,39.4381120257083,12.5716705322266,-44.8322830200195,0,13.2135533810503,-0.308390287914336,0,6.493182586348671,-47.23314079638444,-5.246222972869873,14.98219879538085,-43.88018184333362,-4.472718238830566,-2.5917451954449713,6.535452070860536,1.94696431161554,-0.49205669760704,-0.0372286488753887,44.0654470857226
0,39.5702624160133,12.526198387146,-44.7082023620605,0,13.2085698333962,-0.287727398948773,0,6.415223381607405,-47.08789363667918,-5.239401817321777,14.925049736561588,-43.77405918193986,-4.496071815490723,-2.574317633385376,6.557968136611653,1.94214253427179,-0.471744000911713,-0.0357065239948822,44.1975974760276
0,39.7023544079332,12.4811372756958,-44.5840339660645,0,13.2036797291648,-0.267136292284922,0,6.337843706085722,-46.94372620801262,-5.233742713928223,14.867597677785831,-43.667373866279355,-4.525549411773682,-2.55645437848631,6.580896850667291,1.93752865792901,-0.450300842523575,-0.0340972152265741,44.3296894679475
0,39.8343950789753,12.4364595413208,-44.4597816467285,0,13.1988600954178,-0.246636617394855,0,6.261081094654962,-46.800708442260905,-5.223938941955566,14.809828039927833,-43.560098823716835,-4.54591178894043,-2.5381700518685584,6.604183312233738,1.93313412667901,-0.427802890539169,-0.0324064516265359,44.4617301389896
0,39.9663821588834,12.3921432495117,-44.3354568481445,0,13.1940844716365,-0.226236177088476,0,6.184972540395234,-46.65890926187949,-5.213089466094971,14.751733745522865,-43.45222091178927,-4.560384273529053,-2.5194787215087815,6.627774840095605,1.92896847726495,-0.404327154159546,-0.0306400743107229,44.5937172188977
0,40.0983163547008,12.3481569290161,-44.2110710144043,0,13.1893294921267,-0.205931057294098,0,6.1095604971370925,-46.51840776334359,-5.201807975769043,14.693304604032015,-43.343721207225954,-4.574603080749512,-2.500402628706996,6.651607949425404,1.92504315377862,-0.379951268434525,-0.0288039634499013,44.7256514147151
0,40.2301978062914,12.3044700622559,-44.0866355895996,0,13.1845689035947,-0.185717614965069,0,6.034864348598566,-46.37924006079775,-5.193953514099121,14.634540532953043,-43.23459955682477,-4.574452877044678,-2.48096630359251,6.675626642202395,1.9213619709173,-0.354762703180313,-0.0269047487182847,44.8575328663057
0,40.3620408403647,12.2610521316528,-43.9621467590332,0,13.1797738069466,-0.165649292532302,0,5.960915588569878,-46.24146483087411,-5.185189247131348,14.575428424159693,-43.12483161951565,-4.572527885437012,-2.461185540787863,6.699776961519642,1.91793446542413,-0.328902691602707,-0.0249531381795902,44.989375900379
0,40.4938259265684,12.2178764343262,-43.8376350402832,0,13.1749232284664,-0.145782066348979,0,5.88777488917463,-46.10519511286873,-5.174588680267334,14.51596756303234,-43.01441606828924,-4.569944858551025,-2.441088345736109,6.723987972528979,1.91477398873956,-0.302524745464325,-0.0229607582401945,45.1211609865827
0,40.6255421130135,12.1749114990234,-43.7131233215332,0,13.1699948836222,-0.126144189355398,0,5.8150743843727986,-45.970579816062695,-5.164809226989746,14.45617169389011,-42.90337842559079,-4.565680027008057,-2.420709580513137,6.748602666447379,1.91187863351495,-0.27577018737793,-0.0209383178181851,45.2528771730278
0,40.7572011648374,12.1321220397949,-43.5886116027832,0,13.1649696857985,-0.106741991816537,0,5.74266624871013,-45.83768952820243,-5.157687664031982,14.396039561324264,-42.79171636019525,-4.558060169219971,-2.4000759512871594,6.77373580979025,1.90925030709894,-0.248768672347069,-0.0188956375623192,45.3845362248517
0,40.8888134852623,12.0894765853882,-43.4640998840332,0,13.1598315475793,-0.0875650024477347,0,5.671116168254586,-45.70637402475598,-5.149292945861816,14.335566585857054,-42.67942136826414,-4.548028469085693,-2.3792100923028467,6.7987604580821674,1.90689473153741,-0.221638336777687,-0.0168416616579908,45.5161485452766
0,41.0203881521825,12.046947479248,-43.3395881652832,0,13.1545596041533,-0.0685906899234164,0,5.600423799962835,-45.57663267613764,-5.142099380493164,14.274757961674657,-42.56650309511572,-4.540285587310791,-2.358134871317999,6.823638009971538,1.90480999948175,-0.194486230611801,-0.01478450002657,45.6477232121968
0,41.1519218893183,12.0045003890991,-43.2150917053223,0,13.149142417918,-0.0497887105337315,0,5.530594672355246,-45.448475628813085,-5.134871482849121,14.213624962004456,-42.45298247451367,-4.534792423248291,-2.336887215570747,6.848317967135861,1.90299420358331,-0.167407870292664,-0.0127313755450946,45.7792569493326
0,41.2833812410015,11.9621047973633,-43.0906562805176,0,13.1435645655013,-0.0311245192416333,0,5.461655207364605,-45.32195137482291,-5.127812385559082,14.152191406368718,-42.33890373800177,-4.524349212646484,-2.3155153292785315,6.872737640124578,1.9014473438421,-0.140487551689148,-0.0106886649424451,45.9107163010158
0,41.4147890379197,11.9197235107422,-42.9662704467773,0,13.137812330389,-0.0125624045160592,0,5.39361086549901,-45.197069935810205,-5.122387409210205,14.090452207967857,-42.22425743967273,-4.51849365234375,-2.2940458538728823,6.896855270242558,1.90017132760675,-0.113798297941685,-0.0086618870064324,46.042124097934
0,41.5461382217272,11.8773336410522,-42.8419494628906,0,13.1318689300009,0.0059319041527432,0,5.326455937828018,-45.0738208342036,-5.113850116729736,14.028425214470632,-42.109076721666575,-4.508636474609375,-2.2725090565410286,6.920639313003266,1.89916043283136,-0.0874021872878075,-0.006655730333323,46.1734732817415
0,41.6774296764996,11.8348989486694,-42.7177047729492,0,13.1257250214405,0.0243893006927995,0,5.260818314399526,-44.95201086272404,-5.10612678527832,13.966118163650625,-41.99337595260357,-4.495444297790527,-2.250943709266955,6.943389654101742,1.89841465951593,-0.0613507181406021,-0.0046740741657696,46.3047647365139
0,41.8086594997912,11.792387008667,-42.5935516357422,0,13.1193682400186,0.0428359151907076,0,5.196758502520205,-44.83157515989167,-5.098992824554443,13.903551415833922,-41.877192974519346,-4.481977462768555,-2.22939114683751,6.964988491429301,1.8979244709173,-0.035685520619154,-0.0027200494528022,46.4359945598055
0,41.9398196454267,11.7497673034668,-42.4695091247559,0,13.1127860980162,0.0612921941043006,0,5.133571672559694,-44.71278070744496,-5.084108829498291,13.840736914234103,-41.760549932831644,-4.471779823303223,-2.2078897275376463,6.986151445548154,1.89768986703546,-0.0104390736669302,-0.0007960901330994,46.567154705441
0,42.070920519385,11.7070083618164,-42.3455772399902,0,13.1059679342066,0.0797724654569166,0,5.0712481646418865,-44.595609344325766,-5.069039344787598,13.777681755058852,-41.64346000338891,-4.461612224578857,-2.1864713388047976,7.006850780839154,1.89770703317315,0.0143643068149686,0.0010959923607456,46.6982555793993
0,42.2019467879179,11.664080619812,-42.2217826843262,0,13.0989068639632,0.0982849200392927,0,5.009777408091593,-44.480041197127356,-5.053781509399414,13.71440924693904,-41.52596646902445,-4.451632022857666,-2.1651807510444714,7.027053631797,1.89796833993585,0.0387074537575245,0.0029549308657999,46.8292818479322
0,42.3329078576892,11.6209783554077,-42.0981178283691,0,13.0921114641381,0.1114188149849,0,4.949085209304792,-44.36593677810253,-5.037327766418457,13.650946073341744,-41.40811887945504,-4.441263198852539,-2.144030663343427,7.0467837303116525,1.89845089913995,0.0583920478820801,0.0044599325013506,46.9602429177035
0,42.4638069780169,11.5777254104614,-41.9745712280273,0,13.0856743575981,0.11958217340337,0,4.889028513424988,-44.25302713684883,-5.027115345001221,13.587342144957251,-41.29000991606122,-4.428878307342529,-2.1230128613379833,7.066118277305317,1.8991108417669,0.0734976679086685,0.0056164166386761,47.0911420380312
0,42.594632577581,11.5343465805054,-41.851146697998,0,13.0795801417336,0.123177229805026,0,4.8294502458003725,-44.141016965035924,-5.015430927276611,13.523658405884243,-41.17175274865033,-4.41398286819458,-2.102126941219852,7.08513519271194,1.89989857675226,0.0841725990176201,0.0064351352055573,47.2219676375953
0,42.7254044319552,11.4908695220947,-41.7278137207031,0,13.0737689624762,0.122587982563212,0,4.77020227879833,-44.02962777518438,-5.001418113708496,13.459930959759028,-41.05341441967033,-4.3986496925354,-2.081349889502049,7.103922588016032,1.90077214242608,0.0906326994299889,0.0069321031815442,47.3527394919695
0,42.8561199983161,11.4473237991333,-41.604564666748,0,13.0681701982367,0.118185131669435,0,4.7110133694712255,-43.91862936952816,-4.986956596374512,13.39620682740859,-40.9350822441861,-4.382786750793457,-2.0606677975886396,7.122694269265466,1.90168766976983,0.0931389704346657,0.0071268708911134,47.4834550583304
0,42.9867802654425,11.4037389755249,-41.481388092041,0,13.0627110803503,0.110342223313321,0,4.651713071838883,-43.807764710175206,-4.972844123840332,13.332527692067377,-40.81683362564952,-4.366603851318359,-2.040063369570278,7.141560191824229,1.90260319711358,0.0919670388102531,0.007040173921285,47.6141153254568
0,43.1173908233873,11.3601522445679,-41.3582649230957,0,13.0573239503346,0.099495563853295,0,4.592394378944076,-43.696865660025104,-4.958683967590332,13.26890728078746,-40.69869405443412,-4.35050630569458,-2.0194998190345372,7.160418977579445,1.90350155831964,0.087450310587883,0.0066972200597663,47.7447258834016
0,43.2479368434584,11.3165864944458,-41.2352027893066,0,13.0519256474484,0.0862778345660369,0,4.532919964754098,-43.58567548168454,-4.944628715515137,13.20539238289301,-40.580750415716885,-4.33470344543457,-1.99897363502625,7.179335168640192,1.90434079171808,0.0800882503390312,0.0061359911756228,47.8752719034727
0,43.378429113727,11.2730417251587,-41.112190246582,0,13.0464870153988,0.0775746894868259,0,4.473276575039693,-43.47416939575662,-4.930413722991943,13.141977825987835,-40.462993104645285,-4.317092418670654,-1.9784789809551206,7.198315886227043,1.90511898996026,0.0752416029572487,0.0057670906209397,48.0057641737413
0,43.5088698992198,11.2294788360596,-40.9892387390137,0,13.0409748432212,0.0742704701924955,0,4.413573377880432,-43.362551497034076,-4.91648530960083,13.078630302390419,-40.34536027070416,-4.291175365447998,-1.9580451035116766,7.217283468329262,1.90586857797296,0.0739274397492409,0.0056687664651993,48.1362049592341
0,43.6392559055562,11.1858539581299,-40.8663673400879,0,13.0353619273005,0.0753462296433793,0,4.353923291119044,-43.25103289066592,-4.902477741241455,13.015320443712222,-40.22779737842668,-4.267659664154053,-1.937709786785663,7.236152736569134,1.90662198068292,0.0756837278604507,0.0058059349649376,48.2665909655705
0,43.7695898391962,11.1421270370483,-40.7435874938965,0,13.0296086448665,0.0799321778608195,0,4.294397810615426,-43.13974724148133,-4.888314247131348,12.952027776410587,-40.11026640958092,-4.252377986907959,-1.9175078310616638,7.254858861100523,1.90740017892511,0.0800745040178299,0.0061454644940067,48.3969248992105
0,43.8998575913904,11.0982656478882,-40.6209259033203,0,13.0236778102913,0.0873303274612533,0,4.235103639880273,-43.0288940366471,-4.873928070068359,12.888733756874293,-39.992732929710485,-4.232415676116943,-1.8974726510252993,7.27332821198664,1.90823178292901,0.0867266654968262,0.006659003473992,48.5271926514047
0,44.0300703349057,11.0542373657227,-40.4983825683594,0,13.017542108078,0.0969769047582409,0,4.1761230517125805,-42.91862708898035,-4.860109806060791,12.825412216752165,-39.875148345640234,-4.213908672332764,-1.8776264935517957,7.291504649671879,1.90914158822687,0.0953181236982346,0.0073220795466841,48.65740539492
0,44.1602234102232,11.0100145339966,-40.3759727478027,0,13.0111822103432,0.108413716297928,0,4.1175067355316255,-42.8090411647036,-4.846243858337402,12.761753740043542,-39.757605462410716,-4.194484710693359,-1.8576782136971464,7.309342355726756,1.91014294625909,0.105569161474705,0.008113443899915,48.7875584702375
0,44.2903087373278,10.9655694961548,-40.2537155151367,0,13.0045730140636,0.121266040806107,0,4.059327381333121,-42.70027216113836,-4.832248210906982,12.697061125461047,-39.64032949669926,-4.173770427703857,-1.8369283246692396,7.326787807124722,1.91125493051202,0.117235764861107,0.0090145726466237,48.9176437973421
0,44.4203281957125,10.920877456665,-40.1316184997559,0,12.9976963194603,0.135225903073801,0,4.001626676368415,-42.59239801453629,-4.818924427032471,12.632315959268452,-39.522958264459085,-4.153026103973389,-1.8164495672121264,7.343804680204785,1.91248898507745,0.130104467272758,0.0100092680583955,49.0476632557268
0,44.5502792683518,10.8759164810181,-40.009693145752,0,12.990543821964,0.150038776924521,0,3.944448622032223,-42.48550098754752,-4.805771350860596,12.567513025330546,-39.405482309784034,-4.132040977478027,-1.7962654600673371,7.360358085694638,1.91385655404718,0.143987983465195,0.011083322028491,49.1776143283661
0,44.6801567047825,10.830662727356,-39.8879547119141,0,12.9831018980185,0.165493026557348,0,3.8878320151799626,-42.379653612694334,-4.792366981506348,12.502650487057831,-39.28789830327075,-4.110976696014404,-1.776403884860282,7.376412523041553,1.91536717416437,0.158721834421158,0.0122242698702706,49.3074917647968
0,44.8099619470334,10.7850942611694,-39.7664108276367,0,12.9753639977361,0.181411846372609,0,3.83179910924307,-42.27489744922413,-4.779035568237305,12.437726752916445,-39.17020335975729,-4.089482307434082,-1.7568885842685713,7.391942816370086,1.91702656747491,0.174161180853844,0.0134211388029751,49.4372970070477
0,44.9396888227783,10.7391910552979,-39.645076751709,0,12.9673182187845,0.197646611822152,0,3.776395912599975,-42.17131854678836,-4.765748023986816,12.37273919136199,-39.05239270873138,-4.068192005157471,-1.7377439073807046,7.406916619375678,1.91884617807062,0.190178379416466,0.0146642728552185,49.5670238827926
0,45.0693391854797,10.6929311752319,-39.5239601135254,0,12.9589596614596,0.214071926639592,0,3.7216309639102523,-42.06893287915669,-4.751986026763916,12.307689538428548,-38.93446949730766,-4.046008110046387,-1.7189949849031805,7.421314776653679,1.92082791330011,0.206660911440849,0.0159451626758569,49.696674245494
0,45.1989045609317,10.6463022232056,-39.403076171875,0,12.9502808529774,0.230581085992403,0,3.667524243558175,-41.96777780060464,-4.73853874206543,12.242582843431041,-38.81644287897741,-4.02468729019165,-1.700661764973619,7.435121823724225,1.92297558786065,0.223509177565575,0.0172562865543041,49.826239620946
0,45.3283903351942,10.5992736816406,-39.2824325561523,0,12.9412774191774,0.247083227743362,0,3.61409584258518,-41.86789087228657,-4.72540283203125,12.177415879010619,-38.69830700312494,-4.001920223236084,-1.682776116071117,7.448308811246941,1.92529492379816,0.240634962916374,0.0185909866456053,49.9557253952085
0,45.4577810396007,10.5518341064453,-39.162052154541,0,12.9319461406822,0.263500367012518,0,3.5613484413365897,-41.76927710523512,-4.709953308105469,12.112201698937591,-38.58008553386599,-3.9800708293914795,-1.6653624744421502,7.460865350454484,1.92778401376397,0.257960051298141,0.0199433647070551,50.0851160996151
0,45.5870851536664,10.5039653778076,-39.041934967041,0,12.922287779673,0.279765152962465,0,3.5093001147139424,-41.67197029133553,-4.697392463684082,12.046935203981155,-38.46176922722085,-3.9574217796325684,-1.6484381001854809,7.472779131605998,1.93044857980401,0.275414854288101,0.0213081720660899,50.2144202136807
0,45.7162894133213,10.4556512832642,-38.9221038818359,0,12.9122917844104,0.295819152241213,0,3.457952010494528,-41.57597257641186,-4.685550212860107,11.981627999368373,-38.343379121359334,-3.9350950717926025,-1.6320316438356022,7.484037290137688,1.93328671456964,0.292937278747559,0.0226807477653519,50.3436244733356
0,45.8454027560677,10.4068737030029,-38.8025588989258,0,12.9019572383252,0.311611727500871,0,3.4073079208344783,-41.48129105007975,-4.672782897949219,11.916277452979728,-38.224910444726596,-3.9128258228302,-1.616161321490786,7.494633218278854,1.93630032540948,0.310471773147583,0.024056912670621,50.472737816082
0,45.9744152484307,10.3576183319092,-38.6833190917969,0,12.8912813995539,0.327098350908565,0,3.3573735854785802,-41.38793644306416,-4.660304069519043,11.850891451265902,-38.10637749402599,-3.8907506465911865,-1.600851715878691,7.504557383797223,1.93948941232355,0.327968686819077,0.0254329380604221,50.601750308445
0,46.1033179642812,10.3078689575195,-38.5644035339355,0,12.8802644369324,0.342240131590004,0,3.308147180488832,-41.29590534542655,-4.647894382476807,11.785478587497808,-37.987795847297626,-3.868685245513916,-1.5861294533847203,7.513801108760882,1.94285206796319,0.345383167266846,0.0268054519442845,50.7306530242955
0,46.2321117055688,10.2576122283936,-38.4458198547363,0,12.8689017848229,0.357002746619079,0,3.2596354864745396,-41.205210433837436,-4.634549617767334,11.720039344425,-37.869166379678816,-3.8471691608428955,-1.5720121818865744,7.522360988976281,1.94639019967706,0.362674653530121,0.0281714154373296,50.8594467655831
0,46.3607974932267,10.2068347930908,-38.3275756835937,0,12.8571936611391,0.371355960585955,0,3.211817642317041,-41.11581270744658,-4.621288776397705,11.654579626067953,-37.75049979408683,-3.8249425888061523,-1.5585190674682778,7.530241074547549,1.95009808541925,0.379806578159332,0.0295280807959033,50.988132553241
0,46.4893668413714,10.1555213928223,-38.2096900939941,0,12.8451402835446,0.385273023496432,0,3.1647043279916645,-41.02773213297414,-4.607946872711182,11.589103817570516,-37.63180406124303,-3.8046789169311523,-1.5456748802370255,7.537432199853342,1.95397763253839,0.396745651960373,0.0308729451918318,51.1167019013857
0,46.6178135414454,10.1036605834961,-38.0921783447266,0,12.8327399526388,0.398730054110185,0,3.1182843355736223,-40.94094775667341,-4.59525728225708,11.523619109960846,-37.51309222640493,-3.7823143005371094,-1.5335002280119778,7.543935875090887,1.95802502633722,0.413461625576019,0.0322037373249753,51.2451486014597
0,46.7461386107008,10.0512409210205,-37.9750480651855,0,12.819992841528,0.411706146191501,0,3.0725426913014235,-40.855431584387496,-4.582175254821777,11.458128715134148,-37.39437008167932,-3.758439779281616,-1.5220118875208448,7.549757492739397,1.96223645211847,0.429926604032517,0.0335183554172754,51.3734736707151
0,46.8743463664969,9.99825191497803,-37.8583030700684,0,12.806898133442,0.424182680342436,0,3.0274830297050173,-40.77119041104241,-4.569336891174316,11.392629558952061,-37.27563205421388,-3.7395079135894775,-1.511222858062805,7.554901158393601,1.96661381723077,0.446115165948868,0.0348148835027615,51.5016814265112
0,47.002424784843,9.94468116760254,-37.7419662475586,0,12.7934559106344,0.436143355224776,0,2.983089308250591,-40.68819424436073,-4.557576656341553,11.327131904005329,-37.156896748214415,-3.7188708782196045,-1.501158338631694,7.559366416925166,1.97115139962823,0.462003886699677,0.0360915496236824,51.6297598448573
0,47.1303705428652,9.89052104949951,-37.626049041748,0,12.7796671420714,0.447574043479293,0,2.9393546183763974,-40.606430168458765,-4.547385215759277,11.26163839784224,-37.03816896320323,-3.6921801567077637,-1.4918330233897485,7.563159816745021,1.97584729196222,0.477571219205856,0.0373467162249076,51.7577056028795
0,47.2581817513671,9.83576107025147,-37.5105628967285,0,12.7655327301767,0.458462327631078,0,2.896257521725357,-40.525858103311705,-4.53559684753418,11.196153384437041,-36.91945657401359,-3.665142774581909,-1.4832646201028061,7.5662880385860385,1.98069577218683,0.492797285318375,0.0385788664451141,51.8855168113814
0,47.385852100892,9.78039360046387,-37.3955230712891,0,12.7510534895509,0.468797732728536,0,2.8537989211088086,-40.44647973676815,-4.521487712860107,11.13067877998562,-36.800763054359244,-3.641880989074707,-1.4754692622262533,7.568754879549271,1.98569684030206,0.507663667201996,0.0397865879635699,52.0131871609063
0,47.5133793764455,9.72441005706787,-37.2809410095215,0,12.7362330005656,0.47857163710265,0,2.8119502482878906,-40.368241659151295,-4.506509780883789,11.065219570735545,-36.68209744339787,-3.6184630393981934,-1.4684630634201907,7.570569721573343,1.99084286691339,0.522153556346893,0.040968575648332,52.1407144364598
0,47.6407599082889,9.66780567169189,-37.1668281555176,0,12.7210718767386,0.48777715238748,0,2.7706970385666563,-40.291116828026404,-4.493807315826416,10.999778217169172,-36.563464201535375,-3.594912052154541,-1.4622581587634578,7.571742679614611,1.99613003732355,0.536251544952393,0.0421236330151602,52.2680949683032
0,47.7679914973575,9.61057281494141,-37.0531959533691,0,12.7055725328377,0.49640895907717,0,2.7300376599424894,-40.21510219228722,-4.485035419464111,10.934353423938854,-36.44486098054263,-3.572361946105957,-1.4568687449188495,7.57227938489365,2.00155835153253,0.549943268299103,0.0432506294756221,52.3953265573718
0,47.8950640846144,9.55270671844482,-36.9400634765625,0,12.6897372521725,0.50446370366398,0,2.689946745720102,-40.14015032769443,-4.476386547088623,10.868952725758097,-36.326301439481405,-3.5489866733551025,-1.452311051369533,7.572187946559438,2.00712018014581,0.563216149806976,0.0443485648883234,52.5223991446287
0,48.0219936331613,9.49420547485352,-36.8274192810059,0,12.6740628563099,0.511058216404655,0,2.650399871890727,-40.066215572405845,-4.466246128082275,10.803567673348686,-36.20777026135088,-3.5274314880371094,-1.4485835407071028,7.5714910386482615,2.01281170846612,0.575373232364655,0.0453608319991748,52.6493286931756
0,48.1487706568663,9.43507099151611,-36.7152786254883,0,12.6587854640951,0.516244508696151,0,2.611343788874125,-39.993198373807004,-4.457343578338623,10.738209953992197,-36.08928863306158,-3.504490852355957,-1.4456952051320027,7.570205466993214,2.0186176777044,0.586397647857666,0.0462849005911448,52.7761057168806
0,48.2753920646159,9.37530612945557,-36.6036491394043,0,12.6440466202476,0.520039831907508,0,2.5727493768382224,-39.921044314682305,-4.44854736328125,10.672882354229724,-35.97086160610441,-3.4835972785949707,-1.4436495840053798,7.568347846230225,2.02453045846612,0.596250176429749,0.0471167594474316,52.9027271246302
0,48.401865313956,9.31491279602051,-36.4925270080566,0,12.6299222937025,0.522442909253261,0,2.534548395049524,-39.84962579506173,-4.439019680023193,10.607588825593274,-35.852496343886415,-3.4619321823120117,-1.4424460366024552,7.5659403695552605,2.03053288461358,0.604878604412079,0.0478515820242375,53.0292003739703
0,48.5282135944691,9.2538948059082,-36.3818893432617,0,12.6164596086082,0.523446318097455,0,2.4966990834584823,-39.77886473930034,-4.428609371185303,10.542318598345021,-35.73417332283659,-3.440812826156616,-1.442072089748852,7.563011032173934,2.03661732675226,0.612225830554962,0.0484842500372714,53.1555486544834
0,48.6544256232098,9.19225788116455,-36.2717514038086,0,12.603668914529,0.52304338501815,0,2.4591558774095765,-39.70867596214655,-4.418015003204346,10.477081679504519,-35.61591068385678,-3.4203832149505615,-1.4425322328210424,7.55957095427219,2.04277043344171,0.618234038352966,0.0490097264894975,53.2817606832241
0,48.7805096105507,9.13000869750977,-36.1621055603027,0,12.5915578851545,0.521234243343663,0,2.4218502796588655,-39.638931404803664,-4.407482624053955,10.411880925194067,-35.49771360457595,-3.400299072265625,-1.4438189217982702,7.555640761177955,2.04897503854425,0.622849106788635,0.0494232837033041,53.407844670565
0,48.9064797410465,9.06715488433838,-36.0529365539551,0,12.5801142247571,0.518028499981084,0,2.3847314264345263,-39.569535975074686,-4.397894382476807,10.346712153923043,-35.37957450471402,-3.3840293884277344,-1.4459195190276328,7.551241934898015,2.05521969796808,0.62602299451828,0.0497207654147338,53.5338148010608
0,49.0323362956187,9.00370502471924,-35.9442443847656,0,12.5693237560559,0.513446745929404,0,2.3477077361996805,-39.500318456999125,-4.388665676116943,10.281587382775468,-35.261515092088985,-3.3702404499053955,-1.4488280119151662,7.546387394773163,2.06147961618097,0.627714514732361,0.0498985833624633,53.659671355633
0,49.1580845429234,8.93967056274414,-35.8360214233398,0,12.5591637585513,0.507520914253198,0,2.3108414534043114,-39.43139521948334,-4.379299163818359,10.216485377150853,-35.143496929115365,-3.3541040420532227,-1.4525309791495875,7.5410932957248775,2.06777386666925,0.627890586853027,0.0499538466884563,53.7854196029378
0,49.2837337725354,8.87506103515625,-35.7282562255859,0,12.5496078058316,0.500294000912658,0,2.273908037596085,-39.362346473664594,-4.369769096374512,10.151439200570506,-35.025579974102726,-3.3480114936828613,-1.4570158322903388,7.53537210948326,2.07404141427667,0.626527070999146,0.0498844124416177,53.9110688325497
0,49.4092830535468,8.80989265441895,-35.6209449768066,0,12.5406248887421,0.49181989217943,0,2.2369593771756877,-39.29326922733139,-4.35944938659668,10.086433533258619,-34.907736455068,-3.3349058628082275,-1.4622663953019341,7.529237495794933,2.0802975177923,0.623608946800232,0.0496889054763077,54.0366181135611
0,49.5347461909785,8.74417781829834,-35.5140686035156,0,12.5321871913061,0.482161950595042,0,2.1998710043692884,-39.22393078216733,-4.346594333648682,10.021479627617198,-34.7899867705811,-3.3279552459716797,-1.4682623787576277,7.522700915191883,2.08650975228937,0.619130611419678,0.049366713019174,54.1620812509928
0,49.6601216871901,8.67793273925781,-35.4076232910156,0,12.5242569018435,0.471390931020644,0,2.1626208685321746,-39.15428991346225,-4.329289436340332,9.956577710117433,-34.67233133119335,-3.3231565952301025,-1.474987195769457,7.515770057191358,2.09267239572198,0.613094925880432,0.0489179617703148,54.2874567472044
0,49.7854135650625,8.61116886138916,-35.3016014099121,0,12.516795879873,0.459584233780285,0,2.1251439292982686,-39.084225025214074,-4.316612243652344,9.891733819619601,-34.55478108426634,-3.312720775604248,-1.4824261233010487,7.508445966692763,2.09876828195245,0.605513751506805,0.0483435219789524,54.4127486250768
0,49.9106323582552,8.54390907287598,-35.1959800720215,0,12.5097696521527,0.446823608695702,0,2.087372051243832,-39.01360873506588,-4.305488109588623,9.826951005206315,-34.43734155723545,-3.3033201694488525,-1.4905465427938647,7.5007438911487005,2.10478024484308,0.596407115459442,0.0476449251623271,54.5379674182695
0,50.0357794257162,8.47616863250732,-35.0907516479492,0,12.5031466007142,0.43319356166701,0,2.049248734978527,-38.942335414768635,-4.293886661529541,9.762236162307184,-34.32002525026757,-3.292330265045166,-1.4993294738945213,7.4926628699067015,2.1106930256048,0.585803329944611,0.0468243767935732,54.6631144857305
0,50.1608575184479,8.40796566009522,-34.9859046936035,0,12.4968828750436,0.418778309525573,0,2.0107237722084914,-38.87031119757201,-4.280513763427734,9.6975945858047,-34.20284176202712,-3.2647693157196045,-1.5087512455125207,7.484204544252208,2.11649327279718,0.573737502098084,0.0458846927078936,54.7881925784622
0,50.2858643269618,8.33932113647461,-34.8814315795898,0,12.4909415545991,0.403661164530055,0,1.971736144702391,-38.79742200704268,-4.266979694366455,9.633037368279268,-34.08581120135635,-3.2334375381469727,-1.518786843074164,7.4753675264394435,2.12216382028253,0.560252249240875,0.0448292810987094,54.9131993869761
0,50.4108110166577,8.27025413513184,-34.7773094177246,0,12.4852918159985,0.387922094151733,0,1.9322389131326096,-38.72358008791537,-4.253268718719482,9.568565435294405,-33.96893524613455,-3.208577871322632,-1.5294054509592,7.466156250488056,2.12769322396905,0.545395970344543,0.0436620077194432,55.038146076672
0,50.5356983548578,8.20077896118164,-34.6735305786133,0,12.4798937574016,0.371635485852867,0,1.892190521650623,-38.64870774959042,-4.239815711975098,9.504185515276637,-33.852226093782214,-3.1821250915527344,-1.5405874535583668,7.4565623205363245,2.13307003976495,0.529223382472992,0.0423872909607286,55.1630334148721
0,50.6605273173472,8.13092613220215,-34.5700759887695,0,12.4747117862883,0.354869191150395,0,1.8515291908293965,-38.572689492543596,-4.228331089019775,9.441062211162848,-33.7349689855987,-3.156031370162964,-1.5536602756521238,7.446592563576728,2.13827710153253,0.511794149875641,0.0410099409864378,55.2878623773615
0,50.7852975144313,8.06071662902832,-34.4669342041016,0,12.469714641904,0.337683195267307,0,1.8102212391988073,-38.49546234769342,-4.216663837432861,9.379153819136315,-33.617183745193884,-3.1262621879577637,-1.5685510723829603,7.436244456847244,2.14330487252862,0.493172228336334,0.0395351064739882,55.4126325744456
0,50.9100143115296,7.99017190933228,-34.364086151123,0,12.4648687191103,0.320128366467474,0,1.7682171223135037,-38.41693368938534,-4.204797267913818,9.317347424749764,-33.499592562753634,-3.1088218688964844,-1.583901516210968,7.425516449386196,2.1481400013128,0.473425835371017,0.0379682923403356,55.5373493715439
0,51.0346822310066,7.91931438446045,-34.2615127563477,0,12.4601428150235,0.302245559223891,0,1.72548819336901,-38.33704996108045,-4.192250728607178,9.255648168718654,-33.38220521886481,-3.0895018577575684,-1.5996780077328285,7.414410724569496,2.15277485849054,0.452626258134842,0.0363152461885724,55.6620172910209
0,51.1592981529383,7.84816837310791,-34.1592025756836,0,12.4555109341273,0.284065536756193,0,1.6819830450860658,-38.25571505446921,-4.178702354431152,9.194071166227761,-33.26505047127115,-3.0606603622436523,-1.6158472435081936,7.402922124969174,2.15719418527276,0.43084728717804,0.0345819038902947,55.7866332129526
0,51.2838610174772,7.7767596244812,-34.0571403503418,0,12.4509407870603,0.265608489953636,0,1.6380482508800709,-38.17264959800587,-4.164566516876221,9.132624098278134,-33.14814293363852,-3.031855344772339,-1.6323739690640349,7.390615244753874,2.16139225961358,0.40816468000412,0.0327743779868912,55.9111960774916
0,51.4083757490449,7.70511388778687,-33.9553031921387,0,12.44640324746,0.246884581617058,0,1.5935503870170353,-38.08785000307854,-4.148614406585693,9.071315297982402,-33.03149846032271,-3.0030760765075684,-1.6492184439139275,7.3776115083779725,2.16535954476983,0.38465490937233,0.0308988268302449,56.0357108090592
0,51.5328396758078,7.63325881958008,-33.8536758422852,0,12.4418730487208,0.227904026560826,0,1.5482222496644458,-38.00146815566804,-4.141220569610596,9.010152881310741,-32.91513249255014,-2.9743871688842773,-1.6663435649832417,7.364227802843176,2.16909222604425,0.360402017831802,0.0289620034405651,56.1601747358221
0,51.6572577827963,7.56121921539307,-33.7522354125977,0,12.4373164338661,0.208731086187502,0,1.5020047208605287,-37.91339139465367,-4.133079528808594,8.94915235057554,-32.79907452460312,-2.944478750228882,-1.6837084266998406,7.3504625295115575,2.17257313729913,0.335538774728775,0.0269745915875022,56.2845928428107
0,51.7816233140873,7.48902368545532,-33.6509704589844,0,12.4327094528026,0.189437643037515,0,1.4549300224792732,-37.82368112527212,-4.121455192565918,8.888315853303745,-32.68332864230862,-2.9156994819641113,-1.7012787121402424,7.33633427797009,2.17580990792901,0.310210943222046,0.0249482978955456,56.4089583741017
0,51.9059437015394,7.41669750213623,-33.5498542785645,0,12.4280289487269,0.170069754257145,0,1.4069584509383364,-37.73226168439244,-4.108204364776611,8.827654238496057,-32.56791548668336,-2.8866052627563477,-1.7190121299398013,7.321850529191193,2.1787910938421,0.284550011157989,0.02289368437836,56.5332787615537
0,52.0302121427321,7.34426879882813,-33.4488754272461,0,12.423254200482,0.150653391923649,0,1.3580706436072612,-37.63909617264291,-4.091424465179443,8.767182612029872,-32.45286379776311,-2.8568687438964844,-1.7368715801306924,7.30701842400329,2.18150906564386,0.258674263954163,0.0208202490174002,56.6575472027464
0,52.1544284705675,7.27176475524902,-33.348014831543,0,12.4183657594626,0.13119960250347,0,1.30829023112753,-37.54422962294538,-4.073885440826416,8.706902439282603,-32.33817636353549,-2.828439950942993,-1.7548201912449684,7.291861694754652,2.18396954538019,0.2326889783144,0.0187364422752554,56.7817635305818
0,52.2785921351355,7.1992130279541,-33.2472534179688,0,12.4133472001836,0.111709019615759,0,1.2576151814028291,-37.447658162733184,-4.058505535125732,8.646821705549915,-32.223868376609104,-2.9300975799560547,-1.7728191747410365,7.27639917747658,2.18617062570245,0.206687167286873,0.0166497235029325,56.9059271951498
0,52.4027041539623,7.12663316726685,-33.1465759277344,0,12.4081979881845,0.0938791994743247,0,1.2090913567873651,-37.347298294055726,-4.049235820770264,8.58693990042786,-32.109938865903146,-2.954998731613159,-1.7908411858334956,7.256953181445023,2.18811993600519,0.182068854570389,0.0146728512791678,57.0300392139766
0,52.5267640340561,7.05403137207031,-33.0459785461426,0,12.4029642895187,0.079225076546417,0,1.161037284836267,-37.2444903884197,-4.039841175079346,8.527249011793296,-31.996372587767773,-2.9644787311553955,-1.8088789019298404,7.235667281040253,2.18983464242608,0.16016049683094,0.0129128187271658,57.1540990940704
0,52.6507720883798,6.98140716552734,-32.9454612731934,0,12.3976771788334,0.0672500579446618,0,1.1123283110859603,-37.14028137191751,-4.0246262550354,8.467731929523842,-31.883136988944653,-2.97393536567688,-1.8269357375052557,7.214055881424171,2.19134144784601,0.14077639579773,0.0113548951707903,57.2781071483941
0,52.7747263780717,6.90875864028931,-32.845027923584,0,12.3923588215035,0.0575161166610117,0,1.0630531761390196,-37.034861098085514,-4.009486198425293,8.408371700464599,-31.770199814817584,-2.98980712890625,-1.8450189141693594,7.19214671734038,2.19266705514581,0.12371951341629,0.009983424679883,57.402061438086
0,52.8986255430104,6.83608818054199,-32.7446784973145,0,12.3870140972683,0.049642512679604,0,1.0132760112413632,-36.92836677067794,-3.990755558013916,8.349156864510368,-31.657539237819503,-3.0013341903686523,-1.8631287158812015,7.169964374223501,2.19383053781183,0.1087876111269,0.0087823212810545,57.5259606030247
0,53.0224721480963,6.76339673995972,-32.6444091796875,0,12.3816524506731,0.0433026965095782,0,0.9630704522082372,-36.82095592772723,-3.9723401069641113,8.290070085830248,-31.54512229793412,-3.006324291229248,-1.881266369599632,7.147539981206273,2.19485478402765,0.0957789793610573,0.0077355097792659,57.6498072081106
0,53.146265106107,6.69068622589111,-32.5442199707031,0,12.3762713617181,0.0382197446792746,0,0.9124934073129364,-36.71275032000607,-3.956224203109741,8.231100087672088,-31.432927541576255,-3.0169224739074707,-1.8994330018723014,7.124897018324431,2.19575695993097,0.0844966396689415,0.0068272773192156,57.7736001661213
0,53.2700027670001,6.61795949935913,-32.4441108703613,0,12.3708854123058,0.0341612465602039,0,0.8616014697812419,-36.603871024267775,-3.940378427505493,8.172235277689712,-31.320932913455163,-3.030115842819214,-1.9176292441410512,7.102060426574379,2.19655423165948,0.0747520998120308,0.0060425597936472,57.8973378270144
0,53.393687123491,6.5452184677124,-32.3440780639648,0,12.3654827388407,0.0309337225933244,0,0.8104432562853086,-36.49442205205685,-3.9235143661499023,8.113463504164761,-31.209115294033396,-3.0422191619873047,-1.9358545873819748,7.079053746447362,2.19726185800226,0.0663679838180542,0.0053671803642535,58.0210221835054
0,53.5173165176798,6.47246599197388,-32.2441215515137,0,12.3600719850757,0.0283774372137505,0,0.7590568190637449,-36.38448481314352,-3.9073667526245117,8.05477731967707,-31.09746051404663,-3.042971134185791,-1.954108664486929,7.055894862832609,2.19789128305108,0.0591797642409802,0.0047879663112575,58.1446515776941
0,53.640889850196,6.39970397949219,-32.1442413330078,0,12.3546595670674,0.0263612872389839,0,0.7074737811822452,-36.274126962588475,-3.891155958175659,7.996170396127743,-30.98595653382155,-3.0438573360443115,-1.972391618181108,7.032598377837928,2.19845204354913,0.0530367344617844,0.004292842991212,58.2682249102104
0,53.7644082593543,6.32693576812744,-32.04443359375,0,12.3492459624534,0.0247782119390797,0,0.6530240859905219,-36.16542421245439,-3.8737034797668457,7.937629671941791,-30.87457850275158,-3.043713331222534,-1.990702334785299,7.01254857067952,2.19895939828546,0.0478024855256081,0.0038708751488225,58.3917433193686
0,53.8878797486525,6.25416088104248,-31.9446887969971,0,12.3438315024848,0.0235412308791118,0,0.5971005335902084,-36.05738068770089,-3.8563475608825684,7.879150946541637,-30.763318428929093,-3.043994188308716,-2.0090367491711274,6.994037915437516,2.1994152546087,0.0433546677231789,0.0035122473011292,58.5152148086668
0,54.0112911535182,6.18138599395752,-31.8450183868408,0,12.3384164192109,0.0225799186075605,0,0.5410671832443517,-35.94912503484505,-3.8376426696777344,7.820730825192825,-30.652169853622244,-3.045931339263916,-2.0273971241223485,6.975448922089353,2.19983105661065,0.0395845137536526,0.0032082275490619,58.6386262135325
0,54.1346486497316,6.10861110687256,-31.7454147338867,0,12.3329856186506,0.0218372002815717,0,0.4849406710786457,-35.84068939465012,-3.8171911239624023,7.762361925706536,-30.541118731674146,-3.0485801696777344,-2.0457811788505595,6.956791194042944,2.20021252633722,0.0363958403468132,0.0029510926566565,58.7619837097459
0,54.2579537895796,6.0358362197876,-31.6458759307861,0,12.3275506637791,0.0212667779314967,0,0.42872113708444803,-35.732074037577455,-3.799175977706909,7.704044400957774,-30.430165353940733,-3.052119016647339,-2.0641876713072373,6.938065617924237,2.20055966378839,0.0337040722370148,0.0027340404434554,58.8852888495939
0,54.3812035062257,5.96306133270264,-31.5464057922363,0,12.3221154554303,0.0208316255342929,0,0.37245384283331573,-35.623366408353235,-3.7821996212005615,7.645767504770934,-30.319289275032965,-3.058568000793457,-2.0826221472725126,6.919284643021384,2.2008858204046,0.0314355790615082,0.0025511475081096,59.00853856624
0,54.5043996133195,5.89029121398926,-31.4469985961914,0,12.3166800564852,0.0205024002303,0,0.31613847027017017,-35.51456589249948,-3.764416456222534,7.587530918084323,-30.20848988791252,-3.0640807151794434,-2.101077445892777,6.900455240076999,2.20119099618585,0.0295267831534147,0.0023972971701862,59.1317346733338
0,54.6275405811457,5.81752586364746,-31.34765625,0,12.3112445133876,0.0202558989431364,0,0.2597884760953153,-35.405698488173854,-3.745722532272339,7.529332100102212,-30.097762358528747,-3.0611071586608887,-2.1195554560101826,6.881580608828033,2.2014790058294,0.0279230065643787,0.0022680866048396,59.25487564116
0,54.7506272890319,5.74475860595703,-31.2483825683594,0,12.3057862418439,0.022140841878965,0,0.20339171846558296,-35.29674073750438,-3.727001905441284,7.471174921723307,-29.98711405155099,-3.06134033203125,-2.138062573180704,6.862648967233392,2.201746034638,0.0281707029789686,0.0022892204389338,59.3779623490462
0,54.873658195072,5.67196607589722,-31.1491966247559,0,12.3002628289402,0.0276571332663005,0,0.14711948803982583,-35.1880235716595,-3.708228588104248,7.413006504378923,-29.87644436161523,-3.061570882797241,-2.1566455659049404,6.843687085657421,2.20204548837335,0.0314754769206047,0.0025589207151564,59.5009932550863
0,54.9966351999264,5.59911918640137,-31.0501174926758,0,12.294620991424,0.0360758705935802,0,0.09100036244527182,-35.07960220221721,-3.6894164085388184,7.354815370536826,-29.765731451872696,-3.0610644817352295,-2.1753428678711026,6.82466995562771,2.20238690377862,0.0373732857406139,0.0030397947912061,59.6239702599407
0,55.1195546372412,5.526198387146,-30.9511642456055,0,12.2889067373541,0.0452430188569607,0,0.03510745229269455,-34.971617877859785,-3.6689746379852295,7.296578540642028,-29.654931602030796,-2.060859441757202,-2.194188905760233,6.805595276236666,2.20279316903741,0.0442581251263619,0.0036014452816403,59.7468896972555
0,55.2424148639056,5.45318603515625,-30.852352142334,0,12.2830280868706,0.0565587896410563,0,-0.020511950730464593,-34.86416196546904,-3.6486425399780273,7.23827920101719,-29.544012822832425,-2.0295214653015137,-2.21321245834133,6.786456195814062,2.20327954293878,0.0531729906797409,0.0043289347390201,59.8697499239199
0,55.3652180177638,5.38005828857422,-30.7536964416504,0,12.2769576827622,0.0695919993388821,0,-0.07580681861546432,-34.75733305044753,-3.6296215057373047,7.179896200862429,-29.43293487332603,-2.0001842975616455,-2.2324487969206896,6.767242434193595,2.20386319162042,0.0638090744614601,0.0051973828516731,59.9925530777781
0,55.4879591055222,5.30679321289063,-30.6552200317383,0,12.2706723941359,0.0839924839700623,0,-0.13072338067065983,-34.65123501702299,-3.611177921295166,7.121411101045724,-29.32166267170747,-1.970461368560791,-2.2519354592227643,6.747942091324895,2.20456128122003,0.0759011656045914,0.0061854301951016,60.1152941655365
0,55.6106371292521,5.23337268829346,-30.5569381713867,0,12.264151570451,0.0994738713792422,0,-0.18522824934735654,-34.545932369474734,-3.5916295051574707,7.062809000200316,-29.21016786703111,-1.944183349609375,-2.27170144869818,6.728544481073297,2.2053852558294,0.0892208591103554,0.0072746919292742,60.2379721892664
0,55.7332525675746,5.15977382659912,-30.4588680267334,0,12.2573780405866,0.11580025367037,0,-0.2392831465306775,-34.44149906058785,-3.5723631381988525,7.004071764265392,-29.098415962830558,-1.9210973978042603,-2.2917819924804284,6.70903615662653,2.20634846688898,0.10357079654932,0.0084492927037555,60.3605876275889
0,55.8557993975103,5.08598232269287,-30.3610286712646,0,12.250343817884,0.13277602372237,0,-0.29286507514621235,-34.33797952038997,-3.5527989864349365,6.945189919949408,-28.986388960240223,-1.895205020904541,-2.3122039756089015,6.689404860344402,2.20745854379327,0.118780225515366,0.00969550333325,60.4831344575246
0,55.9782728345116,5.01197957992554,-30.2634410858154,0,12.243032887497,0.150237795753278,0,-0.3459518693102838,-34.235416573059794,-3.5327868461608887,6.886153048105964,-28.874067006473982,-1.859920620918274,-2.3329994687477438,6.669634074368744,2.20872311593683,0.134700998663902,0.0110014290660819,60.6056078945259
0,56.1006762537021,4.93774890899658,-30.1661148071289,0,12.2354421273759,0.168048342158094,0,-0.3985254905252123,-34.133845068723744,-3.513082265853882,6.826946399431208,-28.761422039905714,-1.8323010206222534,-2.35419390198718,6.649714873268414,2.21014981271417,0.151204332709312,0.0123567315110489,60.7280113137164
0,56.2230056246008,4.86327362060547,-30.0690689086914,0,12.2275564515185,0.186091485186784,0,-0.45057060640434704,-34.03329462933938,-3.4934020042419434,6.7675604121830775,-28.648435868623885,-1.8046447038650513,-2.3758170003408106,6.629632420668024,2.2117443561712,0.168178051710129,0.0137524270828207,60.8503406846151
0,56.3452574842426,4.78853893280029,-29.9723205566406,0,12.2193744983108,0.204268479934786,0,-0.5020841504543125,-33.93377117932923,-3.47412109375,6.707989136986379,-28.53509717350834,-1.7744238376617432,-2.3978949391856506,6.609370896315817,2.21350865365655,0.185524255037308,0.0151806737799375,60.9725925442569
0,56.467429795433,4.71353054046631,-29.8758850097656,0,12.2108866423875,0.222494690418071,0,-0.5530462720607614,-33.835313069803874,-3.455418586730957,6.648219136118509,-28.42138038831193,-1.7438513040542603,-2.4204552579993615,6.588922664963238,2.21545033456476,0.203157171607018,0.0166346196906834,61.0947648554473
0,56.5895195231469,4.63823366165161,-29.7797794342041,0,12.20209496922,0.240697472330515,0,-0.6034720160671221,-33.737891234335244,-3.437079906463623,6.588250082720018,-28.307284891160716,-1.71444571018219,-2.443522912053208,6.568266699378626,2.21756558419855,0.221001610159874,0.0181082532227664,61.2168545831612
0,56.7115232793933,4.56263446807861,-29.6840209960937,0,12.1929913047132,0.258813590420908,0,-0.6533412493975781,-33.641544569745555,-3.417264223098755,6.528068429006663,-28.19278490640724,-1.6845544576644897,-2.467127019420099,6.547396087095342,2.21986203195245,0.238991186022758,0.0195962875869222,61.3388583394076
0,56.8334361291638,4.48671960830689,-29.5886287689209,0,12.1835667081737,0.276788022006685,0,-0.7047055303430299,-33.547830380253885,-3.3978052139282227,6.467669720848498,-28.07787195974448,-1.6560314893722534,-2.4912947406622763,6.528872212671041,2.22233967782647,0.257067263126373,0.0210940652220118,61.4607711891781
0,56.955260541767,4.41047620773315,-29.4936122894287,0,12.1738266969608,0.294572852039845,0,-0.7560342369881501,-33.45558376989995,-3.3805530071258545,6.407045663756314,-27.962530270301865,-1.6158885955810547,-2.5160488353802157,6.510764024865427,2.22499852182062,0.275178015232086,0.0225974542167587,61.5825956017813
0,57.0769879062438,4.33389282226563,-29.3989944458008,0,12.1637626151615,0.312125566780896,0,-0.8067847617500936,-33.36437625291846,-3.3610801696777344,6.346195255224013,-27.846757930738434,-1.5830078125,-2.5414167860434036,6.492366201857492,2.22783665658624,0.293276906013489,0.0241027722138742,61.7043229662581
0,57.1986184741142,4.25695848464966,-29.3047866821289,0,12.1533744876977,0.329408834055708,0,-0.8569560252683194,-33.274209769107976,-3.342576742172241,6.28510837572974,-27.73053568792593,-1.5461803674697876,-2.567422476616807,6.473672934138097,2.23085598947198,0.311322599649429,0.0256067405270788,61.8259535341285
0,57.320150977749,4.17966032028198,-29.2110042572021,0,12.1426547961248,0.346389188752456,0,-0.9065523940890832,-33.18507647102566,-3.3256895542144775,6.223777569483893,-27.61384935668094,-1.5058752298355103,-2.594093117978525,6.4546734802400625,2.23405652047784,0.32927793264389,0.0271064311496069,61.9474860377633
0,57.4415736779117,4.10199308395386,-29.1176700592041,0,12.1316094260006,0.363037260256692,0,-0.9555792639276007,-33.096966661633125,-3.3077330589294434,6.1622023259481224,-27.496697965667025,-1.4665173292160034,-2.6214523930112765,6.435358537343383,2.23743634225519,0.347109347581863,0.028599176045245,62.068908737926
0,57.5628923823594,4.0239405632019,-29.0247936248779,0,12.1202309634245,0.379326322888126,0,-1.004062791234533,-33.009833333240714,-3.2899742126464844,6.100378354789629,-27.379073352213176,-1.4217638969421387,-2.649526206360938,6.415711901999059,2.24098973275812,0.364786297082901,0.0300825764246368,62.1902274423737
0,57.6840998885014,3.94549584388733,-28.93239402771,0,12.1085215611551,0.395232494530128,0,-1.0519805976175935,-32.92371670371029,-3.2738828659057617,6.0382904979038505,-27.260946676920103,-1.3754137754440308,-2.6783438372140895,6.395735101405532,2.24472432138116,0.38228103518486,0.0315544346082845,62.3114349485157
0,57.8051943855287,3.86665081977844,-28.8404846191406,0,12.0964786197901,0.410734198545786,0,-1.0993673685552556,-32.838554437206284,-3.257420539855957,5.975942189988031,-27.14232447454978,-1.327663540840149,-2.7079250287106116,6.375413627129525,2.24863057138116,0.399568229913712,0.0330127555207323,62.432529445543
0,57.9261698209159,3.78739762306213,-28.7490844726562,0,12.0841052527777,0.425812429451291,0,-1.14622555504792,-32.75434212885482,-3.241630792617798,5.913326687212737,-27.023193914474934,-1.280877709388733,-2.738297391559127,6.354740479053601,2.25270848275812,0.41662460565567,0.0344556904754149,62.5535048809302
0,58.0470285790553,3.70772910118103,-28.6582012176514,0,12.0713941001263,0.44044915837181,0,-1.192573977811225,-32.671045954557535,-3.2259020805358887,5.849586466061155,-26.904240102325772,-1.2330431938171387,-2.7683808563067243,6.3337108513490135,2.25695424081476,0.433428555727005,0.0358815500224732,62.6743636390696
0,58.1677630737145,3.62763833999634,-28.5678558349609,0,12.0583501615086,0.454628848484895,0,-1.2384085453212768,-32.588673267494265,-3.211259603500366,5.784199714475217,-26.785887889893143,-1.1883959770202637,-2.797528680664994,6.312320105624674,2.26136975289972,0.449960231781006,0.0372887470876656,62.7950981337288
0,58.2883709327349,3.54711961746216,-28.4780616760254,0,12.0449726975299,0.468337103236856,0,-1.2837577329448937,-32.50717289247983,-3.196767568588257,5.718533863775042,-26.667030498707064,-1.127069115638733,-2.8275207787582364,6.290557460927827,2.26594738961847,0.46620100736618,0.0386758034047403,62.9157059927492
0,58.4088468750848,3.46616768836975,-28.3888359069824,0,12.0312609212655,0.481561217216314,0,-1.3286306609020788,-32.42652843889315,-3.180926561355591,5.652583608111525,-26.54765832500279,-1.0728161334991455,-2.8583823156611783,6.268417040404037,2.27068524362237,0.482133686542511,0.0400413512640355,63.0361819350991
0,58.5291913608329,3.38477754592895,-28.3001880645752,0,12.0172159100626,0.494289757667305,0,-1.3730453729481804,-32.346707478968604,-3.1655566692352295,5.5863430739153985,-26.427760737423032,-1.0318200588226318,-2.8901340573552043,6.245894515476166,2.27557950021417,0.497742176055908,0.0413840998526835,63.1565264208472
0,58.6493997162073,3.30294585227966,-28.2121334075928,0,12.0028386867324,0.506512536835072,0,-1.416999659912973,-32.26771398296919,-3.1503381729125977,5.519800469288754,-26.307316392237254,-0.9908813238143921,-2.9228021238090234,6.22299119728107,2.28063206674249,0.513011336326599,0.0427028285897775,63.2767347762216
0,58.7694669422858,3.22066807746887,-28.1246891021728,0,11.9881292524329,0.518220656551207,0,-1.4605324310894934,-32.189478024130175,-3.1361119747161865,5.452963074881059,-26.186338467665085,-0.9478979110717773,-2.9564073024141893,6.199689281036147,2.28583149911554,0.527927160263062,0.0439964055581995,63.3968020023001
0,58.8893909974736,3.13794183731079,-28.0378665924072,0,11.9730923029564,0.529406528705839,0,-1.5036370566473245,-32.11201151740954,-3.1230297088623047,5.385814323795899,-26.064796977068603,-0.9083874225616455,-2.9909754968018634,6.175994778070959,2.29118161203058,0.542476177215576,0.0452637168372568,63.5167260574879
0,59.0091701339132,3.05476856231689,-27.9516735076904,0,11.9583273140655,0.538791375467611,0,-1.5463658636428927,-32.035220421988804,-3.111981153488159,5.318365183918418,-25.942711772687616,-0.8637670874595642,-3.026515639812762,6.151893481443601,2.29666714669854,0.555661678314209,0.0464194129096898,63.6365051939275
0,59.1288085224171,2.97115111351013,-27.8661079406738,0,11.9440820207513,0.546422017202994,0,-1.5887505979718117,-31.95904768497388,-3.098134756088257,5.250612599606833,-25.820077323708063,-0.819183349609375,-3.0630354147739434,6.127386014349605,2.30228047372491,0.567452251911163,0.0474594336997284,63.7561435824314
0,59.2483113068986,2.88709282875061,-27.7811660766602,0,11.9304884304434,0.552310171437797,0,-1.6308524575399237,-31.88338332308751,-3.084153890609741,5.182567802571291,-25.696913959901845,-0.768218994140625,-3.100534186498954,6.1024598275449975,2.30800442697198,0.577796101570129,0.048378400488301,63.8756463669129
0,59.3676828769859,2.80259799957275,-27.6968441009521,0,11.9176115924882,0.556453484272432,0,-1.6727202291337988,-31.808139657991674,-3.0711510181427,5.114237384267147,-25.57323361202413,-0.7092663645744324,-3.139012289487759,6.077106581715222,2.31382565499933,0.586632788181305,0.0491704536625341,63.9950179370002
0,59.4869302079989,2.71767091751099,-27.6131343841553,0,11.9054719154962,0.558848579946506,0,-1.7144152670468096,-31.733206425353526,-3.058779239654541,5.045633355666717,-25.44905802033747,-0.6622143387794495,-3.178464349634733,6.051312384269336,2.31972699166925,0.59390264749527,0.0498299795127648,64.1142652680132
0,59.6060614273482,2.63231778144836,-27.5300254821777,0,11.8940695589237,0.559499939276587,0,-1.7559875819316475,-31.658493747334834,-3.0463902950286865,4.976762075101553,-25.32439869363514,-0.6067480444908142,-3.218883125616646,6.025070470847566,2.32569508554132,0.599551737308502,0.0503519416766174,64.2333964873625
0,59.7250822649063,2.54654598236084,-27.4475078582764,0,11.8833919007331,0.558423329562522,0,-1.7975085790621086,-31.583873296243365,-3.0340161323547363,4.90764443743871,-25.199293452326994,-0.5551989674568176,-3.260253660329137,5.9983605317642565,2.33170895578058,0.603535771369934,0.0507321901110996,64.3524173249206
0,59.8440003562681,2.4603636264801,-27.3655681610107,0,11.873414381962,0.555648462553408,0,-1.8390271086079086,-31.50925727983057,-3.021629571914673,4.838289402460365,-25.073758513919152,-0.5207263231277466,-3.3025630129602717,5.971174106186053,2.33775525094659,0.605820953845978,0.0509675347484231,64.4713354162824
0,59.9628191593549,2.37377882003784,-27.2841987609863,0,11.8641062932507,0.551218713631603,0,-1.8805894131257668,-31.434562618701626,-3.0092248916625977,4.768709203802339,-24.94781602170257,-0.4849303960800171,-3.34579973212703,5.943498062150041,2.34382061959894,0.606385827064514,0.0510558814122908,64.5901542193692
0,60.0815450453902,2.2868025302887,-27.2033843994141,0,11.8554318103812,0.545190996200159,0,-1.922259987740233,-31.35967338118738,-2.9967870712280273,4.697221491077731,-24.823187449315963,-0.43990111351013184,-3.387544403810488,5.915314478595878,2.34988598825128,0.605220973491669,0.0509962054196169,64.7088801054045
0,60.200184253393,2.19944548606873,-27.1231098175049,0,11.8473549193749,0.53763467896949,0,-1.9641309478300664,-31.284424016278734,-2.9841833114624023,4.624826994539044,-24.699046114370216,-0.4061364531517029,-3.429075720727785,5.886586836345331,2.35592274667413,0.602328836917877,0.0507885171061201,64.8275193134073
0,60.3187425959835,2.11172032356262,-27.0433578491211,0,11.8398320270134,0.5286288035128,0,-2.0062252541911296,-31.20877325945004,-2.9712207317352295,4.5522877820016445,-24.57465662192456,-0.3763183653354645,-3.4714341803285316,5.857316904688313,2.36192517282159,0.597724080085754,0.0504339245945952,64.9460776559978
0,60.4372242770427,2.02363967895508,-26.9641132354736,0,11.8328197803594,0.518260946768124,0,-2.0486098568587607,-31.13260078989592,-2.9581310749053955,4.479636414168972,-24.450074806736957,-0.3510144054889679,-3.5145852080360647,5.82747842323846,2.3678722858587,0.591431677341461,0.0499344388174538,65.064559337057
0,60.5556329316054,1.93521654605865,-26.8853607177734,0,11.8262705487543,0.506624514699333,0,-2.09133364901275,-31.05581873810683,-2.944934129714966,4.406897383914568,-24.325342668933978,-0.318878173828125,-3.5584966734012453,5.7970532663408365,2.3737488269964,0.583486974239349,0.0492929963115881,65.1829679916197
0,60.6739725440814,1.84646642208099,-26.8070812225342,0,11.8201421925838,0.493816581258895,0,-2.1344450533614827,-30.97834008009178,-2.931617259979248,4.334096711716542,-24.20050482816274,-0.2928845286369324,-3.603129883532759,5.766026069318636,2.37953953744562,0.573934435844421,0.0485133105024543,65.3013076040957
0,60.7922467501722,1.75740313529968,-26.7292575836182,0,11.814388748133,0.479935205557764,0,-2.178002615826113,-30.900059598693694,-2.9179883003234863,4.261269858383247,-24.075622092251148,-0.26801633834838867,-3.6484421179467943,5.734370747950622,2.38522534372003,0.562826931476593,0.0475998481510105,65.4195818101865
0,60.9104588701244,1.66804218292236,-26.6518707275391,0,11.8089672791702,0.465077715397513,0,-2.222041518393181,-30.820914065791282,-2.904189348220825,4.188439948236224,-23.950734114546947,-0.26326170563697815,-3.69439357641357,5.702076249881766,2.39079480172784,0.550224423408508,0.0465576872191933,65.5377939301387
0,61.028613143286,1.57839906215668,-26.5748996734619,0,11.8038332920277,0.449337979057886,0,-2.2666188227619126,-30.74080093163124,-2.8901758193969727,4.115646250304275,-23.825908233175145,-0.27382445335388184,-3.74093266880503,5.669117729255651,2.39622883798272,0.536192893981934,0.0453924417865361,65.6559482033003
0,61.1467139932615,1.48849022388458,-26.4983215332031,0,11.7989465732216,0.43280488846845,0,-2.3117629875041064,-30.65966905123268,-2.875861644744873,4.042911350589822,-23.701183178379413,-0.28092649579048157,-3.788014026978232,5.635489121316886,2.40151791574151,0.520803809165955,0.0441101904274114,65.7740490532758
0,61.2647589896331,1.3983325958252,-26.4221229553223,0,11.7942665091669,0.415560685562294,0,-2.3575145019201753,-30.577445658312346,-2.8611485958099365,3.970274682153171,-23.576626569564283,-0.2788940370082855,-3.8355880614042777,5.601169001880487,2.40664677621515,0.504132747650147,0.0427173756080776,65.8920940496474
0,61.3827504576323,1.30794298648834,-26.3462829589844,0,11.7897559529509,0.397679745292731,0,-2.4039097976491886,-30.494065278906984,-2.846275568008423,3.8977713106092806,-23.45229853688412,-0.2731042504310608,-3.883600981534815,5.566143122896849,2.41160206796319,0.486258298158646,0.0412206926989529,66.0100855176466
0,61.5006908319443,1.21733927726746,-26.2707786560059,0,11.7853802922014,0.379227474145147,0,-2.4509842778617545,-30.40946428738923,-2.831183910369873,3.8254381918295204,-23.328262451885443,-0.2493920773267746,-3.9319946032072894,5.53039930389612,2.41637043954523,0.467261672019959,0.0396270586447409,66.1280258919586
0,61.6185831985573,1.12653970718384,-26.1955852508545,0,11.7811045682421,0.360259833886825,0,-2.4987562791489677,-30.32360972973005,-2.8155505657196045,3.753301815436577,-23.20456373869965,-0.23005126416683197,-3.9807146166895007,5.4939382128593826,2.42094426156671,0.44722518324852,0.0379434904667454,66.2459182585716
0,61.7364266309914,1.03556263446808,-26.1206836700439,0,11.7768963059715,0.340822856036562,0,-2.5472410594288317,-30.236474184809005,-2.7994956970214844,3.6813922073288152,-23.081253885427138,-0.2362707406282425,-4.029708121469831,5.456758549764848,2.42531590463312,0.426231652498245,0.0361770422767556,66.3637616910057
0,61.8542232793867,0.944426834583283,-26.046049118042,0,11.7727254431176,0.320953034122068,0,-2.596465254376532,-30.148009783706026,-2.783167600631714,3.6097472926506655,-22.958397925713864,-0.24934691190719604,-4.078911990920848,5.4188557914298725,2.42947392465265,0.404363751411438,0.0343347483526037,66.481558339401
0,61.9719720412006,0.853151857852936,-25.9716606140137,0,11.7685621895557,0.30068390958433,0,-2.646452502625584,-30.058174038740518,-2.766771078109741,3.538408511316905,-22.836066920297682,-0.2529528737068176,-4.128262480395859,5.380225148667365,2.43340687753351,0.381707668304443,0.0324239389338801,66.5993071012149
0,62.0896738764726,0.761757433414459,-25.8974933624268,0,11.7643739928585,0.280092848579274,0,-2.6972050356839326,-29.96696289443871,-2.750234365463257,3.467400857049342,-22.71430372815461,-0.24338988959789276,-4.177703027214429,5.340880417553314,2.43711094857843,0.358388870954514,0.0304552829058225,66.7170089364869
0,62.2073272871894,0.670263111591339,-25.8235263824463,0,11.7601351943243,0.259270533295372,0,-2.748733429429108,-29.874357393307793,-2.733332395553589,3.3967600812755516,-22.59316965546339,-0.23426879942417145,-4.227172850648636,5.300827220921932,2.44057850839288,0.334548592567444,0.0284407715435021,66.8346623472037
0,62.3249342067388,0.578688442707062,-25.7497329711914,0,11.7558212696311,0.238282384728046,0,-2.8010384589842925,-29.780356142316368,-2.7158031463623047,3.3265124956094443,-22.472709821107806,-0.23042723536491394,-4.2766128830995065,5.260083371737157,2.4438057422796,0.310312986373901,0.0263911175268488,66.9522692667531
0,62.44249287443,0.487052917480469,-25.6760921478271,0,11.7514113912263,0.217173346183635,0,-2.8541179985308145,-29.68496296193096,-2.6981236934661865,3.243845753033371,-22.36838158264231,-0.22904784977436066,-4.305909418600312,5.218665374803546,2.44678883554132,0.285794347524643,0.0243158499327186,67.0698279344443
0,62.5600036855147,0.395376175642014,-25.6025791168213,0,11.7468872186378,0.195972627400749,0,-2.907954685264984,-29.588209056134843,-2.6802868843078613,3.1588933268962087,-22.26826076978749,-0.22181029617786407,-4.330670373584486,5.176605141381081,2.44952969552667,0.261091530323029,0.0222233515552692,67.187338745529
0,62.6774654182224,0.303672164678574,-25.5291786193848,0,11.7422109680654,0.176469990871258,0,-2.962539958440628,-29.490109810080398,-2.661883592605591,3.0745838162165477,-22.16889766593674,-0.20818236470222473,-4.3553919992045165,5.133918340861693,2.45202641488702,0.237659692764282,0.0202374883983592,67.3048004782367
0,62.7948760124794,0.211931452155113,-25.4559059143066,0,11.73729193053,0.1641384775076,0,-3.0177572392503302,-29.39087473619557,-2.642857551574707,2.9908210798242307,-22.070178963765684,-0.19190917909145355,-4.380111248174652,5.0906648556578995,2.45431714059503,0.219862967729568,0.0187301699350197,67.4222110724937
0,62.9122348858762,0.120126076042652,-25.3827972412109,0,11.7321404374484,0.158181446082057,0,-3.0734529571141938,-29.290779827568382,-2.6241040229797363,2.9074613115549814,-21.971935180297613,-0.18089111149311066,-4.404908366096415,5.04690746262425,2.45645527841241,0.20742703974247,0.0176786316120112,67.5395699458905
0,63.0295417043854,0.0282310359179974,-25.3098850250244,0,11.7267421016071,0.157334283199775,0,-3.1294829049877477,-29.19008424938232,-2.6038365364074707,2.824362266814049,-21.87399867294598,-0.17607055604457855,-4.429860594284093,5.002709601135998,2.45849232675226,0.199626088142395,0.0170216179126678,67.6568767643997
0,63.1467928869447,-0.0637742504477501,-25.2372016906738,0,11.7210806386918,0.160495632765332,0,-3.185730165767821,-29.088998122041748,-2.5844664573669434,2.74140817773931,-21.776233003318318,-0.1534765660762787,-4.455036779900316,4.958119047169081,2.46047024728448,0.195761159062386,0.0167000650790182,67.774127946959
0,63.2639866415819,-0.155906334519386,-25.1647720336914,0,11.7151363010138,0.166811469162053,0,-3.2421216263786348,-28.987652842482017,-2.5653014183044434,2.658524117657466,-21.67854986646824,-0.1243884265422821,-4.480487001362523,4.913160134366218,2.46241574288995,0.195246279239655,0.0166644658936551,67.8913217015962
0,63.381121772121,-0.248179271817207,-25.0926170349121,0,11.708898673144,0.175614702634026,0,-3.298528302072533,-28.886280218767126,-2.5449109077453613,2.5755649032487598,-21.58077815637033,-0.09758911281824112,-4.506278228766672,4.867906075400046,2.46437840463312,0.197584316134453,0.0168728163011132,68.0084568321353
0,63.4981930757976,-0.340606242418289,-25.0207633972168,0,11.7023589964808,0.186380308030536,0,-3.354900675721453,-28.78496924180336,-2.523515462875366,2.492475599312346,-21.482853129058885,-0.0650012195110321,-4.53245648489658,4.822366283378115,2.4663773060003,0.202350124716759,0.0172892034435242,68.1255281358119
0,63.615199560913,-0.433198064565659,-24.9492282867432,0,11.6955083667083,0.19869188500684,0,-3.4111884097078407,-28.68381037705957,-2.5025877952575684,2.4091912312164343,-21.384698208581394,-0.03981323167681694,-4.559062577646509,4.776560465970449,2.46843342782648,0.20917834341526,0.0178827766324601,68.2425346209273
0,63.7321387032788,-0.525964856147766,-24.8780307769775,0,11.6883373748372,0.212216666964792,0,-3.467342235089239,-28.582892169409263,-2.481736898422241,2.3256461935830237,-21.28623607561843,-0.015174560248851776,-4.586139417381228,4.73050724790482,2.47056775094659,0.217754155397415,0.0186269668579139,68.3594737632931
0,63.8490061874734,-0.618915677070618,-24.8071918487549,0,11.6808440668036,0.226686657542077,0,-3.5233373592000925,-28.48225917559197,-2.4604382514953613,2.2418033793674774,-21.187422997605296,0.013325194828212261,-4.613723014618563,4.6842059267723455,2.47279171945245,0.227805599570274,0.0194988232271686,68.4763412474877
0,63.9657964190104,-0.712059140205383,-24.7367343902588,0,11.6730226826951,0.24188389337324,0,-3.5791307233356546,-28.381988779602047,-2.440711498260498,2.1576021029232986,-21.088187453379714,0.04320434480905533,-4.641858507206419,4.637669568416807,2.47512440683038,0.23909755051136,0.0204785205203044,68.5931314790247
0,64.0825140065515,-0.805403411388397,-24.6666641235352,0,11.6648713739666,0.257629771833809,0,-3.6347096601484257,-28.282103746869932,-2.424121141433716,2.073002439306509,-20.98848238933738,0.05663207918405533,-4.670571818428781,4.590901602000564,2.47757534982354,0.251426637172699,0.0215489163951051,68.7098490665658
0,64.1991526965207,-0.898955762386322,-24.5970039367676,0,11.6563836610567,0.27377662758797,0,-3.690061154738747,-28.182627467437843,-2.406946897506714,1.9879766828893475,-20.88827515296796,0.07448119670152664,-4.699898736714368,4.543893200210028,2.48015217782648,0.264616757631302,0.0226951863757287,68.826487756535
0,64.3157086251061,-0.992723286151886,-24.5277729034424,0,11.6475608433392,0.290201496090937,0,-3.735682287524796,-28.071331187844315,-2.385871410369873,1.9024885945749517,-20.787523034627952,0.0929894968867302,-4.729875359400957,4.481141528468624,2.48286442758233,0.27851527929306,0.023904478935869,68.9430436851204
0,64.4321776894072,-1.08671247959137,-24.4589900970459,0,11.6384034201588,0.30680083577255,0,-3.7785298571547337,-27.957069164633445,-2.362884521484375,1.816506921190245,-20.686189200842023,0.12593871355056763,-4.760536681034138,4.413891475472212,2.48571972848565,0.292989611625671,0.0251656394705435,69.0595127494215
0,64.5485593455935,-1.18092978000641,-24.3906688690186,0,11.6289063133971,0.3234866410652,0,-3.8212309468556427,-27.843197760848486,-2.3442578315734863,1.7300090021371308,-20.584246944927333,0.16062255203723907,-4.7919111487578725,4.346394597892087,2.4887218952337,0.307924807071686,0.0264690186726919,69.1758944056078
0,64.6648478747937,-1.27538049221039,-24.3228302001953,0,11.6190702881011,0.340183972489172,0,-3.863785187500393,-27.72971796084428,-2.325845956802368,1.6429688080847156,-20.481665589975808,0.1711450219154358,-4.824034432022183,4.278635656404874,2.49187664987237,0.323220402002335,0.0278061798269036,69.292182934808
0,64.7810432794076,-1.37007117271423,-24.2554874420166,0,11.6088952677904,0.356828275804785,0,-3.906205390323871,-27.61659560077839,-2.315467596054077,1.5553738265149217,-20.378430389339975,0.16588012874126434,-4.856933171583115,4.210584855412074,2.49518399240167,0.338789016008377,0.0291697942605356,69.4083783394219
0,64.8971396272889,-1.46500623226166,-24.1886615753174,0,11.5983841310757,0.373363679933939,0,-3.9484921503723083,-27.503829093835343,-2.303431272506714,1.4671964809807378,-20.27450884275567,0.18092162907123566,-4.8906445756532495,4.142226210782108,2.49864964486749,0.354553997516632,0.0305534314884501,69.5244746873032
0,65.0131345496449,-1.56019008159637,-24.1223678588867,0,11.5875312553298,0.38974125236025,0,-3.9906613521914878,-27.391376080545168,-2.284095525741577,1.367049155775588,-20.185201742379956,0.19437254965305328,-4.90611929958687,4.073524929401918,2.5022716999212,0.370447903871536,0.0319514599608564,69.6404696096592
0,65.1290245335083,-1.65562677383423,-24.0566234588623,0,11.5763377603637,0.405918095942798,0,-4.032722026434117,-27.279212478780035,-2.2638440132141113,1.253297964444564,-20.11304193385128,0.20005981624126434,-4.9003753302556925,4.004455247749345,2.50605206491144,0.386411607265472,0.0333589330511035,69.7563595935226
0,65.2448080806248,-1.75131988525391,-23.9914417266846,0,11.5648067179776,0.421856584289332,0,-4.074684532339792,-27.167310663456757,-2.2484898567199707,1.1390256447451612,-20.040551539569257,0.20524291694164276,-4.895266137140034,3.934992603154779,2.50999264718683,0.402392655611038,0.0347714594058136,69.8721431406391
0,65.3604792507734,-1.84727251529694,-23.9268436431885,0,11.5529374296705,0.437523133665915,0,-4.116563947418038,-27.05563042723666,-2.231981039047241,1.0242443249996176,-19.96773825332064,0.21068236231803894,-4.890820427309459,3.8650990082962497,2.51409153939874,0.418344467878342,0.0361851514173645,69.9878143107877
0,65.4760363527755,-1.94348740577698,-23.8628425598145,0,11.5407244447934,0.452887999786063,0,-4.158368164318394,-26.944150722715843,-2.211273193359375,0.9089380659717936,-19.894591963807134,0.21433226764202118,-4.887058815340166,3.794753848317364,2.51835255624444,0.434225618839264,0.0375965700329157,70.1033714127898
0,65.5914766696625,-2.03996706008911,-23.7994537353516,0,11.5281747325988,0.467924642612587,0,-4.20011736068963,-26.832817741965577,-2.1904687881469727,0.7931228010035423,-19.82112277858791,0.2177404761314392,-4.884006077245431,3.7239154820975338,2.52277188302667,0.449998915195465,0.0390025907742202,70.2188117296768
0,65.7067944603306,-2.13671255111694,-23.7366962432861,0,11.5152866794065,0.482609225600592,0,-4.24183035336177,-26.721581305965508,-2.170966863632202,0.6768164061182218,-19.747342037591874,0.2204272449016571,-4.881689479236773,3.652541553320749,2.52734570504815,0.465631097555161,0.0404004445542017,70.3341295203449
0,65.8219887013123,-2.23372530937195,-23.67458152771,0,11.5020643809502,0.496920610483345,0,-4.283516398634339,-26.61041673085328,-2.1524572372436523,0.5600003971690807,-19.67323801511774,0.2220483422279358,-4.880128402936991,3.580610541462844,2.53207783700616,0.481091797351837,0.0417875814102324,70.4493237613266
0,65.9370549067627,-2.33100605010986,-23.6131267547607,0,11.4885052527581,0.510839408642138,0,-4.325195440479089,-26.49927083184891,-2.1326892375946045,0.4426901868592901,-19.598820488449565,0.22367797791957855,-4.879348892498021,3.5080790980781145,2.53696446420343,0.496353924274445,0.0431617477053896,70.564389966777
0,66.0519906914732,-2.42855525016785,-23.5523452758789,0,11.4746133454013,0.524348671748159,0,-4.366888407922873,-26.38808779731658,-2.113922119140625,0.3248985722642075,-19.524097575607893,0.22587402164936066,-4.879373677738195,3.434904813578142,2.54200177194269,0.511392533779144,0.0445208407363988,70.6793257514875
0,66.1667904815329,-2.526371717453,-23.4922542572021,0,11.4603907687221,0.537433139705873,0,-4.429724543872261,-26.308044764914328,-2.1025962829589844,0.20664041408729722,-19.449078703707325,0.23152099549770355,-4.880227849959898,3.398739202286708,2.54718594552667,0.526185035705566,0.0458629574980568,70.7941255415472
0,66.2814547402639,-2.62445521354675,-23.432861328125,0,11.4458376934394,0.550078882212735,0,-4.5099753308176735,-26.25457638982655,-2.097707509994507,0.08790874726743882,-19.373759454354772,0.23634886741638184,-4.881928540809319,3.3937091805378286,2.55251698495538,0.540710747241974,0.0471863574047351,70.9087898002782
0,66.3959773877129,-2.7228045463562,-23.3741855621338,0,11.430955175531,0.562273850265299,0,-4.589717254486889,-26.20144705306544,-2.0940818786621094,-0.03129036427690403,-19.29814367428969,0.24035155773162842,-4.884502642418545,3.388033441081251,2.55799298288019,0.554950594902039,0.0484894256734827,71.0233124477272
0,66.5103566809602,-2.82141757011414,-23.3162364959717,0,11.4157470679457,0.574007544982973,0,-4.668966512282982,-26.148645962851187,-2.0951976776123047,-0.15094772399611947,-19.222237197484027,0.24311156570911407,-4.887968847593362,3.3817126551168926,2.56361012460382,0.568886995315552,0.0497706543151956,71.1376917409745
0,66.624584893727,-2.92029166221619,-23.2590351104736,0,11.400215242038,0.585270868053521,0,-4.747739606028288,-26.096162124579745,-2.095761775970459,-0.27104152442082047,-19.14605385783962,0.24908447265625,-4.892355371099626,3.3747378685631144,2.56936268808038,0.582503974437714,0.0510286725228253,71.2519199537413
0,66.7386577017097,-3.01942443847656,-23.2025966644287,0,11.3843624430487,0.596056084716099,0,-4.826034936348364,-26.043996603860016,-2.0910840034484863,-0.3915852583212383,-19.069585096011252,0.2552722096443176,-4.8976855127122905,3.3671048553350538,2.57525258065851,0.59578675031662,0.0522621985038967,71.365992761724
0,66.8525778857509,-3.11881279945374,-23.1469211578369,0,11.3681913235608,0.606356856346435,0,-4.903884470072181,-25.992128102279025,-2.0887205600738525,-0.512560296702779,-18.992842729586645,0.26888182759284973,-4.903969789481758,3.3588217317902136,2.58127217294366,0.60872209072113,0.0534700750760826,71.4799129457652
0,66.9663473817625,-3.21845269203186,-23.0920085906982,0,11.3517044344104,0.616168232982648,0,-4.981298354031894,-25.940549859346962,-2.087512254714966,-0.6339795345490216,-18.91581857843569,0.2789098918437958,-4.911218231790403,3.3498973398042278,2.58742146493585,0.621297717094421,0.0546512177568885,71.5936824417768
0,67.0799533558431,-3.31833982467651,-23.0378894805908,0,11.3349051756215,0.625486571169767,0,-5.058294862407388,-25.889249699598118,-2.0863122940063477,-0.7558112921686985,-18.83853273905521,0.2921093702316284,-4.919466385960679,3.3403141516723434,2.59369282724054,0.633502244949341,0.0558046050301455,71.7072884158574
0,67.193396976267,-3.41846990585327,-22.9845657348633,0,11.3177958541392,0.634309971825318,0,-5.134889288393677,-25.838217433695803,-2.086047410964966,-0.8780612036634895,-18.760981637366612,0.3087780773639679,-4.928725900553658,3.3300786049296236,2.60008435250909,0.645325720310211,0.0569293349434928,71.8207320362813
0,67.3066726442405,-3.51883697509766,-22.9320507049561,0,11.3003815226975,0.642637806684316,0,-5.211096410202928,-25.787443215418932,-2.085273504257202,-1.0007214867473269,-18.683170210182126,0.3124926686286926,-4.9390172171739355,3.319187910394654,2.60659222604425,0.656759321689606,0.0580245803286595,71.9340077042549
0,67.4197771290706,-3.61943650245666,-22.8803558349609,0,11.2830961467188,0.649954641341049,0,-5.286938480019238,-25.736912218892623,-2.0839781761169434,-1.1237790358456137,-18.605106771223504,0.3095471262931824,-4.950359658412602,3.307639221522837,2.61321072580011,0.667396187782288,0.059052199189641,72.0471121890849
0,67.5327174965092,-3.72026467323303,-22.8294715881348,0,11.2661936146072,0.656302220546494,0,-5.362457759720897,-25.68659628646203,-2.0826916694641113,-1.2472147821635784,-18.526803417072443,0.306549072265625,-4.96275419036564,3.295445292384628,2.61993031503351,0.677237868309021,0.0600106557762175,72.1600525565235
0,67.6454927944855,-3.82131934165955,-22.7794094085693,0,11.2498242915287,0.661674002504994,0,-5.437673168787183,-25.636482812720367,-2.080775022506714,-1.3894753703945089,-18.48087240711744,0.30473020672798157,-4.938753431122965,3.2826008181284405,2.62674717904718,0.686252295970917,0.0608959171026181,72.2728278544998
0,67.7581110727743,-3.92259883880615,-22.7301616668701,0,11.2340740057914,0.666036409498776,0,-5.512632885892768,-25.586539697852203,-2.077867269515991,-1.5340318800391521,-18.439278588578304,0.3030676245689392,-4.910899073294451,3.2691135995513902,2.63364987374933,0.694387257099152,0.0617024678688509,72.3854461327886
0,67.8705787721066,-4.02410078048706,-22.6817226409912,0,11.2190033408908,0.669343265812338,0,-5.587378275181504,-25.53673938233267,-2.075220823287964,-1.6783878201061437,-18.39774248072019,0.3013623058795929,-4.884143252003838,3.2549895727572156,2.64062886239679,0.701578855514526,0.0624238644108527,72.4979138321209
0,67.9829008743782,-4.12582397460938,-22.6340923309326,0,11.2046356220511,0.671544563523533,0,-5.661959365823421,-25.487048533424108,-2.072580575942993,-1.8224933660785485,-18.3562784197492,0.2995702922344208,-4.8585001544622015,3.240227003386504,2.64767079354913,0.707758069038391,0.0630533933956641,72.6102359343925
0,68.0950828827568,-4.22776603698731,-22.5872669219971,0,11.1909879512367,0.672593825693551,0,-5.736390431936899,-25.437457640766,-2.0690746307373047,-1.9663648846087685,-18.31488169642345,0.23866942524909973,-4.833964282830295,3.224830956560885,2.65477566720636,0.712856292724609,0.0635844031053331,72.7224179427711
0,68.2071308363919,-4.32992267608643,-22.5412368774414,0,11.1780670839927,0.672452169372768,0,-5.8107378904641305,-25.387922453004396,-2.0650901794433594,-2.109929917573271,-18.273573159406542,0.22297607362270355,-4.810542740490097,3.208805457682174,2.66192440988214,0.716807663440704,0.0640105397665506,72.8344658964062
0,68.3190596892993,-4.43229198455811,-22.4959754943848,0,11.1658683162803,0.67109007068224,0,-5.885065359959107,-25.338400583256426,-2.0611486434936523,-2.2531458310593693,-18.232365075923475,0.2065771371126175,-4.788220103412156,3.1921671112460372,2.66910176278741,0.719550967216492,0.0643259316405995,72.9463947493136
0,68.4308577298891,-4.53486919403076,-22.4515151977539,0,11.1543800692233,0.668489942299469,0,-5.959360172213086,-25.288900471919526,-2.057535409927368,-2.3960315333755675,-18.19125200541156,0.19086669385433197,-4.767018880460189,3.1748905085017953,2.67631154061944,0.721032440662384,0.0645254197226795,73.0581927899034
0,68.5425456402376,-4.63765001296997,-22.407808303833,0,11.1435876856074,0.664646252727992,0,-6.033736703878686,-25.239345913712768,-2.0529260635375977,-2.5384734861798055,-18.1502666167088,0.18366087973117828,-4.746915135983283,3.1570022623837435,2.68352131845147,0.721205651760101,0.064604531404626,73.1698807002519
0,68.6541334735228,-4.74063158035278,-22.3648357391357,0,11.1334724497195,0.659565999141049,0,-6.108211908181987,-25.189725613277126,-2.048192024230957,-2.680498658418558,-18.10940114993315,0.17645873129367828,-4.727882316536519,3.1385153742003893,2.69073109628351,0.720033586025238,0.0645596777958675,73.2814685335371
0,68.7656157856967,-4.84380483627319,-22.322603225708,0,11.1240068722927,0.653268101603251,0,-6.182848783898692,-25.139997596666955,-2.043443441390991,-2.8220124880128648,-18.068682813807065,0.16660399734973907,-4.709934518681913,3.1194149668140803,2.69791798593194,0.717488169670105,0.0643881430408911,73.392950845711
0,68.8770039456703,-4.94716882705689,-22.2810916900635,0,11.1151633616557,0.645782945026985,0,-6.257684348723079,-25.09013720024919,-2.038224935531616,-2.9630093440777263,-18.028113228527463,0.15467651188373566,-4.693049610667416,3.099707665381103,2.70507435800226,0.713551223278046,0.0640881231440713,73.5043390056846
0,68.9883010583016,-5.05071258544922,-22.2402782440186,0,11.1069095848396,0.637151104640802,0,-6.332768293794095,-25.04011131650479,-2.033625364303589,-3.103441382581082,-17.98770616044766,0.14336180686950684,-4.677203701303419,3.0794044997510706,2.71218495370538,0.708214163780212,0.0636587287599611,73.6156361183159
0,69.0995134255301,-5.15443277359009,-22.2001495361328,0,11.0992086401906,0.627421672493759,0,-6.408156328268781,-24.989882828313583,-2.0290074348449707,-3.2432551824810334,-17.947476980616184,0.1352563500404358,-4.662383901954196,3.0585020178280105,2.71923260690362,0.701477885246277,0.0630999750020245,73.7268484855444
0,69.2106457981913,-5.25832176208496,-22.1606845855713,0,11.0920268199451,0.616651604670649,0,-6.484813582094715,-24.941540076386694,-2.0246422290802,-3.382431270783887,-17.907431292074822,0.12693969905376434,-4.64856200496373,3.039315621212935,2.72620778085382,0.693353116512299,0.0624127699324728,73.8379808582056
0,69.3217020934497,-5.3623743057251,-22.1218700408936,0,11.0853262080787,0.604903005967127,0,-6.564797172183346,-24.89983091848456,-2.026728391647339,-3.520931670446589,-17.867580022108985,0.12165771424770355,-4.635719420214286,3.027026162293217,2.73309712411554,0.683858931064606,0.0615988233500271,73.949037153464
0,69.4326874380662,-5.46658182144165,-22.0836791992187,0,11.079065812028,0.592241423373581,0,-6.645111535971358,-24.85794927154509,-2.036531925201416,-3.658711760003792,-17.82793600983008,0.12562499940395355,-4.623823553410203,3.0142174311478156,2.73988537789972,0.673023045063019,0.0606606657618915,74.0600224980805
0,69.5436056911077,-5.5709376335144,-22.0460929870605,0,11.0732084078894,0.578734276702846,0,-6.725810433149273,-24.81586710142504,-2.0401501655578613,-3.7957167061532515,-17.788515032641897,0.12981566786766052,-4.612849377433896,3.000896504036813,2.74655537606866,0.66088080406189,0.0596015179563889,74.170940751122
0,69.6544596679378,-5.67543363571167,-22.009090423584,0,11.0677121282194,0.56444859221621,0,-6.806920344706692,-24.773570599044646,-2.037801504135132,-3.9319331397114134,-17.749320937312714,0.13139891624450684,-4.602763306506328,2.987074289860786,2.75309948922784,0.647474825382233,0.0584253032592626,74.2817947279521
0,69.7652520997732,-5.78006267547607,-21.9726524353027,0,11.0625429783489,0.549449966559202,0,-6.888482003126102,-24.7310385235776,-2.0392210483551025,-4.067321427317005,-17.710365127706947,0.13133423030376434,-4.593536293057596,2.972757510779622,2.75950436593683,0.632853865623474,0.0571364761082453,74.3925871597875
0,69.8759880453407,-5.88481712341309,-21.9367504119873,0,11.0576597166315,0.533800057361835,0,-6.9705375759809955,-24.68824888583863,-2.043062686920166,-4.201844119446779,-17.671658379324626,0.13109131157398224,-4.585129025355996,2.9579609112918384,2.76575665475519,0.617072403430939,0.0557400625621377,74.503323105355
0,69.9866686284504,-5.98968887329102,-21.9013652801514,0,11.0530282198873,0.517555993271566,0,-7.053114224543767,-24.645187521999908,-2.0469298362731934,-4.335475791468075,-17.63320800769627,0.17974853515625,-4.577508866456273,2.9426916203621483,2.77184681893976,0.600189745426178,0.0542415016532015,74.6140036884647
0,70.0972958845276,-6.09466981887817,-21.8664741516113,0,11.0486139184939,0.500768790144393,0,-7.1362491048234205,-24.601835056263916,-2.048095703125,-4.46817445910872,-17.595026093123217,0.22263671457767487,-4.570640619400432,2.9269586070889684,2.77776150705011,0.582269310951233,0.0526466183015649,74.7246309445419
0,70.2078701617246,-6.1997504234314,-21.8320541381836,0,11.044380858,0.483482616123685,0,-7.2199618228629605,-24.55818126463917,-2.0486645698547363,-4.599920983258529,-17.55711814257765,0.25673216581344604,-4.564485951799094,2.910773163461386,2.78349308969171,0.563377499580383,0.050961521705899,74.8352052217389
0,70.3183964253864,-6.30492448806763,-21.7980766296387,0,11.0403002732835,0.465734506485716,0,-7.304280264606124,-24.51421160540244,-2.0495433807373047,-4.730691512318984,-17.51949101897472,0.25337889790534973,-4.559002554256283,2.8941494734494886,2.7890320301214,0.543583393096924,0.0491925357019873,74.9457314854007
0,70.4288755282921,-6.4101824760437,-21.7645149230957,0,11.0363391275451,0.447553551665887,0,-7.389232433885586,-24.46991147535477,-2.0504283905029297,-4.862568604766548,-17.48801279156944,0.2503076195716858,-4.547920313233083,2.8771008541456218,2.79436688424737,0.522957384586334,0.0473461263265467,75.0562105883064
0,70.5393082195765,-6.51551628112793,-21.7313461303711,0,11.0324705412738,0.428961415018298,0,-7.4748253470684904,-24.425277215661083,-2.050701856613159,-4.994638234246696,-17.460417403755343,0.24787108600139618,-4.533641165919175,2.8596395885298924,2.79949383737237,0.501570224761963,0.0454287657773411,75.1666432795908
0,70.6496943005264,-6.62091588973999,-21.698543548584,0,11.0286670419632,0.409972762932356,0,-7.561079079853137,-24.380298357418077,-2.049097776412964,-5.125535322710629,-17.433067013403555,0.24688231945037842,-4.520005875264324,2.8417803713074723,2.80440335275323,0.479492902755737,0.0434469503817839,75.2770293605407
0,70.7600361282167,-6.72637367248535,-21.6660785675049,0,11.0249005000498,0.39059558375623,0,-7.648010032504839,-24.33496634835578,-2.0474791526794434,-5.255245533066973,-17.405964616188385,0.24589721858501434,-4.506971142662242,2.823539545833405,2.80908780099542,0.456795185804367,0.0414070653766147,75.387371188231
0,70.8703335071646,-6.83187961578369,-21.6339225769043,0,11.021148718085,0.370832263691737,0,-7.735621656005335,-24.28927938888578,-2.046435594558716,-5.3837681404833475,-17.37911036356048,0.2449304163455963,-4.4944914969011,2.8049366257012713,2.81354336740167,0.433544754981995,0.0393152798240465,75.4976685671789
0,70.9805862545928,-6.93742513656616,-21.60205078125,0,11.0173824962591,0.35069467481387,0,-7.823921198204262,-24.243233699461488,-2.043987989425659,-5.511092892136641,-17.352506397803655,0.24396727979183197,-4.482527315965819,2.7859868044827523,2.81776432992608,0.409818232059479,0.0371785923657,75.6079213146071
0,71.0907948952164,-7.04299974441528,-21.5704288482666,0,11.0135743707562,0.330233951880317,0,-7.912920578020677,-24.196823064707015,-2.040804386138916,-5.637201312783542,-17.326156579241488,0.24302123486995697,-4.471030789873163,2.7667144480217623,2.82174305917413,0.385722190141678,0.0350067018226101,75.7181299552307
0,71.2009592793631,-7.14859533309937,-21.5390319824219,0,11.0097048190285,0.309502642936366,0,-8.002606165697118,-24.150054592151616,-2.0375328063964844,-5.762115153083996,-17.30005636316602,0.24208739399909973,-4.459959819350531,2.7471391611482074,2.82548146249444,0.36136394739151,0.0328093486377651,75.8282943393774
0,71.3110797239672,-7.25420331954956,-21.5078315734863,0,11.0057541451433,0.288537686821904,0,-8.09297841928404,-24.102928042935062,-2.0341343879699707,-5.885830585190549,-17.274206549389703,0.2411511242389679,-4.449272388244404,2.7272824117938392,2.82897572518976,0.336837261915207,0.0305950467263814,75.9384147839815
0,71.4211545602758,-7.35981321334839,-21.4767990112305,0,11.0016984338011,0.267364232027329,0,-8.184030540621354,-24.055446962103684,-2.030423641204834,-6.0083494289088515,-17.248606757671887,0.24022094905376434,-4.438926006784153,2.7071681619580734,2.83222393991144,0.312223374843597,0.0283711846234892,76.0484896202901
0,71.5311828234267,-7.46541595458984,-21.4459075927734,0,10.9975265168515,0.246000022640277,0,-8.275746395971671,-24.007619762940745,-2.0266172885894775,-6.129690001607135,-17.223253160676318,0.23930419981479645,-4.428879573253338,2.6868205498346125,2.83522801400812,0.287591814994812,0.0261440508652772,76.158517883441
0,71.6411629885061,-7.57100200653076,-21.4151306152344,0,10.9932217358513,0.224457504712882,0,-8.36812728320939,-23.95944576864182,-2.0227856636047363,-6.2498360683325265,-17.19814915062741,0.2381249964237213,-4.419096300047573,2.66626110997753,2.8379822254339,0.263001561164856,0.0239189896883951,76.2684980485204
0,71.7510948977898,-7.6765627861023,-21.3844394683838,0,10.988772339984,0.202746317551847,0,-8.461143034463513,-23.910940710890042,-2.017773389816284,-6.368830214174257,-17.173285829551737,0.23622192442417145,-4.40953279265843,2.6455197399573733,2.84049420358331,0.238501742482185,0.0217004366622864,76.3784299578041
0,71.8609774320549,-7.78209209442139,-21.353816986084,0,10.9841564577873,0.182587089031226,0,-8.554767027952611,-23.8621184721841,-2.0126171112060547,-6.486704697736007,-17.14865645715116,0.23433715105056763,-4.40015949501675,2.624614809468135,2.84276967050226,0.215449124574661,0.0196118259516148,76.4883124920692
0,71.9708110065069,-7.88759088516235,-21.3232650756836,0,10.9793685769854,0.167434208692246,0,-8.648937988925628,-23.813011005556675,-2.0074353218078613,-6.603558157433626,-17.124240423347874,0.23246948421001434,-4.390962090112102,2.603552228730637,2.84482960702569,0.196581855416298,0.0179025778720955,76.5981460665212
0,72.0805935657848,-7.9930624961853,-21.2928028106689,0,10.9744963454526,0.154717708636668,0,-8.743544657983739,-23.76367632960668,-2.0019617080688477,-6.719575841480394,-17.09999902131498,0.23061522841453552,-4.381937000429387,2.5823321672018955,2.84671597482354,0.180103749036789,0.0164094868750585,76.7079286257991
0,72.1903250267538,-8.09850788116455,-21.2624340057373,0,10.9695492496446,0.144064983280335,0,-8.838533635010325,-23.714142290969836,-1.9965319633483887,-6.834845056567453,-17.075914008690393,0.22877196967601776,-4.37307596777627,2.5609591234990186,2.84844784738214,0.165779754519463,0.0151114194149416,76.8176600867681
0,72.3000058416703,-8.20392799377441,-21.2321605682373,0,10.9645391406659,0.135153275323312,0,-8.93385331458298,-23.664435800400067,-1.9910839796066284,-6.949452785874901,-17.05196721070829,0.22693969309329987,-4.3643698919276055,2.5394396584581274,2.8500442981878,0.153381034731865,0.0139877638018039,76.9273409016846
0,72.4096336506492,-8.30932140350342,-21.2019863128662,0,10.9594715492701,0.127705401841821,0,-9.029446522269902,-23.614586672730667,-1.9856994152069092,-7.063490564406779,-17.028139501518584,0.22511717677116394,-4.355811254432508,2.5177809045063064,2.8515263080755,0.142689689993858,0.0130188762348252,77.0369687106635
0,72.5192121925325,-8.41469192504883,-21.171911239624,0,10.9543615867712,0.121485270994473,0,-9.126303355003358,-23.56805688819949,-1.9812170267105103,-7.177022507036329,-17.004417484590984,0.2233019918203354,-4.347393447403004,2.499580924160926,2.85290722848565,0.133501708507538,0.0121863331292509,77.1465472525468
0,72.6287391832333,-8.52003765106201,-21.1419372558594,0,10.9492134481212,0.116292696216365,0,-9.22619359659536,-23.531062966299537,-1.978853702545166,-7.290122505108091,-16.980785720643066,0.2214941382408142,-4.339109743401301,2.491300439468951,2.85420422555597,0.125629186630249,0.0114731621454258,77.2560742432476
0,72.7382114245323,-8.62535572052002,-21.1120662689209,0,10.9440332094892,0.111954567827095,0,-9.326225370499015,-23.494016628515908,-1.9762462377548218,-7.402830443473318,-16.957235875904665,0.2196923792362213,-4.330956435679022,2.482922830423144,2.8554268360296,0.118898071348667,0.0108636229777913,77.3655464845466
0,72.8476331827011,-8.73064994812012,-21.08229637146,0,10.9388252587102,0.108321596023933,0,-9.426370148624208,-23.45692844010424,-1.974984049797058,-7.515209363767203,-16.93375477809402,0.2178955078125,-4.322926458543993,2.4744502538590396,2.85658841134698,0.113148994743824,0.0103432905107268,77.4749682427154
0,72.9570026972398,-8.83591842651367,-21.0526275634766,0,10.9335952749692,0.105271966408238,0,-9.526607380358804,-23.419806011895457,-1.974310278892517,-7.627291648686817,-16.91033566098419,0.21610228717327118,-4.315015746614873,2.465884230377084,2.85769658090265,0.108242698013783,0.0098995507299587,77.5843377572542
0,73.0663176905875,-8.94115924835205,-21.0230617523193,0,10.9283513445105,0.102706614603705,0,-9.626920629587497,-23.382655430934264,-1.973638892173767,-7.739100800558783,-16.886973613863923,0.21431639790534973,-4.307222956962227,2.4572242470221646,2.85875706674249,0.104058504104614,0.0095214644555234,77.6936527506018
0,73.1755815090057,-9.0463752746582,-20.9935970306396,0,10.9230878712489,0.100544487061746,0,-9.727285752294422,-23.34548563885323,-1.9733458757400513,-7.850689797525036,-16.86365756717559,0.21253173053264618,-4.299542270068355,2.448472810549433,2.85978131295831,0.10049207508564,0.0091995797623276,77.80291656902
0,73.2847925825706,-9.15156745910645,-20.9642429351807,0,10.9177462665945,0.10073496710896,0,-9.827691746247494,-23.308300710281742,-1.973299503326416,-7.9620741685866525,-16.840384276200417,0.2107507288455963,-4.291981422075155,2.4396210575976,2.86077313424737,0.0989981070160866,0.0090672461969936,77.9121276425849
0,73.393948448617,-9.25673580169678,-20.9350090026855,0,10.9124039564216,0.100898038291049,0,-9.928061491959369,-23.271129206090684,-1.9732543230056763,-8.073388756277552,-16.817125566163995,0.20897094905376434,-4.28453897481171,2.4306657086412393,2.86176495553644,0.0977759882807732,0.0089596948037721,78.0212835086313
0,73.5030516781582,-9.3618860244751,-20.9059066772461,0,10.9069863212926,0.102995802669964,0,-10.028397492810559,-23.233970199163828,-1.9731054306030273,-8.184636209850398,-16.793880883516234,0.20719237625598907,-4.277227285793173,2.42159395843041,2.8627567768255,0.0982770174741745,0.0090100631909729,78.1303867381725
0,73.6121008876325,-9.46701812744141,-20.8769416809082,0,10.9015712644939,0.104781734023715,0,-10.128698600688644,-23.19682411469968,-1.9750255346298218,-8.295815366743616,-16.770650471169436,0.2054162621498108,-4.27005192074335,2.4124003720964247,2.86374859811456,0.0987934470176697,0.0090618940618741,78.2394359476468
0,73.7210953065939,-9.57213115692139,-20.8481140136719,0,10.8961584880444,0.106302496921508,0,-10.22896429596456,-23.159691145140634,-1.9774706363677979,-8.408876048522963,-16.75429817704241,0.2039209008216858,-4.255877177674825,2.4030852268021055,2.86474041940362,0.0993061661720276,0.0091134357763534,78.3484303666082
0,73.8300360039499,-9.67722606658936,-20.8194236755371,0,10.8906714056068,0.109512515452311,0,-10.329191489622895,-23.122572434490277,-1.979915738105774,-8.523540446853836,-16.743886063507432,0.202667236328125,-4.235681448864281,2.393648495226243,2.86573414804132,0.101268485188484,0.0092981747307463,78.4573710639642
0,73.9389209698323,-9.78230476379395,-20.790885925293,0,10.8851881938091,0.112253259340209,0,-10.429301405173113,-23.0854971572835,-1.98348867893219,-8.638261191401531,-16.733468833447922,0.20137207210063934,-4.21562203627519,2.3840816596611925,2.86676411630304,0.10304718464613,0.0094662309791079,78.5662560298466
0,74.0477534522592,-9.88736629486084,-20.7624855041504,0,10.8797972877368,0.112666064833131,0,-10.529379375012438,-23.04843371103353,-1.9874608516693115,-8.752885738920366,-16.72306033857039,0.19998900592327118,-4.1957123114112695,2.3743925538204347,2.86779408456476,0.103172689676285,0.0094824522395048,78.6750885122735
0,74.1565313348153,-9.99240779876709,-20.7342205047607,0,10.8743371738367,0.114947695156798,0,-10.629423648142623,-23.011382744215044,-1.9914355278015137,-8.867412283234703,-16.712660742884825,0.19834105670452118,-4.175949931250028,2.3645839078265674,2.86882405282647,0.104768827557564,0.0096339641785827,78.7838663948296
0,74.265255683649,-10.097430229187,-20.706090927124,0,10.8689579955088,0.11496230718016,0,-10.729435439086322,-22.9743438070348,-1.9947717189788818,-8.981842210716485,-16.702269920501564,0.17676390707492828,-4.156334837332774,2.3546553277631794,2.86985402108819,0.10471423715353,0.0096337091566304,78.8925907436633
0,74.3739243714022,-10.2024307250977,-20.6780948638916,0,10.8635009550433,0.116910625329213,0,-10.829341440587054,-22.937344048520345,-1.9965856075286865,-9.096309487566856,-16.6918757066047,0.1530432105064392,-4.136840263055591,2.3446159436976055,2.87091641427667,0.106145523488522,0.0097702736704855,79.0012594314165
0,74.4825366550141,-10.3074159622192,-20.650260925293,0,10.8578593144766,0.122223704286056,0,-10.92917112530503,-22.90037255359857,-1.9983984231948853,-9.210755740851896,-16.68148340175504,0.12922973930835724,-4.117506365808008,2.3344339405217323,2.87199788095147,0.110213108360767,0.0101498944768809,79.1098717150284
0,74.5910946332809,-10.4123964309692,-20.6226215362549,0,10.8520091548018,0.130254207296335,0,-11.028864317702379,-22.863451608021442,-2.000208616256714,-9.325300552028322,-16.671082147345018,0.10539672523736954,-4.098346128881323,2.324080907779787,2.8731270313421,0.116506323218346,0.0107351486835297,79.2184296932952
0,74.6995955266605,-10.5173768997192,-20.5952072143555,0,10.845918648272,0.140486051879281,0,-11.128357393195563,-22.82660477488018,-2.003382444381714,-9.440056309556118,-16.660661737927928,0.08243285864591599,-4.079371000542364,2.3135324152741226,2.87433247567804,0.124681077897549,0.011494703576199,79.3269305866748
0,74.8080326025631,-10.6223573684692,-20.5680465698242,0,10.8395816228728,0.152504031371778,0,-11.2276172676767,-22.789844306732025,-2.0067992210388184,-9.555066520602066,-16.650218222830617,0.06000976264476776,-4.060602013303868,2.302764583998417,2.87562756539972,0.13444696366787,0.012402107754734,79.4353676625775
0,74.9164090292497,-10.7273473739624,-20.541166305542,0,10.8329800677055,0.165970881852591,0,-11.326620755159984,-22.75317879040723,-2.010207414627075,-9.670383701913064,-16.639746833264002,0.03753051534295082,-4.042059636212947,2.2917521285277855,2.87702565194757,0.145557269454002,0.0134349171003023,79.543744089264
0,75.0247189448917,-10.8323469161987,-20.5145931243896,0,10.8261102435075,0.180610673564542,0,-11.425340914585405,-22.716618203411638,-2.0136449337005615,-9.78604254578499,-16.62924441899027,0.014981688931584358,-4.023765325922358,2.2804728305254307,2.87853817941339,0.157801628112793,0.0145739946848478,79.6520540049061
0,75.1329636427323,-10.9373617172241,-20.4883480072021,0,10.8189552245252,0.196195486457628,0,-11.523754105822716,-22.68017130076595,-2.016660213470459,-9.902091989133726,-16.61870653628729,-0.005096435546875,-4.005734454918851,2.268908412346226,2.88017849923761,0.170999750494957,0.015802971417182,79.7602987027466
0,75.2411372168847,-11.0423908233643,-20.4624557495117,0,10.8115145525023,0.212536112532684,0,-11.621838691681152,-22.643846095710817,-2.0196666717529297,-10.018557407759614,-16.608130880902678,-0.01934204064309597,-3.987988848490768,2.257038695855178,2.88195614816339,0.184996798634529,0.0171077846829737,79.868472276899
0,75.349238123142,-11.1474361419678,-20.4369354248047,0,10.803776624073,0.229473849461664,0,-11.719589910651697,-22.607644351650656,-2.022662401199341,-10.13544518964309,-16.59751687277514,-0.03362670913338661,-3.9705491440424003,2.2448468054876036,2.883874940888,0.199659124016762,0.0184763262593442,79.9765731831563
0,75.4572641247335,-11.2524995803833,-20.4118099212646,0,10.7957425303448,0.246875177325856,0,-11.816986595514765,-22.57157390777431,-2.0266919136047363,-10.252791336318484,-16.586861242781332,-0.04792846739292145,-3.9534350843642354,2.2323140611653094,2.88594632150323,0.214871227741241,0.0198981280859438,80.0845991847478
0,75.5652123039739,-11.3575820922852,-20.3871021270752,0,10.7874069701127,0.264626874997907,0,-11.914031624421849,-22.53563369817075,-2.0308752059936523,-10.370585099411391,-16.576164966928587,-0.06447875499725342,-3.9366743709034737,2.2194197425925104,2.88817029000909,0.230532869696617,0.0213641273779987,80.1925473639882
0,75.6730799323115,-11.4626836776733,-20.3628311157227,0,10.778766820295,0.282632028240586,0,-12.010716484139937,-22.49982687567924,-2.0349743366241455,-10.488838936860278,-16.565426913972413,-0.08400756865739822,-3.920287266346678,2.2061484163663905,2.89055256845147,0.246556863188744,0.022866451314367,80.3004149923258
0,75.7808649284034,-11.5678043365479,-20.3390140533447,0,10.7698144233945,0.300807495294835,0,-12.108578311478796,-22.47022586017716,-2.035234212875366,-10.607558416593172,-16.554646578316476,-0.10361450165510178,-3.904293714981138,2.198749703250606,2.89309697152765,0.262867003679276,0.0243982411884604,80.4081999884177
0,75.8885632519604,-11.6729431152344,-20.315673828125,0,10.7605547271296,0.31908173614811,0,-12.207039837593094,-22.44474273081832,-2.0262291431427,-10.726739608774286,-16.54382431680996,-0.12329711765050888,-3.8887208451681023,2.195038428194376,2.89580540658624,0.279396682977676,0.0259534879904438,80.5158983119747
0,75.9961731813604,-11.7780990600586,-20.2928237915039,0,10.7509814256745,0.337392282400955,0,-12.305074761475893,-22.41937001169055,-2.018719434738159,-10.8463740099164,-16.532960901612974,-0.1421545445919037,-3.8735875515910867,2.1908679139725376,2.89867787362726,0.296087265014648,0.0275269353371923,80.6235082413747
0,76.1036902583496,-11.8832702636719,-20.270486831665,0,10.7410979025673,0.355684970175376,0,-12.402665731580916,-22.39411219360073,-2.0115063190460205,-10.966480173079564,-16.52205464801282,-0.16023802757263184,-3.8589179708368717,2.186219643572229,2.90172200204522,0.312886923551559,0.0291139245912093,80.7310253183639
0,76.2111161707984,-11.9884595870972,-20.2486801147461,0,10.7309029164205,0.373912045382321,0,-12.499834242799007,-22.368963713390276,-1.99661123752594,-11.087023894213441,-16.511108661912118,-0.17838989198207855,-3.844740130807848,2.1810792230392813,2.90493016244562,0.329749882221222,0.0307103592984668,80.8384512308127
0,76.3184438967521,-12.0936603546143,-20.2274188995361,0,10.72039248235,0.392031357597889,0,-12.596565627206495,-22.34392836730947,-1.970497965812683,-11.208014787475449,-16.50012207029623,-0.19633056223392487,-3.8310716155997793,2.175436976879666,2.90830807687433,0.34663525223732,0.032312596011436,80.9457789567664
0,76.425669264137,-12.1988697052002,-20.2067241668701,0,10.7095636711219,0.410005509510269,0,-12.69286033085098,-22.319006039915365,-1.9413866996765137,-11.329443320132231,-16.489095738786077,-0.20991942286491394,-3.817939675839685,2.1692767111243474,2.91185574533136,0.363506734371185,0.0339174076336236,81.0530043241513
0,76.5327939584686,-12.3040885925293,-20.1866073608398,0,10.6984183998751,0.427801448008398,0,-12.78872921690716,-22.294193919676424,-1.9124022722244263,-11.451856358661953,-16.480452509682053,-0.22557006776332855,-3.8028783258477574,2.162590492392436,2.91557126046808,0.380331575870514,0.0355218736945614,81.1601290184829
0,76.6398171783646,-12.4093170166016,-20.1670894622803,0,10.6869586525446,0.445389698221238,0,-12.884176834233031,-22.269490829288767,-1.8826720714569092,-11.575661120432267,-16.476149040192535,-0.24309325218200684,-3.7839164040210096,2.155361536819295,2.91945462228448,0.39708012342453,0.0371233521930103,81.2671522383789
0,76.7467304349947,-12.5145454406738,-20.1481838226318,0,10.6751798059541,0.462743388815763,0,-12.979201116186966,-22.244897303626242,-1.8456835746765137,-11.699824099350716,-16.471833119028737,-0.2557702660560608,-3.7655444971331864,2.1475829013498933,2.92350583078058,0.413725882768631,0.038719510004642,81.374065495009
0,76.8535345125137,-12.6197738647461,-20.1299057006836,0,10.6630839528492,0.47983855157547,0,-13.073813260084457,-22.220410444677317,-1.7880077362060547,-11.824332421021802,-16.467505193706312,-0.25107908248901367,-3.747786621981259,2.1392432907875274,2.92772297860772,0.430244475603104,0.0403081806228869,81.480869572528
0,76.9602141619846,-12.724986076355,-20.1122722625732,0,10.6506732199797,0.496653541548653,0,-13.16800940785984,-22.19603125095978,-1.7387793064117432,-11.949157819272743,-16.46316624676107,-0.24449096620082855,-3.730668063380012,2.130333587478617,2.93210415841729,0.446613550186157,0.0418873772649017,81.5875492219989
0,77.06678136964,-12.830192565918,-20.0952968597412,0,10.6379459443977,0.513168648759682,0,-13.261812460835879,-22.171753795312103,-1.7267638444900513,-12.074300477647489,-16.458816271812996,-0.2378808557987213,-3.714211075785626,2.1208416110047974,2.93664746286065,0.462812721729279,0.0434553032388325,81.6941164296543
0,77.1732264376932,-12.9353818893433,-20.0789947509766,0,10.6249023945133,0.529365832145216,0,-13.355224841753914,-22.14757745069717,-1.7354918718338013,-12.199739532369287,-16.454455994089667,-0.2238207906484604,-3.6984389784812954,2.110758747529451,2.94135098458917,0.478823155164719,0.0450102918357301,81.8005614977075
0,77.2795458705085,-13.040548324585,-20.0633792877197,0,10.6115447425831,0.54522892916159,0,-13.448251563355955,-22.123500919751855,-1.730047583580017,-12.325468447946577,-16.450085640765607,-0.19337646663188934,-3.683372124710188,2.100076919941541,2.94621472360284,0.494627296924591,0.0465507799131712,81.9068809305228
0,77.385740467535,-13.1456899642944,-20.0484619140625,0,10.5978675604357,0.5607424505433,0,-13.540902371104256,-22.09952168022321,-1.720742106437683,-12.451485849892398,-16.445705259618165,-0.16286011040210724,-3.669029144555219,2.088788886139444,2.95123867990167,0.510208964347839,0.0480753582740231,82.0130755275494
0,77.4918048215172,-13.2507991790771,-20.0342597961426,0,10.5838768214541,0.575893188585006,0,-13.63319665367997,-22.075634714067228,-1.7720239162445068,-12.577756421451525,-16.441316078262307,-0.13228514790534973,-3.655438566498922,2.0768821305299046,2.95641522409112,0.525552868843079,0.0495826433885505,82.1191398815315
0,77.5977372076422,-13.3558702468872,-20.0207786560059,0,10.5695746909982,0.590668618435323,0,-13.725142820158888,-22.051837844905236,-1.8034826517105103,-12.704278507478401,-16.436918154231105,-0.101409912109375,-3.642612783572701,2.0643555077028592,2.9617443561712,0.540644884109497,0.0510713679231048,82.2250722676565
0,77.7035320283594,-13.4608945846558,-20.0080337524414,0,10.5549575935268,0.605057112786513,0,-13.816753154674336,-22.028127893443042,-1.8467028141021729,-12.831032848903659,-16.432512156972294,-0.07350952178239822,-3.6305757788304924,2.0511985911570827,2.96722226144464,0.555471420288086,0.0525403340927101,82.3308670883737
0,77.8091882177648,-13.5658674240112,-19.996036529541,0,10.5400333487886,0.619048746792077,0,-13.90804106415853,-22.004501389791418,-1.8889977931976318,-12.95801292207224,-16.428098313248967,-0.04556030035018921,-3.61934665524106,2.0374037142580264,2.9728470325628,0.570020020008087,0.053988386354998,82.4365232777791
0,77.9147017050322,-13.6707811355591,-19.9848022460937,0,10.5247992805865,0.632633744726041,0,-13.999017268971853,-21.98095555938104,-1.9381860494613647,-13.085209878898548,-16.42367693062172,-0.02573852427303791,-3.6089482136936275,2.0229599623882284,2.97861676217706,0.584278881549835,0.0554144735455619,82.5420367650465
0,78.0200702623945,-13.7756280899048,-19.9743309020996,0,10.5092602722398,0.645803948203922,0,-14.089702994613868,-21.957484908775307,-2.0028796195983887,-13.212604689131378,-16.41924867058454,-0.058519285172224045,-3.5993895347200966,2.007870229860965,2.98452572824151,0.598236739635468,0.0568175472768781,82.6474053224088
0,78.1252897336476,-13.8804006576538,-19.9646434783936,0,10.493416406713,0.658551655425531,0,-14.18010548139106,-21.93408756408831,-2.0404553413391113,-13.340196870835314,-16.414813549889566,-0.09134887158870697,-3.590698073160148,1.992117714405764,2.99057393075616,0.611882925033569,0.0581966308298606,82.7526247936619
0,78.2303582065615,-13.9850912094116,-19.9557399749756,0,10.4772686491649,0.670870304328631,0,-14.270243235889502,-21.910758735573783,-2.0795726776123047,-13.467976536103158,-16.410371912241725,-0.12422607094049454,-3.5828818408655683,1.975704945708065,2.99675755502374,0.625207602977753,0.0595508127609127,82.8576932665758
0,78.3352705497716,-14.0896902084351,-19.9476375579834,0,10.4608217206038,0.682754231139174,0,-14.362141153986094,-21.901886925722014,-2.1194958686828613,-13.59592359938047,-16.40592445581748,-0.1394396871328354,-3.575966605307024,1.9731497938672597,3.00307087899835,0.638201594352722,0.0608792127765742,82.9626056097859
0,78.4400256783008,-14.1941909790039,-19.9403419494629,0,10.4440783577033,0.694198661478231,0,-14.45450139563317,-21.89968364653198,-2.1408653259277344,-13.724030588906647,-16.401471440336195,-0.12977416813373566,-3.569965724314887,1.976557967497852,3.00951008798272,0.650856137275696,0.0621809905175811,83.0673607383151
0,78.5446199162177,-14.298583984375,-19.9338569641113,0,10.4270392824576,0.705200042125257,0,-14.546349513194363,-21.897492584204105,-2.1621153354644775,-13.852315747783813,-16.39701223166529,-0.12009765207767487,-3.5648879365866883,1.9792050438922177,3.01607899667413,0.663163244724274,0.0634553810642313,83.171954976232
0,78.6490504341585,-14.4028606414795,-19.9281902313232,0,10.4097089614788,0.715755560303166,0,-14.637709549380189,-21.895313165192857,-2.1832518577575684,-13.980750895703244,-16.39254780935592,-0.11058471351861954,-3.560750478971243,1.9810922862143787,3.0227680683294,0.675115406513214,0.0647016324071443,83.2763854941728
0,78.7533136451424,-14.5070114135742,-19.9233493804932,0,10.392087952123,0.725863172679097,0,-14.728590094420856,-21.893145184575914,-2.2022595405578613,-14.109335307607775,-16.38807819861118,-0.10209350287914276,-3.5575677948146143,1.982219115432906,3.02957539559991,0.686705768108368,0.0659190685116405,83.3806487051567
0,78.8574052081232,-14.6110258102417,-19.9193420410156,0,10.3741823669762,0.735522869980428,0,-14.819003217463449,-21.890988354440424,-2.212933301925659,-14.238061503101349,-16.383603659450593,-0.09362182766199112,-3.5553548736058147,1.9825851273416684,3.03649716378839,0.697928488254547,0.0671070648324114,83.4847402681375
0,78.9613239614227,-14.7148962020874,-19.9161720275879,0,10.3559934724157,0.744734937613299,0,-14.908964832516967,-21.88884229515328,-2.225242853164673,-14.36692623537547,-16.379124304733644,-0.0851428210735321,-3.554122914515196,1.98219338558408,3.04352955819757,0.708778500556946,0.0682650913389245,83.588659021437
0,79.0650668692612,-14.8186130523682,-19.9138469696045,0,10.3375242838268,0.75350125860138,0,-14.998492876613238,-21.88670657882162,-2.2378904819488525,-14.495918102759195,-16.374640530783886,-0.08124877512454987,-3.5538872023591925,1.981043106257599,3.05066685678155,0.719251275062561,0.0693926481793104,83.6924019292755
0,79.1686302374883,-14.9221658706665,-19.9123687744141,0,10.3187748036488,0.761824958780398,0,-15.087594023564852,-21.88458104623979,-2.2504820823669434,-14.625172721904049,-16.371656251332457,-0.10129760205745697,-3.5531465071847266,1.9791381252735265,3.05790905954034,0.729343295097351,0.0704893433484481,83.7959652975026
0,79.272011403172,-15.0255451202393,-19.9117393493652,0,10.2997515505601,0.769710783892774,0,-15.176295198963846,-21.88246505509032,-2.262349843978882,-14.756209288709583,-16.39076575413191,-0.13471557199954987,-3.531259951982556,1.9764830870617738,3.06524662973077,0.739052474498749,0.0715548693614552,83.8993464631863
0,79.3752087422373,-15.1287422180176,-19.9119625091553,0,10.2807893497322,0.776982064793279,0,-15.26460182718927,-21.880358475973143,-2.2722790241241455,-14.887024289691013,-16.409842945242808,-0.14334838092327118,-3.510451395022171,1.9730789430707114,3.07268147470147,0.748236238956451,0.0725730734870962,84.0025438022516
0,79.4782207621637,-15.2317485809326,-19.9130420684814,0,10.2621448150861,0.78369257204549,0,-15.352542366690273,-21.87826063000406,-2.2824058532714844,-15.017591924771057,-16.428884062153198,-0.053809814155101776,-3.490733459667065,1.9689274067956057,3.08020405770929,0.75692492723465,0.0735447966363142,84.1055558221781
0,79.581054507529,-15.3345642089844,-19.9149723052979,0,10.2439756417321,0.789836623897264,0,-15.440139635806668,-21.87617097284524,-2.292759895324707,-15.147923960030695,-16.447890820750196,0.014257811941206455,-3.472101467846673,1.9640382848453246,3.08781247140558,0.765105724334717,0.0744673395790473,84.2083895675433
0,79.6837172273649,-15.4371891021729,-19.9177589416504,0,10.2263802227498,0.795371058963952,0,-15.527427235687433,-21.874088702931957,-2.3030786514282227,-15.278012207409304,-16.46686202694142,0.013897704891860485,-3.4545660798101028,1.9584098283087057,3.09549908639581,0.772737562656403,0.0753356404120265,84.3110522873792
0,79.7862102252263,-15.5396175384521,-19.9213962554932,0,10.2094213141495,0.800231764393568,0,-15.614721856465295,-21.87971883281714,-2.3152012825012207,-15.40785769477015,-16.485797830623614,-0.018283691257238388,-3.438124080566824,1.9597622242100974,3.10326008798272,0.779761552810669,0.0761431233888694,84.4135452852406
0,79.888542407035,-15.6418514251709,-19.9258804321289,0,10.1931462072431,0.804344927420716,0,-15.701741576248097,-21.888573508342787,-2.328740119934082,-15.537456522379498,-16.504697663085512,-0.05039916932582855,-3.4227751656993486,1.9636066158001162,3.11108784677179,0.786107957363129,0.0768822330036597,84.5158774670493
0,79.9907160478441,-15.7438859939575,-19.931209564209,0,10.1775842936437,0.807633197268896,0,-15.788368202121326,-21.89738818467022,-2.3422229290008545,-15.666792380139768,-16.52355914577078,-0.08067016303539276,-3.408522377742832,1.9666817318523913,3.11897282601983,0.791701793670654,0.0775450027224276,84.6180511078584
0,80.092742817776,-15.8457260131836,-19.9373798370361,0,10.1627551461813,0.810021564623005,0,-15.874625188099081,-21.906165248358313,-2.353990316390991,-15.795891980925994,-16.542386174307737,-0.11121337860822678,-3.3953593919844196,1.9689975007972884,3.12691502572687,0.79646646976471,0.0781233556811803,84.7200778777903
0,80.1946261798349,-15.9473686218262,-19.9443798065186,0,10.1486748514019,0.811440958139326,0,-15.960558492438633,-21.91490937588105,-2.3645336627960205,-15.92472290909264,-16.561174021413883,-0.1416918933391571,-3.3832815745472975,1.9705737125057075,3.13489918710382,0.800326108932495,0.0786092898790496,84.8219612398492
0,80.2963734449594,-16.0488147735596,-19.9522018432617,0,10.1353556776585,0.811831378661761,0,-16.046213863091978,-21.923625222312843,-2.374674081802368,-16.053263845401094,-16.579919578033024,-0.15024535357952118,-3.372285200070733,1.97142509474864,3.142911958710266,0.803208410739899,0.0789951669658833,84.9237085049737
0,80.3979923888613,-16.1500663757324,-19.9608345031738,0,10.1227935593294,0.81114191672218,0,-16.13159639827988,-21.932313306422206,-2.384603261947632,-16.181565490440697,-16.598630238002446,-0.1466332972049713,-3.362351813086169,1.9715653201770575,3.150960969940736,0.805046081542969,0.0792739587517201,85.0253274488756
0,80.4994845319421,-16.2511177062988,-19.9702835083008,0,10.1099406600166,0.811715609885551,0,-16.216767411247453,-21.94097986712708,-2.394510507583618,-16.309562070716684,-16.61729640935242,-0.14372192323207855,-3.3534964185826226,1.9709957081285783,3.1590214252629965,0.807616114616394,0.0796271304931616,85.1268195919564
0,80.6008456866186,-16.351957321167,-19.9805526733398,0,10.0966007385179,0.813249283551773,0,-16.301703765722575,-21.949622550200363,-2.404390811920166,-16.437317072022406,-16.635927350429494,-0.11381225287914276,-3.3457143987075426,1.9697110447460244,3.1671085834661263,0.810750961303711,0.0800401757179249,85.2281807466329
0,80.7020728591344,-16.4525737762451,-19.9916553497314,0,10.0827324384211,0.815534986121318,0,-16.38639047631531,-21.95823983080647,-2.4134044647216797,-16.564881149951226,-16.65453044850904,-0.06450927257537842,-3.3390141587820668,1.9676978300529024,3.1752338886419063,0.814340054988861,0.0805029035435808,85.3294079191487
0,80.8031627736533,-16.5529556274414,-20.0035991668701,0,10.0683393230215,0.818413063748582,0,-16.470839162602818,-21.96683289129333,-2.426548957824707,-16.692260627275587,-16.67310662566221,-0.005091552622616291,-3.333404633407139,1.9649503226571128,3.183395433441706,0.818297863006592,0.0810071807285333,85.4304978336676
0,80.9041062521977,-16.6530857086182,-20.0163879394531,0,10.0534399456177,0.821752520527796,0,-16.555037283877024,-21.975400455583507,-2.4391698837280273,-16.819488053083006,-16.691660628631798,0.015571288764476776,-3.32888891847782,1.9614646394849475,3.1916008472600663,0.822552144527435,0.081546021571619,85.531441312212
0,81.0049037504172,-16.7529563903809,-20.0300254821777,0,10.0380589456951,0.825443195040906,0,-16.63899708901493,-21.98394377005922,-2.451754093170166,-16.9465804389317,-16.71019493827049,-0.014969482086598873,-3.325472163834248,1.9572387177055524,3.199850130096986,0.827039837837219,0.0821132575432988,85.6322388104315
0,81.1055483315216,-16.8525524139404,-20.0445156097412,0,10.0222131127058,0.82939077919058,0,-16.722723541777803,-21.99246333980708,-2.4643030166625977,-17.07354765266049,-16.728710993638376,-0.07335449010133743,-3.3231610174208748,1.952269421754034,3.2081432819524562,0.831704437732697,0.082703394725602,85.7328833915359
0,81.2060376018686,-16.9518623352051,-20.0598659515381,0,10.0059202077738,0.833514234787037,0,-16.806222308741326,-22.00095974142845,-2.4760546684265137,-17.20041036491262,-16.747211809204813,-0.2018408179283142,-3.3219653203772874,1.9465497986075895,3.2164822101751063,0.836494982242584,0.0833114459132465,85.8333726618829
0,81.3063676015875,-17.050874710083,-20.0760726928711,0,9.98920100052469,0.837744185792289,0,-16.889502295133354,-22.009433881073146,-2.4857518672943115,-17.327182588464016,-16.765699428499996,-0.2397180050611496,-3.321884584557149,1.9400841580593113,3.2248669147649562,0.841365039348602,0.0839328145188274,85.9337026616018
0,81.406530017325,-17.1495723724365,-20.0931396484375,0,9.97206985330789,0.842020881856011,0,-16.97254918193518,-22.017884301712066,-2.4984021186828613,-17.453905017843507,-16.78417978614379,-0.25675293803215027,-3.3229254775470434,1.9328681254250881,3.233306932465146,0.846273005008698,0.084563404716914,86.0338650773393
0,81.5065235762136,-17.2479457855225,-20.1110668182373,0,9.95454054075023,0.846293054903149,0,-17.05539302686075,-22.02631406186234,-2.513509511947632,-17.580563225616938,-16.802650778134993,-0.2910498082637787,-3.325094142405778,1.9249022232522777,3.2417927265325264,0.851180970668793,0.0851994633604137,86.1338586362279
0,81.6063452185963,-17.345983505249,-20.1298542022705,0,9.93663009782271,0.850517456021256,0,-17.13804011954485,-22.0347238015246,-2.5285801887512207,-17.707178996789235,-16.821115581454077,-0.3510974049568176,-3.328395025232306,1.9161859622230235,3.250326204315736,0.856054961681366,0.0858375723530014,86.2336802786106
0,81.7059878687593,-17.4436702728271,-20.1494998931885,0,9.91834839501934,0.854657401188668,0,-17.218693338071855,-22.05838419211688,-2.5430212020874023,-17.83161555885167,-16.857861725297074,-0.46879270672798157,-3.3144205184720184,1.9220962223226883,3.258909273163386,0.860864222049713,0.0864746682100288,86.3333229287736
0,81.8054542500346,-17.5410003662109,-20.1700038909912,0,9.89970769460803,0.858682717491907,0,-17.297639556408207,-22.091988828728287,-2.5557713508605957,-17.9540711703731,-16.907704326561003,-0.5767907500267029,-3.2883469916255286,1.9373307886460829,3.2675419330754965,0.865581631660461,0.0871080045322399,86.4327893100489
0,81.904729987437,-17.6379508972168,-20.1913642883301,0,9.88071792913126,0.86256877688054,0,-17.375999150909085,-22.125343760145014,-2.5684313774108887,-18.0759913253378,-16.95732898315649,-0.668194591999054,-3.2635661126715036,1.9516391353923912,3.2762203693547964,0.870182931423187,0.0877351170009331,86.5320650474513
0,82.003821283286,-17.7345199584961,-20.2135791778564,0,9.86176756194556,0.866080160425475,0,-17.453795854949334,-22.15845908883244,-2.5808422565460205,-18.19739486603102,-17.006743364381002,-0.752120316028595,-3.2400693070695064,1.9650353407586112,3.284942674652646,0.874479830265045,0.0883337500556326,86.6311563433003
0,82.102734867736,-17.8307075500488,-20.2366409301758,0,9.84311573398665,0.869281096931561,0,-17.531054311624697,-22.191345304492227,-2.5921716690063477,-18.31830182031219,-17.05595562209136,-0.8243346810340881,-3.217842010021295,1.977539191588837,3.293706941620416,0.878507196903229,0.0889049019411035,86.7300699277503
0,82.2014606521403,-17.9264945983887,-20.2605495452881,0,9.82491530450523,0.872169907398202,0,-17.607785804451318,-22.224007210121492,-2.6024510860443115,-18.438709680427987,-17.104964735567094,-0.8918823003768921,-3.196885950673009,1.9891559257448919,3.3025093555608462,0.882253289222717,0.0894458067601995,86.8287957121546
0,82.3000131321507,-18.0218887329102,-20.2852993011475,0,9.80725363212657,0.874706329434073,0,-17.684018642379034,-22.25645685584743,-2.6126646995544434,-18.558652126610028,-17.15378441353363,-0.9329748153686523,-3.177184356023974,1.9999045736049856,3.311349916473936,0.885677456855774,0.0899513432745035,86.927348192165
0,82.3983942458147,-18.1168842315674,-20.3108863830566,0,9.79019216667493,0.876829784993015,0,-17.759783147443343,-22.2887071486972,-2.621718645095825,-18.67812762902223,-17.20241403330811,-0.9501586556434631,-3.158733053035276,2.0098000311677118,3.320220994965146,0.888721346855164,0.0904148003109776,87.025729305829
0,82.4966103984577,-18.2114810943604,-20.3373031616211,0,9.77377033858615,0.87846946413331,0,-17.83511065620877,-22.32077142754739,-2.627906322479248,-18.79714558710536,-17.250857420706048,-0.9832250475883484,-3.1415203659494044,2.018861329723041,3.3291168689885864,0.891316950321198,0.0908286514560848,87.123945458472
0,82.5946665316464,-18.3056774139404,-20.3645439147949,0,9.75802301530079,0.879552245676061,0,-17.910009036192477,-22.35265304132415,-2.6315159797668457,-18.91574790222717,-17.29913163066792,-1.0103429555892944,-3.125530110614047,2.0270992487144204,3.338043260590146,0.89339143037796,0.0911848835013545,87.2220015916607
0,82.6925711447829,-18.3994750976563,-20.3926029205322,0,9.74296680633074,0.880005431260062,0,-17.984543918778854,-22.38437992700622,-2.636326789855957,-19.033895518804027,-17.34722076656099,-1.0585986375808716,-3.110762243324872,2.034537669035209,3.3469772815862364,0.894869446754456,0.0914753623793105,87.3199062047972
0,82.7903302242219,-18.4928741455078,-20.4214725494385,0,9.72862155012469,0.879762103569089,0,-18.058691262803368,-22.41594185111294,-2.6411094665527344,-19.15168190847476,-17.39516287375996,-1.1188561916351318,-3.097188712631357,2.0411816604494692,3.355941820160456,0.895676493644714,0.0916919770668736,87.4176652842362
0,82.8879490913969,-18.5858764648437,-20.4511375427246,0,9.71499586872472,0.878761404098591,0,-18.132528800211325,-22.447371901407486,-2.6453967094421387,-19.2690441485197,-17.44293234109039,-1.2021472454071045,-3.084804145996685,2.04706514791633,3.364906358734676,0.895740211009979,0.0918269145693978,87.5152841514112
0,82.9854320249304,-18.6784782409668,-20.4815979003906,0,9.70209647698504,0.876950876126664,0,-18.206073514352894,-22.478677307106434,-2.646883487701416,-19.38600660314568,-17.49053908541466,-1.279793620109558,-3.073601994067027,2.052192091997147,3.373870897308896,0.894992053508759,0.0918727500301277,87.6127670849447
0,83.0827856089581,-18.7706890106201,-20.5128211975098,0,9.68992332284327,0.874286727608826,0,-18.279398335414808,-22.509889112032717,-2.648362874984741,-19.50252176574015,-17.537963770312675,-1.3472741842269897,-3.063552822070562,2.056610508278264,3.382808733002256,0.893368661403656,0.0918226405486432,87.7101206689724
0,83.1800172305693,-18.8625087738037,-20.544807434082,0,9.67846934293244,0.870736119968378,0,-18.352493381091247,-22.54100310963531,-2.6501195430755615,-19.61866075835911,-17.585235344300838,-1.40087890625,-3.05464118651581,2.060318634556648,3.3917351246038163,0.890813171863556,0.0916704683373703,87.8073522905837
0,83.2771432828966,-18.9539470672607,-20.5775566101074,0,9.66772435653027,0.86627619889704,0,-18.42543394038937,-22.572051347804273,-2.6528892517089844,-19.73438830016144,-17.632339447164252,-1.447912573814392,-3.04686603822789,2.063331137742031,3.4006252765813563,0.887275516986847,0.0914108430285483,87.9044783429109
0,83.3741606140589,-19.0450038909912,-20.6110382080078,0,9.6576740669483,0.860894447880243,0,-18.498235060237818,-22.60304023148946,-2.654982805252075,-19.849718446713826,-17.679281799882116,-1.494075894355774,-3.040190973076834,2.0656786332434316,3.4094772815862364,0.882714092731476,0.0910392892762438,88.0014956740732
0,83.4710727726523,-19.1356792449951,-20.64524269104,0,9.64829814109261,0.854588828945117,0,-18.570941553347954,-22.633988835890573,-2.656959056854248,-19.964631528898103,-17.726054396614586,-1.525148868560791,-3.034604123654083,2.067375120539319,3.4182758808294063,0.877095699310303,0.0905522645315127,88.0984078326666
0,83.5678896524214,-19.2259845733643,-20.6801490783691,0,9.63957221843546,0.847366986738562,0,-18.643586589766507,-22.664911280333282,-2.6590843200683594,-20.07914170593917,-17.772663000532425,-1.5533983707427979,-3.0300746501823137,2.068445892365686,3.4270153522649562,0.87039589881897,0.0899471823733231,88.1952247124357
0,83.6646152297621,-19.3159217834473,-20.7157459259033,0,9.63146808731878,0.839244656132711,0,-18.716211025531713,-22.6958249558003,-2.6620934009552,-20.193234580999338,-17.81910175175032,-1.5766857862472534,-3.0265863966526663,2.0689045308562553,3.435682344452446,0.862599313259125,0.0892224464207188,88.2919502897764
0,83.7612552860673,-19.4055004119873,-20.7520084381103,0,9.62395275528846,0.83024587366972,0,-18.788854435510498,-22.726746707924637,-2.662529230117798,-20.306903532845016,-17.865367955254936,-1.5996129512786865,-3.024106622384778,2.0687782613355057,3.4442654133001063,0.853700220584869,0.0883775225275567,88.3885903460816
0,83.8578148151434,-19.4947242736816,-20.7889251708984,0,9.61699919746193,0.820401096388185,0,-18.86155030713632,-22.75769079113236,-2.6633946895599365,-20.42014474103142,-17.911460056026424,-1.62185537815094,-3.02261617290306,2.068078175342003,3.452755022064756,0.843701243400574,0.0874127080706519,88.4851498751577
0,83.9542976079687,-19.5836009979248,-20.826473236084,0,9.61057033725574,0.809744897905438,0,-18.934335065924326,-22.788672710487877,-2.665364980697632,-20.532948119406978,-17.957373948740216,-1.6401036977767944,-3.022083830356646,2.0668268015988422,3.4611397266545962,0.832614302635193,0.086329379558435,88.581632667983
0,84.0507117038586,-19.67214012146,-20.8646373748779,0,9.60462870335735,0.798315618661894,0,-19.007251569434846,-22.819710708951664,-2.6673364639282227,-20.645300811973453,-18.0031044006725,-1.6582800149917603,-3.022484523041506,2.065039594831151,3.469406175629206,0.820458948612213,0.085129730250966,88.6780467638729
0,84.147056246957,-19.7603435516357,-20.9033985137939,0,9.59913764430046,0.786152905679417,0,-19.080323008910376,-22.85081465822236,-2.6696617603302,-20.757196903423672,-18.048649004140252,-1.6782848834991455,-3.023790893537226,2.062730612103544,3.477546739594056,0.807263314723969,0.0838168591338359,88.7743913069713
0,84.2433388914626,-19.8482246398926,-20.9427337646484,0,9.59405853939688,0.773297234030173,0,-19.151723621356364,-22.887204707213137,-2.674764394760132,-20.86862721925156,-18.094004024882206,-1.7076977491378784,-3.025968035883852,2.0654493252802437,3.4855499744573364,0.793062031269074,0.0823945775298544,88.8706739514769
0,84.3395647180019,-19.935791015625,-20.9826278686523,0,9.58935578085458,0.759787908502854,0,-19.22255061114972,-22.92562252036647,-2.680429697036743,-20.979578398392096,-18.139164024599296,-1.736824870109558,-3.0289897214847854,2.069768124975821,3.493404436127256,0.777896642684937,0.0808674082188185,88.9668997780163
0,84.4357319333919,-20.0230484008789,-21.0230541229248,0,9.58499403067727,0.745661724426682,0,-19.293506840885797,-22.964110435552737,-2.6801953315734863,-21.087053718017845,-18.192106099179902,-1.7628015279769897,-3.0242972783846986,2.0736273764950943,3.501106309906556,0.761814057826996,0.079240447241047,89.0630669934061
0,84.531847380784,-20.1100063323975,-21.0639991760254,0,9.58093734249566,0.730952080982883,0,-19.364632421933475,-23.002690209888538,-2.676769971847534,-21.19339510284123,-18.24614351196048,-1.7896666526794434,-3.0189471296175987,2.0770424143916153,3.5086422443547964,0.744866371154785,0.0775193498390557,89.1591824407983
0,84.6279119244681,-20.1966762542725,-21.105432510376,0,9.57715112405287,0.715688314695247,0,-19.43594870117317,-23.041373422299728,-2.672785520553589,-21.299121953082704,-18.299868648773185,-1.81356680393219,-3.014394649072485,2.080041736241021,3.5160065174260864,0.727109372615814,0.0757101562385183,89.2552469844824
0,84.7239282553037,-20.2830657958984,-21.1473369598389,0,9.57360118827125,0.69989544666815,0,-19.507487677350866,-23.080177429472613,-2.6687889099121094,-21.40422071951265,-18.353274624572133,-1.840185523033142,-3.0106100205939748,2.0826410394073207,3.5231876850286263,0.708601891994476,0.0738192281032154,89.351263315318
0,84.8198970649065,-20.3691825866699,-21.1896915435791,0,9.57025762478084,0.683593276635321,0,-19.579272265889585,-23.11911466113833,-2.6647789478302,-21.50868562057299,-18.40635850145652,-1.8633495569229126,-3.007558808676181,2.0848577604832497,3.530178117767876,0.689405143260956,0.0718531482867511,89.4472321249208
0,84.915827221127,-20.4550437927246,-21.2324752807617,0,9.56708801851897,0.666797202174811,0,-19.65131823559799,-23.15819367057786,-2.6556639671325684,-21.612537869516228,-18.4591310589482,-1.8824938535690308,-3.005200610687088,2.08671178844962,3.5369778156438563,0.66958099603653,0.0698185899580903,89.5431622811413
0,85.0117109829414,-20.5406513214111,-21.2756614685059,0,9.56406319690329,0.6495176601529,0,-19.72364713118318,-23.19742614402175,-2.6685643196105957,-21.715751868847427,-18.511579289670955,-1.8993982076644897,-3.003499889784929,2.088223004113911,3.543575334564756,0.649191558361053,0.0677222265443012,89.6390460429557
0,85.1075505102769,-20.6260147094727,-21.3192310333252,0,9.56115803453237,0.631761828846175,0,-19.796277938503668,-23.236822379735777,-2.6764256954193115,-21.818324991768975,-18.563701858816636,-1.9153344631195068,-3.0024231615209187,2.0894065379736055,3.549964952484676,0.628298044204712,0.0655706072269189,89.7348855702912
0,85.2033535693033,-20.7111511230469,-21.3631629943848,0,9.55834382223391,0.613532982231356,0,-19.86922731853156,-23.27639141492617,-2.6841697692871094,-21.920269086479244,-18.615504787051492,-1.9297716617584229,-3.0019313572799886,2.090281962266528,3.5561447620549864,0.606959760189056,0.0633701032909979,89.8306886293176
0,85.2991156635228,-20.7960662841797,-21.4074325561523,0,9.55559860245383,0.594832798783648,0,-19.942507520729848,-23.316139893918514,-2.6919469833374023,-22.0215736743602,-18.666982749662015,-1.9419909715652466,-3.0019882586845115,2.0908673472759163,3.5621090412297964,0.585233628749847,0.0611267845854925,89.9264507235371
0,85.3948369633437,-20.8807735443115,-21.4520111083984,0,9.55289668684779,0.575660610651987,0,-20.016131222719995,-23.356074693279126,-0.05185912922024727,-22.12223689462513,-18.71813480108877,-1.9549742937088013,-3.00255073459898,2.0911873372694263,3.5678539753118264,0.563172698020935,0.0588463339062884,90.022172023358
0,85.4905252202394,-20.9652881622314,-21.496883392334,0,9.55021899531367,0.556015951454394,0,-20.09011665704588,-23.396205702662595,-0.05907592549920082,-22.222262041531543,-18.768962615309892,-1.9678832292556763,-3.0035870386860206,2.0912556998130682,3.5733757496038163,0.540826439857483,0.0565340095710455,90.1178602802537
0,85.5861714518317,-21.0496158599854,-21.5420169830322,0,9.54754257482511,0.535898054165793,0,-20.164460378621744,-23.43653105339341,-0.06632567942142487,-22.32164734736752,-18.81946529406193,-1.9762499332427979,-3.0050543762145865,2.0910963126993263,3.578674364105776,0.518239796161652,0.0541946114033973,90.2135065118459
0,85.6817777372683,-21.133768081665,-21.5873928070068,0,9.54484523193697,0.515308469411029,0,-20.239174747736953,-23.47705744991134,-0.07551635801792145,-22.420389290452206,-18.869641047801505,-1.9838793277740479,-3.006920145192508,2.0907246819588736,3.583746004120416,0.495454370975494,0.0518325733200932,90.3091127972826
0,85.7773500689737,-21.2177619934082,-21.6329898834228,0,9.54211051456801,0.494265968919505,0,-20.31427182215508,-23.51779143256082,-0.0873425304889679,-22.51849232370296,-18.919492139280162,-1.9918444156646729,-3.0091476201103684,2.0901606084662667,3.588588762299126,0.472518354654312,0.0494529722751936,90.404685128988
0,85.872879599733,-21.3016033172607,-21.6787776947021,0,9.53931338018359,0.472810546357552,0,-20.389746785115783,-23.558730388645763,-0.09923095256090164,-22.615952116710815,-18.969016367999036,-1.998382568359375,-3.0116970654950515,2.0894268273096803,3.5932026386419063,0.449491053819656,0.0470620823628698,90.5002146597473
0,85.9683727993503,-21.3853092193604,-21.7247371673584,0,9.53643564180105,0.450985004465402,0,-20.46560765012995,-23.59987866483634,-0.1111767590045929,-22.712777014331817,-19.018217974399715,-2.0045299530029297,-3.0145342739036813,2.088541742941416,3.5975876331487364,0.426428347826004,0.0446657773568346,90.5957078593647
0,86.0638248547388,-21.4688873291016,-21.7708435058594,0,9.53346355585994,0.428825908723701,0,-20.541859156145218,-23.641238831621653,-0.1232311949133873,-22.808954391295135,-19.0670905429463,-2.010615110397339,-3.0176248633051417,2.087524828136934,3.6017399311223763,0.403375893831253,0.0422688390362467,90.6911599147531
0,86.1592376552646,-21.5523509979248,-21.8170757293701,0,9.53038006579435,0.406365005028844,0,-20.61850102893603,-23.682810740256894,-0.13325561583042145,-22.904492307831138,-19.11563816944775,-2.0136022567749023,-3.0209354531526236,2.086394712279792,3.605661439911436,0.380370229482651,0.0398751074491262,90.7865727152789
0,86.2546077739401,-21.6357097625732,-21.8634090423584,0,9.5271732825306,0.38363086012402,0,-20.695528047808974,-23.72459155894554,-0.14255736768245697,-22.999393588712934,-19.16386228931352,-2.0154943466186523,-3.0244315580866177,2.085171939391725,3.6093540668645563,0.357440233230591,0.0374875938444464,90.8819428339545
0,86.3499375955111,-21.7189788818359,-21.9098205566406,0,9.52383165109838,0.360649659685713,0,-20.772943313067334,-23.766582969346977,-0.15190672874450684,-23.093660611213096,-19.211764110555528,-2.0179357528686523,-3.028078341678876,2.0838785844224392,3.6128178119817465,0.334608405828476,0.035108637196395,90.9772726555254
0,86.4452255380958,-21.8021659851074,-21.9562931060791,0,9.52034580879732,0.337446024097779,0,-20.850745858931536,-23.80878444760527,-0.16176512837409973,-23.187023497361388,-19.259864388505626,-2.024221181869507,-3.031263459054861,2.082528373617493,3.6160526752629965,0.311891883611679,0.0327400028280897,91.0725605981101
0,86.5404641782426,-21.8852806091309,-22.0027942657471,0,9.51670569614319,0.314043389105674,0,-20.929080011396987,-23.850885164636697,-0.1712304651737213,-23.278838564299335,-19.309403590061,-2.032216787338257,-3.0325496049176275,2.0808074282992295,3.6190624714055764,0.289303213357925,0.0303829742606006,91.1677992382569
0,86.6356715274834,-21.9683380126953,-22.0493335723877,0,9.51290435326897,0.290464364778105,0,-21.008515851234467,-23.891825922945365,-0.1779833883047104,-23.370035462539054,-19.358609256122058,-2.040130615234375,-3.033933599642828,2.077507314907665,3.6218491077581163,0.266851663589478,0.0280384776944126,91.2630065874977
0,86.7308175695885,-22.0513401031494,-22.0958461761475,0,9.50893220004032,0.266730327083574,0,-21.088331926280908,-23.932962652214027,-0.1854870617389679,-23.460578815067564,-19.407462298874183,0.12971313297748566,-3.0353519760897383,2.0742183335778974,3.6244087696233462,0.244543761014938,0.0257071567386082,91.3581526296028
0,86.8259234048426,-22.1343078613281,-22.1423377990723,0,9.50478368620108,0.242862084296273,0,-21.16853454940821,-23.97429860605922,-0.1930249035358429,-23.550501918729225,-19.45598068376836,0.13064086437225342,-3.036794388687251,2.0709414497645464,3.626747179047176,0.222383588552475,0.0233893833099576,91.4532584648569
0,86.9209743188784,-22.2172393798828,-22.1887817382812,0,9.50045061641457,0.218879533066189,0,-21.249112638528654,-24.015828072839,-0.20059935748577118,-23.639786444150374,-19.50415452111472,0.1315625011920929,-3.0382336060953796,2.0676962291270167,3.628862428680966,0.200373858213425,0.0210853894561421,91.5483093788927
0,87.0159852392875,-22.3001613616943,-22.2351608276367,0,9.49593072416384,0.194801798783886,0,-21.330067391245226,-24.057551669790808,-0.20979003608226776,-23.728460441800877,-19.551998945661055,0.13248412311077118,-3.0396374696862103,2.064507372975162,3.6307602405706163,0.178516119718552,0.0187952686182764,91.6433202993018
0,87.1109293115103,-22.3830547332764,-22.2814540863037,0,9.49121431392878,0.170646957963328,0,-21.41137644120038,-24.099457869427297,-0.22013060748577118,-23.816494288609483,-19.599497974155952,0.1333959996700287,-3.040992855348427,2.061382171928213,3.6324387073674864,0.156811192631722,0.0165190509985666,91.7382643715246
0,87.2058222782831,-22.4659481048584,-22.3276424407959,0,9.48629760094605,0.146432260698523,0,-21.493041617723033,-24.141547614573685,-0.22956053912639618,-23.903916540233045,-19.646667013922933,0.13430297374725342,-3.042266007539526,2.0583486128855575,3.6339035511174864,0.135259434580803,0.0142567025219111,91.8331573382974
0,87.3006699671205,-22.5488586425781,-22.373706817627,0,9.48117888491955,0.122174185065264,0,-21.575073220687294,-24.183826213723687,-0.23883056640625,-23.990721281224435,-19.69350287325788,0.1351965367794037,-3.043429160032471,2.055429462670148,3.6351509571233462,0.113860830664635,0.0120081458254925,91.9280050271348
0,87.3954656935538,-22.6317901611328,-22.4196262359619,0,9.47584710068378,0.0978880023927182,0,-21.657449391035037,-24.226282400849055,-0.24824827909469604,-24.076922104559205,-19.740012886307333,0.13609008491039276,-3.044459564119443,2.0526437670476243,3.6361885547795962,0.0926153659820557,0.0097733135306011,92.0228007535681
0,87.490199462661,-22.7147331237793,-22.4653968811035,0,9.47042972836477,0.0762278213427202,0,-21.740152180252096,-24.268906925392585,-0.2584851086139679,-24.162519314225463,-19.78619721708934,0.13697387278079987,-3.045356414756769,2.049989389079365,3.637020158783506,0.0735298246145248,0.0077638971991847,92.1175345226753
0,87.5848875967191,-22.7977027893066,-22.5110244750977,0,9.46500007640117,0.0573334838392254,0,-21.823145584831657,-24.311681231361494,-0.26875486969947815,-24.247597918109925,-19.832101731963036,0.13785521686077118,-3.046116043129637,2.047468314448961,3.637672472015926,0.056745670735836,0.0059952064702264,92.2122226567334
0,87.6795105491828,-22.880672454834,-22.5565166473389,0,9.45958168135713,0.0408923841102979,0,-21.906368910383815,-24.354574037229042,-0.27925169467926025,-24.33220122666793,-19.877749799264876,0.13872802257537842,-3.046756899032504,2.045061802016444,3.638168382660456,0.0420487821102142,0.0044450580002405,92.3068456091971
0,87.7740748740984,-22.9636421203613,-22.6018867492676,0,9.45418139396895,0.0266177888231648,0,-21.98979548401102,-24.39757159594284,-0.29100218415260315,-24.41638045724623,-19.923169053527502,0.13959960639476776,-3.047290135337679,2.0427582675661444,3.6385250568547964,0.0292281918227673,0.0030915501578559,92.4014099341127
0,87.8685816059964,-23.0466117858887,-22.6471366882324,0,9.44880174089619,0.0142489662231592,0,-22.073387097090272,-24.44065421500637,-0.29966673254966736,-24.500192387736835,-19.96839012949889,0.14046752452850342,-3.0477171279493467,2.0405566431080047,3.638763475433896,0.0180812645703554,0.0019136017991207,92.4959166660107
0,87.9630335968789,-23.129581451416,-22.6922721862793,0,9.44344263084561,0.00355061789205,0,-22.157121219653526,-24.483810282608403,-0.3072155714035034,-24.583675035364397,-20.01343353953085,0.1413305699825287,-3.0480427566215265,2.0384522689918523,3.638896989838196,0.0084173064678907,0.0008913386994519,92.5903686568931
0,88.0574364123237,-23.2125511169434,-22.7373046875,0,9.43810291548108,-0.0056881007598682,0,-22.24097445529698,-24.527027740381904,-0.31477415561676025,-24.66687401400523,-20.058323894780226,0.14218749105930328,-3.0482770833176875,2.0364355662463085,3.6389408588567465,5.98418992012739e-05,6.34045727932759e-06,92.684771472338
0,88.1517919556814,-23.2955207824707,-22.7822380065918,0,9.43278087275302,-0.013654939021275,0,-22.32492722880308,-24.57029649937643,-0.32234129309654236,-24.749821561784106,-20.103078589461425,0.14304931461811066,-3.048423517018256,2.0345036298911774,3.6389065265813563,-0.0071522635407745,-0.0007582340927104,92.7791270156957
0,88.246101214332,-23.378490447998,-22.8270740509033,0,9.4274755402963,-0.0205160545466138,0,-22.408955824938097,-24.613604336901897,-0.3349291980266571,-24.832554277453223,-20.147717370583543,0.14390502870082855,-3.0484838593150023,2.03265536874851,3.6388073444524562,-0.0133646177127957,-0.0014176208688581,92.8734362743463
0,88.3403552305508,-23.461446762085,-22.8718185424805,0,9.4221841498886,-0.026417448805511,0,-22.493051937841976,-24.656946972167546,-0.3546081483364105,-24.91506424610819,-20.192235967626974,0.14476561546325684,-3.048469544757921,2.030879623733916,3.6386433124700264,-0.0187078546732664,-0.0019855036629237,92.9676902905651
0,88.4345376574321,-23.5443782806396,-22.9164581298828,0,9.41679572185249,-0.0352063298864636,0,-22.577190366381824,-24.700311416659716,-0.3745471239089966,-24.99735239901853,-20.23663488306206,0.14561523497104645,-3.0483743902086373,2.029183335785881,3.6384201526799864,-0.026121698319912,-0.0027739282589288,93.0618727174464
0,88.5286895886808,-23.627347946167,-22.9609622955322,0,9.41125714667176,-0.0463397065504862,0,-22.66144842798929,-24.743737519321762,-0.39451414346694946,-25.07939330868506,-20.280900397375774,0.14645995199680328,-3.048141649064236,2.0276216061617243,3.6381149768987364,-0.0352697968482971,-0.0037475725887664,93.1560246486951
0,88.6227741889469,-23.7103290557861,-23.0053024291992,0,9.40554277471663,-0.0593851973665416,0,-22.745823827514513,-24.787224097247133,-0.4139330983161926,-25.16110843969665,-20.324990136460134,0.1473046839237213,-3.047758981184049,2.026207088730555,3.6377106189885864,-0.0458735413849354,-0.004877190837696,93.2501092489612
0,88.7168054160063,-23.7933483123779,-23.0494575500488,0,9.39964257112442,-0.0739950101823633,0,-22.830352399392403,-24.830789619289952,-0.421966552734375,-25.242474138634293,-20.368891338014446,0.14814941585063934,-3.0471955758407554,2.02497038727329,3.6371937275090964,-0.0577003583312035,-0.0061383792127464,93.3441404760206
0,88.8107761864217,-23.8764114379883,-23.0934009552002,0,9.39352708592533,-0.0898865825593925,0,-22.915044377696496,-24.87443936003072,-0.43303221464157104,-25.32345851945784,-20.41258679779303,0.14898681640625,-3.0464257421680627,2.023937850848032,3.6365547657170962,-0.0705549642443657,-0.007510675555299,93.438111246436
0,88.9046856312887,-23.9595279693604,-23.1371116638184,0,9.38719236808328,-0.106828614137815,0,-22.99781789145993,-24.92208291283808,-0.44584470987319946,-25.40446843636473,-20.45524604816586,0.14977538585662842,-3.046351282043168,2.0275622391833514,3.6357822895208063,-0.0842725560069084,-0.008976816087034,93.532020691303
0,88.9985339355811,-24.0427074432373,-23.180570602417,0,9.38062468654422,-0.124629987155388,0,-23.08017213391232,-24.97098075534627,-0.4657934606075287,-25.485363676410728,-20.497088404894498,0.1505175679922104,-3.0466922574382753,2.0327426638434973,3.6348705768743264,-0.0987134650349617,-0.0105221941270992,93.6258689955954
0,89.0923180712834,-24.125955581665,-23.2237586975098,0,9.37381193312963,-0.143131799640024,0,-23.1627340275884,-25.020001890796394,-0.4906567335128784,-25.56580088971606,-20.53869385128993,0.15125121176242828,-3.046756921633621,2.038206410466358,3.6338119983831163,-0.113758824765682,-0.0121343980791532,93.7196531312977
0,89.1860342588749,-24.2092800140381,-23.2666511535645,0,9.36675405440957,-0.162201035821981,0,-23.245518923914236,-25.06915543409974,-0.5086132884025574,-25.645750613827836,-20.580047148155597,0.1519824117422104,-3.046520780487053,2.0439807044550613,3.632597017304016,-0.129307121038437,-0.0138028325674274,93.8133693188892
0,89.2796833000009,-24.292688369751,-23.309232711792,0,9.35944295816264,-0.181725524630224,0,-23.328526380779564,-25.11844112275328,-0.5236791968345642,-25.72521868997097,-20.62115131681409,0.1527148336172104,-3.0459685987179697,2.050083758110969,3.6312275409856563,-0.145271420478821,-0.0155184497414765,93.9070183600152
0,89.3732619057231,-24.376184463501,-23.3514862060547,0,9.35187293810785,-0.201610140210634,0,-23.41176947086355,-25.16786671866201,-0.5404492020606995,-25.804181707744828,-20.661994248440042,0.15343260765075684,-3.0450850759284047,2.056534571701504,3.629695940033506,-0.161576822400093,-0.0172734691150305,94.0005969657374
0,89.4667661162487,-24.4597721099854,-23.3933925628662,0,9.34404156452935,-0.221773825057354,0,-23.495247495117987,-25.217431806765983,-0.5565441846847534,-25.882636481856615,-20.702574295468565,0.15415893495082855,-3.043853802156285,2.063353313412811,3.6280022144475663,-0.178158730268478,-0.0190611921529663,94.094101176263
0,89.5601998679859,-24.5434627532959,-23.4349346160889,0,9.3359439050932,-0.242147115479793,0,-23.578980349318385,-25.267148200184568,-0.572558581829071,-25.96056639684344,-20.742882863696526,0.15486571192741394,-3.042256625288959,2.070563431853016,3.6261387348333063,-0.194961234927177,-0.0208758419758762,94.1875349280002
0,89.6535536492747,-24.6272525787354,-23.476095199585,0,9.32757915317046,-0.262670148030798,0,-23.662956478025997,-25.317009037874456,-0.5872863531112671,-26.037974227290363,-20.782921388253822,0.1555773913860321,-3.0402830045477236,2.0781796673649224,3.6241093158879965,-0.211935564875603,-0.022712386235222,94.280888709289
0,89.7468292978732,-24.7111511230469,-23.5168552398682,0,9.31894485782594,-0.283291166511552,0,-23.747194667551085,-25.367025474209893,-0.6019189357757568,-26.114841993158986,-20.822680569122557,0.1562853902578354,-3.0379146162003003,2.086226724048959,3.6219063282170962,-0.229039281606674,-0.0245664640661709,94.3741643578875
0,89.8400219898082,-24.7951583862305,-23.5571994781494,0,9.31004165808659,-0.303965142897541,0,-23.831688040122653,-25.41719342551342,-0.617755115032196,-26.19117717580623,-20.86216427596929,0.15697753429412842,-3.0351413808648986,2.094720170347335,3.619533586517876,-0.246235176920891,-0.0264342579048984,94.4673570498225
0,89.9331322622722,-24.879280090332,-23.5971126556396,0,9.30086371375899,-0.324652575331526,0,-23.91644832252362,-25.467519854563974,-0.633313000202179,-26.26697165614247,-20.901368309265777,0.15767455101013184,-3.031950768536313,2.103679657858852,3.6169872760930764,-0.263490408658981,-0.0283124282299862,94.5604673222865
0,90.0261558143782,-24.9635181427002,-23.6365756988525,0,9.29141107516494,-0.345318818844825,0,-24.001473090548977,-25.518003321989504,-0.6489147543907166,-26.342228698374978,-20.940294357394745,0.15836302936077118,-3.0283288904315344,2.1131257850567255,3.6142693042913163,-0.280775964260101,-0.0301980236991174,94.6534908743925
0,90.1190918190079,-25.0478744506836,-23.6755771636963,0,9.28168297668202,-0.36593344161796,0,-24.086770421039457,-25.56864862341528,-0.6645702719688416,-26.416944906618212,-20.97894066386404,0.15905028581619263,-3.0242688910777398,2.123073363640731,3.611377763763976,-0.298066198825836,-0.0320884497620202,94.7464268790223
0,90.2119372503757,-25.1323509216309,-23.7140998840332,0,9.27167687406015,-0.38646928120933,0,-24.17233979979658,-25.61945545353588,-0.6779369711875916,-26.491125350217565,-21.017309850748312,0.1597277820110321,-3.019759002206257,2.1335419377833844,3.608314561859676,-0.31533807516098,-0.0339813922717229,94.83927231039
0,90.3046927322976,-25.2169437408447,-23.7521476745605,0,9.26232887924502,-0.402923770329087,0,-24.258163808182093,-25.670413470032514,-0.6906054615974426,-26.564810062412214,-21.05542262489105,0.16040648519992828,-3.014808387664236,2.144528531252124,3.6050930500188563,-0.329543560743332,-0.035545293002344,94.9320277923119
0,90.3973646144244,-25.3016452789307,-23.7897472381592,0,9.25380020849779,-0.415392061470448,0,-24.34419880910181,-25.721496763374645,-0.7020263671875,-26.638091033689058,-21.09332656756856,0.16108031570911407,-3.0094470735003993,2.1560055590739777,3.601743745819636,-0.340674340724945,-0.0367774990414991,95.0246996744387
0,90.4899621274957,-25.3864498138428,-23.8269290924072,0,9.24608707794068,-0.42398693987792,0,-24.430402903202545,-25.7726804558157,-0.7118700742721558,-26.711062669556178,-21.131070509205774,0.1617480367422104,-3.0037064966707323,2.167942357063674,3.598297166840146,-0.348751276731491,-0.0376792021885107,95.11729718751
0,90.5824880834622,-25.4713459014893,-23.8637218475342,0,9.23912787486379,-0.428860027587084,0,-24.516727654099448,-25.82393578824567,-0.7209557890892029,-26.783813304080404,-21.168700139827635,0.16240966320037842,-2.997617835527713,2.1803061004384823,3.594783830658506,-0.353837788105011,-0.0382565558255783,95.2098231434765
0,90.6749491632308,-25.5563259124756,-23.9001560211182,0,9.23283980246538,-0.430202653527275,0,-24.603123155032318,-25.875233128518992,-0.7298901081085205,-26.856439248454773,-21.20626527555798,0.16307616233825684,-2.9912107975543782,2.1930629441436835,3.591236162201476,-0.356038153171539,-0.0385203572841395,95.3022842232451
0,90.7673479093443,-25.6413764953613,-23.9362659454346,0,9.2271360984137,-0.428238151502349,0,-24.689531071120687,-25.926537840292553,-0.7388256788253784,-26.929037729483504,-21.243816206112538,0.16374512016773224,-2.9845195681443526,2.206171327687237,3.587688493744446,-0.355491369962692,-0.0384853032562828,95.3946829693586
0,90.8596948059578,-25.7264957427979,-23.9720802307129,0,9.22193297897803,-0.423212790529744,0,-24.77595267502262,-25.97785067920726,-0.7477831840515137,-27.001636054790882,-21.281367056121585,0.16440917551517487,-2.97756951273834,2.2196051936659615,3.5841465473333063,-0.352362871170044,-0.038169048277002,95.4870298659722
0,90.9519857031944,-25.8116645812988,-24.0076313018799,0,9.21713573158299,-0.415384889885888,0,-24.862306704320787,-26.029123395691908,-0.754317581653595,-27.074344378396173,-21.318974801789984,0.1650744527578354,-2.9703929109586866,2.233318307793283,3.5806522846379965,-0.346836686134338,-0.0375913971081412,95.5793207632087
0,91.0442277386749,-25.8968772888184,-24.0429496765137,0,9.21266664583092,-0.405017122803524,0,-24.94856721613084,-26.08034058615544,-0.760205090045929,-27.14721607309761,-21.356667049731698,0.16574706137180328,-2.9630155967229794,2.2472769550394713,3.5772228717962062,-0.339107573032379,-0.0367733203599106,95.6715627986892
0,91.1364218049195,-25.9821224212646,-24.0780639648437,0,9.20844898077812,-0.392367991347141,0,-25.034888966343715,-26.131056711438895,-0.7659936547279358,-27.220308365486343,-21.39447339990143,0.1664111316204071,-2.9554632044259104,2.2609799724220987,3.573879289642876,-0.32937479019165,-0.0357363324821098,95.7637568649338
0,91.2285622572797,-26.0673809051514,-24.1130046844482,0,9.20441456017483,-0.37768572311263,0,-25.124339092988333,-26.17442647859148,-0.7703149318695068,-27.29320588788429,-21.433439152338,0.16715086996555328,-2.94664526693749,2.266889426693924,3.5706425190129965,-0.317836225032806,-0.0345018129538855,95.855897317294
0,91.3206478373983,-26.1526393890381,-24.1478004455566,0,9.20049148707823,-0.361242692746884,0,-25.213520082809247,-26.217665755136462,-0.7726354598999023,-27.36596092824229,-21.473579878789984,0.16794921457767487,-2.936597486414234,2.272946869404099,3.5675278186956163,-0.304713815450668,-0.0330937984471635,95.9479828974125
0,91.4126873610176,-26.2378978729248,-24.1824741363525,0,9.19661899381098,-0.343366918116223,0,-25.30240435010244,-26.26076116618433,-0.7746239900588989,-27.43908482497392,-21.513924112280392,0.16875243186950684,-2.9264328669471134,2.2791281468161917,3.564552354828426,-0.29027646780014,-0.0315414129509694,96.0400224210319
0,91.5046909996486,-26.3231563568115,-24.2170524597168,0,9.19274770323017,-0.324329307057384,0,-25.390980684738665,-26.303707276519816,-0.7762451171875,-27.51260885351712,-21.554489108229514,0.1695581078529358,-2.9161688638695877,2.2854058300642506,3.5617256641545962,-0.274755120277405,-0.0298696633549301,96.1320260596629
0,91.5966550463405,-26.4084014892578,-24.251558303833,0,9.18883747440263,-0.30434630332703,0,-25.47922493234225,-26.34649237492809,-0.744183361530304,-27.5865515855579,-21.595285113088508,0.17037352919578552,-2.9058260294243126,2.291749950617753,3.5590572834172964,-0.25834196805954,-0.0280993522831544,96.2239901063548
0,91.6885739727545,-26.4936180114746,-24.2860145568848,0,9.18485386689393,-0.283591827072587,0,-25.567110811047282,-26.38910371868371,-0.7399657964706421,-27.660929429930434,-21.63632118001054,0.17119383811950684,-2.8954258648959907,2.2981295905409036,3.556556749359676,-0.241197809576988,-0.0262478777284088,96.3159090327688
0,91.7804432731472,-26.5787925720215,-24.320442199707,0,9.18077044753007,-0.262206494390775,0,-25.654616356849388,-26.431530658570278,-0.7513134479522705,-27.735754209419635,-21.677603831913785,0.17201538383960724,-2.8849878455014113,2.30451646942164,3.5542316913762764,-0.223457813262939,-0.024329846102983,96.4077783331615
0,91.8722612169423,-26.6639194488525,-24.354850769043,0,9.17656643088056,-0.240304740655408,0,-25.741729316415068,-26.473767253576412,-0.7641882300376892,-27.811029743051435,-21.7191351758478,0.17284178733825684,-2.8745188667443977,2.3108962998785554,3.5520859241643663,-0.205235719680786,-0.0223575329022757,96.4995962769566
0,91.9640375178307,-26.7489929199219,-24.3892803192139,0,9.17222155594668,-0.21797999748119,0,-25.828452151411433,-26.51581469723792,-0.7950939536094666,-27.886765469911783,-21.76092041958602,0.1736730933189392,-2.864053445290843,2.317227603712647,3.5501213550725663,-0.186627611517906,-0.0203413023036152,96.591372577845
0,92.0557644522567,-26.8340015411377,-24.4237384796143,0,9.16772246383124,-0.195309380815629,0,-25.914754775595277,-26.55765840228242,-0.8164770603179932,-27.96297374429046,-21.802966379290805,0.17451293766498566,-2.853598541723349,2.3234949649870384,3.548347520844056,-0.167714640498161,-0.0182898854656178,96.683099512271
0,92.1474368554448,-26.9189319610596,-24.4582443237305,0,9.16305484423472,-0.17235671846549,0,-26.00062935451826,-26.599294570188732,-0.8207934498786926,-28.039645092685426,-21.8452678282005,0.17535400390625,-2.8431750015767236,2.3296729030143846,3.5467644214788163,-0.148565351963043,-0.0162106501770734,96.7747719154591
0,92.2390584490322,-27.0037803649902,-24.4928169250488,0,9.15821183221195,-0.149175434334316,0,-26.086075899282378,-26.640723206339644,-0.8250854015350342,-28.11677765829134,-21.88782374187042,0.17620238661766052,-2.832799403293762,2.335740327945026,3.5453720569768663,-0.129237875342369,-0.0141098214690107,96.8663935090465
0,92.3306287600039,-27.0885391235352,-24.527473449707,0,9.15317956179965,-0.125810307667864,0,-26.17108656885319,-26.681940509020716,-0.8293554782867432,-28.194370529874185,-21.93063361755058,0.17705810070037842,-2.8224883016798916,2.3416762158249886,3.5441723346868264,-0.109781362116337,-0.011992662510883,96.9579638200182
0,92.4221428153506,-27.1731948852539,-24.5622329711914,0,9.14795230592591,-0.102299511633888,0,-26.25564541702394,-26.7229387467362,-0.8318078517913818,-28.272423452994396,-21.973697314860473,0.1779187023639679,-2.812262485656949,2.3474553190895344,3.543169069305966,-0.0902374014258385,-0.0098636018904248,97.0494778753649
0,92.5136020677056,-27.2577419281006,-24.5971126556396,0,9.14252762023767,-0.0786757218158581,0,-26.339750232926615,-26.763716847549873,-0.8332775831222534,-28.350932158380115,-22.017012478338916,0.17877806723117828,-2.8021387910818394,2.353058111652064,3.5423622608342864,-0.0706413015723228,-0.0077263847607539,97.1409371277199
0,92.6050030753984,-27.342170715332,-24.6321258544922,0,9.13689101299723,-0.054967013963322,0,-26.423398480260516,-26.804273581739935,-0.8347253203392029,-28.429883336735493,-22.06057176492347,0.17964842915534973,-2.7921334463700207,2.3584673347167096,3.5417500019231563,-0.0510229729115963,-0.0055841806106014,97.2323381354127
0,92.6963473249883,-27.4264793395996,-24.6672801971436,0,9.13120295434237,-0.0338348870251438,0,-26.506600271536417,-26.844613852342906,-0.8361620903015137,-28.509258708437823,-22.104365089301407,0.18051756918430328,-2.782255382165244,2.363674966217723,3.541326570526666,-0.0334074720740318,-0.0036585806820405,97.3236823850026
0,92.7876332298178,-27.510669708252,-24.7025661468506,0,9.12554115225653,-0.015363355035738,0,-26.589399807894473,-26.884759090218953,-0.8375952243804932,-28.588995618707838,-22.148357883306133,0.1813940405845642,-2.7725018706430578,2.3686925236069376,3.5410690784612364,-0.0178996659815311,-0.0019614881261171,97.4149682898321
0,92.8788619268748,-27.594747543335,-24.7379722595215,0,9.11992451524344,0.0007402768919361,0,-26.671840317060592,-26.924730254269736,-0.8382580280303955,-28.66903939686766,-22.192519983794107,0.18227171897888184,-2.76286631500194,2.373534974653808,3.5409565448919063,-0.0043058954179287,-0.0004721415617581,97.5061969868891
0,92.9700349612901,-27.6787166595459,-24.7734928131104,0,9.11435269551314,0.0147458957789813,0,-26.753957794542206,-26.964544796866022,-0.8371484279632568,-28.74934584214943,-22.23682700412596,0.18316039443016052,-2.7533471036382244,2.3782110406611014,3.540971803680966,0.0075650867074728,0.0008300180012036,97.5973700213044
0,93.0611548555257,-27.7625827789307,-24.8091201782227,0,9.10934481775375,0.0269003627917834,0,-26.835789561829845,-27.00422081327961,-0.8360460996627808,-28.829872305452287,-22.281255413754764,0.18404418230056763,-2.7439400869664055,2.3827321430012653,3.541097688690736,0.0178971160203218,0.0019646899247839,97.68848991554
0,93.1522298700653,-27.8463611602783,-24.8448390960693,0,9.10541153522146,0.0356048673646859,0,-26.91738676004472,-27.043783099210653,-0.8349425792694092,-28.910572710643084,-22.325779791356485,0.18493041396141052,-2.7346308717247436,2.387121313473753,3.5413132190862364,0.0254909209907055,0.0027995138946566,97.7795649300795
0,93.243271453388,-27.9300746917725,-24.8806247711182,0,9.10267434897017,0.0393406372101099,0,-26.998828561502272,-27.08327004124411,-0.8338439464569092,-28.99137717020184,-22.370361578285447,0.1858227550983429,-2.72539616349828,2.391414966322515,3.541585969940736,0.0291880834847689,0.0032065094029582,97.8706065134023
0,93.3342932205617,-28.0137519836426,-24.9164447784424,0,9.10109649226928,0.0385578376667295,0,-27.080180246970112,-27.122713290667644,-0.832537829875946,-29.07223712368892,-22.414973982565257,0.1867077648639679,-2.716200827318391,2.3956579337522856,3.541891145721986,0.0293007530272007,0.0032194461510705,97.961628280576
0,93.4252949494567,-28.0974082946777,-24.952262878418,0,9.10061077122007,0.0338369526912114,0,-27.16157338495636,-27.16217663828599,-0.8309667706489563,-29.153006297410013,-22.459536301438803,0.1875964254140854,-2.70702289073271,2.3998970403554876,3.5421677112737364,0.0262493770569563,0.0028843334013299,98.052630009471
0,93.5162982038623,-28.1810817718506,-24.9880447387695,0,9.10117574161722,0.0296214193234102,0,-27.24133844812343,-27.20565647245641,-0.8300073146820068,-29.23341136565653,-22.504751273406686,0.18852539360523224,-2.69706210701819,2.408509770766077,3.542415666596006,0.023393152281642,0.0025703303667091,98.1436332638766
0,93.6073207495938,-28.2647762298584,-25.0238265991211,0,9.10280024880335,0.02606378249174,0,-27.32019205984084,-27.25144241925122,-0.8294909596443176,-29.313773136514154,-22.549973893659736,0.1894579976797104,-2.6870693549835774,2.4196097818329596,3.542644548431946,0.020901357755065,0.0022961365191256,98.2346558096081
0,93.6983643412604,-28.3484935760498,-25.0596084594727,0,9.10548055841836,0.0230597748991016,0,-27.399140422858686,-27.29728338290456,-0.828704833984375,-29.39405982031118,-22.595154259572304,0.19038330018520355,-2.6770773755245743,2.430732497094178,3.542835283295226,0.0187369398772717,0.002057758475391,98.3256994012747
0,93.789437749523,-28.432243347168,-25.0953903198242,0,9.10922027575736,0.02052217412903,0,-27.47812327893925,-27.343144374778547,-0.8273937702178955,-29.474355952215472,-22.64033994229363,0.1913159191608429,-2.667071622175121,2.4418729279306364,3.5430202961126063,0.0168636441230774,0.0018512672672836,98.4167728095373
0,93.8805497466136,-28.5160350799561,-25.1311721801758,0,9.11401135554592,0.018377801638076,0,-27.557205524597535,-27.389063076703074,-0.8260790705680847,-29.554607157794077,-22.685500343265385,0.19224487245082855,-2.6570552675323578,2.4530441122918782,3.543172884003236,0.0152471773326397,0.0016729347529176,98.5078848066279
0,93.9717155901208,-28.5998764038086,-25.1669750213623,0,9.11986086349551,0.016565202697208,0,-27.636331727356296,-27.435007302093425,-0.82427978515625,-29.634902899403205,-22.730685806352803,0.1931750476360321,-2.6470332422836034,2.464221737173422,3.5433254718938563,0.0138558801263571,0.0015193057741452,98.5990506501351
0,94.0629443069371,-28.6837787628174,-25.2027950286865,0,9.12676336147768,0.0150326521189237,0,-27.715555025728165,-27.481007905555483,-0.8219006061553955,-29.715202588434515,-22.775873490804585,0.19410522282123566,-2.6370027036553747,2.475421401982842,3.543457078949526,0.0126610016450286,0.001387237070738,98.6902793669514
0,94.1542506595289,-28.7677516937256,-25.2386474609375,0,9.1347190570199,0.0137365704932975,0,-27.794880611056453,-27.527067901416217,-0.8203063607215881,-29.795528492728284,-22.821075927580093,0.1950366199016571,-2.626971120410022,2.4866335186140005,3.5435715198674864,0.0116367656737566,0.0012739037121763,98.7815857195433
0,94.2456384125813,-28.8518009185791,-25.274528503418,0,9.14373096345654,0.0126402170251864,0,-27.874274903025892,-27.57316779143713,-0.8187109231948853,-29.875923762771265,-22.8663173990969,0.19596435129642487,-2.6169272674210307,2.497859020743248,3.543685960785456,0.0107602952048182,0.0011767936924587,98.8729734725956
0,94.33712534402,-28.935941696167,-25.3104476928711,0,9.15379442472993,0.0117125705539319,0,-27.95375338730636,-27.619316567293314,-0.8171130418777466,-29.956403979741026,-22.911606673475315,0.19689452648162842,-2.6068719777796776,2.509097318427131,3.543800401703426,0.0100114271044731,0.0010936905991765,98.9644604040343
0,94.428712202708,-29.0201740264893,-25.3464069366455,0,9.16490857038443,0.0109274334121753,0,-28.033337657076252,-27.665526766953494,-0.8153515458106995,-30.036948080725818,-22.956931897815032,0.19782958924770355,-2.596809665447669,2.5203497390886254,3.543905305878236,0.0093725007027387,0.0010226500317764,99.0560472627223
0,94.5204177718219,-29.1045150756836,-25.3824138641357,0,9.17707250874362,0.0102626562458247,0,-28.11308643650715,-27.711832488307888,-0.8140319585800171,-30.117529525197885,-23.002278136753176,0.1987634301185608,-2.5867439679426063,2.531624354682092,3.5439815998235464,0.0088281240314245,0.0009619754559947,99.1477528318362
0,94.6122530689747,-29.1889743804932,-25.4184741973877,0,9.19028533257162,0.0096995142266221,0,-28.192946764067,-27.75820297951348,-0.8127526640892029,-30.19822336553658,-23.047687625113785,0.19969603419303894,-2.5766669332852064,2.54291206819887,3.5440578937688563,0.0083649307489395,0.0009101922070356,99.239588128989
0,94.7042201046543,-29.2735557556152,-25.4545841217041,0,9.20397773103501,0.0092241433713869,0,-28.27292039337302,-27.804639258799146,-0.8114709258079529,-30.279031366496707,-23.09316135599139,0.20063354074954987,-2.5665733347215713,2.5542181339024945,3.544134187714166,0.0079697277396917,0.0008658999369888,99.3315551646686
0,94.7963226236211,-29.3582592010498,-25.4907531738281,0,9.21644264828559,0.0088282889687057,0,-28.353010577059845,-27.85114321479057,-0.8101879954338074,-30.359956801079623,-23.138701171228167,0.2015673816204071,-2.556471534134472,2.5655342409542143,3.544210481659486,0.0076284520328044,0.00082769988641,99.4236576836354
0,94.8885355760966,-29.4430599212646,-25.5269756317139,0,9.22624171536558,0.0105851568839757,0,-28.43319548027075,-27.89770216918975,-0.8088537454605103,-30.4409777004473,-23.184294708124664,0.20250731706619263,-2.5463687485825464,2.5768528294561275,3.5442867756047964,0.0089132124558091,0.0009660712199718,99.5158706361108
0,94.9808329095368,-29.5279312133789,-25.5632476806641,0,9.23289426117841,0.0099900565099956,0,-28.51345239256914,-27.944302935297692,-0.8074450492858887,-30.522071214701914,-23.22992910817564,0.20344726741313934,-2.5362748082473474,2.588163712652234,3.5443630695501063,0.0084381513297557,0.0009139221301171,99.6081679695512
0,95.0731728318817,-29.6128463745117,-25.5995254516602,0,9.23624313269248,0.0094980765141659,0,-28.59374492283132,-27.990924382794343,-0.8060546517372131,-30.603200728958065,-23.275583766794604,0.20438720285892487,-2.526164424978472,2.59949160734298,3.544439363495416,0.0080226305872201,0.0008686027673804,99.700507891896
0,95.1655417775616,-29.6977767944336,-25.6358413696289,0,9.23624640311724,0.0090912492822955,0,-28.674061212450063,-28.037559626040004,-0.8047314286231995,-30.68435431171813,-23.321251969674737,0.2053210437297821,-2.516080143395968,2.6107937827362564,3.544515657440736,0.0076605421490967,0.0008293995313463,99.7928768375759
0,95.2578891950111,-29.7826919555664,-25.6721382141113,0,9.23309960209277,0.0087541730888166,0,-28.754357250173808,-28.084183110126297,-0.8033617734909058,-30.76548768082217,-23.366908797563,0.2062646448612213,-2.5059868516216586,2.622104659754615,3.5445919513860464,0.0073464694432914,0.0007956662938604,99.8852242550254
0,95.3501957927436,-29.8675708770752,-25.7084159851074,0,9.22836296367287,0.0084712593176504,0,-28.8346162173186,-28.130785069370305,-0.8017663359642029,-30.846583913949857,-23.412544727627104,0.20720580220222473,-2.49589490109153,2.63341362294372,3.5446682453313563,0.0070774657651782,0.0007669250560615,99.9775308527579
0,95.4424567919365,-29.9524002075195,-25.7446937561035,0,9.22329439995001,0.0082311507493444,0,-28.91483393334354,-28.17736307636232,-0.8001684546470642,-30.927638804694478,-23.458157392762253,0.20814453065395355,-2.4858276010821108,2.6446972974304406,3.544744539276666,0.00684913713485,0.0007425908911083,100.069791851951
0,95.5346629530844,-30.0371837615967,-25.7809391021728,0,9.21815522717067,0.0080268528337741,0,-28.995002374237185,-28.22391247200108,-0.7985742092132568,-31.008644279484418,-23.503742249663098,0.20908202230930328,-2.475754641093248,2.6559858677803145,3.544820833221986,0.0066556027159094,0.0007220099931757,100.161998013099
0,95.626823020767,-30.121919631958,-25.8171787261963,0,9.21300553378437,0.00785294554001,0,-29.075129141948125,-28.270437670319208,-0.7969470024108887,-31.089607986950973,-23.549303602504935,0.21002197265625,-2.4657003729259417,2.6672551015780552,3.5448971271672964,0.0064915153197944,0.0007046031762167,100.254158080781
0,95.7189279850593,-30.2066020965576,-25.8534030914307,0,9.20785581567935,0.0077048946095765,0,-29.155206392844256,-28.31693411695179,-0.795666515827179,-31.170522034995262,-23.59483701010401,0.21095214784145355,-2.4556592580073224,2.6785104142959506,3.5449734211126063,0.0063523040153086,0.0006898785035904,100.346263045074
0,95.810978352921,-30.2912349700928,-25.8896045684814,0,9.20270607722955,0.0075788548064661,0,-29.235645951277423,-28.362438382962672,-0.7941564917564392,-31.25178099432201,-23.639419461643914,0.21183349192142487,-2.4466265917985464,2.6887125637906353,3.545049715057916,0.0062341126613318,0.0006774214557043,100.438313412935
0,95.9029866348741,-30.3758220672607,-25.9258060455322,0,9.19755632196853,0.007471548864925,0,-29.31801582592244,-28.403310447439953,-0.7917065024375916,-31.333109467254886,-23.683728380745556,0.21269774436950684,-2.4378907730090713,2.693878636035124,3.545126009003236,0.0061336881481111,0.0006668821488659,100.530321694888
0,95.9949355650801,-30.4603576660156,-25.9619770050049,0,9.19240655276325,0.0073801883383837,0,-29.40033174565381,-28.44415573940217,-0.7892565727233887,-31.414384413477286,-23.728008137727237,0.2135632336139679,-2.429152925370935,2.6990491328119415,3.5452023029485464,0.0060482867993414,0.000657965334249,100.622270625094
0,96.0868341485997,-30.5448417663574,-25.998140335083,0,9.18725677195637,0.0073023952439139,0,-29.482601776373407,-28.484978261162833,-0.7867102026939392,-31.49561376350531,-23.772263053247922,0.21442748606204987,-2.4204332389781262,2.7042035180271173,3.5452785968938563,0.0059755956754088,0.0006504219851619,100.714169208614
0,96.1786858940624,-30.6292781829834,-26.0342960357666,0,9.18210698147247,0.0072361405341947,0,-29.564829068844734,-28.525779576135864,-0.7836315631866455,-31.576800615431576,-23.816494815192932,0.21528808772563934,-2.4117298799763147,2.709343490316712,3.545354890839166,0.005913661327213,0.0006440416674294,100.806020954077
0,96.2704800397513,-30.7136650085449,-26.0704212188721,0,9.17695718289439,0.0071796998661141,0,-29.647003982738788,-28.56655490077448,-0.7796850204467773,-31.657935491755524,-23.86069826008396,0.2161523401737213,-2.40302357459477,2.7144887367423887,3.545431184784486,0.0058608343824744,0.0006386466093272,100.897815099766
0,96.362225091659,-30.7979984283447,-26.1065464019775,0,9.17180737753042,0.0071316063118269,0,-29.729134131121562,-28.607308012694293,-0.7757360935211182,-31.739025877705462,-23.904877465980796,0.2170092761516571,-2.3943430757064195,2.7196101778587987,3.5455074787297964,0.0058157201856374,0.0006340864115623,100.989560151673
0,96.4539188016889,-30.8822841644287,-26.1426525115967,0,9.16665756646767,0.0070906096291157,0,-29.811217512513025,-28.648037918757687,-0.7717931866645813,-31.820069805940808,-23.949031361048068,0.21787475049495697,-2.3856688080202133,2.724727474677252,3.5455837726751063,0.0057771406136453,0.000630233958607,101.081253861703
0,96.5455611698579,-30.9665222167969,-26.1787395477295,0,9.16150775061419,0.007055642065878,0,-29.89325412776524,-28.688744619387457,-0.7673815488815308,-31.90106727771859,-23.993159945970614,0.21873657405376434,-2.377000771248855,2.729840627341153,3.545660066620416,0.0057440954260528,0.0006269812654159,101.172896229872
0,96.6371509435107,-31.0507030487061,-26.2148265838623,0,9.15633702408033,0.0091066890733348,0,-29.97524283991925,-28.729427550422738,-0.7629528641700745,-31.982017175670588,-24.037262611990197,0.2196008265018463,-2.3683603726373734,2.7349282772516244,3.545736360565736,0.0072930627502501,0.0007965040085329,101.264486003525
0,96.7286916339552,-31.1348304748535,-26.2509136199951,0,9.15117479869362,0.010841747546491,0,-30.05718680096942,-28.77008827588821,-0.758956253528595,-32.06292259906218,-24.081341047631074,0.22045409679412842,-2.359745778208415,2.7399921231194355,3.5458126545110464,0.008631270378828,0.0009431864772837,101.356026693969
0,96.8201744825496,-31.2188949584961,-26.2870006561279,0,9.14602309526272,0.012310132925634,0,-30.13905935911655,-28.810713571118182,-0.7551648020744324,-32.14379164173978,-24.12539966253691,0.22131957113742828,-2.3511598691217745,2.7450267392096803,3.545896577850886,0.009784341789782,0.0010697909709231,101.447509542564
0,96.9116100110055,-31.3029079437256,-26.3230876922607,0,9.14087149060355,0.0135532715860995,0,-30.220813384272375,-28.851280050086935,-0.7514281868934631,-32.22468071115814,-24.169469188298493,0.2221728414297104,-2.3425920889878937,2.750033678660908,3.5460110187688563,0.0107756201177835,0.0011788381757849,101.53894507102
0,97.0029949991997,-31.3868560791016,-26.3591976165771,0,9.1361782256633,0.0185660701672418,0,-30.302492689852198,-28.891809453081724,-0.7477575540542603,-32.30554697361343,-24.213526288499317,0.22303710877895355,-2.334073350988357,2.7549894145618388,3.5461369037786263,0.0146298361942172,0.0016013047934344,101.630330059214
0,97.0943390118179,-31.4707431793213,-26.3953456878662,0,9.13244331832962,0.022903433423403,0,-30.38404427986023,-28.93227548340407,-0.7440954446792603,-32.38644944211886,-24.257603114275806,0.22389891743659973,-2.325609870693611,2.7598781287545497,3.5462990284124163,0.0180306024849415,0.0019743397416806,101.721674071832
0,97.1856480966076,-31.5545749664307,-26.4315338134766,0,9.12975731216867,0.0265882735908279,0,-30.465492023493645,-28.972689984988058,-0.7404382228851318,-32.46737703725971,-24.301693629403836,0.22475463151931763,-2.3172023714386363,2.7647018545599447,3.546489763275696,0.02097412571311,0.0022973268678149,101.812983156622
0,97.2769380475799,-31.6383686065674,-26.4677619934082,0,9.12813594835839,0.0297163519313549,0,-30.546830780412133,-29.013050407188548,-0.7368518114089966,-32.54835860242829,-24.345813548177432,0.2256176769733429,-2.308841050567182,2.769467085063884,3.5467167377629965,0.0235172603279352,0.0025763349541664,101.904273107594
0,97.3682228968081,-31.7221393585205,-26.5040302276611,0,9.12758237395647,0.0323695349835004,0,-30.6281201727674,-29.05338633461325,-0.7338171005249023,-32.62936703034255,-24.38994810216035,0.22647948563098907,-2.30052282794182,2.7741835805962984,3.5469608783879965,0.0257114674896002,0.0028168801723175,101.995557956822
0,97.4594909443611,-31.805871963501,-26.5403442382812,0,9.12809197300172,0.0346177524228217,0,-30.70933519682647,-29.09368536036959,-0.730877697467804,-32.71040316493402,-24.434097751138598,0.22733886539936066,-2.292258920577345,2.7788385642956372,3.5472279071965964,0.0276028141379356,0.0030239195355891,102.086826004375
0,97.5507779749394,-31.8896045684814,-26.5767059326172,0,9.12966576234162,0.0365207386701593,0,-30.790531541539977,-29.133975117404578,-0.7279406785964966,-32.791478907060984,-24.478268978870545,0.22820311784744263,-2.2840348008377434,2.783448796369941,3.5475082874456163,0.0292321853339672,0.003201864363237,102.178113034954
0,97.6420840094986,-31.9733371734619,-26.6131153106689,0,9.13230565449811,0.0381294975852608,0,-30.871680451594845,-29.17424133728554,-0.7250036597251892,-32.87261696514745,-24.522474157231454,0.2290661633014679,-2.2758481004188877,2.7880125640046907,3.5478134632268663,0.0306356232613325,0.003354613543951,102.269419069513
0,97.7334318036338,-32.0570945739746,-26.6495723724365,0,9.13600494279933,0.0394875213367147,0,-30.952864208652628,-29.21452484830548,-0.7222375273704529,-32.95378732954894,-24.566696936536367,-4.332314491271973,-2.267692214427623,2.79254470029855,3.5481186390081163,0.0318447314202785,0.0034855972794819,102.360766863648
0,97.8248162130576,-32.1408653259277,-26.6860904693603,0,9.14076452877915,0.0406319244440549,0,-31.034035077320684,-29.25480196408568,-0.7198815941810608,-33.035019621676405,-24.61095345495505,-4.324412822723389,-2.259580831296058,2.7970255526837375,3.5484409809270563,0.0328870825469494,0.0035978125830409,102.452151273072
0,97.9162429538725,-32.2246589660645,-26.7226619720459,0,9.14658530289862,0.04159437107959,0,-31.115188453604528,-29.295070400116654,-0.7175268530845642,-33.1163261427569,-24.65525041437251,-4.315042495727539,-2.2515019215608256,2.80146567689623,3.548784303680966,0.0337866544723511,0.0036938708823459,102.543578013887
0,98.0077445901052,-32.3085060119629,-26.759298324585,0,9.15346147590108,0.0424017869671033,0,-31.19640613562285,-29.335370744756656,-0.7151696681976318,-33.19769367394221,-24.69958061297056,-4.306887149810791,-2.243455314855739,2.8058715667194387,3.5491276264348763,0.0345642305910587,0.0037760425213188,102.635079650119
0,98.0993211375715,-32.392406463623,-26.7959995269775,0,9.16139298069519,0.0430771270489512,0,-31.277688155106382,-29.37570301375053,-0.7128100395202637,-33.279731948772096,-24.742533076796214,-4.300451755523682,-2.236978090776755,2.81024322559651,3.5494709491887764,0.0352377630770206,0.0038462899278178,102.726656197586
0,98.1909768714915,-32.4763641357422,-26.8327674865723,0,9.17038166045068,0.0436399309317452,0,-31.358715656521643,-29.41681522995372,-0.7109399437904358,-33.36187220297133,-24.785437610129186,-4.293263912200928,-2.2306241637946185,2.8153935538710444,3.549814271942686,0.0358227789402008,0.0039063121525889,102.818311931506
0,98.2827230546961,-32.5603904724121,-26.8696041107178,0,9.17952235521944,0.0441178148372163,0,-31.438409426898858,-29.461185877323967,-0.7097570896148682,-33.44410013635236,-24.828387941158,-4.2859787940979,-2.224299040375144,2.8240285974997743,3.5501633167424864,0.0363236740231514,0.0039569874237159,102.91005811471
0,98.3745531418836,-32.6444816589355,-26.9065017700195,0,9.18704136501789,0.0424659159726573,0,-31.518176201215752,-29.505597170682588,-0.7084618806838989,-33.526394834013615,-24.87137314534753,-4.275124549865723,-2.217998955666028,2.832642032773874,3.5505104541936663,0.0351567193865776,0.0038267318509824,103.001888201898
0,98.4664506162511,-32.7286338806152,-26.9434280395508,0,9.19172492355016,0.039020321916122,0,-31.598006399379894,-29.550043776175993,-0.70716792345047,-33.608738025580465,-24.914383679485326,-4.263776779174805,-2.2116971585410483,2.8412610052134584,3.5508537769475663,0.0325333401560783,0.0035393843139393,103.093785676265
0,98.5583480906186,-32.8127861022949,-26.980354309082,0,9.19319009086315,0.0361450112339319,0,-31.677922076010088,-29.594537973028885,-0.705853283405304,-33.691006347983325,-24.95735510701731,-4.253400802612305,-2.205401680304839,2.8498899254185486,3.5511608600774562,0.0302405934780836,0.0032894304856603,103.185683150633
0,98.6502455649861,-32.8969383239746,-27.0172805786133,0,9.19134144513786,0.0337445964533057,0,-31.757852246541667,-29.639040239568835,-0.7044958472251892,-33.773256325102196,-25.000316952209232,-4.241769790649414,-2.1991078894263705,2.858520738356684,3.551460313812806,0.028245085850358,0.0030729894723401,103.277580625
0,98.7421430393535,-32.9810905456543,-27.0542068481445,0,9.18722109523835,0.0317295213749512,0,-31.8378594959682,-29.683585420886835,-0.7031359672546387,-33.85543977006595,-25.04324404548695,-4.235382080078125,-2.192819636883426,2.8671604265828763,3.551727342621396,0.0265226364135742,0.0028868879895556,103.369478099368
0,98.8339874381828,-33.0651931762695,-27.0911140441895,0,9.18229044200357,0.0279539770037691,0,-31.91785943191497,-29.728126530320296,-0.7018651962280273,-33.93753970781629,-25.086127520223958,-4.229413986206055,-2.1865405169777072,2.8757972065054096,3.5519772052922964,0.023476742208004,0.0025567295617619,103.461322498197
0,98.9257997206416,-33.1492691040039,-27.128002166748,0,9.17718587833681,0.0268351928248064,0,-31.997880528868123,-29.772679421446952,-0.7006689310073853,-34.01956768890677,-25.128973409651042,-4.221644401550293,-2.180260442833504,2.884443348806694,3.552206087128236,0.0224356520920992,0.0024447097914734,103.553134780656
0,99.0175321759458,-33.233268737793,-27.1648654937744,0,9.17205107604559,0.0237972033337262,0,-32.077866809339625,-29.817212927999094,-0.6999719142913818,-34.10149268807457,-25.171765508261707,-4.210351467132568,-2.173996407562174,2.893078036989685,3.5524197101751063,0.0199705958366394,0.0021773241834652,103.64486723596
0,99.1092348139995,-33.3172416687012,-27.2017154693604,0,9.16690245423031,0.023315895247257,0,-32.15788198146527,-29.86176252039323,-0.6993273496627808,-34.183344731427425,-25.214519499671162,-4.199068546295166,-2.167736685396292,2.90171762893915,3.552610445038386,0.0194410774856806,0.0021207834050519,103.736569874014
0,99.2008920432354,-33.4011650085449,-27.2385654449463,0,9.16175363761167,0.0229030490182468,0,-32.23785435741587,-29.906288285404337,-0.698681652545929,-34.265154261948936,-25.257251285242475,-4.191983699798584,-2.1615002265649976,2.9103327686935985,3.552801179901666,0.0189970619976521,0.0020735116212952,103.82822710325
0,99.2924718320753,-33.4850196838379,-27.2753791809082,0,9.15660465833568,0.022549239935283,0,-32.317755882638245,-29.950774603258367,-0.6980395317077637,-34.34689288122216,-25.29994603155642,-4.185300350189209,-2.1552636812991732,2.9189459480304345,3.5529919147649562,0.0186239667236805,0.002033931893573,103.91980689209
0,99.384019418769,-33.5688400268555,-27.3121910095215,0,9.15146040008905,0.0201493409438105,0,-32.397645840039104,-29.99525448056219,-0.6971435546875,-34.4285861827401,-25.342617106928984,-4.176949501037598,-2.1490427660546585,2.9275459710934393,3.5531750202337062,0.016720212996006,0.0018270496442537,104.011354478783
0,99.4755139306953,-33.6526107788086,-27.3489837646484,0,9.14631039598086,0.0202174554326281,0,-32.47756509297302,-30.039750668573372,-0.6958898901939392,-34.51017219376451,-25.38523214097807,-4.163259029388428,-2.1428327092633803,2.9361469471160317,3.5533276081243264,0.0166747998446226,0.0018231131883349,104.10284899071
0,99.566941397617,-33.7363166809082,-27.3857574462891,0,9.14116042413233,0.0202707161374413,0,-32.55742317738992,-30.084212800137156,-0.69464111328125,-34.59169693542465,-25.427815172040226,-4.147784233093262,-2.136635984230229,2.9447327874272116,3.5534801960149562,0.0166425704956055,0.0018206145395648,104.194276457631
0,99.6583269560984,-33.8199768066406,-27.4225311279297,0,9.13601047749607,0.0203124344483655,0,-32.63724214463716,-30.12865315265682,-0.6933923363685608,-34.67318272848531,-25.47037785897877,-4.141543865203857,-2.1304606850506973,2.9532960727664226,3.5536327839055764,0.0166196450591087,0.0018191314494262,104.285662016113
0,99.7496741017714,-33.9035949707031,-27.4593048095703,0,9.13086055062623,0.0203451447533991,0,-32.71702507164433,-30.173073439256953,-0.6915319561958313,-34.754632687111375,-25.512921828423586,-4.133046627044678,-2.1243050402536308,2.9618386689392313,3.5537853717962062,0.016603222116828,0.0018183588293161,104.377009161786
0,99.8409514139803,-33.9871368408203,-27.4960784912109,0,9.12571063927503,0.0203708084595778,0,-32.79674435825845,-30.217458293157332,-0.6860864162445068,-34.836018872334286,-25.555432486940298,-4.123687744140625,-2.1181849818461944,2.970343799795197,3.5539379596868264,0.0165912676602602,0.0018180749949054,104.468286473995
0,99.9321892015937,-34.0706405639648,-27.5328407287598,0,9.12108240539144,0.0203891085424033,0,-32.87642666626096,-30.261822558686394,-0.6824597120285034,-34.9173682721401,-25.59792393123411,-4.118322849273682,-2.1120726372781014,2.978840153740796,3.5540905475774562,0.0165838338434696,0.0018181824998808,104.559524261608
0,100.023381317004,-34.1541061401367,-27.5695762634277,0,9.11741454152767,0.0203995138940177,0,-32.956066628237735,-30.3061632474595,-0.6808019876480103,-34.99867545281707,-25.640393323100167,-4.106800556182861,-2.1059544489784616,2.987341124351784,3.5542431354680764,0.0165812131017447,0.0018186264892405,104.650716377019
0,100.114542010099,-34.2375373840332,-27.6063117980957,0,9.11479447214981,0.0183040528239851,0,-33.035676711503186,-30.3504873008324,-0.6791442632675171,-35.079559693245244,-25.683745358815052,-4.088551044464111,-2.0988719071584727,2.9958251394222795,3.5543957233587062,0.0149913169443607,0.0016447202141725,104.741877070113
0,100.205664300992,-34.3209266662598,-27.6430473327637,0,9.11322119937915,0.0186300744718077,0,-33.11525078965933,-30.394791307845324,-0.6784069538116455,-35.16021677515018,-25.72751468812241,-4.064106464385986,-2.0913328763177987,3.0042884721368446,3.5545483112493264,0.0152152189984918,0.0016695729065017,104.832999361006
0,100.296788129829,-34.4043159484863,-27.6797866821289,0,9.11271042784461,0.0188994571721514,0,-33.19482394506776,-30.439094801105256,-0.677978515625,-35.24087317851634,-25.77128364921428,-4.025270938873291,-2.0837974531512975,3.012748280520998,3.554700899139946,0.0154135040938854,0.0016914255167764,104.924123189844
0,100.387919650396,-34.4877052307129,-27.7165451049805,0,9.1132682127051,0.0170226767036533,0,-33.27521067850261,-30.481555630387792,-0.6771532893180847,-35.321534309788085,-25.815055175948885,-3.9525158405303955,-2.0762790957190784,3.0191764182890553,3.5548534870305764,0.0139966709539294,0.0015358536816601,105.01525471041
0,100.479055787605,-34.5710945129395,-27.7533149719238,0,9.11488751957571,0.0154354345503508,0,-33.35594668818393,-30.523356101518353,-0.6766687035560608,-35.402166149404046,-25.858810807289096,-3.8797924518585205,-2.068774055994054,3.0248491029559923,3.554988908783506,0.0127776572480798,0.001401842743465,105.106390847619
0,100.570207425678,-34.6544990539551,-27.7900886535645,0,9.11756093965322,0.0140925720463719,0,-33.436751709152325,-30.56519230273174,-0.6767211556434631,-35.48277172774074,-25.902552187697417,-3.8533008098602295,-2.0612689131013475,3.030529468491529,3.555103349701476,0.0117311384528875,0.0012866516075391,105.197542485692
0,100.661417221979,-34.737964630127,-27.826868057251,0,9.12128637105485,0.0150516864048449,0,-33.51760735252921,-30.607054713322242,-0.6768151521682739,-35.563427112960454,-25.946320596282472,-3.83874249458313,-2.053739775025246,3.036232818408773,3.555217790619446,0.0124246273189783,0.0013621555005554,105.288752281993
0,100.75264163756,-34.8214302062988,-27.8636837005615,0,9.12606769324891,0.0158554288482349,0,-33.59847479919557,-30.648923234978465,-0.6769091486930847,-35.644093828612945,-25.990095153434176,-3.819462776184082,-2.0462427713753084,3.0419038761674018,3.5553322315374163,0.0130302766337991,0.0014278063023413,105.379976697574
0,100.843939243074,-34.9049606323242,-27.9005336761475,0,9.13191513212914,0.0144322112145409,0,-33.67940621148023,-30.69082487435987,-0.6770055890083313,-35.72482357598289,-26.033903915344254,-3.7844555377960205,-2.0387451803256527,3.047574217188421,3.555446672455376,0.0119665982201695,0.0013104133254095,105.471274303088
0,100.935288738701,-34.9885368347168,-27.9374084472656,0,9.13880970660791,0.0153247542280471,0,-33.76038263724997,-30.732749819139833,-0.6770715117454529,-35.80559757006888,-26.077736688153806,-3.749671459197998,-2.031247719233685,3.0532435405756795,3.5555611133733462,0.0126421460881829,0.0013833451750867,105.562623798716
0,101.026709836315,-35.0721702575684,-27.9743309020996,0,9.14675826294676,0.0160728246778629,0,-33.841421594153886,-30.77470713895145,-0.6766015291213989,-35.88643317335282,-26.121602893778057,-3.739488363265991,-2.023765097248406,3.0588967521675436,3.5556755542913163,0.0132309840992093,0.0014465194434511,105.654044896329
0,101.118219580979,-35.155876159668,-28.0113086700439,0,9.15575984114184,0.0166993189938302,0,-33.92246023129163,-30.816664293206497,-0.6760180592536926,-35.96739629542771,-26.165538298681803,-3.7458579540252686,-2.016291941793558,3.0645285159029836,3.5558186054387764,0.0137437013909221,0.0015010964430165,105.745554640993
0,101.209819153517,-35.2396583557129,-28.0483360290527,0,9.16467668433489,0.0172288399854789,0,-34.003551290263296,-30.858648588477852,-0.6754297018051147,-36.04845362977505,-26.209524828767368,-3.758826732635498,-2.0088246378517085,3.0701494033543675,3.5559711933294063,0.0141856065019965,0.001547853996824,105.837154213532
0,101.301498089662,-35.3235054016113,-28.085412979126,0,9.17169105592279,0.0176854351614848,0,-34.0847114124058,-30.900668640694473,-0.6748461723327637,-36.12957891909482,-26.253548235262247,-3.7750182151794434,-2.001370269440233,3.0757560026252087,3.5561237812200264,0.0145594477653503,0.0015874303450899,105.928833149676
0,101.393249046505,-35.407413482666,-28.1225299835205,0,9.17577677855907,0.0180852945644461,0,-34.16593407795794,-30.942721074298273,-0.6741918921470642,-36.210765700787725,-26.297605011175737,-3.7798802852630615,-1.993922250502419,3.081355042966746,3.5562763691106563,0.0148713095113635,0.0016207108111409,106.020584106519
0,101.485028622183,-35.4913368225098,-28.1596832275391,0,9.17662675574356,0.0184380338402477,0,-34.24718064511082,-30.984785882778848,-0.6733874082565308,-36.29197567477695,-26.34167437260845,-3.784738779067993,-1.986499123676102,3.086928830796512,3.5564289570012764,0.0151294628158212,0.0016486921261474,106.112363682197
0,101.57680896999,-35.5752601623535,-28.1968383789062,0,9.1741706430564,0.0166505321315715,0,-34.32842638298926,-31.026850261908727,-0.6725207567214966,-36.373184329131426,-26.38574301792887,-3.789604425430298,-1.9790779121807838,3.0925008862244865,3.5565815448919063,0.0137497019022703,0.0014987381193988,106.204144030004
0,101.668526535601,-35.6591148376465,-28.2339935302734,0,9.16971968704213,0.0172479812884401,0,-34.40961470113099,-31.068884912395145,-0.6716516017913818,-36.45433557498243,-26.429780509981228,-3.793081045150757,-1.9716897939789866,3.09804127467347,3.5567341327825264,0.0141467768698931,0.0015427681899504,106.295861595615
0,101.760209225858,-35.7429313659668,-28.2711486816406,0,9.16470715672464,0.0177522538179869,0,-34.49077045795587,-31.11090270450089,-0.6707812547683716,-36.535454050927314,-26.47380021913371,-3.783902406692505,-1.9643201627669826,3.103564056033314,3.5568867206731563,0.0144917713478208,0.0015812555614789,106.387544285872
0,101.851843883622,-35.8267021179199,-28.3082885742187,0,9.15958222229481,0.0181768274971584,0,-34.57188197021183,-31.152897589308722,-0.6695995926856995,-36.616528177665714,-26.517795861769308,-3.7738561630249023,-1.9569592121421386,3.1090792932676288,3.5570393085637764,0.0147912325337529,0.0016148338483481,106.479178943636
0,101.94339951871,-35.9103965759277,-28.3454055786133,0,9.15443165401305,0.0185343289562933,0,-34.65292165859863,-31.194855287840184,-0.668353259563446,-36.69753062100787,-26.5617526047311,-3.763867139816284,-1.949614817383958,3.1145797169321146,3.5571918964544063,0.015050251968205,0.0016440366470248,106.570734578725
0,102.034913309777,-35.9940452575684,-28.3825225830078,0,9.14928118701329,0.0188355342594508,0,-34.73392259377402,-31.236792922183422,-0.6671240329742432,-36.779346080237545,-26.603758570681055,-3.7541344165802,-1.9444019115485272,3.120059021381805,3.5573444843450264,0.015273479744792,0.0016693603646707,106.662248369792
0,102.12638526059,-36.0776481628418,-28.4196395874023,0,9.14413080824542,0.0190894435297237,0,-34.81488478434922,-31.27871049679683,-0.6660815477371216,-36.86125523203279,-26.645444822113557,-3.751553773880005,-1.939537858373504,3.1255172076006956,3.5574970722356563,0.0154652185738087,0.0016912689897372,106.753720320604
0,102.217801430264,-36.161190032959,-28.4567565917969,0,9.13898050593259,0.0193035707462338,0,-34.89579582095082,-31.320601586819222,-0.664715588092804,-36.9431132291373,-26.687105039247662,-3.752065420150757,-1.9347016571455207,3.1309472476070557,3.5576496601262764,0.0156294014304876,0.0017101870996725,106.845136490278
0,102.309165311222,-36.2446746826172,-28.4938735961914,0,9.13383026958337,0.01948420732539,0,-34.976658819309456,-31.36246780539706,-0.6627038717269897,-37.02492319705064,-26.728740812752502,-3.7503552436828613,-1.92989157401299,3.136350899801924,3.5578022480169063,0.0157695692032576,0.0017264973026859,106.936500371236
0,102.400487365466,-36.3281135559082,-28.5309906005859,0,9.12868008998126,0.0196366146847568,0,-35.05748310223927,-31.40431397934833,-0.6606945395469666,-37.10669448810837,-26.770356902338122,-3.7387988567352295,-1.9251024095853493,3.141733436931543,3.5579548359075264,0.0158888958394527,0.0017405428739423,107.02782242548
0,102.491751706227,-36.4115028381348,-28.5680770874023,0,9.12352995907842,0.0197652055452427,0,-35.13825458970056,-31.44613281883674,-0.6586816310882568,-37.18841297738313,-26.811946119366123,-3.7228612899780273,-1.920308657836688,3.147120254356909,3.5581074237981563,0.0159901864826679,0.0017526274403958,107.119086766242
0,102.582950209491,-36.4948234558105,-28.6051559448242,0,9.11837986989657,0.0198736821680508,0,-35.21896600366634,-31.48792055571772,-0.6567126512527466,-37.27007136354566,-26.85350474795079,-3.718719482421875,-1.9155394107028447,3.1524822029651265,3.5582600116887764,0.016075911000371,0.0017630185457457,107.210285269506
0,102.674108459686,-36.5780906677246,-28.6422557830811,0,9.11318203251285,0.0239635546098315,0,-35.299570410949954,-31.529652890681437,-0.6539697051048279,-37.351734734506614,-26.895065913462723,-3.714573860168457,-1.9108107134313683,3.1577960833407053,3.558437395111626,0.0191785674542189,0.0021044791029952,107.301443519701
0,102.765216052621,-36.6612854003906,-28.6793937683105,0,9.10793968765278,0.0294821153771429,0,-35.379183186702754,-31.573225243013535,-0.6513208150863647,-37.433409661726515,-26.93663296033352,-3.715796947479248,-1.9061456158342467,3.165129806236264,3.5586491108098763,0.0234167128801346,0.0025710084831897,107.392551112635
0,102.856272714382,-36.7443962097168,-28.7165946960449,0,9.10258786897499,0.0379204183406733,0,-35.458491919146155,-31.616931336396664,-0.6486718654632568,-37.51512775468601,-26.9782219756637,-3.7080650329589844,-1.9015695699542967,3.172617605680669,3.5589142322698364,0.0299259033054113,0.0032875973363167,107.483607774397
0,102.947279743917,-36.8274192810059,-28.753870010376,0,9.09723582374583,0.0452203415771771,0,-35.537582561749865,-31.660517243078957,-0.6460290551185608,-37.596902370498334,-27.019839757325876,-3.6988279819488525,-1.897093867869458,3.1799806442368364,3.5592403888860464,0.0356548614799976,0.0039192587383079,107.574614803931
0,103.038221091523,-36.9103317260742,-28.7912311553955,0,9.09175396498664,0.055087486818378,0,-35.61642370241536,-31.70396565222883,-0.6432751417160034,-37.67872800950497,-27.06148350636363,-3.6926257610321045,-1.8927386976869032,3.1871962949795907,3.5596333027044063,0.0433759391307831,0.0047708223414733,107.665556151537
0,103.129114882868,-36.9931411743164,-28.8287048339844,0,9.08610689398188,0.0670460347908952,0,-35.69497098121906,-31.747252117623226,-0.640289306640625,-37.760655286724116,-27.103178982418306,-3.6864147186279297,-1.8885225381678392,3.1942392047374852,3.5601139545598763,0.0527518391609192,0.0058056111039215,107.756449942883
0,103.219946514178,-37.0758209228516,-28.8663139343262,0,9.08027346553419,0.0807162955689481,0,-35.773177535586356,-31.790350813858087,-0.6372509598731995,-37.842689180612076,-27.144928719189473,-3.6801939010620117,-1.884477111469362,3.2010734866991783,3.5606937885442465,0.0635064989328384,0.0069936208697513,107.847281574192
0,103.310723174852,-37.1583671569824,-28.9040832519531,0,9.0742319513656,0.0957918207715074,0,-35.8510100766671,-31.833243395846438,-3.909456729888916,-37.92485719827198,-27.186746715943283,-3.675628662109375,-1.8806253644227762,3.20767231556214,3.561386156097956,0.0754120573401451,0.0083101089077648,107.938058234867
0,103.401438629376,-37.2407646179199,-28.9420299530029,0,9.06796881463717,0.112022868018262,0,-35.928428669975794,-31.87590785617122,-3.8904223442077637,-38.00717153122257,-27.228639177343137,-3.668787717819214,-1.8769889469237935,3.2140107639778823,3.562202501312806,0.0882791876792908,0.0097345341554161,108.028773689391
0,103.492096936906,-37.3230056762695,-28.9801788330078,0,9.06147591483788,0.129204055458838,0,-36.005407616625085,-31.918330032483137,-3.871497631072998,-38.08965022781787,-27.270615288787823,-3.6619298458099365,-1.8735931735957942,3.220061663657562,3.563152360931946,0.10194955766201,0.011249734217813,108.11943199692
0,103.58269406743,-37.4050788879395,-29.0185432434082,0,9.05474382953272,0.147165102869594,0,-36.08192492962631,-31.96049780801585,-3.853494882583618,-38.17229780923461,-27.312677351252333,-3.654543399810791,-1.8704553764294816,3.225807349736755,3.5642414570012764,0.116290092468262,0.0128413059991211,108.210029127444
0,103.673218229462,-37.4869613647461,-29.0571422576904,0,9.04777135310442,0.165763920820523,0,-36.15795169562744,-32.00239524896706,-3.8359227180480957,-38.255111777305615,-27.354824093337527,-3.647135019302368,-1.8676033275299901,3.231219875408514,3.565475511566706,0.131188362836838,0.0144970895105718,108.300553289476
0,103.76368119103,-37.5686569213867,-29.0959930419922,0,9.04054541919432,0.184880871290572,0,-36.233479938722354,-32.04401795991034,-3.8085925579071045,-38.338110907084946,-27.39706507028366,-3.640312433242798,-1.8650511223986925,3.2362862190639006,3.566860246674126,0.146549001336098,0.0162068061164471,108.391016251044
0,103.854067488896,-37.6501426696777,-29.1351051330566,0,9.03306678718586,0.204415011918227,0,-36.30847779018693,-32.0853483783732,-3.786526918411255,-38.42128972248484,-27.439397495130223,-3.6325035095214844,-1.8628183406803263,3.2409874815239856,3.568401384369446,0.162290617823601,0.0179616826768509,108.48140254891
0,103.944389219635,-37.7314224243164,-29.1744956970215,0,9.02532996321973,0.224280290522531,0,-36.38294323951793,-32.126385396391356,-3.7639243602752686,-38.50466439303588,-27.481829597081187,-3.624837636947632,-1.860919575929149,3.2453118354143746,3.5701027393499163,0.178343594074249,0.0197542421481861,108.571724279649
0,104.03463465548,-37.8124732971191,-29.2141819000244,0,9.01733363249546,0.244403213902997,0,-36.456858738701065,-32.16711934346414,-3.7410728931427,-38.5882266185522,-27.524357151899977,-3.617698907852173,-1.8593818583304118,3.2492353524888475,3.571966218964166,0.194648087024689,0.0215780671968801,108.661969715494
0,104.124806092158,-37.8932914733887,-29.2541732788086,0,9.00907298152769,0.264720585701698,0,-36.530225058447115,-32.20755064432102,-3.7146313190460205,-38.67055256017005,-27.570069499542647,-3.609783887863159,-1.8548154453644152,3.25275082271341,3.573991823212216,0.211152285337448,0.0234276256444577,108.752141152172
0,104.214895724708,-37.9738578796387,-29.2944869995117,0,9.00054919142283,0.285177908927275,0,-36.603023142641206,-32.247668797365144,-3.6818225383758545,-38.75214367553258,-27.61783015392004,-3.601732015609741,-1.8484877489341256,3.2558363913642654,3.5761833667913163,0.227811336517334,0.0252981309179268,108.842230784722
0,104.30490537839,-38.0541687011719,-29.3351306915283,0,8.99175986438713,0.305727814225477,0,-36.67524848810809,-32.28747132095051,-3.6516501903533936,-38.83389908116827,-27.665686978216403,-3.5938377380371094,-1.8425584868345126,3.2584867877794266,3.5785427570501063,0.244586229324341,0.0271854428114843,108.932240438405
0,104.394836212,-38.1342163085937,-29.3761177062988,0,8.98270184902647,0.326329028347745,0,-36.74690703607199,-32.3269614892147,-3.623983144760132,-38.91581452260177,-27.71363748200708,-3.585256338119507,-1.8370455259197178,3.2606910385374084,3.581068086639946,0.2614426612854,0.029085938115865,109.022171272014
0,104.484682833748,-38.2139854431152,-29.4174613952637,0,8.97337598706613,0.346945325689566,0,-36.81797735259476,-32.366127490170896,-3.596539258956909,-38.997892419245225,-27.761683081533366,-3.576029062271118,-1.831969424265861,3.2624331913548477,3.5837650776067465,0.278350740671158,0.030996463498337,109.112017893762
0,104.574444787729,-38.2934761047363,-29.459156036377,0,8.96469332577974,0.363248716008454,0,-36.8885144229446,-32.4049996255424,-3.556230306625366,-39.080101225447365,-27.809805311047597,-3.5673632621765137,-1.8273305381562257,3.2637266704075962,3.586614656464166,0.292021512985229,0.0325479151723513,109.201779847744
0,104.664127672239,-38.3727073669434,-29.5011730194092,0,8.95679472021284,0.375344265883181,0,-36.95861274123674,-32.44362996990533,-3.5078868865966797,-39.162398289493346,-27.857979203691535,-3.5591979026794434,-1.8231011132601957,3.264615829768557,3.5895863056340964,0.302461206912994,0.0337392992091699,109.291462732254
0,104.753741789887,-38.4517021179199,-29.5434875488281,0,8.94965657716144,0.383368162191881,0,-37.028382143905354,-32.48207905280419,-3.4597692489624023,-39.244739801150054,-27.90617911444988,-3.551340341567993,-1.8192547035280975,3.265143147806726,3.5926456928411263,0.309715569019318,0.034574712863333,109.381076849902
0,104.843285792007,-38.5304756164551,-29.5860652923584,0,8.94320884111434,0.387504222947135,0,-37.0979116899771,-32.52039595360281,-3.3990979194641113,-39.327078759315874,-27.954377530481803,-3.542991876602173,-1.8157592129667182,3.265353860298315,3.595762300507136,0.313879042863846,0.0350640153986078,109.470620852021
0,104.932772823724,-38.6090507507324,-29.6288890838623,0,8.93736342590094,0.387979759270587,0,-37.166974517713705,-32.55933174504799,-3.334031820297241,-39.40937480384882,-28.002550826337608,-3.5341246128082275,-1.812593368046223,3.266049303414519,3.5989017963567465,0.315090119838715,0.0352222045789216,109.560107883738
0,105.022205073669,-38.6874465942383,-29.6719264984131,0,8.93203078313094,0.385055093689395,0,-37.23521924179216,-32.599773043008646,-3.2685179710388184,-39.491593883242224,-28.050679069427403,-3.5253186225891113,-1.809722655106326,3.2682181187755535,3.602039384857726,0.313522070646286,0.035068301360099,109.649540133683
0,105.111581048155,-38.7656784057617,-29.715145111084,0,8.92711571765615,0.379011138920451,0,-37.303460035252506,-32.640212011715285,-3.186594247817993,-39.573704837379005,-28.098744019682087,-3.5152525901794434,-1.8071135001646934,3.2701833184430615,3.6051540851751063,0.309373021125793,0.0346242370740188,109.73891610817
0,105.200908417284,-38.8437690734863,-29.7585182189941,0,8.9225360840748,0.370138487723547,0,-37.37178673177608,-32.68070188591568,-3.122316837310791,-39.65567252362365,-28.146725105802187,-3.5051305294036865,-1.8047338452186845,3.2719855436003904,3.6082172870794063,0.30285632610321,0.0339136842530183,109.828243477298
0,105.290182764033,-38.9217300415039,-29.8020153045654,0,8.91820991858451,0.35872640657698,0,-37.44027320479838,-32.72128644243884,-3.074540853500366,-39.7374543024578,-28.194597368068866,-3.495849609375,-1.8025533258352069,3.273661304326151,3.611202287689756,0.294191747903824,0.0329611033859128,109.917517824047
0,105.379415595633,-38.9995880126953,-29.8456115722656,0,8.91406221718002,0.345058229644757,0,-37.50897469867147,-32.76199841866238,-3.0266199111938477,-39.81903916003686,-28.242354359353378,-3.4873571395874023,-1.8005371069862643,3.2752465998427116,3.6140938282170962,0.283600807189941,0.0317911814234485,110.006750655648
0,105.468603087583,-39.0773544311523,-29.8892784118652,0,8.91001989882802,0.329489947825334,0,-37.57795447341089,-32.80287530198436,-3.044306516647339,-39.90039067176657,-28.289974757941348,-3.4792661666870117,-1.7986552840437922,3.276773881638307,3.6168690204778464,0.27136555314064,0.0304354199265201,110.095938147597
0,105.557741723188,-39.1550369262695,-29.9329948425293,0,8.90601937261586,0.312382437598961,0,-37.64724332602771,-32.8439353424764,-3.084429979324341,-39.981490077145956,-28.337447582075765,-3.4704551696777344,-1.7968850466667037,3.2782641954489216,3.619516420380186,0.257777094841003,0.0289263542443314,110.185076783203
0,105.646839252668,-39.2326507568359,-29.976749420166,0,8.90201368409473,0.294023125600347,0,-37.71688689397226,-32.8852055845401,-3.1100780963897705,-40.06232510468895,-28.384765648447495,-3.4617247581481934,-1.795208024965482,3.2797343410784086,3.6220226764837062,0.243075102567673,0.0272907494629279,110.274174312682
0,105.735896908692,-39.3102188110352,-30.0205039978027,0,8.89796035442612,0.274641356898107,0,-37.78691506382238,-32.92670373873137,-3.134894847869873,-40.142884378400886,-28.431922297937493,-3.4526660442352295,-1.7935784800847292,3.2812270937023693,3.624378252045226,0.227457508444786,0.025550713721303,110.363231968706
0,105.824893055521,-39.3877334594727,-30.0642280578613,0,8.89382736887629,0.254422325647743,0,-37.85733722438784,-32.96843536878657,-3.1589441299438477,-40.223135913814524,-28.478898807930218,-3.442704916000366,-1.791972681546064,3.282762973654009,3.6265736103215964,0.211088985204697,0.0237246191424369,110.452228115535
0,105.913855724381,-39.4652290344238,-30.1079177856445,0,8.88958789071672,0.233516055144488,0,-37.92819998215008,-33.0104280933477,-3.1664769649505615,-40.303093358058284,-28.52570316698889,-3.433270215988159,-1.7903686001231662,3.284360576102563,3.628601121918276,0.194106981158257,0.0218277886459551,110.541190784395
0,106.002739513683,-39.542667388916,-30.1515483856201,0,8.88522267304059,0.212045131055425,0,-37.999470103645066,-33.05266221851989,-3.173990488052368,-40.38271530621904,-28.57231113809044,-3.4220213890075684,-1.7887623619000441,3.286018766335656,3.630458879486626,0.176626697182655,0.0198730440038311,110.630074573697
0,106.091587747361,-39.6201057434082,-30.1951065063477,0,8.88071112398053,0.19011013545284,0,-38.071207698561956,-33.095173364842054,-3.180353879928589,-40.462028823880765,-28.61873856450403,-3.411738157272339,-1.7871122968366726,3.287776290605224,3.632139253632136,0.158744767308235,0.017871137135378,110.718922807376
0,106.180390199306,-39.6975440979004,-30.2385711669922,0,8.87604245954231,0.167794393190555,0,-38.143415431254844,-33.13796311118991,-3.182786703109741,-40.54102002565845,-28.664977318199153,-3.4016637802124023,-1.785398902673188,3.2896488503437658,3.6336384296575264,0.14054262638092,0.015831100516196,110.807725259321
0,106.2691460123,-39.7749824523926,-30.2819404602051,0,8.87124286183043,0.148354877533412,0,-38.21606594023091,-33.18101524335352,-3.183511972427368,-40.61970337134159,-28.711035863443097,-3.3922460079193115,-1.783618424169817,3.2916341367438493,3.634965944305966,0.124505363404751,0.0140327527083166,110.896481072315
0,106.35785991693,-39.8524208068848,-30.3252239227295,0,8.86637611094593,0.131585577211444,0,-38.28910953661174,-33.224300316086165,-3.1808104515075684,-40.698112672374236,-28.756933992301285,-3.370572328567505,-1.7817766518948257,3.2937191838832685,3.6361408710637764,0.110532954335213,0.0124651585142244,110.985194976944
0,106.44653290567,-39.929859161377,-30.3684234619141,0,8.86145393690338,0.11534140737237,0,-38.36249340388141,-33.267787030727234,-3.1779844760894775,-40.77627856444046,-28.802689637857636,-3.3306334018707275,-1.7798730892051775,3.2958981358547117,3.6371822834172964,0.0970365926623344,0.0109494869020774,111.073867965685
0,106.535116359731,-40.0072364807129,-30.411548614502,0,8.85648366614958,0.10322696684836,0,-38.43614325971409,-33.31143136814246,-3.1742565631866455,-40.85417668901241,-28.84828854146125,-3.281097412109375,-1.7779453794753626,3.298128847381461,3.6381016254583063,0.0867443084716797,0.0097937759702011,111.162451419745
0,106.623661422247,-40.0845985412598,-30.4546222686768,0,8.85149701791703,0.0928531302884575,0,-38.51002243247162,-33.355211597001464,-3.1705162525177,-40.931895636791964,-28.893782561085576,-3.2492406368255615,-1.7759878830923082,3.300410334179289,3.6389275074163163,0.077888198196888,0.008798953769606,111.250996482262
0,106.712168109162,-40.1619453430176,-30.4976444244385,0,8.84649274336668,0.0839859603960814,0,-38.584104251533844,-33.399111912500125,-3.165057420730591,-41.00945042454903,-28.93918048703522,-3.2364964485168457,-1.7739996356843304,3.3027406943708546,3.639669466034486,0.0702890455722809,0.0079450557680487,111.339503169176
0,106.800601987079,-40.2392311096191,-30.5406265258789,0,8.84146853756738,0.0764186282778343,0,-38.65832667485636,-33.44309554900069,-3.1591796875,-41.086828950279106,-28.98447523520976,-3.2294957637786865,-1.7720126802432123,3.305084758676249,3.6403389454045962,0.0637839809060097,0.0072139145524715,111.427937047093
0,106.889013625057,-40.3165168762207,-30.5835628509521,0,8.83642555680056,0.0679858115508875,0,-38.732717594154934,-33.48717903491913,-3.129617929458618,-41.16408423112892,-29.02969784003752,-3.2231664657592773,-1.769990647786216,3.307477454143461,3.6409416675725663,0.0567249022424221,0.0064192498475329,111.516348685071
0,106.977342452675,-40.3937301635742,-30.6264591217041,0,8.83135209571273,0.062802036170804,0,-38.80719777868577,-33.53131541872682,-3.099876642227173,-41.24117856596389,-29.07482623256099,-3.217193603515625,-1.7679743825585945,3.3098753926171156,3.641487169281556,0.0521935075521469,0.0059098751044481,111.604677512689
0,107.065645344473,-40.4709243774414,-30.6693363189697,0,8.82627054298938,0.0583929596713776,0,-38.88177307015419,-33.575508162173335,-3.0766589641571045,-41.31850348618996,-29.119319948950434,-3.219647169113159,-1.766618547653883,3.3122857152851797,3.6419907093206163,0.0483401790261269,0.005476732321432,111.692980404487
0,107.153877282623,-40.5480575561523,-30.7121772766113,0,8.8211827433833,0.0546461713231802,0,-38.95840382811646,-33.61605664598225,-3.067092180252075,-41.39736984249844,-29.16070705201015,-3.222818613052368,-1.7687258740580614,3.310515725218121,3.642456102387026,0.045066736638546,0.0051088242043823,111.781212342637
0,107.242067352448,-40.6251449584961,-30.7550144195557,0,8.81609009745447,0.0514646386302089,0,-39.03662384508607,-33.65381804200578,-3.057359457015991,-41.47615589089149,-29.202052011472414,-3.223289728164673,-1.7708506001287367,3.305519893946966,3.642892885223936,0.0422882437705994,0.0047966301144745,111.869402412462
0,107.330213145398,-40.7022018432617,-30.797815322876,0,8.81099367191138,0.0487648141593224,0,-39.11486472094683,-33.69158950784111,-3.0686450004577637,-41.55487450213048,-29.243361581592815,-3.2189781665802,-1.7729571616290272,3.3005405880627072,3.643310594574526,0.0399314239621162,0.0045319306641485,111.957548205413
0,107.418292250117,-40.779182434082,-30.8406162261963,0,8.80589428174079,0.0464750395768882,0,-39.19315673909493,-33.729385663062104,-3.092824697494507,-41.63347847214599,-29.284610990849274,-3.1978600025177,-1.77509831082089,3.295522168720641,3.6436920643010864,0.0379333607852459,0.0043076638531649,112.045627310131
0,107.506327819253,-40.8561248779297,-30.8833961486816,0,8.80079255286774,0.044533893394013,0,-39.271412948861766,-33.76716453147445,-3.108873128890991,-41.71204533160735,-29.32584092540954,-3.1944823265075684,-1.7772388968751023,3.2905063415416627,3.644073534027646,0.0362401083111763,0.0041177705444746,112.133662879267
0,107.594318372664,-40.9330253601074,-30.9261589050293,0,8.79568896807391,0.042888900524989,0,-39.34973936656583,-33.804977293381384,-3.113316535949707,-41.79051663743036,-29.367020715796002,-3.1953210830688477,-1.7793828097996913,3.2854816770846575,3.644418764130186,0.034805566072464,0.003957069471969,112.221653432679
0,107.682245588955,-41.0098533630371,-30.968921661377,0,8.79058390306858,0.0414950291852449,0,-39.428017292552546,-33.842766645488446,-3.1157383918762207,-41.86893000926689,-29.408170103866684,-3.1961584091186523,-1.781560582289666,3.280425330134576,3.6447620868840964,0.033590242266655,0.0038211190988248,112.309580648969
0,107.770132810133,-41.0866355895996,-31.0116844177246,0,8.78547765207855,0.0403136633438736,0,-39.50626218955739,-33.88054005256619,-3.1181602478027344,-41.94730919478007,-29.449301551804787,-3.1982555389404297,-1.7837598701546533,3.275349254220583,3.6451054096379965,0.0325603000819683,0.0037061112194048,112.397467870147
0,107.857964811715,-41.1633758544922,-31.0544090270996,0,8.7803704455935,0.0393120324856799,0,-39.58455611179103,-33.9183371270011,-3.120582103729248,-42.02558957215888,-29.490381147690492,-3.1944165229797363,-1.7859439247920241,3.2702837707679784,3.645416307465146,0.0316870287060738,0.0036088125563567,112.48529987173
0,107.945740158583,-41.2400512695313,-31.0971336364746,0,8.77525865004191,0.0384624753574852,0,-39.66281851414408,-33.9561189849385,-3.117283821105957,-42.103811799904584,-29.531430228094422,-3.1754515171051025,-1.7881581073395159,3.2651891809507174,3.645721483246396,0.0309462081640959,0.0035264955878256,112.573075218597
0,108.033465525421,-41.3166694641113,-31.1398582458496,0,8.77014717714308,0.0377416552228324,0,-39.741038541527885,-33.99388038598958,-3.1134984493255615,-42.18199085786697,-29.572456654069327,-3.156404972076416,-1.790399079648609,3.2600698122295237,3.646026659027646,0.030317384749651,0.0034568523663882,112.660800585436
0,108.12115091461,-41.3932418823242,-31.1825828552246,0,8.76503328010223,0.0371298429117273,0,-39.819225248982555,-34.031625701554,-3.109647035598755,-42.260135639638676,-29.61346509275152,-3.137209415435791,-1.7926615238185177,3.2549306447690847,3.646331834808896,0.0297833010554314,0.0033979373356932,112.748485974624
0,108.208791141519,-41.4697647094727,-31.2253036499023,0,8.75992181891689,0.0366103773317611,0,-39.89737397718382,-34.06935268230229,-3.1034178733825684,-42.33824157101871,-29.654453143714044,-3.118023633956909,-1.7949438352864193,3.249773455747841,3.646637010590146,0.0293293632566929,0.0033481014699052,112.836126201534
0,108.296351348043,-41.5462150573731,-31.2679901123047,0,8.75480523815936,0.0361691397775158,0,-39.975453352290565,-34.107046182238776,-3.0973241329193115,-42.416277844756145,-29.695404640077516,-3.1000022888183594,-1.7972296240182444,3.2446158019684384,3.646942186371396,0.0289432499557734,0.0033059562342588,112.923686408058
0,108.383868259081,-41.622615814209,-31.310676574707,0,8.74968645894986,0.0357941907400326,0,-40.0534964350199,-34.144722161713254,-3.091776132583618,-42.49427692793997,-29.73633661976307,-3.0828185081481934,-1.7995386605804211,3.239436681797686,3.647247362152646,0.0286145377904177,0.0032703227124294,113.011203319095
0,108.471345210987,-41.6989707946777,-31.3533630371094,0,8.74456648398393,0.0354754261250493,0,-40.13161197100166,-34.18243311862782,-3.0862207412719727,-42.57218395892369,-29.777220292742552,-3.065653085708618,-1.8018676923772043,3.2342311618525,3.6475162983098763,0.0283344201743603,0.0032402048820056,113.098680271001
0,108.558768892926,-41.7752647399902,-31.3960494995117,0,8.73944916809797,0.0352043108250308,0,-40.209687438455,-34.22012473211051,-3.080670118331909,-42.650041771141034,-29.818078136937093,-3.0484983921051025,-1.804225173124085,3.2289987931958524,3.647783327118466,0.0280954483896494,0.003214758723039,113.18610395294
0,108.646135986656,-41.8514938354492,-31.4387359619141,0,8.73429172383736,0.0370327701222448,0,-40.28764771999396,-34.257760738587514,-3.075126886367798,-42.72788709476653,-29.858929427429118,-3.0340356826782227,-1.8066139132029044,3.2237424469586604,3.6480732441106563,0.0294488333165646,0.0033716035083933,113.273471046671
0,108.733457167741,-41.9276542663574,-31.4814510345459,0,8.7290598440768,0.042472162422079,0,-40.365497140494675,-34.295343225930516,-3.066359758377075,-42.80573250107564,-29.899780761311444,-3.0309667587280273,-1.8090611486402142,3.21843504682307,3.6483879566350663,0.0335587188601494,0.0038444371135159,113.360792227756
0,108.820722694411,-42.0037155151367,-31.5242290496826,0,8.723696486638,0.0508228412643732,0,-40.443155212914036,-34.33283333831686,-3.0567052364349365,-42.88360912782195,-29.940648478903032,-3.023905038833618,-1.811612594843291,3.2130369601061304,3.648752260223936,0.0399274863302708,0.0045768223174097,113.448057754425
0,108.90793354136,-42.0796699523926,-31.5670852661133,0,8.7182596749533,0.0599519305285802,0,-40.52056272126765,-34.370202488713126,-3.0470824241638184,-42.96155179156811,-29.981550851070367,-3.012171506881714,-1.8142863499329756,3.207535116219598,3.649187135712216,0.0469577796757221,0.0053860140907478,113.535268601374
0,108.995090254878,-42.1555061340332,-31.6100406646729,0,8.71266377534098,0.0712954741966743,0,-40.597704499667195,-34.40744335565434,-3.0356531143188477,-43.039570529991664,-30.022493145337066,-3.001614809036255,-1.817106761406925,3.201906892391405,3.6496983051458063,0.0557249523699284,0.0063956429630286,113.622425314892
0,109.082197759379,-42.2312164306641,-31.6531181335449,0,8.70688205267868,0.0844510624879258,0,-40.674525436480195,-34.44452933351883,-3.0242466926574707,-43.11770391073248,-30.063495601041694,-2.990084171295166,-1.8200988566997942,3.196132559627832,3.650306749359676,0.0659326389431953,0.0075721179384654,113.709532819393
0,109.169241719359,-42.3067741394043,-31.6963348388672,0,8.70089464720176,0.0990952352034706,0,-40.75098636641893,-34.48144151492204,-3.0102269649505615,-43.19595515253037,-30.10455990729888,-2.978109121322632,-1.823291064770854,3.190187265910263,3.651022005096986,0.0773385241627693,0.008887995079482,113.796576779373
0,109.256227376832,-42.3821716308594,-31.7397136688232,0,8.69469265965117,0.114965387842237,0,-40.82654911740613,-34.519093170470704,-2.989697217941284,-43.27419124022424,-30.145971616432465,-2.967144727706909,-1.8263933620800383,3.1851078189821154,3.651853609100886,0.0897428467869759,0.0103206641430983,113.883562436846
0,109.343154941833,-42.4573974609375,-31.7832736968994,0,8.68826014468929,0.131846107057507,0,-40.89934125414701,-34.56072084647857,-2.9690942764282227,-43.352085576532495,-30.188370415752352,-2.9540295600891113,-1.8287108301753292,3.1846117207948303,3.652816820160456,0.102979816496372,0.0118513901960193,113.970490001847
0,109.430015338897,-42.5324325561523,-31.8270282745361,0,8.6815932061134,0.149559464871831,0,-40.971703637409085,-34.60210275914743,-2.957890510559082,-43.43013631851976,-30.23085434851469,-2.94176983833313,-1.8312955105824105,3.1838519364037943,3.6539135456243264,0.116910934448242,0.0134645320676959,114.057350398911
0,109.516814775666,-42.6072731018066,-31.8709945678711,0,8.67468567042508,0.167957260921064,0,-41.04361537278607,-34.6432269595826,-2.9553112983703613,-43.50836500149187,-30.273435136638593,-2.9269261360168457,-1.834165409116185,3.1828128954087265,3.6551533222356563,0.131419986486435,0.0151469880482826,114.14414983568
0,109.603547833326,-42.6819038391113,-31.9151859283447,0,8.66753476424953,0.186915241876933,0,-41.11506666350702,-34.684087845299736,-2.9431774616241455,-43.58677082665311,-30.316112345330204,-2.9120495319366455,-1.8373406295615986,3.1814771035751384,3.6565380573430764,0.146408811211586,0.0168877060736477,114.230882893341
0,109.690211251251,-42.7563095092773,-31.9596195220947,0,8.66013247663186,0.206328525807763,0,-41.18603386850551,-34.724671896670245,-2.9302759170532227,-43.66536424740754,-30.35889166449975,-2.9059898853302,-1.8408449665839746,3.179823929425512,3.6580753803411263,0.161794200539589,0.0186773470795686,114.317546311265
0,109.776803637148,-42.8304824829102,-32.0043029785156,0,8.65247694434365,0.226108277620637,0,-41.25650592428046,-34.76497278680417,-2.9174609184265137,-43.744151682298906,-30.40177658783575,-2.9002087116241455,-1.8446902826049072,3.1778451814888644,3.6597691059270563,0.177505284547806,0.0205079664753059,114.404138697162
0,109.863324426576,-42.904411315918,-32.0492515563965,0,8.64456572388548,0.246178738410654,0,-41.326472525730196,-34.80498462251781,-2.904644727706909,-43.823140366522686,-30.444771053539817,-2.8925769329071045,-1.8488971719574407,3.1755244538963465,3.6616230487981563,0.193481281399727,0.0223727691723314,114.490659486591
0,109.949769042189,-42.9780807495117,-32.0944786071777,0,8.63640050782354,0.266475120927643,0,-41.39593060079525,-34.844705646990974,-2.8921802043914795,-43.90232806633634,-30.48787384575973,-2.877336263656616,-1.8534864342822794,3.172845389174133,3.6636372089544063,0.209670037031174,0.0242659314629029,114.577104102203
0,110.036136629461,-43.0514831542969,-32.1399917602539,0,8.62797564508674,0.286941331258495,0,-41.46487549429006,-34.884133198060326,-2.882105588912964,-43.98171940810266,-30.531087482678938,-2.8622167110443115,-1.8584704631211066,3.1698006400211836,3.665813493744446,0.226026564836502,0.026182465182074,114.663471689475
0,110.122427295944,-43.1246070861816,-32.1858062744141,0,8.61928953063861,0.30752915160194,0,-41.53330865121047,-34.923268102076385,-2.872105598449707,-44.06131682019029,-30.57441328608691,-2.8518383502960205,-1.863870298228036,3.1663745778176207,3.668151903168276,0.242511689662933,0.0281180341940732,114.749762355958
0,110.208636156565,-43.197437286377,-32.23193359375,0,8.61034267776674,0.328196569525914,0,-41.60121173366238,-34.96209987213839,-2.8621814250946045,-44.14112806121786,-30.617855479090625,-2.8436315059661865,-1.8697059765487472,3.1625533865514748,3.6706581592717864,0.259091347455978,0.0300688774846696,114.835971216579
0,110.294766172886,-43.2699699401856,-32.2783813476562,0,8.60113290769223,0.348907060827966,0,-41.66859998463556,-35.00063722526259,-2.852330207824707,-44.22115279686166,-30.661413879713763,-2.8356761932373047,-1.875988437922423,3.158332281078233,3.673328447357726,0.275735825300217,0.0320317382401919,114.9221012329
0,110.380807632049,-43.3421859741211,-32.3251571655273,0,8.59166105934621,0.36962851817689,0,-41.73545670770621,-35.03887061325667,-2.8432226181030273,-44.301392171514934,-30.705089110862982,-2.821861505508423,-1.8827365803166858,3.1536993534484767,3.6761665821233462,0.292418926954269,0.0340037490810763,115.008142692063
0,110.466759561427,-43.4140739440918,-32.3722724914551,0,8.58192714970134,0.39033261989691,0,-41.801783571944554,-35.07680099061267,-2.8303868770599365,-44.38184914069437,-30.74888278126061,-2.8043479919433594,-1.8899690426894575,3.1486433025787766,3.6791725635686663,0.309117466211319,0.0359823870023288,115.094094621441
0,110.552625501318,-43.4856300354004,-32.419734954834,0,8.57193034338852,0.410994518481681,0,-41.867597138040026,-35.11443782790043,-2.815568685531616,-44.462524926336975,-30.792795556021265,-2.795384407043457,-1.8976974035254222,3.1431598799699785,3.682342576996396,0.325810998678207,0.0379654443290691,115.179960561332
0,110.638400725249,-43.5568351745606,-32.4675598144531,0,8.56166609095195,0.431591938899561,0,-41.9328804452521,-35.15177142577268,-2.800867795944214,-44.54342916407609,-30.836832679933003,-2.786630868911743,-1.9059482383863962,3.137231412756524,3.6856823444524562,0.342481076717377,0.0399509573246373,115.265735785263
0,110.724081798733,-43.6276817321777,-32.5157470703125,0,8.55113756132867,0.45210505770595,0,-41.99764478158005,-35.18880823950328,-2.783982992172241,-44.62455795441297,-30.880992030453008,-2.776942014694214,-1.9147287648134597,3.1308587439469813,3.6891880512395563,0.359111338853836,0.0419371658120283,115.351416858747
0,110.809668723106,-43.6981582641602,-32.5643081665039,0,8.54034321669285,0.472516191644399,0,-42.061898966753574,-35.22555331283551,-2.7665843963623047,-44.70591345607382,-30.925274782601214,-2.763216495513916,-1.924058460748101,3.1240310845481623,3.6928577900090964,0.375686854124069,0.0439224919847986,115.43700378312
0,110.895159614499,-43.768253326416,-32.6132507324219,0,8.52928349501409,0.492809352697487,0,-42.12564025917373,-35.26200507792978,-2.7555651664733887,-44.787503188350385,-30.969685029216162,-2.749455451965332,-1.9339541105743545,3.1167414508620888,3.696693468109676,0.392194390296936,0.0459055420773838,115.522494674514
0,110.980545317158,-43.8379516601563,-32.6625747680664,0,8.51795698278146,0.512970005238179,0,-42.188870467952476,-35.29816456936387,-2.7521581649780273,-44.8693224959882,-31.014220236388354,-2.737103223800659,-1.944427541233702,3.1089873559060393,3.700693178192686,0.408621519804001,0.0478850214636786,115.607880377172
0,111.065831948437,-43.9072456359863,-32.7122955322266,0,8.50636325809386,0.532985121172286,0,-42.25159422893286,-35.33403443823969,-2.753099203109741,-44.951386707169,-31.05888874742657,-2.7254064083099365,-1.9555011052293807,3.100757403116336,3.7048588276067465,0.424957066774368,0.0498597728167876,115.693167008451
0,111.151010821509,-43.9761199951172,-32.7624130249023,0,8.49450386234769,0.552842646679201,0,-42.31382462755975,-35.369622167737205,-2.7542271614074707,-45.03368594175139,-31.103685184454168,-2.713275194168091,-1.9671867679907775,3.0920487388598663,3.709184694305966,0.44119068980217,0.051828720682341,115.778345881523
0,111.236087984787,-44.0445747375488,-32.812931060791,0,8.48289318128321,0.57097873456029,0,-42.37558290469887,-35.404939904881026,-2.7554430961608887,-45.11622719802881,-31.148613356724212,-2.6992712020874023,-1.9794929694553118,3.082862887959937,3.7136669635930764,0.456135094165802,0.0536497759135219,115.863423044801
0,111.321060419896,-44.1126098632813,-32.8638381958008,0,8.47190271885825,0.586638945593084,0,-42.43690884497657,-35.440010401325516,-2.7531285285949707,-45.19899385289082,-31.19366421608305,-2.6855554580688477,-1.9924134348588747,3.0732128359854234,3.718292284027646,0.469192832708359,0.0552499255730621,115.94839547991
0,111.405933323856,-44.180233001709,-32.9151268005371,0,8.46129864144811,0.600883593356326,0,-42.499162267873466,-35.47289478043474,-2.747528076171875,-45.28196636646065,-31.23882712674696,-2.672929525375366,-2.0059404286658014,3.060747596772395,3.7230415821233462,0.481137335300446,0.0567204501600342,116.03326838387
0,111.490716347211,-44.2474517822266,-32.966796875,0,8.45133052797385,0.612801681195071,0,-42.561488661795615,-35.50504590735913,-2.741992235183716,-45.36513845600959,-31.28409866895314,-2.6605334281921387,-2.0200734524728086,3.0471592990399192,3.727901506439756,0.491267383098602,0.0579767885729952,116.118051407226
0,111.575406676262,-44.3142700195313,-33.0188331604004,0,8.44169794954328,0.623574546011781,0,-42.62355401329446,-35.53706237531232,-2.736483097076416,-45.44849320242717,-31.329469633431657,-2.6475670337677,-2.034800077371413,3.0331500115525696,3.732858705536436,0.500456750392914,0.0591228133574151,116.202741736277
0,111.660013048754,-44.3806915283203,-33.0712394714355,0,8.4323431092026,0.633282976054282,0,-42.68539840896689,-35.56896486300173,-2.7309887409210205,-45.53202941879833,-31.37493937413074,-2.632763624191284,-2.0501251079303757,3.0187167625005347,3.737903642670226,0.508765697479248,0.0601655965199829,116.287348108768
0,111.744537079782,-44.446720123291,-33.1240081787109,0,8.42323564397462,0.642013308498793,0,-42.74705593764288,-35.60077095518127,-2.7255139350891113,-45.615740025537164,-31.420504037548895,-2.617164134979248,-2.066043051536859,3.0038662078867797,3.743026781097956,0.516259789466858,0.0611127050839008,116.371872139796
0,111.828974307337,-44.5123519897461,-33.177131652832,0,8.41435699072096,0.649850372895126,0,-42.80853932748149,-35.63248721768335,-2.719592332839966,-45.69950649590553,-31.46632946923829,-2.602398633956909,-2.0823496183118864,2.9886031081325752,3.7482243061223763,0.523003280162811,0.0619715158722652,116.456309367351
0,111.913330950217,-44.5775909423828,-33.2306098937988,0,8.40568734358438,0.656874376637715,0,-42.86989616845087,-35.66413819983628,-2.7135777473449707,-45.78333937473361,-31.51237371665689,-2.587811231613159,-2.099086668662274,2.972924731169638,3.7534828663030364,0.529058396816254,0.0627492188555113,116.540666010231
0,111.997608318845,-44.6424407958984,-33.2844352722168,0,8.39721054642784,0.663160831705017,0,-42.93113918676276,-35.69573046646794,-2.7075767517089844,-45.86733551370839,-31.558507632839028,-2.572955369949341,-2.116410472022601,2.956839141929925,3.7588005542913163,0.534484028816223,0.0634526221198934,116.624943378859
0,112.081798352609,-44.7068901062012,-33.3386039733887,0,8.3889075594201,0.668779655450529,0,-42.99229201139453,-35.727276206607776,-2.7015843391418457,-45.951477491617354,-31.60472164938349,-2.557650089263916,-2.13432557812409,2.9403403994208666,3.764167833344056,0.539335489273071,0.0640881684200792,116.709133412623
0,112.16592126778,-44.7709579467773,-33.3931198120117,0,8.38076415126176,0.673795697292044,0,-43.05338915043757,-35.758793221286076,-2.6955957412719727,-46.035784167627845,-31.651026124471688,-2.542314291000366,-2.1528297157735947,2.923431758996229,3.769580888763976,0.543664515018463,0.0646618736660956,116.793256327794
0,112.249961145646,-44.8346290588379,-33.4479713439941,0,8.37276427405826,0.678268699326971,0,-43.11443190936516,-35.790282183932426,-2.689612865447998,-46.12024178034343,-31.69741349981443,-2.5277538299560547,-2.1719237637439806,2.906113952333379,3.7750359058538163,0.547519505023956,0.0651794016171221,116.87729620566
0,112.333927238744,-44.8979148864746,-33.5031547546387,0,8.36489491139568,0.682253220121622,0,-43.17544485244634,-35.82175576604731,-2.684041738510132,-46.20485942807973,-31.743888772557245,-2.513148069381714,-2.191602343159101,2.8883929213717363,3.7805290699163163,0.550944805145264,0.0656459387883715,116.961262298758
0,112.417819368994,-44.960807800293,-33.5586738586426,0,8.35714509241119,0.685799600551603,0,-43.23644266676287,-35.853221543975216,-2.678509473800659,-46.289636494322245,-31.790451604086613,-2.4972875118255615,-2.2118760452571777,2.8702585587364156,3.786056566254206,0.553981900215149,0.066066339852407,117.045154429008
0,112.501638418272,-45.0233116149902,-33.6145210266113,0,8.34950314421772,0.6889529558773,0,-43.29745186594821,-35.88469319479803,-2.669830322265625,-46.374566771703016,-31.837098585076852,-2.4806957244873047,-2.2327384607726133,2.8517141418054024,3.791610765472956,0.556668341159821,0.066445019279229,117.128973478286
0,112.585382298443,-45.0854263305664,-33.6706886291504,0,8.34195849680511,0.691754917806598,0,-43.35850060826312,-35.916185243980166,-2.660315990447998,-46.45963693457352,-31.883822396568316,-2.4641919136047363,-2.2541840469020467,2.8327596964028996,3.7971821308294063,0.559038996696472,0.0667860830576855,117.212717358457
0,112.669051164508,-45.1471481323242,-33.7271766662598,0,8.3345017955632,0.694242604743936,0,-43.41954518431209,-35.947675143990224,-2.652259349822998,-46.54489215708972,-31.930647849948183,-2.4493541717529297,-2.2762258557985287,2.81340104421379,3.8027897358098763,0.56112539768219,0.0670932480009122,117.296386224523
0,112.752653415053,-45.2084808349609,-33.7839889526367,0,8.32712388988587,0.696449563569483,0,-43.48067611802613,-35.97920959168026,-2.6448047161102295,-46.630285576853424,-31.977549206581582,-2.431936025619507,-2.29885912578299,2.793618226233654,3.8084030628362364,0.56295645236969,0.0673699325550427,117.379988475067
0,112.836178849088,-45.2694206237793,-33.8411102294922,0,8.31981870116984,0.698406029908591,0,-43.54182222963972,-36.010751868903576,-2.6336607933044434,-46.71587009300948,-32.02455552071726,-2.4149060249328613,-2.32208679359939,2.7734348838401304,3.8140488147893663,0.564558207988739,0.0676192032778938,117.463513909103
0,112.919638266075,-45.3299674987793,-33.898551940918,0,8.31257650611402,0.700139320709918,0,-43.60307939564717,-36.04235143363684,-2.6234655380249023,-46.80159501006742,-32.07163894843837,-2.397974729537964,-2.345911041380502,2.752820151357664,3.8196945667424864,0.565954446792603,0.0678438982576315,117.54697332609
0,113.003026880291,-45.3901252746582,-33.956298828125,0,8.3053925684237,0.701673761739713,0,-43.664396595824186,-36.07398196705102,-2.6158385276794434,-46.88750733791353,-32.118825309385926,-2.380955696105957,-2.370329507774424,2.731798189808639,3.8253612995305764,0.567166864871979,0.0680465776911758,117.630361940305
0,113.086342093782,-45.4498863220215,-34.0143508911133,0,8.29826230742564,0.703031359578419,0,-43.72578583859717,-36.105649663703765,-2.608205556869507,-46.97360369733673,-32.16611274756698,-2.3629393577575684,-2.395349426513196,2.7103603142723265,3.8310451984563563,0.568214595317841,0.0682295036489998,117.713677153797
0,113.16959229231,-45.5092582702637,-34.0727081298828,0,8.29118038630669,0.704231362000323,0,-43.78730240310206,-36.137383039387586,-2.596473217010498,-47.05986214872318,-32.21348921290021,-2.344611883163452,-2.420964140411727,2.688496697113649,3.836729097382136,0.569115281105042,0.0683947754083929,117.796927352324
0,113.252769546355,-45.5682258605957,-34.1313705444336,0,8.28378315464345,0.706588403139213,0,-43.848914928253514,-36.16916591645811,-2.587191104888916,-47.146305995100235,-32.26096750430617,-2.325754404067993,-2.447191133409029,2.6662033043854487,3.842424440399716,0.570869088172913,0.068664715353261,117.880104606369
0,113.335876879974,-45.6267890930176,-34.1903381347656,0,8.27643113407209,0.708662096381517,0,-43.91059445977993,-36.200983358828026,-2.575110912322998,-47.232978817938765,-32.308571558408026,-2.306844472885132,-2.47404342733486,2.6434860007571133,3.8481464862981563,0.572406113147736,0.0689088421052873,117.963211939989
0,113.418909156663,-45.6849479675293,-34.2495994567871,0,8.26914026237145,0.710492978341686,0,-43.97240689599745,-36.23286936020359,-2.563000440597534,-47.319825213515564,-32.35627094534608,-2.2878453731536865,-2.50150284062983,2.620335175408114,3.8538685321965964,0.573752403259277,0.0691300665339963,118.046244216678
0,113.501869485742,-45.7426948547363,-34.3091621398926,0,8.26191013205055,0.712110511575885,0,-44.03363058413796,-36.26555559700091,-2.553736448287964,-47.40691409380631,-32.4041035142328,-2.269541025161743,-2.5295995815329255,2.597763661315642,3.859617280975886,0.5749272108078,0.0693306321612179,118.129204545756
0,113.584760716028,-45.8000373840332,-34.3690185546875,0,8.25473307662497,0.713538966975348,0,-44.094261773932175,-36.299095072054435,-2.5464940071105957,-47.49422248089643,-32.45205664471208,-2.2501721382141113,-2.5583209545969954,2.575823323698039,3.865377473846986,0.575947344303131,0.0695125596915835,118.212095776042
0,113.667586102294,-45.8569679260254,-34.4291763305664,0,8.24724427469194,0.716083360783662,0,-44.15502400339008,-36.33270703457763,-2.5392346382141113,-47.58173337753857,-32.500121001240714,-2.2285094261169434,-2.5876766270794462,2.55343734148868,3.8711376667180764,0.577802121639252,0.0697974180103933,118.294921162309
0,113.750332565187,-45.9134750366211,-34.4896240234375,0,8.23980761709883,0.718323057136301,0,-44.215832041862974,-36.36634433736415,-2.5320117473602295,-47.66952263633448,-32.54833824499043,-2.2100512981414795,-2.6176886075429118,2.5306265774223333,3.8769321918645563,0.579433262348175,0.0700555104017902,118.377667625202
0,113.83301097899,-45.9695701599121,-34.5503616333008,0,8.23280118722986,0.719002892610688,0,-44.27677156205657,-36.40005437215389,-2.5243945121765137,-47.757537622164676,-32.59667946672542,-2.1881604194641113,-2.6483394144385257,2.5073751855411466,3.8827305317083063,0.579881072044373,0.0701683655918123,118.460346039004
0,113.915618723902,-46.0252532958984,-34.6113815307617,0,8.22584948713463,0.719612914410838,0,-44.337854038006775,-36.43384348606197,-2.516855478286743,-47.84577433509656,-32.645142469528544,-2.1683483123779297,-2.6796255148960952,2.4836835213146817,3.8885288715520563,0.580251455307007,0.0702716192225997,118.542953783916
0,113.998158482719,-46.0805282592773,-34.672679901123,0,8.21892873760388,0.7201517349689,0,-44.39908699828951,-36.4677158436856,-2.5092968940734863,-47.93424248714318,-32.69373258761163,-2.138353109359741,-2.7115473273107846,2.4595525506164386,3.8943272113958063,0.580547511577606,0.0703658244859003,118.625493542733
0,114.080632539759,-46.1354026794434,-34.7342491149902,0,8.21275525248507,0.717928147386808,0,-44.460478066325486,-36.501675662087486,-2.5,-48.02295190940323,-32.74245522059289,-2.115191698074341,-2.7441000370395314,2.434988513117144,3.9001255512395563,0.578728675842285,0.0701993478194731,118.707967599774
0,114.16304416278,-46.1899032592774,-34.7960662841797,0,8.20730325449878,0.713130835895407,0,-44.52210003997752,-36.535763211005225,-2.490464925765991,-48.11184311532333,-32.79127769616499,-2.094619035720825,-2.7772342524338627,2.410002692013684,3.9058952808538163,0.574898302555084,0.069784227867476,118.790379222794
0,114.245404678657,-46.2440567016602,-34.8581199645996,0,8.20249255955539,0.705942743729833,0,-44.58401356088408,-36.570012035693786,-2.480428457260132,-48.2008787811332,-32.840179514675086,-2.078437566757202,-2.8109137856139585,2.3846001116147275,3.9116154194036263,0.569166362285614,0.0691338718148554,118.872739738671
0,114.327705971205,-46.2978782653809,-34.9203834533691,0,8.19823799079814,0.69655203532096,0,-44.64624773026265,-36.60443823413115,-2.471414804458618,-48.29001577194776,-32.889136984782155,-2.061708927154541,-2.845096494183868,2.3587971360722246,3.9172707080999163,0.561656296253204,0.068263443894417,118.955041031219
0,114.409964344713,-46.3513946533203,-34.982852935791,0,8.19445493969458,0.685149697269272,0,-44.70885985226645,-36.63907350536897,-2.463144540786743,-48.37922010018829,-32.93813143919831,-2.039911985397339,-2.8797503436224536,2.332592366395418,3.9228420734563563,0.552501380443573,0.067189364129229,119.037299404727
0,114.4921734202,-46.4046249389648,-35.0455017089844,0,8.19106505209293,0.671925011043476,0,-44.77187353860183,-36.673930910741504,-2.455078125,-48.46845002633187,-32.98713995296919,-2.0181078910827637,-2.914828830286908,2.3060049437333188,3.9283161640325264,0.541840434074402,0.0659287302194387,119.119508480214
0,114.574335181797,-46.4575881958008,-35.1083145141602,0,8.18799508326785,0.657061573725623,0,-44.83532584049021,-36.709030945946104,-2.4466307163238525,-48.55765811600656,-33.03613647330992,-1.9980310201644897,-2.950290748847496,2.2790410800262597,3.933675813690736,0.529813289642334,0.0644987684793405,119.201670241811
0,114.656462087071,-46.510311126709,-35.1712837219238,0,8.18517751493969,0.640733993443185,0,-44.899245879733385,-36.74438972034741,-2.436239004135132,-48.64682443437236,-33.08511005123822,-1.9782543182373047,-2.986102760804525,2.2517090647525775,3.938911485687806,0.516557574272156,0.0629164301419543,119.283797147085
0,114.738544842465,-46.5628051757813,-35.2343864440918,0,8.18254907276854,0.623105681886978,0,-44.96365714588035,-36.78002022770565,-2.4235801696777344,-48.7358859909298,-33.13402608994454,-1.9580798149108887,-3.022216710700949,2.224018483417925,3.9440060138860464,0.502206027507782,0.061198069499281,119.365879902479
0,114.820586088584,-46.6151008605957,-35.2975997924805,0,8.18005483725029,0.604327362131286,0,-45.028569935162636,-36.815928163607566,-2.4117283821105957,-48.824820695321776,-33.18287245655354,-1.9379003047943115,-3.058583569775158,2.195996680308256,3.9489536762395563,0.486884325742722,0.0593591420724969,119.447921148598
0,114.902587813715,-46.6672096252441,-35.3609161376953,0,8.17764722232518,0.584539296667358,0,-45.09399883923462,-36.85212159974744,-2.4038476943969727,-48.913591873531914,-33.231629008282255,-1.9171191453933716,-3.0951731591151184,2.1676452447923062,3.953744936005186,0.470712184906006,0.05741434304982,119.529922873729
0,114.984556736242,-46.7191505432129,-35.4243278503418,0,8.17527786523648,0.563892833595695,0,-45.15996564388147,-36.88861258741109,-2.395904541015625,-49.002160184539946,-33.280274137526405,-1.8873631954193115,-3.131948170999917,2.138968756554718,3.9583683490911263,0.453818917274475,0.055379549989014,119.611891796256
0,115.066482247662,-46.770938873291,-35.4878082275391,0,8.17290326479718,0.542542121460588,0,-45.22645672721604,-36.9253935913523,-2.387587785720825,-49.09010924782349,-33.32915239905323,-1.8422033786773682,-3.168334927365664,2.1099944971004656,3.9628220081487364,0.436336725950241,0.0532709703727145,119.693817307676
0,115.148377250343,-46.8225898742676,-35.5513610839844,0,8.17049339482509,0.520616756303861,0,-45.29349278530705,-36.9624760600563,-2.3769567012786865,-49.17328066142945,-33.382044957607356,-1.8260046243667603,-3.198699678464224,2.080717035822507,3.9670963764348763,0.418379485607147,0.0511025106939532,119.775712310358
0,115.230232720007,-46.8741264343262,-35.6149559020996,0,8.16801717641028,0.498221342886741,0,-45.3610601545222,-36.999852435184586,-2.366246223449707,-49.25612733254992,-33.434730997356716,-1.8128552436828613,-3.229134390885543,2.051172341474681,3.971189546600886,0.40004163980484,0.0488857340393359,119.857567780021
0,115.312047680826,-46.9255561828613,-35.6785850524902,0,8.16545241142454,0.475440884330257,0,-45.429150271819296,-37.03751797990222,-2.3554296493530273,-49.33862942415785,-33.48719790301597,-1.789915680885315,-3.259616558238444,2.0213681880859937,3.9750996112981563,0.381401896476746,0.0466302406116924,119.93938274084
0,115.393800331101,-46.9768867492676,-35.7422142028809,0,8.1627230212144,0.45300339135802,0,-45.49773909952742,-37.07545939724327,-2.3443102836608887,-49.42074371179901,-33.53941818615036,-1.7583495378494263,-3.2900983487788356,1.99133636486211,3.9788227558294063,0.363024413585663,0.0444051165448767,120.021135391115
0,115.475546629135,-47.0281219482422,-35.8059120178223,0,8.15955857578351,0.433991781518624,0,-45.5668320889677,-37.11367970272582,-2.333111524581909,-49.502552083940486,-33.59144392343325,-1.7276891469955444,-3.320643527619141,1.9610263564002388,3.9823761463323364,0.347261816263199,0.0424988257192947,120.102881689149
0,115.557229586827,-47.0792465209961,-35.8696174621582,0,8.15604642682732,0.417947777328662,0,-45.63632163216199,-37.15211937063198,-2.3224902153015137,-49.584065321105285,-33.64328197069913,-1.706301212310791,-3.351221708856449,1.930503400684862,3.985784578339166,0.33381649851799,0.0408750822973809,120.184564646841
0,115.638884449344,-47.1302452087402,-35.9333877563477,0,8.15223900884173,0.404452428230728,0,-45.70619094948723,-37.19076911894452,-2.3083653450012207,-49.6653630267294,-33.694982951464134,-1.683992862701416,-3.3819045553670155,1.8997206174336188,3.9890690326848763,0.322400003671646,0.0394988367760455,120.266219509358
0,115.720481666063,-47.1810989379883,-35.997200012207,0,8.14818460426412,0.393100231078895,0,-45.77637763845538,-37.22959442835584,-2.2954297065734863,-49.74645555161508,-33.74655344828337,-1.6647521257400513,-3.4126916811777597,1.8686995280986973,3.992244768158506,0.312719196081161,0.0383344170946961,120.347816726077
0,115.802032809876,-47.2318115234375,-36.0610656738281,0,8.14392959300355,0.38351912196465,0,-45.84489024789671,-37.27028490257056,-2.2831761837005615,-49.82740819505019,-33.79803498800192,-1.646728515625,-3.4436071156096992,1.8400439580912777,3.9953327655950264,0.304495483636856,0.0373478673160687,120.42936786989
0,115.883538269755,-47.2823638916016,-36.125,0,8.13950544880925,0.375407829340834,0,-45.912654828093714,-37.31197041194641,-2.273092031478882,-49.90824891506622,-33.84944535042841,-1.6222460269927979,-3.4746828804428556,1.8124573588065123,3.9983444690862364,0.297497153282166,0.0365109697923551,120.510873329769
0,115.964999030635,-47.3327522277832,-36.1890068054199,0,8.13494180756821,0.368522839749624,0,-45.98062474774268,-37.3537822362736,-2.2642810344696045,-49.98900834851396,-33.90080401895688,-1.5936815738677979,-3.505933338056607,1.7846429689439733,4.001291322723937,0.291531831026077,0.0358002744923703,120.592334090649
0,116.046410107386,-47.3829727172852,-36.2530822753906,0,8.13026105718572,0.362665374615629,0,-46.048783210054985,-37.39571004297591,-2.2541563510894775,-50.06969552266115,-33.95211673444548,-1.5640368461608887,-3.537360859955351,1.7566046386310694,4.0041790485540165,0.28643923997879,0.0351962487083523,120.673745167401
0,116.127772534745,-47.4330215454102,-36.3172302246094,0,8.12548111928061,0.357672120675003,0,-46.117107264334976,-37.4377397138896,-2.24029541015625,-50.150349247176464,-34.003408177762125,-1.5397485494613647,-3.568983371110443,1.728343689983183,4.007020998016906,0.282085210084915,0.0346825392056104,120.755107594759
0,116.209084370766,-47.4828948974609,-36.3814506530762,0,8.12062084283257,0.353408236419223,0,-46.185584246376195,-37.47986345860417,-2.2264060974121094,-50.23098310955919,-34.054686989827644,-1.5176403522491455,-3.600807960178855,1.6998604697932287,4.009822893158506,0.278357148170471,0.0342454014643416,120.836419430781
0,116.290342047489,-47.5325813293457,-36.4457473754883,0,8.11568998233236,0.349761303577058,0,-46.25420022668242,-37.52207270836375,-2.2137792110443115,-50.31160960678359,-34.10596111804747,-1.496392846107483,-3.632849831373213,1.671147649322475,4.012590456024716,0.275160431861877,0.0338733063882448,120.917677107504
0,116.371550681612,-47.582088470459,-36.5101203918457,0,8.11069905389339,0.346637591355426,0,-46.322944632491534,-37.56436095931376,-2.2037010192871094,-50.39226262527105,-34.157252112368255,-1.4765173196792603,-3.665114994232078,1.642213865118306,4.015333223358706,0.272415041923523,0.0335564898604961,120.998885741627
0,116.452708392834,-47.6314125061035,-36.5745697021484,0,8.10565863778232,0.343958495378233,0,-46.39182883029733,-37.60673520357431,-2.193605899810791,-50.47290819151008,-34.20853836745871,-1.4568517208099365,-3.697594083578901,1.6130509327541211,4.018041658417296,0.270053654909134,0.0332867266353734,121.080043452849
0,116.533811012084,-47.6805458068848,-36.6390953063965,0,8.10057575393596,0.341657713451942,0,-46.46082299238865,-37.64917709257259,-2.182659864425659,-50.55359728668901,-34.25985230462047,-1.434289574623108,-3.7303112560623353,1.5836631456743262,4.020732927338196,0.268019199371338,0.0330570487675233,121.161146072099
0,116.61486206326,-47.7294883728027,-36.7037010192871,0,8.09545780957784,0.339679417368204,0,-46.52993541114247,-37.691691727379954,-2.170572519302368,-50.634319929375934,-34.31118757619816,-1.4101403951644897,-3.7632654633210505,1.554044062150635,4.023403215424127,0.266263127326965,0.0328615198703604,121.242197123275
0,116.695862041894,-47.7782402038574,-36.7683868408203,0,8.09030890996248,0.337976075795951,0,-46.599150385889025,-37.73426944969977,-2.1584532260894775,-50.71511449779312,-34.3625685886829,-1.3864977359771729,-3.7964710035370834,1.5241988101860282,4.026063966766906,0.264744460582733,0.0326951357855763,121.323197101908
0,116.776808392427,-47.8268013000488,-36.8331489562988,0,8.08513659234655,0.336507838077906,0,-46.66849184357551,-37.776924978238746,-2.146308660507202,-50.79591428752089,-34.413952921641155,-1.364892601966858,-3.8299009630117977,1.4941197999304605,4.028696107880187,0.263428270816803,0.0325536123400454,121.404143452441
0,116.85770465862,-47.875171661377,-36.8979911804199,0,8.07993953193327,0.335240250475157,0,-46.73792401035965,-37.8196363066503,-2.134162664413452,-50.876819267161856,-34.46540414974285,-1.3431689739227295,-3.8635952183338413,1.4638175973968695,4.031328248993466,0.262285083532333,0.0324333638080031,121.485039718634
0,116.93855133881,-47.9233512878418,-36.9629135131836,0,8.07509326414573,0.334141975518412,0,-46.80744850563074,-37.86240443110483,-2.1218578815460205,-50.95052106017901,-34.52281589838261,-1.3186070919036865,-3.8881657886861767,1.433290944215149,4.0339603901067465,0.261291265487671,0.0323300110506756,121.565886398824
0,117.019351198009,-47.9713439941406,-37.0279159545898,0,8.07126936757431,0.331322258873061,0,-46.87711751496355,-37.90526145365711,-2.109400510787964,-51.02072551091908,-34.58293660196369,-1.2948718070983887,-3.9085357449610516,1.4025215550806558,4.036554384247376,0.259026229381561,0.032065373432185,121.646686258024
0,117.100119088123,-48.0191688537598,-37.0930023193359,0,8.06843925622552,0.328898127604329,0,-46.946905158239446,-37.94819145410334,-2.0959668159484863,-51.09095836422861,-34.643081628539136,-1.2724206447601318,-3.929122317747352,1.371531220554328,4.039140748993466,0.257081985473633,0.0318362264298903,121.727454148138
0,117.180863842864,-48.0668296813965,-37.1581802368164,0,8.06663364464241,0.326802153624405,0,-47.01684773756962,-37.99121676375571,-2.0824108123779297,-51.16115701059955,-34.70319736145593,-1.255367398262024,-3.949911712755878,1.3403029275419711,4.041696596161437,0.255421221256256,0.0316379644972008,121.808198902878
0,117.261590382127,-48.1143341064453,-37.2234497070312,0,8.06606059564171,0.323091822428589,0,-47.08693050995653,-38.03432831343147,-2.0695788860321045,-51.23137169322501,-34.763326827275606,-1.2357348203659058,-3.9709102106311134,1.3088476857127809,4.044237184540346,0.252584129571915,0.0312893437243788,121.888925442141
0,117.342313927184,-48.1617126464844,-37.2888069152832,0,8.06669141503825,0.317977307677503,0,-47.15719026580082,-38.07754873481499,-2.056922674179077,-51.30155614979457,-34.82343040852917,-1.2146801948547363,-3.992079476329822,1.277176131617141,4.046743440643857,0.248716354370117,0.0308085850765283,121.969648987199
0,117.423048514107,-48.2089729309082,-37.3542633056641,0,8.06831588174422,0.313611162000333,0,-47.22763584585527,-38.12088346631203,-2.0443127155303955,-51.371726195292176,-34.88352164863091,-1.1926428079605103,-4.013424042780749,1.2452826768296639,4.049217271820616,0.245434984564781,0.0303966517939662,122.050383574121
0,117.503807312083,-48.2561264038086,-37.4198265075684,0,8.07112333482622,0.3079198970262,0,-47.29828833769632,-38.16434547998503,-2.0307323932647705,-51.44186146179436,-34.943583105184,-1.171024203300476,-4.034933611291743,1.213162091883037,4.051649141327456,0.241184949874878,0.0298607282760894,122.131142372097
0,117.584590181906,-48.3031883239746,-37.4854850769043,0,8.07508685357567,0.301085850633159,0,-47.35116187915321,-38.2218493706659,-2.0175585746765137,-51.51194895185034,-35.003603647613694,-1.1365270614624023,-4.056584794634901,1.2035724842178324,4.054035234467096,0.236091941595078,0.0292167757298106,122.211925241921
0,117.665418618459,-48.3501739501953,-37.5512542724609,0,8.0800181901301,0.295285740402554,0,-47.40135914743162,-38.281591890252685,-2.0044713020324707,-51.5820037060195,-35.063596156143426,-1.1033008098602295,-4.078377921957568,1.1973481389743141,4.056375551239556,0.231792271137238,0.0286679603225649,122.292753678473
0,117.746295926832,-48.3970832824707,-37.6171379089355,0,8.08592670130604,0.290347502377761,0,-47.451634512349926,-38.34142735692999,-1.9914343357086182,-51.65204469922865,-35.1235768802551,-1.0730700492858887,-4.10031955197842,1.1909947864701413,4.058675813690736,0.228169232606888,0.0281998942324726,122.373630986846
0,117.827240978409,-48.4439163208008,-37.6831588745117,0,8.09282845808416,0.286131362196897,0,-47.50199542249002,-38.40136463566328,-1.9780467748641968,-51.72210310091622,-35.183572512395536,-1.055056095123291,-4.122431387785685,1.1844975702912668,4.0609417438665165,0.225124150514603,0.0278003635331343,122.454576038423
0,117.908256222902,-48.4906768798828,-37.7493171691895,0,8.10073150205565,0.282521565919962,0,-47.552434889874974,-38.4613954096783,-1.9645934104919434,-51.79221665738583,-35.24361537721519,-1.0313611030578613,-4.144720300905482,1.1778596913009074,4.063184785858696,0.222573533654213,0.0274590380499934,122.535591282917
0,117.989349980987,-48.5373573303223,-37.8156280517578,0,8.10947114583702,0.281324289595218,0,-47.60296387533425,-38.5215327240588,-1.9511255025863647,-51.86236623804032,-35.30368909192141,-1.0076513290405273,-4.167195888645996,1.1710647015006896,4.0653973102727665,0.221884772181511,0.0273447398176085,122.616685041001
0,118.070533462731,-48.5839385986328,-37.8821182250977,0,8.11888062337759,0.283829462321264,0,-47.653554692553605,-38.58174362780511,-1.9376684427261353,-51.932708060037406,-35.36392743557426,-0.9727868437767029,-4.1899333834891435,1.1640832946162762,4.067625093475886,0.224054843187332,0.0275799171364697,122.697868522746
0,118.151819319009,-48.6304092407227,-37.9488105773926,0,8.12915517624857,0.28773605042586,0,-47.704207216057966,-38.64202797158246,-1.9241564273834229,-52.003290712396904,-35.42437201815754,-0.9452575445175171,-4.212970384576176,1.1568926251387495,4.069879579559876,0.227375447750092,0.0279528614347476,122.779154379024
0,118.233215062188,-48.6767539978027,-38.0157241821289,0,8.14032099406602,0.292743936358651,0,-47.75491541794279,-38.702378581251345,-1.9106042385101318,-52.07417232636133,-35.48507262128997,-0.9281469583511353,-4.236348500961955,1.1494697173707278,4.072176027313777,0.231621384620666,0.0284352120991942,122.860550122202
0,118.314730562579,-48.7229614257813,-38.082878112793,0,8.15218539037332,0.300230168557846,0,-47.805680809216646,-38.76279725514587,-1.8971776962280273,-52.145388943046555,-35.54606010935725,-0.9057812094688416,-4.2601004323243545,1.1417941012560437,4.074522066132136,0.237836122512817,0.0291547584686008,122.942065622594
0,118.39636742178,-48.7690162658691,-38.1502838134766,0,8.16474174490662,0.309724618977421,0,-47.8564900459146,-38.82326811188216,-1.8837560415267944,-52.217015523891384,-35.60739867678572,-0.8793566823005676,-4.284269331137529,1.1338483002610502,4.076938676849917,0.245684608817101,0.0300692948563818,123.023702481794
0,118.478135773824,-48.8148956298828,-38.2179679870605,0,8.17799918654837,0.320852941787944,0,-47.90733956349854,-38.8837869091081,-1.8704161643981934,-52.289115897457165,-35.669142984184155,-0.8636132478713989,-4.308911157463344,1.1255988852995131,4.079441118256167,0.25489741563797,0.0311447160408634,123.105470833839
0,118.560049340154,-48.8605880737305,-38.2859535217285,0,8.19196295249907,0.333311116546049,0,-47.958232914889656,-38.94435787534987,-1.8559887409210205,-52.3617391708742,-35.73133508522856,-0.8481726050376892,-4.334066723198431,1.1170233325916943,4.082038927094056,0.265255004167557,0.0323531387915067,123.187384400168
0,118.642107285321,-48.9060783386231,-38.354248046875,0,8.20663515992929,0.346849446795281,0,-48.00916063156168,-39.00496974159554,-1.8404003381729126,-52.434943825266636,-35.79402506116438,-0.831710159778595,-4.359774461985956,1.1081065369450191,4.084747362152646,0.276576787233353,0.033671546162453,123.269442345335
0,118.724322730835,-48.951358795166,-38.4228706359863,0,8.22202009006911,0.361260196331529,0,-48.06012946739515,-39.06563054600841,-1.824798583984375,-52.50876819884112,-35.85724574352771,-0.8149889707565308,-4.386068028902343,1.0988312047855717,4.087572145477846,0.288713008165359,0.03508076106312,123.351657790849
0,118.806701642662,-48.9964141845703,-38.4918365478516,0,8.23811878738751,0.376368460949227,0,-48.11113904992569,-39.126339845298205,-1.809420108795166,-52.57977848809916,-35.923531647416,-0.8241747617721558,-4.4087061359775825,1.0891769821707793,4.090522813812806,0.301538705825806,0.0365647200561007,123.434036702676
0,118.889250266519,-49.0412292480469,-38.5611610412598,0,8.25493212619397,0.392025425053349,0,-48.16219489307537,-39.18710420188575,-1.7945373058319092,-52.637573452962776,-36.00027471686037,-0.7957116365432739,-4.414955311974066,1.079122901969289,4.093601274506167,0.314948618412018,0.0381098310357446,123.516585326533
0,118.97197809224,-49.0858001708984,-38.6308555603027,0,8.2724647595164,0.408103191008137,0,-48.21329728520359,-39.247923958963334,-1.7796423435211182,-52.69586420440221,-36.07767611672691,-0.7670056223869324,-4.421683796597826,1.068660233269386,4.096820878998346,0.328853726387024,0.0397045253594849,123.599313152254
0,119.054887765266,-49.1301040649414,-38.7009353637695,0,8.29048203324559,0.424521493922388,0,-48.26445383028737,-39.30880816644071,-1.7647351026535034,-52.75464460335989,-36.155727695265334,-0.7398657202720642,-4.428924947484598,1.0577616333484225,4.100177812592096,0.34315299987793,0.0413370417216664,123.68222282528
0,119.137991237275,-49.1741409301758,-38.771411895752,0,8.30848144751702,0.441253694068319,0,-48.31567119392837,-39.36976475741564,-1.745662808418274,-52.81394550114599,-36.23447041840135,-0.7228552103042603,-4.436693518190947,1.046420773452918,4.103679704681946,0.357727646827698,0.0429951273171922,123.765326297289
0,119.221278778565,-49.217887878418,-38.84228515625,0,8.32619951108939,0.458251369741983,0,-48.36694590271938,-39.43078959799588,-1.7305785417556763,-52.87376944169327,-36.313907664097236,-0.706677258014679,-4.445015494632246,1.0346205700451252,4.1073284626165165,0.372500002384186,0.0446706940042311,123.848613838579
0,119.304754705035,-49.2613296508789,-38.9135665893555,0,8.34351879614448,0.475455077588903,0,-48.41828511596629,-39.49189120886368,-1.7155200242996216,-52.93412266062111,-36.39404771232291,-0.6765210032463074,-4.453917810662292,1.022342141054205,4.111124086395806,0.387414872646332,0.0463578241464374,123.93208976505
0,119.388410562063,-49.3044509887695,-38.9852523803711,0,8.36031118534878,0.492815094098775,0,-48.46968456044688,-39.5530645042231,-1.7022716999053955,-52.995019694504755,-36.47490986547618,-0.6407116651535034,-4.4634198675277394,1.0095769400337102,4.115072298065736,0.402422070503235,0.0480514087404413,124.015745622077
0,119.472239402781,-49.3472328186035,-39.0573425292969,0,8.37652941085163,0.510277130551464,0,-48.52114734245308,-39.6143131810424,-1.6917468309402466,-53.056450604775485,-36.5564809266242,-0.6045861840248108,-4.473545052972786,0.9963099521797799,4.1191692829290165,0.417485564947128,0.0497477012026533,124.099574462795
0,119.556239212926,-49.3896522521973,-39.1298446655273,0,8.39236850755517,0.52775400661018,0,-48.56612216848288,-39.68002091660715,-1.6797057390213013,-53.118418737747916,-36.63876533917231,-0.5954552888870239,-4.484325558426677,0.9904017902018154,4.123415040985656,0.432603746652603,0.0514456561778452,124.18357427294
0,119.640409917602,-49.4317092895508,-39.2027549743652,0,8.40783870138605,0.544940115979023,0,-48.59791038457206,-39.75450289383767,-1.6685924530029297,-53.18094027142048,-36.72178458508283,-0.5492321848869324,-4.495769903799281,0.9998231746593732,4.127813386932916,0.447525501251221,0.0531157283800481,124.267744977617
0,119.72474195954,-49.4733848571777,-39.2760696411133,0,8.42319049962833,0.560583238811794,0,-48.62965868515719,-39.82889134629614,-1.65652334690094,-53.243994493501575,-36.805511161530276,-0.5025902986526489,-4.507899314600767,1.008704957395195,4.132356691376277,0.461252003908157,0.0546389034086942,124.352077019555
0,119.809238687986,-49.5146789550781,-39.3497886657715,0,8.43842133794493,0.574840305686783,0,-48.661374675065716,-39.90320409261643,-1.6440685987472534,-53.30754840141677,-36.88990124603169,-0.4839099049568176,-4.520719495253337,1.017053011871752,4.137029695526666,0.473856121301651,0.0560247505224194,124.436573748
0,119.89389675324,-49.555591583252,-39.4239044189453,0,8.45330175007491,0.587861381420511,0,-48.69306063083778,-39.977446466888736,-1.6335582733154297,-53.37158586404404,-36.97493341886965,-0.48026731610298157,-4.534233265972219,1.024874842463218,4.141824769989556,0.485381156206131,0.057280779699183,124.521231813254
0,119.978709366737,-49.5961227416992,-39.498405456543,0,8.4675342032327,0.599790672874551,0,-48.724719317575854,-40.051624947938386,-1.6235876083374023,-53.43607838194287,-37.060569837049535,-0.48198607563972473,-4.548439493574722,1.032180087597925,4.146730470673156,0.495866298675537,0.0584145218006763,124.606044426751
0,120.063667818619,-49.6362686157227,-39.5732803344727,0,8.48157976188837,0.608780529948309,0,-48.756356052802644,-40.12575199508689,-1.61312735080719,-53.50097504186821,-37.14674289539659,-0.4964013695716858,-4.563336466175646,1.038975964190865,4.151727724091126,0.503902435302734,0.0592589369257601,124.691002878633
0,120.148768885235,-49.6760444641113,-39.6485137939453,0,8.4956787372489,0.614861700864487,0,-48.78798151396622,-40.19985262632967,-1.6020824909210205,-53.566212712282564,-37.233368764671056,-0.4829797148704529,-4.578901015692298,1.0452895826111264,4.156791734711236,0.509538769721985,0.0598197676469057,124.776103945249
0,120.234019260755,-49.7154731750488,-39.7240982055664,0,8.50982882926552,0.61809802084877,0,-48.819608282058766,-40.27395631979692,-1.5912976264953613,-53.63174941476548,-37.32039170380893,-0.46620115637779236,-4.595108761755324,1.0511507276681078,4.161903429047176,0.512813568115234,0.060102994296562,124.861354320769
0,120.319406425908,-49.754566192627,-39.8000106811523,0,8.52411977404408,0.618561549367771,0,-48.851242212220974,-40.34807679448614,-1.5805883407592773,-53.69752541959704,-37.40773240067542,-0.45025634765625,-4.611932657443036,1.0565844396741093,4.167041826263976,0.513806819915772,0.060118738764675,124.946741485923
0,120.404939771816,-49.7933540344238,-39.8762435913086,0,8.53870969565592,0.616345577446266,0,-48.88290145805218,-40.42225658552945,-1.5699889659881592,-53.76347233993788,-37.49530004777585,-0.4315124452114105,-4.629333809228739,1.0616280345204425,4.172178316132136,0.512625873088837,0.0598797260955792,125.03227483183
0,120.490621372816,-49.8318519592285,-39.9527893066406,0,8.55359463031044,0.611596160692373,0,-48.914598612809876,-40.496525199795556,-1.5598559379577637,-53.829531481999545,-37.58301670853753,-0.40682128071784973,-4.6472856307207,1.0663031571842922,4.177290010468076,0.509375929832459,0.0593994495324284,125.117956432831
0,120.576442774715,-49.8700904846191,-40.0296211242676,0,8.56860218714365,0.604501838625075,0,-48.946341983239265,-40.57090210055993,-1.5517321825027466,-53.89564288043034,-37.670802757941864,-0.3821154832839966,-4.665736402406079,1.0706523194284236,4.182355928436826,0.504158735275269,0.0586920441755128,125.20377783473
0,120.662405383906,-49.9080848693848,-40.1067314147949,0,8.58353605316612,0.595261072179036,0,-48.97813990867609,-40.64540682745996,-1.5443127155303955,-53.9617719517158,-37.75861227425401,-0.36561888456344604,-4.684660335566673,1.074694761389202,4.1873627185979565,0.497089713811874,0.0577732389728918,125.289740443921
0,120.748508641113,-49.9458541870117,-40.1841087341309,0,8.59792824297746,0.584107983022487,0,-49.010003312241416,-40.72006497411976,-1.5368834733963013,-54.02786048463527,-37.846367961679114,-0.3514196574687958,-4.70402033722453,1.0784553541947357,4.1922894001165165,0.488264352083206,0.0566580091910882,125.375843701127
0,120.834744866528,-49.9834175109863,-40.2617340087891,0,8.61155984767752,0.571227706468712,0,-49.04193711274884,-40.79488806565798,-1.5272424221038818,-54.093866574723386,-37.93401417735444,-0.33321166038513184,-4.723777208890283,1.08196053006619,4.197122621552056,0.477821916341782,0.0553644365918986,125.462079926542
0,120.92110776608,-50.0207977294922,-40.3395881652832,0,8.62426111442776,0.556788049972366,0,-49.07395004658438,-40.869896572028125,-1.518670678138733,-54.1597262691451,-38.02146600147991,-0.3066491484642029,-4.743882357591651,1.0852407755388895,4.201841402069636,0.465905696153641,0.0539104450497792,125.548442826094
0,121.007580606444,-50.0580101013184,-40.4176445007324,0,8.63577114038618,0.540954647438454,0,-49.10604166047116,-40.945089431171276,-1.510496735572815,-54.225112911561766,-38.10883135360291,-0.2814697325229645,-4.763965153052248,1.088320755574749,4.206436204926087,0.452649414539337,0.0523130978789731,125.634915666458
0,121.094150071449,-50.0950622558594,-40.4958839416504,0,8.64575394876122,0.5238830231589,0,-49.138214958404696,-41.020473681655574,-1.5023070573806763,-54.289850387354996,-38.19609919947505,-0.26179686188697815,-4.78385381554232,1.0912154443395108,4.210891771332337,0.43817862868309,0.0505885799425656,125.721485131463
0,121.180800899265,-50.131965637207,-40.5742835998535,0,8.65429522143491,0.505672907043307,0,-49.1704697701446,-41.09604892459611,-1.493953824043274,-54.35430673570673,-38.28298807804989,-0.2318115234375,-4.803977468756193,1.093943945767718,4.215198564545226,0.422648578882217,0.0487537030410012,125.80813595928
0,121.267525992612,-50.1687431335449,-40.6528244018555,0,8.66143360736616,0.486452161111978,0,-49.20280923013674,-41.17182250421518,-1.4854687452316284,-54.41844681840802,-38.3694506220836,-0.19791747629642487,-4.824290334058368,1.096534238410403,4.219347047821596,0.40621429681778,0.0468254066626182,125.894861052626
0,121.354297802802,-50.2054023742676,-40.7314720153809,0,8.66735846339781,0.466366802926433,0,-49.23522978883738,-41.247786103687616,-1.4769457578659058,-54.482210932063445,-38.455406349805024,-0.16841186583042145,-4.844746263123503,1.0990064073081423,4.223323869721006,0.389048874378204,0.0448218340958241,125.981632862816
0,121.441119313131,-50.2419662475586,-40.8102188110352,0,8.6720195692138,0.445561588982071,0,-49.26773408161284,-41.32394589785801,-1.4683984518051147,-54.54559590779602,-38.540850989483395,-0.13188599050045013,-4.865311764108239,1.1013826913924216,4.227129030243466,0.371285676956177,0.0427578117981397,126.068454373145
0,121.527961155779,-50.2784385681152,-40.889030456543,0,8.67551468977382,0.424147918588907,0,-49.300315909521636,-41.40028736217999,-1.459869384765625,-54.60855052931313,-38.625715500188775,-0.09174438565969467,-4.885945577691803,1.1036791013766865,4.230752992645806,0.353042423725128,0.0406455709621268,126.155296215793
0,121.614838656198,-50.3148307800293,-40.9679183959961,0,8.67788786017357,0.402221202036727,0,-49.33298220328643,-41.47682673581355,-1.4511547088623047,-54.67107761747169,-38.71000368451161,-0.051673583686351776,-4.906634829805956,1.1058997811681466,4.234195756928036,0.33441349864006,0.0384949501295065,126.242173716213
0,121.701692203018,-50.3511657714844,-41.0468063354492,0,8.67933466666672,0.379857247065353,0,-49.365715343355745,-41.55352273493745,-1.4423949718475342,-54.733107557062276,-38.79362169929087,-0.001968994038179517,-4.927296907718606,1.1080947864732946,4.237447786346986,0.315481632947922,0.0363138346143553,126.329027263033
0,121.78859668413,-50.3874816894531,-41.1257591247559,0,8.68022564437032,0.357116317325998,0,-49.39854549099968,-41.63044602948251,-1.4336035251617432,-54.786584726514015,-38.88075110622065,0.054259032011032104,-4.938842833495126,1.110271893012708,4.240509080902646,0.296318590641022,0.0341083451633753,126.415931744144
0,121.875479711848,-50.4237213134766,-41.2047233581543,0,8.68071216019013,0.334060082296766,0,-49.420039440327876,-41.71330928176828,-1.426849365234375,-54.83198213884237,-38.97096835731269,0.10842406749725342,-4.941904987779449,1.1251830714091005,4.243379640595027,0.276977241039276,0.0318836023639595,126.502814771863
0,121.962362739567,-50.4599609375,-41.2836875915527,0,8.6806073439045,0.310750299205712,0,-49.437649246733244,-41.79828255866993,-1.4205529689788818,-54.87695082560754,-39.06033361178642,0.20542724430561066,-4.945007845391834,1.1445213730030426,4.246053743378236,0.257494419813156,0.0296441915702132,126.589697799581
0,122.049204165221,-50.4962005615234,-41.362606048584,0,8.68004528057946,0.287230357408551,0,-49.455275812795335,-41.883336706588516,-1.4141894578933716,-54.92148013783231,-39.14882570717021,0.24579833447933197,-4.948123152118075,1.1639092536363846,4.248535203949526,0.237909466028213,0.0273937875912697,126.676539225235
0,122.13603697741,-50.5324859619141,-41.4414939880371,0,8.6792522994939,0.26353487050981,0,-49.472930455738606,-41.96852633496292,-1.407802700996399,-54.96556758751106,-39.23643969910673,0.2857690453529358,-4.9512096619246115,1.1833938335875067,4.250816392914366,0.218257218599319,0.0251354227873543,126.763372037424
0,122.222875616349,-50.5688018798828,-41.5203742980957,0,8.67827373019409,0.239698714692435,0,-49.49061645390255,-42.05386726289095,-1.4014415740966797,-55.009235386092755,-39.32321972790633,0.24978148937225342,-4.954284804931596,1.2029540956670937,4.252904939667296,0.198563784360886,0.0228718397449277,126.850210676363
0,122.309672653827,-50.605167388916,-41.5991859436035,0,8.67710552116177,0.217367212054161,0,-49.508325880375644,-42.13932124034122,-1.3952562808990479,-55.05246609873802,-39.40913114570688,0.18604613840579987,-4.957298239179748,1.222623177286865,4.254802751556946,0.180074125528336,0.0207462788383709,126.937007713841
0,122.396473955911,-50.6415596008301,-41.6779899597168,0,8.67577662703641,0.198083968564409,0,-49.5260663648189,-42.22492508301081,-1.3885118961334229,-55.09531289923114,-39.49427962356768,0.12287719547748566,-4.9602932650421625,1.2423619394843715,4.256525087372376,0.163976460695267,0.0188955691865846,127.023809015926
0,122.483222529968,-50.6779747009277,-41.7567253112793,0,8.67455237193654,0.181489409380916,0,-49.54382111418508,-42.31059775876218,-1.3817639350891113,-55.137809190785376,-39.578731542939174,0.06693725287914276,-4.963242945076585,1.262172352098487,4.258098649994446,0.150037005543709,0.0172924402181906,127.110557589982
0,122.5699935361,-50.7144432067871,-41.8354606628418,0,8.6736357927188,0.167249905634933,0,-49.56160353648204,-42.396403965772016,-1.3751232624053955,-55.180022096569964,-39.66262029617796,0.04439086839556694,-4.966148415007163,1.2820673517921557,4.259538698212216,0.138023793697357,0.0159100686658846,127.197328596115
0,122.656764542233,-50.7509117126465,-41.9141960144043,0,8.67297414466553,0.155066666696415,0,-49.57940359023506,-42.48229525052566,-1.3687646389007568,-55.22199591098839,-39.74603390855059,0.029049072414636612,-4.969056331530419,1.3019861838582043,4.260870027557916,0.12770964205265,0.0147226582710385,127.284099602247
0,122.743535548366,-50.7873802185059,-41.9929313659668,0,8.672722769849,0.144664353279097,0,-49.59721997794508,-42.568265352150945,-1.3624157905578613,-55.263751521252296,-39.8290138887405,0.01378784142434597,-4.971965294357642,1.3219268489104585,4.262102174774716,0.118887029588223,0.0137062485349534,127.37087060838
0,122.830306554498,-50.8238487243652,-42.0716667175293,0,8.67295671897728,0.135799397604306,0,-49.61504857098934,-42.654294348645486,-1.3564038276672363,-55.30533119275696,-39.91164422981211,0.0035498046781867743,-4.9748751001353435,1.3418840364731852,4.263254213348937,0.111363552510738,0.0128387477668581,127.457641614513
0,122.917055128555,-50.8602638244629,-42.1504020690918,0,8.67386895171315,0.128253153300556,0,-49.63288226403667,-42.74034795438121,-1.3494067192077637,-55.3467498171876,-39.99395452567477,0.0063500977121293545,-4.97783311998547,1.3618008820838072,4.264337587372376,0.104968212544918,0.0121003372766445,127.544390188569
0,123.003794097154,-50.896656036377,-42.2291374206543,0,8.67570308980601,0.12183270163744,0,-49.65072304777124,-42.82643577508311,-1.3413366079330444,-55.38802593186775,-40.075981615132406,0.008804931305348873,-4.9808115263452,1.381707037073875,4.265358018890926,0.0995490327477455,0.0114733315991669,127.631129157168
0,123.090574620348,-50.933048248291,-42.307918548584,0,8.67848983924435,0.118468736938432,0,-49.66857514644094,-42.91257819417718,-1.333260416984558,-55.429237874027,-40.157881175990184,0.011251220479607582,-4.983811980214157,1.4016081878724802,4.266340303436826,0.096553772687912,0.0111246057259806,127.717909680363
0,123.177379391803,-50.9693908691406,-42.3867492675781,0,8.68224462646858,0.117640117095887,0,-49.68643246467802,-42.99874579945068,-1.3251843452453613,-55.47039884667715,-40.23967944629493,0.016604004427790642,-4.9868809521897175,1.4214506754035579,4.267293977753236,0.0955982953310013,0.011009770543192,127.804714451818
0,123.264233277399,-51.0056686401367,-42.4656639099121,0,8.68688400650618,0.120747499599055,0,-49.70428958926097,-43.08491247027749,-1.316680908203125,-55.51160111377528,-40.32155978012249,0.023099364712834358,-4.99005109957519,1.4411995745117336,4.268255281464166,0.0977456048130989,0.0112510036306752,127.891568337414
0,123.351135659618,-51.0418548583984,-42.5446739196777,0,8.69238575321453,0.127008824446494,0,-49.722136357425654,-43.1710291678804,-1.307220458984375,-55.55291713485206,-40.403666174659875,0.02961425669491291,-4.993355287406411,1.46081409452429,4.269256639496396,0.10242535918951,0.0117820849354403,127.978470719632
0,123.438100543743,-51.0779075622559,-42.6238136291504,0,8.69872882383802,0.135817214769613,0,-49.739970965882236,-43.257087190775636,-1.297768473625183,-55.594383145537385,-40.48607064015507,0.03620727360248566,-4.996848685059064,1.4802397575289834,4.270311403290346,0.109188370406628,0.0125506917252496,128.065435603757
0,123.52513208395,-51.1138191223145,-42.7030906677246,0,8.70590034490801,0.146694212116946,0,-49.75778529237148,-43.34304734631296,-1.2883251905441284,-55.62857827775909,-40.57242828309509,0.041356198489665985,-4.992271269567173,1.499457334644698,4.271446275726866,0.11767616122961,0.0135149099710803,128.152467143965
0,123.61223867003,-51.1495666503906,-42.7825241088867,0,8.71388542491163,0.159257103791988,0,-49.77557706769323,-43.42889868483341,-1.257540225982666,-55.66173334490116,-40.65983710274545,0.04643188416957855,-4.9865266874941385,1.518435861599425,4.272670793549127,0.127599507570267,0.0146407941143032,128.239573730044
0,123.699435867992,-51.1851272583008,-42.8621406555176,0,8.7226735840196,0.173196021777866,0,-49.7933429228622,-43.51462494984266,-1.2280383110046387,-55.69510338053732,-40.747812657557326,0.051542967557907104,-4.980990614938179,1.5371400036148768,4.274002122894837,0.138722747564316,0.015900561712269,128.326770928006
0,123.786723615865,-51.2204818725586,-42.9419479370117,0,8.73225819938931,0.18825704152916,0,-49.81107912031422,-43.60020810632833,-1.200161099433899,-55.728701135704085,-40.83638856390206,0.05506225302815437,-4.975682988121918,1.5555457462070357,4.275447893158506,0.150852307677269,0.0172712784859067,128.414058675879
0,123.874115582546,-51.2556190490723,-43.0219650268555,0,8.74263290502865,0.204229777884984,0,-49.82878345792819,-43.68563752831074,-1.1732970476150513,-55.76255097261247,-40.925629049431514,0.05402465537190437,-4.970619668981694,1.573633055494015,4.277019548431946,0.163827940821648,0.0187338597497485,128.50145064256
0,123.961620590859,-51.2905235290527,-43.1022071838379,0,8.75376877659363,0.220939211011949,0,-49.846454477575236,-43.770906179824465,-1.1706163883209229,-55.79666536284709,-41.01556699378019,0.05153564363718033,-4.965821332774258,1.5913810897043055,4.278722810761046,0.177515268325806,0.0202722689112239,128.588955650874
0,124.049240661333,-51.3251800537109,-43.1826820373535,0,8.7654767249686,0.238248064923146,0,-49.86408735991438,-43.85599080591787,-1.177242398262024,-55.83106448639634,-41.106255598739544,0.05278320237994194,-4.961304392565733,1.6087686464160242,4.280569124237607,0.191793233156204,0.0218724472283541,128.676575721347
0,124.13698702976,-51.3595695495606,-43.2634086608887,0,8.77745321452531,0.256049224835945,0,-49.88168356897213,-43.94089847101454,-1.1955883502960205,-55.865748178085774,-41.197694428849594,0.06644286960363388,-4.957098054368701,1.6257734818984733,4.2825565815129965,0.206553131341934,0.0235222333825166,128.764322089774
0,124.224861600604,-51.393684387207,-43.3443908691406,0,8.78964531278269,0.27423872879698,0,-49.89923823537988,-44.025605678762574,-1.2101781368255615,-55.90073670899775,-41.289936926058594,0.07478515803813934,-4.953211244799128,1.642383304091707,4.2846966266790165,0.221713483333588,0.0252121263567801,128.852196660618
0,124.312861975741,-51.4275054931641,-43.4256324768066,0,8.80188748630934,0.292736522954727,0,-49.91674939283239,-44.110102941073634,-1.2080553770065308,-55.93602860183153,-41.38297919566433,0.08319946378469467,-4.949667973546257,1.6585788528566834,4.286989259735656,0.237195625901222,0.0269333766877242,128.940197035756
0,124.400991597798,-51.4610099792481,-43.5071449279785,0,8.81406984303112,0.311470959443093,0,-49.93421564774638,-44.19438353343657,-1.2059375047683716,-55.97162782708287,-41.47683170533817,0.0985436961054802,-4.946498271629514,1.6743350416024072,4.2894363880315565,0.252935439348221,0.0286788807698883,129.028326657812
0,124.489245841101,-51.4941902160645,-43.588924407959,0,8.82624633960721,0.330367525216024,0,-49.9516334469986,-44.278430310829044,-1.203826904296875,-56.00753917507002,-41.571507084101846,0.11669677495956421,-4.943712318122401,1.6896448667941073,4.292041826263976,0.268885940313339,0.0304430412566211,129.116580901115
0,124.577628645113,-51.5270233154297,-43.6709823608399,0,8.83843197691186,0.349363277066945,0,-49.95459453453486,-44.36862947106604,-1.2034753561019897,-56.043766984918236,-41.66701677146824,0.13854002952575684,-4.941341058786618,1.7202452619883355,4.2948074817815565,0.285003036260605,0.0322207205009593,129.204963705127
0,124.666142809433,-51.5595016479492,-43.7533226013184,0,8.85063239803931,0.368403535404209,0,-49.95286403884947,-44.46052110929693,-1.1996471881866455,-56.08031888636478,-41.76338088220067,0.15546385943889618,-4.939398399465335,1.755395720816461,4.2977371692815565,0.30124706029892,0.0340073358226221,129.293477869447
0,124.754785722378,-51.5916023254395,-43.8359489440918,0,8.86284580053058,0.387439782585058,0,-49.951141522936446,-44.55198901092938,-1.1958385705947876,-56.11719049065474,-41.86058784594446,0.170562744140625,-4.937914510115592,1.7899231888172598,4.300828981415346,0.317582249641418,0.0357987987413358,129.382120782393
0,124.843561925691,-51.6233215332031,-43.9188652038574,0,8.8749611322157,0.406441436520914,0,-49.949427172834504,-44.64302329705838,-1.1920446157455444,-56.1543837180742,-41.95864272527232,0.1864648461341858,-4.936901527144241,1.8238221606347078,4.3040829181829166,0.333966284990311,0.0375907696044097,129.470896985706
0,124.932464393448,-51.6546325683594,-44.0020713806152,0,8.88696531686511,0.425369975151894,0,-49.947721565076556,-44.73359335301445,-1.1901391744613647,-56.19190292937269,-42.05755701670662,0.20097289979457855,-4.936391236558992,1.8570593876424486,4.3075027942815565,0.350371301174164,0.039380218691016,129.559799453462
0,125.021500269423,-51.6855278015137,-44.0855751037598,0,8.89882998189694,0.444193389371628,0,-49.94602474210506,-44.823696925045816,-1.1927257776260376,-56.22974790352496,-42.15733013754435,0.21452879905700684,-4.936402028325737,1.889628195373525,4.311086702362607,0.366768211126328,0.041164079330456,129.648835329437
0,125.110659901124,-51.715991973877,-44.1693687438965,0,8.91045956432779,0.462890916139209,0,-49.94433707564602,-44.913314274004364,-1.1952953338623047,-56.26791263236962,-42.2579462480862,0.22878295183181763,-4.936954287686039,1.9215139942746482,4.314832735077446,0.383124798536301,0.042939297055877,129.737994961139
0,125.199943318302,-51.7460060119629,-44.2534561157227,0,8.92193258312293,0.481421403417673,0,-49.94265887967908,-45.00242872715008,-1.1978552341461182,-56.306401292623235,-42.3594163596766,0.24250854551792145,-4.938075709560581,1.95269579099885,4.318742799774716,0.399429440498352,0.0447043521706952,129.827278378316
0,125.289352136906,-51.7755546569824,-44.3378410339355,0,8.93324981372993,0.499756595085723,0,-49.94099034433111,-45.09103018849181,-1.198358178138733,-56.34521556007443,-42.461744890304075,0.2553662061691284,-4.939791241479395,1.9831591261910737,4.322816896454406,0.415660947561264,0.0464570048800672,129.916687196921
0,125.378883503346,-51.804630279541,-44.4225196838379,0,8.94432639560722,0.517882396565885,0,-49.939331568598945,-45.17911340116494,-1.1971203088760376,-56.38434925431611,-42.56491554616692,0.26838621497154236,-4.942116856186985,2.0129017199408548,4.3270512104192465,0.431790947914124,0.0481946830884493,130.00621856336
0,125.468531009466,-51.8332138061524,-44.5074882507324,0,8.95513426210725,0.535778389268048,0,-49.937682872527425,-45.26666137036028,-1.1959338188171387,-56.423801639352064,-42.66892638691136,0.28083130717277527,-4.945079006590075,2.0419063019381425,4.3314457416692465,0.447799235582352,0.0499154911591773,130.09586606948
0,125.558299375016,-51.8612976074219,-44.5927505493164,0,8.96566465332114,0.553422857689425,0,-49.9360443241674,-45.35367048248622,-1.194757103919983,-56.46357633652908,-42.773786959725065,0.29273557662963867,-4.9486966001818455,2.0701689180782865,4.336000490204406,0.463668823242188,0.0516178129612316,130.185634435031
0,125.648179184583,-51.8888511657715,-44.6783027648926,0,8.97602185376497,0.570776635558296,0,-49.93441612571592,-45.44013000060844,-1.1935009956359863,-56.50366510755979,-42.87947554548524,0.30473753809928894,-4.953007882348301,2.097664668834247,4.340711641327446,0.479397982358933,0.0533010815814696,130.275514244597
0,125.738175503879,-51.9158782958984,-44.7641448974609,0,8.98622240298879,0.58781703776662,0,-49.93279845247317,-45.52603061605266,-1.1903125047683716,-56.54407918470108,-42.98602175650761,0.3162512183189392,-4.9580203076941425,2.1244000361498565,4.345583009735656,0.494970232248306,0.0549635472512344,130.365510563893
0,125.82827816959,-51.9423561096191,-44.850269317627,0,8.99607610604335,0.604555892153264,0,-49.931191312043545,-45.61137192501535,-1.1871471405029297,-56.584804049782456,-43.09338731761265,0.3273608386516571,-4.963764422200295,2.150362997723978,4.350606966034486,0.510344386100769,0.0566019981709999,130.455613229605
0,125.918491649956,-51.9682731628418,-44.9366798400879,0,9.00554139332726,0.620981446118812,0,-49.929594713431946,-45.696153449324115,-1.1840014457702637,-56.62584420613007,-43.20158410120657,0.3385632336139679,-4.970264102274801,2.1755482029167816,4.355783510223937,0.525503814220428,0.0582151456491409,130.545826709971
0,126.008813323258,-51.9936180114746,-45.0233726501465,0,9.01468898305512,0.637062632732354,0,-49.928008707737,-45.780372475573614,-1.1803796291351318,-56.66719862597869,-43.31060939772625,0.35042479634284973,-4.977540930932623,2.199952392981272,4.361110734955377,0.540446579456329,0.0598026260317865,130.636148383273
0,126.099232376372,-52.0183753967285,-45.1103363037109,0,9.02354799698526,0.652777796007724,0,-49.92643341053211,-45.86402286666055,-1.1784216165542603,-56.708860251181804,-43.42044459932957,0.3624218702316284,-4.985617528691171,2.2235702617147366,4.3665848255315565,0.555162787437439,0.0613634233838418,130.726567436386
0,126.18974925451,-52.0425300598145,-45.1975708007813,0,9.03225125767476,0.667829464137223,0,-49.92486886773128,-45.947102184491605,-1.174261450767517,-56.75083294452118,-43.531099889714646,0.3745141625404358,-4.9945211333588855,2.246394048162974,4.372205781952446,0.569426715373993,0.0628720968678578,130.817084314524
0,126.280365978428,-52.0660858154297,-45.2850723266602,0,9.04119078195633,0.681715955309426,0,-49.923314618821664,-46.02963488291373,-1.1697534322738647,-56.79310500422786,-43.6425444187611,0.3871105909347534,-5.004259020024184,2.2684447979150475,4.377964067474917,0.582876145839691,0.0642864717873774,130.907701038443
0,126.371081557172,-52.0890350341797,-45.3728370666504,0,9.05047190207412,0.694528747112549,0,-49.92177034277873,-46.11163800876029,-1.1652758121490479,-56.83566693697436,-43.75475315860376,0.3998974561691284,-5.014848946290161,2.289729913036867,4.383852052704406,0.595559477806091,0.0656113383995184,130.998416617186
0,126.461899758489,-52.1113739013672,-45.460865020752,0,9.05993307976945,0.706372376834669,0,-49.92023568690447,-46.193130290767584,-1.1606030464172363,-56.87851458621825,-43.86771515108453,0.4152282476425171,-5.026306478556955,2.310259530994283,4.389864015595026,0.607482016086578,0.066848618759077,131.089234818504
0,126.552825325717,-52.1331024169922,-45.5491561889648,0,9.06963563773055,0.717291702125767,0,-49.918710168692435,-46.274137350674444,-1.155513882637024,-56.92164102488186,-43.981412133906424,0.4300561547279358,-5.0386430138898195,2.3300495089512494,4.395992326752256,0.618689358234406,0.0680031183247452,131.180160385731
0,126.643857505198,-52.1542129516602,-45.6377067565918,0,9.07965460235618,0.727321549436994,0,-49.91719340776306,-46.3546793871452,-1.1504528522491455,-56.965037344418796,-44.0958206209,0.44371336698532104,-5.051875314514374,2.3491075311148344,4.4022293567815565,0.629225075244904,0.0690792745522685,131.271192565212
0,126.734997383691,-52.1747055053711,-45.7265129089356,0,9.08992663023449,0.736522592349506,0,-49.91568495933952,-46.434780018424405,-1.145419955253601,-57.00869561233974,-44.21091969913736,0.4445275664329529,-5.066012547542419,2.3674492868436365,4.408567476288386,0.639110326766968,0.0700800640738468,131.362332443705
0,126.826248904412,-52.1945762634277,-45.8155746459961,0,9.10042201997588,0.744947525555627,0,-49.914184585220426,-46.51445189332528,-1.1320629119873047,-57.04680478095048,-44.328500235864766,0.4468786418437958,-5.074988855901931,2.38508188808506,4.415004777924127,0.648373305797577,0.0710089974809915,131.453583964427
0,126.917612344897,-52.2138214111328,-45.9048881530762,0,9.11111963075006,0.752644722736036,0,-49.912691657601904,-46.59372834907398,-1.1255956888198853,-57.06876711536899,-44.45156647691557,0.44634032249450684,-5.067804424549137,2.4020197664064735,4.421529817596986,0.657044529914856,0.0718697747386541,131.544947404911
0,127.009085069977,-52.2324409484863,-45.9944458007813,0,9.12210818965046,0.759637616631791,0,-49.91120594674627,-46.67262158504934,-1.1201659440994263,-57.09079859060244,-44.57502014946771,0.45563840866088867,-5.061463045238531,2.4182750727885782,4.428138780609676,0.665172934532166,0.0726672483302307,131.636420129992
0,127.100678604972,-52.250431060791,-46.0842552185059,0,9.13329106189657,0.765989009769837,0,-49.909726856266985,-46.75116327017515,-1.1142138242721558,-57.11289763380182,-44.69885244004038,0.4669152796268463,-5.055978840168101,2.4338575394746664,4.434825944916316,0.67277067899704,0.0734036629141325,131.728013664986
0,127.192389587937,-52.2677879333496,-46.1743087768555,0,9.14456258703832,0.771762733889828,0,-49.9082541606681,-46.82936537858791,-1.1082897186279297,-57.1350619204069,-44.823050322928424,0.4680419862270355,-5.051361744558987,2.448774954114366,4.441587495819636,0.679852902889252,0.0740816825502031,131.819724647951
0,127.284214687897,-52.2845077514648,-46.2645988464355,0,9.15595469248349,0.776988264886786,0,-49.90678753465867,-46.907245183673346,-1.1033117771148682,-57.15728753943484,-44.94759188288622,0.4546484351158142,-5.047622232703892,2.4630362855982906,4.448417711273736,0.686459004878998,0.0747055374022519,131.911549747911
0,127.376159453038,-52.300594329834,-46.3551254272461,0,9.16747670628681,0.781700081239041,0,-49.90532636971379,-46.98483499891759,-1.1034448146820068,-57.17957063988986,-45.072455540806146,0.4429602026939392,-5.044764798448606,2.476659594177834,4.455308961884096,0.692621052265167,0.0752788118779657,132.003494513052
0,127.468223010055,-52.3160362243652,-46.4458847045898,0,9.1792220964036,0.785909589574557,0,-49.9038707551873,-47.062130079512855,-1.103572964668274,-57.20191630044168,-45.19766975508346,0.43732908368110657,-5.042803255925443,2.4896386510512514,4.4622650623479565,0.698386669158936,0.0758060856331349,132.095558070069
0,127.560407148949,-52.3308372497559,-46.5368728637695,0,9.19110357235072,0.789669893475076,0,-49.89921758825491,-47.13996846851254,-1.1038976907730103,-57.22431511612988,-45.323181824893894,0.4335559010505676,-5.041742909603679,2.5052940918500077,4.469272661224917,0.703763246536255,0.0762889953516337,132.187742208963
0,127.652715559118,-52.3449897766113,-46.6280899047852,0,9.20286132645013,0.793656717974291,0,-49.88783117089268,-47.21911945909417,-1.1080310344696045,-57.24677655218658,-45.44904478879498,0.4307238757610321,-5.041593099283708,2.5272404610016292,4.476339387909486,0.709274411201477,0.0767860601557881,132.280050619132
0,127.745144528031,-52.3584861755371,-46.7195281982422,0,9.21466396552406,0.79719128418187,0,-49.87650144023268,-47.29787640047743,-1.1141161918640137,-57.269293626849276,-45.57521952438511,0.44237181544303894,-5.042367714172355,2.548476970528257,4.483455705658506,0.714405953884125,0.0772407290320113,132.372479588045
0,127.837694243063,-52.3713188171387,-46.8111839294434,0,9.2264714442417,0.800342278090435,0,-49.865226514542506,-47.376252373245784,-1.115261197090149,-57.29186688010045,-45.70170905746354,0.4496716260910034,-5.044078481890558,2.5690077803138585,4.490619707123346,0.719177305698395,0.0776555526745119,132.465029303077
0,127.930358466135,-52.383487701416,-46.9030456542969,0,9.23833083097969,0.803132916156613,0,-49.85400760217819,-47.45423897769166,-1.1164013147354126,-57.314500995063575,-45.8285396299766,0.458953857421875,-5.0467271868439365,2.5888382823566,4.497835207001276,0.72362494468689,0.0780342143864189,132.55769352615
0,128.023150305372,-52.3949966430664,-46.9951210021973,0,9.25026022946084,0.805588549680063,0,-49.84283771158325,-47.53188481458246,-1.1175378561019897,-57.3371922750993,-45.955690527755166,0.4725927710533142,-5.050318146066054,2.6079935969697967,4.505092668549127,0.72777396440506,0.078379385925721,132.650485365386
0,128.116058273557,-52.4058341979981,-47.0873947143555,0,9.26226149007096,0.807733665663381,0,-49.8317159335776,-47.60919620394855,-1.118508219718933,-57.35993765919137,-46.083144598352874,0.486480712890625,-5.0548649239814925,2.6264732311152015,4.512388277069636,0.731645226478577,0.078693404975215,132.743393333572
0,128.209090869276,-52.4159965515137,-47.1798706054688,0,9.27432981025329,0.809591670370543,0,-49.82063975787878,-47.686190595645975,-1.1217174530029297,-57.382741108550704,-46.21092403846926,0.4936804175376892,-5.060376363923626,2.644283800714278,4.5197220325628065,0.73525732755661,0.0789784107413555,132.83642592929
0,128.302246445869,-52.4254913330078,-47.2725410461426,0,9.28645946179748,0.811185174429333,0,-49.80960575492531,-47.76289182976241,-1.1277648210525513,-57.40559995770995,-46.3390139121215,0.4978271424770355,-5.066848608729733,2.661447209436349,4.527088212982726,0.7386274933815,0.0792363934603,132.929581505883
0,128.395521347002,-52.4343070983887,-47.3653984069824,0,9.29864388335782,0.812535019885556,0,-49.79861407520237,-47.8392988602224,-1.1335095167160034,-57.4285177260579,-46.4674339402528,0.508959949016571,-5.074296008022485,2.6779580564404215,4.534488725678036,0.741771936416626,0.0794692336308118,133.022856407016
0,128.488920730921,-52.4424438476563,-47.4584426879883,0,9.31088041390078,0.813660963478816,0,-49.787662650821034,-47.9154260616491,-1.139248013496399,-57.45149800054658,-46.59620422239792,0.5333617925643921,-5.082723549252998,2.693825719468966,4.541923570648736,0.744705677032471,0.0796786428762821,133.116255790936
0,128.582445324665,-52.449893951416,-47.5516700744629,0,9.32315986646159,0.814580547227685,0,-49.77674708750005,-47.99130398023642,-1.1451013088226318,-57.47453671329855,-46.725301964150006,0.5450646877288818,-5.092142882744038,2.7090574241180962,4.5493851185003065,0.747443020343781,0.0798663049631189,133.209780384679
0,128.676089214603,-52.4566612243652,-47.6450691223145,0,9.33557477800647,0.815286373562442,0,-49.765864560714576,-48.06695225024965,-1.150484561920166,-57.49763052203423,-46.854708436999715,0.541339099407196,-5.102552446857656,2.723668859966216,4.556867647186826,0.750016927719116,0.080035039574335,133.303424274617
0,128.769861095026,-52.4627418518066,-47.7386436462402,0,9.3480446165868,0.81581240135856,0,-49.755017154461676,-48.142356385092484,-1.154534935951233,-57.520793931499895,-46.98450491849112,0.5295556783676147,-5.1139628529723105,2.7376553859321415,4.564382600800107,0.752421379089356,0.0801849341910557,133.39719615504
0,128.863758085608,-52.4681282043457,-47.8323860168457,0,9.36047594140348,0.816197880332502,0,-49.74419942640846,-48.21755421633436,-1.158573031425476,-57.54401890396574,-47.11464636909531,0.5475085377693176,-5.126384359023626,2.751025723102572,4.571918535248346,0.754650056362152,0.0803161557985846,133.491093145622
0,128.957777826116,-52.4728202819824,-47.9262886047363,0,9.37289918252977,0.816444793720024,0,-49.73340883082252,-48.292563440256366,-1.162322998046875,-57.56730444233738,-47.24512720158033,0.5231469869613647,-5.139820008254881,2.7637894916004617,4.579471635834286,0.756724774837494,0.0804308382730657,133.58511288613
0,129.051917926593,-52.4768180847168,-48.0203437805176,0,9.38533368111606,0.816561478386456,0,-49.72264907433521,-48.367358290760684,-1.1653356552124023,-57.59066337487746,-47.37601929929117,0.4949304163455963,-5.154276640694219,2.775944165156343,4.587053346649716,0.758659541606903,0.0805303632779881,133.679252986608
0,129.146183460288,-52.4801177978516,-48.1145515441895,0,9.39777863240275,0.816556737928364,0,-49.71191032879247,-48.44200708680176,-1.1680309772491455,-57.61408219114923,-47.50724695631096,0.48527342081069946,-5.169759109872166,2.7875077980415104,4.594644594208306,0.760465979576111,0.080616022705755,133.773518520303
0,129.240571938353,-52.4827156066895,-48.2089042663574,0,9.41033486616301,0.816415395475401,0,-49.70119794596859,-48.5164726263149,-1.166903018951416,-57.63757721697214,-47.638901654592004,0.47889769077301025,-5.18628009256973,2.7984707954433437,4.602260637299127,0.762173593044281,0.0806901474852332,133.867906998367
0,129.335084745471,-52.4846076965332,-48.3033981323242,0,9.423016484514,0.816139762065314,0,-49.69050575193128,-48.59079782647404,-1.165775179862976,-57.65872838197872,-47.77119110052126,0.4722912609577179,-5.201419920776986,2.8088439367514977,4.609890031830377,0.763792455196381,0.0807537238826588,133.962419805485
0,129.429731053573,-52.4857978820801,-48.3980369567871,0,9.4356619136398,0.815782183707903,0,-49.67983025478787,-48.665006960653066,-1.1646521091461182,-57.67086184293879,-47.9047110423283,0.47480589151382446,-5.2084795032784985,2.818639265386076,4.617530870453426,0.765293776988983,0.0808050864482015,134.057066113587
0,129.524500796632,-52.4862785339356,-48.492805480957,0,9.44821745341825,0.815365547181768,0,-49.66917801805591,-48.73905440353376,-1.1635290384292603,-57.68302398381154,-48.03854658578301,0.4770544469356537,-5.216561550930938,2.8278426138029342,4.625198411957336,0.766676366329193,0.0808445977507837,134.151835856646
0,129.619387852466,-52.4860496520996,-48.5876922607422,0,9.46100961818773,0.814187896576082,0,-49.658537589629034,-48.81301976273388,-1.162484049797058,-57.69520312202884,-48.17256917269255,0.4761010706424713,-5.2256680961871025,2.836476149480262,4.632865953461236,0.767425835132599,0.0808158787236041,134.246722912481
0,129.714412742819,-52.4851150512695,-48.6827125549316,0,9.47401269699248,0.812330477030283,0,-49.647904617998044,-48.886933287123966,-1.1612120866775513,-57.70740258158424,-48.30681538119598,0.47169432044029236,-5.235798481082253,2.8445507817793665,4.640533494965146,0.767549335956574,0.0807201091139986,134.341747802833
0,129.8095613563,-52.4834899902344,-48.7778472900391,0,9.48731676739068,0.809122561141725,0,-49.637279675899094,-48.960790995413696,-1.1599841117858887,-57.71962264822223,-48.44128835570436,0.46733152866363525,-5.246937881119536,2.852083721205408,4.6482010364690565,0.766427755355835,0.0804922605382097,134.436896416314
0,129.904842301963,-52.4811820983887,-48.8731002807617,0,9.50079365356595,0.804642906199939,0,-49.626655400033584,-49.034644072480475,-1.1587536334991455,-57.73186014552452,-48.57595314203721,0.4614221155643463,-5.259079422933846,2.859094099232314,4.655857133881167,0.764017581939697,0.0801293242657584,134.532177361977
0,130.000248632912,-52.4782028198242,-48.9684600830078,0,9.51408140705582,0.799003680317839,0,-49.616021892892,-49.10856131939304,-1.157525658607483,-57.744104992661796,-48.71069880797581,0.45627561211586,-5.2722069922189005,2.8656077915393663,4.663478899017877,0.760242998600006,0.0796268320195586,134.627583692926
0,130.095784440466,-52.4745674133301,-49.0639266967773,0,9.52655254245076,0.792356685961003,0,-49.60537237584464,-49.18258985678974,-1.1562926769256592,-57.75635347213919,-48.845484445184255,0.44889768958091736,-5.286301257808819,2.8716478037313933,4.671054887787417,0.755012333393097,0.078980751774251,134.72311950048
0,130.191430961491,-52.4702835083008,-49.1594772338867,0,9.5375675842194,0.784829180018497,0,-49.59470349700555,-49.256752984808486,-1.1560778617858887,-57.768599639068256,-48.98024463447477,0.4364904761314392,-5.30134682380266,2.87722487356797,4.6785736560979565,0.748276293277741,0.0781913901577402,134.818766021505
0,130.28715365192,-52.4653663635254,-49.2550735473633,0,9.54645954933116,0.776503636093484,0,-49.58401093769896,-49.331080724082845,-1.156622290611267,-57.78083237726335,-49.11485705028293,0.42411741614341736,-5.317315075228921,2.882357746854528,4.686016130463196,0.740036308765411,0.0772642786974891,134.914488711935
0,130.382986462961,-52.4598274230957,-49.3507461547852,0,9.5527643899238,0.767382493374907,0,-49.57252229699283,-49.40566387285015,-1.1572484970092773,-57.7930502685557,-49.24930608668964,0.4215954542160034,-5.334187473903752,2.887827357543624,4.693370866791316,0.730368077754974,0.0762107007048515,135.010321522976
0,130.478855754122,-52.4536895751953,-49.446418762207,0,9.55627690013694,0.757401488971395,0,-49.560627824761106,-49.480466698918114,-1.1572668552398682,-57.80523927912163,-49.38343731163883,0.41950559616088867,-5.351920299921297,2.8932620955972235,4.700620698944636,0.719398617744446,0.0750448845223981,135.106190814137
0,130.574718784689,-52.446964263916,-49.5420455932617,0,9.55690667416896,0.746479635809822,0,-49.54870099381334,-49.55547302484388,-1.157283902168274,-57.81739160198709,-49.517164815040864,0.4184582531452179,-5.370484973131029,2.8982943740664195,4.707756090179986,0.707263767719269,0.0737807854439254,135.202053844703
0,130.670569245775,-52.4396820068359,-49.6376190185547,0,9.55489692506559,0.734531914903329,0,-49.53673504592032,-49.63072535227316,-3.681328058242798,-57.82950084829533,-49.65041829215881,0.42280516028404236,-5.389834038739585,2.902955146143983,4.714763689056946,0.694096922874451,0.0724293525752899,135.297904305789
0,130.766378428044,-52.4318618774414,-49.7331085205078,0,9.55150204234053,0.72149806735712,0,-49.52473051916806,-49.70622029725125,-3.673898935317993,-57.8415620565303,-49.783143145105136,0.41864013671875,-5.409931560684764,2.9072557009671662,4.721637773529596,0.680005133152008,0.0709912807226676,135.393713488058
0,130.862142949398,-52.4235343933106,-49.8285102844238,0,9.54785624087604,0.707388758157527,0,-49.51268031708427,-49.78200248859166,-3.6664390563964844,-57.8535687368877,-49.91526795828837,0.42857176065444946,-5.430727379127149,2.9112255886750855,4.728364992157526,0.665039658546448,0.0694629111414746,135.489478009412
0,130.957864503003,-52.4147109985352,-49.9238243103027,0,9.54430309252193,0.692255082167482,0,-49.50057946819121,-49.858103191286794,-3.6584997177124023,-57.86551736371791,-50.04675393449043,0.4507495164871216,-5.452192377678848,2.9148725257941708,4.734937715546196,0.649235785007477,0.0678451604644388,135.585199563018
0,131.053542382487,-52.4054260253906,-50.0190505981445,0,9.54092909912746,0.67615740573033,0,-49.4884240658965,-49.9345469734003,-3.6505115032196045,-57.8774051339014,-50.17757022741274,0.47446897625923157,-5.474274731582441,2.918225709962698,4.741350221649716,0.632635056972504,0.0661416016940458,135.680877442501
0,131.149165161519,-52.3957023620605,-50.1141777038574,0,9.53773941267145,0.65915804672282,0,-49.47621035555467,-50.011357447420984,-3.644045352935791,-57.8892261199808,-50.30765160968424,0.5035558938980103,-5.49692963672182,2.9213020352550108,4.747592973724917,0.615284085273743,0.0643569636604854,135.776500221533
0,131.244746453254,-52.3855743408203,-50.2092208862305,0,9.53470788432216,0.64131800731605,0,-49.46393143054439,-50.08857804821364,-3.637148380279541,-57.9009775309178,-50.436967367951546,0.5336328148841858,-5.520103333206183,2.9241326901374074,4.753658342377256,0.597233057022095,0.0624965819918774,135.872081513269
0,131.340290135374,-52.375057220459,-50.3041839599609,0,9.531805864123,0.62269601556633,0,-49.45158397814486,-50.16622960905898,-3.629267454147339,-57.912657327909606,-50.56549506666802,0.5622705221176147,-5.543762120124337,2.9267263625866202,4.759542512909486,0.57853376865387,0.0605659816847389,135.967625195389
0,131.435790575534,-52.3641815185547,-50.3990631103516,0,9.52900133694105,0.603347600184775,0,-49.43916345372835,-50.24434071054383,-3.621373176574707,-57.91671793722996,-50.69277129972938,0.5847339034080505,-5.560299019047686,2.9291073214484276,4.765235948578426,0.559239327907562,0.0585708471556472,136.063125635549
0,131.531253612634,-52.3529739379883,-50.4938659667969,0,9.5262656530636,0.583324680392091,0,-49.42666536797927,-50.3229395854042,-3.613654613494873,-57.906478462106385,-50.818247490360086,0.6026562452316284,-5.562970058541497,2.931296244797568,4.770732927338196,0.539401888847351,0.0565167396219899,136.158588672649
0,131.626677682196,-52.3414573669434,-50.5885925292969,0,9.52356783636427,0.562674908449163,0,-49.41408651131238,-50.40204641831417,-3.605943441390991,-57.89633265770534,-50.94257582474867,0.6188952326774597,-5.566142620287086,2.9333086400719415,4.776027727142877,0.519072413444519,0.0544091056628719,136.25401274221
0,131.722060051632,-52.329662322998,-50.6832427978516,0,9.52088313507879,0.541442319939111,0,-49.401424734307284,-50.481674726705755,-3.5981836318969727,-57.88628200972087,-51.06573809695899,0.6319934129714966,-5.569768845896164,2.9351669566017295,4.781116533295226,0.498300522565842,0.0522532095354768,136.349395111646
0,131.817407214166,-52.3176040649414,-50.7778244018555,0,9.51818600729242,0.519673098604432,0,-49.38867662576131,-50.56184596319967,-3.590588331222534,-57.87632740916871,-51.18772338833976,0.644970715045929,-5.573815784252156,2.93687974386869,4.7859955310979565,0.477137595415115,0.0500544981614554,136.44474227418
0,131.91271500924,-52.3053207397461,-50.8723373413086,0,9.51544825371711,0.497434015070295,0,-49.37584120345066,-50.64256630487668,-3.5841150283813477,-57.86646973287217,-51.308520954155675,0.6579516530036926,-5.578228595877315,2.9384766602368546,4.790662813202446,0.455651551485062,0.0478201555704241,136.540050069254
0,132.007986281638,-52.2928237915039,-50.9667854309082,0,9.51264834424087,0.474803147452952,0,-49.36291489680005,-50.72385820663151,-3.5775976181030273,-57.85671121337915,-51.42810343640229,0.6711596250534058,-5.582979271454862,2.9399625452647373,4.7951126575628065,0.433918595314026,0.0455581956697966,136.635321341653
0,132.103208387784,-52.2801551818848,-51.0611610412598,0,9.50976412698425,0.451845896726936,0,-49.3498990406701,-50.80571327369513,-3.5691332817077637,-57.847052698992705,-51.546460439836274,0.684307873249054,-5.588010690061431,2.941369513522609,4.7993450641790165,0.412005603313446,0.0432756604754502,136.730543447799
0,132.198387683566,-52.2673263549805,-51.1554718017578,0,9.506778412472,0.428615429114777,0,-49.33679049097733,-50.88815127880952,-3.561002016067505,-57.837495410919445,-51.6635769995935,0.6973913311958313,-5.593295469024271,2.9427029602387904,4.803356218353816,0.389969170093536,0.0409784908484126,136.82572274358
0,132.293531639411,-52.2543678283691,-51.2497291564941,0,9.50367587406038,0.405155111607534,0,-49.32358936094919,-50.97117150990155,-3.556063175201416,-57.82803699376031,-51.77948197911656,0.7067785263061523,-5.598787906173014,2.9439865467707813,4.807149934784486,0.36785688996315,0.0386716751911748,136.920866699425
0,132.388642128927,-52.2412948608398,-51.343936920166,0,9.50052493791746,0.381500602066089,0,-49.31029238524272,-51.054794502298655,-3.547922372817993,-57.81867999948106,-51.89414410620245,0.716784656047821,-5.604458308552446,2.945229846678592,4.810720491425107,0.345709145069122,0.0363591231880359,137.015977188942
0,132.483703741935,-52.2281379699707,-51.4380836486816,0,9.49777929209394,0.357678215632111,0,-49.27228542028043,-51.136490043671515,-3.5391197204589844,-57.80942491585081,-52.00755740364955,0.7273364067077637,-5.610264194300391,2.9711989159417533,4.814069795624326,0.323562562465668,0.0340430490428501,137.111038801949
0,132.578732267712,-52.2149200439453,-51.5321884155273,0,9.49583097194516,0.333705984430324,0,-49.22899375119574,-51.218080134347275,-3.532007932662964,-57.80026974775426,-52.11974631992462,0.733538806438446,-5.6161691218177,3.0024023444633476,4.817199754730776,0.30145263671875,0.0317262033150438,137.206067327727
0,132.673734773861,-52.2016448974609,-51.6262588500977,0,9.49477065170086,0.309598613080623,0,-49.185476064996614,-51.30009619050901,-3.52764892578125,-57.791215042624984,-52.23070414668765,0.737288773059845,-5.622156928108582,3.033752874978276,4.820108461395806,0.279410094022751,0.0294121557420332,137.301069833875
0,132.768737280009,-52.1883697509766,-51.720329284668,0,9.4946156889913,0.28537052642741,0,-49.14170844306187,-51.38258329063287,-3.5212132930755615,-57.78225881640313,-52.34045519693024,0.7402404546737671,-5.628156982828179,3.0653250205535203,4.822795915619446,0.257459104061127,0.0271040873477785,137.396072340023
0,132.863739786157,-52.1750946044922,-51.8143997192383,0,9.49536547000234,0.261036652577514,0,-49.0976841661007,-51.465554098299584,-3.5146288871765137,-57.77340052269663,-52.449006166229395,0.7414172291755676,-5.634159608705225,3.0971193508757624,4.8252640247503065,0.235617518424988,0.0248045781212633,137.491074846171
0,132.958742292305,-52.1618194580078,-51.9084701538086,0,9.49696388976698,0.239555754893707,0,-49.05341152342572,-51.548992990970596,-3.509568929672241,-57.76463523809156,-52.55641738689894,0.7400377988815308,-5.640157824247918,3.129125072344483,4.827524232880187,0.216140106320381,0.0227516266823846,137.586077352319
0,133.053750136418,-52.1485061645508,-52.0025405883789,0,9.49935789901658,0.224782065944944,0,-49.008939570926046,-51.63280751495853,-3.504798412322998,-57.75594538444375,-52.662904264371285,0.7386693954467773,-5.646189404311884,3.1612625549589253,4.8296146869817465,0.202018082141876,0.0212605472808136,137.681085196432
0,133.148768701504,-52.1351165771484,-52.0966110229492,0,9.50255007832203,0.216176660900745,0,-48.96434695872833,-51.716849441490936,-3.501255989074707,-57.74730538429628,-52.76878022895629,0.7373058795928955,-5.652298174068681,3.1934305741392692,4.831590700165346,0.192954629659653,0.0203003106888482,137.776103761518
0,133.243813181845,-52.1215972900391,-52.1906890869141,0,9.50652034179327,0.212834892797252,0,-48.918366785242775,-51.8008409377796,-3.4940271377563477,-57.73869314963028,-52.874315950823444,-2.962857484817505,-5.658543238758092,3.226866474808232,4.833498048798156,0.188329249620438,0.0198055715299674,137.871148241859
0,133.338949083121,-52.1079139709473,-52.2848358154297,0,9.51125621207664,0.213657046569286,0,-48.87147948016129,-51.88480602685919,-3.482017755508423,-57.73008937826066,-52.979747962082705,-2.933478832244873,-5.664958887950114,3.261063023753615,4.835367250458306,0.187333181500435,0.0196909777004149,137.966284143135
0,133.434115387453,-52.0940208435059,-52.3789825439453,0,9.51674450127209,0.217804662518531,0,-48.82466220830699,-51.96864570147641,-3.4705235958099365,-57.721477120908624,-53.085283961948235,-2.898655891418457,-5.671606989835619,3.2950086812991906,4.837245988861627,0.189325422048569,0.0198887190966457,138.061450447468
0,133.529318206277,-52.0798797607422,-52.4731292724609,0,9.52298299561186,0.224628687526689,0,-48.77796224027198,-52.05227531015746,-3.4610681533813477,-57.711866704790644,-53.19096792419879,-2.8606114387512207,-5.677549583038529,3.328629953836068,4.839162874237607,0.19379235804081,0.0203443047119199,138.156653266291
0,133.624624582072,-52.0654754638672,-52.5673408508301,0,9.52996244651236,0.233617655553458,0,-48.731369376492395,-52.13571311812974,-3.440023183822632,-57.68450673114773,-53.29477113118401,-2.815361261367798,-5.665921566298986,3.3619288959622255,4.8411312580266666,0.200318112969398,0.021013508911961,138.251959642086
0,133.719987688969,-52.0507736206055,-52.661563873291,0,9.53767976810358,0.244362564080156,0,-48.68495490618938,-52.218831461715524,-3.41906476020813,-57.657034782149275,-53.398999170486675,-2.769895076751709,-5.654553477418377,3.3948118661529953,4.843175935761046,0.208562985062599,0.0218600929188794,138.347322748983
0,133.815434625814,-52.0357513427734,-52.7558212280273,0,9.54613337491865,0.256531701520007,0,-48.63872850397597,-52.301613015761625,-3.399022102355957,-57.62942793083952,-53.50373902653033,-2.7367992401123047,-5.643456281853933,3.427253895964078,4.845308351532526,0.218247383832932,0.0228541352090087,138.442769685828
0,133.910977001441,-52.0203895568848,-52.8501205444336,0,9.55532001839361,0.269852281125889,0,-48.59271894899574,-52.384006243005395,-3.3669323921203613,-57.60165906266149,-53.60909357141585,-2.746474504470825,-5.63263786797974,3.4592178795476993,4.847545671478816,0.229139491915703,0.0239707482530508,138.538312061455
0,134.006617196393,-52.0046577453613,-52.9444580078125,0,9.56523613188214,0.284097334494921,0,-48.546943536067246,-52.465980172142864,-3.32499623298645,-57.573717468644865,-53.71510343476804,-2.7389378547668457,-5.622127762296648,3.4906630591309007,4.849895524994446,0.241045907139778,0.025189096710782,138.633952256408
0,134.102359123526,-51.9885406494141,-53.0388336181641,0,9.57588283824516,0.299075961536444,0,-48.50142233049552,-52.54749887052397,-3.283289670944214,-57.54558923437012,-53.82182140762346,-2.720970392227173,-5.611938956724688,3.5215627219142505,4.852367448822566,0.253804326057434,0.0264916179546019,138.72969418354
0,134.198225655424,-51.9720230102539,-53.1332664489746,0,9.58725751747911,0.314625565804036,0,-48.45616934570714,-52.62853724311269,-3.2386486530303955,-57.517252873696215,-53.92932900798268,-2.745140314102173,-5.6020790637286595,3.551897881662265,4.854972887054986,0.26727768778801,0.0278634301696695,138.825560715439
0,134.294201190492,-51.9550743103027,-53.2277336120606,0,9.59935676065199,0.330605980996307,0,-48.411198104953584,-52.70907107267123,-3.194091796875,-57.48871343502918,-54.037607082291544,-2.7626659870147705,-5.5925894718357085,3.581629432060981,4.8577118396917065,0.28134959936142,0.0292918467559796,138.921536250506
0,134.390315193627,-51.937686920166,-53.3222618103027,0,9.61217830958647,0.346895562809396,0,-48.36651938564241,-52.78908105917836,-3.146568536758423,-57.45994769150148,-54.146743752833,-2.7793262004852295,-5.583469754569221,3.6107505138135485,4.860595750824516,0.295920580625534,0.0307659774356881,139.017650253642
0,134.486569996664,-51.9198379516602,-53.4168472290039,0,9.62571919787894,0.363386987939975,0,-48.322144392586765,-52.8685471372212,-3.0993640422821045,-57.43095049793083,-54.25675854032838,-2.7981505393981934,-5.574747752907961,3.6392350756233642,4.863628435150696,0.310905158519745,0.0322764293665811,139.113905056678
0,134.582962322221,-51.9015159606934,-53.5114822387695,0,9.63997574884066,0.379984872626247,0,-48.278086963770654,-52.94744452594366,-3.091054677963257,-57.40171799546756,-54.367666085178186,-2.8087828159332275,-5.5664417002412705,3.6670664347991293,4.866813707367486,0.326229423284531,0.0338150517684834,139.210297382235
0,134.679505493734,-51.882682800293,-53.6061706542969,0,9.65494930383149,0.396603531539124,0,-48.23434535927599,-53.025776341165205,-3.1278905868530273,-57.37224767608672,-54.47947590278019,-2.810744524002075,-5.5585955584640825,3.6942148884765933,4.870151567474917,0.34182932972908,0.0353747373793559,139.306840553748
0,134.77621085847,-51.8633689880371,-53.700927734375,0,9.67094628725705,0.409431416217432,0,-48.19089507005511,-53.1035864733241,-3.1644811630249023,-57.34255298775679,-54.59213697180397,-2.81255841255188,-5.55119007129669,3.720736655611609,4.873630571381167,0.354662418365479,0.0366401584424372,139.403545918485
0,134.87308570923,-51.8435859680176,-53.7957611083984,0,9.68661651671993,0.418814653964076,0,-48.147683715022865,-53.18096872568916,-3.2008655071258545,-57.312670055478314,-54.70551223470124,-2.8125743865966797,-5.544233749358452,3.746686954834746,4.877224016205377,0.364548355340958,0.037599102894633,139.500420769244
0,134.970119842947,-51.823356628418,-53.8906631469727,0,9.70061030804934,0.425050171570563,0,-48.1046626924426,-53.258010133528,-3.2495007514953613,-57.282641756811564,-54.81943901484366,-2.800783634185791,-5.537726855474061,3.772125982106222,4.880903291718076,0.371385395526886,0.0382480464489475,139.597454902961
0,135.067261772435,-51.8027038574219,-53.9855842590332,0,9.71227548934679,0.428306950713925,0,-48.061796049158296,-53.3347750812181,-3.2780821323394775,-57.25252669847417,-54.93369495948628,-2.770878791809082,-5.531679934628235,3.79709676145552,4.884635972992486,0.375225841999054,0.0385966717830966,139.694596832449
0,135.164549658303,-51.781665802002,-54.0805702209473,0,9.72130286280281,0.428703166969722,0,-48.01900683423407,-53.41140137135175,-3.3032164573669434,-57.22235449379127,-55.04816771625043,-2.740924119949341,-5.5260599303554905,3.821699812517132,4.888393449799127,0.376205861568451,0.0386615442235514,139.791884718317
0,135.26191367069,-51.7602615356445,-54.1755523681641,0,9.72753405015989,0.426345814884239,0,-47.97626606814534,-53.48794090003085,-3.3244664669036865,-57.19218799973117,-55.162618807022966,-2.7491490840911865,-5.5208808414931925,3.8459629781320763,4.892143297211236,0.374504894018173,0.0384625440420237,139.889248730704
0,135.359280528882,-51.738525390625,-54.2704620361328,0,9.73180951385367,0.421285712840505,0,-47.93357517532544,-53.564391116401374,-3.32476544380188,-57.15179382909122,-55.27498278116967,-2.7644665241241455,-5.505682256914571,3.869907270801016,4.895868349091126,0.370373547077179,0.0380224249343971,139.986615588897
0,135.456713380333,-51.716495513916,-54.3653717041016,0,9.73513837687617,0.413621435737653,0,-47.8908487301018,-53.64090499948813,-3.326009511947632,-57.101515866760366,-55.38513860098485,-2.7751879692077637,-5.480727025178954,3.8936390845328015,4.8995438099065565,0.364035844802856,0.0373603023203326,140.084048440347
0,135.554157805974,-51.6942024230957,-54.4602317810059,0,9.7380675270461,0.403527922083741,0,-47.848057883892665,-53.717534210902535,-3.339433431625366,-57.0514934605324,-55.49473451362167,-2.7666149139404297,-5.456259081420991,3.9171963822456997,4.9031429767766666,0.355670005083084,0.0364923566275373,140.181492865989
0,135.651628868762,-51.6716804504395,-54.5550651550293,0,9.74097167965077,0.391206403973475,0,-47.805517185455045,-53.79442566412794,-3.349595785140991,-57.001750719701036,-55.603717697149975,-2.758094310760498,-5.432248266543225,3.9402780138759184,4.906650590912417,0.345443248748779,0.0354343502879906,140.278963928777
0,135.749148624178,-51.6489486694336,-54.6498985290527,0,9.74409001100844,0.376866178688387,0,-47.763428592293494,-53.871731534276215,-3.355389356613159,-56.9523173234061,-55.712023126460814,-2.7481470108032227,-5.408680776340699,3.9626771432477725,4.910047578827446,0.33351793885231,0.0342021440122882,140.376483684192
0,135.846704828466,-51.6260452270508,-54.7447280883789,0,9.74753545587656,0.360719637056293,0,-47.721146209550916,-53.949393345810556,-3.3581602573394775,-56.9032323558048,-55.81956517064991,-2.738163948059082,-5.3855342116926295,3.985071353138841,4.913316774384096,0.320051997900009,0.0328116860601086,140.47403988848
0,135.944224739294,-51.6029968261719,-54.839485168457,0,9.75118024909108,0.343048436182814,0,-47.67867521031736,-54.02740159710122,-3.3600549697875977,-56.854551808515225,-55.92622115564086,-2.728261709213257,-5.362818740029859,4.007465517197771,4.916444826141906,0.305245220661163,0.0312840594910909,140.571559799308
0,136.041827345952,-51.579833984375,-54.9342994689941,0,9.7550971458062,0.32413993756129,0,-47.635923691885495,-54.10592508967437,-3.358769416809082,-56.806248947724065,-56.03204965351941,-2.7184948921203613,-5.340455864132233,4.029966812210493,4.9194183826604565,0.289329200983047,0.0296429248228999,140.669162405966
0,136.13947206207,-51.5565719604492,-55.0291328430176,0,9.7596663234544,0.30420679793705,0,-47.59289163902758,-54.18496385149943,-3.356340169906616,-56.758352580526854,-56.13698754977022,-2.705683469772339,-5.318445606630702,4.052577325192672,4.922229814545226,0.272513449192047,0.0279088603538606,140.766807122085
0,136.2371349819,-51.5332336425781,-55.123966217041,0,9.76513387685665,0.283425045440677,0,-47.54956242775597,-54.264548416546155,-3.3545117378234863,-56.71089269981626,-56.2409691318718,-2.692988157272339,-5.29677721116727,4.075320270065872,4.924867677704406,0.254968732595444,0.0260991206434489,140.864470041915
0,136.334857966673,-51.5098609924316,-55.2188529968262,0,9.77154830726826,0.261948798584236,0,-47.50590521178462,-54.34473544147146,-3.355226993560791,-56.66384932717564,-56.344038171265204,-2.6792516708374023,-5.2753803115467415,4.098261020720336,4.927330064789366,0.236829355359077,0.0242279214380991,140.962193026687
0,136.432640970786,-51.4864387512207,-55.3137893676758,0,9.77890266840466,0.239908359345673,0,-47.4618992349269,-54.425563050026895,-3.354217529296875,-56.61723408014671,-56.446169214654915,-2.6599693298339844,-5.254269199914805,4.1213910648680825,4.929609346405576,0.218205139040947,0.0223071554467931,141.059976030801
0,136.530498049502,-51.4630165100098,-55.4088020324707,0,9.78717916791561,0.217413613916904,0,-47.41751546079794,-54.50708457454863,-3.3531956672668457,-56.567334894556495,-56.546523402987965,-2.6420018672943115,-5.229577046736481,4.144776605933756,4.931697893158506,0.199186831712723,0.020346792511115,141.157833109516
0,136.628440318223,-51.4395942687988,-55.5039024353027,0,9.7963622774584,0.194557856945634,0,-47.37274245586227,-54.589321015486895,-3.35211181640625,-56.51613221751034,-56.645548971356085,-2.637148380279541,-5.203325317332279,4.168422104568755,4.933595705048156,0.179849669337273,0.0183552022526011,141.255775378237
0,136.72645782992,-51.4162292480469,-55.5990943908691,0,9.80644458561148,0.17292288716542,0,-47.32758262316283,-54.67226795907279,-3.3489646911621094,-56.46540435991613,-56.74365624269731,-2.641009569168091,-5.177276421341634,4.192378615756475,4.935304689423156,0.161401763558388,0.0164561859873998,141.353792889934
0,136.824589357896,-51.3928833007813,-55.6944084167481,0,9.81745415224734,0.154227938153688,0,-47.28203896736844,-54.75591988650608,-3.3446764945983887,-56.41509307905765,-56.840957857959516,-2.6435704231262207,-5.151423752532574,4.216610232751946,4.936838197723937,0.145188987255096,0.0147870387466822,141.451924417911
0,136.922824633965,-51.3695373535156,-55.7898292541504,0,9.82943773729841,0.138119906745586,0,-47.2361672662009,-54.84017434852449,-3.340355157852173,-56.36513162794383,-56.93758290529019,-2.634320020675659,-5.125748784168504,4.24106032950337,4.938222932831357,0.131006345152855,0.0133266436010916,141.550159693979
0,137.021189604371,-51.34619140625,-55.885383605957,0,9.84241039551064,0.12427653593956,0,-47.189977900811265,-54.925012277636,-3.336324453353882,-56.31546961964179,-57.03362883261504,-2.625663995742798,-5.100215001608584,4.26572664279515,4.939472246185846,0.118649587035179,0.0120539710428047,141.648524664385
0,137.119686906308,-51.3228187561035,-55.9810676574707,0,9.85638038471894,0.112406614724721,0,-47.143513868953484,-55.01035469807699,-3.333045482635498,-56.26604574548795,-57.12921421039962,-2.617027521133423,-5.074813649345303,4.290556256395075,4.940609025971006,0.107921592891216,0.0109487023775822,141.747021966322
0,137.218329383803,-51.2993965148926,-56.0768890380859,0,9.8713557542683,0.102249414491482,0,-47.09678543420782,-55.096182758302604,-3.329671621322632,-56.21682693327458,-57.2244030000295,-2.607896566390991,-5.049545545144027,4.315521370900729,4.941642808929986,0.0986365452408791,0.0099916624075899,141.845664443817
0,137.317120004959,-51.2759590148926,-56.1728591918945,0,9.88734123052027,0.0935729939316422,0,-47.04982428711066,-55.18243825098615,-3.3262815475463867,-56.167766871296315,-57.31928476797288,-2.598680257797241,-5.024348286639747,4.34063916693778,4.9425907612004965,0.0906224325299263,0.0091650902256085,141.944455064973
0,137.416077046139,-51.2524604797363,-56.268985748291,0,9.90434353406038,0.0861726392384725,0,-47.00263919718205,-55.269105068785336,-3.323254346847534,-56.118831334409954,-57.41392570538331,-2.5894224643707275,-4.999245223087555,4.365861004074657,4.943462419525696,0.0837223157286644,0.0084527709275119,142.043412106153
0,137.515209815619,-51.2289085388184,-56.3652801513672,0,9.9223622768281,0.0798684642669916,0,-46.955255997291815,-55.35613576339336,-3.3196191787719727,-56.070450714405496,-57.508521223999445,-2.5803844928741455,-4.974689014214047,4.391181895740115,4.944273042694636,0.0777946785092354,0.0078400844708173,142.142544875633
0,137.614522926999,-51.2052993774414,-56.4617462158203,0,9.94140078545848,0.074503296339953,0,-46.90767440696952,-55.443530849961945,-3.3159704208374023,-56.02507623816427,-57.603672487497214,-2.5711326599121094,-4.953205487066485,4.416598568818937,4.945024538055966,0.0727131441235542,0.0073139695158292,142.241857987013
0,137.714036649419,-51.1816101074219,-56.5583992004395,0,9.96142666469169,0.0720308506699466,0,-46.859936895523454,-55.53121232334564,-3.3048765659332275,-55.97970230184591,-57.698822618764964,-2.561943292617798,-4.931759754819543,4.442068463105279,4.945741701141906,0.0699635073542595,0.0070232588853799,142.341371709433
0,137.813750864145,-51.1578102111816,-56.6552314758301,0,9.98238974786523,0.0738822033009531,0,-46.81206349657267,-55.61914338696283,-3.297034740447998,-55.93430743633721,-57.79401663900007,-2.552894115447998,-4.910372428826075,4.467548884503327,4.946434068695616,0.0706881135702133,0.0070810877293426,142.441085924159
0,137.913681290347,-51.1338806152344,-56.752254486084,0,10.0043739252814,0.0754854114334337,0,-46.764172909730554,-55.707106020295114,-3.2922656536102295,-55.88876091295421,-57.88952868909585,-2.5438146591186523,-4.888995731076092,4.492959019074242,4.947158861176086,0.0714744850993156,0.0071441202793059,142.541016350361
0,138.01383257641,-51.1098022460938,-56.8494682312012,0,10.0273292402421,0.0787457819165718,0,-46.716191528764334,-55.795235418972624,-3.287816047668457,-55.843131133190276,-57.98521532963316,-2.5343542098999023,-4.867681565696197,4.5183207010804045,4.9478836536565565,0.0737308487296104,0.0073527629865062,142.641167636424
0,138.11422609135,-51.085563659668,-56.946891784668,0,10.0513084342576,0.0814700495378631,0,-46.66828921895361,-55.883478534390974,-3.284100294113159,-55.7973558283045,-58.08120713951591,-2.525062084197998,-4.846406582682472,4.543474576296575,4.9486332416692465,0.0757937133312225,0.0075404335873172,142.741561151364
0,138.214859168695,-51.0611610412598,-57.0445213317871,0,10.0762514359476,0.0856363243184649,0,-46.621682191732944,-55.972133779430905,-3.286297559738159,-55.75144094228484,-58.17749165407206,-2.5157713890075684,-4.8251784735010474,4.567164056375118,4.949405717865536,0.0791310518980026,0.0078529396308778,142.842194228709
0,138.31574674328,-51.0365791320801,-57.1423683166504,0,10.1021407927945,0.0909842887315664,0,-46.57506349788698,-56.06081121656476,-3.29668927192688,-55.70534029488871,-58.27416571427466,-2.506441593170166,-4.803987525443736,4.590739321165524,4.9502201557317465,0.0835643112659454,0.0082716053942438,142.943081803295
0,138.416896435516,-51.0117874145508,-57.2404327392578,0,10.1288793425545,0.0989912380760043,0,-46.528452073487166,-56.14947482585828,-3.2988500595092773,-55.65903178882206,-58.371275658629926,-2.4974937438964844,-4.782853330647925,4.6141613484185,4.951086092011046,0.090239480137825,0.0089087023145803,143.04423149553
0,138.518317879455,-50.9867477416992,-57.3387145996094,0,10.1562492924697,0.109127546700781,0,-46.481904506795566,-56.238016965899064,-3.299705743789673,-55.61108798872351,-58.46860971514499,-2.488687753677368,-4.760376633456651,4.637364321671585,4.952030229584286,0.0987982526421547,0.0097272671293271,143.145652939469
0,138.620014264754,-50.9614486694336,-57.4372138977051,0,10.1839672040135,0.120974955373087,0,-46.43545163383966,-56.326378980820465,-3.2986462116241455,-55.55863572133161,-58.565521286450014,-2.4800877571105957,-4.733625075313326,4.660322239800077,4.953065919891906,0.108939498662949,0.0106964025985688,143.247349324768
0,138.721995541571,-50.9358520507813,-57.5359306335449,0,10.211789560183,0.134196311344689,0,-46.389130263989735,-56.4144908523455,-3.289634943008423,-55.505820165498086,-58.66310407475795,-2.4708592891693115,-4.706923468265038,4.682980481417966,4.954210329071596,0.120410420000553,0.0117902962604361,143.349330601586
0,138.824256971534,-50.9099349975586,-57.6348533630371,0,10.2394586559325,0.148521363654355,0,-46.34297622876752,-56.50228442224719,-3.278707265853882,-55.45261755103002,-58.761401998222574,-2.461507558822632,-4.68028595376948,4.7052975252878255,4.955476808563776,0.132993787527084,0.012986995109881,143.451592031548
0,138.926788359507,-50.8836822509766,-57.7339668273926,0,10.2668488081821,0.16372257257723,0,-46.297011098866015,-56.589718659050504,-3.267564535140991,-55.39902492899964,-58.86042050532573,-2.452127695083618,-4.653731555268884,4.727246146368693,4.956871080414366,0.146509498357773,0.0142683384276312,143.554123419521
0,139.029602028478,-50.857063293457,-57.8332748413086,0,10.2939578954409,0.179603947009746,0,-46.251263190901625,-56.676739699277874,-3.2537717819213867,-55.34501131353719,-58.960216846010496,-2.442349910736084,-4.627275193124267,4.748785962691008,4.958406496063776,0.160808473825455,0.0156192598354521,143.656937088492
0,139.132683461674,-50.8300666809082,-57.9327583312988,0,10.3207823234609,0.196001322628302,0,-46.20575653551431,-56.76330183217704,-3.2375879287719727,-55.29057676346075,-59.06079091160379,-2.432375431060791,-4.600935524301819,4.769892328358261,4.9600887775579166,0.175761118531227,0.0170267550435714,143.760018521688
0,139.23603704108,-50.8026657104492,-58.032413482666,0,10.3472434085408,0.212783111911509,0,-46.160501885430044,-56.849384604060816,-3.2215099334716797,-55.2357167046487,-59.162151153319144,-2.422332763671875,-4.5747402463600055,4.790536745076724,4.9619217395940565,0.191248744726181,0.01847915542659,143.863372101095
0,139.339655961406,-50.7748489379883,-58.1322288513184,0,10.3731623502498,0.229850805525233,0,-46.11551958158971,-56.9349493226717,-3.204000234603882,-55.18042783716062,-59.26430366817444,-2.4107518196105957,-4.5487051814546104,4.810699358836946,4.963911104218076,0.207157969474792,0.0199656696096655,143.96699102142
0,139.443536666179,-50.7465934753418,-58.2321929931641,0,10.3983068896054,0.247131826773522,0,-46.0708241163353,-57.0199684208764,-3.175295352935791,-55.124709849157824,-59.367249032327365,-2.3988049030303955,-4.522859183604659,4.8303527316627815,4.966060686127256,0.223381847143173,0.0214764564808819,144.070871726194
0,139.547666428651,-50.7178840637207,-58.3322868347168,0,10.4226313888502,0.264546447621727,0,-46.02643422460053,-57.104406261342184,-3.1467907428741455,-55.06856698805745,-59.4709793981883,-2.3873729705810547,-4.497228331119138,4.84947340393279,4.968374300018857,0.23984269797802,0.0230043132064468,144.175001488665
0,139.652038999987,-50.6887092590332,-58.4324989318848,0,10.4460913118597,0.282027705213053,0,-45.98236093306375,-57.18824186927336,-3.1193065643310547,-55.01200452757622,-59.57548502196159,-2.3785181045532227,-4.471833984073585,4.868047884235929,4.9708538532415165,0.256468892097473,0.0245427178176944,144.279374060002
0,139.756645298782,-50.6590423583984,-58.5328102111816,0,10.4685225605222,0.299533644596252,0,-45.938607747619635,-57.27146857580542,-3.086230516433716,-54.95503761420981,-59.68073791876179,-2.370164632797241,-4.4467193817222626,4.886050105736897,4.973497438446596,0.273185193538666,0.026085193334556,144.383980358796
0,139.861472955451,-50.6288948059082,-58.6332092285156,0,10.4898366778566,0.317020978883886,0,-45.895201228222746,-57.35403585895871,-3.0505785942077637,-54.897661600397605,-59.7867466754894,-2.3608226776123047,-4.421879531071165,4.9034823744767415,4.976312685028626,0.289931744337082,0.0276266865620183,144.488808015465
0,139.966526186098,-50.5982208251953,-58.7336845397949,0,10.5098982791929,0.334459564776042,0,-45.852124941385846,-57.435974978286254,-3.0151939392089844,-54.839897532575314,-59.893472406444026,-2.350334405899048,-4.397377535026609,4.920312616525905,4.979291963593076,0.306649416685104,0.0291624382165219,144.593861246113
0,140.071767119034,-50.5670204162598,-58.8341941833496,0,10.5286486557858,0.351813477014128,0,-45.80940844791064,-57.51722970363832,-2.9773521423339844,-54.781761472821906,-60.00088543509519,-2.3395276069641113,-4.3732380052736595,4.93652378523596,4.982439088837216,0.323295086622238,0.030689099807627,144.699102179049
0,140.177212417518,-50.5352821350098,-58.9347496032715,0,10.5458650735023,0.369076548133748,0,-45.76704158854878,-57.597819359797136,1.0241564512252808,-54.72325489838009,-60.10898303206783,-2.3300061225891113,-4.349475831871489,4.952120796672001,4.985752153412417,0.339809268712997,0.0322023235207224,144.804547477533
0,140.282825521759,-50.5029907226563,-59.0353050231934,0,10.5615665265818,0.386207728835616,0,-45.725039537768474,-57.67771508209836,1.0252331495285034,-54.664405274095124,-60.2177144529148,-2.320058584213257,-4.326137206379482,4.967078414252529,4.989229249970026,0.356172353029251,0.0337009154794795,144.910160581774
0,140.388593296699,-50.4701385498047,-59.1358413696289,0,10.5756079248359,0.403195422839013,0,-45.683405737966055,-57.75691032246311,1.0263036489486694,-54.605228016359916,-60.32705121408458,-2.309908390045166,-4.3032482835579,4.981391557062188,4.992868471161437,0.37234228849411,0.0351820890687311,145.015928356713
0,140.494482289857,-50.4367256164551,-59.2363204956055,0,10.5880067495883,0.417921837109804,0,-45.64213935552701,-57.83540666658144,1.0273644924163818,-54.545759966594616,-60.43692524683403,-2.3003990650177,-4.280842797779312,4.995059255887888,4.996662187592096,0.386571884155273,0.0364819469038496,145.121817349871
0,140.600500142208,-50.402759552002,-59.3367500305176,0,10.5989595383681,0.429903588971437,0,-45.60117392510427,-57.91333054392078,1.0284167528152466,-54.486056409188116,-60.547234392916344,-2.2905943393707275,-4.258941842232398,5.008128150043133,5.000583696381167,0.398413300514221,0.0375589670297087,145.227835202222
0,140.706627731596,-50.3682632446289,-59.4371147155762,0,10.6083790961801,0.439177227808871,0,-45.56047302201578,-57.9907512410095,1.0294628143310547,-54.42616824733567,-60.65788461347465,-2.280647039413452,-4.2375549736384075,5.0206388164470654,5.004613924042296,0.407812118530273,0.0384095526720931,145.33396279161
0,140.812846937483,-50.3332557678223,-59.5373992919922,0,10.616494233465,0.445726084419328,0,-45.51997660082926,-58.067782975441595,1.0305029153823853,-54.36616435443867,-60.768748660358696,-2.2707066535949707,-4.216701665399229,5.032636332706844,5.008724260346006,0.414776355028152,0.0390346633434476,145.440181997497
0,140.919144089207,-50.2977638244629,-59.6375961303711,0,10.6234946148957,0.449554978897536,0,-45.47964453930997,-58.14450206717916,1.0315393209457397,-54.30609031321766,-60.87974231428501,-2.2606799602508545,-4.1963803906062855,5.044165275593331,5.012895631805966,0.419325172901154,0.0394361970224524,145.546479149221
0,141.025502899427,-50.2618103027344,-59.7376937866211,0,10.629402650542,0.450716059735908,0,-45.439396676426924,-58.22106099743096,1.0325732231140137,-54.246026848698925,-60.990716426545596,-2.2503697872161865,-4.176607142322679,5.0552792406001394,5.017091798798156,0.421485483646393,0.0396171914273462,145.652837959441
0,141.131912708022,-50.2254219055176,-59.8376884460449,0,10.6346880187409,0.449246636021032,0,-45.39917695878327,-58.29756639019616,1.033605933189392,-54.18602711356741,-61.10157279148293,-2.2400646209716797,-4.157378651587394,5.06602568418187,5.021287965790346,0.421339422464371,0.0395840461807773,145.759247768036
0,141.238376872308,-50.1886253356934,-59.9375915527344,0,10.6397307549596,0.445227737441217,0,-45.35898176933641,-58.37402512576336,1.034639835357666,-54.12608665126029,-61.212319643105985,-2.2294981479644775,-4.138663228141194,5.076435457050989,5.025484132782526,0.418969988822937,0.0393434436381515,145.865711932322
0,141.344892589949,-50.1514434814453,-60.0374069213867,0,10.6445191379148,0.438800956207735,0,-45.31874650056143,-58.45056009967631,1.0356725454330444,-54.06625741096716,-61.32286099935232,-2.218548536300659,-4.1204563205228695,5.086555115657001,5.029653596893857,0.414447873830795,0.0389022905108348,145.972227649963
0,141.451450547095,-50.1139068603516,-60.137134552002,0,10.6489351327115,0.43013150722433,0,-45.278400087834484,-58.52730649008337,1.0367101430892944,-54.006600942857595,-61.4330831392523,-2.207629442214966,-4.102749073581425,5.096437200240928,5.033765840546196,0.407856941223145,0.0382690504784515,146.078785607109
0,141.558046057198,-50.076042175293,-60.2367782592773,0,10.6531065109791,0.41937275003051,0,-45.237901189509124,-58.60434293649484,1.037750244140625,-53.947149203380825,-61.542927019615284,-2.1962976455688477,-4.085522513344336,5.106119199684789,5.037803697601866,0.399312168359756,0.0374541566719538,146.185381117213
0,141.664674183182,-50.0378761291504,-60.3363418579102,0,10.6569917495343,0.406695447439733,0,-45.19719929769028,-58.681765514332795,1.038796305656433,-53.88794130127865,-61.65232038257308,-2.1849963665008545,-4.068759185182733,5.115640239829293,5.041746187225886,0.388926893472672,0.0364684521094896,146.292009243197
0,141.771331941092,-49.999439239502,-60.4358329772949,0,10.6605902190588,0.392267361715043,0,-45.15625196868086,-58.75965495941312,1.0398485660552979,-53.82900730942917,-61.761207665047905,-2.1730687618255615,-4.052432561455166,5.12504006695304,5.045576143280576,0.376825034618378,0.0353235782411664,146.398667001106
0,141.878021039657,-49.9607582092285,-60.5352630615234,0,10.6640200506449,0.376244382707473,0,-45.11501912066053,-58.8380875148222,1.0409082174301147,-53.77037101955052,-61.86954490912261,-2.160360097885132,-4.036515553469646,5.134354112329623,5.049278306976866,0.363139778375626,0.0340316287846458,146.505356099672
0,141.98474298321,-49.9218597412109,-60.6346435546875,0,10.6670899609872,0.358794729323065,0,-45.073460706422566,-58.917139357804885,1.0419763326644897,-53.71205607612912,-61.97728842890737,-2.1479809284210205,-4.020980417198822,5.143616807932514,5.052837419525696,0.347989618778229,0.0326042938083809,146.612078043224
0,142.091489202568,-49.8827781677246,-60.7339782714844,0,10.6695660624244,0.340093129644866,0,-45.0298239264697,-58.99626298514341,1.043060302734375,-53.654090688818755,-62.08438610384424,-2.1327245235443115,-4.005795731869053,5.154689057944919,5.0562382221379965,0.331506192684174,0.0310544881138064,146.718824262582
0,142.198237420396,-49.8435363769531,-60.833251953125,0,10.6714444678538,0.320370930450604,0,-44.98270036686398,-59.074974508318675,1.044167399406433,-53.59650239591392,-62.190787053788156,-2.1161558628082275,-3.990946690825023,5.1690682226000595,5.059469270721986,0.313894540071487,0.029401191479627,146.82557248041
0,142.305016388674,-49.8041725158691,-60.9325103759766,0,10.6729639425914,0.299829017031925,0,-44.935125029084716,-59.15444064656281,1.0452868938446045,-53.53928992801018,-62.29649362410887,-2.0998497009277344,-3.976374276104418,5.1835466035542614,5.062521028534486,0.295359224081039,0.0276626763190113,146.932351448688
0,142.411781610315,-49.7647018432617,-61.0317115783691,0,10.6741325483656,0.278637588977412,0,-44.88708646501614,-59.2346805219166,1.046417236328125,-53.48249163576072,-62.401434937098934,-2.0868749618530273,-3.9620831668025396,5.198120082871531,5.065382051483696,0.27606526017189,0.0258542086591359,147.03911667033
0,142.518555930978,-49.7251586914063,-61.1308937072754,0,10.6747942359522,0.256938992561607,0,-44.838547446913054,-59.315756316705716,1.0475597381591797,-53.42610551199799,-62.50561467820104,-2.064279794692993,-3.94802040480422,5.212839264877821,5.068044710175107,0.256149381399155,0.023988772794359,147.145890990993
0,142.625350041628,-49.6855621337891,-61.2300758361816,0,10.6750810903667,0.23483612613661,0,-44.78949289619451,-59.39769321701717,1.0487133264541626,-53.370124960947166,-62.609045077846325,-2.041156053543091,-3.9341529452643864,5.2277260871564355,5.070507097260066,0.23573824763298,0.0220776990154463,147.252685101643
0,142.732140609491,-49.6459655761719,-61.3292541503906,0,10.6750594520663,0.212754035576495,0,-44.73991998973841,-59.48049593837422,1.0498778820037842,-53.314563272498816,-62.711701581458854,-2.0391368865966797,-3.9204298179105765,5.242822734239786,5.072765398041316,0.2151999771595,0.0201551337086634,147.359475669506
0,142.838890780494,-49.6062965393066,-61.4283599853516,0,10.674745555465,0.193877799663949,0,-44.689865629388734,-59.56410284281122,1.051055908203125,-53.25942015027861,-62.81358473662371,-2.040921688079834,-3.9069373847782694,5.258017457702914,5.074827241913386,0.197024241089821,0.0184539998671744,147.466225840508
0,142.945642369121,-49.5666236877441,-61.5274658203125,0,10.6740936873777,0.17779382717978,0,-44.63937631680934,-59.648436257571205,1.0522435903549194,-53.20462042268744,-62.91483343137239,-2.0416698455810547,-3.89355995609114,5.273378305416673,5.076719331757136,0.181022047996521,0.016956656650424,147.572977429135
0,143.052410978403,-49.5269050598145,-61.6265716552734,0,10.6731490038473,0.164124026158216,0,-44.58848795161549,-59.733436218733324,1.053439974784851,-53.15012133795373,-63.01552665443825,-2.0342016220092773,-3.8803211449412367,5.288849148504472,5.0784588337102665,0.167001277208328,0.0156450112352162,147.679746038417
0,143.15913075773,-49.4871559143066,-61.7256126403809,0,10.6720696769782,0.152527512080488,0,-44.53729482483824,-59.81894522990431,1.0546447038650513,-53.09590884896354,-63.115690359453055,-2.027333974838257,-3.8672230099201577,5.304385489310367,5.080068635956357,0.154772251844406,0.0145010716277958,147.786465817744
0,143.265865513042,-49.4473381042481,-61.8246421813965,0,10.6710047730932,0.142703868466201,0,-44.485803110315416,-59.90495297878637,1.0558544397354126,-53.04192146853551,-63.21543815093878,-2.0216052532196045,-3.8542629634869097,5.319965801641631,5.081563997284486,0.144149780273438,0.0135073402464264,147.893200573057
0,143.37257842879,-49.4074745178223,-61.9236297607422,0,10.6699757988228,0.134393719763828,0,-44.43407697966662,-59.9913522781049,1.0570727586746216,-52.988142760257105,-63.314800397026595,-2.0159361362457275,-3.8414243193952253,5.335576758180894,5.082962083832336,0.134954571723938,0.0126470641070006,147.999913488805
0,143.479279466138,-49.3675575256348,-62.0225830078125,0,10.6688305943808,0.127376563722473,0,-44.38352052440907,-60.07865136756431,1.0582873821258545,-52.93454843490711,-63.413821974799866,-2.0101757049560547,-3.828703437208913,5.349719156324486,5.084272432343076,0.127015545964241,0.0119044438122621,148.106614526152
0,143.58596444657,-49.327579498291,-62.1214942932129,0,10.6675586616714,0.121458029499729,0,-44.33898724897155,-60.16866789355633,1.059482455253601,-52.88111081605775,-63.5125540195892,-2.002166748046875,-3.816101674313094,5.357199228810306,5.085510301605776,0.120179064571857,0.0112651150494647,148.213299506585
0,143.69264621874,-49.287525177002,-62.2203712463379,0,10.6663249016678,0.116464647122885,0,-44.29430464501822,-60.258986262026625,1.0606787204742432,-52.82781186432695,-63.61102986119332,-1.9935277700424194,-3.803624746412537,5.364632544518415,5.086681413666316,0.114307872951031,0.0107160676777332,148.319981278754
0,143.799308505055,-49.2474098205566,-62.3192024230957,0,10.6653420687918,0.112240651237338,0,-44.249515676221755,-60.34951962913721,1.0618798732757568,-52.77463022465249,-63.70928895550497,-1.9849108457565308,-3.7912563018946637,5.372019749292871,5.087801027313776,0.109274514019489,0.0102451906973964,148.42664356507
0,143.905968365349,-49.2072257995605,-62.4180030822754,0,10.6648470319387,0.108654124675263,0,-44.20462589592283,-60.44025676974397,1.0630847215652466,-52.721546294899014,-63.8073675196863,-1.9763659238815308,-3.778992204794616,5.379357421905265,5.0888748645940565,0.10496710985899,0.0098418348011527,148.533303425363
0,144.012627292232,-49.1669692993164,-62.516773223877,0,10.6648815168133,0.105600835016733,0,-44.15964329801717,-60.53118152553121,1.0642895698547363,-52.668551547187626,-63.9052813099581,-1.9676623344421387,-3.7668332779298184,5.3866397759481774,5.089906740204406,0.101284570991993,0.0094965524002039,148.639962352246
0,144.119271217881,-49.1266403198242,-62.6154975891113,0,10.6653990968834,0.10299735367064,0,-44.11458743401515,-60.622254376409224,1.065496802330017,-52.61564159228598,-64.00303843592357,-1.9589587450027466,-3.75478354646609,5.3938569349890715,5.090902376190736,0.0981374531984329,0.0092010506546716,148.746606277895
0,144.225945463577,-49.0862312316895,-62.7142219543457,0,10.6665982434826,0.100766933672617,0,-44.06945602406801,-60.713479930708765,1.066707730293274,-52.56278023105253,-64.10070577959095,-1.949461579322815,-3.742823846060452,5.401018619570988,5.091869401947566,0.0954547375440598,0.0089485397516798,148.853280523591
0,144.332648633413,-49.0457458496094,-62.8129463195801,0,10.6685961118486,0.0988479973747354,0,-44.02427688073095,-60.8048019700275,1.0679186582565308,-52.50994707229103,-64.19832102848626,-1.9393835067749023,-3.730945348742821,5.4081229954624055,5.0928192615667065,0.093172624707222,0.0087329789907568,148.959983693427
0,144.439362503712,-49.0051765441895,-62.9116477966309,0,10.6711462264309,0.0971998752703898,0,-43.97891473868669,-60.89624715498462,1.0691320896148682,-52.45718114568789,-64.29581212352868,-1.9293187856674194,-3.7191728452200783,5.41526984404329,5.0937347889104565,0.0912274867296219,0.0085486320363446,149.066697563727
0,144.546058928103,-48.9645233154297,-63.0102958679199,0,10.6741393740281,0.0957848306055757,0,-43.929244534491204,-60.98592656456762,1.0703625679016113,-52.40443428663246,-64.39326798909204,-1.920013427734375,-3.707505816278709,5.426979222193916,5.0946503162542065,0.0895686149597168,0.0083908412479584,149.173393988117
0,144.652793182034,-48.923770904541,-63.108943939209,0,10.6776284281636,0.0945660199674322,0,-43.87946541604989,-61.07580261850551,1.071596622467041,-52.351747436389324,-64.4906129814992,-1.9105700254440308,-3.695948111828137,5.438628640675283,5.0955276966253065,0.0881564691662788,0.008255860615595,149.280128242048
0,144.759575064703,-48.8829307556152,-63.2076072692871,0,10.6818455318996,0.0935064598195944,0,-43.82967332677013,-61.16570209125458,1.0728307962417603,-52.29904777788183,-64.58798163864226,-1.901125431060791,-3.684465892011012,5.450209849010763,5.096405076996396,0.0869618132710457,0.0081407731766703,149.386910124717
0,144.866448375177,-48.8419990539551,-63.3063316345215,0,10.6870160793516,0.0925748344008939,0,-43.779846770479544,-61.25566379409171,1.074066162109375,-52.246314210621314,-64.6854129460916,-1.8921031951904297,-3.673040559240972,5.461741877173413,5.097282457367486,0.0859588608145714,0.008042996784966,149.493783435192
0,144.973358246982,-48.8009719848633,-63.4050559997559,0,10.6932089575594,0.0917493483843112,0,-43.72992597046313,-61.34579565370243,1.0753039121627808,-52.193629919123204,-64.78275321092417,-1.883123755455017,-3.661717829729304,5.473213028285319,5.098127412811826,0.0851214453577995,0.0079600345033088,149.600693306996
0,145.08031267488,-48.759838104248,-63.5037841796875,0,10.7004405491949,0.0910128974476589,0,-43.679977942123045,-61.43597667397254,1.076541781425476,-52.140943815888164,-64.88009682314828,-1.8741296529769897,-3.6504948056168707,5.484597263923329,5.0989666462102665,0.0844261795282364,0.0078896869191224,149.707647734894
0,145.187373640294,-48.7186012268066,-63.6025848388672,0,10.7087205289646,0.0903513120548471,0,-43.62998750882714,-61.526234256267365,1.0777795314788818,-52.08821596733372,-64.97751756463295,-1.8620885610580444,-3.6393328372050924,5.495927702642328,5.099805879608696,0.0838529393076897,0.0078300628602904,149.814708700309
0,145.294502796329,-48.6772422790527,-63.7014083862305,0,10.7179846221311,0.0917255884694066,0,-43.579973473726206,-61.61653445155271,1.0790197849273682,-52.03546481950636,-65.07498135419384,-1.8510534763336182,-3.628272499348782,5.507163389373282,5.100645113007136,0.0848960801959038,0.0079206095566673,149.921837856344
0,145.401729860118,-48.6357574462891,-63.8002853393555,0,10.7282930872889,0.0928548810229171,0,-43.5251211503456,-61.70493559176985,1.0802819728851318,-51.98267604054445,-65.1725146715874,-1.8418737649917603,-3.61730250557094,5.523503771531465,5.101484346405576,0.085859976708889,0.0080028351428534,150.029064920132
0,145.509077856849,-48.594123840332,-63.8992309570313,0,10.7395810491627,0.0956966641705288,0,-43.4695947947988,-61.79293136323521,1.0815417766571045,-51.92977274708142,-65.27025956764221,-1.8324438333511353,-3.606421090251704,5.540514048113134,5.1023617267766666,0.0882217362523079,0.0082143087022543,150.136412916864
0,145.616535261856,-48.5523262023926,-63.9982261657715,0,10.751838571017,0.0999489963051034,0,-43.41409482183852,-61.88088532471628,1.0828039646148682,-51.87678734317948,-65.36815617214074,-1.822506070137024,-3.595657116432662,5.55738733194935,5.103261995331357,0.0917908847332001,0.0085368579809478,150.243870321871
0,145.724095096012,-48.5103378295898,-64.0972518920898,0,10.7649609309227,0.107070767417496,0,-43.35868901595297,-61.96869005428206,1.0840612649917603,-51.82368759034291,-65.46626404939748,-1.8082116842269897,-3.585035693537637,5.574070415452003,5.104206132904596,0.0977136045694351,0.0090765560855275,150.351430156026
0,145.831816686396,-48.4681243896484,-64.1963577270508,0,10.7789163094166,0.116492505644955,0,-43.30342718149591,-62.0562666241425,1.0853173732757568,-51.77040007526623,-65.56471883890563,-1.80868399143219,-3.574554075162287,5.590535500347471,5.105220842377256,0.105624802410603,0.0097986320135505,150.45915174641
0,145.939707319685,-48.4256591796875,-64.295539855957,0,10.793681368807,0.12775552260256,0,-43.248359306886194,-62.14353581480919,1.0865697860717773,-51.7168931631268,-65.66357898962458,-1.8091540336608887,-3.5642323444174697,5.606741956432892,5.106323289887026,0.115220077335835,0.0106740233859403,150.567042379699
0,146.047709371711,-48.3829116821289,-64.3947219848633,0,10.8092391521314,0.140486223595458,0,-43.19357123053174,-62.23036159327849,1.0878137350082397,-51.66316678163894,-65.7628446351104,-1.8081921339035034,-3.554129021853427,5.622607066765716,5.107530641571596,0.126243457198143,0.0116782314040976,150.675044431725
0,146.155841093763,-48.3398551940918,-64.4939117431641,0,10.8255747340941,0.154376873767829,0,-43.13908469014588,-62.316709510560614,1.0890514850616455,-51.60919760704961,-65.86255886866915,-1.8042150735855103,-3.544262231737099,5.638104592535289,5.108852434174127,0.138478204607964,0.0127904642283454,150.783176153777
0,146.26424127106,-48.296459197998,-64.5932464599609,0,10.8426725776988,0.169171298326186,0,-43.086966735119844,-62.40352421140547,1.090274691581726,-51.55252228132204,-65.96187763220287,-1.8006774187088013,-3.5320104881240266,5.650990642940662,5.110300111786437,0.151739776134491,0.0139929808939604,150.891576331074
0,146.372783959524,-48.2527084350586,-64.6925811767578,0,10.8605233131792,0.184653978987515,0,-43.04011017676759,-62.49182523667973,1.0914709568023682,-51.49465444181605,-66.06132888725621,-1.7967638969421387,-3.5190459226508017,5.658136381365101,5.1118851185003065,0.165870174765587,0.0152705537686144,151.000119019538
0,146.48148096924,-48.2085762023926,-64.7919158935547,0,10.8791199574313,0.200641768543625,0,-42.99357549952066,-62.57951967810287,1.0926586389541626,-51.43647765415874,-66.16131109839256,-1.7888866662979126,-3.5063643577567487,5.664885642720462,5.113613176361627,0.180733501911163,0.0166100542406502,151.108816029254
0,146.59033965904,-48.1640472412109,-64.8912506103516,0,10.8984502926128,0.216976817964374,0,-42.94738571797209,-62.666564164752344,1.093837857246399,-51.37797401773246,-66.26185502948535,-1.7798888683319092,-3.4939779333291745,5.671224491172375,5.115493822113586,0.196212306618691,0.0180001217507116,151.217674719054
0,146.699436372079,-48.1190910339356,-64.9906539916992,0,10.9182922665798,0.233542415919314,0,-42.90152103679319,-62.752996000857934,1.0950084924697876,-51.31909740496525,-66.3630399550498,-1.7695043087005615,-3.481879378587389,5.677160378134159,5.117532777802056,0.212188452482223,0.0194297718342005,151.326771432093
0,146.808790935356,-48.0736961364746,-65.0901412963867,0,10.938190691989,0.250267216234835,0,-42.85598308183186,-62.8388121225148,1.0961706638336182,-51.259833745525796,-66.46489005625666,-1.75662100315094,-3.4700730563742384,5.682694129523078,5.119733858124326,0.228537127375603,0.0208880369392931,151.43612599537
0,146.918336315573,-48.0278434753418,-65.1896286010742,0,10.957794428735,0.267092099193464,0,-42.81080957268663,-62.92394144726744,1.097324252128601,-51.2002167765462,-66.56734735271205,-1.743660807609558,-3.4586213034689206,5.687774698454433,5.1220989704290165,0.245150789618492,0.0223656319601883,151.545671375587
0,147.028082141033,-47.9815139770508,-65.2891159057617,0,10.9768488433122,0.283963625427355,0,-42.76600166064309,-63.00838180552209,1.0984667539596558,-51.14253052925297,-66.6714227252373,-1.7273962497711182,-3.45004315718874,5.692391128392034,5.124630022064756,0.261938482522964,0.0238548314512766,151.655417201047
0,147.138021180488,-47.9346961975098,-65.3885879516602,0,10.9949871917909,0.300856264678808,0,-42.72157334700404,-63.09210681187109,1.0996019840240479,-51.08727035483398,-66.77735765874262,-1.712435245513916,-3.4449100302820765,5.696531881756864,5.127330827728816,0.278805077075958,0.0253479840497963,151.765356240503
0,147.248048319141,-47.8873825073242,-65.487922668457,0,11.0115197552548,0.317797735868429,0,-42.67756963654455,-63.1750316549685,1.1007262468338013,-51.031720356388156,-66.88384819109166,-1.6975622177124023,-3.4402715843082796,5.700141663925308,5.130199480072566,0.295631289482117,0.0268362817512916,151.875383379155
0,147.358296235941,-47.8395576477051,-65.5872573852539,0,11.0259746777415,0.33479515609239,0,-42.63392737504458,-63.257275348727745,1.101839542388916,-50.975818706254316,-66.99101284723017,-1.6913952827453613,-3.436082482188173,5.70328000594169,5.133235979096006,0.312336802482605,0.0283143146984659,151.985631295955
0,147.468656928453,-47.7912063598633,-65.6864624023438,0,11.0381750215358,0.351818279106225,0,-42.59069780656013,-63.33874132389913,1.102941870689392,-50.91961637169843,-67.09875392182177,-1.6790918111801147,-3.4324213812030187,5.70588148099423,5.136440324799127,0.328883081674576,0.0297799369365565,152.095991988467
0,147.579148407233,-47.7423400878906,-65.7855606079102,0,11.048347046132,0.365667043697711,0,-42.54782548942075,-63.41953406012254,1.104036808013916,-50.86313171072129,-67.2070362221872,-1.6666502952575684,-3.4292759111967666,5.707982440280658,5.1397953510442465,0.342731088399887,0.0310040520430061,152.206483467247
0,147.689732088053,-47.6929893493652,-65.884521484375,0,11.0562391982075,0.376471075121773,0,-42.50525584565111,-63.499756409407375,1.1051244735717773,-50.806424141342156,-67.3157458427157,-1.6553906202316284,-3.4266425795230444,5.709613241572764,5.1432743549504965,0.353826582431793,0.0319838992171224,152.317067148067
0,147.800386255644,-47.6431770324707,-65.9833297729492,0,11.0617299513048,0.384292670510136,0,-42.46293642572539,-63.579507212707114,1.106204867362976,-50.74953885765435,-67.42479614536597,-1.6437731981277466,-3.4245158915920717,5.7108016639436805,5.146854448334286,0.362169682979584,0.0327210415987783,152.427721315659
0,147.911094079719,-47.5929298400879,-66.0819778442383,0,11.0654631846843,0.389119786818405,0,-42.420781591700425,-63.65894785443516,1.1072802543640137,-50.692536545761854,-67.53407079358182,-1.6325817108154297,-3.4228841148061275,5.711584004003003,5.150501298920226,0.367847561836243,0.0332223176942315,152.538429139734
0,148.021831688555,-47.5422744750977,-66.1804504394531,0,11.068060990894,0.390979660014939,0,-42.37875503354496,-63.73814676072226,1.1083520650863647,-50.63545377749095,-67.64349967839183,-1.6216833591461182,-3.4217351259723814,5.711985668962701,5.154197740570616,0.3709437251091,0.0334938973689871,152.649166748569
0,148.132593562487,-47.4912414550781,-66.2787551879883,0,11.0694977266294,0.38998990344305,0,-42.33673493786976,-63.817333488487236,1.1094262599945068,-50.578363603745586,-67.7529427596544,-1.611086368560791,-3.4210454772259595,5.712051664570089,5.157897996918276,0.371512711048126,0.033541030406105,152.759928622501
0,148.24336531025,-47.4398651123047,-66.3768920898437,0,11.0702553439702,0.38626307201992,0,-42.294716194793196,-63.89651766728465,1.110498070716858,-50.52127668579219,-67.86237959949432,-1.5983593463897705,-3.420785059975362,5.711813605104331,5.161598253265926,0.36965611577034,0.0333715249234873,152.870700370265
0,148.35414112642,-47.3881607055664,-66.4748611450195,0,11.0707125172413,0.379945891344778,0,-42.25263890571637,-63.97581217582097,1.111572265625,-50.46423021598564,-67.97173889937365,-1.5843688249588013,-3.4209423620416577,5.71128968860687,5.165275621429986,0.365479201078415,0.0329937345451928,152.981476186435
0,148.464909270754,-47.3361701965332,-66.5726699829102,0,11.0709981088726,0.371218242625789,0,-42.210425187214575,-64.05536373684488,1.112648844718933,-50.40727584440348,-68.0809216449916,-1.559173583984375,-3.4214781858945162,5.710524725192448,5.168899583832336,0.359089910984039,0.0324169703392256,153.092244330768
0,148.575671567006,-47.2839202880859,-66.6703338623047,0,11.0712548964856,0.360268018465746,0,-42.168016728118985,-64.13528228489703,1.113732933998108,-50.35044412798792,-68.18986917144022,-1.542171597480774,-3.4223611756208605,5.70954952119686,5.1724491596379965,0.350610226392746,0.031651763525836,153.203006627021
0,148.686431399337,-47.2314338684082,-66.7678680419922,0,11.071578069129,0.347287798955615,0,-42.12535979790431,-64.21566907564163,1.1148204803466797,-50.29376218573735,-68.29852957533386,-1.5276403427124023,-3.4235623921242913,5.708389613307166,5.175905275360656,0.340171098709106,0.0307096124260994,153.313766459351
0,148.797207187921,-47.1787300109863,-66.8653030395508,0,11.0721189831543,0.332464258935716,0,-42.08239374036798,-64.29663841541623,1.1159167289733887,-50.23725030429573,-68.40686396929463,-1.524514079093933,-3.425048391584895,5.707072921778747,5.179248857513976,0.327912449836731,0.0296027095034425,153.424542247935
0,148.907994637636,-47.125846862793,-66.9626541137695,0,11.0727760448546,0.315987909513966,0,-42.03906861552086,-64.37828441590294,1.1170239448547363,-50.18093939346534,-68.51481309862051,-1.5181761980056763,-3.4267751436625695,5.705635781591031,5.182460832611627,0.313969373703003,0.0283435341815081,153.53532969765
0,149.018747824961,-47.072811126709,-67.0598831176758,0,11.073436292561,0.29805927107299,0,-41.99535976054903,-64.46065355406229,1.118139624595642,-50.124877313254615,-68.6222852147291,-1.5116002559661865,-3.428732757146826,5.704078076261071,5.185524034515926,0.298494845628738,0.0269461769766292,153.646082884975
0,149.129536404279,-47.019645690918,-67.1570816040039,0,11.0740951316431,0.278959533407318,0,-41.95120306821314,-64.54386663969493,1.1192675828933716,-50.069048916873854,-68.72930935431575,-1.496376872062683,-3.4308541404904718,5.702455880525485,5.188427019135066,0.281721204519272,0.0254315915276495,153.756871464293
0,149.240329450144,-46.9663734436035,-67.2542266845703,0,11.0749106120121,0.258932244203622,0,-41.9065824428953,-64.62795400491945,1.1196801662445068,-50.01348650791971,-68.83582359074701,-1.4806872606277466,-3.4331249322380124,5.700771277531505,5.191158342377256,0.263872742652893,0.0238196642251903,153.867664510159
0,149.351072275005,-46.9130249023438,-67.3512725830078,0,11.0758638512632,0.238177088322761,0,-41.86148795702675,-64.71293435819399,1.1198779344558716,-49.95823661713836,-68.94173872366255,-1.4642175436019897,-3.4355344464131434,5.699022205467948,5.193704652802056,0.245135560631752,0.0221272945133546,153.978407335019
0,149.461842676233,-46.859619140625,-67.4483184814453,0,11.0767882204554,0.216859046172032,0,-41.815867495226655,-64.79890591071641,1.1200695037841797,-49.90327199842098,-69.04710698439165,-1.4462816715240479,-3.4380150371868767,5.697264047803538,5.196060228363586,0.225665122270584,0.0203688905688865,154.089177736248
0,149.572624114362,-46.8061904907227,-67.5453643798828,0,11.0777145311655,0.195102564835953,0,-41.76971368992696,-64.88588254663517,1.1202685832977295,-49.84860962388495,-69.15189583704976,-1.4284435510635376,-3.440531572983852,5.6955194834473035,5.198219347015926,0.205602094531059,0.0185570962017458,154.199959174377
0,149.68343131937,-46.7527084350586,-67.6424102783203,0,11.0788056656209,0.173000689359813,0,-41.72300505095648,-64.97390476407999,1.1204675436019897,-49.794252591099536,-69.25609934353533,-1.4103612899780273,-3.4431066280818707,5.693754280927415,5.200176286713196,0.185072630643845,0.0167030703533176,154.310766379384
0,149.794234842186,-46.6992340087891,-67.7394561767578,0,11.0800852547783,0.152093075565637,0,-41.675760536174145,-65.06293683705206,1.120672583580017,-49.74021171533884,-69.35969677075411,-1.3878833055496216,-3.4456820796710255,5.692015592554623,5.2019329548040165,0.165301531553268,0.0149173906781465,154.4215699022
0,149.905005243414,-46.6458282470703,-67.8365020751953,0,11.0814261900971,0.132408560658244,0,-41.628014521267566,-65.15291398472463,1.1208715438842773,-49.68648886953736,-69.46268452825365,-1.365535855293274,-3.448200457000234,5.690351450145261,5.2034969806829166,0.146385252475739,0.0132090221312301,154.532340303428
0,150.015775644643,-46.5924224853516,-67.9335479736328,0,11.0827345479516,0.115543195206459,0,-41.579777817516465,-65.24381583329026,1.1210741996765137,-49.63305462256579,-69.56511903609065,-1.3472998142242432,-3.4507199141207576,5.688696296408137,5.204877901093076,0.12961383163929,0.0116944773605389,154.643110704657
0,150.126572783284,-46.5390167236328,-68.0306243896484,0,11.084205001505,0.101120748908328,0,-41.53110944498905,-65.33553115969917,1.1212841272354126,-49.579854538010466,-69.66710464994632,-1.3330578804016113,-3.453224906619018,5.687061001045371,5.206102418915346,0.114820539951324,0.0103585022173488,154.753907843299
0,150.237476891095,-46.4856109619141,-68.1278228759766,0,11.0858516488797,0.0888116511844357,0,-41.482022853555236,-65.42803461773278,1.121494174003601,-49.526821449693784,-69.76877016978744,-1.319063663482666,-3.4556720405799903,5.685485959657403,5.207189607636046,0.101827837526798,0.0091850922453603,154.864811951109
0,150.348380998905,-46.4322052001953,-68.2250213623047,0,11.087530022164,0.0783291835300821,0,-41.4326043393786,-65.52116358266377,1.121700406074524,-49.47398428953165,-69.87006029313402,-1.3019444942474365,-3.4581169893842434,5.683912003189691,5.208152818695616,0.090455949306488,0.0081581463079568,154.97571605892
0,150.459285106716,-46.3787994384766,-68.3222198486328,0,11.0892998530603,0.0674852024425517,0,-41.38287957704442,-65.61486967085311,1.1219165325164795,-49.42132813543399,-69.971003423445,-1.2845592498779297,-3.460558935833882,5.682337568903859,5.209001588837216,0.0790594592690468,0.0071292143224108,155.08662016673
0,150.570189214526,-46.3253936767578,-68.4194183349609,0,11.0911368985537,0.0563380012288789,0,-41.33284881679042,-65.70915241072893,1.1221239566802979,-49.36885338027924,-70.07159880756284,-1.2672350406646729,-3.462996864134589,5.680761001735564,5.209735918060846,0.0676361247897148,0.0060981351918091,155.197524274541
0,150.681093322337,-46.2719879150391,-68.5166168212891,0,11.0928787007195,0.0468238693279731,0,-41.28253261928364,-65.80397305580784,1.122344970703125,-49.31654818653041,-70.17186913833434,-1.250038981437683,-3.4654303455453976,5.679181309550392,5.210363435761046,0.0576242990791798,0.0051946647287013,155.308428382351
0,150.791984573871,-46.2186088562012,-68.6138153076172,0,11.0945625716633,0.0350205595908763,0,-41.2319372025353,-65.89931988827601,1.1225560903549194,-49.26441882496832,-70.27180239451997,-1.2320775985717773,-3.467834994081676,5.677620942181622,5.2108841419378065,0.0460483133792877,0.0041505091953874,155.419319633886
0,150.902985762084,-46.1652793884277,-68.7111663818359,0,11.0963516258156,0.0230014181285826,0,-41.18097468814024,-65.99535851458778,1.1227734088897705,-49.21242712949708,-70.37147174145532,-1.2133898735046387,-3.4701186208954344,5.676169986629579,5.211286592499326,0.0344064235687256,0.0031006902817979,155.530320822098
0,151.013952146536,-46.1120223999023,-68.8085174560547,0,11.0982050057011,0.0108759551079032,0,-41.129723463020504,-66.0919412149455,1.1229931116104126,-49.160634454327905,-70.47075956162273,-1.194116234779358,-3.472331245130903,5.674776574475197,5.211574602142877,0.0227598436176777,0.0020507670093759,155.64128720655
0,151.124932462482,-46.0588340759277,-68.9059219360352,0,11.1001347694756,-0.0013332807495352,0,-41.078150794905476,-66.18912967316412,1.1232092380523682,-49.109024777665574,-70.56969656919397,-1.1745177507400513,-3.474450941790772,5.6734615664028665,5.211744356171206,0.0111115518957376,0.0010010285502243,155.752267522496
0,151.235959673072,-46.005729675293,-69.0034255981445,0,11.1021789364298,-0.0118395060778251,0,-41.0262668704914,-66.28690470097631,1.1234301328659058,-49.05756792433093,-70.66834061072267,-1.1548254489898682,-3.476443397698153,5.6722601852483905,5.211805391327456,0.0008181774755939,7.3695174167938e-05,155.863294733086
0,151.346957114799,-45.9527015686035,-69.1009368896484,0,11.1044783013386,-0.0208681146612136,0,-40.97413827125512,-66.38514082773514,1.1236547231674194,-49.00628128067091,-70.76665835615817,-1.1373815536499023,-3.4783583860696674,5.671123412129902,5.211769151703426,-0.0082490351051092,-0.0007428552981236,155.974292174813
0,151.458047355782,-45.8997459411621,-69.1985931396484,0,11.106959606921,-0.0304347038658719,0,-40.92172297989921,-66.48391722459172,1.123876929283142,-48.95509927337189,-70.86477551114028,-1.119696021080017,-3.480136158215048,5.67011269082453,5.211641359345026,-0.0176096856594086,-0.0015854581427008,156.085382415796
0,151.569095799689,-45.8468780517578,-69.2962493896484,0,11.1097235578517,-0.0386540083700451,0,-40.86908926081276,-66.58310524759094,1.1240966320037842,-48.90408128656834,-70.96257823483641,-1.099002718925476,-3.48183047250174,5.669173871283082,5.211423921600886,-0.0258588846772909,-0.0023275762017617,156.196430859703
0,151.680242195585,-45.7940864562988,-69.3940582275391,0,11.1127447545939,-0.0457055163389893,0,-40.816207305674496,-66.6827610703893,1.1243261098861694,-48.85314147508297,-71.06023109454294,-1.0836974382400513,-3.483381924321307,5.6683695285848055,5.211130189911437,-0.0331110656261444,-0.0029795326275829,156.307577255599
0,151.791354184063,-45.7413673400879,-69.4918670654297,0,11.1158587457126,-0.051747473932853,0,-40.76315938748339,-66.78272964986509,1.1245532035827637,-48.802328709655555,-71.15764018154775,-1.0684362649917603,-3.484865073480914,5.6676256012361,5.210767793671206,-0.039472620934248,-0.0035509801019848,156.418689244077
0,151.90255765956,-45.6887245178223,-69.5898208618164,0,11.1190140144615,-0.056918772398778,0,-40.70990696927277,-66.88308360877048,1.1247789859771729,-48.75157279489706,-71.25494023024977,-1.0553966760635376,-3.486210274712605,5.66701427021067,5.210344362274716,-0.0450415015220642,-0.0040508008467758,156.529892719574
0,152.013733564801,-45.6361541748047,-69.6877822875977,0,11.1222998070031,-0.0613393060523212,0,-40.65653107475444,-66.98367025826019,1.1250097751617432,-48.70091338312522,-71.3520552809009,-1.040985107421875,-3.4874852832985255,5.666468749208981,5.209869432465146,-0.0499084778130055,-0.0044871761876525,156.641068624815
0,152.125004804921,-45.5836524963379,-69.785888671875,0,11.1256076760591,-0.0651152116792565,0,-40.602994523459614,-67.08455966477179,1.1252697706222534,-48.650281527254535,-71.44911750636825,-1.026584506034851,-3.4886306438415775,5.6660508511143135,5.209350633637026,-0.0541543290019035,-0.0048674556112528,156.752339864935
0,152.236252189941,-45.5312156677246,-69.8840026855469,0,11.1288556916895,-0.0683388600420161,0,-40.54935806638161,-67.18563734331302,1.123663306236267,-48.59972913973288,-71.54602738950729,-1.012628197669983,-3.4897136049353525,5.665693309757242,5.208789873138976,-0.0578521229326725,-0.0051982911648708,156.863587249955
0,152.347581664141,-45.4788475036621,-69.9822463989258,0,11.1321945279328,-0.0710865801504325,0,-40.49559245852576,-67.28695840595375,1.1220519542694092,-48.5491950908477,-71.64290211713329,-1.0000585317611694,-3.4906749663283816,5.6654574581348704,5.208194780365536,-0.0610702410340309,-0.0054858002878818,156.974916724156
0,152.458900852334,-45.4265441894531,-70.0805130004883,0,11.1356479326257,-0.073425942527914,0,-40.44176107501294,-67.38840342254434,1.1204394102096558,-48.49870963671358,-71.7396836877023,-0.9876208305358887,-3.4915681154248404,5.665290520146805,5.207572984711236,-0.0638680979609489,-0.0057353384346192,157.086235912348
0,152.570299175813,-45.3743019104004,-70.1789016723633,0,11.1392443805517,-0.0754148621601838,0,-40.38782209229712,-67.49005120938197,1.1188244819641113,-48.44823153426466,-71.8364511649517,-0.9751012921333313,-3.492350734512548,5.665235898762394,5.206924486176086,-0.0662989616394043,-0.0059517001335204,157.197634235827
0,152.681695850212,-45.3221206665039,-70.2773208618164,0,11.1427624178603,-0.0771086234814997,0,-40.33380813265307,-67.5918402899266,1.1172057390213013,-48.397801080987264,-71.93312729783794,-0.9617053270339966,-3.493065267871029,5.665250906832894,5.206247377411437,-0.0684054493904114,-0.0061388557889539,157.309030910227
0,152.79315974422,-45.2700119018555,-70.3758544921875,0,11.1462104565183,-0.0785503776164131,0,-40.279737670099514,-67.69373584996734,1.1155859231948853,-48.3473557330069,-72.02983198415151,-0.9483105540275574,-3.4936637787642306,5.665385893217927,5.205560731903626,-0.0702296048402786,-0.0063006042489612,157.420494804234
0,152.904625287357,-45.2179718017578,-70.4744262695313,0,11.1497170976631,-0.0797742823377031,0,-40.22559060108674,-67.79577577455936,1.113961100578308,-48.2969564737322,-72.12644831754452,-0.936324417591095,-3.494184233462094,5.665601338518907,5.204845476166316,-0.0718101039528847,-0.0064403666353051,157.531960347371
0,153.016150089242,-45.1659927368164,-70.5730972290039,0,11.1532440265904,-0.0808130915334958,0,-40.170480889309765,-67.89742823246276,1.1123424768447876,-48.24654586458905,-72.22308640885005,-0.9271923899650574,-3.4946061103705564,5.66695184359552,5.204120683685846,-0.0731780454516411,-0.0065609722535856,157.643485149256
0,153.127693722443,-45.1140747070312,-70.6718215942383,0,11.1568845729305,-0.0816918763728691,0,-40.114546738047636,-67.99866287096383,1.1107287406921387,-48.19411017712876,-72.31866180314705,-0.9186339974403381,-3.492663907497793,5.669308376906949,5.203395891205377,-0.074363224208355,-0.0066650533468015,157.755028782457
0,153.23929145819,-45.0622291564941,-70.7706451416016,0,11.1604734034175,-0.084375995378046,0,-40.05848570712765,-68.10012714763776,1.1091101169586182,-48.14162754007139,-72.41413243809112,-0.9097326397895813,-3.4905221527016326,5.671782335665068,5.202634859100886,-0.0768754556775093,-0.0068879926497523,157.866626518205
0,153.350899311112,-45.0104637145996,-70.8695220947266,0,11.1639893392235,-0.0866642052492247,0,-40.002371160965026,-68.20168828099264,1.1074901819229126,-48.08916761982217,-72.50956174911892,-0.9002282619476318,-3.4882872307211086,5.674357081068514,5.201856660858706,-0.0790894255042076,-0.0070841202173312,157.978234371126
0,153.462578227273,-44.9587783813477,-70.9685211181641,0,11.1675895555321,-0.0886103031537451,0,-39.94615788680079,-68.3034281011306,1.105867862701416,-48.03671065599221,-72.60498568215432,-0.8906274437904358,-3.4859264703223474,5.677066585111752,5.2010555744329166,-0.081039659678936,-0.0072564547933104,158.089913287288
0,153.57424715402,-44.9071731567383,-71.0675506591797,0,11.1711994203118,-0.0902662759927302,0,-39.889905715591404,-68.40523832062595,1.104241967201233,-47.98428258306031,-72.70035706004887,-0.8809741139411926,-3.483483768338689,5.679866157226618,5.200239229218076,-0.08275256305933,-0.0074074285661785,158.201582214034
0,153.686009455575,-44.8556442260742,-71.1667251586914,0,11.174839700488,-0.0916737813997851,0,-39.83419012600421,-68.5075895993584,1.1026098728179932,-47.931846458423216,-72.79574308471902,-0.8712292313575745,-3.4809078668686992,5.682077366775198,5.199399995819636,-0.0842552930116653,-0.0075394779943579,158.313344515589
0,153.797760179037,-44.80419921875,-71.2659301757813,0,11.1784998839329,-0.0947784009070773,0,-39.780652597924835,-68.61118037018547,1.1009680032730103,-47.87943971565034,-72.89107566113675,-0.8613097667694092,-3.4782469668422125,5.681876202621375,5.198545503632136,-0.087039165198803,-0.0077860211807733,158.425095239051
0,153.909580480083,-44.7528533935547,-71.3652648925781,0,11.1821899243449,-0.0974252052019683,0,-39.727024084409365,-68.71494719044547,1.0993212461471558,-47.82703612556746,-72.98640250252797,-0.8513415455818176,-3.4754404929734304,5.681825777591376,5.197668123261046,-0.0895057320594788,-0.0080040077790715,158.536915540098
0,154.021424829417,-44.701602935791,-71.4646759033203,0,11.1858981037459,-0.09968103704985,0,-39.67329543564149,-68.81890776429022,1.0976732969284058,-47.77467647265198,-73.08164941826176,-0.8413317799568176,-3.472518439256646,5.681898042165709,5.196756410614556,-0.0916855707764626,-0.0081962064823742,158.648759889431
0,154.133295099631,-44.6504440307617,-71.5641632080078,0,11.1894142658552,-0.101609012751298,0,-39.619540321423976,-68.92291954663162,1.0960216522216797,-47.722311777153195,-73.17690550690791,-0.8312719464302063,-3.46948255132981,5.682091182952619,5.195838975922176,-0.0936025753617287,-0.0083649344000712,158.760630159645
0,154.245227096064,-44.5993728637695,-71.6637649536133,0,11.1927200096563,-0.103257550407872,0,-39.56566264202679,-69.02716848264627,1.0943676233291626,-47.66997569692695,-73.27210954180084,-0.8209362626075745,-3.466319961190355,5.682418459352747,5.194885301605776,-0.0952847525477409,-0.0085127384548685,158.872562156079
0,154.357151308203,-44.5483932495117,-71.7634048461914,0,11.1960678813422,-0.104659724512329,0,-39.51178861926216,-69.13141034337373,1.0927135944366455,-47.61764085226733,-73.367311329087,-0.8102282285690308,-3.4630617743401153,5.6828497485252525,5.193931627289366,-0.0967641994357109,-0.0086423173701481,158.984486368217
0,154.469159499321,-44.4975128173828,-71.8631896972656,0,11.1995101051683,-0.105849502737113,0,-39.45781652790735,-69.2358419588623,1.0910558700561523,-47.56530132772303,-73.46252162950411,-0.7995336651802063,-3.4596515682440185,5.683440404248607,5.192955064789366,-0.098064586520195,-0.0087557586016661,159.096494559335
0,154.581151720846,-44.4467124938965,-71.9629974365234,0,11.2031612113728,-0.104907418126221,0,-39.40381173089901,-69.3403368571355,1.0893981456756592,-47.51299203367696,-73.55767693792723,-0.7891393899917603,-3.456164482236608,5.684117928062008,5.1919632435003065,-0.0977116301655769,-0.0087214085938136,159.20848678086
0,154.693236978459,-44.3959770202637,-72.0629425048828,0,11.2069982171558,-0.102096939261817,0,-39.34983873397983,-69.44477022481762,1.087740421295166,-47.46058746006222,-73.6530055684513,-0.7790075540542603,-3.452555241244802,5.684921960097749,5.191000032440736,-0.0958423838019371,-0.0085516571895281,159.320572038473
0,154.805298072033,-44.3452949523926,-72.1628875732422,0,11.2108192114894,-0.0976612003835266,0,-39.29592608632618,-69.54908682156989,1.0860875844955444,-47.40815966819016,-73.74837643507276,-0.768872082233429,-3.4489005781939284,5.6857787782364175,5.190055894867486,-0.0925888270139694,-0.0082585681123478,159.432633132047
0,154.917450904736,-44.2946357727051,-72.2629470825195,0,11.2145727958275,-0.0918167896591221,0,-39.24208038971022,-69.65327387349912,1.0844335556030273,-47.35561494833897,-73.84396000419996,-0.7582324147224426,-3.4451698611512263,5.686713475823212,5.1891537189641666,-0.088087186217308,-0.0078544440044776,159.544785964751
0,155.029637772387,-44.2439765930176,-72.3630447387695,0,11.2183287147088,-0.0828447849419813,0,-39.18836279078333,-69.75721306679854,1.0827844142913818,-47.30295891127006,-73.93974606935346,-0.7475439310073853,-3.4414182990805444,5.687669964052821,5.188306856171196,-0.0810052156448364,-0.0072205948846742,159.656972832402
0,155.141829808205,-44.1933059692383,-72.4631423950195,0,11.2220497472052,-0.0713689344046752,0,-39.13485625228356,-69.86074387530469,1.081140160560608,-47.25016141680706,-74.03578945822372,-0.7367907762527466,-3.437671306674859,5.6886194805394865,5.187542009369446,-0.0717543289065361,-0.0063939190686395,159.769164868219
0,155.254051147849,-44.1425704956055,-72.5632400512695,0,11.2258010198012,-0.0578815966836224,0,-39.081599512096986,-69.96379134435267,1.0795080661773682,-47.19850691096509,-74.13284991254153,-0.7247521877288818,-3.4354653966126936,5.6895132371589305,5.186878252045226,-0.060680665075779,-0.0054053923073413,159.881386207863
0,155.366308727498,-44.0917549133301,-72.6633377075195,0,11.2295860362338,-0.0442922400512895,0,-39.028619448357,-70.0663034669362,1.0778796672821045,-47.14683444835662,-74.23037975390712,-0.711468517780304,-3.433530506706551,5.690336333067708,5.186327028290346,-0.0492342263460159,-0.0043842972680809,159.993643787513
0,155.47860777995,-44.0408477783203,-72.7634353637695,0,11.2332368965306,-0.0308390234740794,0,-38.975923814685444,-70.16826524042646,1.0762609243392944,-47.09495450342367,-74.32830121040331,-0.6981286406517029,-3.4316720423552423,5.691077466218055,5.185892152802056,-0.037639107555151,-0.003350678532109,160.105942839965
0,155.590948364506,-43.9898490905762,-72.8635330200195,0,11.2367236094457,-0.0175094051331772,0,-38.923507774483305,-70.26968597296086,1.074652075767517,-47.042870489320975,-74.42660783982815,-0.682830810546875,-3.429889583283016,5.691735836692067,5.1855717182317465,-0.025934336706996,-0.0023079952949899,160.218283424521
0,155.703335743481,-43.9387474060059,-72.9636306762695,0,11.2401162541157,-0.0042906920998165,0,-38.87137905517571,-70.3705507388509,1.0730516910552979,-46.99057416272648,-74.52531520114383,-0.6681725978851318,-3.4281926883224623,5.692300551168957,5.1853695392766666,-0.0141532206907868,-0.0012591702202737,160.330670803495
0,155.815780417306,-43.8875198364258,-73.0637283325195,0,11.2434323950243,0.0088266222217936,0,-38.81952801328207,-70.47087822188183,1.0714586973190308,-46.93806400884592,-74.62442615346788,-0.6535583138465881,-3.426601441107406,5.692750900547603,5.185283708588196,-0.0023217340931296,-0.0002064968504383,160.443115477321
0,155.928282497665,-43.8361663818359,-73.1638259887695,0,11.246676200802,0.0218500059562764,0,-38.76796470561119,-70.57064896295932,1.0698766708374023,-46.885334182915166,-74.72395172857408,-0.6209863424301147,-3.425115560552568,5.693086624852698,5.185318040863586,0.0095395091921091,0.0008482053736227,160.55561755768
0,156.040714952787,-43.7846832275391,-73.2637786865234,0,11.2499189671484,0.0330707241190713,0,-38.7167326721186,-70.66977871586595,1.068302035331726,-46.832453706290025,-74.8237616512338,-0.5805407762527466,-3.4238066156446836,5.693237978510801,5.185466814056946,0.0200986545532942,0.0017865522206328,160.668050012801
0,156.153201828364,-43.7330665588379,-73.3637237548828,0,11.2531059985457,0.0444671803987107,0,-38.66575005271111,-70.76842587312017,1.066738247871399,-46.77937999172548,-74.92393630327979,-0.542816162109375,-3.4226143118333883,5.693265114883251,5.185720491425107,0.0308032818138599,0.0027372923820548,160.780536888378
0,156.265757048873,-43.6813011169434,-73.4636688232422,0,11.2561253683327,0.0560034536991903,0,-38.61502046615192,-70.86658343271412,1.0651806592941284,-46.7261006243724,-75.02449911727567,-0.5274682641029358,-3.42154866211376,5.693158364061074,5.186082887665346,0.0416296571493149,0.0036983544993331,160.893092108888
0,156.378365734916,-43.6293754577637,-73.563591003418,0,11.2590607657,0.0676485239576424,0,-38.56455077982825,-70.96423810682077,1.063631534576416,-46.67262278998534,-75.1254365303784,-0.5243066549301147,-3.420630903087956,5.692897724294043,5.186554002777646,0.0525575093924999,0.0046679347272076,161.005700794931
0,156.490940454338,-43.5772743225098,-73.6633834838867,0,11.2618914276111,0.0809332021862695,0,-38.514396224026825,-71.06128302939752,1.0620923042297363,-46.6189785815838,-75.22668796821345,-0.5452038645744324,-3.4199248106332703,5.692421401771959,5.1871395588079166,0.0647650882601738,0.0057506695331898,161.118275514352
0,156.603607116698,-43.5249748229981,-73.7631759643555,0,11.2645274924147,0.0955384016309939,0,-38.46452870183122,-71.1577725656567,1.0605615377426147,-46.56509072232589,-75.32839928793086,-0.5433825850486755,-3.419390111410215,5.691769655843789,5.1878509998479565,0.0780582875013351,0.0069293168497523,161.230942176712
0,156.71624342654,-43.4724502563477,-73.8628158569336,0,11.2669292323128,0.111202118183811,0,-38.41503446798106,-71.25353981980209,1.0590417385101318,-46.51099857260975,-75.43049619825065,-0.5382702350616455,-3.4191223322383357,5.690850190821128,5.188699769989556,0.0922692120075226,0.0081889853342504,161.343578486554
0,156.828933115147,-43.4196815490723,-73.9623870849609,0,11.2690870740378,0.127707492310646,0,-38.36589969990061,-71.3486115373759,1.0575329065322876,-46.45664759711376,-75.53308163255353,-0.5374389290809631,-3.4190999018446044,5.68968659876539,5.189695405975886,0.107251971960068,0.0095167501068141,161.456268175161
0,156.941647097439,-43.3666458129883,-74.0618438720703,0,11.2709834422183,0.144873522057437,0,-38.31715258941361,-71.44293316952792,1.056036353111267,-46.40204238901281,-75.63614692139362,-0.5207409262657166,-3.419365798631381,5.688240069021152,5.190843629852846,0.122879408299923,0.0109013786872563,161.568982157453
0,157.054379887439,-43.3133277893066,-74.1611709594727,0,11.2726051178523,0.162548098591489,0,-38.268810304066506,-71.53647149847389,1.0545507669448853,-46.347176305475585,-75.73970460286671,-0.504656970500946,-3.419942292259847,5.686493112583579,5.192150163666316,0.13904045522213,0.0123330854533282,161.681714947453
0,157.167129797483,-43.2597045898438,-74.2603530883789,0,11.2740519815863,0.180598626358085,0,-38.22088819966982,-71.62919681198882,1.0530798435211182,-46.29204085827238,-75.84377069818899,-0.4946642816066742,-3.420858747724618,5.684422043152043,5.193620729462216,0.155640915036201,0.0138034621309074,161.794464857497
0,157.279889910515,-43.2057647705078,-74.359375,0,11.2753232299465,0.198914416730132,0,-38.17339886472149,-71.72108475236912,1.0516222715377808,-46.23663286409557,-75.9483512157346,-0.4933556914329529,-3.422134832951301,5.68201390709884,5.1952591419378065,0.172595202922821,0.0153049582435262,161.90722497053
0,157.392658980754,-43.1514854431152,-74.4582214355469,0,11.2763401586804,0.217404288704065,0,-38.12634725200208,-71.81212573639347,1.0501781702041626,-46.18094946924848,-76.05345154174934,-0.49175170063972473,-3.4238007210365375,5.67924610215669,5.1970673084417065,0.189825564622879,0.016830841577038,162.019994040768
0,157.505445693165,-43.096851348877,-74.5568923950195,0,11.2770778190268,0.235988285547313,0,-38.07973847501381,-71.90230986985746,1.0487475395202637,-46.12497983280567,-76.1590921380747,-0.48503783345222473,-3.4258730466592406,5.676110461573087,5.199049043671196,0.207264751195908,0.0183752730509724,162.132780753179
0,157.618247410815,-43.0418434143066,-74.6553726196289,0,11.2773138560849,0.254606826734408,0,-38.03357780899705,-71.99162694560673,1.047329068183899,-46.067744222160314,-76.2647581479035,-0.4772302210330963,-3.427272600419974,5.672588949430276,5.201206254974917,0.224845379590988,0.0199327695095439,162.24558247083
0,157.731049498965,-42.9864540100098,-74.7536392211914,0,11.2767295220641,0.27321671643776,0,-37.98787085472407,-72.08006612660957,1.0459264516830444,-46.00989900250567,-76.37077770499104,-0.469451904296875,-3.4287543654269146,5.6686706247918615,5.203538942352846,0.242503464221954,0.0214984600495537,162.35838455898
0,157.843847934696,-42.9306678771973,-74.851676940918,0,11.2748618523267,0.291789758625147,0,-37.94262814027443,-72.1676070419017,1.0445373058319092,-45.951762377564336,-76.47733135391215,-0.46037229895591736,-3.4307090011592796,5.664342118898445,5.206050920502256,0.260177463293076,0.0230681654931447,162.471182994711
0,157.956615302539,-42.8744773864746,-74.9494476318359,0,11.2713682813477,0.310294151220128,0,-37.89784603400114,-72.25425677016378,1.0431628227233887,-45.89335588926145,-76.58437961231414,-0.45091673731803894,-3.4331661764876844,5.659585974191286,5.208736467377256,0.277822703123093,0.0246391990257595,162.583950362553
0,158.069350908778,-42.8178749084473,-75.0469436645508,0,11.2662703667053,0.328681171136678,0,-37.85353307726929,-72.33999876466416,1.0418016910552979,-45.83467218867302,-76.69193594941146,-0.4412487745285034,-3.436141069168783,5.65440010149672,5.211599397675107,0.295416921377182,0.0262102075276977,162.696685968792
0,158.182034456639,-42.7608528137207,-75.1441345214844,0,11.2592106565244,0.346918932640858,0,-37.80969190037276,-72.42482790326349,1.0404553413391113,-45.775722610016565,-76.79997959168593,-0.4334765672683716,-3.4396602717605322,5.648771802238472,5.214637804047176,0.312930464744568,0.0277801024421379,162.809369516653
0,158.294644008554,-42.7034072875977,-75.2409896850586,0,11.250051543051,0.364967049303392,0,-37.76632570875675,-72.50873798368404,1.0391247272491455,-45.71651897372124,-76.90848887448364,-0.42589110136032104,-3.44374731648352,5.6426920769961155,5.217849779144836,0.330350935459137,0.0293489530820809,162.921979068568
0,158.407157899896,-42.6455345153809,-75.3374786376953,0,11.2395931149092,0.382772058609234,0,-37.72344731195352,-72.59170422051486,1.037896752357483,-45.657066405300725,-77.01745440368884,-0.4146728515625,-3.4484261480173335,5.636152906742876,5.2212372303167065,0.347675979137421,0.0309152240002035,163.03449295991
0,158.519578278213,-42.5872230529785,-75.43359375,0,11.2285218418343,0.400295799766096,0,-37.681043518140065,-72.67375213886862,1.0360997915267944,-45.59736770117398,-77.12687105398432,-0.4017993211746216,-3.4537166692200265,5.629149433671106,5.224796342865536,0.364886045455933,0.0324757257984976,163.146913338227
0,158.631884009048,-42.5284690856934,-75.5293045043945,0,11.2170440717675,0.417512531343601,0,-37.63912163119354,-72.7548676063326,1.0343199968338013,-45.537430297730836,-77.23672519584701,-0.3890417516231537,-3.4596434777511336,5.621674006214845,5.228527116791316,0.381954967975616,0.0340277398992087,163.259219069063
0,158.744084658986,-42.4692726135254,-75.6246185302734,0,11.206007159408,0.431668769343091,0,-37.59764478170993,-72.83512196222757,1.032562255859375,-45.47726521985166,-77.34699662271635,-0.37870970368385315,-3.4662091415609764,5.613737510327542,5.232418108002256,0.396755963563919,0.0353794099488352,163.371419719
0,158.856172761375,-42.4096412658691,-75.7195281982422,0,11.1956452068994,0.442818012790891,0,-37.556554439640806,-72.91462845747296,1.0308202505111694,-45.416910543902105,-77.45761554767742,-0.3674597144126892,-3.4734156308838005,5.605346938297216,5.236446428314756,0.409222364425659,0.0365233655503298,163.483507821389
0,158.968177411968,-42.3495864868164,-75.8140716552734,0,11.1860325732131,0.451004716443368,0,-37.51577005816139,-72.99354294367326,1.0290905237197876,-45.35638956432529,-77.5685392763372,-0.35628050565719604,-3.4812384836833923,5.5965313792469535,5.240587282196596,0.419294327497482,0.0374533097551013,163.595512471982
0,159.080086684295,-42.2891235351563,-75.9082412719727,0,11.1771690057885,0.45628589237204,0,-37.47523545926809,-73.07197412073091,1.0273717641830444,-45.29574258707695,-77.67969393535579,-0.3453344702720642,-3.4896708529572344,5.587300758003981,5.2448177814641666,0.426932394504547,0.0381650391696483,163.707421744309
0,159.191907905143,-42.2282791137695,-76.0020599365234,0,11.1690280054009,0.458740619001488,0,-37.43487562972564,-73.15006713320142,1.025659203529358,-45.23500682523524,-77.79101132006409,-0.3293102979660034,-3.4986795485680218,5.5776858921101145,5.249111223236627,0.432123094797134,0.0386568167681316,163.819242965157
0,159.303656174237,-42.1670532226563,-76.0955429077148,0,11.1615549800329,0.458471834254528,0,-37.39463239146773,-73.22793455094714,1.023952603340149,-45.17420383444607,-77.90245192296183,-0.3155163526535034,-3.5082581135612823,5.567690569506024,5.253448534027646,0.434879928827286,0.0389294789658319,163.930991234251
0,159.415336017814,-42.1054763793945,-76.1887130737305,0,11.1546923411001,0.455604916262332,0,-37.35441801396404,-73.30574612546297,1.022247314453125,-45.113382492089094,-78.01392616087907,-0.3034460246562958,-3.5183663817578608,5.557342351927736,5.2577972889104565,0.435242235660553,0.0389862516278635,164.042671077828
0,159.526945141193,-42.0435562133789,-76.2815704345703,0,11.1483780342087,0.450284192388811,0,-37.31420261861571,-73.38355966942605,1.020542025566101,-45.052560732261654,-78.12540116394221,-0.2961511015892029,-3.5289970180255197,5.546643292946777,5.262146043793276,0.433272242546082,0.0388324885787395,164.154280201208
0,159.638487394908,-41.9813232421875,-76.374137878418,0,11.1425460895924,0.442667931714126,0,-37.27389480044338,-73.46155204409354,1.018833041191101,-44.99179208899358,-78.2367788142054,-0.2883349657058716,-3.5401064861471134,5.535615483074036,5.266460466400696,0.429052084684372,0.0384753984277633,164.265822454923
0,159.749972618994,-41.9187965393066,-76.466438293457,0,11.1371338503967,0.432923867007414,0,-37.23343037639117,-73.53984743849794,1.0171178579330444,-44.931108813920304,-78.34800000040369,-0.27998900413513184,-3.551661540298641,5.524272813042713,5.270717668549127,0.422680377960205,0.0379237065338941,164.377307679009
0,159.861406053827,-41.8560028076172,-76.5584945678711,0,11.1320758491207,0.421224223485833,0,-37.19277190473549,-73.61851829935229,1.0153930187225342,-44.87052964198234,-78.45903038486652,-0.27483153343200684,-3.5636229355516793,5.512638471099367,5.274904298798156,0.414268434047699,0.0371873304163338,164.488741113841
0,159.972771763668,-41.7929611206055,-76.6502990722656,0,11.1273081418538,0.407740918606893,0,-37.151863442871765,-73.6976728710809,1.0136584043502808,-44.80896947601881,-78.56905750217517,-0.2751403748989105,-3.5746244994785066,5.500708057894714,5.278995561615536,0.403937190771103,0.0362770824113654,164.600106823682
0,160.084101755545,-41.7296943664551,-76.7419052124023,0,11.1227734800006,0.392642506263858,0,-37.11065105041024,-73.77741552398412,1.0119091272354126,-44.74738090538501,-78.6786483896012,-0.2750231921672821,-3.585722546665487,5.488511662394134,5.282976198212216,0.391813963651657,0.0352043547282007,164.71143681556
0,160.195377504237,-41.6662254333496,-76.8333053588867,0,11.1184150026284,0.376090304746952,0,-37.06909545696945,-73.85782224308034,1.0101488828659058,-44.686008816004126,-78.7878540696361,-0.26768431067466736,-3.5971311264462558,5.476048191185114,5.286827135101865,0.378029495477676,0.0339808697403579,164.822712564251
0,160.306599144087,-41.6025772094727,-76.9245147705078,0,11.1141822159123,0.358236042340913,0,-37.02490687804639,-73.93750954104927,1.008396029472351,-44.624884024241545,-78.89661970754678,-0.2599206566810608,-3.608813706093974,5.46601005341495,5.290531206146787,0.362715750932693,0.032618457537776,164.933934204102
0,160.417776926811,-41.5387763977051,-77.0155639648438,0,11.1100292413883,0.339220649809478,0,-36.9801388216267,-74.01787833710809,1.0066272020339966,-44.56402269976515,-79.00491653097772,-0.25237181782722473,-3.6207235216889444,5.455941318669696,5.294076967255185,0.346004068851471,0.0311288919420009,165.045111986826
0,160.528910586838,-41.4748458862305,-77.1064682006836,0,11.1059040161727,0.319220577527485,0,-36.934898714068666,-74.09909457182525,1.0048413276672363,-44.50345371803671,-79.11269315884554,-0.24365966022014618,-3.6328231420797037,5.44567869687267,5.297449159637998,0.328060507774353,0.0295270941410933,165.156245646853
0,160.640005952694,-41.4108085632324,-77.1972503662109,0,11.1017667411896,0.2984534220344,0,-36.88914955815492,-74.18122466358145,1.0030345916748047,-44.44320011143928,-79.21990860725876,-0.23499388992786407,-3.645071310923199,5.435237915410855,5.300634431854794,0.309090048074722,0.0278314635226442,165.267341012708
0,160.751029140986,-41.3466911315918,-77.2878875732422,0,11.0975810406709,0.277094941929783,0,-36.842899715239255,-74.26425360185377,1.0012084245681763,-44.383288140797056,-79.32651614762796,-0.22887694835662842,-3.657448271762216,5.424619757636938,5.30362896920831,0.289273887872696,0.0260582693901626,165.378364201001
0,160.862006266174,-41.2825241088867,-77.3784332275391,0,11.0933174141816,0.255282824486364,0,-36.796112791856814,-74.34824672115055,0.9993615746498108,-44.32372462554523,-79.43250364542969,-0.2282727062702179,-3.6698918055138003,5.413863386628178,5.30642323495538,0.268768876791,0.0242215858021639,165.489341326188
0,160.972975540805,-41.2182846069336,-77.4689178466797,0,11.0889499182704,0.233124257692192,0,-36.74874751439166,-74.43327811695609,0.9974914193153381,-44.26451154961876,-79.53786757044415,-0.22766967117786407,-3.6823975268574625,5.402950156191034,5.309007692352842,0.247711211442947,0.022333628592551,165.60031060082
0,161.083851519823,-41.1540451049805,-77.5592880249023,0,11.084458643208,0.210702590268182,0,-36.70084307854618,-74.51927742411131,0.9955993294715881,-44.20569784243041,-79.6425208575274,-0.22033080458641052,-3.6949213069986686,5.391908079813707,5.31138043405206,0.226219460368156,0.0204050200507579,165.711186579837
0,161.19469640911,-41.0898056030274,-77.6496200561523,0,11.0798265501372,0.188082480499258,0,-36.65236163203823,-74.60631259603183,0.9936853051185608,-44.14726339507918,-79.74649928851825,-0.2147546410560608,-3.7074183288787026,5.380764749781678,5.313537645355771,0.204396724700928,0.0184449892656566,165.822031469124
0,161.305514775252,-41.0256118774414,-77.7399520874023,0,11.0750344679068,0.165313903661493,0,-36.60328865351161,-74.69440970183942,0.991748034954071,-44.08922008245756,-79.84978173319733,-0.20866820216178894,-3.7198220882345865,5.3695689882120705,5.315473604218076,0.18233248591423,0.0164615448710724,165.932849835266
0,161.416302619278,-40.9614601135254,-77.8302764892578,0,11.0700733047145,0.142435759633215,0,-36.55363460325669,-74.78354996294483,0.9897851347923279,-44.03157075992697,-79.95236311072601,-0.20070189237594604,-3.7321349131780677,5.358308338936335,5.317190217987608,0.160104170441628,0.0144615952231476,166.043637679293
0,161.52692810394,-40.8973846435547,-77.9204559326172,0,11.064928649767,0.119478515929051,0,-36.50345769510635,-74.87362887233934,0.9878039360046387,-43.97439185111713,-80.05410743266818,-0.19259032607078552,-3.744388078052397,5.346938298086307,5.318683671967101,0.137778639793396,0.0124511067952128,166.154263163954
0,161.63750058546,-40.8334007263184,-78.0106353759766,0,11.0596275295934,0.097647344267122,0,-36.45272238402798,-74.96471024140334,0.9858007431030273,-43.91762266689885,-80.15512268944244,-0.18379759788513184,-3.7564944850716504,5.335541459312029,5.319959688202451,0.11631964892149,0.0105170915628984,166.264835645474
0,161.748022319616,-40.7695045471191,-78.1008148193359,0,11.0542616041666,0.0788110941952213,0,-36.40145601328161,-75.05674498279495,0.9837780594825745,-43.86124861422776,-80.25543484795575,-0.17414428293704987,-3.768457090671389,5.324115810507715,5.321027803436826,0.0972315892577171,0.0087956230565547,166.37535737963
0,161.858493352779,-40.705696105957,-78.1909942626953,0,11.0488768638383,0.0625904533165568,0,-36.34973636453487,-75.14959346081227,0.9817358255386353,-43.80522035665183,-80.35513169763895,-0.16544555127620697,-3.780283245733027,5.312673913067234,5.321916627899717,0.0803374350070953,0.0072709784880128,166.485828412793
0,161.968918134284,-40.6419677734375,-78.2811737060547,0,11.0434843643942,0.0486446032482621,0,-36.297618692622414,-75.24315648051825,0.9796764850616455,-43.74949988830561,-80.45428086624307,-0.1596643030643463,-3.791985044089519,5.301218501310342,5.322647142426084,0.0654525682330132,0.0059267465875564,166.596253194298
0,162.079296702889,-40.5783195495606,-78.3713531494141,0,11.0380917831634,0.0366701243728258,0,-36.245155000197435,-75.33734068537782,0.9776049852371216,-43.69405436410454,-80.55294079841013,-0.15543822944164276,-3.8035678125692973,5.2897586564781145,5.323238420502256,0.0523912720382214,0.0047463804394884,166.706631762903
0,162.189633493261,-40.5147438049316,-78.4615325927734,0,11.0327032870566,0.0263990829105788,0,-36.19238488441242,-75.43207498953811,0.9755224585533142,-43.638855454043764,-80.65116190463581,-0.15068480372428894,-3.8150426104416484,5.278295180036051,5.323705720917295,0.0409717075526714,0.0037136492476311,166.816968553276
0,162.299928537205,-40.4512405395508,-78.5517120361328,0,11.027322081191,0.0175964339295886,0,-36.139359576103395,-75.52726742205056,0.9734289050102234,-43.583869400133025,-80.74900425398928,-0.14518921077251434,-3.826415642452522,5.266838014083139,5.3240681171575295,0.0310196802020073,0.002812980384632,166.92726359722
0,162.410184061271,-40.3878059387207,-78.6418914794922,0,11.0219461333785,0.0100571060858031,0,-36.08610919583823,-75.62286390967704,0.9713244438171387,-43.52907531569837,-80.84650501228089,-0.14032714068889618,-3.8376938553892845,5.255389836637213,5.324337053314756,0.0223713330924511,0.002029707232162,167.037519121286
0,162.520402287275,-40.3244361877441,-78.7320709228516,0,11.0165714094038,0.0036030209689072,0,-36.03266360710494,-75.71881084069594,0.9692138433456421,-43.474452028064384,-80.94370185423277,-0.13547851145267487,-3.848884406020872,5.24395349012926,5.324523973480771,0.0148748019710183,0.0013502205561688,167.14773734729
0,162.63058324076,-40.2611312866211,-78.8222503662109,0,11.0112121815601,-0.001919913539143,0,-35.979058371409714,-75.81504437415309,0.9670983552932739,-43.41997554105376,-81.04063747871487,-0.13013793528079987,-3.85999202132413,5.23253631901923,5.324642229096006,0.0083910301327705,0.0007620441661521,167.257918300774
0,162.740720700865,-40.1978912353516,-78.9124221801758,0,11.0058506934566,-0.0066446659164509,0,-35.925457926639794,-75.91162081574574,0.9649731516838074,-43.36563552780312,-81.13733026137886,-0.12474974989891052,-3.8710231040594323,5.220966884223209,5.32469944955499,0.0027940634172409,0.0002538706898579,167.368055760879
0,162.850700057135,-40.1347198486328,-79.0024490356445,0,11.0005021647739,-0.0106857106432246,0,-35.87184855639471,-76.00831511539417,0.962847888469696,-43.313415771167094,-81.23508535782267,-0.11896727979183197,-3.884426948089693,5.20930989542581,5.3247070789495226,-0.0020292112603783,-0.0001844652428239,167.478035117149
0,162.96064217691,-40.0716133117676,-79.0924758911133,0,10.9951576846033,-0.014141398652742,0,-35.818131585236394,-76.10520349296033,0.9607165455818176,-43.262556313663644,-81.33351430775583,-0.11322631686925888,-3.8992781929758538,5.19768248152015,5.324665117279599,-0.0061796102672815,-0.0005620296982969,167.587977236924
0,163.070549274003,-40.0085678100586,-79.182502746582,0,10.9898129047975,-0.0170960913871106,0,-35.76434054952965,-76.20222545947941,0.9585839509963989,-43.21177939852634,-81.43178351240614,-0.10775024443864822,-3.9140552428396354,5.186088868023445,5.3245869159856545,-0.0097464499995112,-0.0008868611586768,167.697884334017
0,163.180423557984,-39.9455795288086,-79.2725296020508,0,10.9844681004883,-0.0196219775631385,0,-35.710474991251736,-76.29938184107918,0.9564465284347534,-43.16108474654491,-81.52989351213276,-0.10228393226861954,-3.928761335055866,5.174525877083355,5.324472475067685,-0.0128084924072027,-0.0011660529990251,167.807758617998
0,163.290262863365,-39.8826522827148,-79.3625564575195,0,10.9791406116164,-0.0217807183727945,0,-35.65655099207886,-76.39664363151668,0.9543078541755676,-43.11046364900063,-81.62786116102893,-0.08762084692716599,-3.9433959496943647,5.1630001946700315,5.324327516571592,-0.0154349412769079,-0.0014058396235509,167.917597923379
0,163.400067212929,-39.8197860717773,-79.4525833129883,0,10.9738152831511,-0.0236249142072074,0,-35.60260738667182,-76.49394078538175,0.9521679282188416,-43.05988873434801,-81.72573943159206,-0.0787976086139679,-3.957967155440216,5.151520325910597,5.324167299286435,-0.0176862888038158,-0.0016116771935696,168.027402272943
0,163.509819749888,-39.7569885253906,-79.542594909668,0,10.9684902631878,-0.0251996901069534,0,-35.548614405574995,-76.59132699732979,0.95002681016922,-43.009396193753894,-81.82345828260023,-0.06998778879642487,-3.9724669120349096,5.140077336259726,5.3239765644231545,-0.0196150653064251,-0.0017883056891657,168.137154809903
0,163.619426923332,-39.6942481994629,-79.6324691772461,0,10.9631655743645,-0.026543862065919,0,-35.49468008781342,-76.68860739922837,0.9478856921195984,-42.958984089851945,-81.92102146346298,-0.07544433325529099,-3.9869752947244224,5.1286152607167566,5.323780107513976,-0.0212666485458612,-0.0019398216753941,168.246761983346
0,163.729001353213,-39.6315650939941,-79.7223434448242,0,10.9578412177486,-0.0276908008836513,0,-35.440683076073135,-76.78600088117874,0.9457458257675171,-42.90864993768859,-82.0184337833423,-0.07106567174196243,-4.001414239416895,5.117186701617337,5.323551225678037,-0.0226801689714193,-0.0020697595543332,168.356336413228
0,163.838545240574,-39.5689353942871,-79.8122177124023,0,10.9525171807433,-0.0286691898396694,0,-35.386703551349555,-76.88336282209765,0.9436047077178955,-42.85833303756266,-82.11581271513589,-0.06579955667257309,-4.01580462575135,5.105805926251237,5.323322343842101,-0.0238893255591393,-0.0021811646878259,168.465880300589
0,163.948049884734,-39.5063743591309,-79.9020919799805,0,10.9471934427466,-0.0295036247171735,0,-35.332736288844345,-76.98070264586407,0.9414635896682739,-42.80804454792618,-82.2131366637507,-0.060737304389476776,-4.030130713260052,5.094484309842804,5.323089647308896,-0.0249231271445751,-0.0022766599275886,168.575384944748
0,164.057519670395,-39.4438743591309,-79.9919662475586,0,10.9418757009524,-0.03021520498086,0,-35.278703570260895,-77.0781605316337,0.9393212795257568,-42.75783966553484,-82.31029880620892,-0.05524047836661339,-4.044382759401873,5.083198938720831,5.322822618500302,-0.0258065275847912,-0.0023585014029585,168.684854730409
0,164.166958973685,-39.3814277648926,-80.0818405151367,0,10.9365648826117,-0.0308219649767517,0,-35.224688708715114,-77.17558620897144,0.937178909778595,-42.707652481862795,-82.40742669611231,-0.049473874270915985,-4.058586201243994,5.071961521271178,5.322555589691709,-0.026560977101326,-0.0024286301874847,168.7942940337
0,164.276298883539,-39.319034576416,-80.171630859375,0,10.9312609613137,-0.031339335974042,0,-35.17072522196774,-77.27291922246832,0.9350365996360779,-42.657514839406346,-82.50445870827599,-0.04190673679113388,-4.0727799153629825,5.060731138298215,5.322288560883115,-0.0272049196064472,-0.0024887163429388,168.903633943553
0,164.385547577551,-39.2567024230957,-80.2613525390625,0,10.9259572360598,-0.0317804789980738,0,-35.1168091383283,-77.37016673579424,0.9329003691673279,-42.607422963897825,-82.60140214708777,-0.034820556640625,-4.086950000987591,5.0495219336371004,5.322021532074521,-0.0277541894465685,-0.0025401959241586,169.012882637566
0,164.494757109368,-39.1944389343262,-80.35107421875,0,10.9206536832311,-0.0321566513385277,0,-35.062915130592074,-77.46737443119297,0.9307616949081421,-42.557352793170885,-82.69830358036185,-0.028846435248851776,-4.101057826710376,5.038374083529148,5.321754503265927,-0.0282223876565695,-0.0025843018307166,169.122092169383
0,164.603944896999,-39.1322135925293,-80.4407958984375,0,10.9153563040837,-0.0303858840504982,0,-35.009034663784895,-77.56455770305072,0.9286254644393921,-42.50729621853603,-82.79517870094736,-0.026320800185203552,-4.115130752859096,5.027260748662597,5.321487474457334,-0.0270203892141581,-0.0024754377013596,169.231279957013
0,164.713106603485,-39.0700340270996,-80.530517578125,0,10.9100598237887,-0.0288905933202529,0,-34.95516985136867,-77.66171273935258,0.9264892339706421,-42.45725524755492,-82.89202362358486,-0.023807372897863388,-4.129161948755011,5.016188631588512,5.32122044564874,-0.025948928669095,-0.0023784322091929,169.340441663499
0,164.822179528302,-39.0079002380371,-80.6201629638672,0,10.9047606493066,-0.0276274666188971,0,-34.90135118917441,-77.75878453529234,0.9243542551994324,-42.40725885070713,-82.98878228133962,-0.018106689676642418,-4.1431867503936415,5.005120538231685,5.320953416840146,-0.0249982476234436,-0.0022924086276741,169.449514588316
0,164.93117236538,-38.9457969665527,-80.7097320556641,0,10.8994705320799,-0.0244635167102081,0,-34.84765799740586,-77.85563002238189,0.9222241044044495,-42.357236899093074,-83.08559039555604,-0.013319091871380806,-4.157237696423568,4.994060615053205,5.3207207203069435,-0.0225536171346903,-0.0020692344880462,169.558507425395
0,165.040165202459,-38.8836936950684,-80.7993011474609,0,10.8941619217283,-0.0178120542449232,0,-34.79404143488016,-77.95233729462325,0.9200963973999023,-42.307159032528865,-83.18250672268111,-0.008524170145392418,-4.171304799526643,4.983017036758654,5.320518541351865,-0.0173574257642031,-0.0015932756175781,169.667500262473
0,165.149064012796,-38.821590423584,-80.8887557983399,0,10.8887783439103,-0.0083526867541259,0,-34.740629987455414,-78.04867460428264,0.9179772734642029,-42.257001618620286,-83.2795769987856,-0.003439941443502903,-4.18546008121942,4.97195125379207,5.320381212250302,-0.0098528666421771,-0.0009048640198312,169.776399072811
0,165.257941262817,-38.7594261169434,-80.978141784668,0,10.8832792764395,0.0033771504599752,0,-34.68743803499789,-78.14461601464242,0.9158679246902466,-42.20668906132617,-83.37694752584196,0.0028271484188735485,-4.199748896256027,4.960842189478044,5.320329713837217,-0.0004092475282959,-3.76033269199196e-05,169.885276322831
0,165.366755391589,-38.6971969604492,-81.0674057006836,0,10.877638010397,0.0169487830349548,0,-34.634521302031324,-78.24006101633695,0.9137694835662842,-42.15620918059834,-83.47464187605115,0.009113769046962261,-4.214208293753326,4.949667814066345,5.32037930490167,0.0106630316004157,0.0009802696731169,169.994090451603
0,165.475492453893,-38.6348838806152,-81.1565170288086,0,10.871892613644,0.0306594619689639,0,-34.58253572583637,-78.3353842940919,0.9116747975349426,-42.105161609254075,-83.57242842755558,0.015600585378706455,-4.2284105051996335,4.937642704209113,5.320541429535459,0.0220636390149593,0.0020294121792744,170.102827513907
0,165.584184555874,-38.5724639892578,-81.2454986572266,0,10.8660684976755,0.044222550001671,0,-34.5315813851226,-78.43068839692808,0.9095849394798279,-42.05376620246849,-83.67051471161965,0.020797118544578552,-4.242660481793191,4.924620698275588,5.320817995087217,0.0335321240127087,0.0030859225969991,170.211519615888
0,165.692819460467,-38.509937286377,-81.3343353271484,0,10.8600698799343,0.0592305192787798,0,-34.480931294119955,-78.52542343645483,0.9075036644935608,-42.00215484792928,-83.76901312419925,0.026014404371380806,-4.257139823011049,4.911504382093423,5.321214723602841,0.0462488494813442,0.0042585510179202,170.320154520481
0,165.801402581423,-38.4472732543945,-81.4230117797852,0,10.853868797464,0.0754079277087398,0,-34.430611854881306,-78.61954003073673,0.9054369926452637,-41.95029597230733,-83.86798392185668,0.031407471746206284,-4.2718914941415544,4.89826731059588,5.321744966522763,0.060017067939043,0.0055294218716735,170.428737641437
0,165.909905806468,-38.3844566345215,-81.5114822387695,0,10.847437104782,0.0925279148222279,0,-34.38065182123752,-78.71298439911416,0.9033862352371216,-41.89818476988897,-83.96743627612348,0.03770507872104645,-4.2869564545103875,4.884879030378496,5.322416353241514,0.0746686458587647,0.0068832784047791,170.537240866482
0,166.018353182027,-38.3214683532715,-81.5997619628906,0,10.8407683734499,0.11040242830548,0,-34.331054874875605,-78.8057496554245,0.9013500809669495,-41.84579163077791,-84.06742669642105,0.044053953140974045,-4.302350962146564,4.871334981587244,5.323236513153623,0.0900592431426048,0.0083070286352633,170.645688242042
0,166.126741779549,-38.2582931518555,-81.6878356933594,0,10.8338473149013,0.128874177454749,0,-34.28184173534751,-78.89779704618212,0.8993285894393921,-41.79309543059361,-84.16799549786934,0.05328369140625,-4.318103727989745,4.857620973335734,5.324214983002256,0.106064565479755,0.0097894181959007,170.754076839563
0,166.235048548497,-38.1949081420898,-81.7756576538086,0,10.8266668740659,0.147810851960038,0,-34.23302937957981,-78.9890948180421,0.8973253965377808,-41.74009579912999,-84.26914338699333,-2.696258544921875,-4.334261947001582,4.843698562720709,5.325355577484678,0.122577205300331,0.0113207309994212,170.862383608512
0,166.343291249148,-38.1313056945801,-81.8632431030273,0,10.81921957253,0.1671004680386,0,-34.184619366506,-79.07964005520266,0.8953381180763245,-41.68676885629925,-84.37091593808111,-2.685187816619873,-4.350832258546492,4.8295733662576925,5.326664018646787,0.139504134654999,0.012892565674613,170.970626309162
0,166.451463572907,-38.0674667358398,-81.950569152832,0,10.8115022081982,0.186647663569483,0,-34.136620308299015,-79.16941664960696,0.8933666944503784,-41.633105727719084,-84.47333008757192,-2.680615186691284,-4.367848916143935,4.81522199728165,5.328144121185849,0.156764522194862,0.0144976307112371,171.078798632922
0,166.559561109113,-38.0033798217773,-82.0376205444336,0,10.8035024411086,0.206370635579987,0,-34.08903097594522,-79.2584268999805,0.8914123177528381,-41.57910410784109,-84.57639023552191,-2.670361280441284,-4.385334162220146,4.800629562904784,5.329795885101865,0.174287840723991,0.0161295887222471,171.186896169128
0,166.667574195905,-37.939022064209,-82.1243667602539,0,10.7952206715827,0.226198989006859,0,-34.04186574079374,-79.34664392640461,0.8894774913787842,-41.52475230969058,-84.68011868610164,-2.658437490463257,-4.403331613657522,4.785767603093919,5.331625032440733,0.192012429237366,0.0177828964324091,171.29490925592
0,166.775514988639,-37.8743858337402,-82.2108154296875,0,10.7867629176112,0.245426441473974,0,-33.99511074232475,-79.43409365335184,0.887557327747345,-41.47004349879751,-84.7845284826512,-2.6472325325012207,-4.4218494912514945,4.770635079111903,5.3336296558538185,0.209389910101891,0.0194067241830854,171.402850048654
0,166.883370496517,-37.8094749450684,-82.2969512939453,0,10.7784214101242,0.262528387667812,0,-33.94874678747771,-79.52081197918508,0.8856542706489563,-41.41499835211681,-84.88958016394628,-2.634666681289673,-4.440892195982303,4.755225694093913,5.335800218597959,0.225226059556007,0.0208898197918931,171.510705556532
0,166.991150642864,-37.7442855834961,-82.3827819824219,0,10.7702485727299,0.277716345266784,0,-33.902730937730915,-79.60687921536027,0.8837634325027466,-41.35963880302707,-84.99523187092328,-2.6227636337280273,-4.460456627062275,4.739533549684034,5.338121461884092,0.239616110920906,0.0222405722141406,171.618485702879
0,167.098852322381,-37.678825378418,-82.4683074951172,0,10.7622531655797,0.291180079628294,0,-33.8570352642607,-79.69234759945806,0.8818871974945068,-41.303985172537175,-85.1014448216681,-2.6113121509552,-4.480535203898501,4.7235614761510565,5.34058194162042,0.252655237913132,0.0234674664966512,171.726187382395
0,167.206477024804,-37.613094329834,-82.5535278320313,0,10.754428258396,0.303093157690986,0,-33.81162138134937,-79.77728892744982,0.8800243735313416,-41.24806399656204,-85.2081683733422,-2.599149227142334,-4.501124401924964,4.707302734408767,5.343166399017881,0.264438837766647,0.0245790732647875,171.833812084818
0,167.31402624307,-37.5470924377441,-82.6384429931641,0,10.7467629773436,0.313615063367567,0,-33.76645548796486,-79.86176642019151,0.8781701326370239,-41.191898194161325,-85.31535878574512,-2.585106134414673,-4.522221485352281,4.6907513829802205,5.345861482636045,0.275061577558517,0.025583939173795,171.941361303084
0,167.421499121036,-37.4808235168457,-82.7230529785156,0,10.7392418106564,0.322892317449951,0,-33.72150939507757,-79.94583280194843,0.8763232231140137,-41.1355080680012,-85.42297731196915,-2.5715391635894775,-4.543821142477911,4.673905708853903,5.348655748383115,0.284616142511368,0.026490471884431,172.04883418105
0,167.528909113735,-37.4142875671387,-82.807373046875,0,10.731854376562,0.331058952549479,0,-33.67676518880871,-80.02952157852441,0.8744860887527466,-41.078891086411566,-85.53102878361561,-2.557629346847534,-4.565919351647279,4.656772735353853,5.351545381561826,0.293191611766815,0.0273067634212602,172.156244173749
0,167.636243313605,-37.3474884033203,-82.8913879394531,0,10.7245889211813,0.338237275423885,0,-33.63218823200127,-80.11289753464885,0.8726562261581421,-41.022086134576774,-85.63943898970965,-2.5436718463897705,-4.588513164563372,4.6393387775191055,5.354513216034483,0.300872951745987,0.0280405552087264,172.263578373619
0,167.743509135687,-37.2804260253906,-82.9751052856445,0,10.7174324761129,0.344538064977557,0,-33.58776392152871,-80.1959879837528,0.8708312511444092,-40.965094099335595,-85.74820623775142,-2.529904842376709,-4.611601425288814,4.621606472967111,5.3575554371038185,0.30774050951004,0.0286991884362008,172.370844195701
0,167.850710404388,-37.2130966186523,-83.0585250854492,0,10.7101595585388,0.351447067142455,0,-33.543475337235265,-80.2788245729981,0.8690124154090881,-40.90792188234748,-85.85731735617223,-2.516195058822632,-4.635188443191831,4.603569841758646,5.360666322723935,0.314931988716125,0.0293891577606152,172.478045464402
0,167.957838038039,-37.1454887390137,-83.1416244506836,0,10.702530601442,0.360122350923871,0,-33.49934972896942,-80.36135633474733,0.8672009110450745,-40.85054525939256,-85.96681857602387,-2.501535654067993,-4.6593095695670526,4.585217604111988,5.363857316986631,0.323380142450333,0.0301982066287237,172.585173098053
0,168.064890490335,-37.077579498291,-83.2243804931641,0,10.6945211761308,0.370231265029874,0,-33.45562259599022,-80.44371338656356,0.8653942942619324,-40.79294009561387,-86.07675595781218,-2.486074209213257,-4.684010051170438,4.566254631517445,5.3671379566350685,0.332903444766998,0.0311097741271161,172.692225550349
0,168.171860337431,-37.0093650817871,-83.3067779541016,0,10.6861300926868,0.381501672997455,0,-33.41457187098181,-80.52760393206152,0.8635595440864563,-40.73215761115484,-86.18490965190404,-2.4702770709991455,-4.705616461911376,4.543825092720259,5.370517778412412,0.343345463275909,0.0321095538066123,172.799195397446
0,168.278756926148,-36.9408340454102,-83.3888168334961,0,10.6773561092929,0.393707968789191,0,-33.373713584891625,-80.61110121274328,0.8617333769798279,-40.669032836044856,-86.29196410105773,-2.4526097774505615,-4.725222775662573,4.521067622766158,5.374006319061826,0.354569375514984,0.0331850484057486,172.906091986162
0,168.385562108553,-36.8719635009766,-83.4704513549805,0,10.668393970528,0.405808049858284,0,-33.333056476354116,-80.69418737048794,0.8599181771278381,-40.60562453463904,-86.39949938759052,-2.433626651763916,-4.745476487311467,4.497944490599328,5.3776054859319435,0.365799725055695,0.0342633926178717,173.012897168567
0,168.492281752274,-36.8027572631836,-83.5516891479492,0,10.6590841533633,0.418640393994086,0,-33.29260512223428,-80.77685305209401,0.858111560344696,-40.541909934586805,-86.50755413154417,-2.416605234146118,-4.7663823284861,4.4744701822083925,5.381321001068662,0.377667814493179,0.0354042484062146,173.119616812288
0,168.598908435723,-36.7332038879395,-83.6325073242188,0,10.6494084220042,0.432044298138622,0,-33.25236647153541,-80.85908405669961,0.8563122153282166,-40.47787782470274,-86.61614734617098,-2.3981738090515137,-4.787973545589888,4.450629813886518,5.385156679169248,0.39006769657135,0.0365980032927997,173.226243495737
0,168.705443360263,-36.6632881164551,-83.712890625,0,10.6393605233849,0.445885906226251,0,-33.21234331667068,-80.94087467777788,0.8545238971710205,-40.413512062079626,-86.7253064085196,-2.379612922668457,-4.810283618991046,4.426408524166384,5.389116334930967,0.402906984090805,0.0378362610605025,173.332778420277
0,168.811888764699,-36.5930023193359,-83.7928314208984,0,10.6289511129835,0.460052318546251,0,-33.17255267054178,-81.02219014805974,0.8527465462684631,-40.3487763011047,-86.8350929577729,-2.3603014945983887,-4.833341852267174,4.4018097258619475,5.393211412445615,0.416104197502136,0.0391115710554373,173.439223824713
0,168.918230595341,-36.522346496582,-83.8723068237305,0,10.6181754265991,0.474446684667306,0,-33.13298450428297,-81.10305096236021,-1.9984240531921387,-40.28368453593397,-86.94548326098827,-2.3403050899505615,-4.857167617119311,4.376819934675736,5.397436189667295,0.429586499929428,0.0404173300390226,173.545565655355
0,169.024463282024,-36.4513168334961,-83.951301574707,0,10.6072178060627,0.488380571311224,0,-33.093651278366735,-81.18343165667514,-1.9695898294448853,-40.2182128094345,-87.05651794750129,-2.3208911418914795,-4.881790042127028,4.351439056593566,5.401798295990537,0.442824393510819,0.0417032794599586,173.651798342039
0,169.130602530942,-36.3798866271973,-84.0298080444336,0,10.5961510353865,0.501745808351695,0,-33.054518336581694,-81.26340305383353,-1.9409008026123047,-40.15237383946569,-87.1681754488639,-2.298583984375,-4.907240541477376,4.325629531091251,5.406286287323545,0.455711960792542,0.0429591765731074,173.757937590956
0,169.236639102684,-36.3080749511719,-84.1078262329102,0,10.5852282147529,0.513798909348692,0,-33.015584046295274,-81.34296849025479,-1.9177148342132568,-40.08616344507208,-87.28046285563417,-2.2772483825683594,-4.93351556271897,4.299410970797847,5.4109001636663185,0.46765524148941,0.0441280331652221,173.863974162698
0,169.342570938568,-36.2358818054199,-84.1853485107422,0,10.5744954939303,0.524665605363925,0,-32.976825339653665,-81.42217510700256,-1.9017577171325684,-40.01959822423611,-87.39335201899313,-2.2532408237457275,-4.960624602504167,4.2727715017523265,5.4156303882756935,0.478705853223801,0.0452142335766752,173.969905998582
0,169.448401633803,-36.1633071899414,-84.2623748779297,0,10.5639598823201,0.534452705291432,0,-32.9382167130957,-81.50107502270956,-1.8720983266830444,-39.95269196520705,-87.50681955519916,-2.2233190536499023,-4.988572765719392,4.245702000173778,5.420467424408506,0.488910734653473,0.0462218941417232,174.075736693818
0,169.554121634074,-36.0903701782227,-84.3389053344727,0,10.5536167215622,0.54325631736425,0,-32.899738568640664,-81.57970828746726,-1.8295531272888184,-39.88546515771377,-87.62083071535008,-2.1953125,-5.017347915882001,4.218210332862458,5.425401735321592,0.498315989971161,0.0471551225299774,174.181456694088
0,169.659753126275,-36.0170516967773,-84.4149475097656,0,10.5434544644359,0.551164465152818,0,-32.861364951473725,-81.6581279420825,-1.7871289253234863,-39.81791288109374,-87.73539384448654,-2.1658592224121094,-5.046970339144574,4.190276000843511,5.430427598969053,0.506967544555664,0.0480180627997719,174.287088186289
0,169.765288751629,-35.9433517456055,-84.4904861450195,0,10.5334632824314,0.558258943693203,0,-32.82307621466708,-81.73637413667416,-1.788631558418274,-39.75005557857965,-87.85047427256005,-2.1319847106933594,-5.077451554588534,4.161880866085072,5.435535478607726,0.514910876750946,0.0488148321552518,174.392623811643
0,169.870724238164,-35.8692893981934,-84.5655288696289,0,10.5236265780483,0.564614992729629,0,-32.78485810372331,-81.81447600148454,-1.8173595666885376,-39.6819016297932,-87.96605778841842,-2.0916295051574707,-5.108777638150658,4.133038627164258,5.440719652191709,0.522191047668457,0.0495495621858285,174.498059298179
0,169.976065759334,-35.7948532104492,-84.6400680541992,0,10.5141983572567,0.569326065147266,0,-32.74668178581301,-81.89249245878077,-1.8460582494735718,-39.61347030254907,-88.0821117154259,-2.041419744491577,-5.140963048094016,4.103720347015327,5.445968675629209,0.528101742267609,0.0501540122362952,174.603400819348
0,170.081324936767,-35.7200546264648,-84.7141265869141,0,10.504934211523,0.573538856815542,0,-32.7085296181487,-81.9704595630556,-1.8744432926177979,-39.544757140074594,-88.19864361190389,-1.967840552330017,-5.173993449460168,4.073940551053964,5.451278734222959,0.533482551574707,0.0507084766372177,174.708659996781
0,170.186494362179,-35.6449012756348,-84.7876968383789,0,10.4963269842021,0.575212669240704,0,-32.67036149183946,-82.04845928013883,-1.8809337615966797,-39.47581474037581,-88.31556427594154,-1.8935314416885376,-5.207854321248695,4.043675225071161,5.456628847137998,0.536768078804016,0.0510620413616941,174.813829422194
0,170.291577075463,-35.569408416748,-84.8607940673828,0,10.4884191349181,0.574455445060709,0,-32.63215042360886,-82.12654675258341,-1.8872008323669434,-39.40666524520212,-88.4328361569451,-1.8836034536361694,-5.2425208303947075,4.012928219735236,5.4620075702825295,0.537970423698425,0.0512150902074632,174.918912135477
0,170.396578524337,-35.4935874938965,-84.9334335327148,0,10.4811816254037,0.571375191429518,0,-32.59383741762038,-82.2048425432517,-1.89361572265625,-39.337377666600894,-88.55034221613381,-1.8610875606536865,-5.277949537080734,3.9816779493879952,5.46738629342706,0.537112653255463,0.0511694526682726,175.023913584352
0,170.501511594199,-35.4174537658691,-85.0056457519531,0,10.4745632942691,0.566089866904121,0,-32.55537142752478,-82.2834509695725,-1.8990551233291626,-39.26800337484491,-88.66799533373184,-1.8176097869873047,-5.314088515478331,3.9499189541916695,5.472742128387998,0.534234642982483,0.0509287253200264,175.128846654214
0,170.606380681862,-35.3410263061523,-85.0774536132812,0,10.4685054051956,0.558728332271742,0,-32.51601292719638,-82.3617474322915,-1.8973265886306763,-39.19857370908915,-88.78574236109878,-1.7740856409072876,-5.350895009537695,3.918642705420541,5.478061723724912,0.529393970966339,0.0504982842167132,175.233715741877
0,170.711182160803,-35.2643203735352,-85.1488647460937,0,10.4629401616461,0.549427906235606,0,-32.47246647638698,-82.43662239280314,-1.8954137563705444,-39.129147399707186,-88.90348369633064,-1.7088963985443115,-5.3883254730674714,3.8923908804235947,5.483324098602842,0.522663414478302,0.049885048920911,175.338517220818
0,170.815935259138,-35.1873550415039,-85.2199249267578,0,10.4578121646787,0.538331493757658,0,-32.42865961663638,-82.51194510758242,-1.8933520317077637,-39.04893962648578,-89.01051849207387,-1.6472070217132568,-5.411139906192163,3.865689479025196,5.488510179535459,0.514128625392914,0.0490971525901316,175.443270319152
0,170.920628180877,-35.1101417541504,-85.2906265258789,0,10.453054104673,0.525582910752696,0,-32.3845605485173,-82.58777025343574,-1.8897656202316284,-38.96503062270834,-89.11337469291911,-1.5949926376342773,-5.428956781697674,3.838518586380137,5.493600893036435,0.503885626792908,0.04814381400877,175.547963240891
0,171.025269109863,-35.0326995849609,-85.3610000610352,0,10.4486100233159,0.511324976742855,0,-32.34013485006013,-82.66415701644067,-1.8852428197860718,-38.881433151954035,-89.2158490145648,-1.5493541955947876,-5.447257156058259,3.810887988226517,5.498580980316709,0.492037504911423,0.047034905480974,175.652604169878
0,171.129860718519,-34.9550476074219,-85.4310684204102,0,10.4444242336829,0.495696067956193,0,-32.2953558193897,-82.7411513085329,-1.880682349205017,-38.79819173411729,-89.3178868842357,-1.5000683069229126,-5.465996208312635,3.782805106808468,5.503437089935849,0.478692620992661,0.0457808295938563,175.757195778534
0,171.234399687143,-34.8772125244141,-85.5008544921875,0,10.4404444811621,0.478827287156485,0,-32.25019319477308,-82.81880516256507,-1.8750426769256592,-38.71536901302188,-89.41941151272651,-1.4688341617584229,-5.485119356427678,3.754280112729424,5.508152055756162,0.463961660861969,0.0443922175867067,175.861734747157
0,171.338889299705,-34.7991981506348,-85.5703659057617,0,10.4366220939052,0.460841647207656,0,-32.20462617042127,-82.89715435258078,-1.86767578125,-38.63300554349617,-89.52037318766567,-1.4405944347381592,-5.504601407245834,3.725300493727869,5.512714433685849,0.447956264019012,0.0428797930575836,175.966224359719
0,171.443330809645,-34.7210311889648,-85.6396331787109,0,10.4329092847643,0.441851989632377,0,-32.15862772397806,-82.97624534155962,-1.8593871593475342,-38.551156707682566,-89.62070402126395,-1.4089879989624023,-5.524381100409266,3.6958823423455227,5.517108964935849,0.430786728858948,0.0412541594346046,176.070665869659
0,171.547734400522,-34.6427192687988,-85.7086791992188,0,10.4291749984726,0.422908279917246,0,-32.1121896837792,-83.05609218008492,-1.8468444347381592,-38.469833620791846,-89.72039038842394,-1.3699902296066284,-5.544423408148479,3.666032988768252,5.521331834808896,0.413288593292236,0.0395955785274611,176.175069460536
0,171.652094993707,-34.5642700195312,-85.7775039672852,0,10.4251118167597,0.407036430178935,0,-32.0653272386233,-83.13666875212027,-1.833895206451416,-38.3890310519811,-89.81943870114675,-1.331246256828308,-5.564713231438227,3.635756545192061,5.525386858002256,0.397851139307022,0.0381337146410861,176.279430053722
0,171.756400313428,-34.4856872558594,-85.8460922241211,0,10.4209803525897,0.39174311100665,0,-32.01808491360862,-83.21789849999193,-1.8227367401123047,-38.30870116307163,-89.91790759978203,-1.299019694328308,-5.585258793306438,3.605060827646806,5.529291200653623,0.382719039916992,0.0366998972465063,176.383735373443
0,171.860661800843,-34.4069633483887,-85.9144515991211,0,10.4164008477401,0.380846765368626,0,-31.97049384235713,-83.29972789169734,-1.8180798292160034,-38.22877993069327,-90.015875564592,-1.2720593214035034,-5.606064620865268,3.5739563119861337,5.5330620289006935,0.370879471302032,0.0355815631391423,176.487996860857
0,171.964875930926,-34.3280906677246,-85.9825668334961,0,10.4116381683032,0.371675611034839,0,-31.922603163060714,-83.3820724376832,-1.81399405002594,-38.14919183345619,-90.11343517018592,-1.2444982528686523,-5.627156238618395,3.5424484806060814,5.53672223092706,0.360452830791473,0.0345981460403861,176.592210990941
0,172.069026479871,-34.2490653991699,-86.050407409668,0,10.4067219712194,0.363946194832702,0,-31.87443942887376,-83.46488648172841,-1.8055663108825684,-38.06992339997994,-90.21060292986932,-1.218572974205017,-5.648555800260567,3.5105223211964414,5.540279436127256,0.351279586553574,0.0337344427007824,176.696361539885
0,172.173129215994,-34.1698875427246,-86.1179962158203,0,10.4016768427103,0.357423222202971,0,-31.826032221648784,-83.54811915998535,-1.7952526807785034,-37.9908979682892,-90.30747281638858,-1.1930590867996216,-5.670258800000447,3.4782072750545416,5.543752717987608,0.34321728348732,0.0329768786928273,176.800464276009
0,172.277190766907,-34.0905494689941,-86.1853332519531,0,10.3965220962233,0.351911491767781,0,-31.777394492247865,-83.63174820438692,-1.784881591796875,-37.91208579455186,-90.40408128992591,-1.1647765636444092,-5.692273262542565,3.4455017837173445,5.547149705902646,0.336138635873795,0.0323133286568577,176.904525826922
0,172.381191381418,-34.011058807373,-86.2523956298828,0,10.3912723564024,0.347248410105423,0,-31.728563153473246,-83.71571014604973,-1.7741918563842773,-37.83345284062512,-90.50047007465747,-1.125118374824524,-5.714615703071299,3.4124125855412997,5.550483751312803,0.329929709434509,0.0317329421495138,177.008526441432
0,172.485134896576,-33.9314117431641,-86.3191833496094,0,10.3857417409716,0.3450448739781,0,-31.67955152950903,-83.7999820750066,-1.7620787620544434,-37.75497001681608,-90.59667482891739,-1.0859692096710205,-5.737293022634013,3.3789420657660076,5.553762483612608,0.325827449560165,0.0313552741962187,177.11246995659
0,172.589020288629,-33.8516044616699,-86.3856887817383,0,10.3801527162552,0.343182128094324,0,-31.6303954432593,-83.88450239637483,-1.7498730421066284,-37.67656882438192,-90.69277951890874,-1.0446484088897705,-5.760328375556063,3.3451013195112873,5.557004976288388,0.322255671024322,0.0310284157241941,177.216355348644
0,172.6928446849,-33.7716293334961,-86.4518966674805,0,10.3741191940636,0.34485535775511,0,-31.581093841386775,-83.96927292129139,-1.73806631565094,-37.598258636477574,-90.78877265495741,-0.9940649271011353,-5.783734533429966,3.3108709439258845,5.560209321991513,0.321637272834778,0.0309866992660184,177.320179744914
0,172.796620110078,-33.6914596557617,-86.5177917480469,0,10.3676415416263,0.349374339127833,0,-31.531747495845323,-84.05412037969812,-1.725826382637024,-37.51980537058175,-90.88494117693568,-0.860457718372345,-5.80760062731802,3.2762834469734483,5.563436555878233,0.32351541519165,0.0311866377272354,177.423955170092
0,172.900320778749,-33.6110992431641,-86.5833358764649,0,10.3607298221955,0.356193990849383,0,-31.482374645258695,-84.13901341160565,-1.7132360935211182,-37.44120888293,-90.98128526107092,-0.7448022365570068,-5.831954958861066,3.241323915615831,5.56669049264581,0.327509701251984,0.0315920143828704,177.527655838763
0,173.003948607795,-33.5305290222168,-86.6485061645508,0,10.3533984855003,0.364878573013827,0,-31.43300785818207,-84.22389601774796,-1.700598120689392,-37.3623864799009,-91.07790627374042,-0.7206823825836182,-5.85685213261342,3.2059833744972632,5.569992113129209,0.333299815654755,0.0321723369509434,177.631283667809
0,173.107512450719,-33.4497337341309,-86.7132949829102,0,10.3456592453463,0.375075903313782,0,-31.383671042302055,-84.30872709059373,-1.6875841617584229,-37.28325626334882,-91.17490460622207,-0.6993078589439392,-5.882334180650606,3.1702621019919324,5.573360490814756,0.340613484382629,0.0329017077037774,177.734847510734
0,173.211002908535,-33.368709564209,-86.7776794433594,0,10.3375200854272,0.386499111960906,0,-31.334383754570315,-84.3934730033845,-1.6742223501205444,-37.20377552131698,-91.27233261510939,-0.6655407547950745,-5.908437867126198,3.134154088136046,5.576807069794248,0.349218189716339,0.0337580351018032,177.838337968549
0,173.314407415049,-33.2874450683594,-86.8416213989258,0,10.3289906387749,0.398912524580995,0,-31.285172990014516,-84.47808734013014,-1.660213589668274,-37.123888332499895,-91.37025884910122,-0.625140368938446,-5.935221484839493,3.097642123100504,5.580347108856748,0.358914375305176,0.0347223670208693,177.941742475063
0,173.417736051157,-33.2059364318848,-86.9051284790039,0,10.3200778240244,0.412120770129373,0,-31.23458651931406,-84.56084179614996,-1.6459203958511353,-37.036124989304696,-91.45990587834945,-0.5890856981277466,-5.951163041202888,3.062988822898156,5.583988237396787,0.369529902935028,0.0357783743248276,178.045071111171
0,173.520978573266,-33.1241760253906,-86.9681701660156,0,10.3107832477723,0.425960608768312,0,-31.17968067161309,-84.63813652670765,-1.6325414180755615,-36.93911522804702,-91.5395036263069,-0.5519201755523682,-5.954061699809943,3.0348177772592733,5.587738084808896,0.380915999412537,0.0369119738335079,178.14831363328
0,173.624131401313,-33.0421600341797,-87.0307312011719,0,10.301117679283,0.440295099356306,0,-31.12492717062449,-84.71521678834125,-1.6183264255523682,-36.84162860684069,-91.61949264394187,-0.5145702958106995,-5.957574423646828,3.0062250163822735,5.59160618783624,0.392943739891052,0.0381109414748385,178.251466461327
0,173.727189638871,-32.9598808288574,-87.0927886962891,0,10.2910840218854,0.455007898578872,0,-31.070332300693025,-84.79207373414724,-1.6039221286773682,-36.74363918256088,-91.69989421791959,-0.47188231348991394,-5.961732010637425,2.977193809161845,5.595598268524717,0.405500918626785,0.0393646722926001,178.354524698886
0,173.830151773713,-32.8773384094238,-87.1543350219727,0,10.2806859613372,0.469999942898439,0,-31.015892589148937,-84.86871225284122,-1.5896410942077637,-36.64513496695538,-91.7807181847541,-0.4090222120285034,-5.966549427249725,2.9477197941105264,5.599716234222959,0.418489545583725,0.0406639114095191,178.457486833727
0,173.933018018929,-32.7945251464844,-87.2153549194336,0,10.2699289814433,0.485186238856203,0,-30.961610175431755,-84.9451293325873,-1.5740270614624023,-36.54608493058011,-91.8619900045005,-0.34403562545776367,-5.9720531165939015,2.917790517888584,5.603965806976865,0.431823939085007,0.04200056718826,178.560353078943
0,174.035787204804,-32.7114410400391,-87.2758407592773,0,10.2588175417446,0.500493329060134,0,-30.9074805122341,-85.02133137494222,-1.558504581451416,-36.44647580178115,-91.94372056672033,-0.27937865257263184,-5.9782594932100315,2.8874012796861876,5.6083488941350685,0.445428967475891,0.0433675537217278,178.663122264818
0,174.138443560345,-32.6280822753906,-87.3357543945312,0,10.2473550963819,0.515857456786996,0,-30.853514824044925,-85.09730257842241,-1.543404459953308,-36.346288380154434,-92.0259256255903,-0.22172972559928894,-5.985212010794404,2.8565286927346203,5.612871217743467,0.459238320589066,0.0447586255942496,178.76577862036
0,174.240997112278,-32.5444412231445,-87.3950958251953,0,10.2355450829153,0.53122263350697,0,-30.799697593915187,-85.17306478730215,-1.5273925065994263,-36.245508318518844,-92.10861695315577,-0.1704064905643463,-5.992927420567719,2.82516411294933,5.61753277780206,0.473193526268005,0.0461682805145753,178.868332172293
0,174.343436729282,-32.4605255126953,-87.4538497924805,0,10.223389941945,0.546540069375874,0,-30.74602266356376,-85.24862667101648,-1.5113903284072876,-36.144146030123814,-92.19178600521258,-0.12858887016773224,-6.001424803522771,2.7933007419752816,5.622331666962217,0.487242788076401,0.047591652345545,178.970771789297
0,174.445763999273,-32.3763275146484,-87.5120010375977,0,10.2108940169352,0.561766548736423,0,-30.69248591351472,-85.3239940288344,-1.4953991174697876,-36.042175329843595,-92.27545426699079,-0.10004882514476776,-6.010734303958781,2.7609232528459997,5.627271699921201,0.501339852809906,0.0490243891919214,179.073099059288
0,174.547973401315,-32.2918434143066,-87.5695266723633,0,10.198064480614,0.57686417759851,0,-30.63908078908131,-85.3991760882384,-1.4788867235183716,-35.93959272098241,-92.35962460757396,-0.07010497897863388,-6.020889737676931,2.7280113550630323,5.632352876679013,0.515443623065949,0.0504626108954357,179.175308461329
0,174.650058848043,-32.2070808410645,-87.6264190673828,0,10.1848970669448,0.591798609057451,0,-30.585800162207136,-85.47418288388272,-1.461273193359375,-35.836393695317135,-92.44430072601672,-0.03243652358651161,-6.031906454069438,2.694563346667358,5.6375751972356545,0.52951717376709,0.05190288485735,179.277393908058
0,174.752019645642,-32.1220359802246,-87.6826629638672,0,10.1714355209835,0.606438676628969,0,-30.53263067888439,-85.54903321512077,-1.4382482767105103,-35.73257838601833,-92.52948251305094,0.033472899347543716,-6.043813051905593,2.6605610529856514,5.64293675424249,0.543449819087982,0.0533343077232801,179.379354705657
0,174.853852224562,-32.0367088317871,-87.7382431030273,0,10.1578561960574,0.620387912550553,0,-30.479560469618445,-85.62374379145488,-1.4081274271011353,-35.628148439394394,-92.61516861785954,0.1074816882610321,-6.056636106974903,2.625989025195032,5.648435640350888,0.556925237178803,0.054725074361846,179.481187284577
0,174.955557631343,-31.9511089324951,-87.7931671142578,0,10.144413539792,0.633183170959841,0,-30.42656774965012,-85.69834528078584,-1.3884594440460205,-35.523118133694524,-92.70134732495671,0.19274413585662842,-6.070377477072559,2.5908501176604513,5.654066133514951,0.569564878940582,0.0560366187431676,179.582892691357
0,175.057143051399,-31.8652286529541,-87.8474273681641,0,10.1311753870482,0.644926876592333,0,-30.373621913705385,-85.77288076825867,-1.3746569156646729,-35.41751559741933,-92.7879955545485,0.2877844274044037,-6.08506010982075,2.5551192261323887,5.659818696991513,0.581412553787231,0.0572725346906145,179.684478111414
0,175.158601331932,-31.7790775299072,-87.9010162353516,0,10.11816139417,0.655700167608105,0,-30.320704072547493,-85.8473768455485,-1.3608629703521729,-35.31137039555429,-92.87508904818678,0.38274046778678894,-6.100696127171665,2.518786986722418,5.665685701386045,0.592503190040588,0.058435810158771,179.785936391947
0,175.25993585898,-31.6926574707031,-87.9539337158203,0,10.1053711944308,0.66557361972036,0,-30.267791978675266,-85.9218648319898,-1.3491735458374023,-35.20469456446061,-92.96261792988346,0.5187597274780273,-6.117296960597405,2.481843189849809,5.671661424652646,0.602868914604187,0.0595292864590278,179.887270918994
0,175.361155587784,-31.6059684753418,-88.0061874389648,0,10.092796612576,0.674612125940528,0,-30.214851229073037,-85.99639315906914,-1.3303844928741455,-35.09752249409952,-93.0505539822362,0.5911108255386353,-6.134866199745435,2.4442749927877783,5.677734422699521,0.612541615962982,0.0605558476409063,179.988490647799
0,175.462254395085,-31.5190143585205,-88.0577621459961,0,10.0804292705632,0.682876696605573,0,-30.16187495186582,-86.07097150079666,-1.3106225728988647,-34.98984661183824,-93.13890341868687,0.583599865436554,-6.153427757251423,2.4060682527615476,5.68390469552667,0.621553182601929,0.0615184010831462,180.089589455099
0,175.563229161221,-31.4318046569824,-88.1086578369141,0,10.0682568345773,0.690424386518742,0,-30.108836711563523,-86.14563707222628,-1.290838599205017,-34.88171047159314,-93.2276305026909,0.5760595798492432,-6.17298398529066,2.3672124338980276,5.690160799042295,0.62993597984314,0.0624199475606319,180.190564221236
0,175.664094877798,-31.3443279266357,-88.1588745117188,0,10.0562686910848,0.697309985451105,0,-30.055708206110353,-86.2204297161046,-1.2715917825698853,-34.77311687109709,-93.31673293867274,0.5706457495689392,-6.193552871992002,2.3276831850083486,5.696497011200498,0.637722492218018,0.0632635111061579,180.291429937813
0,175.764850496391,-31.2565956115723,-88.2084197998047,0,10.0444550812441,0.703585388136183,0,-30.00247311468169,-86.29537240837672,-1.2540234327316284,-34.6640707593566,-93.40620666590937,0.5658910870552063,-6.2151327570871535,2.287481925405433,5.702909517304013,0.644944667816162,0.0640520782839318,180.392185556405
0,175.865485278237,-31.1686172485352,-88.2572784423828,0,10.0328052868017,0.709298819540062,0,-29.94911672461733,-86.37048586106427,-1.2373571395874023,-34.55460405090126,-93.49602549812168,0.5679943561553955,-6.237738158965153,2.246590254753768,5.70939068795831,0.651634097099304,0.0647886267914496,180.492820338251
0,175.966015032235,-31.0803890228271,-88.3054656982422,0,10.0213075564664,0.714496431281618,0,-29.875067510501072,-86.41356713870084,-1.2254235744476318,-34.425273941008314,-93.55566897912992,0.5733093023300171,-6.2251818934486005,2.243229838351517,5.71593480111749,0.657821536064148,0.065476077471787,180.593350092249
0,176.066425281799,-30.9919166564941,-88.3529510498047,0,10.009952069426,0.719221406706934,0,-29.79805018767917,-86.45141624620341,-1.214144229888916,-34.28917785948266,-93.60467483786844,0.5756298899650574,-6.201010739133433,2.2452509335634727,5.722543764130185,0.66353702545166,0.0661172865351345,180.693760341813
0,176.166733942882,-30.9032020568848,-88.3997650146484,0,9.99873093091351,0.72351443954,0,-29.721294634765172,-86.48913671047322,-1.2015514373779297,-34.15322292924508,-93.65362987045529,0.5756396651268005,-6.177841985180609,2.246643200683361,5.729204225555967,0.668809473514557,0.06671500223272,180.794069002896
0,176.266930379545,-30.8142509460449,-88.4458847045898,0,9.98763343978709,0.727413414180119,0,-29.644800421267696,-86.52672874306937,-1.1849206686019897,-34.017422483725554,-93.70252927575159,0.5716223120689392,-6.155698177082119,2.2473927414987105,5.735914278046201,0.673666834831238,0.0672719129849802,180.894265439559
0,176.36702160412,-30.7250652313232,-88.4913177490234,0,9.9763734441503,0.731711896805083,0,-29.56856106454026,-86.56419552979962,-1.1651818752288818,-33.881737013670815,-93.75138728036005,0.567608654499054,-6.1345666689641485,2.2475101636282484,5.7426777362981545,0.678718209266663,0.067850305817905,180.994356664134
0,176.467000826839,-30.6356506347656,-88.5360488891602,0,9.96546542462862,0.734833669553447,0,-29.492556566237166,-86.60154689857679,-1.1511156558990479,-33.74621987581189,-93.80018467143933,0.5690392851829529,-6.114471893599213,2.246989541826147,5.749485063568662,0.6827791929245,0.0683290206126828,181.094335886853
0,176.566876683855,-30.5460109710693,-88.5800933837891,0,9.95469101362832,0.737680311842556,0,-29.416759024792242,-86.63879656124311,-1.140130639076233,-33.610884347995544,-93.84891666786513,0.5741125345230103,-6.095403810693177,2.2458502424243907,5.756330537811826,0.68651157617569,0.0687750486750052,181.194211743869
0,176.666647550341,-30.4561500549316,-88.6234436035156,0,9.94401947626015,0.74027057667034,0,-29.341158801721516,-86.67594925449937,-1.1257312297821045,-33.47573208142804,-93.89758267506645,0.5793054103851318,-6.077369378341224,2.244089956794318,5.763212251679013,0.689932286739349,0.0691901737801376,181.293982610356
0,176.766315195377,-30.3660717010498,-88.6660995483399,0,9.9334369526464,0.742627093323017,0,-29.265735014365067,-86.71301524084255,-1.1147875785827637,-33.34078271968514,-93.94617561972946,0.5814403891563416,-6.0603720153181255,2.2417134375866907,5.770124483124326,0.693061351776123,0.0695763851730071,181.393650255391
0,176.865876423681,-30.2757816314697,-88.7080535888672,0,9.92293531755807,0.744771907791759,0,-29.19048315055773,-86.74999673771434,-1.1035571098327637,-33.20602744180906,-93.99469867812935,0.5797900557518005,-6.044415340529719,2.238718254943327,5.777067232147763,0.695918738842011,0.0699356374862016,181.493211483695
0,176.96533621927,-30.1852836608887,-88.7493133544922,0,9.91250646310318,0.74672629160497,0,-29.11539811279855,-86.78689625021171,-1.092352271080017,-33.07142673019442,-94.04316607987633,0.5777929425239563,-6.029485757057428,2.2351143096461046,5.784044313446592,0.698523759841919,0.0702698296065983,181.592671279284
0,177.064694541334,-30.0945835113525,-88.7898788452148,0,9.90214710870131,0.748510443738284,0,-29.04043759091598,-86.82373457108847,-1.0811657905578613,-32.93706653700372,-94.09154687507464,0.5757604837417603,-6.0155958682372646,2.2309071984851205,5.791038560883115,0.700894951820374,0.0705807581955091,181.692029601349
0,177.163948679156,-30.00368309021,-88.8297348022461,0,9.89185032528765,0.750141825105283,0,-28.96561249613246,-86.86050633817389,-1.0706298351287842,-32.80289362459372,-94.13986023368419,0.5737280249595642,-6.002750345750722,2.226084298044586,5.798057603851865,0.703049421310425,0.0708701114261211,181.791283739171
0,177.263104773445,-29.9125881195068,-88.868896484375,0,9.88161396458539,0.751637586009504,0,-28.89090463625099,-86.89722049177384,-1.0610339641571045,-32.66889899247131,-94.18810939662775,0.5717004537582397,-5.990932784992567,2.220662819916051,5.805099535004209,0.705003678798676,0.071139491394695,181.890439833459
0,177.362161497354,-29.8213024139404,-88.907356262207,0,9.87143125910568,0.753012453399289,0,-28.816292626544367,-86.93388754111932,-1.0533019304275513,-32.53511456525982,-94.23628286839745,0.5696252584457397,-5.980153440072703,2.2146384503736227,5.812156724945615,0.70677262544632,0.0713903792961345,181.989496557369
0,177.46111413413,-29.7298336029053,-88.9451065063477,0,9.86100291651892,0.75511625245628,0,-28.741788370080073,-86.970501636611,-1.0476526021957397,-32.40148851627129,-94.28439931089243,0.5672778487205505,-5.970409335110596,2.208007648015858,5.819236803070615,0.709012985229492,0.071690811137941,182.088449194144
0,177.559966237844,-29.63818359375,-88.9821472167969,0,9.85088946101798,0.756185320367198,0,-28.66736566239641,-87.00707565607237,-1.0420092344284058,-32.26804733742845,-94.33244918482684,0.5649328231811523,-5.961703989583805,2.200771484234675,5.826332139984677,0.710403084754944,0.0719040893183697,182.187301297859
0,177.658716042196,-29.5463600158691,-89.0184783935547,0,9.84085502506271,0.757192569998741,0,-28.59299932847868,-87.04362197141927,-1.0363671779632568,-32.134832714786334,-94.3804174797691,0.562591552734375,-5.954039106129006,2.192932850844069,5.833433198944638,0.711657881736755,0.072103547698728,182.28605110221
0,177.757368047608,-29.45436668396,-89.0541076660156,0,9.83087093679182,0.758138160747781,0,-28.518729532003945,-87.0801208447632,-1.026613712310791,-32.00167588505321,-94.42836496447858,0.5602514743804932,-5.9473881390116725,2.184500137468198,5.840566682831358,0.712782740592957,0.0722898938323283,182.384703107622
0,177.855922961208,-29.3622055053711,-89.0890274047852,0,9.82062307467313,0.759880940306466,0,-28.44448453315243,-87.11660753165515,-1.0167663097381592,-31.868745647844666,-94.4762308571163,0.5577404499053955,-5.941776209404019,2.175465913032964,5.847700166718076,0.71444308757782,0.0725324588878292,182.483258021222
0,177.954371842935,-29.2698860168457,-89.1232223510742,0,9.81068633310921,0.76061348772116,0,-28.370265531015026,-87.15308144281832,-1.0073803663253784,-31.736037231647227,-94.52401687582221,0.5550121665000916,-5.937211745661014,2.1658190637515276,5.854833650604795,0.715283632278442,0.0726904879289553,182.581706902949
0,178.052722586595,-29.1774139404297,-89.1567153930664,0,9.80081611177736,0.761324100870639,0,-28.296130161808026,-87.18951425372433,-0.9980932474136353,-31.60331405042653,-94.57180821115911,0.552276611328125,-5.933651622082459,2.1555837773305115,5.86200528146417,0.716031849384308,0.0728389609967539,182.680057646609
0,178.150980345318,-29.084789276123,-89.1895065307617,0,9.79098500576411,0.762008619702093,0,-28.221991792088286,-87.2259485391912,-0.9887987971305847,-31.470771504616994,-94.61953450279054,0.5495629906654358,-5.93111414252877,2.1447562762973913,5.869176912323545,0.716689884662628,0.0729782705995297,182.778315405332
0,178.249137399584,-28.9920177459717,-89.2215728759766,0,9.78118523743362,0.762668805092391,0,-28.1478511052642,-87.26238396336723,-0.9805932641029358,-31.33840441340972,-94.66719761623669,0.5468578934669495,-5.929617121270447,2.1333163179835535,5.87634854318292,0.71726393699646,0.0731090765279277,182.876472459598
0,178.347199312193,-28.8991069793701,-89.2529373168945,0,9.77141181277728,0.763307500413034,0,-28.073693842481067,-87.2988275335711,-0.9733630418777466,-31.20619197998629,-94.71480504007428,0.5441271662712097,-5.929134863163535,2.121285433841762,5.883520174042295,0.717760741710663,0.0732320751245319,182.974534372207
0,178.445167018357,-28.806058883667,-89.2835922241211,0,9.76166543024249,0.763928125328957,0,-27.99951205647051,-87.3352831553789,-0.9662414193153381,-31.07412011112137,-94.7623618490314,0.5414196848869324,-5.929672700438159,2.1086550243706967,5.89069180490167,0.718186855316162,0.0733479047337799,183.072502078371
0,178.543032534276,-28.7128849029541,-89.3135299682617,0,9.75194298995406,0.764533715866668,0,-27.91658515520939,-87.35025078742864,-0.9639147520065308,-30.94218288699141,-94.80987017473473,0.5387194752693176,-5.931233022477258,2.118621823297131,5.897863435761045,0.718548536300659,0.0734572044734197,183.17036759429
0,178.640805737533,-28.6195850372314,-89.3427658081055,0,9.74224334408411,0.765126789555286,0,-27.83065249099974,-87.35687802765537,-0.9632861018180847,-30.810356353937348,-94.85733864248499,0.5359973311424255,-5.933800848341456,2.136858638058378,5.90503506662042,0.718851566314697,0.0735605530588208,183.268140797548
0,178.738479993703,-28.5261669158936,-89.3712844848633,0,9.7325663006113,0.765709855393649,0,-27.745157725963505,-87.3634714965212,-0.9626586437225342,-30.678612749428588,-94.90477724909208,0.533245861530304,-5.937387071606029,2.15436495304544,5.91221051217706,0.719101428985596,0.0736584938893926,183.365815053718
0,178.836060962351,-28.4326324462891,-89.3990936279297,0,9.72322842139973,0.765360943775092,0,-27.660074353107166,-87.37003323828036,-0.9625476002693176,-30.54695391265534,-94.95218533229522,0.5304821729660034,-5.941984747559537,2.1711591540430333,5.919385957733701,0.718593001365662,0.0736768756402731,183.463396022366
0,178.933552893412,-28.3389892578125,-89.4262161254883,0,9.71425933654018,0.76415478273079,0,-27.575376144290995,-87.37656527568153,-0.9613696336746216,-30.408749869529967,-94.98176057801794,0.5281445384025574,-5.928573450152236,2.1872753812118875,5.926557588593076,0.717354893684387,0.0736181376537713,183.560887953426
0,179.030953089569,-28.2452430725098,-89.4526443481445,0,9.70597006467048,0.761149406115962,0,-27.49104657400791,-87.38306888319357,-0.9584606885910034,-30.26460336274692,-94.99393036561129,0.5262206792831421,-5.897767942972959,2.202715361429926,5.93372159005792,0.714640378952026,0.0734035861981954,183.658288149584
0,179.128274963597,-28.1513977050781,-89.4784240722656,0,9.69836884195517,0.756418256757866,0,-27.406987366844945,-87.38955163994575,-0.9555700421333313,-30.12126822679013,-95.00603165199128,0.524310290813446,-5.868120263572555,2.217551530443933,5.940847444550108,0.710452258586884,0.0730330218214826,183.755610023611
0,179.225517350518,-28.0574588775635,-89.5035552978516,0,9.69142498778672,0.750031851749006,0,-27.32316187553929,-87.39601637222324,-0.9526867270469666,-29.97879210919182,-95.0180604144427,0.522412121295929,-5.8396308160592385,2.2317957814774383,5.947923707977842,0.704798996448517,0.072507166485669,183.852852410533
0,179.322688685244,-27.9634323120117,-89.528076171875,0,9.68508942558336,0.742066262469792,0,-27.239516227621355,-87.40246723474185,-0.9520251154899597,-29.837220276236142,-95.03001283129082,0.5205249190330505,-5.812261895260405,2.245499465789154,5.9549370289006935,0.697700679302216,0.0718281144977506,183.950023745258
0,179.419791013268,-27.8693218231201,-89.5519943237305,0,9.6793148414799,0.732604193348641,0,-27.156005530447896,-87.40890768968131,-0.9521471858024597,-29.69660588373828,-95.04188441477527,0.5186474323272705,-5.786005552187175,2.2586811316411786,5.961874055878233,0.689190089702606,0.0709992897302331,184.047126073282
0,179.516831720714,-27.7751331329346,-89.5753479003906,0,9.67404637557915,0.721733775660725,0,-27.072568237188676,-87.41534248361427,-0.9522668123245239,-29.55701591004615,-95.05366951014737,0.5167883038520813,-5.760825799422757,2.271391827324727,5.968717622772763,0.679311513900757,0.0700253898777094,184.144166780728
0,179.613815791333,-27.6808700561523,-89.5981597900391,0,9.66922771553985,0.709546019906689,0,-26.989159882136835,-87.42177504579455,-0.9506261944770813,-29.418486317858378,-95.06536508120172,0.514941394329071,-5.736692772727321,2.2836623042422355,5.97545628549249,0.668118834495544,0.068912141746036,184.241150851347
0,179.710740604356,-27.586540222168,-89.6204376220703,0,9.66480705301292,0.696133896690799,0,-26.905740467027393,-87.42820846094104,-0.9520580768585205,-29.281072685326098,-95.07696643566857,0.513110339641571,-5.713593174380267,2.295508005105846,5.982076692596983,0.655674576759338,0.06766615678558,184.33807566437
0,179.807613966807,-27.4921474456787,-89.642219543457,0,9.66073461417651,0.681588673854045,0,-26.82226632095732,-87.43464609701128,-0.95684814453125,-29.144795347829955,-95.08847185670254,0.51129150390625,-5.691476903934277,2.306972310780999,5.988569307343076,0.64204752445221,0.0662947018742624,184.434949026821
0,179.904436024224,-27.3976993560791,-89.6635284423828,0,9.65695995100729,0.665999149980765,0,-26.738693967357953,-87.44109130697551,-0.9627087116241455,-29.009705803878713,-95.09987699646388,0.5094872713088989,-5.6703130768245025,2.318084321848727,5.994920778290342,0.627311170101166,0.064805554058582,184.531771084238
0,180.001217313626,-27.3031959533691,-89.6844024658203,0,9.65343786870568,0.649450114949567,0,-26.654973174378775,-87.44754796478018,-0.9688280820846558,-28.87583307687696,-95.11117940460758,0.5077013969421387,-5.650052695824046,2.328886177988387,6.001119661346983,0.611542105674744,0.0632067904717924,184.62855237364
0,180.09794861859,-27.2086486816406,-89.7048416137695,0,9.65012570744821,0.632020975696216,0,-26.571071864174197,-87.45401854431101,-0.9740734696388245,-28.743239728021482,-95.12237379930971,0.5059313774108887,-5.630685984939709,2.339382116751586,6.0071526050725685,0.594818592071533,0.0615066570722018,184.725283678605
0,180.194636342148,-27.1140594482422,-89.7248764038086,0,9.64698057245827,0.613784759813864,0,-26.48696301680405,-87.46050512938135,-0.9768347144126892,-28.611916324994862,-95.13346097690795,0.5041784644126892,-5.612161999408395,2.349601498717121,6.013015794769834,0.577219307422638,0.0597134535991648,184.821971402163
0,180.29128246046,-27.0194358825684,-89.7445449829102,0,9.64396600846079,0.594808520800042,0,-26.402610399880928,-87.46701051428062,-0.9794958233833313,-28.481891010642503,-95.14443856139987,0.5024425983428955,-5.594428090577641,2.359584059085089,6.018699693695615,0.558822154998779,0.057835364773368,184.918617520474
0,180.3878824053,-26.9247856140137,-89.7638549804688,0,9.64104634315729,0.575152020414667,0,-26.317981992181153,-87.47353716852777,-0.9817419052124023,-28.35321177624804,-95.15530250104852,0.5007250905036926,-5.577464268654771,2.3693387928203675,6.024192857758115,0.539703369140625,0.0558804021943367,185.015217465315
0,180.484447228428,-26.8301048278809,-89.7828369140625,0,9.63818945608495,0.55486897573175,0,-26.233056390138195,-87.48008674279403,-0.9839428663253784,-28.22584559776167,-95.16605558395942,0.4990246593952179,-5.561217092025282,2.378891588174622,6.029495286957334,0.519936144351959,0.0538562428159415,185.111782288442
0,180.580967102112,-26.7354106903076,-89.8015213012695,0,9.63536582888464,0.534006508061756,0,-26.14780137599612,-87.48666172175518,-0.9854345321655273,-28.09985656475986,-95.17669239927282,0.4973425269126892,-5.545644856742994,2.3882754403826243,6.034593629852842,0.499590694904327,0.0517702399110261,185.208302162127
0,180.677457068216,-26.6406917572021,-89.8199234008789,0,9.63254841344183,0.512606874235973,0,-26.06219783023482,-87.49326357993377,-0.9869372248649597,-27.975199949277304,-95.18721672321507,0.49567747116088867,-5.530709694307797,2.3974989355448084,6.039489793793271,0.478733688592911,0.0496293637134518,185.30479212823
0,180.773899334639,-26.5459728240967,-89.8380737304688,0,9.6297088995315,0.490723932117832,0,-25.976226606095498,-87.49989379395306,-0.9885192513465881,-27.851938639296876,-95.19762324637277,0.49403440952301025,-5.516368164281448,2.406594309070692,6.044172334686826,0.457440495491028,0.0474414855759074,185.401234394654
0,180.870300206503,-26.4512538909912,-89.8560028076172,0,9.6268193680805,0.468431631089284,0,-25.88987719852628,-87.5065531739765,-0.9901928305625916,-27.730037936729676,-95.20791489818474,0.4924072027206421,-5.502567733413034,2.415586341213513,6.048643159882139,0.435801118612289,0.0452159839141454,185.497635266517
0,180.96666578685,-26.3565349578857,-89.8737411499024,0,9.62385848816869,0.445798889141919,0,-25.80016044271703,-87.50063580080973,-0.9962584972381592,-27.609517474340596,-95.218090021125,0.49079832434654236,-5.489264982115533,2.437453917312368,6.052894639984678,0.413900792598724,0.0429617125254698,185.594000846864
0,181.062996440408,-26.2618160247803,-89.8912887573242,0,9.62080521461962,0.422880177333473,0,-25.70909244300561,-87.49021188444168,-1.005010962486267,-27.487950283565098,-95.21771720889197,0.489471435546875,-5.465733735761039,2.4638736792581666,6.056928682343076,0.391812056303024,0.0406862108316533,185.690331500422
0,181.159273151867,-26.1671237945557,-89.9086837768555,0,9.61764517206765,0.399719056369135,0,-25.617721880551635,-87.4797533358347,-1.0137927532196045,-27.365689512358756,-95.20759643683986,0.4884069859981537,-5.432774167774265,2.4902902542532686,6.060737657562803,0.369596362113953,0.0383958404872504,185.786608211881
0,181.255512519427,-26.0724430084228,-89.9259338378906,0,9.61436375814722,0.376350622736022,0,-25.526022486458242,-87.46925714817209,-1.019433617591858,-27.24498186998287,-95.19760423311516,0.4873596131801605,-5.400495915909544,2.516711295446956,6.064325380341123,0.347305715084076,0.0360959852066267,185.882847579442
0,181.351706006995,-25.9777908325195,-89.9430847167969,0,9.6109478743285,0.352803822824382,0,-25.433977985616533,-87.45872145855606,-1.0174779891967773,-27.12581566744106,-95.18773963010031,0.4863220155239105,-5.368832850930847,2.543185642330066,6.0676899433294045,0.324983716011047,0.0337911495124694,185.97904106701
0,181.447862353141,-25.8831653594971,-89.9601745605469,0,9.60738485331861,0.329102885587886,0,-25.34155983833823,-87.44814300024828,-1.0173766613006592,-27.00815232407563,-95.17799943408043,0.4852990508079529,-5.337723492401683,2.5697546771017086,6.070831346527646,0.302666515111923,0.0314850605636002,186.075197413156
0,181.543970555942,-25.7885723114014,-89.9771728515625,0,9.60366712790149,0.305268840746303,0,-25.248762749623026,-87.43752116716716,-1.0207750797271729,-26.8919773945693,-95.16838244926919,0.4842883050441742,-5.3071800294396265,2.59638692051848,6.073749589935851,0.280384123325348,0.0291807887160442,186.171305615956
0,181.640028555441,-25.694019317627,-89.9941101074219,0,9.59978359118087,0.281320017933295,0,-25.155575043298445,-87.42685462282299,-1.0416173934936523,-26.77725543697387,-95.15888574177472,0.48329100012779236,-5.277149594569237,2.623113219012939,6.076446580902646,0.258161336183548,0.0268808722701249,186.267363615455
0,181.736043373558,-25.5995101928711,-90.0110473632813,0,9.59569754409987,0.258835932635031,0,-25.06198041982176,-87.4161415015212,-1.0694713592529297,-26.663931794263267,-95.14950478707706,0.4823046624660492,-5.2475459065807115,2.649995224205406,6.078926134125303,0.237210065126419,0.0247114723463704,186.363378433573
0,181.832017419638,-25.5050411224365,-90.0279769897461,0,9.59128656718231,0.243294347313999,0,-24.968055465140683,-87.40539056951906,-1.097414493560791,-26.55179491676049,-95.14022207304997,0.4813293218612671,-5.218308470922002,2.6769970354299395,6.081222581879209,0.221745669841766,0.0231120572106873,186.459352479653
0,181.927937832495,-25.4106006622314,-90.0447616577148,0,9.58657833819196,0.234112684553527,0,-24.87395848758824,-87.39461994726314,-1.115114688873291,-26.440544391743774,-95.1310127314659,0.48036131262779236,-5.189483025427107,2.7039297160025084,6.083391237274717,0.211468249559402,0.0220522080598071,186.555272892509
0,182.023809337854,-25.3161869049072,-90.0614166259766,0,9.58154961987799,0.230350804852819,0,-24.779798169267217,-87.3838420748329,-1.1339232921600342,-26.32992619893748,-95.12185573447363,0.479400634765625,-5.160979686752035,2.7307724827700097,6.085475969330381,0.205752119421959,0.0214675802665821,186.651144397869
0,182.119624033974,-25.2217960357666,-90.0778732299805,0,9.57620327778576,0.230882627091523,0,-24.685730483239563,-87.37307480537277,-1.151458740234375,-26.21965671445824,-95.11272760362917,0.47843992710113525,-5.132785257336224,2.7574083474100424,6.08753018380792,0.203780680894852,0.0212737211770463,186.746959093988
0,182.215387232853,-25.127420425415,-90.0941162109375,0,9.57054044351403,0.23484978111974,0,-24.591818744492542,-87.36232538610606,-1.167580485343933,-26.109595512123843,-95.10361671442394,0.4774828851222992,-5.1048764133309215,2.7838014065734242,6.08957867623956,0.204901501536369,0.0214031631221323,186.842722292867
0,182.311104228005,-25.0330448150635,-90.1100845336914,0,9.56455723638467,0.24158934257472,0,-24.498124401834403,-87.3516008506477,-1.181826114654541,-25.99961654238168,-95.09451263244978,0.47662353515625,-5.077281199199316,2.8098704735463453,6.091644334808896,0.208587765693665,0.0218014542733896,186.938439288019
0,182.406738155581,-24.9387073516846,-90.1257781982422,0,9.55824887477306,0.250581853770005,0,-24.404781461844163,-87.34091653779258,-1.1954210996627808,-25.88958865564522,-95.08540450111667,0.4757678210735321,-5.04995725906528,2.835583065911511,6.093759584442685,0.214409604668617,0.022424187130473,187.034073215596
0,182.502321249442,-24.8443698883057,-90.1411590576172,0,9.551620143172,0.261415000927252,0,-24.31181101522424,-87.33027486164578,-1.208962321281433,-25.77939375241886,-95.07628254412381,0.4749108850955963,-5.022918818130578,2.860889532376201,6.095941591278623,0.22201332449913,0.023234824988647,187.129656309456
0,182.597852101246,-24.7500324249268,-90.1562118530273,0,9.5446674699908,0.273757020628435,0,-24.21925851572344,-87.31968102497969,-1.2222436666488647,-25.668969513596405,-95.06714160268264,0.4740551710128784,-4.9961661680715155,2.885762998091753,6.098203706757139,0.231105893850327,0.0242031369773057,187.22518716126
0,182.693300260152,-24.6557197570801,-90.1708908081055,0,9.53739201859196,0.287338287314961,0,-24.12722449229026,-87.30914653463925,-1.2339990139007568,-25.558246715261877,-95.05797594642301,0.47319456934928894,-4.969723941971907,2.9101353115657904,6.1005669117131935,0.241443201899528,0.0253039510858234,187.320635320166
0,182.788679585582,-24.5614204406738,-90.1852035522461,0,9.52979440331969,0.301937184358085,0,-24.035717220222146,-87.29867233783985,-1.245660424232483,-25.447189195230724,-95.04878258183176,0.47233152389526367,-4.943580409336412,2.9340119849337434,6.103036928192685,0.252820760011673,0.0265162026062321,187.416014645596
0,182.883997957973,-24.4671211242676,-90.199104309082,0,9.52187686069425,0.317369946532936,0,-23.94476480187973,-87.28826165126193,-1.2572228908538818,-25.335749792849874,-95.03955760494023,0.4714623987674713,-4.917774280430912,2.957340208045666,6.1056232929387795,0.26506644487381,0.0278221758434171,187.511333017987
0,182.979223941657,-24.3728542327881,-90.2125854492187,0,9.51364151288268,0.333482668342352,0,-23.854441043145982,-87.27792292294822,-1.2691075801849365,-25.22391173997381,-95.03029962767785,0.47059568762779236,-4.892307102570681,2.980100061791735,6.108337450043271,0.278034806251526,0.0292069182599751,187.606559001671
0,183.074383665723,-24.2785930633545,-90.2256317138672,0,9.50508759927516,0.350145548994184,0,-23.764737461390954,-87.26765518195148,-1.281307339668274,-25.11163880746806,-95.02100565098932,0.4697228968143463,-4.867193894701118,3.0022779256813417,6.111183214203428,0.291602283716202,0.0306577532642033,187.701718725737
0,183.169456254763,-24.1843585968018,-90.2382278442383,0,9.49621439856,0.367248281013549,0,-23.675467026534726,-87.25606484508478,-1.2937463521957397,-24.998924088987263,-95.01167510316597,0.4688476324081421,-4.8424493466450915,3.025271357053642,6.1141682148137795,0.30566343665123,0.0321638816457209,187.796791314777
0,183.264455979537,-24.0901355743408,-90.2503509521484,0,9.48702507082707,0.384696689140046,0,-23.586336115500004,-87.24132920634374,-1.3064013719558716,-24.8857538889492,-95.00230685048463,0.46796751022338867,-4.818100596944074,3.0509057280508682,6.117294359222959,0.320127964019775,0.0337160590523825,187.891791039551
0,183.35935676964,-23.9959506988525,-90.2619857788086,0,9.47752095882974,0.402409620156455,0,-23.49796444984727,-87.2267190904492,-1.319612979888916,-24.772136535971974,-94.99290158239005,0.46708372235298157,-4.794166120851634,3.0758469034824434,6.120567369476865,0.334918081760406,0.0353063418035148,187.986691829654
0,183.454174412486,-23.9017887115479,-90.2731170654297,0,9.46770539747831,0.420317047614673,0,-23.410349290174736,-87.21223404450738,-1.3328845500946045,-24.6580564989897,-94.98345801321736,0.4661962687969208,-4.770665866598418,3.1000834783357254,6.123989152924131,0.349966704845428,0.0369278853183437,188.081509472501
0,183.548901370711,-23.8076572418213,-90.2837219238281,0,9.45757895106141,0.438358005663469,0,-23.323518164404515,-87.19787861959391,-1.3460376262664795,-24.5435129195821,-94.97397607190636,0.4653075933456421,-4.747627570909306,3.1235908094001283,6.127563524262021,0.365215539932251,0.0385747635615605,188.176236430726
0,183.64353399382,-23.7135620117188,-90.2937927246094,0,9.4471413256945,0.45647897203328,0,-23.237481080111117,-87.183654470219,-1.3590221405029297,-24.428518690361514,-94.96445682571017,0.4644128382205963,-4.725067851115714,3.146365047934369,6.131290483490537,0.380613684654236,0.0402418180078392,188.270869053834
0,183.738069885184,-23.6195068359375,-90.3033142089844,0,9.43639230148024,0.474633040469883,0,-23.152246459939274,-87.16956298886308,-1.3707921504974365,-24.313085280742342,-94.9549012240693,0.46351560950279236,-4.703011037410432,3.168395330224734,6.135170030609678,0.396116495132446,0.0419245367271733,188.365404945198
0,183.83250546593,-23.5254955291748,-90.312255859375,0,9.42533553293505,0.49277915083754,0,-23.06784296631748,-87.15560891416492,-1.3823217153549194,-24.197198210556188,-94.94530806831241,0.462615966796875,-4.68149092308367,3.1896497934716956,6.139207887665342,0.411684721708298,0.0436189471993585,188.459840525945
0,183.926841090586,-23.4315319061279,-90.3206253051758,0,9.41397188816064,0.510880659531692,0,-22.98426129379451,-87.14179070769342,-1.3937389850616455,-24.079987938789163,-94.92932172906086,0.46187010407447815,-4.654092602626828,3.210146476223171,6.143400239960264,0.427283555269241,0.0453215454961111,188.5541761506
0,184.021066226415,-23.3376274108887,-90.3283920288086,0,9.40230133720101,0.528904948639975,0,-22.90152353825099,-87.1281120224676,-1.40606689453125,-23.959162374732568,-94.88942907257689,0.46171751618385315,-4.6031907005800905,3.229857381791879,6.147748994843076,0.442882120609283,0.0470292370415694,188.64840128643
0,184.115187863925,-23.2437782287598,-90.3355484008789,0,9.39032391387291,0.546822618781845,0,-22.819625572272148,-87.11457217611934,-1.4200586080551147,-23.83819430569243,-94.84948936559992,0.46156004071235657,-4.552910443387007,3.248783359424252,6.1522541523137795,0.458452820777893,0.0487392642045659,188.742522923939
0,184.209198467633,-23.149995803833,-90.3420944213867,0,9.37804443491384,0.564607905407991,0,-22.73856422525729,-87.10117064446655,-1.4318383932113647,-23.717130124473602,-94.80951792551947,0.46140745282173157,-4.5032781507393445,3.266934782277679,6.156911897675108,0.473970800638199,0.0504491247079856,188.836533527648
0,184.30309238256,-23.0562877655029,-90.3479995727539,0,9.36545918749874,0.582237082043404,0,-22.658361102840203,-87.08791099947783,-1.4434947967529297,-23.595978602799804,-94.76951764847232,0.4612524211406708,-4.4543336531704565,3.284284265173027,6.161726045624326,0.489413499832153,0.0521565946141795,188.930427442575
0,184.396871142435,-22.9626560211182,-90.3532485961914,0,9.352574022016,0.599689039699755,0,-22.579016126832524,-87.07479322822661,-1.45583975315094,-23.47475770128077,-94.7294944644654,0.46109738945961,-4.406106674878692,3.300825528292083,6.166696596161435,0.5047607421875,0.0538596425530252,189.024206202449
0,184.490529738722,-22.8691101074219,-90.3578414916992,0,9.33938720487631,0.616944102334264,0,-22.500521298960805,-87.06181600839199,-1.470943570137024,-23.353507672283577,-94.68946166351618,0.4609423577785492,-4.358620689362138,3.3165707736053744,6.17181973458917,0.519993901252747,0.0555564343661931,189.117864798736
0,184.584068886812,-22.7756538391113,-90.3617782592773,0,9.32590271414153,0.633984991518073,0,-22.422874972768277,-87.04897906777218,-1.4861620664596558,-23.232243816709996,-94.64942429748284,0.4607897698879242,-4.311888560315911,3.3315298905720856,6.1770954609075295,0.535095751285553,0.057245243018203,189.211403946826
0,184.677482265399,-22.6822967529297,-90.3650207519531,0,9.31211694881945,0.65079517884528,0,-22.346058532912725,-87.03627932877093,-1.5016100406646729,-23.11102427090358,-94.60940156108798,0.4606335461139679,-4.2659788721488665,3.3456801405706753,6.182516145721983,0.550050854682922,0.0589245693752702,189.304817325414
0,184.77076755941,-22.5890464782715,-90.3675765991211,0,9.29803484818698,0.667360560075312,0,-22.27009753699528,-87.02372101671897,-1.5168383121490479,-22.989830252101743,-94.56938725287661,0.460479736328125,-4.220881472320559,3.359032387921125,6.188089418427061,0.564844489097595,0.0605929296392133,189.398102619424
0,184.863923598873,-22.4959087371826,-90.3694229125977,0,9.28365952190877,0.683667165782414,0,-22.194965785079987,-87.01129980009105,-1.5291149616241455,-22.86871074745687,-94.5293975468071,0.4603247046470642,-4.176645818851559,3.371580860541767,6.193807649628233,0.579463064670563,0.0622489622715253,189.491258658888
0,184.956946215899,-22.4028930664062,-90.3705596923828,0,9.26898736626713,0.699702444825307,0,-22.12066391438296,-86.99901578423545,-1.541258454322815,-22.747680916709147,-94.48943744813072,0.4601696729660034,-4.1332835165896284,3.3833358714170294,6.199670839325498,0.593894183635712,0.063891469341352,189.584281275913
0,185.04983310063,-22.3100070953369,-90.3709716796875,0,9.25402146780442,0.715454843514803,0,-22.047191264535677,-86.9868688599762,-1.553466796875,-22.626754210171043,-94.4495113977015,0.4600183069705963,-4.090820818145604,3.3942928652810322,6.205678987518858,0.608126044273376,0.0655192647276106,189.677168160644
0,185.142584177419,-22.2172565460205,-90.3706588745117,0,9.23876491493365,0.730913615391711,0,-21.97453003883762,-86.97485608505963,-1.5668163299560547,-22.505955518078476,-94.40962761346273,0.4598620533943176,-4.049273462078226,3.404466587020602,6.211828279511045,0.622147262096405,0.0671311970064882,189.769919237433
0,185.235192025744,-22.1246547698975,-90.3695983886719,0,9.22333778872665,0.745852515934955,0,-21.90266447294165,-86.96297485323254,-1.5782116651535034,-22.38532513784916,-94.36979940030608,0.4597094655036926,-4.0086852176501875,3.4138487963224073,6.218112993256162,0.635781943798065,0.0687075895339362,189.862527085758
0,185.327658597665,-22.032205581665,-90.367805480957,0,9.20804790682423,0.759772473819601,0,-21.831592116390276,-86.95122475937107,-1.5883361101150513,-22.26485765302771,-94.33002496989484,0.45955565571784973,-3.969043998852639,3.4224654256196905,6.224535036102842,0.648640751838684,0.0702042314580183,189.95499365768
0,185.419984438067,-21.9399147033691,-90.3652648925781,0,9.19299036526212,0.772762264952073,0,-21.761254546827377,-86.93959614475276,-1.5983532667160034,-22.14461987233062,-94.29032638028596,0.45940184593200684,-3.9303958946252524,3.4303244484104933,6.231079149262022,0.660771787166595,0.071625176279722,190.047319498082
0,185.512173489992,-21.8477840423584,-90.3619842529297,0,9.17819483981567,0.784883099051601,0,-21.69159155665721,-86.92730254700886,-1.6084667444229126,-22.024624120572785,-94.25070770073096,0.45925047993659973,-3.892742281058707,3.438231306002665,6.237741518036436,0.672206997871399,0.0729732245895891,190.139508550006
0,185.604226061869,-21.7558193206787,-90.3579635620117,0,9.16366564517639,0.796183903322554,0,-21.622583229358074,-86.91411794925754,-1.6188366413116455,-21.904893082421147,-94.21117642096623,0.45909544825553894,-3.8560954763662836,3.4464219794616664,6.244516420380186,0.682972431182861,0.0742507516848108,190.231561121883
0,185.696142889965,-21.664026260376,-90.3531951904297,0,9.14939932526471,0.806709425774422,0,-21.55424251456447,-86.9010609042623,-1.6265172958374023,-21.785462623839503,-94.17174438276206,-0.8818883895874023,-3.8204796458865373,3.45387950000821,6.251394319550108,0.69309264421463,0.0754600545007507,190.323477949979
0,185.787931173429,-21.5724029541016,-90.3476943969727,0,9.13538739985242,0.816502313600789,0,-21.48653991888546,-86.88812577707282,-1.6341173648834229,-21.66633587748218,-94.13241262041863,-0.8772228956222534,-3.78588370462942,3.460633973221166,6.258371400848936,0.702592313289642,0.0766035071781335,190.415266233444
0,185.879588423007,-21.4809589385986,-90.3414459228516,0,9.12187729289815,0.825048073301417,0,-21.419438262163652,-86.87530546412,-1.6416503190994263,-21.54754885966686,-94.09319302534816,-0.8725671172142029,-3.752338009652002,3.466686382308779,6.265438127533506,0.711071908473969,0.0776354559535761,190.506923483021
0,185.971121646703,-21.3896923065186,-90.3344650268555,0,9.10892486074403,0.832387808839937,0,-21.352887862269053,-86.86259047323207,-1.6484496593475342,-21.42912311763901,-94.0540927117476,-0.8684167265892029,-3.7198366769364215,3.472069625340822,6.2725849628606545,0.718542635440826,0.0785560511894396,190.598456706717
0,186.06253560261,-21.2986030578613,-90.3267669677734,0,9.09654429702809,0.838550555961922,0,-21.286841233426678,-86.84997173186854,-1.6536364555358887,-21.311080568074626,-94.01511891578785,-0.8646655082702637,-3.6883730533506456,3.4768151306799098,6.279802370087217,0.725009322166443,0.0793651201708763,190.689870662624
0,186.153831611661,-21.2076950073242,-90.318359375,0,9.08501815679871,0.842855505412053,0,-21.22123510855064,-86.83743715234216,-1.6544592380523682,-21.193466391709258,-93.9762865546727,-0.8606665134429932,-3.6579548528228956,3.4809485567204823,0.0038897832445447,0.729936063289642,0.0800014797892099,190.781166671675
0,186.24502223139,-21.1169605255127,-90.3092498779297,0,9.07439545746129,0.845296117687985,0,-21.156008242250675,-86.82497503322693,-1.655465006828308,-21.07629816390429,-93.93760143121266,-0.8565954566001892,-3.62857939445486,3.484493638623974,0.0112063726000135,0.733284652233124,0.0804597686866386,190.872357291404
0,186.33611358996,-21.0263957977295,-90.2994689941406,0,9.0646673598858,0.845867335338939,0,-21.09107075239625,-86.81256820181657,-1.6564587354660034,-20.959630268802112,-93.89908150127599,-0.8505895733833313,-3.6002316366281883,3.4875005355226882,0.018545850139076,0.735020697116852,0.0807355931406203,190.963448649974
0,186.427111868192,-20.935998916626,-90.2890243530274,0,9.05580041598417,0.84457848417416,0,-21.02640800144692,-86.80021386149087,-1.6574511528015137,-20.843441947017094,-93.86071991079132,-0.8438342213630676,-3.5728946178097223,3.4899817260944923,0.0259082158617322,0.735123336315155,0.0808263109627937,191.054446928206
0,186.518022156941,-20.8457679748535,-90.2779312133789,0,9.04775434999509,0.84145781429274,0,-20.961866803290256,-86.787882744807,-1.6563671827316284,-20.727825638107223,-93.8233974104419,-0.8370153903961182,-3.5474273705480557,3.491978987758295,0.0332534154466932,0.73358827829361,0.0807312129501074,191.145357216955
0,186.608853838175,-20.7556934356689,-90.266227722168,0,9.04047934406776,0.83655149971427,0,-20.897413920196183,-86.77556850142845,-1.6490319967269897,-20.61255151680392,-93.79189771001093,-0.8283605575561523,-3.5285745666079844,3.493534956325563,0.0405776341966932,0.730427980422974,0.0804515706091347,191.236188898189
0,186.699607259324,-20.6657772064209,-90.2539291381836,0,9.03391918624094,0.829922001550231,0,-20.832954909995976,-86.76325308741684,-1.6416980028152466,-20.497835834570193,-93.7605506081268,-0.8192712068557739,-3.510640744628506,3.494677048880082,0.0478560765795057,0.725671172142029,0.0799905573006021,191.326942319338
0,186.790295694393,-20.5760078430176,-90.2410507202148,0,9.0280174749065,0.821644907274315,0,-20.76844897596244,-86.75092870822823,-1.6343554258346558,-20.383667050612026,-93.72935295116278,-0.8099462985992432,-3.493600926674347,3.4954234719418884,0.0550830205492322,0.719360530376434,0.079352937615135,191.417630754407
0,186.880921534828,-20.4863834381104,-90.2276153564453,0,9.02271130317415,0.811806812319866,0,-20.70381966885651,-86.73858075761868,-1.619289517402649,-20.27008972034775,-93.6983169142915,-0.7988573908805847,-3.4774347263434886,3.495803333462898,0.0622393926195447,0.711551308631897,0.0785449688690098,191.508256594842
0,186.971485569115,-20.3969020843506,-90.2136535644531,0,9.01794139218317,0.800501463764399,0,-20.639005239641136,-86.72619743793636,-1.6113512516021729,-20.157135542449492,-93.66745115946296,-0.7865405082702637,-3.462110024524222,3.4958495637227767,0.0693099340013806,0.702309548854828,0.0775741126865932,191.598820629129
0,187.061994913367,-20.3075561523437,-90.1991882324219,0,9.01364681081664,0.787826807917865,0,-20.573952055881207,-86.71376850227185,-1.6279882192611694,-20.044817401551615,-93.63675920752053,-0.7746874690055847,-3.4475971139343247,3.495585426325733,0.0762832006029431,0.691709399223328,0.0764487811207283,191.689329973381
0,187.152449376438,-20.2183437347412,-90.1842498779297,0,9.00976918881285,0.773882761123404,0,-20.508600486872762,-86.70128255769795,-1.6440917253494263,-19.933167754355743,-93.60624992755265,-0.7627648711204529,-3.4338622103119234,3.495040820356796,0.0831439336351698,0.679831504821777,0.0751781176843299,191.779784436452
0,187.242857814806,-20.1292572021484,-90.1688461303711,0,9.00625215418522,0.758768542750399,0,-20.442884368257385,-86.68872696298014,-1.6542761325836182,-19.8222119307169,-93.57593024117223,-0.7505627274513245,-3.4208915412187526,3.4942225771355,0.0898768743089979,0.666760742664337,0.0737717477300248,191.87019287482
0,187.333220638447,-20.0402946472168,-90.1529998779297,0,9.00304069589357,0.742580477012848,0,-20.376778000642222,-86.67609680804203,-1.664520263671875,-19.71195047438467,-93.54580029696376,-0.7398998737335205,-3.4086514311719394,3.4931470058568554,0.0964763005785291,0.652584612369537,0.0722396008732712,191.960555698462
0,187.42353516687,-19.9514541625977,-90.1367492675781,0,9.000086132927,0.725410991729577,0,-20.310225171631167,-86.6633813530518,-1.6785180568695068,-19.602418171775966,-93.51586960063158,-0.7293066382408142,-3.3970988134207047,3.4918478355426115,0.102926953654701,0.637391567230225,0.0705916816216177,192.050870226884
0,187.513806629241,-19.8627281188965,-90.1201171875,0,8.99734156917256,0.707346534148089,0,-20.243189915422427,-86.6505737264528,-1.699462890625,-19.493618253684936,-93.4861390350195,-0.71795654296875,-3.3861992219264243,3.4903413882758065,0.109221204142982,0.621269702911377,0.0688379582748763,192.141141689255
0,187.604037633406,-19.774112701416,-90.1031188964844,0,8.99476195319312,0.688467299949038,0,-20.1756399032625,-86.63766775157582,-1.720579743385315,-19.385557775954986,-93.45661052820083,-0.7065331935882568,-3.375926695604052,3.4886352247792973,0.115351422648842,0.604305028915405,0.0669881657999516,192.23137269342
0,187.69422871909,-19.6856060028076,-90.0857696533203,0,8.99230887745646,0.668847237925348,0,-20.107532129501482,-86.62465521184443,-1.7435961961746216,-19.278258940739892,-93.42729014711568,-0.6951940655708313,-3.3662576905860537,3.486736989418579,0.121306165080482,0.58658093214035,0.0650517069187363,192.321563779105
0,187.784382860632,-19.5972003936768,-90.0680999755859,0,8.98994396192906,0.648552957153457,0,-20.038459987018356,-86.61466337631873,-1.7684118747711182,-19.17170347725949,-93.39817289910748,-0.682373046875,-3.3571466011856304,3.4815132304608447,0.127085431437904,0.568177223205566,0.0630375939913268,192.411717920646
0,187.874495557346,-19.5088939666748,-90.0501480102539,0,8.98763831679819,0.627644779839192,0,-19.96868414023801,-86.60494149212151,-1.778082251548767,-19.066146201381205,-93.36765580964222,-0.6684350371360779,-3.3469215082930663,3.475752430235391,0.132673962932045,0.549169182777405,0.0609542732038174,192.50183061736
0,187.964573387651,-19.4206809997559,-90.0319137573242,0,8.98536012200578,0.60617617740063,0,-19.898242790474505,-86.59512688324614,-1.77716064453125,-18.961483717979508,-93.33653992569226,-0.654754638671875,-3.3363777148658977,3.4698082485621087,0.138071759562904,0.529627323150635,0.0588096850988468,192.591908447666
0,188.054614782812,-19.3325576782227,-90.013427734375,0,8.98307733734885,0.58419556789437,0,-19.82711013822621,-86.58521595504234,-1.7762292623519897,-18.857621294735793,-93.30566189754528,-0.6411803960800171,-3.326314830785733,3.463700064909013,0.143271191935951,0.509618103504181,0.056611318411452,192.681949842827
0,188.144616319214,-19.2445201873779,-89.9947280883789,0,8.98076732836971,0.561759986760567,0,-19.755275463011607,-86.57520721382305,-1.7752892971038818,-18.75456046077046,-93.27502217980475,-0.6260876059532166,-3.3166835634320835,3.4574548389112643,0.14826844535392,0.489212840795517,0.0543671331022608,192.771951379228
0,188.234580694203,-19.1565647125244,-89.9758224487305,0,8.97840241838897,0.538939163837666,0,-19.682724351348075,-86.56509865135453,-1.7768492698669434,-18.652299467363054,-93.24462025258066,-0.6115099787712097,-3.307464666467849,3.4510695135731164,0.153059705119545,0.468491494655609,0.0520860756998661,192.861915754217
0,188.324510545607,-19.0686874389648,-89.9567184448242,0,8.97596250333914,0.515798841273325,0,-19.609455720538236,-86.55489011678434,-1.7766234874725342,-18.550825014952363,-93.21445216194806,-0.5985339283943176,-3.2986376675666658,3.4445415236008428,0.157644971232826,0.447529405355454,0.0497765362069247,192.951845605621
0,188.414400274089,-18.980884552002,-89.9374618530274,0,8.97342880444549,0.492392241718562,0,-19.535448826015354,-86.54457871976736,-1.7762975692749023,-18.450154750110983,-93.18452315418706,-0.5858154296875,-3.2901491176091016,3.4379059745683045,0.162016614299232,0.426390439271927,0.0474456276860441,193.041735334104
0,188.504248965814,-18.8931522369385,-89.9180755615234,0,8.9707845631574,0.468762307553502,0,-19.46071264247219,-86.53416571074955,-1.988472819328308,-18.350273435637497,-93.15482869931733,-0.5737414360046387,-3.2819640869334528,3.4311762840305717,0.166176541667396,0.40512815117836,0.0450993081234726,193.131584025829
0,188.594065747002,-18.8054847717285,-89.8985443115234,0,8.96801766170514,0.444944149388848,0,-19.385235318498342,-86.52364943847127,-1.987890601158142,-18.251170769455214,-93.1253657345583,-0.5705834627151489,-3.2740862098107995,3.4243285620152553,0.170122845988685,0.383787482976913,0.0427425548699631,193.221400807016
0,188.683837725803,-18.7178802490234,-89.8789367675781,0,8.96511564997368,0.420967220624466,0,-19.309035927352067,-86.5130325604138,-1.9877147674560547,-18.15284225095137,-93.09613292188948,-0.6636303663253784,-3.266438279622192,3.4174224450346355,0.173857434611732,0.362405925989151,0.040379518679438,193.311172785818
0,188.773566849762,-18.6303367614746,-89.8592529296875,0,8.96206946762692,0.396855939540644,0,-19.23210963737199,-86.50231440338072,-1.9875390529632568,-18.0552851019864,-93.06712943537721,-0.752856433391571,-3.2590115198992717,3.4104496570934066,0.177378400187904,0.341014474630356,0.0380136110260646,193.400901909776
0,188.863245544528,-18.5428466796875,-89.8395614624024,0,8.9588685355785,0.372631395119164,0,-19.154458348528742,-86.49149523209535,-1.9873534440994263,-17.958503297507047,-93.03835645676281,-0.8402978181838989,-3.2517297864741654,3.403471215683373,0.180683835368568,0.319638848304749,0.0356476617064325,193.490580604542
0,188.952905957477,-18.4554080963135,-89.8197250366211,0,8.95550832199348,0.348312072946552,0,-19.076066002982014,-86.48057280921522,-1.9864550828933716,-17.862459098770294,-93.00980276641621,-0.9324694871902466,-3.2447163875787797,3.396344186754305,0.183775647502357,0.298300206661224,0.0332839667252311,193.580241017491
0,189.042516148894,-18.3680210113525,-89.7998886108399,0,8.95197788647123,0.323914233242387,0,-18.99696230615089,-86.46955127360297,-1.9853380918502808,-17.767171818554807,-92.98147410597623,-1.0402392148971558,-3.2378242718448353,3.389205501603144,0.186653836589271,0.277015626430511,0.0309243908637224,193.669851208908
0,189.132083560149,-18.2806777954102,-89.7800521850586,0,8.94827414530806,0.299452581219838,0,-18.917150554435462,-86.45843108454676,-1.9842113256454468,-17.672623137743035,-92.95336502921691,-1.1315258741378784,-3.2310439293842608,3.382050311326944,0.189320309977943,0.255799263715744,0.0285704422456791,193.759418620163
0,189.221596548435,-18.1933765411377,-89.7602767944336,0,8.94439039572415,0.274940346839505,0,-18.836644719362376,-86.44721418870247,-1.9830749034881592,-17.578817528563928,-92.92547686572027,-1.207727074623108,-3.2243098906911585,3.3749337443289704,0.191775067668373,0.234662443399429,0.0262233252246037,193.848931608449
0,189.311052142836,-18.1061134338379,-89.740592956543,0,8.94032200341954,0.250389963925239,0,-18.755464365832164,-86.43590331205208,-1.985174536705017,-17.485740850992297,-92.89780541169362,-1.274025797843933,-3.2175849061842614,3.3678821652913196,0.194021924357826,0.213614359498024,0.0238839978090872,193.938387202851
0,189.400472386175,-18.0188865661621,-89.7209091186523,0,8.93606544326155,0.225812836952817,0,-18.673581969314764,-86.42449461959666,-1.992308259010315,-17.39338187920712,-92.87034732972958,-1.340212345123291,-3.21095268710025,3.360799699549722,0.196057065349037,0.192662447690964,0.0215532176534318,194.027807446189
0,189.489836060121,-17.9316902160645,-89.7013473510742,0,8.93161350930522,0.201219620409009,0,-18.591032702505316,-86.41299301195565,-1.9994958639144897,-17.301741984842884,-92.84310302761152,-1.407293677330017,-3.204288299306678,3.3538048205024973,0.197884305339271,0.171812757849693,0.0192315948602732,194.117171120135
0,189.579154946278,-17.8445243835449,-89.6818542480469,0,8.92697918306369,0.177436374517407,0,-18.507817172241058,-86.4013985736798,-2.0067479610443115,-17.210801310059995,-92.8160666016554,-1.4655859470367432,-3.197638505425406,3.3468413101047467,0.199505551677162,0.151689112186432,0.0169888552320356,194.206490006293
0,189.668413550924,-17.7573947906494,-89.6624755859375,0,8.92221481444638,0.156802788918598,0,-18.426481259244834,-86.37759564374173,-2.0162596702575684,-17.12051732960036,-92.78922540921263,-1.5231090784072876,-3.1909524217298117,3.3523294791976532,0.200937970500404,0.134074747562408,0.0150247500150955,194.295748610938
0,189.757630365193,-17.6702995300293,-89.6431350708008,0,8.91737766753411,0.140757606658442,0,-18.345462062089666,-86.34988499903746,-2.0208520889282227,-17.030776525635837,-92.76254570172837,-1.5801818370819092,-3.184291500081677,3.361746641236874,0.202212079387123,0.12009733915329,0.013466109096804,194.384965425207
0,189.846777741141,-17.5832500457764,-89.623908996582,0,8.91247439661024,0.130726093036268,0,-18.26414420175743,-86.32207220386174,-2.025393009185791,-16.94148476043853,-92.73599949230105,-1.6349939107894897,-3.177572962971835,3.3713117710188674,0.203366025309974,0.110879316926003,0.0124395747400179,194.474112801156
0,189.935872968863,-17.4962539672852,-89.6046829223633,0,8.90751183281267,0.124266843443322,0,-18.182657434251787,-86.29420163809787,-2.107619524002075,-16.852485110900865,-92.70954012809915,-1.6887755393981934,-3.170895237698693,3.380892789328787,0.204445584636146,0.104614645242691,0.0117433990995933,194.563208028877
0,190.024943738167,-17.4093151092529,-89.5853118896484,0,8.90246937809065,0.120864157293329,0,-18.101049119328472,-86.26628949999778,-2.1700193881988525,-16.763681500982457,-92.6831390459659,-1.7420177459716797,-3.164391860460162,3.390340036588851,0.205473645549232,0.100906930863857,0.0113336680247577,194.652278798181
0,190.113952871643,-17.3224411010742,-89.5659332275391,0,8.89734969715641,0.120010158174406,0,-18.01940088527845,-86.23836370853186,-2.204615354537964,-16.675459468770427,-92.65488671926693,-1.7944079637527466,-3.155981449025953,3.3997752638408496,0.206465466838295,0.0993564203381538,0.0111659524217943,194.741287931657
0,190.202909781801,-17.2356376647949,-89.5464782714844,0,8.89214443167621,0.121248931837874,0,-17.937821348342965,-86.21046141324217,-2.226191282272339,-16.587851051889416,-92.62405912650637,-1.8470007181167603,-3.1450169180876086,3.409115780362629,0.207457288127357,0.0995974391698837,0.0111995685958196,194.830244841816
0,190.291810470152,-17.1489124298096,-89.5269317626953,0,8.88674907981181,0.126041289690935,0,-17.85637648782809,-86.18260518074466,-2.247736692428589,-16.500261213784846,-92.59323807123359,-1.8995836973190308,-3.1341638083916563,3.4183366832612667,0.208468182902748,0.102714188396931,0.0115569662294196,194.919145530166
0,190.380659275925,-17.0622749328613,-89.5072326660156,0,8.88114614508059,0.133705654961928,0,-17.77513801357455,-86.15481953764521,-2.2706968784332275,-16.41261902453583,-92.56239859467414,-1.9500292539596558,-3.123474291691575,3.427367438007502,0.20952103934806,0.108191341161728,0.0121807569125705,195.00799433594
0,190.469456060547,-16.9757308959961,-89.4873580932617,0,8.87532529998616,0.143708751127883,0,-17.69418215089981,-86.12713055495867,-2.2581775188446045,-16.32485828372446,-92.53151740226802,-2.0002832412719727,-3.1129633881584815,3.4361753905822088,0.210638745646888,0.115616239607334,0.0130249971246841,195.096791120561
0,190.558193539833,-16.8892917633057,-89.4672927856445,0,8.86926403856823,0.155627055413344,0,-17.613573761565732,-86.09956041707218,-2.240628719329834,-16.23693731232418,-92.50057982802649,-2.050654172897339,-3.102643487608245,3.4447359433392384,0.211838467936928,0.124654993414879,0.0140525535506044,195.185528599847
0,190.646870124591,-16.8029632568359,-89.447021484375,0,8.86347808499529,0.169116578293654,0,-17.53336644672136,-86.07212745695436,-2.228410482406616,-16.148815258995523,-92.46957149720674,-2.1005406379699707,-3.0925261814813703,3.4530274421316647,0.21313546500724,0.135037660598755,0.0152325177108352,195.274205184606
0,190.735498834548,-16.7167434692383,-89.4264984130859,0,8.85839821996774,0.183892631565145,0,-17.453588177979725,-86.04484124161472,-2.2537779808044434,-16.060449615333834,-92.43847745197903,-2.1486096382141113,-3.082651351256636,3.461003517791143,0.214541180949623,0.146544933319092,0.0165394875846343,195.362833894562
0,190.824084072704,-16.6306324005127,-89.4057083129883,0,8.85410339626187,0.199721683176498,0,-17.37427484762219,-86.01771404713462,-2.353719472885132,-15.971805943144629,-92.40728557425385,-2.195902109146118,-3.0730308095225105,3.46864659984271,0.216067059855873,0.15899533033371,0.0179526812506071,195.451419132718
0,190.912632239145,-16.5446281433105,-89.384635925293,0,8.85060224543824,0.216410981186215,0,-17.295447959020006,-85.99075322821889,-2.453058958053589,-15.882859326951104,-92.37598709678943,-2.2433581352233887,-3.0636774956771804,3.475941621656074,0.217720731120521,0.172236874699593,0.0194546545690688,195.539967299159
0,191.001153574168,-16.4587268829346,-89.3632583618164,0,8.84789229526522,0.233799746962557,0,-17.217125528032135,-85.96396494675366,-2.5392370223999023,-15.79358151118924,-92.34457207703629,-2.2871251106262207,-3.054611241076752,3.4828672421691165,0.219509824138099,0.186141863465309,0.0210306483022276,195.628488634183
0,191.089653003545,-16.3729305267334,-89.341552734375,0,8.8459714497753,0.251752507204939,0,-17.139324323013504,-85.93735493794667,-2.5857129096984863,-15.703954981336434,-92.31303435199558,-2.3305859565734863,-3.0458547707000414,3.4894013939620305,0.221440060954506,0.200602561235428,0.0226681007258097,195.716988063559
0,191.178144953798,-16.2872314453125,-89.3194961547852,0,8.84483418697289,0.270153737819654,0,-17.06205827373997,-85.91092796613873,-2.684617757797241,-15.613947682276143,-92.28136264213377,-2.37553334236145,-3.0374272196131664,3.495524811913606,0.223519070964271,0.215527698397636,0.0243562772920352,195.805480013813
0,191.266632855507,-16.2016296386719,-89.2970809936523,0,8.84447917033043,0.288904367362347,0,-16.985332251853603,-85.88468569671761,-2.7828307151794434,-15.52355414863495,-92.2495550242988,-2.420560359954834,-3.0293380913709242,3.501232846934037,0.225748761516029,0.230839714407921,0.0260859521120416,195.893967915521
0,191.355125883022,-16.1161212921143,-89.2742919921875,0,8.84490446863016,0.307918449489856,0,-16.90915195064628,-85.85863007124452,-2.882704973220825,-15.432757983669601,-92.21760572881531,-2.462522029876709,-3.0216024165251247,3.5065145063939998,0.228132947307045,0.246472284197807,0.0278491491349353,195.982460943036
0,191.443633706125,-16.0307064056396,-89.2510986328125,0,8.84610562696452,0.327120740723953,0,-16.83352286708339,-85.83276297640558,-2.9874377250671387,-15.341542688520786,-92.18550895007542,-2.504681348800659,-3.014251240200801,3.5113434652036086,0.230675443034584,0.262368559837341,0.0296389582633514,196.07096876614
0,191.532168574434,-15.9453763961792,-89.2274932861328,0,8.84840598886024,0.344829115848195,0,-16.758415122276087,-85.80707419285113,-3.0560412406921387,-15.249915555049732,-92.15326725393453,-2.549143075942993,-3.007294314198528,3.515721653347862,0.233370526652748,0.277251988649368,0.0313097855592552,196.159503634448
0,191.620736602654,-15.8601226806641,-89.2034912109375,0,8.85198736539285,0.360555377139724,0,-16.683790673920498,-85.78155070913323,-3.1242125034332275,-15.157899231749036,-92.12088860992945,-2.5891661643981934,-3.000720806048302,3.519674098692022,0.236208661418373,0.290725111961365,0.0328157095434309,196.248071662668
0,191.709356390307,-15.7749300003052,-89.179084777832,0,8.85709923292772,0.373211803048418,0,-16.609567985725384,-85.75616463773986,-3.191965341567993,-15.065531726585538,-92.08838639227888,-2.6293444633483887,-2.994542000804068,3.5232091695150167,0.239170773845131,0.301932752132416,0.0340591265227797,196.336691450321
0,191.798040488419,-15.6897783279419,-89.1543045043945,0,8.86398376527327,0.381672763569514,0,-16.5356373748394,-85.73087846431032,-3.2526745796203613,-14.972881501012251,-92.05578469115437,-2.671027660369873,-2.988733567018292,3.5263753882910422,0.242228253703529,0.309976249933243,0.0349379352883151,196.425375548433
0,191.88679917803,-15.6046495437622,-89.1291809082031,0,8.8726169385726,0.386147514713699,0,-16.46188448692263,-85.70565307671453,-3.286531925201416,-14.880023605279503,-92.02310991518918,-2.709240674972534,-2.9832713333180734,3.5292201065890043,0.245350583415443,0.314958512783051,0.035464244256595,196.514134238044
0,191.975656052857,-15.5195112228394,-89.1037445068359,0,8.88291934480087,0.386879124607588,0,-16.388213844616676,-85.68045581923634,-3.320345401763916,-14.786992575938545,-91.99037421708253,-2.7465171813964844,-2.9781226724458563,3.5317912854144953,0.248516782145912,0.317020386457443,0.0356549605952691,196.602991112872
0,192.064621535624,-15.434344291687,-89.0780258178711,0,8.89479652877853,0.384140350927624,0,-16.314465745080557,-85.6552320693901,-3.354199171066284,-14.693899527861507,-91.95761669586336,-2.78448486328125,-2.9732645480839555,3.534137917139651,0.251682980876381,0.316334933042526,0.0355309244037104,196.691956595639
0,192.153717377163,-15.3491268157959,-89.0520248413086,0,8.90815967123194,0.378223459128701,0,-16.240553920622837,-85.62995232140298,-3.4061169624328613,-14.600775445977336,-91.92484825448831,-2.8189940452575684,-2.968694011854856,3.5362724180573646,0.254830106120521,0.313097476959229,0.0351156311415039,196.781052437177
0,192.242945984453,-15.2638359069824,-89.0258102416992,0,8.92292151773734,0.369428889665038,0,-16.166395048001675,-85.60458807657983,-3.4853062629699707,-14.507677446360388,-91.89208899092449,-2.848863363265991,-2.964343010825625,3.538272757454059,0.25793526969474,0.307516306638718,0.0344341346733477,196.870281044467
0,192.332329118911,-15.1784515380859,-88.9993743896484,0,8.93899597741803,0.358055271486849,0,-16.09188412728841,-85.57910342224015,-3.5678160190582275,-14.414981270465194,-91.85812414490108,-2.87890625,-2.9589418738289095,3.5401430176636812,0.26097367606681,0.299803644418716,0.0335119767559742,196.959664178925
0,192.421869484765,-15.0929546356201,-88.972770690918,0,8.95631082066299,0.344391856119242,0,-16.016944862443918,-85.55347226317315,-3.6507933139801025,-14.322529299507233,-91.82379017574618,-2.9148364067077637,-2.9532807691438006,3.5419429240523237,0.263924344401771,0.290169298648834,0.0323743806468246,197.04920454478
0,192.511580459327,-15.00732421875,-88.9460220336914,0,8.97480135781835,0.328755592734963,0,-15.941511386075167,-85.52767207103359,-3.710653066635132,-14.230237253616734,-91.78951559810318,-2.945624828338623,-2.947765221694428,3.5437017553397037,0.26677201591056,0.278847575187683,0.0310492310084036,197.138915519341
0,192.601473506357,-14.9215412139893,-88.9191513061524,0,8.9944010196134,0.311516380096828,0,-15.865513419951531,-85.50167880885621,-3.746187686920166,-14.138138394951433,-91.75531276456861,-2.9763500690460205,-2.9423683989402254,3.5454480387399623,0.269499524455482,0.266116946935654,0.0295692264454007,197.228808566371
0,192.691568722245,-14.8355894088745,-88.8921432495117,0,9.01505111440088,0.292981306554883,0,-15.78888661677053,-85.4754704682059,-3.7830028533935547,-14.046248388890168,-91.72118749280793,-3.007235050201416,-2.9370990069041607,3.547171896186921,0.272093518596107,0.252212375402451,0.0279620475912504,197.318903782259
0,192.78186331483,-14.7494525909424,-88.8650588989258,0,9.03670632478633,0.273398321191161,0,-15.711592491111826,-85.4490338860775,-3.8201353549957275,-13.954596821155896,-91.68715077009686,-3.0271801948547363,-2.9318932832033155,3.548935062226868,0.274542554240638,0.237326234579086,0.0262504596514624,197.409198374845
0,192.872375481723,-14.6631116867065,-88.8378982543945,0,9.05933212003371,0.252969638790893,0,-15.633581059096928,-85.42235196669694,-3.857612133026123,-13.863190168447993,-91.65320500169294,-3.0465428829193115,-2.9267433294973264,3.550741788155328,0.276837094645912,0.221616849303246,0.0244532926015413,197.499710541737
0,192.963099193463,-14.5765514373779,-88.8107299804688,0,9.08289848121446,0.2318614155833,0,-15.55484293592445,-85.3954215002204,-3.8878538608551025,-13.772040333468151,-91.61935460791284,-3.066126585006714,-2.9215767000370216,3.552659042377298,0.278973325114662,0.205215081572533,0.0225862098350493,197.590434253478
0,193.054088358295,-14.4897584915161,-88.7834167480469,0,9.10738039575736,0.210211303690279,0,-15.475303973850544,-85.36821712598143,-3.916865110397339,-13.68111820932386,-91.58558877930452,-3.067451000213623,-2.916516277812685,3.554558813173018,0.280943616252357,0.188229501247406,0.0206622951126867,197.681423418309
0,193.145312253811,-14.4027194976807,-88.756103515625,0,9.13272506943211,0.19057165987936,0,-15.394989309671404,-85.34074743411695,-3.946157217025757,-13.59044682939116,-91.55191606979291,-3.069963216781616,-2.9114179922665,3.556579331785261,0.282747968058998,0.172607839107513,0.018895813786398,197.772647313825
0,193.236772759816,-14.3154325485229,-88.7287902832031,0,9.15896832041295,0.173733583760647,0,-15.313967565120132,-85.31303590248207,-3.97570538520813,-13.499964996345184,-91.51831375247409,-3.0753026008605957,-2.9062739916030575,3.558714679316918,0.284407361369545,0.159010216593742,0.0173580267925946,197.86410781983
0,193.328509538914,-14.2278871536255,-88.7013778686523,0,9.18587353895282,0.159366094219436,0,-15.232266680010827,-85.28509208721565,-4.000124454498291,-13.409583094161544,-91.48474854656685,-3.071868896484375,-2.9011676725776603,3.5608688228392067,0.285940869670326,0.147209107875824,0.016023185827094,197.955844598928
0,193.420507097439,-14.1400852203369,-88.6739120483398,0,9.21307893499327,0.147174398334308,0,-15.149945020235279,-85.25693595096183,-4.026320934295654,-13.319276738245252,-91.45121139634284,-3.044240713119507,-2.8960521805885526,3.563080474182862,0.287361844401771,0.136982634663582,0.0148663830002051,198.047842157453
0,193.512780936514,-14.0520296096802,-88.6463317871094,0,9.24039277662624,0.13687343251882,0,-15.067052637850443,-85.22858461281835,-4.052699089050293,-13.228978797681224,-91.41767737133556,-3.014813184738159,-2.8909806271128793,3.5652864534410633,0.288689359050209,0.128140941262245,0.0138659566683938,198.140115996529
0,193.605320570365,-13.963719367981,-88.6186752319336,0,9.26764697991254,0.128205020588186,0,-14.983630593722456,-85.20005211666312,-4.076411247253418,-13.138671311063518,-91.384139801202,-2.9853832721710205,-2.8859138206298165,3.567520555323412,0.289932950358802,0.120512202382088,0.0130022942351094,198.232655630379
0,193.698132855705,-13.8751592636108,-88.5909042358398,0,9.2948629478896,0.120925335289577,0,-14.8997110873673,-85.17134947556319,-4.097227573394775,-13.048316105450317,-91.35058450962342,-2.967668294906616,-2.8808861174484517,3.569742455429131,0.291104062419349,0.113953322172165,0.0122587799618249,198.325467915719
0,193.79122146769,-13.7863502502441,-88.5630035400391,0,9.32203148582609,0.114825372322041,0,-14.81534192311239,-85.14249303983463,-4.120169639587402,-12.957867539051334,-91.31699454656832,-2.951054573059082,-2.8759085637045447,3.571934482159678,0.292217954020912,0.108330190181732,0.0116199964708049,198.418556527704
0,193.884578213443,-13.6972961425781,-88.5349884033203,0,9.34909136936692,0.109726931511292,0,-14.730530278539337,-85.11348526439596,-4.143233776092529,-12.867332229780613,-91.28337236973724,-2.9711999893188477,-2.8709675239200836,3.5741091910271368,0.29327462516349,0.103519156575203,0.0110718810422334,198.511913273457
0,193.978203579906,-13.6079988479614,-88.5068511962891,0,9.37600226924778,0.105473048142134,0,-14.64532704135309,-85.08434355415808,-4.162559509277344,-12.776667838215564,-91.24970225550183,-3.055035352706909,-2.8660675464457217,3.5762561906623143,0.294289334636146,0.0994097217917442,0.0106018993591179,198.605538639921
0,194.072093039876,-13.5184631347656,-88.4785919189453,0,9.40267819598643,0.101929984201895,0,-14.55974911414405,-85.05507369024394,-4.181002140045166,-12.685867704944426,-91.21598173075056,-3.1561131477355957,-2.861209207928412,3.5783730315746287,0.295265897136146,0.0959001779556274,0.0101986414404378,198.699428099891
0,194.166247096063,-13.4286909103394,-88.4502029418945,0,9.42907453244112,0.0989809037557011,0,-14.47382812533207,-85.02568649039098,-4.199524879455566,-12.594905236360729,-91.18220091939254,-3.2455554008483887,-2.8563983439263936,3.580450352229577,0.296213849406654,0.0929044112563133,0.0098524295810651,198.793582156077
0,194.260667660277,-13.3386850357056,-88.4216690063477,0,9.45517669514075,0.0965273222367169,0,-14.387549219537032,-84.99617687367507,-4.218102931976318,-12.503788509407148,-91.14836282096907,-3.3043713569641113,-2.8516506392473224,3.5824729485547357,0.297129376750404,0.0903493836522102,0.0095550489130697,198.888002720291
0,194.355349327617,-13.2484512329102,-88.3929901123047,0,9.48088575488495,0.0944916577849282,0,-14.300943131608378,-84.96655535220944,-4.235641002655029,-12.412501670448707,-91.11446154790185,-3.490201234817505,-2.8469665340061145,3.5844378027822392,0.298020108561928,0.0881689637899399,0.0092991928598722,198.982684387632
0,194.45028388238,-13.1579933166504,-88.3641815185547,0,9.50626663456953,0.0928009740472728,0,-14.214056130944572,-84.93683775132476,-4.252781867980957,-12.321021334525009,-91.08048841569774,-3.676422119140625,-2.8423309551017746,3.5863566424025457,0.298897488933021,0.0863137468695641,0.0090792355932446,199.077618942394
0,194.545470042772,-13.0673151016235,-88.3352355957031,0,9.53131342174811,0.0913982696824199,0,-14.12684399508841,-84.90700894579719,-4.269989013671875,-12.229384089335635,-91.04645701196269,-3.8682944774627686,-2.83775438495625,3.588222322991159,0.299748166423256,0.0847375467419624,0.0088900288223356,199.172805102786
0,194.64090512666,-12.9764194488525,-88.30615234375,0,9.55605820678292,0.090234371435365,0,-14.039360892020811,-84.87708746247685,-4.287952899932861,-12.137551428162006,-91.01235303642298,-3.9427878856658936,-2.833235208231202,3.590032098963123,0.300587399821693,0.0834023952484131,0.0087273094693983,199.268240186675
0,194.736584637116,-12.885311126709,-88.2769317626953,0,9.5803898301028,0.0892752410653244,0,-13.951649845778222,-84.84708801669669,-4.305380821228027,-12.045496954011767,-90.97816668600453,-4.00321626663208,-2.8287732244859356,3.5917831763278767,0.301426633220131,0.0822695195674896,0.0085869102734635,199.36391969713
0,194.832503950503,-12.7939901351929,-88.2475891113281,0,9.60416894822538,0.0864466133512472,0,-13.863598236719845,-84.8169720896275,-4.322872161865234,-11.953567728434873,-90.94312536421056,-4.06401252746582,-2.8235129736526057,3.5934933755934435,0.302231534343178,0.0797400772571564,0.0083023161848412,199.459839010518
0,194.928657125332,-12.7024602890015,-88.218132019043,0,9.62753100550676,0.0840880516414897,0,-13.775276308708127,-84.78676370648658,-4.340508937835693,-11.862244222872897,-90.90553669240246,-4.111188888549805,-2.81568942111429,3.595166575912086,0.303021176677162,0.0775627940893173,0.0080560463298652,199.555992185347
0,195.025049919415,-12.610725402832,-88.1885299682617,0,9.65061347539219,0.0821162998644092,0,-13.686639749898603,-84.7564477093885,-4.357402324676514,-11.770779924436512,-90.86789007037535,-4.148641109466553,-2.8079314385282776,3.596773597809012,0.303784116130287,0.0756959691643715,0.0078433593104604,199.652384979429
0,195.121669371222,-12.5187892913818,-88.1588134765625,0,9.67330266738326,0.0804727348049354,0,-13.597771860170567,-84.72605256809177,-4.373343467712402,-11.679131459071655,-90.83016764540803,-4.186028957366943,-2.800206844282782,3.598340011515695,0.304541333537513,0.0740942880511284,0.0076594030831334,199.749004431236
0,195.218512781709,-12.4266548156738,-88.1289825439453,0,9.69566408313934,0.0791011966056233,0,-13.508584120631754,-84.69554802979889,-4.389335632324219,-11.587370373690751,-90.79239886614455,-4.217930793762207,-2.7925230312232334,3.5998671619739824,0.305266126017982,0.0727247595787048,0.0075005011321455,199.845847841723
0,195.315572917209,-12.3343296051025,-88.0990371704102,0,9.71778979230953,0.0779543524541799,0,-13.419193714145878,-84.66497417411239,-4.408211708068848,-11.49541884335875,-90.75455169991247,-4.238499641418457,-2.784874985087686,3.6013495800369597,0.305990918498451,0.071558453142643,0.0073634182674006,199.942907977223
0,195.41284980349,-12.241813659668,-88.068977355957,0,9.73973455324524,0.0769938686955479,0,-13.329600547362967,-84.63433096910413,-4.43004035949707,-11.40327679690315,-90.71662611741722,-4.259421348571777,-2.777262687301535,3.6027872704008788,0.30671571097892,0.0705690234899521,0.0072452507037236,200.040184863504
0,195.510355279373,-12.1491069793701,-88.0387649536133,0,9.76150343499067,0.0761897865327448,0,-13.239663480950885,-84.60357014143315,-4.451956748962402,-11.311031493109905,-90.67865803429574,-4.281153678894043,-2.7697303114392366,3.60414717801167,0.307402356486732,0.0697317868471146,0.0071433323132398,200.137690339388
0,195.608077575529,-12.056209564209,-88.0084381103516,0,9.78311862005842,0.0755162841319201,0,-13.14952332719803,-84.57273985258293,-4.47344970703125,-11.21859494086819,-90.64061123348685,-4.304682731628418,-2.762233445491152,3.605462176029026,0.308089001994545,0.069026030600071,0.0070554162699688,200.235412635543
0,195.706016369509,-11.9631242752075,-87.9779891967774,0,9.80466901917674,0.0749495688274954,0,-13.059180382820285,-84.54184020403802,-4.492782115936279,-11.125967450960529,-90.60248584290838,-4.327586650848389,-2.7547802442184075,3.606724121878345,0.308775647502357,0.0684355273842812,0.0069796877208208,200.333351429523
0,195.804165694219,-11.869854927063,-87.9474258422852,0,9.82619103519451,0.0744714666023881,0,-12.968640180859177,-84.51087308824329,-4.512146949768066,-11.033154467521637,-90.56428410336119,-4.34805154800415,-2.747365068125891,3.6079390052040763,0.30946229301017,0.0679446011781693,0.0069144442309849,200.431500754234
0,195.902529768602,-11.7763996124268,-87.9167404174805,0,9.84769528614322,0.074067405426542,0,-12.877898705932969,-84.47983713183322,-4.53155517578125,-10.940152073457599,-90.52600440257301,-4.371861457824707,-2.739994250054715,3.6091002269108503,0.310148938517982,0.0675391107797623,0.0068581732638515,200.529864828617
0,196.001113396501,-11.6827583312988,-87.8859176635742,0,9.8690950626677,0.0737287652168655,0,-12.786951435732478,-84.44873078805985,-4.550419807434082,-10.846955855424795,-90.48764492401563,-4.396229267120361,-2.732681927411447,3.6101933506513233,0.310835584025795,0.0672041401267052,0.0068093644265969,200.628448456515
0,196.099908480174,-11.588939666748,-87.8549575805664,0,9.89031919736308,0.0754362823408532,0,-12.695805967959313,-84.41755665553572,-4.569090366363525,-10.753573281096227,-90.44920874137644,-4.419349193572998,-2.7254313573526496,3.611215602558096,0.311522229533607,0.0684501379728317,0.0069207217314384,200.727243540188
0,196.198916887113,-11.4949417114258,-87.823860168457,0,9.91153654337395,0.0748887007838535,0,-12.604460445630378,-84.38631409912409,-4.587806224822998,-10.660002549635148,-90.41069511343268,-4.443592548370361,-2.7182417913862986,3.612167604131496,0.31220887504142,0.0680435001850128,0.0068648849460267,200.826251947127
0,196.29813658606,-11.4007616043091,-87.7926406860352,0,9.93274080687021,0.0744257593262174,0,-12.512916599460619,-84.35500371077471,-4.60647439956665,-10.566245376955033,-90.37210474645278,-4.468462944030762,-2.7110979644238613,3.6130647249832872,0.312895520549232,0.0677031204104424,0.0068159656254998,200.925471646075
0,196.397567611574,-11.3063993453979,-87.7612991333008,0,9.95393496895469,0.0740335031882291,0,-12.42117432136371,-84.32362545351923,-4.625011920928955,-10.472301676494766,-90.33343760480827,-4.491702556610107,-2.703999859075151,3.613906968324243,0.313582166057045,0.0674207508563995,0.0067730888689952,201.024902671588
0,196.497208188229,-11.211856842041,-87.7298355102539,0,9.97502182446006,0.0737037690603693,0,-12.329235219779628,-84.29217987748615,-4.643598556518555,-10.37817304401106,-90.29469434531114,-4.515969276428223,-2.696948186166874,3.614693719879694,0.314268811564857,0.0671864300966263,0.0067352831239327,201.124543248243
0,196.597058350854,-11.1171340942383,-87.6982498168945,0,9.99598619152189,0.0734273113643983,0,-12.237099185432466,-84.26066694530027,-4.662159442901611,-10.283859391622752,-90.2558749317896,-4.541648864746094,-2.6899429284580036,3.6154249825672764,0.31495545707267,0.0669937059283257,0.0067018798606713,201.224393410869
0,196.697125095597,-11.0222339630127,-87.6665115356445,0,10.0168996825636,0.0731934824641127,0,-12.14475971807997,-84.22908443370883,-4.680352687835693,-10.189354368508129,-90.21697675025122,-4.564967155456543,-2.6830134606186733,3.616070955043774,0.315642102580482,0.0668390393257141,0.00667244927793,201.324460155611
0,196.797397895739,-10.9271574020386,-87.634651184082,0,10.037688901083,0.0729977065478136,0,-12.05218079821164,-84.19742002309768,-4.698596000671387,-10.094700606101643,-90.17801734775561,-4.588654518127441,-2.676134480855072,3.616660848901701,0.316315396647865,0.0667155534029007,0.0066463296411458,201.424732955753
0,196.897877690883,-10.8319034576416,-87.602668762207,0,10.0584464242898,0.0728311105376941,0,-11.959322259127271,-84.16566000102972,-4.716893196105957,-9.999925239952928,-90.13900789327033,-4.613459587097168,-2.669307764659501,3.6171953746449446,0.316963895183021,0.0666216388344765,0.0066232785499959,201.525212750897
0,196.998561179652,-10.7364730834961,-87.5705718994141,0,10.0791722878209,0.0726891479792911,0,-11.86627195321171,-84.13383441502178,-4.7349534034729,-9.905518261933864,-90.09825506466487,-4.638016223907471,-2.6607645704514424,3.6176801990554597,0.317612393718178,0.0665528997778893,0.0066028407121716,201.625896239666
0,197.099451729049,-10.6408653259277,-87.5383529663086,0,10.0998999108994,0.0725665932378938,0,-11.773026679383273,-84.10194214499793,-4.752980709075928,-9.811174656527633,-90.0566848153552,-4.662663459777832,-2.6514867355527194,3.6181084371642807,0.318260892253334,0.0665070116519928,0.0065847479356112,201.726786789064
0,197.200549103895,-10.5450830459595,-87.5060043334961,0,10.1204108701445,0.0724673535018172,0,-11.67958663979421,-84.06998326009942,-4.77104377746582,-9.716652371403097,-90.01503583510872,-4.686989784240723,-2.6422597258086653,3.618471945621508,0.31890939078849,0.0664748400449753,0.0065682250238685,201.82788416391
0,197.301856435093,-10.4491281509399,-87.4735107421875,0,10.1404943789411,0.0723943809165483,0,-11.585948892005357,-84.03795675393674,-4.789134502410889,-9.621948574355756,-89.97330687598236,-4.711125373840332,-2.6330983199367344,3.6187556706003674,0.319557889323646,0.0664498433470726,0.0065527525133189,201.929191495107
0,197.403359465774,-10.3530054092407,-87.4409027099609,0,10.1602210578573,0.0723413596502157,0,-11.492126660108342,-84.00586714948767,-4.807269096374512,-9.527076139142943,-89.93150361048885,-4.735300064086914,-2.623976372781366,3.618986947461107,0.320206387858803,0.0664334371685982,0.0065384161353812,202.030694525788
0,197.505054613321,-10.2567186355591,-87.4081802368164,0,10.1796233630185,0.0723041968897567,0,-11.398123271963648,-83.97371558496567,-4.825442790985107,-9.432038323309092,-89.88962747398709,-4.759053707122803,-2.6148954105804676,3.619164542932245,0.320854886393959,0.0664254501461983,0.0065251701609686,202.132389673336
0,197.606941005318,-10.1602687835693,-87.3753433227539,0,10.1986078316098,0.072283081766442,0,-11.30393948396412,-83.94150231907643,-4.843710899353027,-9.336835885863023,-89.84767880091614,-4.782343864440918,-2.6058558006161143,3.619288149550721,0.321503384929115,0.0664226412773132,0.0065127490068526,202.234276065332
0,197.709014817212,-10.0636625289917,-87.3423843383789,0,10.2170571527507,0.0722789882300343,0,-11.209578901885065,-83.90922858508742,-4.862481594085693,-9.241472353292519,-89.80565914513835,-4.805672645568848,-2.596867239315869,3.619348388871058,0.322151883464271,0.0664217919111252,0.0065009061705422,202.336349877226
0,197.811277180665,-9.96690654754639,-87.3092803955078,0,10.2348225372997,0.0722937667777216,0,-11.115040528409274,-83.8768940418906,-4.881291389465332,-9.145946780542433,-89.7635680902378,-4.828871726989746,-2.5879534438513927,3.619321444485093,0.322800381999428,0.0664194449782372,0.0064893932317778,202.438612240679
0,197.913712859801,-9.8700065612793,-87.2760620117188,0,10.2519688730031,0.072322385064162,0,-11.020338513447728,-83.84450352911765,-4.899925231933594,-9.050272933786307,-89.72141170194904,-4.852088451385498,-2.5790886622122757,3.6192343416379673,0.323448880534584,0.0664181485772133,0.0064784137355217,202.541047919815
0,198.016312425805,-9.77296733856201,-87.2427444458008,0,10.2685839345629,0.072360019880296,0,-10.925481620062238,-83.81206004396,-4.919007301330566,-8.954459344732138,-89.67919373956478,-4.875340461730957,-2.5702607838595726,3.6190999756977846,0.32409737906974,0.0664199218153954,0.0064681043860698,202.64364748582
0,198.11907026652,-9.67579746246338,-87.2093200683594,0,10.2845112958571,0.0724095059360582,0,-10.83047515378851,-83.77956540104665,-4.938128471374512,-8.858511185629407,-89.63691648211284,-4.898182392120361,-2.5614802763967703,3.618908350428002,0.324745877604896,0.0664207935333252,0.0064581724328724,202.746405326535
0,198.221991638073,-9.57850456237793,-87.1757507324219,0,10.2995537186262,0.0744517236726198,0,-10.735412268777143,-83.74705146148113,-4.957264423370361,-8.762356705303905,-89.59454831415741,-4.920663833618164,-2.5527786950724978,3.6186204735611116,0.325422986369545,0.0679316595196724,0.0065954202116415,202.849326698087
0,198.32505881563,-9.48110485076904,-87.1420440673828,0,10.3138644297565,0.078129302564443,0,-10.640250830950693,-83.71450381433064,-4.976214408874512,-8.666052922815458,-89.55211435978106,-4.943182468414307,-2.544159676506465,3.618238741385667,0.32611153922599,0.0707423165440559,0.0068587567154447,202.952393875644
0,198.428266080132,-9.38360977172852,-87.1081848144531,0,10.3275613581432,0.083154202399388,0,-10.545087669720271,-83.68195557773188,-4.995409965515137,-8.569543208452341,-89.50958966645813,-4.965516090393066,-2.5356359424565635,3.6177448348503742,0.326838239055092,0.0746723040938377,0.0072301563880477,203.055601140147
0,198.531606871193,-9.28603172302246,-87.0741577148437,0,10.3405978372785,0.0892964536846682,0,-10.449955071725778,-83.64941779454202,-5.014598369598389,-8.472816828973617,-89.46696950484316,-4.987624168395996,-2.5272251039951583,3.617120551400613,0.327610715251381,0.0795636028051376,0.0076940074070576,203.158941931208
0,198.63507812108,-9.18838214874268,-87.0399398803711,0,10.3528525172048,0.0963709152089577,0,-10.35486898575331,-83.61689591965403,-5.033211708068848,-8.375868948169824,-89.42425174397634,-5.009782791137695,-2.518952314759824,3.6163408990194283,0.328432782512123,0.0852784290909767,0.008236834676526,203.262413181094
0,198.738665838172,-9.09067344665527,-87.0055389404297,0,10.364078947299,0.104229577754715,0,-10.25988804620577,-83.58441000753432,-5.051711082458496,-8.278682635952771,-89.38142892401994,-5.031679630279541,-2.5108130736456147,3.615409514190053,0.329317792277748,0.0916951447725296,0.0088469519185276,203.366000898187
0,198.842353913211,-8.9929256439209,-86.970947265625,0,10.373457210574,0.112771190754301,0,-10.165040333788937,-83.55196966250291,-5.070180416107178,-8.181265337500182,-89.33850432551311,-5.053361892700195,-2.502822184024471,3.614313309171591,0.330269559245521,0.0986930280923843,0.0095134336377612,203.469688973225
0,198.946135775519,-8.89515686035156,-86.9361343383789,0,10.380043262961,0.121918994528501,0,-10.070345054853135,-83.51958145362318,-5.088140964508057,-8.083616014071282,-89.29547749075967,-5.075091361999512,-2.4950147606511854,3.6130182544278098,0.331291898112709,0.106166012585163,0.0102271914933052,203.573470835533
0,199.049959984186,-8.79741668701172,-86.9011154174805,0,10.3832731061893,0.133139625333871,0,-9.97589606022628,-83.48727748028011,-5.105230808258057,-7.98575278940708,-89.25235640555181,-5.096551418304443,-2.487394714688706,3.6115236527760346,0.33239816031974,0.115218766033649,0.0110956626176259,203.6772950442
0,199.153804998116,-8.69973945617676,-86.8658599853516,0,10.3829726735911,0.146050728081142,0,-9.881752691604902,-83.45507803885263,-5.12226676940918,-7.887671407536036,-89.20913919459765,-5.11790132522583,-2.480002412923814,3.609790683030059,0.333599789958412,0.125604391098022,0.0120959546629982,203.78114005813
0,199.2576283701,-8.60217094421387,-86.8303680419922,0,10.3790966330716,0.160327056805678,0,-9.78800666077369,-83.42301449266023,-5.138750076293945,-7.789378108636752,-89.16582860748242,-5.139304161071777,-2.472854271186518,3.607806058647572,0.334912045817787,0.137128248810768,0.0132103877897795,203.884963430114
0,199.361406340021,-8.50474834442139,-86.7946090698242,0,10.3729985771853,0.175669149159961,0,-9.694706127168478,-83.39110329552933,-5.140012264251709,-7.692229128670531,-89.11856869480305,-5.160714149475098,-2.461904915811369,3.6055306239690843,0.336342557292396,0.149649575352669,0.0144247701324188,203.988741400035
0,199.465121862103,-8.40749359130859,-86.7585754394531,0,10.3660751511077,0.19184858738352,0,-9.601905336004902,-83.35936302324693,-5.141268253326416,-7.595889762673213,-89.0683432591251,-5.182297229766846,-2.4482091731402296,3.602952187631508,0.337902768474037,0.163023769855499,0.0157239702620039,204.092456922117
0,199.568766959096,-8.3104190826416,-86.7222595214844,0,10.3587320531584,0.208695827311405,0,-9.509643131406811,-83.32780696150864,-5.14555549621582,-7.499353065933335,-89.01801494730286,-5.203866958618164,-2.4348143786814407,3.6000620135023818,0.339602216105873,0.17710916697979,0.0170941031290886,204.196102019111
0,199.67234005089,-8.21353626251221,-86.6856384277344,0,10.3510738510363,0.226072699839389,0,-9.417932791847752,-83.29643965189611,-5.180812835693359,-7.402617202692503,-88.9675828022845,-5.225120544433594,-2.4217472721404465,3.5968374083379553,0.34144471488517,0.191782832145691,0.0185234025295133,204.299675110904
0,199.775839820121,-8.11685657501221,-86.6486892700195,0,10.343122432565,0.243863288746312,0,-9.326793605099246,-83.26526769132633,-5.221080303192139,-7.305675988392829,-88.91704359982093,-5.246281623840332,-2.409034103045667,3.5932560715794306,0.343435986857826,0.206939369440079,0.0200018782439777,204.403174880135
0,199.879259729796,-8.0203914642334,-86.6114044189453,0,10.3348818472884,0.261969328689208,0,-9.236249203483906,-83.23429916266525,-5.261085033416748,-7.208527670792494,-88.86639642640074,-5.267401218414307,-2.396687666924538,3.5893105123532667,0.34558175406974,0.222488135099411,0.0215209709936635,204.50659478981
0,199.982608042489,-7.92414855957031,-86.5737457275391,0,10.3263525925911,0.280306723355121,0,-9.146290095723993,-83.20353081965027,-5.28274393081665,-7.111170054380166,-88.81564013741902,-5.288331031799316,-2.3847483294788216,3.5849656148627487,0.347882016520912,0.23835077881813,0.0230732983402625,204.609943102503
0,200.085867029424,-7.8281397819519,-86.5357360839844,0,10.3175258655703,0.29880287239007,0,-9.05694915828795,-83.17297390688444,-5.300740718841553,-7.01361048850179,-88.7647785643739,-5.30912971496582,-2.3732021298804886,3.5802432798771506,0.35034249625724,0.254459291696548,0.0246524846843544,204.713202089439
0,200.18904758585,-7.73237657546997,-86.4973220825195,0,10.3084064194493,0.317395148372853,0,-8.968227168874938,-83.142628690361,-5.318612098693848,-6.915836403477517,-88.71380515420537,-5.329874038696289,-2.3621039476592687,3.5750936273909497,0.35296700797599,0.270754277706146,0.0262529451826152,204.816382645864
0,200.292137243496,-7.63686847686768,-86.4585189819336,0,10.2989877537643,0.336028575139429,0,-8.88012554798169,-83.11249565592657,-5.336064338684082,-6.817866302589047,-88.66272955338948,-5.3505539894104,-2.351448235618004,3.5695322162796237,0.355753644328529,0.287184000015259,0.0278698517670216,204.919472303511
0,200.395139057829,-7.54162693023682,-86.4192962646484,0,10.2892711450657,0.354655440473394,0,-8.792644858626645,-83.08257499614805,-5.355368614196777,-6.71969755818237,-88.61155039202859,-5.371131420135498,-2.341270179125281,3.563531209462784,0.35870431266349,0.303702592849731,0.0294989157509293,205.022474117844
0,200.498045674281,-7.44666242599487,-86.3796539306641,0,10.2792551590103,0.373233339676664,0,-8.70580068995482,-83.05287204291649,-5.374716758728027,-6.621331727161929,-88.56026848179718,-5.391647815704346,-2.3315768447660856,3.557092477911371,0.361822827678138,0.320269793272018,0.0311363887432998,205.125380734296
0,200.600861259874,-7.35198593139648,-86.3395614624023,0,10.2689384741867,0.391724920224981,0,-8.619572577830597,-83.02337979696789,-5.393928050994873,-6.522776493788708,-88.50888782879755,-5.412327766418457,-2.322405041192305,3.550188268864266,0.365105374675209,0.336849719285965,0.0327789383350932,205.228196319888
0,200.703578436957,-7.25760841369629,-86.2990188598633,0,10.25832178634,0.410096817148247,0,-8.533968958130952,-82.99410114359048,-5.412359714508057,-6.424036551842928,-88.4574108800788,-5.433090686798096,-2.313762771289147,3.542820536059291,0.368553861003334,0.353410363197327,0.0344235934010464,205.330913496971
0,200.80619820812,-7.16353178024292,-86.2580261230469,0,10.2482410225577,0.425111103067264,0,-8.448945077384483,-82.96502077593884,-5.430926322937012,-6.325136040349161,-88.40585022024754,-5.453866004943848,-2.3056573399331803,3.534992441371077,0.372156842570717,0.367468476295471,0.0358259266755993,205.433533268135
0,200.908725460505,-7.06974697113037,-86.2165985107422,0,10.2388901850644,0.436804529459085,0,-8.364394408595446,-82.93610225902347,-5.449394226074219,-6.226129317093987,-88.35423418811924,-5.474599361419678,-2.2980811637966623,3.526721940396709,0.375885709147865,0.378956764936447,0.0369778735522547,205.536060520519
0,201.011164248793,-6.97623872756958,-86.1747665405273,0,10.2303136592518,0.445218094966372,0,-8.280230162037427,-82.90731590851179,-5.46803092956543,-6.127057933337954,-88.30258444597227,-5.494050025939941,-2.291007869917534,3.518043105737062,0.379717572551185,0.387826174497604,0.0378736612816027,205.638499308807
0,201.113527700065,-6.88299512863159,-86.1325302124024,0,10.2224845357362,0.450418704163211,0,-8.196352262063831,-82.8786274959427,-5.485024452209473,-6.027959404870344,-88.25092055223783,-5.513503074645996,-2.2844394762864653,3.5089585133086434,0.383627637248451,0.394059628248215,0.0385109573862673,205.740862760079
0,201.215815584585,-6.7900013923645,-86.0899276733398,0,10.215350155386,0.452507077638389,0,-8.11265346968161,-82.8500003428052,-5.501389026641846,-5.928892516522722,-88.19927315372104,-5.533698558807373,-2.2783430057079292,3.499505340012545,0.387585385661537,0.397675812244415,0.0388911020021777,205.843150644599
0,201.318036336514,-6.69724321365356,-86.0469741821289,0,10.208846706793,0.451616205836313,0,-8.029001252684134,-82.82138911965467,-5.517748832702637,-5.829919913411376,-88.1476749097427,-5.554157733917236,-2.272706152176329,3.4896960426059307,0.39155457816642,0.398727595806122,0.0390189047430753,205.945371396528
0,201.420196213639,-6.60470485687256,-86.0036926269531,0,10.2029026700638,0.447906247591874,0,-7.945354190422139,-82.79277965955707,-5.534511566162109,-5.730978068519647,-88.09630596325019,-5.574633598327637,-2.267692456206075,3.47955496001125,0.395525678019935,0.397297978401184,0.0389022327663834,206.047531273653
0,201.52229206252,-6.51237344741821,-85.9601211547852,0,10.1974424365871,0.441557809617175,0,-7.861648332101524,-82.76415008968577,-5.550673484802246,-5.631816857310534,-88.04585877216276,-5.594596862792969,-2.2639967572692945,3.469117144662305,0.399479611735756,0.393494963645935,0.0385514887534707,206.149627122534
0,201.624339294237,-6.42023324966431,-85.916259765625,0,10.1923947373906,0.432765605170932,0,-7.7773909255732425,-82.73634106028358,-5.566916465759277,-5.532833350153789,-87.99550198608529,-5.614582538604736,-2.260691662521873,3.457420994015452,0.403385861735756,0.387446165084839,0.0379790420421178,206.251674354251
0,201.726333879858,-6.32826805114746,-85.8721542358398,0,10.1876877501232,0.421731183998608,0,-7.690152024026367,-82.71476173153799,-5.583876609802246,-5.43407221275706,-87.94525832821226,-5.634501934051514,-2.2577304478626656,3.4385833393718546,0.407221539836342,0.379293382167816,0.0371987071015929,206.353668939872
0,201.828274139729,-6.23646593093872,-85.8278350830078,0,10.1832517385292,0.408657167919783,0,-7.602519474931747,-82.69308503052277,-5.601081371307373,-5.335576690290445,-87.89514979905512,-5.654687404632568,-2.2550812754979894,3.4194678206719273,0.41096375785392,0.369187772274017,0.0362252512701062,206.455609199743
0,201.930164906465,-6.14481115341187,-85.7833251953125,0,10.179022563215,0.393741838236514,0,-7.514439059521459,-82.67129754573692,-5.617753982543945,-5.237369169321584,-87.84518778753741,-5.674880027770996,-2.252715761854156,3.4000877478260834,0.414597256999428,0.357285290956497,0.0350739268017737,206.557499966479
0,202.032008680311,-6.05329036712647,-85.7386474609375,0,10.1749412146483,0.377175582340876,0,-7.425847544441273,-82.64938363584022,-5.634528636932373,-5.139482029429816,-87.79538876641908,-5.694406509399414,-2.2506066905876727,3.380453251570421,0.418102963786537,0.343742787837982,0.0337600829839141,206.659343740325
0,202.133808227165,-5.96188974380493,-85.6938247680664,0,10.1709528334244,0.359149369774435,0,-7.33669574800804,-82.62733113529997,-5.651486873626709,-5.041939958995213,-87.7457652956458,-5.713737487792969,-2.2487257581337547,3.3605765500863134,0.421465619426185,0.328724384307861,0.032299789423655,206.76114328718
0,202.235558147605,-5.87059688568115,-85.6488952636719,0,10.1669999362985,0.339923622106927,0,-7.246956153913338,-82.60513323770924,-5.668324947357178,-4.944767164249031,-87.69632968987528,-5.732956409454346,-2.2470310195210574,3.340486806730568,0.424673779826576,0.312453091144562,0.0307149212291675,206.86289320762
0,202.337259199775,-5.77939987182617,-85.6038818359375,0,10.1630366038798,0.319740955218986,0,-7.15659068012216,-82.58278052313335,-5.685256004333496,-4.847986965437909,-87.64709381303017,-5.751750469207764,-2.245494418946873,3.3201969316114233,0.427714093547279,0.295145094394684,0.0290266724623332,206.96459425979
0,202.438917964675,-5.68828773498535,-85.5587921142578,0,10.1590266530559,0.298794141084842,0,-7.06556970342435,-82.56026566400423,-5.702321529388428,-4.751610496933397,-87.59806332960126,-5.767780780792236,-2.244101454483071,3.2997070314586185,0.430577023845131,0.276983678340912,0.0272530000606168,207.066253024689
0,202.540544804528,-5.59724903106689,-85.5136260986328,0,10.1549373124044,0.277236236049642,0,-6.973873386249956,-82.5375837533201,-5.719430923461914,-4.655638239734061,-87.54923848429137,-5.783207893371582,-2.242843879319512,3.2790124513910373,0.433256848674232,0.258124500513077,0.0254091535018476,207.167879864542
0,202.642115263482,-5.50627326965332,-85.4684600830078,0,10.1507463261575,0.255189661175407,0,-6.881509120847181,-82.51473661962024,-5.736523151397705,-4.56010414809493,-87.50063655095958,-5.798422813415527,-2.2416460923811257,3.258182920674515,0.435745938640053,0.238700523972511,0.0235081362884223,207.269450323497
0,202.743638744246,-5.41534996032715,-85.4232940673828,0,10.146429156435,0.232752295907569,0,-6.788453794271182,-82.49171854570933,-5.753715515136719,-4.465014025764854,-87.45226048220024,-5.803122520446777,-2.240500636236811,3.2372131808187814,0.43803666434806,0.21882538497448,0.021561066454359,207.37097380426
0,202.845123792296,-5.32446956634522,-85.3781280517578,0,10.1419691433991,0.210002904731029,0,-6.6947041377840115,-82.4685287230356,-5.771022796630859,-4.370363092656202,-87.40410784619556,-5.805700778961182,-2.239400207780056,3.2161018383233286,0.440127118449623,0.198596358299255,0.0195774405242878,207.47245885231
0,202.946533981177,-5.23362350463867,-85.3330612182617,0,10.137351523452,0.187005205087381,0,-6.600288021011815,-82.44517404540231,-5.788239479064941,-4.276192865311061,-87.3561997640362,-5.822455883026123,-2.238249987048327,3.1949435399517254,0.442011578898842,0.1780965924263,0.0175653667390547,207.573869041191
0,203.047898657865,-5.1428017616272,-85.2880477905273,0,10.1325622732673,0.163811096313717,0,-6.505201668972916,-82.42165357903372,-5.80559778213501,-4.182469787290386,-87.30851916424763,-5.852990627288818,-2.237083385338362,3.17369646992581,0.443693860392982,0.157397344708443,0.0155317850891433,207.675233717879
0,203.149209034581,-5.05199527740479,-85.2431259155273,0,10.1275917696315,0.140463073391944,0,-6.409441726528421,-82.39796649400596,-5.823081016540527,-4.089215879975676,-87.26107724996893,-5.886305809020996,-2.235860406261701,3.1523948033376192,0.445166333537513,0.136559337377548,0.0134825937089447,207.776544094595
0,203.250478764403,-4.9611964225769,-85.1982803344727,0,10.1224646351695,0.118111264133504,0,-6.313031581959233,-82.37411851627985,-5.840685844421387,-3.9964034808852023,-87.21385994821244,-5.916706562042236,-2.2345886869089315,3.1310299061939024,0.446436627726967,0.116485401988029,0.0115068293532975,207.877813824417
0,203.351678343972,-4.8704080581665,-85.1535720825195,0,10.1172600531701,0.0987106522658919,0,-6.216047838381922,-82.35012865186523,-5.85552978515625,-3.9040351355769687,-87.16686855400319,-5.934118747711182,-2.233212777055265,3.1096690317422504,0.447516187053139,0.0987150892615318,0.0097566327855268,207.979013403987
0,203.452829321496,-4.77963256835938,-85.1089477539063,0,10.1120253996341,0.0819099244232621,0,-6.118551890204462,-82.32601208870237,-5.869211196899414,-3.812046182179876,-87.12007017131532,-5.951569557189941,-2.231778840415193,3.0882739300577224,0.448427899699623,0.0830614566802979,0.0082138571189433,208.08016438151
0,203.553935043734,-4.68887376785278,-85.0643920898438,0,10.106780452944,0.0673895987973486,0,-6.020614983090675,-82.30178645009343,-5.884304046630859,-3.7204793086621737,-87.07325985172733,-5.968955039978027,-2.2300980950007507,3.066842771506862,0.449192746501381,0.0693327039480209,0.0068598663134604,208.181270103749
0,203.654969900656,-4.59813404083252,-85.0199584960938,0,10.1015270105435,0.0548617035435469,0,-5.922323422947845,-82.277473084637,-5.904613971710205,-3.6294446170020773,-87.02617954647233,-5.987348556518555,-2.227842477111629,3.0454398289508866,0.449827893596107,0.0573387183248997,0.0056761589262323,208.282304960671
0,203.755973779955,-4.50741386413574,-84.9755554199219,0,10.0962299219375,0.0422311065835512,0,-5.823680747995224,-82.25307286754574,-5.926032543182373,-3.538673774167418,-86.9792356956065,-6.00756311416626,-2.2255767812141087,3.0239824334042993,0.450344785075599,0.0454945489764214,0.0045060533823058,208.38330883997
0,203.856899529255,-4.41670608520508,-84.9313049316406,0,10.0908782311886,0.0295171850204695,0,-5.724735118636793,-82.2285977117601,-5.946611404418945,-3.4482113792547895,-86.93245136439258,-6.02773904800415,-2.223188935014232,3.0025932572851843,0.450741513591224,0.0337759330868721,0.0033471604565518,208.484234589269
0,203.95778165148,-4.32600593566895,-84.8871383666992,0,10.0854715715504,0.0167365026703788,0,-5.6254772363715615,-82.2040453172062,-5.963832855224609,-3.3580150986457973,-86.88580465920252,-6.045979022979736,-2.2207370869487755,2.9812101525366237,0.451023801188881,0.0221637822687626,0.0021975920108396,208.585116711494
0,204.058611910078,-4.23531150817871,-84.8430786132812,0,10.0799991680249,0.0039031437677789,0,-5.525916988652216,-82.17941812964078,-5.981103420257568,-3.268095334626797,-86.83930095977463,-6.062018871307373,-2.218199896993095,2.95985636109858,0.451189740519935,0.0106431720778346,0.0010558702538086,208.685946970093
0,204.159387277963,-4.14461517333984,-84.7991485595703,0,10.0744646185509,-0.0089709117106481,0,-5.426070438756657,-82.15472012247062,-5.998393535614014,-3.1784503513812,-86.79293936839868,-6.078007698059082,-2.2155532610521673,2.9385590612077075,0.451241238933021,-0.0007974817999638,-7.91586961679398e-05,208.786722337977
0,204.260109727577,-4.05391120910645,-84.7553558349609,0,10.0689400836995,-0.0201220037875649,0,-5.325965127377759,-82.1299581081517,-6.015485763549805,-3.0890627362220684,-86.74671087977568,-6.094772815704346,-2.2127872672574296,2.9173334391057,0.45118592582267,-0.0108313653618097,-0.0010757183619378,208.887444787592
0,204.360767302353,-3.96320939064026,-84.7117080688477,0,10.0634411138237,-0.0297695093748862,0,-5.225652707511399,-82.10514486355078,-6.032321453094482,-2.999919984407212,-86.70060902684268,-6.110849380493164,-2.209898979789391,2.896193168889183,0.451035245280677,-0.0196041166782379,-0.0019480444790908,208.988102362367
0,204.461372941025,-3.87251019477844,-84.6681747436523,0,10.0579684333942,-0.0381062228260263,0,-5.125900703908423,-82.07876711024666,-6.049641132354736,-2.9109836981685597,-86.65461395147082,-6.12689208984375,-2.2069150255597836,2.876807199017085,0.450802548747475,-0.0272541791200638,-0.0027096906994847,209.088708001039
0,204.561928966475,-3.78181481361389,-84.6247482299805,0,10.0525226312044,-0.0453007450785365,0,-5.0377695157068345,-82.02802272941202,-6.065083026885986,-2.82223249232898,-86.60871459391296,-6.143330097198486,-2.2038422730626506,2.8845113171925694,0.450497372966225,-0.03391133248806,-0.0033733809320249,209.189264026489
0,204.662437895966,-3.69112420082092,-84.5814208984375,0,10.0471006300174,-0.0515015418540073,0,-4.9491453289365195,-81.9779911029858,-6.079848289489746,-2.7336411359339365,-86.5628979055058,-6.16015100479126,-2.2006873810438745,2.891446672278591,0.450131162028724,-0.0396942943334579,-0.0039507689135568,209.28977295598
0,204.762877964177,-3.60044074058533,-84.5382385253906,0,10.0416997150351,-0.0568396881250922,0,-4.860410708680341,-81.9279675524252,-6.094548225402832,-2.6452174524595775,-86.51716793230737,-6.177052974700928,-2.1974105505657695,2.8984545662830485,0.449709637980873,-0.0447099395096302,-0.0044523561297693,209.390213024191
0,204.86326875497,-3.50976467132568,-84.4951553344727,0,10.0363167442407,-0.0614305737021102,0,-4.771593406113794,-81.87789739026339,-6.1082444190979,-2.55692847325275,-86.47150762395779,-6.194123268127441,-2.1940522310353145,2.90555517973136,0.449240430217201,-0.049053780734539,-0.0048875362467809,209.490603814984
0,204.963615587659,-3.41909742355347,-84.4521560668945,0,10.0309511338055,-0.0653753997011519,0,-4.682707166164154,-81.82778836511147,-6.121237754821777,-2.46875408115127,-86.42590657648778,0.39579710364341736,-2.1906262900293814,2.9127333238356337,0.44873116813224,-0.0528107807040215,-0.0052646711600619,209.590950647674
0,205.063901336325,-3.32843995094299,-84.4092788696289,0,10.025603997708,-0.0687625534393231,0,-4.593785761082556,-81.77765951585087,-6.134235858917236,-2.3806944434076063,-86.38036487639508,0.408210426568985,-2.187098898797883,2.9200206236286887,0.448189481120521,-0.0560561828315258,-0.0055911708064793,209.69123639634
0,205.164128721361,-3.23779296875,-84.3665161132813,0,10.020264864851,-0.0716689277914371,0,-4.5048309720665785,-81.72751184661985,-6.143903732299805,-2.2927430461148934,-86.33487915489007,0.40809568762779236,-2.18347713975758,2.9274099168558285,0.447617276530677,-0.0588563829660416,-0.0058735850164999,209.791463781376
0,205.264313441043,-3.14715719223022,-84.3238296508789,0,10.0149441524663,-0.0741614973748655,0,-4.415823335731627,-81.6773343850651,-6.149821758270264,-2.204889064366683,-86.28944381366857,0.40798094868659973,-2.1797954632824528,2.9348681359886766,0.447012647014076,-0.0612697713077068,-0.00611766681592,209.891648501058
0,205.364438447923,-3.05653357505798,-84.2812576293945,0,10.0096255198427,-0.0762980764509346,0,-4.326826237306917,-81.62716286418697,-6.157063007354736,-2.1171105985154854,-86.24404752691538,0.4078637659549713,-2.1760192349025727,2.9424245904467146,0.446394666057045,-0.0633475780487061,-0.0063284822884716,209.991773507937
0,205.464510098346,-2.96592593193054,-84.2387771606445,0,10.0043804886998,-0.0761295613307464,0,-4.237789428251076,-81.5769689567053,-1.486693024635315,-2.029434784173016,-86.19870432832319,0.4077478051185608,-2.1721717640263165,2.9500609600194263,0.445746167521888,-0.0636111125349999,-0.0063581419102254,210.09184515836
0,205.564537285261,-2.8753387928009,-84.1963577270508,0,9.99913614476693,-0.0759959002855328,0,-4.148783074082906,-81.52679221796352,-1.492376685142517,-1.9417943359487913,-86.15337941998509,0.40763425827026367,-2.1682802308591698,2.9577424405850925,0.445097668986732,-0.0638077557086945,-0.0063811425284332,210.191872345275
0,205.664500645476,-2.78477215766907,-84.1540451049805,0,9.99389159258321,-0.0758895528230382,0,-4.059824284886684,-81.47664229365755,-1.4980602264404297,-1.8549373865178644,-86.10654742014363,0.4075878858566284,-2.1626044465780603,2.965509018904207,0.444449170451576,-0.0639529079198837,-0.0063990151943904,210.29183570549
0,205.764426274245,-2.69422578811645,-84.1117782592773,0,9.98864687679103,-0.0758047084531503,0,-3.9708898442504683,-81.42650609568994,-1.5032116174697876,-1.774682171439832,-86.04590091684115,0.4081738293170929,-2.141586075195801,2.9733075361895693,0.44380067191642,-0.0640584677457809,-0.0064129430058189,210.391761334259
0,205.864281741933,-2.60369992256165,-84.0696334838867,0,9.98340203190074,-0.0757368565389233,0,-3.8820084546190636,-81.3763998048726,-1.5078966617584229,-1.6879054122995187,-85.99909617324582,0.40812987089157104,-2.135768211828043,2.9812045137673127,0.443152173381263,-0.0641336292028427,-0.0064238406488052,210.491616801947
0,205.964102284383,-2.5131983757019,-84.0275192260742,0,9.97821060896404,-0.0736273376943102,0,-3.7931686394818005,-81.32631695139915,-1.5125781297683716,-1.601138567144384,-85.95229677695245,0.4080847203731537,-2.1299346738223766,2.9891165258100054,0.442511304240639,-0.0626195967197418,-0.0062754630587572,210.591437344398
0,206.063860852217,-2.42272615432739,-83.9854888916016,0,9.97301640483783,-0.0718449526343986,0,-3.704454340185,-81.27630485617233,-1.5172557830810547,-1.5143629965581398,-85.90549267442702,0.40804076194763184,-2.1240381711392193,2.997082795026972,0.441900952678138,-0.0612861253321171,-0.0061450350258617,210.691195912232
0,206.163564988509,-2.33228206634521,-83.9435272216797,0,9.96781996007411,-0.0703373698761424,0,-3.615779384241677,-81.22631492380211,-1.520965576171875,-1.427629351956806,-85.85871118550222,0.4079943895339966,-2.1180949338812045,3.005097009546391,0.441290601115639,-0.0601153820753098,-0.0060307956701683,210.790900048523
0,206.263231194461,-2.24186563491821,-83.9015960693359,0,9.96261311528674,-0.0690609444779418,0,-3.527129100616094,-81.17633890029128,-1.522860050201416,-1.340922835069361,-85.81194432844087,0.40795043110847473,-2.112138347662128,3.013126086589604,0.440680249553139,-0.0590902380645275,-0.0059310562105429,210.890566254475
0,206.362821435774,-2.15147638320923,-83.8597869873047,0,9.95739525173609,-0.0679792296581997,0,-3.438637822377908,-81.1264525150383,-1.52474844455719,-1.2542066054300745,-85.76517223261672,0.407905250787735,-2.106083091230875,3.0212417824071376,0.440108044963295,-0.0581945702433586,-0.0058442205668933,210.990156495788
0,206.462383114292,-2.06111860275269,-83.8179779052734,0,9.95222150511805,-0.0649722956911276,0,-3.3501633078459707,-81.07657558021616,-1.5266344547271729,-1.167509372108807,-85.71841038282852,0.40785887837409973,-2.1000431088047398,3.0293436516113927,0.439535840373451,-0.0558215826749802,-0.00560883749607,211.089718174306
0,206.561886930112,-1.97079634666443,-83.7762298583984,0,9.94703060475965,-0.0624313604472914,0,-3.2618073544196036,-81.0267654834498,-1.5285241603851318,-1.0808044484194024,-85.67164438508973,0.4078161418437958,-2.0939631818478435,3.0374765466183495,0.4389922460131,-0.0537560917437077,-0.0054041286394856,211.189221990126
0,206.661320976786,-1.88050866127014,-83.7345733642578,0,9.94183670412151,-0.0602821948022698,0,-3.173530345863721,-80.9769998913431,-1.5258630514144897,-0.9941380011700531,-85.62489914037202,0.4077722132205963,-2.087818116342539,3.045671770784249,0.438458188395912,-0.0519618913531303,-0.0052264926204054,211.2886560368
0,206.760724607909,-1.79025447368622,-83.6929168701172,0,9.93664041877923,-0.0584626113913225,0,-3.0853434305726624,-80.92728508873122,-1.5224108695983887,-0.9074435085001369,-85.57813876880778,0.40772703289985657,-2.0816860492291522,3.0538458632454564,0.437950833659584,-0.0504059940576553,-0.0050726522776566,211.388059667923
0,206.860072147189,-1.70003390312195,-83.6513214111328,0,9.93144222388576,-0.0569206840375085,0,-2.997229074618966,-80.87761119097608,-1.5189611911773682,-0.8207722306350487,-85.53139091860291,0.4076831042766571,-2.075514982269068,3.062055469510144,0.437454923015053,-0.0490586906671524,-0.0049396536604467,211.487407207204
0,206.959351932884,-1.60984575748444,-83.6098175048828,0,9.92624248945341,-0.0556129464332391,0,-2.9091671202013525,-80.82796683424768,-1.5155138969421387,-0.7341556138564193,-85.48467255092496,0.40763792395591736,-2.069278780473284,3.0703304638630704,0.436959012370521,-0.047893438488245,-0.0048248556173544,211.586686992898
0,207.058602480492,-1.5196897983551,-83.5683135986328,0,9.92104150570869,-0.0545029982684204,0,-2.8212055638131677,-80.77837907625842,-1.5098302364349365,-0.6475037537233829,-85.43793517405396,0.4075939953327179,-2.0630543695527352,3.0785837534282323,0.436493619304115,-0.0468866787850857,-0.0047259122182588,211.685937540506
0,207.157783689081,-1.42956805229187,-83.5269012451172,0,9.91526254165514,-0.0535564266521657,0,-2.7333187520508027,-80.72883345506811,-1.5003697872161865,-0.5608943833129125,-85.39122071484651,0.40755003690719604,-2.0567646993249222,3.0868996169023863,0.43603585563224,-0.0459964871406555,-0.0046388903957254,211.785118749096
0,207.256901724743,-1.3394877910614,-83.4855499267578,0,9.90843086984891,-0.0527425890721795,0,-2.6454806523155217,-80.67931529496774,-1.490914225578308,-0.4743358025904854,-85.34453365005146,0.4075036644935608,-2.050441037100541,3.0952496122775996,0.435578091960365,-0.0452056266367435,-0.0045622749765637,211.884236784757
0,207.355965377093,-1.24946737289429,-83.4441986083984,0,9.90049569942057,-0.0479630429467655,0,-2.5577505316508,-80.62985800736936,-1.4814684391021729,-0.38777527503044895,-85.29784553519143,0.40745848417282104,-2.0441429012498715,3.10356534361472,0.435145123820717,-0.0414005219936371,-0.0041816124605357,211.983300437108
0,207.45493842595,-1.15952563285828,-83.4028930664062,0,9.89139097441089,-0.0438284642809249,0,-2.472420537872315,-80.57569813294651,-1.4727368354797363,-0.3012247417593235,-85.25116281094675,0.4074157476425171,-2.0378374489260143,3.1171660564352193,0.434748395305092,-0.0380177311599255,-0.0038434794512897,212.082273485964
0,207.553783283493,-1.0696759223938,-83.3616943359375,0,9.8811323319794,-0.038288113284583,0,-2.388773618251128,-80.5184738215717,-1.46291983127594,-0.21471471118438934,-85.20450193262405,0.4073718190193176,-2.0314769285124403,3.134313581077461,0.434389813762123,-0.0335294380784035,-0.0033932534489744,212.181118343508
0,207.652531980562,-0.979932010173798,-83.3204956054687,0,9.86969289599449,-0.0335805458139848,0,-2.3053073958307517,-80.46137312829222,-1.4526745080947876,-0.12821036600682048,-85.15784412083173,0.4073266386985779,-2.0251615555429745,3.1513808485172072,0.434073193889076,-0.0296249855309725,-0.0030015943121428,212.279867040577
0,207.751180095933,-0.890298783779144,-83.279296875,0,9.85707171147027,-0.0316180760148145,0,-2.2219920423166193,-80.40437564705339,-1.4424450397491455,-0.04174012372495312,-85.11120470310371,0.4072827100753784,-2.018895264797214,3.1683716640779744,0.433785184245521,-0.0277882739901543,-0.0028191061044556,212.378515155947
0,207.849681569957,-0.80078136920929,-83.2381973266602,0,9.84329724400092,-0.0299411393518832,0,-2.1388472565821606,-80.34749485419684,-1.4322386980056763,0.04464112410903623,-85.06461328627312,0.40723752975463867,-2.01259396047423,3.1853698534482198,0.433518155436928,-0.0262043960392475,-0.0026621440116512,212.477016629972
0,207.948046628079,-0.711389541625977,-83.197151184082,0,9.82836785660717,-0.0285057628514483,0,-2.0558090366838746,-80.29068696488078,-1.4231090545654297,0.13090505812408065,-85.01808514494705,0.4071936011314392,-2.0063052316633634,3.20234258570015,0.433251126628334,-0.0248376857489347,-0.0025271318334717,212.575381688093
0,208.046253329407,-0.622133433818817,-83.1561889648438,0,9.81227803337741,-0.0272748766139015,0,-1.97299346330411,-80.23403139191731,-1.4138671159744263,0.21709618076718165,-84.97159627585964,0.40714842081069946,-2.000002512720396,3.219289937280062,0.433020337443764,-0.0236571542918682,-0.0024109654065829,212.673588389421
0,208.144298181039,-0.53302389383316,-83.1152954101563,0,9.79502602512262,-0.0262172503217684,0,-1.8903119817888412,-80.17746755352867,-1.4040685892105103,0.30315049680397244,-84.92518119609316,0.4071032702922821,-1.993708647143221,3.236211283103085,0.432791455607826,-0.0226360261440277,-0.0023109632381534,212.771633241053
0,208.242158880245,-0.444074958562851,-83.0744934082031,0,9.77661977692917,-0.0233109701705474,0,-1.8078093553730237,-80.12102607302181,-1.394289493560791,0.3890649838265423,-84.87884153584251,0.40705931186676025,-1.987408948686823,3.253112479614878,0.432574017863685,-0.0202355273067951,-0.0020697818108476,212.869493940259
0,208.339838537289,-0.355297207832336,-83.0337524414063,0,9.75703620983089,-0.0228269254824589,0,-1.7255251841054782,-80.0647340414783,-1.3855798244476318,0.4748689178765896,-84.83256150450151,0.4070153832435608,-1.9811334739860462,3.2699533583940665,0.432383283000404,-0.0196644235402346,-0.0020154039917151,212.967173597303
0,208.437302764422,-0.266700476408005,-82.9931335449219,0,9.73630383771794,-0.0204261008669671,0,-1.6434160343948858,-80.00856174522355,-1.3770495653152466,0.5604849183319394,-84.78638283882341,0.40697386860847473,-1.9748363748294044,3.286793962991569,0.432192548137123,-0.017669940367341,-0.0018148469662077,213.064637824437
0,208.53457686996,-0.17829892039299,-82.9525451660156,0,9.71440578469166,-0.0183837758119706,0,-1.5615344254566015,-79.95254511356544,-1.3685436248779297,0.6459818204914294,-84.74026841114238,0.406928688287735,-1.9686018238738905,3.3035345884627207,0.432028516154701,-0.0159427765756845,-0.0016411449533226,213.161911929974
0,208.631600556964,-0.0901028737425804,-82.912109375,0,9.69134713395966,-0.0166446324202457,0,-1.479889740979782,-79.89669056604883,-1.3583898544311523,0.7312794133043543,-84.69426148485867,-3.92113995552063,-1.962328974496419,3.3202798270208302,0.431875928264076,-0.0144487824290991,-0.0014908929501264,213.258935616978
0,208.728403371094,-0.0021218308247625,-82.8717346191406,0,9.66712525574986,-0.0151620955262914,0,-1.3984416227836107,-79.84097049294084,-1.3482091426849365,0.8163938318974637,-84.6483533576253,-3.9106712341308594,-1.9561037886719028,3.336950726348139,0.431729062419349,-0.0131575567647815,-0.0013610603186933,213.355738431109
0,208.824962988094,0.0856336429715157,-82.8314514160156,0,9.64174222802554,-0.0138969246345188,0,-1.3172840289742849,-79.78544917261479,-1.3380553722381592,0.9013511605248803,-84.60252996049121,-3.900219678878784,-1.9499010947084683,3.35355149968814,0.431614621501381,-0.0120421908795834,-0.0012489629038408,213.452298048109
0,208.921247776836,0.173153251409531,-82.7913131713867,0,9.61519626992088,-0.0128160144727608,0,-1.2363533767326715,-79.73008310695913,-4.608207702636719,0.9860673326472313,-84.55683663583565,-3.8898839950561523,-1.9436826919521473,3.3701392318615064,0.431500180583412,-0.0110790217295289,-0.0011522398063474,213.54858283685
0,209.017267821617,0.260427087545395,-82.7512741088867,0,9.58749033667244,-0.011891430773525,0,-1.155641179510655,-79.6748664901788,-4.605888366699219,1.0705512964995623,-84.51126855725299,-3.887883186340332,-1.9374936624964119,3.3866699238938476,0.431385739665443,-0.0102473236620426,-0.0010688214976146,213.644602881632
0,209.113007760663,0.347445249557495,-82.7113494873047,0,9.55862163782309,-0.0110995587260541,0,-1.075160325069098,-79.61980813901498,-4.605345249176025,1.1547894849781462,-84.46583304242604,-3.8869738578796387,-1.931325259933751,3.4031506768204816,0.431271298747474,-0.0095290075987577,-0.0009969011783633,213.740342820677
0,209.208457680298,0.434196829795837,-82.6715393066406,0,9.52859308753155,-0.0104204308810634,0,-0.9950283395798948,-79.56498845516431,-4.605807781219482,1.2388379201049036,-84.42049987478134,-3.886068105697632,-1.925178005568566,3.4195530084479056,0.431195004802162,-0.0089083425700664,-0.000934905831455,213.835792740312
0,209.30359836519,0.520671188831329,-82.6318664550781,0,9.49740281868975,-0.0098371444092923,0,-0.9151531732815782,-79.51034446578527,-4.600969314575195,1.322614455840935,-84.37531336139196,-3.885185480117798,-1.91904145829042,3.4359119791513293,0.431118710856849,-0.008371683768928,-0.0008814703807009,213.930933425204
0,209.398417046095,0.606857776641846,-82.5923385620117,0,9.46505086195769,-0.0093353788488149,0,-0.8355455286137389,-79.45588349260277,-4.593772888183594,1.406107825503925,-84.33027957916336,-3.884119749069214,-1.9129139080743196,3.452227932427589,0.431042416911537,-0.0079072127118706,-0.000835411133144,214.02575210611
0,209.492907693959,0.692746460437775,-82.5529479980469,0,9.43153533349722,-0.008902983585123,0,-0.7562104525769985,-79.4016089908865,-4.587239742279053,1.4893127188822792,-84.28540139226207,-3.8830554485321045,-1.9068069034959836,3.468488672869498,0.430966122966224,-0.007504716515541,-0.0007957042948583,214.120242753973
0,209.587057755468,0.77832692861557,-82.5137023925781,0,9.39685625143822,-0.0085296560645741,0,-0.6771584681204669,-79.34752816054198,-4.58291482925415,1.5722180585864218,-84.24068477549486,-3.881904125213623,-1.9007186212459866,3.4846946792683755,0.430889829020912,-0.0071553876623511,-0.0007614658054854,214.214392815482
0,209.68085780347,0.863588809967041,-82.4746017456055,0,9.36101458353804,-0.0082066399521421,0,-0.598397477270695,-79.29364640395869,-4.576149940490723,1.6548155298922604,-84.1961342135708,-3.879063606262207,-1.8946539949506165,3.50084001200034,0.430813535075599,-0.0068516344763338,-0.0007319326107444,214.308192863485
0,209.774295989012,0.948522567749023,-82.4356536865234,0,9.32425448100677,-0.0079270913283674,0,-0.5199374147688713,-79.23997051766497,-4.56941032409668,1.737094675985274,-84.15175534657737,-3.875744581222534,-1.8886108327361117,3.51692559431977,0.430737241130287,-0.0065876180306077,-0.0007065032023058,214.401631049026
0,209.867362684744,1.03312110900879,-82.3968658447266,0,9.28681341719152,-0.0076850702723656,0,-0.4417863557320934,-79.18650602598815,-4.562695026397705,1.8190469991233507,-84.10755275793801,-3.8724424839019775,-1.8825857801930639,3.532953749388573,0.430660947184974,-0.0063571296632289,-0.0006845327025509,214.494697744758
0,209.960052797892,1.11737883090973,-82.3582382202148,0,9.24876292465676,-0.0074750869340225,0,-0.36394857436042094,-79.13325585298244,-4.554083347320557,1.900668005292577,-84.06352887158704,-3.868978261947632,-1.8765815027232131,3.548921265760064,0.430584653239662,-0.0061552673578262,-0.0006655230972586,214.587387857906
0,210.052358056296,1.20129013061523,-82.3197784423828,0,9.21012208252515,-0.0072923566989602,0,-0.28643101176196906,-79.08022474718,-4.544930458068848,1.9819503916334695,-84.01968762646456,-3.865638256072998,-1.870593937031387,3.564831320213937,0.430508359294349,-0.0059779291041195,-0.0006490605853804,214.679693116311
0,210.144270839292,1.28485012054443,-82.281494140625,0,9.17089471000849,-0.007132795980129,0,-0.20924006394318978,-79.0274170841995,-4.535812854766846,2.062887429663473,-83.97603265170929,-3.8631467819213867,-1.8646186794969533,3.580687499424811,0.430432065349037,-0.0058216070756316,-0.0006347914242743,214.771605899307
0,210.235789123725,1.36805307865143,-82.2433776855469,0,9.1310846254312,-0.0069929373892662,0,-0.13240615086283178,-78.97485367486107,-4.526472091674805,2.1434929709315402,-83.93255647621733,-3.8605968952178955,-1.8586640399464849,3.5964742606981583,0.430365308146888,-0.0056832944974303,-0.000622411582404,214.863124183739
0,210.326907707547,1.45089328289032,-82.2054290771484,0,9.09068992437732,-0.0068698313750912,0,-0.0559917090381587,-78.92257723306645,-4.516067981719971,2.2237934417779646,-83.88924484642507,-3.8541014194488525,-1.8527304716211028,3.612176436594914,0.430327161174232,-0.0055603990331292,-0.0006116584650519,214.954242767561
0,210.417621171836,1.53336477279663,-82.1676483154297,0,9.04971442392686,-0.0067609737572347,0,0.020084501169199687,-78.8705321813734,-4.506307125091553,2.3037370121275274,-83.84612571789751,-3.847994327545166,-1.8468242411574454,3.627808151205232,0.430289014201576,-0.0054506929591298,-0.0006023053527053,215.044956231851
0,210.507921678889,1.61546242237091,-82.1300430297852,0,9.00815526500101,-0.0066642359372932,0,0.09581590710831245,-78.81872301624615,-4.496592998504639,2.3833167637024926,-83.80320282214305,-3.8436779975891113,-1.840941058335308,3.6433728553929234,0.43025086722892,-0.005352265201509,-0.000594157580481,215.135256738904
0,210.597803918161,1.69718039035797,-82.0926132202149,0,8.96601340287348,-0.0065778036488449,0,0.1711980567097644,-78.76715278342243,-4.4854416847229,2.462528011826932,-83.76047868593332,-3.838655948638916,-1.8350837020213338,3.658867201645665,0.430212720256264,-0.0052634696476161,-0.0005870466610575,215.225138978175
0,210.687264096321,1.77851450443268,-82.0553588867188,0,8.92329074620838,-0.0065001376458875,0,0.24622776769197985,-78.7158236599561,-4.473284721374512,2.541367409291877,-83.71795511465095,-3.8326451778411865,-1.8292541571871033,3.674288798445286,0.430174573283607,-0.0051829000003635,-0.0005808281689639,215.314599156336
0,210.776287156318,1.85945868492126,-82.0183029174805,0,8.87998157405446,-0.0064299170725866,0,0.3208924134654733,-78.66474428391551,-4.461644172668457,2.6198216618676087,-83.6756392787988,-3.8266735076904297,-1.8234351294352367,3.6896533279455435,0.430136426310951,-0.0051093474030494,-0.0005753780028713,215.403622216332
0,210.86487846737,1.94000136852264,-81.9814071655273,0,8.83610195356414,-0.0030664717891855,0,0.3951965068257469,-78.61391156801918,-4.451152324676514,2.6978955272675895,-83.63352861221104,-3.820894718170166,-1.8176657642295178,3.704922220500581,0.430098279338295,-0.0025531505234539,-0.0002889453271505,215.492213527384
0,210.953033419731,2.02012348175049,-81.9446411132813,0,8.79163021675206,0.0030474845826454,0,0.4690351662373661,-78.56339726354018,-4.44080924987793,2.7756367507968296,-83.59159736252342,-3.8128416538238525,-1.8119782522488295,3.720038297374575,0.430092557292396,0.0020967188756912,0.0002384903252334,215.580368479746
0,211.040730622604,2.09980845451355,-81.9080200195313,0,8.74652878010223,0.0114348949686089,0,0.5422997351778236,-78.51327570419713,-4.430550575256348,2.8530715291659985,-83.54983140002757,-3.804089307785034,-1.8063637144168696,3.7349862619962257,0.430147870402748,0.0084881708025932,0.0009704608264619,215.668065682618
0,211.127976534583,2.17903876304626,-81.8714904785156,0,8.70075384104447,0.0216868562118589,0,0.6149752912253654,-78.46355708697938,-4.420375823974609,2.930213654813779,-83.50822328550188,-3.795372247695923,-1.8008770084287147,3.7497072612448004,0.430269940715248,0.0163121726363897,0.0018747940998478,215.755311594597
0,211.214769824267,2.25779867172241,-81.8350219726563,0,8.65427129903926,0.0334583622250129,0,0.6870040225594402,-78.41428097384532,-4.409943580627441,3.007088003356084,-83.46675960179631,-3.7886619567871094,-1.7955506656319902,3.764155258591945,0.430475934367592,0.0253027267754078,0.0029237051631238,215.842104884282
0,211.301092807127,2.33607196807861,-81.7986221313477,0,8.60705996941678,0.0464604041264634,0,0.7583318180553429,-78.36548438316046,-4.398759841918945,3.08369574799217,-83.42543971612287,-3.7704808712005615,-1.7903845314417652,3.7783195707911688,0.430777295451576,0.0352332405745983,0.0040934683157756,215.928427867141
0,211.38692608585,2.41384410858154,-81.7623062133789,0,8.55909553009832,0.06045132212477,0,0.8289088190324869,-78.317201424119,-4.386958122253418,3.160033452598293,-83.38426548182213,-3.74084210395813,-1.7853712234751118,3.792198159516383,0.431183560710365,0.0459116213023663,0.0053639401582057,216.014261145864
0,211.472292376573,2.49110054969788,-81.7259902954102,0,8.51036868767508,0.0752287621657006,0,0.8987378450070552,-78.26943016784067,-4.375277996063232,3.2361251979888364,-83.34322391043577,-3.7113025188446045,-1.7805915567950257,3.8057097759542535,0.431698544841224,0.0571752898395062,0.0067180469192358,216.099627436587
0,211.557179312986,2.56782698631287,-81.6896743774414,0,8.46086799582129,0.0906226163073982,0,0.9677926144119642,-78.22218859400452,-4.36381196975708,3.3119566421884947,-83.3023016110158,-3.684072256088257,-1.7760336537406602,3.8188437582076116,0.43232606254142,0.0688865259289742,0.0081413130347217,216.184514373
0,211.641576094086,2.64401078224182,-81.6533584594727,0,8.4105893443706,0.1064893085244,0,1.0360359442866924,-78.1755021401233,-4.352556228637695,3.387450613482038,-83.26132946380939,-3.647068977355957,-1.7715172969694728,3.8315881377746446,0.433073743205482,0.0809285417199135,0.0096214489117103,216.2689111541
0,211.725470900134,2.71963810920715,-81.6170425415039,0,8.35952159397925,0.122706907508335,0,1.1034480863338105,-78.12938431635217,-4.341131687164307,3.4626839541008465,-83.22049876628684,-3.6143810749053955,-1.7672546484332465,3.8439341937010143,0.433943494182045,0.0932020246982574,0.0111480046342125,216.352805960148
0,211.808853262483,2.79469656944275,-81.5807266235352,0,8.30766463185884,0.139171385352496,0,1.1700167202632878,-78.08384355121675,-4.329858303070068,3.537645970818149,-83.17981532188452,-3.588414192199707,-1.7632522446299579,3.855875495110954,0.434935315471107,0.105622321367264,0.0127120566970906,216.436188322497
0,211.891711916407,2.86917281150818,-81.5444107055664,0,8.25501309738938,0.155793386504493,0,1.2357105598231435,-78.03890124818842,-4.318543434143066,3.612334263075781,-83.13928043343527,-3.5955259799957275,-1.7595165222209712,3.86740164496092,0.436054929118568,0.118117026984692,0.0143059733628451,216.519046976421
0,211.974037805145,2.9430558681488,-81.5080947875977,0,8.20156586153185,0.172495767942002,0,1.3005435170697575,-77.99454788978646,-4.306453704833984,3.6867278132952492,-83.09890550761573,-3.6414647102355957,-1.7560543012453165,3.878512424443962,0.437294705729896,0.130623936653137,0.0159231856293523,216.601372865159
0,212.055820438214,3.01633310317993,-81.4717788696289,0,8.14732693253628,0.18921142262946,0,1.3644853629241114,-77.95080415625176,-4.294528484344482,3.760825175354405,-83.05869132926645,-3.6872167587280273,-1.7528718150747729,3.8891983607460174,0.43866036735099,0.143089473247528,0.0175580166276691,216.683155498228
0,212.137050463703,3.08899307250977,-81.4354629516602,0,8.09229110627784,0.205881480057024,0,1.4275193101792183,-77.90768153200587,-4.28321647644043,3.834620121819177,-83.01864127814531,-3.721916437149048,-1.7499752312858745,3.899453398589496,0.440153821330482,0.155467078089714,0.019205535881999,216.764385523717
0,212.217719025999,3.16102480888367,-81.3991470336914,0,8.036460138311,0.222454185955435,0,1.489654102319136,-77.86517403547859,-4.272092342376709,3.90809527114975,-82.97876478757523,-3.716712474822998,-1.7473713182879678,3.9092768117465564,0.441769345622474,0.167716264724731,0.0208614296897047,216.845054086013
0,212.297837468991,3.23241662979126,-81.3627853393555,0,7.97983889993174,0.23888360603425,0,1.5509023311257588,-77.82327305241202,-4.261675834655762,3.9812561000670286,-82.93905888522595,-3.713228702545166,-1.7451071152378854,3.9186270001162877,0.443505032878334,0.1798015832901,0.022521892279449,216.925172529005
0,212.377425994869,3.30315828323364,-81.3263168334961,0,7.92242915831614,0.255128418788812,0,1.6112774853099299,-77.78196935494348,-4.25151252746582,4.054118439028979,-82.8995149795789,-3.711249828338623,-1.743242255806842,3.9274495137563776,0.44536088309806,0.191691637039185,0.0241835317503884,217.004761054883
0,212.456429149006,3.37324070930481,-81.2898483276367,0,7.86423192962991,0.271151465850687,0,1.6707402424853035,-77.74128984420427,-4.241506099700928,4.126632875858123,-82.86015988764976,-3.709279775619507,-1.7416883051035632,3.935832205501259,0.447334988933021,0.203358575701714,0.0258433128826363,217.08376420902
0,212.534836917169,3.44265127182007,-81.2533798217774,0,7.80524985789063,0.286918735982666,0,1.7292933703391826,-77.70123262677116,-4.231595516204834,4.19878468049446,-82.82100160374821,-3.702997922897339,-1.7404527523098416,3.9437729388946448,0.449423535685951,0.214777424931526,0.0274984739635299,217.162171977183
0,212.612642962885,3.51138138771057,-81.216911315918,0,7.74548957744958,0.302399115189709,0,1.786930482324901,-77.66180207179227,-4.220646858215332,4.270568430013798,-82.78204307100792,-3.694387197494507,-1.7395408520618258,3.9512697532253704,0.45162652335685,0.225925579667091,0.029146458421353,217.239978022899
0,212.689865011383,3.579421043396,-81.1803894042969,0,7.68495456477531,0.317563399850865,0,1.843676531026424,-77.62298110876908,-4.208056449890137,4.341992567701043,-82.74327970708269,-3.685722589492798,-1.7390058735446443,3.9582777559579188,0.453940137248451,0.23678232729435,0.030784882688277,217.317200071397
0,212.766518558309,3.64676094055176,-81.1437683105469,0,7.62364988808879,0.332384300800911,0,1.8995549127548437,-77.58475373187657,-4.195652961730957,4.413063791740978,-82.70470787672843,-3.677103281021118,-1.7388940131623065,3.9647589680531423,0.45636056266349,0.247328549623489,0.0324114848766252,217.393853618324
0,212.84255643292,3.71339917182922,-81.1071472167969,0,7.56168190208137,0.343722277773552,0,1.9545795791687142,-77.54711038853735,-4.183145523071289,4.483721269839342,-82.66636059489551,-3.6677818298339844,-1.7391211841399603,3.9708070436739713,0.458872540812904,0.255241453647614,0.0337197691171512,217.469891492934
0,212.917988266052,3.77934503555298,-81.0705261230469,0,7.49989757522731,0.35220395360455,0,2.008841009131734,-77.5099891742413,-4.17011833190918,4.5539366687419776,-82.62825323862981,-3.6580822467803955,-1.7396855936716384,3.9764441240112722,0.461451276164466,0.261000990867615,0.0347622969461174,217.545323326066
0,212.992756581278,3.84461212158203,-81.034049987793,0,7.4386362760419,0.358070056386469,0,2.06235397705571,-77.4733799962068,-4.161441326141357,4.623639712759382,-82.59042394800856,-3.649012327194214,-1.7404550818256337,3.981810503114486,0.464079602580482,0.264798253774643,0.035556517461183,217.620091641293
0,213.066943688197,3.90921688079834,-80.9975814819336,0,7.3780219644592,0.361420573800061,0,2.115234001472941,-77.4372038261407,-4.155574798583984,4.692875789449681,-82.55284809026068,-3.640357494354248,-1.7415440011914296,3.98681120987462,0.466742261271888,0.266717284917831,0.036106946879579,217.694278748212
0,213.140524551624,3.97317671775818,-80.9612045288086,0,7.31806852230169,0.362324891714054,0,2.167553185449544,-77.40141133704647,-4.150004863739014,4.761586560291679,-82.51555732691406,-3.630845785140991,-1.7428719691308365,3.99154154538603,0.469412549357826,0.266818284988403,0.0364155997100333,217.767859611638
0,213.21351760253,4.03650760650635,-80.9249114990234,0,7.25873065165964,0.360868598571293,0,2.219353398561918,-77.36597388519834,-4.144488334655762,4.829777564109188,-82.4785486519339,-3.620556592941284,-1.7444384851691064,3.996008803112039,0.472082837443763,0.26517328619957,0.0364865711373358,217.840852662545
0,213.285917064785,4.0992283821106,-80.8887481689453,0,7.19994526371379,0.357168824064108,0,2.2707535786039226,-77.33081010312524,-4.139016151428223,4.897391150628074,-82.44185335332213,-3.6103551387786865,-1.7461957275132916,4.000280413579794,0.474716885905677,0.261877626180649,0.0363274978738846,217.913252124799
0,213.357726199058,4.16135549545288,-80.8527374267578,0,7.14163324500508,0.351372638653781,0,2.3217588690567146,-77.29591647207977,-4.13358736038208,4.964432049142113,-82.40546886439273,-3.6004064083099365,-1.7481152331883671,4.004383979026598,0.477314694743568,0.257049262523651,0.0359495787553983,217.985061259073
0,213.428946228475,4.22290325164795,-80.8169021606445,0,7.08371785389169,0.343650039690879,0,2.3724488256057574,-77.26123856659521,-4.126657485961914,5.030867812568362,-82.36941279485194,-3.5903379917144775,-1.7501702777245678,4.008356917354875,0.479853375773842,0.250822931528091,0.0353667810364266,218.056281288489
0,213.499590041825,4.28389072418213,-80.78125,0,7.0261237337427,0.334184523781112,0,2.4228614631258405,-77.22675038001616,-4.119744777679443,5.096698990791845,-82.33368484626574,-3.5797057151794434,-1.752344495288875,4.012218520840186,0.482325299601967,0.243342593312263,0.0345948658838721,218.12692510184
0,213.569660007095,4.34432935714722,-80.7457962036133,0,6.96878115246627,0.323164255453974,0,2.4730388574408684,-77.19242312751922,-4.108620643615723,5.1619109528067,-82.29829295918509,-3.5691723823547363,-1.754618431916766,4.015991577705501,0.484719022136146,0.234754979610443,0.0336504998975072,218.19699506711
0,213.639145407556,4.40423345565796,-80.7105865478516,0,6.91162868272855,0.310774845597916,0,2.5230259776364092,-77.15822604494906,-4.095818996429443,5.22647255258276,-82.26325403720786,-3.558743715286255,-1.756944354558664,4.01972719446808,0.487019284587318,0.225203916430473,0.0325504474484473,218.266480467571
0,213.708059617537,4.46361398696899,-80.6756134033203,0,6.85460999851629,0.29719370251852,0,2.5728540908169886,-77.12413774192048,-4.083058834075928,5.290386322078081,-82.22856670618778,-3.548583984375,-1.7593227262184594,4.02342545083316,0.489220364909584,0.214826107025146,0.0313109681343591,218.335394677551
0,213.776397866244,4.52248334884644,-80.6409072875977,0,6.79767667122729,0.282586881802454,0,2.6225406112657246,-77.09014630501107,-4.073713302612305,5.353640016998687,-82.19423761135769,-3.5379185676574707,-1.7617197568643748,4.0271188164176674,0.491316541057045,0.203748464584351,0.0299473846294882,218.403732926258
0,213.844160627059,4.58085107803345,-80.6064834594727,0,6.74078702918312,0.267106600614902,0,2.6721258313437044,-77.0562241694963,-4.067559719085693,5.416216347911676,-82.16027613605213,-3.527259349822998,-1.7641164405760188,4.030827842195016,0.493296368937904,0.19208650290966,0.0284738079896383,218.471495687073
0,213.911352239721,4.63872671127319,-80.5723495483398,0,6.68390581277189,0.250890652280686,0,2.72162112247926,-77.02236355597874,-4.061418533325195,5.478115790262349,-82.12668202223708,-3.5167174339294434,-1.7665003439959739,4.0345624774620426,0.495157941203529,0.179944038391113,0.026903042538275,218.538687299735
0,213.977968474136,4.69611883163452,-80.5385284423828,0,6.62700183697735,0.234062425441535,0,2.771043873587803,-76.9885525683905,-4.055282115936279,5.5393256712756775,-82.09346214769089,-3.506291389465332,-1.768846121719119,4.0383464809282925,0.496895535808021,0.167413309216499,0.0252465578856097,218.605303534151
0,214.04400899535,4.75303602218628,-80.5050354003906,0,6.57005082932777,0.216731689171849,0,2.8204016595496055,-76.95478602462056,-4.051614761352539,5.5998422832851755,-82.06061852464124,-3.49591064453125,-1.7711351445583394,4.042195716414483,0.498507245402748,0.154575347900391,0.0235144774838621,218.671344055365
0,214.109471446264,4.80948448181152,-80.4718856811524,0,6.51303156523198,0.198995120383166,0,2.869706690689158,-76.92105557136765,-4.050025463104248,5.659657022775842,-82.02815582239452,-3.4853246212005615,-1.7733499660054441,4.046125597097248,0.499989255290443,0.141501024365425,0.0217156976620378,218.736806506278
0,214.174357014424,4.86545658111572,-80.4390640258789,0,6.45559666377687,0.186286508692045,0,2.9189028240071697,-76.88739961706126,-4.042457103729248,5.718796188410034,-81.99605976812012,-3.4748570919036865,-1.7755067520948715,4.050110072846834,0.501358731608802,0.132229536771774,0.0204744075662121,218.801692074438
0,214.238663463211,4.92093181610107,-80.4065399169922,0,6.39802850946281,0.178000233002678,0,2.9678728680086333,-76.85389833449824,-4.034718990325928,5.777309694268885,-81.96430327240883,-3.464322328567505,-1.77764162352654,4.054096874568877,0.502650006633217,0.126248478889465,0.0197247711548161,218.865998523225
0,214.302394465488,4.97589206695557,-80.3742752075195,0,6.34035301142022,0.173545019732315,0,3.016497775141642,-76.8206331662371,-4.027040958404541,5.835255952220933,-81.93285463392563,-3.4537291526794434,-1.7797966501021487,4.058028800829629,0.503899319987709,0.123077087104321,0.0194044413822962,218.929729525503
0,214.365543391605,5.03032064437866,-80.3422546386719,0,6.28253690397013,0.172355512620507,0,3.0647271845335338,-76.78763856505118,-4.019421100616455,5.892649351256036,-81.90170604346667,-3.443570375442505,-1.7819931208119724,4.061878023799918,0.505120023112709,0.122269071638584,0.0194544159327735,218.992878451619
0,214.428117361085,5.08420324325562,-80.3104400634766,0,6.22454389623401,0.173915881634215,0,3.11247016815121,-76.75497673643348,-4.011874675750732,5.949539988581728,-81.87083031223628,-3.428828001022339,-1.784271675288228,4.065593534701826,0.506340726237709,0.123426124453545,0.0198212074033137,219.0554524211
0,214.490117953368,5.13752794265747,-80.27880859375,0,6.16634897354955,0.17777237788873,0,3.15962479309883,-76.72271741450032,-4.004128456115723,6.005976671028601,-81.84020095175313,-3.414207696914673,-1.786658694166297,4.069138157419989,0.507591946940834,0.126204088330269,0.0204580822668434,219.117453013382
0,214.551535410287,5.19027853012085,-80.2473526000977,0,6.10793229968697,0.183534933427892,0,3.206182674388322,-76.69086633557198,-3.9963207244873047,6.061950768353491,-81.80982264582954,-3.39970326423645,-1.789168839074381,4.0724968894395825,0.508873685222084,0.130311787128448,0.0213252194061917,219.178870470301
0,214.612364993083,5.24244451522827,-80.216064453125,0,6.04928274710251,0.190872843648688,0,3.25209456369323,-76.65945719130902,-3.9886229038238525,6.117479152049027,-81.77968623795586,-3.38531494140625,-1.7918143602599212,4.075653094214193,0.510199292521888,0.135505378246307,0.0223890964161027,219.239700053098
