,ado8 timestamp,ado8_uvs_x,ado8_uvs_y,ado8_uvs_z,ado8_uvs_orientation_x,ado8_uvs_orientation_y,ado8_uvs_orientation_z,ado8_uvs_orientation_w,ado8_uvs_vx,ado8_uvs_vy,ado8_uvs_vz,ado8_uvs_wx,ado8_uvs_wy,ado8_uvs_wz,ado8_uvs time_s,ado9 timestamp,ado9_uvs_x,ado9_uvs_y,ado9_uvs_z,ado9_uvs_orientation_x,ado9_uvs_orientation_y,ado9_uvs_orientation_z,ado9_uvs_orientation_w,ado9_uvs_vx,ado9_uvs_vy,ado9_uvs_vz,ado9_uvs_wx,ado9_uvs_wy,ado9_uvs_wz,ado9_uvs time_s
0,1753378881.83753,-37.175,-83.51,0,0,0,0.856019227979263,0.516943982777426,3.5,0,0,0,0,0,1753378944,1753378881.83756,100,100,0,0,0,0,1,0,0,0,0,0,0,1753378944
1,1753378881.84598,-37.175,-83.51,0,0,0,0.856019227979263,0.516943982777426,3.5,0,0,0,0,0,1753378944,1753378881.83756,100,100,0,0,0,0,1,0,0,0,0,0,0,1753378944
2,1753378881.85419,-37.175,-83.51,0,0,0,0.856019227979263,0.516943982777426,3.5,0,0,0,0,0,1753378944,1753378881.84601,100,100,0,0,0,0,1,0,0,0,0,0,0,1753378944
3,1753378881.86244,-37.175,-83.51,0,0,0,0.856019227979263,0.516943982777426,3.5,0,0,0,0,0,1753378944,1753378881.85422,100,100,0,0,0,0,1,0,0,0,0,0,0,1753378944
4,1753378881.87098,-37.175,-83.51,0,0,0,0.856019227979263,0.516943982777426,3.5,0,0,0,0,0,1753378944,1753378881.86246,100,100,0,0,0,0,1,0,0,0,0,0,0,1753378944
5,1753378881.87909,-37.175,-83.51,0,0,0,0.856019227979263,0.516943982777426,3.5,0,0,0,0,0,1753378944,1753378881.87101,100,100,0,0,0,0,1,0,0,0,0,0,0,1753378944
6,1753378881.8876,-37.175,-83.51,0,0,0,0.856019227979263,0.516943982777426,3.5,0,0,0,0,0,1753378944,1753378881.87912,100,100,0,0,0,0,1,0,0,0,0,0,0,1753378944
7,1753378881.89576,-37.175,-83.51,0,0,0,0.856019227979263,0.516943982777426,3.5,0,0,0,0,0,1753378944,1753378881.88762,100,100,0,0,0,0,1,0,0,0,0,0,0,1753378944
8,1753378881.90428,-37.175,-83.51,0,0,0,0.856019227979263,0.516943982777426,3.5,0,0,0,0,0,1753378944,1753378881.89579,100,100,0,0,0,0,1,0,0,0,0,0,0,1753378944
9,1753378881.9124,-37.175,-83.51,0,0,0,0.856019227979263,0.516943982777426,3.5,0,0,0,0,0,1753378944,1753378881.90431,100,100,0,0,0,0,1,0,0,0,0,0,0,1753378944
10,1753378881.92095,-37.175,-83.51,0,0,0,0.856019227979263,0.516943982777426,3.5,0,0,0,0,0,1753378944,1753378881.91242,100,100,0,0,0,0,1,0,0,0,0,0,0,1753378944
11,1753378881.92942,-37.175,-83.51,0,0,0,0.856019227979263,0.516943982777426,3.5,0,0,0,0,0,1753378944,1753378881.92099,100,100,0,0,0,0,1,0,0,0,0,0,0,1753378944
12,1753378881.93767,-37.175,-83.51,0,0,0,0.856019227979263,0.516943982777426,3.5,0,0,0,0,0,1753378944,1753378881.92945,100,100,0,0,0,0,1,0,0,0,0,0,0,1753378944
13,1753378881.94594,-37.175,-83.51,0,0,0,0.856019227979263,0.516943982777426,3.5,0,0,0,0,0,1753378944,1753378881.9377,100,100,0,0,0,0,1,0,0,0,0,0,0,1753378944
14,1753378881.9542,-37.175,-83.51,0,0,0,0.856019227979263,0.516943982777426,3.5,0,0,0,0,0,1753378944,1753378881.94597,100,100,0,0,0,0,1,0,0,0,0,0,0,1753378944
15,1753378881.96241,-37.175,-83.51,0,0,0,0.856019227979263,0.516943982777426,3.5,0,0,0,0,0,1753378944,1753378881.95422,100,100,0,0,0,0,1,0,0,0,0,0,0,1753378944
16,1753378881.97111,-37.175,-83.51,0,0,0,0.856019227979263,0.516943982777426,3.5,0,0,0,0,0,1753378944,1753378881.96243,100,100,0,0,0,0,1,0,0,0,0,0,0,1753378944
17,1753378881.97926,-37.175,-83.51,0,0,0,0.856019227979263,0.516943982777426,3.5,0,0,0,0,0,1753378944,1753378881.97114,100,100,0,0,0,0,1,0,0,0,0,0,0,1753378944
18,1753378881.9875,-37.175,-83.51,0,0,0,0.856019227979263,0.516943982777426,3.5,0,0,0,0,0,1753378944,1753378881.9793,100,100,0,0,0,0,1,0,0,0,0,0,0,1753378944
19,1753378881.99573,-37.175,-83.51,0,0,0,0.856019227979263,0.516943982777426,3.5,0,0,0,0,0,1753378944,1753378881.98753,100,100,0,0,0,0,1,0,0,0,0,0,0,1753378944
20,1753378882.00423,-37.175,-83.51,0,0,0,0.856019227979263,0.516943982777426,3.5,0,0,0,0,0,1753378944,1753378881.99575,100,100,0,0,0,0,1,0,0,0,0,0,0,1753378944
21,1753378882.0124,-37.175,-83.51,0,0,0,0.856019227979263,0.516943982777426,3.5,0,0,0,0,0,1753378944,1753378882.00426,100,100,0,0,0,0,1,0,0,0,0,0,0,1753378944
22,1753378882.02085,-37.175,-83.51,0,0,0,0.856019227979263,0.516943982777426,3.5,0,0,0,0,0,1753378944,1753378882.01242,100,100,0,0,0,0,1,0,0,0,0,0,0,1753378944
23,1753378882.0291,-37.175,-83.51,0,0,0,0.856019227979263,0.516943982777426,3.5,0,0,0,0,0,1753378944,1753378882.02087,100,100,0,0,0,0,1,0,0,0,0,0,0,1753378944
24,1753378882.03754,-37.175,-83.51,0,0,0,0.856019227979263,0.516943982777426,3.5,0,0,0,0,0,1753378944,1753378882.02912,100,100,0,0,0,0,1,0,0,0,0,0,0,1753378944
25,1753378882.04576,-37.175,-83.51,0,0,0,0.856019227979263,0.516943982777426,3.5,0,0,0,0,0,1753378944,1753378882.03756,100,100,0,0,0,0,1,0,0,0,0,0,0,1753378944
26,1753378882.05409,-37.175,-83.51,0,0,0,0.856019227979263,0.516943982777426,3.5,0,0,0,0,0,1753378944,1753378882.04579,100,100,0,0,0,0,1,0,0,0,0,0,0,1753378944
27,1753378882.06239,-37.175,-83.51,0,0,0,0.856019227979263,0.516943982777426,3.5,0,0,0,0,0,1753378944,1753378882.05411,100,100,0,0,0,0,1,0,0,0,0,0,0,1753378944
28,1753378882.07107,-37.175,-83.51,0,0,0,0.856019227979263,0.516943982777426,3.5,0,0,0,0,0,1753378944,1753378882.06242,100,100,0,0,0,0,1,0,0,0,0,0,0,1753378944
29,1753378882.07936,-37.175,-83.51,0,0,0,0.856019227979263,0.516943982777426,3.5,0,0,0,0,0,1753378944,1753378882.07119,100,100,0,0,0,0,1,0,0,0,0,0,0,1753378944
30,1753378882.08775,-37.175,-83.51,0,0,0,0.856019227979263,0.516943982777426,3.5,0,0,0,0,0,1753378944,1753378882.0794,100,100,0,0,0,0,1,0,0,0,0,0,0,1753378944
31,1753378882.09574,-37.175,-83.51,0,0,0,0.856019227979263,0.516943982777426,3.5,0,0,0,0,0,1753378944,1753378882.08778,100,100,0,0,0,0,1,0,0,0,0,0,0,1753378944
32,1753378882.10429,-37.175,-83.51,0,0,0,0.856019227979263,0.516943982777426,3.5,0,0,0,0,0,1753378944,1753378882.09577,100,100,0,0,0,0,1,0,0,0,0,0,0,1753378944
33,1753378882.11248,-37.175,-83.51,0,0,0,0.856019227979263,0.516943982777426,3.5,0,0,0,0,0,1753378944,1753378882.10432,100,100,0,0,0,0,1,0,0,0,0,0,0,1753378944
34,1753378882.12093,-37.175,-83.51,0,0,0,0.856019227979263,0.516943982777426,3.5,0,0,0,0,0,1753378944,1753378882.11251,100,100,0,0,0,0,1,0,0,0,0,0,0,1753378944
35,1753378882.1291,-37.175,-83.51,0,0,0,0.856019227979263,0.516943982777426,3.5,0,0,0,0,0,1753378944,1753378882.12096,100,100,0,0,0,0,1,0,0,0,0,0,0,1753378944
36,1753378882.13766,-37.175,-83.51,0,0,0,0.856019227979263,0.516943982777426,3.5,0,0,0,0,0,1753378944,1753378882.12913,100,100,0,0,0,0,1,0,0,0,0,0,0,1753378944
37,1753378882.14578,-37.175,-83.51,0,0,0,0.856019227979263,0.516943982777426,3.5,0,0,0,0,0,1753378944,1753378882.13768,100,100,0,0,0,0,1,0,0,0,0,0,0,1753378944
38,1753378882.15436,-37.175,-83.51,0,0,0,0.856019227979263,0.516943982777426,3.5,0,0,0,0,0,1753378944,1753378882.1458,100,100,0,0,0,0,1,0,0,0,0,0,0,1753378944
39,1753378882.1625,-37.175,-83.51,0,0,0,0.856019227979263,0.516943982777426,3.5,0,0,0,0,0,1753378944,1753378882.15439,100,100,0,0,0,0,1,0,0,0,0,0,0,1753378944
40,1753378882.17088,-37.175,-83.51,0,0,0,0.856019227979263,0.516943982777426,3.5,0,0,0,0,0,1753378944,1753378882.16253,100,100,0,0,0,0,1,0,0,0,0,0,0,1753378944
41,1753378882.17911,-37.175,-83.51,0,0,0,0.856019227979263,0.516943982777426,3.5,0,0,0,0,0,1753378944,1753378882.17091,100,100,0,0,0,0,1,0,0,0,0,0,0,1753378944
42,1753378882.18754,-37.175,-83.51,0,0,0,0.856019227979263,0.516943982777426,3.5,0,0,0,0,0,1753378944,1753378882.17914,100,100,0,0,0,0,1,0,0,0,0,0,0,1753378944
43,1753378882.19575,-37.175,-83.51,0,0,0,0.856019227979263,0.516943982777426,3.5,0,0,0,0,0,1753378944,1753378882.18756,100,100,0,0,0,0,1,0,0,0,0,0,0,1753378944
44,1753378882.20415,-37.175,-83.51,0,0,0,0.856019227979263,0.516943982777426,3.5,0,0,0,0,0,1753378944,1753378882.19577,100,100,0,0,0,0,1,0,0,0,0,0,0,1753378944
45,1753378882.21249,-37.175,-83.51,0,0,0,0.856019227979263,0.516943982777426,3.5,0,0,0,0,0,1753378944,1753378882.20417,100,100,0,0,0,0,1,0,0,0,0,0,0,1753378944
46,1753378882.2209,-37.175,-83.51,0,0,0,0.856019227979263,0.516943982777426,3.5,0,0,0,0,0,1753378944,1753378882.21252,100,100,0,0,0,0,1,0,0,0,0,0,0,1753378944
47,1753378882.22921,-37.175,-83.51,0,0,0,0.856019227979263,0.516943982777426,3.5,0,0,0,0,0,1753378944,1753378882.22093,100,100,0,0,0,0,1,0,0,0,0,0,0,1753378944
48,1753378882.23754,-37.175,-83.51,0,0,0,0.856019227979263,0.516943982777426,3.5,0,0,0,0,0,1753378944,1753378882.22923,100,100,0,0,0,0,1,0,0,0,0,0,0,1753378944
49,1753378882.24576,-37.175,-83.51,0,0,0,0.856019227979263,0.516943982777426,3.5,0,0,0,0,0,1753378944,1753378882.23756,100,100,0,0,0,0,1,0,0,0,0,0,0,1753378944
50,1753378882.2544,-37.175,-83.51,0,0,0,0.856019227979263,0.516943982777426,3.5,0,0,0,0,0,1753378944,1753378882.24578,100,100,0,0,0,0,1,0,0,0,0,0,0,1753378944
51,1753378882.26244,-37.175,-83.51,0,0,0,0.856019227979263,0.516943982777426,3.5,0,0,0,0,0,1753378944,1753378882.25443,100,100,0,0,0,0,1,0,0,0,0,0,0,1753378944
52,1753378882.27088,-37.175,-83.51,0,0,0,0.856019227979263,0.516943982777426,3.5,0,0,0,0,0,1753378944,1753378882.26246,100,100,0,0,0,0,1,0,0,0,0,0,0,1753378944
53,1753378882.2794,-37.175,-83.51,0,0,0,0.856019227979263,0.516943982777426,3.5,0,0,0,0,0,1753378944,1753378882.27091,100,100,0,0,0,0,1,0,0,0,0,0,0,1753378944
54,1753378882.28788,-37.175,-83.51,0,0,0,0.856019227979263,0.516943982777426,3.5,0,0,0,0,0,1753378944,1753378882.27946,100,100,0,0,0,0,1,0,0,0,0,0,0,1753378944
55,1753378882.29602,-37.175,-83.51,0,0,0,0.856019227979263,0.516943982777426,3.5,0,0,0,0,0,1753378944,1753378882.28793,100,100,0,0,0,0,1,0,0,0,0,0,0,1753378944
56,1753378882.30417,-37.175,-83.51,0,0,0,0.856019227979263,0.516943982777426,3.5,0,0,0,0,0,1753378944,1753378882.29607,100,100,0,0,0,0,1,0,0,0,0,0,0,1753378944
57,1753378882.31237,-37.175,-83.51,0,0,0,0.856019227979263,0.516943982777426,3.5,0,0,0,0,0,1753378944,1753378882.30419,100,100,0,0,0,0,1,0,0,0,0,0,0,1753378944
58,1753378882.32092,-37.175,-83.51,0,0,0,0.856019227979263,0.516943982777426,3.5,0,0,0,0,0,1753378944,1753378882.3124,100,100,0,0,0,0,1,0,0,0,0,0,0,1753378944
59,1753378882.32953,-37.175,-83.51,0,0,0,0.856019227979263,0.516943982777426,3.5,0,0,0,0,0,1753378944,1753378882.32096,100,100,0,0,0,0,1,0,0,0,0,0,0,1753378944
60,1753378882.33936,-37.175,-83.51,0,0,0,0.856019227979263,0.516943982777426,3.5,0,0,0,0,0,1753378944,1753378882.32957,100,100,0,0,0,0,1,0,0,0,0,0,0,1753378944
61,1753378882.346,-37.175,-83.51,0,0,0,0.856019227979263,0.516943982777426,3.5,0,0,0,0,0,1753378944,1753378882.3395,100,100,0,0,0,0,1,0,0,0,0,0,0,1753378944
62,1753378882.35439,-37.175,-83.51,0,0,0,0.856019227979263,0.516943982777426,3.5,0,0,0,0,0,1753378944,1753378882.34605,100,100,0,0,0,0,1,0,0,0,0,0,0,1753378944
63,1753378882.36281,-37.175,-83.51,0,0,0,0.856019227979263,0.516943982777426,3.5,0,0,0,0,0,1753378944,1753378882.35443,100,100,0,0,0,0,1,0,0,0,0,0,0,1753378944
64,1753378882.37119,-37.175,-83.51,0,0,0,0.856019227979263,0.516943982777426,3.5,0,0,0,0,0,1753378944,1753378882.36286,100,100,0,0,0,0,1,0,0,0,0,0,0,1753378944
65,1753378882.37952,-37.175,-83.51,0,0,0,0.856019227979263,0.516943982777426,3.5,0,0,0,0,0,1753378944,1753378882.37122,100,100,0,0,0,0,1,0,0,0,0,0,0,1753378944
66,1753378882.38761,-37.175,-83.51,0,0,0,0.856019227979263,0.516943982777426,3.5,0,0,0,0,0,1753378944,1753378882.37956,100,100,0,0,0,0,1,0,0,0,0,0,0,1753378944
67,1753378882.39608,-37.175,-83.51,0,0,0,0.856019227979263,0.516943982777426,3.5,0,0,0,0,0,1753378944,1753378882.38764,100,100,0,0,0,0,1,0,0,0,0,0,0,1753378944
68,1753378882.40488,-37.175,-83.51,0,0,0,0.856019227979263,0.516943982777426,3.5,0,0,0,0,0,1753378944,1753378882.39611,100,100,0,0,0,0,1,0,0,0,0,0,0,1753378944
69,1753378882.41283,-37.175,-83.51,0,0,0,0.856019227979263,0.516943982777426,3.5,0,0,0,0,0,1753378944,1753378882.40492,100,100,0,0,0,0,1,0,0,0,0,0,0,1753378944
70,1753378882.4211,-37.175,-83.51,0,0,0,0.856019227979263,0.516943982777426,3.5,0,0,0,0,0,1753378944,1753378882.41286,100,100,0,0,0,0,1,0,0,0,0,0,0,1753378944
71,1753378882.4294,-37.175,-83.51,0,0,0,0.856019227979263,0.516943982777426,3.5,0,0,0,0,0,1753378944,1753378882.42114,100,100,0,0,0,0,1,0,0,0,0,0,0,1753378944
72,1753378882.43758,-37.175,-83.51,0,0,0,0.856019227979263,0.516943982777426,3.5,0,0,0,0,0,1753378944,1753378882.42943,100,100,0,0,0,0,1,0,0,0,0,0,0,1753378944
73,1753378882.44588,-37.175,-83.51,0,0,0,0.856019227979263,0.516943982777426,3.5,0,0,0,0,0,1753378944,1753378882.4376,100,100,0,0,0,0,1,0,0,0,0,0,0,1753378944
74,1753378882.45425,-37.175,-83.51,0,0,0,0.856019227979263,0.516943982777426,3.5,0,0,0,0,0,1753378944,1753378882.4459,100,100,0,0,0,0,1,0,0,0,0,0,0,1753378944
75,1753378882.46259,-37.175,-83.51,0,0,0,0.856019227979263,0.516943982777426,3.5,0,0,0,0,0,1753378944,1753378882.4543,100,100,0,0,0,0,1,0,0,0,0,0,0,1753378944
76,1753378882.47094,-37.175,-83.51,0,0,0,0.856019227979263,0.516943982777426,3.5,0,0,0,0,0,1753378944,1753378882.46263,100,100,0,0,0,0,1,0,0,0,0,0,0,1753378944
77,1753378882.47958,-37.175,-83.51,0,0,0,0.856019227979263,0.516943982777426,3.5,0,0,0,0,0,1753378944,1753378882.47097,100,100,0,0,0,0,1,0,0,0,0,0,0,1753378944
78,1753378882.4879,-37.175,-83.51,0,0,0,0.856019227979263,0.516943982777426,3.5,0,0,0,0,0,1753378944,1753378882.47963,100,100,0,0,0,0,1,0,0,0,0,0,0,1753378944
79,1753378882.49598,-37.175,-83.51,0,0,0,0.856019227979263,0.516943982777426,3.5,0,0,0,0,0,1753378944,1753378882.48795,100,100,0,0,0,0,1,0,0,0,0,0,0,1753378944
80,1753378882.50459,-37.175,-83.51,0,0,0,0.856019227979263,0.516943982777426,3.5,0,0,0,0,0,1753378944,1753378882.496,100,100,0,0,0,0,1,0,0,0,0,0,0,1753378944
81,1753378882.51276,-37.175,-83.51,0,0,0,0.856019227979263,0.516943982777426,3.5,0,0,0,0,0,1753378944,1753378882.50464,100,100,0,0,0,0,1,0,0,0,0,0,0,1753378944
82,1753378882.5209,-37.175,-83.51,0,0,0,0.856019227979263,0.516943982777426,3.5,0,0,0,0,0,1753378944,1753378882.5128,100,100,0,0,0,0,1,0,0,0,0,0,0,1753378944
83,1753378882.5292,-37.175,-83.51,0,0,0,0.856019227979263,0.516943982777426,3.5,0,0,0,0,0,1753378944,1753378882.52093,100,100,0,0,0,0,1,0,0,0,0,0,0,1753378944
84,1753378882.53801,-37.175,-83.51,0,0,0,0.856019227979263,0.516943982777426,3.5,0,0,0,0,0,1753378944,1753378882.52922,100,100,0,0,0,0,1,0,0,0,0,0,0,1753378944
85,1753378882.54606,-37.175,-83.51,0,0,0,0.856019227979263,0.516943982777426,3.5,0,0,0,0,0,1753378944,1753378882.53805,100,100,0,0,0,0,1,0,0,0,0,0,0,1753378944
86,1753378882.55444,-37.175,-83.51,0,0,0,0.856019227979263,0.516943982777426,3.5,0,0,0,0,0,1753378944,1753378882.5461,100,100,0,0,0,0,1,0,0,0,0,0,0,1753378944
87,1753378882.56281,-37.175,-83.51,0,0,0,0.856019227979263,0.516943982777426,3.5,0,0,0,0,0,1753378944,1753378882.55448,100,100,0,0,0,0,1,0,0,0,0,0,0,1753378944
88,1753378882.57114,-37.175,-83.51,0,0,0,0.856019227979263,0.516943982777426,3.5,0,0,0,0,0,1753378944,1753378882.56285,100,100,0,0,0,0,1,0,0,0,0,0,0,1753378944
89,1753378882.57926,-37.175,-83.51,0,0,0,0.856019227979263,0.516943982777426,3.5,0,0,0,0,0,1753378944,1753378882.57122,100,100,0,0,0,0,1,0,0,0,0,0,0,1753378944
90,1753378882.5876,-37.175,-83.51,0,0,0,0.856019227979263,0.516943982777426,3.5,0,0,0,0,0,1753378944,1753378882.57929,100,100,0,0,0,0,1,0,0,0,0,0,0,1753378944
91,1753378882.59605,-37.175,-83.51,0,0,0,0.856019227979263,0.516943982777426,3.5,0,0,0,0,0,1753378944,1753378882.58762,100,100,0,0,0,0,1,0,0,0,0,0,0,1753378944
92,1753378882.60458,-37.175,-83.51,0,0,0,0.856019227979263,0.516943982777426,3.5,0,0,0,0,0,1753378944,1753378882.59609,100,100,0,0,0,0,1,0,0,0,0,0,0,1753378944
93,1753378882.61299,-37.175,-83.51,0,0,0,0.856019227979263,0.516943982777426,3.5,0,0,0,0,0,1753378944,1753378882.60476,100,100,0,0,0,0,1,0,0,0,0,0,0,1753378944
94,1753378882.62122,-37.175,-83.51,0,0,0,0.856019227979263,0.516943982777426,3.5,0,0,0,0,0,1753378944,1753378882.61303,100,100,0,0,0,0,1,0,0,0,0,0,0,1753378944
95,1753378882.62911,-37.175,-83.51,0,0,0,0.856019227979263,0.516943982777426,3.5,0,0,0,0,0,1753378944,1753378882.62127,100,100,0,0,0,0,1,0,0,0,0,0,0,1753378944
96,1753378882.63768,-37.175,-83.51,0,0,0,0.856019227979263,0.516943982777426,3.5,0,0,0,0,0,1753378944,1753378882.62914,100,100,0,0,0,0,1,0,0,0,0,0,0,1753378944
97,1753378882.64635,-37.175,-83.51,0,0,0,0.856019227979263,0.516943982777426,3.5,0,0,0,0,0,1753378944,1753378882.6377,100,100,0,0,0,0,1,0,0,0,0,0,0,1753378944
98,1753378882.65447,-37.175,-83.51,0,0,0,0.856019227979263,0.516943982777426,3.5,0,0,0,0,0,1753378944,1753378882.64642,100,100,0,0,0,0,1,0,0,0,0,0,0,1753378944
99,1753378882.66275,-37.175,-83.51,0,0,0,0.856019227979263,0.516943982777426,3.5,0,0,0,0,0,1753378944,1753378882.65452,100,100,0,0,0,0,1,0,0,0,0,0,0,1753378944
100,1753378882.67114,-37.175,-83.51,0,0,0,0.856019227979263,0.516943982777426,3.5,0,0,0,0,0,1753378944,1753378882.66279,100,100,0,0,0,0,1,0,0,0,0,0,0,1753378944
101,1753378882.67938,-37.175,-83.51,0,0,0,0.856019227979263,0.516943982777426,3.5,0,0,0,0,0,1753378944,1753378882.67118,100,100,0,0,0,0,1,0,0,0,0,0,0,1753378944
102,1753378882.68793,-37.175,-83.51,0,0,0,0.856019227979263,0.516943982777426,3.5,0,0,0,0,0,1753378944,1753378882.67942,100,100,0,0,0,0,1,0,0,0,0,0,0,1753378944
103,1753378882.69619,-37.175,-83.51,0,0,0,0.856019227979263,0.516943982777426,3.5,0,0,0,0,0,1753378944,1753378882.68795,100,100,0,0,0,0,1,0,0,0,0,0,0,1753378944
104,1753378882.70418,-37.175,-83.51,0,0,0,0.856019227979263,0.516943982777426,3.5,0,0,0,0,0,1753378944,1753378882.69624,100,100,0,0,0,0,1,0,0,0,0,0,0,1753378944
105,1753378882.71285,-37.175,-83.51,0,0,0,0.856019227979263,0.516943982777426,3.5,0,0,0,0,0,1753378944,1753378882.7042,100,100,0,0,0,0,1,0,0,0,0,0,0,1753378944
106,1753378882.72095,-37.175,-83.51,0,0,0,0.856019227979263,0.516943982777426,3.5,0,0,0,0,0,1753378944,1753378882.71289,100,100,0,0,0,0,1,0,0,0,0,0,0,1753378944
107,1753378882.72908,-37.175,-83.51,0,0,0,0.856019227979263,0.516943982777426,3.5,0,0,0,0,0,1753378944,1753378882.72098,100,100,0,0,0,0,1,0,0,0,0,0,0,1753378944
108,1753378882.73785,-37.175,-83.51,0,0,0,0.856019227979263,0.516943982777426,3.5,0,0,0,0,0,1753378944,1753378882.7291,100,100,0,0,0,0,1,0,0,0,0,0,0,1753378944
109,1753378882.74578,-37.175,-83.51,0,0,0,0.856019227979263,0.516943982777426,3.5,0,0,0,0,0,1753378944,1753378882.7379,100,100,0,0,0,0,1,0,0,0,0,0,0,1753378944
110,1753378882.75433,-37.175,-83.51,0,0,0,0.856019227979263,0.516943982777426,3.5,0,0,0,0,0,1753378944,1753378882.74581,100,100,0,0,0,0,1,0,0,0,0,0,0,1753378944
111,1753378882.76261,-37.175,-83.51,0,0,0,0.856019227979263,0.516943982777426,3.5,0,0,0,0,0,1753378944,1753378882.75438,100,100,0,0,0,0,1,0,0,0,0,0,0,1753378944
112,1753378882.77123,-37.175,-83.51,0,0,0,0.856019227979263,0.516943982777426,3.5,0,0,0,0,0,1753378944,1753378882.76265,100,100,0,0,0,0,1,0,0,0,0,0,0,1753378944
113,1753378882.77927,-37.175,-83.51,0,0,0,0.856019227979263,0.516943982777426,3.5,0,0,0,0,0,1753378944,1753378882.77128,100,100,0,0,0,0,1,0,0,0,0,0,0,1753378944
114,1753378882.78786,-37.175,-83.51,0,0,0,0.856019227979263,0.516943982777426,3.5,0,0,0,0,0,1753378944,1753378882.77933,100,100,0,0,0,0,1,0,0,0,0,0,0,1753378944
115,1753378882.7961,-37.175,-83.51,0,0,0,0.856019227979263,0.516943982777426,3.5,0,0,0,0,0,1753378944,1753378882.7879,100,100,0,0,0,0,1,0,0,0,0,0,0,1753378944
116,1753378882.80468,-37.175,-83.51,0,0,0,0.856019227979263,0.516943982777426,3.5,0,0,0,0,0,1753378944,1753378882.79613,100,100,0,0,0,0,1,0,0,0,0,0,0,1753378944
117,1753378882.8126,-37.175,-83.51,0,0,0,0.856019227979263,0.516943982777426,3.5,0,0,0,0,0,1753378944,1753378882.80473,100,100,0,0,0,0,1,0,0,0,0,0,0,1753378944
118,1753378882.82088,-37.175,-83.51,0,0,0,0.856019227979263,0.516943982777426,3.5,0,0,0,0,0,1753378944,1753378882.81262,100,100,0,0,0,0,1,0,0,0,0,0,0,1753378944
119,1753378882.82934,-37.175,-83.51,0,0,0,0.856019227979263,0.516943982777426,3.5,0,0,0,0,0,1753378944,1753378882.8209,100,100,0,0,0,0,1,0,0,0,0,0,0,1753378944
120,1753378882.83772,-37.175,-83.51,0,0,0,0.856019227979263,0.516943982777426,3.5,0,0,0,0,0,1753378944,1753378882.82937,100,100,0,0,0,0,1,0,0,0,0,0,0,1753378944
121,1753378882.84584,-37.175,-83.51,0,0,0,0.856019227979263,0.516943982777426,3.5,0,0,0,0,0,1753378944,1753378882.83775,100,100,0,0,0,0,1,0,0,0,0,0,0,1753378944
122,1753378882.85412,-37.175,-83.51,0,0,0,0.856019227979263,0.516943982777426,3.5,0,0,0,0,0,1753378944,1753378882.84586,100,100,0,0,0,0,1,0,0,0,0,0,0,1753378944
123,1753378882.86247,-37.175,-83.51,0,0,0,0.856019227979263,0.516943982777426,3.5,0,0,0,0,0,1753378944,1753378882.85415,100,100,0,0,0,0,1,0,0,0,0,0,0,1753378944
124,1753378882.87319,-37.175,-83.51,0,0,0,0.856019227979263,0.516943982777426,3.5,0,0,0,0,0,1753378944,1753378882.86249,100,100,0,0,0,0,1,0,0,0,0,0,0,1753378944
125,1753378882.8808,-37.175,-83.51,0,0,0,0.856019227979263,0.516943982777426,3.5,0,0,0,0,0,1753378944,1753378882.87336,100,100,0,0,0,0,1,0,0,0,0,0,0,1753378944
126,1753378882.88882,-37.175,-83.51,0,0,0,0.856019227979263,0.516943982777426,3.5,0,0,0,0,0,1753378944,1753378882.88093,100,100,0,0,0,0,1,0,0,0,0,0,0,1753378944
127,1753378882.89727,-37.175,-83.51,0,0,0,0.856019227979263,0.516943982777426,3.5,0,0,0,0,0,1753378944,1753378882.88891,100,100,0,0,0,0,1,0,0,0,0,0,0,1753378944
128,1753378882.90615,-37.175,-83.51,0,0,0,0.856019227979263,0.516943982777426,3.5,0,0,0,0,0,1753378944,1753378882.89737,100,100,0,0,0,0,1,0,0,0,0,0,0,1753378944
129,1753378882.91473,-37.175,-83.51,0,0,0,0.856019227979263,0.516943982777426,3.5,0,0,0,0,0,1753378944,1753378882.90623,100,100,0,0,0,0,1,0,0,0,0,0,0,1753378944
130,1753378882.92183,-37.175,-83.51,0,0,0,0.856019227979263,0.516943982777426,3.5,0,0,0,0,0,1753378944,1753378882.91481,100,100,0,0,0,0,1,0,0,0,0,0,0,1753378944
131,1753378882.92997,-37.175,-83.51,0,0,0,0.856019227979263,0.516943982777426,3.5,0,0,0,0,0,1753378944,1753378882.9219,100,100,0,0,0,0,1,0,0,0,0,0,0,1753378944
132,1753378882.93758,-37.175,-83.51,0,0,0,0.856019227979263,0.516943982777426,3.5,0,0,0,0,0,1753378944,1753378882.93003,100,100,0,0,0,0,1,0,0,0,0,0,0,1753378944
133,1753378882.94577,-37.175,-83.51,0,0,0,0.856019227979263,0.516943982777426,3.5,0,0,0,0,0,1753378944,1753378882.9376,100,100,0,0,0,0,1,0,0,0,0,0,0,1753378944
134,1753378882.95415,-37.175,-83.51,0,0,0,0.856019227979263,0.516943982777426,3.5,0,0,0,0,0,1753378944,1753378882.94579,100,100,0,0,0,0,1,0,0,0,0,0,0,1753378944
135,1753378882.96238,-37.175,-83.51,0,0,0,0.856019227979263,0.516943982777426,3.5,0,0,0,0,0,1753378944,1753378882.95418,100,100,0,0,0,0,1,0,0,0,0,0,0,1753378944
136,1753378882.97084,-37.175,-83.51,0,0,0,0.856019227979263,0.516943982777426,3.5,0,0,0,0,0,1753378944,1753378882.9624,100,100,0,0,0,0,1,0,0,0,0,0,0,1753378944
137,1753378882.97921,-37.175,-83.51,0,0,0,0.856019227979263,0.516943982777426,3.5,0,0,0,0,0,1753378944,1753378882.97087,100,100,0,0,0,0,1,0,0,0,0,0,0,1753378944
138,1753378882.98753,-37.175,-83.51,0,0,0,0.856019227979263,0.516943982777426,3.5,0,0,0,0,0,1753378944,1753378882.97923,100,100,0,0,0,0,1,0,0,0,0,0,0,1753378944
139,1753378882.99575,-37.175,-83.51,0,0,0,0.856019227979263,0.516943982777426,3.5,0,0,0,0,0,1753378944,1753378882.98755,100,100,0,0,0,0,1,0,0,0,0,0,0,1753378944
140,1753378883.00441,-37.175,-83.51,0,0,0,0.856019227979263,0.516943982777426,3.5,0,0,0,0,0,1753378944,1753378882.99578,100,100,0,0,0,0,1,0,0,0,0,0,0,1753378944
141,1753378883.01238,-37.175,-83.51,0,0,0,0.856019227979263,0.516943982777426,3.5,0,0,0,0,0,1753378944,1753378883.00443,100,100,0,0,0,0,1,0,0,0,0,0,0,1753378944
142,1753378883.02084,-37.175,-83.51,0,0,0,0.856019227979263,0.516943982777426,3.5,0,0,0,0,0,1753378944,1753378883.0124,100,100,0,0,0,0,1,0,0,0,0,0,0,1753378944
143,1753378883.02914,-37.175,-83.51,0,0,0,0.856019227979263,0.516943982777426,3.5,0,0,0,0,0,1753378944,1753378883.02087,100,100,0,0,0,0,1,0,0,0,0,0,0,1753378944
144,1753378883.03747,-37.175,-83.51,0,0,0,0.856019227979263,0.516943982777426,3.5,0,0,0,0,0,1753378944,1753378883.02916,100,100,0,0,0,0,1,0,0,0,0,0,0,1753378944
145,1753378883.04581,-37.175,-83.51,0,0,0,0.856019227979263,0.516943982777426,3.5,0,0,0,0,0,1753378944,1753378883.03749,100,100,0,0,0,0,1,0,0,0,0,0,0,1753378944
146,1753378883.05443,-37.175,-83.51,0,0,0,0.856019227979263,0.516943982777426,3.5,0,0,0,0,0,1753378944,1753378883.04584,100,100,0,0,0,0,1,0,0,0,0,0,0,1753378944
147,1753378883.0627,-37.175,-83.51,0,0,0,0.856019227979263,0.516943982777426,3.5,0,0,0,0,0,1753378944,1753378883.05448,100,100,0,0,0,0,1,0,0,0,0,0,0,1753378944
148,1753378883.07105,-37.175,-83.51,0,0,0,0.856019227979263,0.516943982777426,3.5,0,0,0,0,0,1753378944,1753378883.06273,100,100,0,0,0,0,1,0,0,0,0,0,0,1753378944
149,1753378883.07945,-37.175,-83.51,0,0,0,0.856019227979263,0.516943982777426,3.5,0,0,0,0,0,1753378944,1753378883.07108,100,100,0,0,0,0,1,0,0,0,0,0,0,1753378944
150,1753378883.0877,-37.175,-83.51,0,0,0,0.856019227979263,0.516943982777426,3.5,0,0,0,0,0,1753378944,1753378883.0795,100,100,0,0,0,0,1,0,0,0,0,0,0,1753378944
151,1753378883.09577,-37.175,-83.51,0,0,0,0.856019227979263,0.516943982777426,3.5,0,0,0,0,0,1753378944,1753378883.08772,100,100,0,0,0,0,1,0,0,0,0,0,0,1753378944
152,1753378883.1044,-37.175,-83.51,0,0,0,0.856019227979263,0.516943982777426,3.5,0,0,0,0,0,1753378944,1753378883.0958,100,100,0,0,0,0,1,0,0,0,0,0,0,1753378944
153,1753378883.11267,-37.175,-83.51,0,0,0,0.856019227979263,0.516943982777426,3.5,0,0,0,0,0,1753378944,1753378883.10444,100,100,0,0,0,0,1,0,0,0,0,0,0,1753378944
154,1753378883.12095,-37.175,-83.51,0,0,0,0.856019227979263,0.516943982777426,3.5,0,0,0,0,0,1753378944,1753378883.11269,100,100,0,0,0,0,1,0,0,0,0,0,0,1753378944
155,1753378883.12914,-37.175,-83.51,0,0,0,0.856019227979263,0.516943982777426,3.5,0,0,0,0,0,1753378944,1753378883.12099,100,100,0,0,0,0,1,0,0,0,0,0,0,1753378944
156,1753378883.13767,-37.175,-83.51,0,0,0,0.856019227979263,0.516943982777426,3.5,0,0,0,0,0,1753378944,1753378883.12916,100,100,0,0,0,0,1,0,0,0,0,0,0,1753378944
157,1753378883.14577,-37.175,-83.51,0,0,0,0.856019227979263,0.516943982777426,3.5,0,0,0,0,0,1753378944,1753378883.13769,100,100,0,0,0,0,1,0,0,0,0,0,0,1753378944
158,1753378883.15417,-37.175,-83.51,0,0,0,0.856019227979263,0.516943982777426,3.5,0,0,0,0,0,1753378944,1753378883.1458,100,100,0,0,0,0,1,0,0,0,0,0,0,1753378944
159,1753378883.16255,-37.175,-83.51,0,0,0,0.856019227979263,0.516943982777426,3.5,0,0,0,0,0,1753378944,1753378883.15424,100,100,0,0,0,0,1,0,0,0,0,0,0,1753378944
160,1753378883.17088,-37.175,-83.51,0,0,0,0.856019227979263,0.516943982777426,3.5,0,0,0,0,0,1753378944,1753378883.16257,100,100,0,0,0,0,1,0,0,0,0,0,0,1753378944
161,1753378883.17914,-37.175,-83.51,0,0,0,0.856019227979263,0.516943982777426,3.5,0,0,0,0,0,1753378944,1753378883.1709,100,100,0,0,0,0,1,0,0,0,0,0,0,1753378944
162,1753378883.18796,-37.175,-83.51,0,0,0,0.856019227979263,0.516943982777426,3.5,0,0,0,0,0,1753378944,1753378883.17916,100,100,0,0,0,0,1,0,0,0,0,0,0,1753378944
163,1753378883.19598,-37.175,-83.51,0,0,0,0.856019227979263,0.516943982777426,3.5,0,0,0,0,0,1753378944,1753378883.18801,100,100,0,0,0,0,1,0,0,0,0,0,0,1753378944
164,1753378883.20427,-37.175,-83.51,0,0,0,0.856019227979263,0.516943982777426,3.5,0,0,0,0,0,1753378944,1753378883.19602,100,100,0,0,0,0,1,0,0,0,0,0,0,1753378944
165,1753378883.21237,-37.175,-83.51,0,0,0,0.856019227979263,0.516943982777426,3.5,0,0,0,0,0,1753378944,1753378883.2043,100,100,0,0,0,0,1,0,0,0,0,0,0,1753378944
166,1753378883.22089,-37.175,-83.51,0,0,0,0.856019227979263,0.516943982777426,3.5,0,0,0,0,0,1753378944,1753378883.21239,100,100,0,0,0,0,1,0,0,0,0,0,0,1753378944
167,1753378883.22917,-37.175,-83.51,0,0,0,0.856019227979263,0.516943982777426,3.5,0,0,0,0,0,1753378944,1753378883.22091,100,100,0,0,0,0,1,0,0,0,0,0,0,1753378944
168,1753378883.23749,-37.175,-83.51,0,0,0,0.856019227979263,0.516943982777426,3.5,0,0,0,0,0,1753378944,1753378883.22919,100,100,0,0,0,0,1,0,0,0,0,0,0,1753378944
169,1753378883.24595,-37.175,-83.51,0,0,0,0.856019227979263,0.516943982777426,3.5,0,0,0,0,0,1753378944,1753378883.23752,100,100,0,0,0,0,1,0,0,0,0,0,0,1753378944
170,1753378883.25423,-37.175,-83.51,0,0,0,0.856019227979263,0.516943982777426,3.5,0,0,0,0,0,1753378944,1753378883.24599,100,100,0,0,0,0,1,0,0,0,0,0,0,1753378944
171,1753378883.26231,-37.175,-83.51,0,0,0,0.856019227979263,0.516943982777426,3.5,0,0,0,0,0,1753378944,1753378883.25426,100,100,0,0,0,0,1,0,0,0,0,0,0,1753378944
172,1753378883.27085,-37.175,-83.51,0,0,0,0.856019227979263,0.516943982777426,3.5,0,0,0,0,0,1753378944,1753378883.26233,100,100,0,0,0,0,1,0,0,0,0,0,0,1753378944
173,1753378883.27922,-37.175,-83.51,0,0,0,0.856019227979263,0.516943982777426,3.5,0,0,0,0,0,1753378944,1753378883.27087,100,100,0,0,0,0,1,0,0,0,0,0,0,1753378944
174,1753378883.2876,-37.175,-83.51,0,0,0,0.856019227979263,0.516943982777426,3.5,0,0,0,0,0,1753378944,1753378883.27925,100,100,0,0,0,0,1,0,0,0,0,0,0,1753378944
175,1753378883.29586,-37.175,-83.51,0,0,0,0.856019227979263,0.516943982777426,3.5,0,0,0,0,0,1753378944,1753378883.28763,100,100,0,0,0,0,1,0,0,0,0,0,0,1753378944
176,1753378883.3042,-37.175,-83.51,0,0,0,0.856019227979263,0.516943982777426,3.5,0,0,0,0,0,1753378944,1753378883.29588,100,100,0,0,0,0,1,0,0,0,0,0,0,1753378944
177,1753378883.31232,-37.175,-83.51,0,0,0,0.856019227979263,0.516943982777426,3.5,0,0,0,0,0,1753378944,1753378883.30423,100,100,0,0,0,0,1,0,0,0,0,0,0,1753378944
178,1753378883.32105,-37.175,-83.51,0,0,0,0.856019227979263,0.516943982777426,3.5,0,0,0,0,0,1753378944,1753378883.31234,100,100,0,0,0,0,1,0,0,0,0,0,0,1753378944
179,1753378883.32929,-37.175,-83.51,0,0,0,0.856019227979263,0.516943982777426,3.5,0,0,0,0,0,1753378944,1753378883.32108,100,100,0,0,0,0,1,0,0,0,0,0,0,1753378944
180,1753378883.33791,-37.175,-83.51,0,0,0,0.856019227979263,0.516943982777426,3.5,0,0,0,0,0,1753378944,1753378883.32931,100,100,0,0,0,0,1,0,0,0,0,0,0,1753378944
181,1753378883.34576,-37.175,-83.51,0,0,0,0.856019227979263,0.516943982777426,3.5,0,0,0,0,0,1753378944,1753378883.33796,100,100,0,0,0,0,1,0,0,0,0,0,0,1753378944
182,1753378883.35422,-37.175,-83.51,0,0,0,0.856019227979263,0.516943982777426,3.5,0,0,0,0,0,1753378944,1753378883.34579,100,100,0,0,0,0,1,0,0,0,0,0,0,1753378944
183,1753378883.36237,-37.175,-83.51,0,0,0,0.856019227979263,0.516943982777426,3.5,0,0,0,0,0,1753378944,1753378883.35425,100,100,0,0,0,0,1,0,0,0,0,0,0,1753378944
184,1753378883.37121,-37.175,-83.51,0,0,0,0.856019227979263,0.516943982777426,3.5,0,0,0,0,0,1753378944,1753378883.36239,100,100,0,0,0,0,1,0,0,0,0,0,0,1753378944
185,1753378883.37938,-37.175,-83.51,0,0,0,0.856019227979263,0.516943982777426,3.5,0,0,0,0,0,1753378944,1753378883.37125,100,100,0,0,0,0,1,0,0,0,0,0,0,1753378944
186,1753378883.38786,-37.175,-83.51,0,0,0,0.856019227979263,0.516943982777426,3.5,0,0,0,0,0,1753378944,1753378883.37942,100,100,0,0,0,0,1,0,0,0,0,0,0,1753378944
187,1753378883.39601,-37.175,-83.51,0,0,0,0.856019227979263,0.516943982777426,3.5,0,0,0,0,0,1753378944,1753378883.3879,100,100,0,0,0,0,1,0,0,0,0,0,0,1753378944
188,1753378883.40441,-37.175,-83.51,0,0,0,0.856019227979263,0.516943982777426,3.5,0,0,0,0,0,1753378944,1753378883.39605,100,100,0,0,0,0,1,0,0,0,0,0,0,1753378944
189,1753378883.41271,-37.175,-83.51,0,0,0,0.856019227979263,0.516943982777426,3.5,0,0,0,0,0,1753378944,1753378883.40445,100,100,0,0,0,0,1,0,0,0,0,0,0,1753378944
190,1753378883.42116,-37.175,-83.51,0,0,0,0.856019227979263,0.516943982777426,3.5,0,0,0,0,0,1753378944,1753378883.41275,100,100,0,0,0,0,1,0,0,0,0,0,0,1753378944
191,1753378883.42917,-37.175,-83.51,0,0,0,0.856019227979263,0.516943982777426,3.5,0,0,0,0,0,1753378944,1753378883.42121,100,100,0,0,0,0,1,0,0,0,0,0,0,1753378944
192,1753378883.43754,-37.175,-83.51,0,0,0,0.856019227979263,0.516943982777426,3.5,0,0,0,0,0,1753378944,1753378883.42919,100,100,0,0,0,0,1,0,0,0,0,0,0,1753378944
193,1753378883.44596,-37.175,-83.51,0,0,0,0.856019227979263,0.516943982777426,3.5,0,0,0,0,0,1753378944,1753378883.43757,100,100,0,0,0,0,1,0,0,0,0,0,0,1753378944
194,1753378883.45419,-37.175,-83.51,0,0,0,0.856019227979263,0.516943982777426,3.5,0,0,0,0,0,1753378944,1753378883.446,100,100,0,0,0,0,1,0,0,0,0,0,0,1753378944
195,1753378883.46291,-37.175,-83.51,0,0,0,0.856019227979263,0.516943982777426,3.5,0,0,0,0,0,1753378944,1753378883.45421,100,100,0,0,0,0,1,0,0,0,0,0,0,1753378944
196,1753378883.4712,-37.175,-83.51,0,0,0,0.856019227979263,0.516943982777426,3.5,0,0,0,0,0,1753378944,1753378883.46296,100,100,0,0,0,0,1,0,0,0,0,0,0,1753378944
197,1753378883.47941,-37.175,-83.51,0,0,0,0.856019227979263,0.516943982777426,3.5,0,0,0,0,0,1753378944,1753378883.47125,100,100,0,0,0,0,1,0,0,0,0,0,0,1753378944
198,1753378883.4878,-37.175,-83.51,0,0,0,0.856019227979263,0.516943982777426,3.5,0,0,0,0,0,1753378944,1753378883.47946,100,100,0,0,0,0,1,0,0,0,0,0,0,1753378944
199,1753378883.49602,-37.175,-83.51,0,0,0,0.856019227979263,0.516943982777426,3.5,0,0,0,0,0,1753378944,1753378883.48784,100,100,0,0,0,0,1,0,0,0,0,0,0,1753378944
200,1753378883.50433,-37.175,-83.51,0,0,0,0.856019227979263,0.516943982777426,3.5,0,0,0,0,0,1753378944,1753378883.49604,100,100,0,0,0,0,1,0,0,0,0,0,0,1753378944
201,1753378883.51333,-37.175,-83.51,0,0,0,0.856019227979263,0.516943982777426,3.5,0,0,0,0,0,1753378944,1753378883.50441,100,100,0,0,0,0,1,0,0,0,0,0,0,1753378944
202,1753378883.52118,-37.175,-83.51,0,0,0,0.856019227979263,0.516943982777426,3.5,0,0,0,0,0,1753378944,1753378883.51339,100,100,0,0,0,0,1,0,0,0,0,0,0,1753378944
203,1753378883.52922,-37.175,-83.51,0,0,0,0.856019227979263,0.516943982777426,3.5,0,0,0,0,0,1753378944,1753378883.52122,100,100,0,0,0,0,1,0,0,0,0,0,0,1753378944
204,1753378883.53754,-37.175,-83.51,0,0,0,0.856019227979263,0.516943982777426,3.5,0,0,0,0,0,1753378944,1753378883.52926,100,100,0,0,0,0,1,0,0,0,0,0,0,1753378944
205,1753378883.5458,-37.175,-83.51,0,0,0,0.856019227979263,0.516943982777426,3.5,0,0,0,0,0,1753378944,1753378883.53756,100,100,0,0,0,0,1,0,0,0,0,0,0,1753378944
206,1753378883.55409,-37.175,-83.51,0,0,0,0.856019227979263,0.516943982777426,3.5,0,0,0,0,0,1753378944,1753378883.54582,100,100,0,0,0,0,1,0,0,0,0,0,0,1753378944
207,1753378883.56235,-37.175,-83.51,0,0,0,0.856019227979263,0.516943982777426,3.5,0,0,0,0,0,1753378944,1753378883.55412,100,100,0,0,0,0,1,0,0,0,0,0,0,1753378944
208,1753378883.57093,-37.175,-83.51,0,0,0,0.856019227979263,0.516943982777426,3.5,0,0,0,0,0,1753378944,1753378883.56237,100,100,0,0,0,0,1,0,0,0,0,0,0,1753378944
209,1753378883.57942,-37.175,-83.51,0,0,0,0.856019227979263,0.516943982777426,3.5,0,0,0,0,0,1753378944,1753378883.57096,100,100,0,0,0,0,1,0,0,0,0,0,0,1753378944
210,1753378883.58777,-37.175,-83.51,0,0,0,0.856019227979263,0.516943982777426,3.5,0,0,0,0,0,1753378944,1753378883.57946,100,100,0,0,0,0,1,0,0,0,0,0,0,1753378944
211,1753378883.59571,-37.175,-83.51,0,0,0,0.856019227979263,0.516943982777426,3.5,0,0,0,0,0,1753378944,1753378883.58781,100,100,0,0,0,0,1,0,0,0,0,0,0,1753378944
212,1753378883.60427,-37.175,-83.51,0,0,0,0.856019227979263,0.516943982777426,3.5,0,0,0,0,0,1753378944,1753378883.59573,100,100,0,0,0,0,1,0,0,0,0,0,0,1753378944
213,1753378883.61243,-37.175,-83.51,0,0,0,0.856019227979263,0.516943982777426,3.5,0,0,0,0,0,1753378944,1753378883.60431,100,100,0,0,0,0,1,0,0,0,0,0,0,1753378944
214,1753378883.62102,-37.175,-83.51,0,0,0,0.856019227979263,0.516943982777426,3.5,0,0,0,0,0,1753378944,1753378883.61245,100,100,0,0,0,0,1,0,0,0,0,0,0,1753378944
215,1753378883.62926,-37.175,-83.51,0,0,0,0.856019227979263,0.516943982777426,3.5,0,0,0,0,0,1753378944,1753378883.62105,100,100,0,0,0,0,1,0,0,0,0,0,0,1753378944
216,1753378883.63784,-37.175,-83.51,0,0,0,0.856019227979263,0.516943982777426,3.5,0,0,0,0,0,1753378944,1753378883.62932,100,100,0,0,0,0,1,0,0,0,0,0,0,1753378944
217,1753378883.64582,-37.175,-83.51,0,0,0,0.856019227979263,0.516943982777426,3.5,0,0,0,0,0,1753378944,1753378883.63787,100,100,0,0,0,0,1,0,0,0,0,0,0,1753378944
218,1753378883.65442,-37.175,-83.51,0,0,0,0.856019227979263,0.516943982777426,3.5,0,0,0,0,0,1753378944,1753378883.64585,100,100,0,0,0,0,1,0,0,0,0,0,0,1753378944
219,1753378883.66278,-37.175,-83.51,0,0,0,0.856019227979263,0.516943982777426,3.5,0,0,0,0,0,1753378944,1753378883.65446,100,100,0,0,0,0,1,0,0,0,0,0,0,1753378944
220,1753378883.67122,-37.175,-83.51,0,0,0,0.856019227979263,0.516943982777426,3.5,0,0,0,0,0,1753378944,1753378883.66282,100,100,0,0,0,0,1,0,0,0,0,0,0,1753378944
221,1753378883.67918,-37.175,-83.51,0,0,0,0.856019227979263,0.516943982777426,3.5,0,0,0,0,0,1753378944,1753378883.67127,100,100,0,0,0,0,1,0,0,0,0,0,0,1753378944
222,1753378883.68778,-37.175,-83.51,0,0,0,0.856019227979263,0.516943982777426,3.5,0,0,0,0,0,1753378944,1753378883.67921,100,100,0,0,0,0,1,0,0,0,0,0,0,1753378944
223,1753378883.69573,-37.175,-83.51,0,0,0,0.856019227979263,0.516943982777426,3.5,0,0,0,0,0,1753378944,1753378883.68783,100,100,0,0,0,0,1,0,0,0,0,0,0,1753378944
224,1753378883.70454,-37.175,-83.51,0,0,0,0.856019227979263,0.516943982777426,3.5,0,0,0,0,0,1753378944,1753378883.69576,100,100,0,0,0,0,1,0,0,0,0,0,0,1753378944
225,1753378883.71284,-37.175,-83.51,0,0,0,0.856019227979263,0.516943982777426,3.5,0,0,0,0,0,1753378944,1753378883.70459,100,100,0,0,0,0,1,0,0,0,0,0,0,1753378944
226,1753378883.72091,-37.175,-83.51,0,0,0,0.856019227979263,0.516943982777426,3.5,0,0,0,0,0,1753378944,1753378883.71288,100,100,0,0,0,0,1,0,0,0,0,0,0,1753378944
227,1753378883.72914,-37.175,-83.51,0,0,0,0.856019227979263,0.516943982777426,3.5,0,0,0,0,0,1753378944,1753378883.72094,100,100,0,0,0,0,1,0,0,0,0,0,0,1753378944
228,1753378883.73758,-37.175,-83.51,0,0,0,0.856019227979263,0.516943982777426,3.5,0,0,0,0,0,1753378944,1753378883.72917,100,100,0,0,0,0,1,0,0,0,0,0,0,1753378944
229,1753378883.74584,-37.175,-83.51,0,0,0,0.856019227979263,0.516943982777426,3.5,0,0,0,0,0,1753378944,1753378883.73761,100,100,0,0,0,0,1,0,0,0,0,0,0,1753378944
230,1753378883.75416,-37.175,-83.51,0,0,0,0.856019227979263,0.516943982777426,3.5,0,0,0,0,0,1753378944,1753378883.74586,100,100,0,0,0,0,1,0,0,0,0,0,0,1753378944
231,1753378883.76247,-37.175,-83.51,0,0,0,0.856019227979263,0.516943982777426,3.5,0,0,0,0,0,1753378944,1753378883.75419,100,100,0,0,0,0,1,0,0,0,0,0,0,1753378944
232,1753378883.77097,-37.175,-83.51,0,0,0,0.856019227979263,0.516943982777426,3.5,0,0,0,0,0,1753378944,1753378883.7625,100,100,0,0,0,0,1,0,0,0,0,0,0,1753378944
233,1753378883.77915,-37.175,-83.51,0,0,0,0.856019227979263,0.516943982777426,3.5,0,0,0,0,0,1753378944,1753378883.771,100,100,0,0,0,0,1,0,0,0,0,0,0,1753378944
234,1753378883.78776,-37.175,-83.51,0,0,0,0.856019227979263,0.516943982777426,3.5,0,0,0,0,0,1753378944,1753378883.77917,100,100,0,0,0,0,1,0,0,0,0,0,0,1753378944
235,1753378883.79604,-37.175,-83.51,0,0,0,0.856019227979263,0.516943982777426,3.5,0,0,0,0,0,1753378944,1753378883.78781,100,100,0,0,0,0,1,0,0,0,0,0,0,1753378944
236,1753378883.80521,-37.175,-83.51,0,0,0,0.856019227979263,0.516943982777426,3.5,0,0,0,0,0,1753378944,1753378883.79609,100,100,0,0,0,0,1,0,0,0,0,0,0,1753378944
237,1753378883.81343,-37.175,-83.51,0,0,0,0.856019227979263,0.516943982777426,3.5,0,0,0,0,0,1753378944,1753378883.80527,100,100,0,0,0,0,1,0,0,0,0,0,0,1753378944
238,1753378883.82088,-37.175,-83.51,0,0,0,0.856019227979263,0.516943982777426,3.5,0,0,0,0,0,1753378944,1753378883.81347,100,100,0,0,0,0,1,0,0,0,0,0,0,1753378944
239,1753378883.82922,-37.175,-83.51,0,0,0,0.856019227979263,0.516943982777426,3.5,0,0,0,0,0,1753378944,1753378883.82091,100,100,0,0,0,0,1,0,0,0,0,0,0,1753378944
240,1753378883.83765,-37.175,-83.51,0,0,0,0.856019227979263,0.516943982777426,3.5,0,0,0,0,0,1753378944,1753378883.82924,100,100,0,0,0,0,1,0,0,0,0,0,0,1753378944
241,1753378883.84589,-37.175,-83.51,0,0,0,0.856019227979263,0.516943982777426,3.5,0,0,0,0,0,1753378944,1753378883.83767,100,100,0,0,0,0,1,0,0,0,0,0,0,1753378944
242,1753378883.85421,-37.175,-83.51,0,0,0,0.856019227979263,0.516943982777426,3.5,0,0,0,0,0,1753378944,1753378883.84592,100,100,0,0,0,0,1,0,0,0,0,0,0,1753378944
243,1753378883.8624,-37.175,-83.51,0,0,0,0.856019227979263,0.516943982777426,3.5,0,0,0,0,0,1753378944,1753378883.85424,100,100,0,0,0,0,1,0,0,0,0,0,0,1753378944
244,1753378883.87089,-37.175,-83.51,0,0,0,0.856019227979263,0.516943982777426,3.5,0,0,0,0,0,1753378944,1753378883.86242,100,100,0,0,0,0,1,0,0,0,0,0,0,1753378944
245,1753378883.87927,-37.175,-83.51,0,0,0,0.856019227979263,0.516943982777426,3.5,0,0,0,0,0,1753378944,1753378883.87092,100,100,0,0,0,0,1,0,0,0,0,0,0,1753378944
246,1753378883.88787,-37.175,-83.51,0,0,0,0.856019227979263,0.516943982777426,3.5,0,0,0,0,0,1753378944,1753378883.8793,100,100,0,0,0,0,1,0,0,0,0,0,0,1753378944
247,1753378883.89602,-37.175,-83.51,0,0,0,0.856019227979263,0.516943982777426,3.5,0,0,0,0,0,1753378944,1753378883.88792,100,100,0,0,0,0,1,0,0,0,0,0,0,1753378944
248,1753378883.9045,-37.175,-83.51,0,0,0,0.856019227979263,0.516943982777426,3.5,0,0,0,0,0,1753378944,1753378883.89606,100,100,0,0,0,0,1,0,0,0,0,0,0,1753378944
249,1753378883.91242,-37.175,-83.51,0,0,0,0.856019227979263,0.516943982777426,3.5,0,0,0,0,0,1753378944,1753378883.90454,100,100,0,0,0,0,1,0,0,0,0,0,0,1753378944
250,1753378883.92095,-37.175,-83.51,0,0,0,0.856019227979263,0.516943982777426,3.5,0,0,0,0,0,1753378944,1753378883.91244,100,100,0,0,0,0,1,0,0,0,0,0,0,1753378944
251,1753378883.92947,-37.175,-83.51,0,0,0,0.856019227979263,0.516943982777426,3.5,0,0,0,0,0,1753378944,1753378883.92097,100,100,0,0,0,0,1,0,0,0,0,0,0,1753378944
252,1753378883.9379,-37.175,-83.51,0,0,0,0.856019227979263,0.516943982777426,3.5,0,0,0,0,0,1753378944,1753378883.92951,100,100,0,0,0,0,1,0,0,0,0,0,0,1753378944
253,1753378883.94617,-37.175,-83.51,0,0,0,0.856019227979263,0.516943982777426,3.5,0,0,0,0,0,1753378944,1753378883.93795,100,100,0,0,0,0,1,0,0,0,0,0,0,1753378944
254,1753378883.95433,-37.175,-83.51,0,0,0,0.856019227979263,0.516943982777426,3.5,0,0,0,0,0,1753378944,1753378883.94622,100,100,0,0,0,0,1,0,0,0,0,0,0,1753378944
255,1753378883.96275,-37.175,-83.51,0,0,0,0.856019227979263,0.516943982777426,3.5,0,0,0,0,0,1753378944,1753378883.95436,100,100,0,0,0,0,1,0,0,0,0,0,0,1753378944
256,1753378883.97117,-37.175,-83.51,0,0,0,0.856019227979263,0.516943982777426,3.5,0,0,0,0,0,1753378944,1753378883.96279,100,100,0,0,0,0,1,0,0,0,0,0,0,1753378944
257,1753378883.97939,-37.175,-83.51,0,0,0,0.856019227979263,0.516943982777426,3.5,0,0,0,0,0,1753378944,1753378883.97121,100,100,0,0,0,0,1,0,0,0,0,0,0,1753378944
258,1753378883.98761,-37.175,-83.51,0,0,0,0.856019227979263,0.516943982777426,3.5,0,0,0,0,0,1753378944,1753378883.97942,100,100,0,0,0,0,1,0,0,0,0,0,0,1753378944
259,1753378883.99579,-37.175,-83.51,0,0,0,0.856019227979263,0.516943982777426,3.5,0,0,0,0,0,1753378944,1753378883.98764,100,100,0,0,0,0,1,0,0,0,0,0,0,1753378944
260,1753378884.00411,-37.175,-83.51,0,0,0,0.856019227979263,0.516943982777426,3.5,0,0,0,0,0,1753378944,1753378883.99581,100,100,0,0,0,0,1,0,0,0,0,0,0,1753378944
261,1753378884.01239,-37.175,-83.51,0,0,0,0.856019227979263,0.516943982777426,3.5,0,0,0,0,0,1753378944,1753378884.00414,100,100,0,0,0,0,1,0,0,0,0,0,0,1753378944
262,1753378884.02084,-37.175,-83.51,0,0,0,0.856019227979263,0.516943982777426,3.5,0,0,0,0,0,1753378944,1753378884.01242,100,100,0,0,0,0,1,0,0,0,0,0,0,1753378944
263,1753378884.02947,-37.175,-83.51,0,0,0,0.856019227979263,0.516943982777426,3.5,0,0,0,0,0,1753378944,1753378884.02086,100,100,0,0,0,0,1,0,0,0,0,0,0,1753378944
264,1753378884.03797,-37.175,-83.51,0,0,0,0.856019227979263,0.516943982777426,3.5,0,0,0,0,0,1753378944,1753378884.0295,100,100,0,0,0,0,1,0,0,0,0,0,0,1753378944
265,1753378884.04602,-37.175,-83.51,0,0,0,0.856019227979263,0.516943982777426,3.5,0,0,0,0,0,1753378944,1753378884.03802,100,100,0,0,0,0,1,0,0,0,0,0,0,1753378944
266,1753378884.05462,-37.175,-83.51,0,0,0,0.856019227979263,0.516943982777426,3.5,0,0,0,0,0,1753378944,1753378884.04606,100,100,0,0,0,0,1,0,0,0,0,0,0,1753378944
267,1753378884.06267,-37.175,-83.51,0,0,0,0.856019227979263,0.516943982777426,3.5,0,0,0,0,0,1753378944,1753378884.05469,100,100,0,0,0,0,1,0,0,0,0,0,0,1753378944
268,1753378884.0713,-37.175,-83.51,0,0,0,0.856019227979263,0.516943982777426,3.5,0,0,0,0,0,1753378944,1753378884.06269,100,100,0,0,0,0,1,0,0,0,0,0,0,1753378944
269,1753378884.07918,-37.175,-83.51,0,0,0,0.856019227979263,0.516943982777426,3.5,0,0,0,0,0,1753378944,1753378884.07135,100,100,0,0,0,0,1,0,0,0,0,0,0,1753378944
270,1753378884.08784,-37.175,-83.51,0,0,0,0.856019227979263,0.516943982777426,3.5,0,0,0,0,0,1753378944,1753378884.0792,100,100,0,0,0,0,1,0,0,0,0,0,0,1753378944
271,1753378884.09626,-37.175,-83.51,0,0,0,0.856019227979263,0.516943982777426,3.5,0,0,0,0,0,1753378944,1753378884.08789,100,100,0,0,0,0,1,0,0,0,0,0,0,1753378944
272,1753378884.1045,-37.175,-83.51,0,0,0,0.856019227979263,0.516943982777426,3.5,0,0,0,0,0,1753378944,1753378884.09633,100,100,0,0,0,0,1,0,0,0,0,0,0,1753378944
273,1753378884.11268,-37.175,-83.51,0,0,0,0.856019227979263,0.516943982777426,3.5,0,0,0,0,0,1753378944,1753378884.10459,100,100,0,0,0,0,1,0,0,0,0,0,0,1753378944
274,1753378884.12115,-37.175,-83.51,0,0,0,0.856019227979263,0.516943982777426,3.5,0,0,0,0,0,1753378944,1753378884.11272,100,100,0,0,0,0,1,0,0,0,0,0,0,1753378944
275,1753378884.12915,-37.175,-83.51,0,0,0,0.856019227979263,0.516943982777426,3.5,0,0,0,0,0,1753378944,1753378884.12119,100,100,0,0,0,0,1,0,0,0,0,0,0,1753378944
276,1753378884.1376,-37.175,-83.51,0,0,0,0.856019227979263,0.516943982777426,3.5,0,0,0,0,0,1753378944,1753378884.12917,100,100,0,0,0,0,1,0,0,0,0,0,0,1753378944
277,1753378884.14578,-37.175,-83.51,0,0,0,0.856019227979263,0.516943982777426,3.5,0,0,0,0,0,1753378944,1753378884.13762,100,100,0,0,0,0,1,0,0,0,0,0,0,1753378944
278,1753378884.15415,-37.175,-83.51,0,0,0,0.856019227979263,0.516943982777426,3.5,0,0,0,0,0,1753378944,1753378884.14581,100,100,0,0,0,0,1,0,0,0,0,0,0,1753378944
279,1753378884.16275,-37.175,-83.51,0,0,0,0.856019227979263,0.516943982777426,3.5,0,0,0,0,0,1753378944,1753378884.15418,100,100,0,0,0,0,1,0,0,0,0,0,0,1753378944
280,1753378884.1709,-37.175,-83.51,0,0,0,0.856019227979263,0.516943982777426,3.5,0,0,0,0,0,1753378944,1753378884.16278,100,100,0,0,0,0,1,0,0,0,0,0,0,1753378944
281,1753378884.17908,-37.175,-83.51,0,0,0,0.856019227979263,0.516943982777426,3.5,0,0,0,0,0,1753378944,1753378884.17092,100,100,0,0,0,0,1,0,0,0,0,0,0,1753378944
282,1753378884.18763,-37.175,-83.51,0,0,0,0.856019227979263,0.516943982777426,3.5,0,0,0,0,0,1753378944,1753378884.1791,100,100,0,0,0,0,1,0,0,0,0,0,0,1753378944
283,1753378884.19584,-37.175,-83.51,0,0,0,0.856019227979263,0.516943982777426,3.5,0,0,0,0,0,1753378944,1753378884.18765,100,100,0,0,0,0,1,0,0,0,0,0,0,1753378944
284,1753378884.20429,-37.175,-83.51,0,0,0,0.856019227979263,0.516943982777426,3.5,0,0,0,0,0,1753378944,1753378884.19586,100,100,0,0,0,0,1,0,0,0,0,0,0,1753378944
285,1753378884.21239,-37.175,-83.51,0,0,0,0.856019227979263,0.516943982777426,3.5,0,0,0,0,0,1753378944,1753378884.20433,100,100,0,0,0,0,1,0,0,0,0,0,0,1753378944
286,1753378884.22095,-37.175,-83.51,0,0,0,0.856019227979263,0.516943982777426,3.5,0,0,0,0,0,1753378944,1753378884.21241,100,100,0,0,0,0,1,0,0,0,0,0,0,1753378944
287,1753378884.22917,-37.175,-83.51,0,0,0,0.856019227979263,0.516943982777426,3.5,0,0,0,0,0,1753378944,1753378884.22098,100,100,0,0,0,0,1,0,0,0,0,0,0,1753378944
288,1753378884.23778,-37.175,-83.51,0,0,0,0.856019227979263,0.516943982777426,3.5,0,0,0,0,0,1753378944,1753378884.22919,100,100,0,0,0,0,1,0,0,0,0,0,0,1753378944
289,1753378884.24574,-37.175,-83.51,0,0,0,0.856019227979263,0.516943982777426,3.5,0,0,0,0,0,1753378944,1753378884.23781,100,100,0,0,0,0,1,0,0,0,0,0,0,1753378944
290,1753378884.25416,-37.175,-83.51,0,0,0,0.856019227979263,0.516943982777426,3.5,0,0,0,0,0,1753378944,1753378884.24577,100,100,0,0,0,0,1,0,0,0,0,0,0,1753378944
291,1753378884.26245,-37.175,-83.51,0,0,0,0.856019227979263,0.516943982777426,3.5,0,0,0,0,0,1753378944,1753378884.25419,100,100,0,0,0,0,1,0,0,0,0,0,0,1753378944
292,1753378884.27092,-37.175,-83.51,0,0,0,0.856019227979263,0.516943982777426,3.5,0,0,0,0,0,1753378944,1753378884.26247,100,100,0,0,0,0,1,0,0,0,0,0,0,1753378944
293,1753378884.27921,-37.175,-83.51,0,0,0,0.856019227979263,0.516943982777426,3.5,0,0,0,0,0,1753378944,1753378884.27094,100,100,0,0,0,0,1,0,0,0,0,0,0,1753378944
294,1753378884.28795,-37.175,-83.51,0,0,0,0.856019227979263,0.516943982777426,3.5,0,0,0,0,0,1753378944,1753378884.27923,100,100,0,0,0,0,1,0,0,0,0,0,0,1753378944
295,1753378884.29571,-37.175,-83.51,0,0,0,0.856019227979263,0.516943982777426,3.5,0,0,0,0,0,1753378944,1753378884.28799,100,100,0,0,0,0,1,0,0,0,0,0,0,1753378944
296,1753378884.30432,-37.175,-83.51,0,0,0,0.856019227979263,0.516943982777426,3.5,0,0,0,0,0,1753378944,1753378884.29573,100,100,0,0,0,0,1,0,0,0,0,0,0,1753378944
297,1753378884.31239,-37.175,-83.51,0,0,0,0.856019227979263,0.516943982777426,3.5,0,0,0,0,0,1753378944,1753378884.30435,100,100,0,0,0,0,1,0,0,0,0,0,0,1753378944
298,1753378884.321,-37.175,-83.51,0,0,0,0.856019227979263,0.516943982777426,3.5,0,0,0,0,0,1753378944,1753378884.31241,100,100,0,0,0,0,1,0,0,0,0,0,0,1753378944
299,1753378884.32912,-37.175,-83.51,0,0,0,0.856019227979263,0.516943982777426,3.5,0,0,0,0,0,1753378944,1753378884.32103,100,100,0,0,0,0,1,0,0,0,0,0,0,1753378944
300,1753378884.33785,-37.175,-83.51,0,0,0,0.856019227979263,0.516943982777426,3.5,0,0,0,0,0,1753378944,1753378884.32914,100,100,0,0,0,0,1,0,0,0,0,0,0,1753378944
301,1753378884.34578,-37.175,-83.51,0,0,0,0.856019227979263,0.516943982777426,3.5,0,0,0,0,0,1753378944,1753378884.33789,100,100,0,0,0,0,1,0,0,0,0,0,0,1753378944
302,1753378884.35417,-37.175,-83.51,0,0,0,0.856019227979263,0.516943982777426,3.5,0,0,0,0,0,1753378944,1753378884.3458,100,100,0,0,0,0,1,0,0,0,0,0,0,1753378944
303,1753378884.36242,-37.175,-83.51,0,0,0,0.856019227979263,0.516943982777426,3.5,0,0,0,0,0,1753378944,1753378884.35421,100,100,0,0,0,0,1,0,0,0,0,0,0,1753378944
304,1753378884.37104,-37.175,-83.51,0,0,0,0.856019227979263,0.516943982777426,3.5,0,0,0,0,0,1753378944,1753378884.36244,100,100,0,0,0,0,1,0,0,0,0,0,0,1753378944
305,1753378884.37941,-37.175,-83.51,0,0,0,0.856019227979263,0.516943982777426,3.5,0,0,0,0,0,1753378944,1753378884.37108,100,100,0,0,0,0,1,0,0,0,0,0,0,1753378944
306,1753378884.38766,-37.175,-83.51,0,0,0,0.856019227979263,0.516943982777426,3.5,0,0,0,0,0,1753378944,1753378884.37945,100,100,0,0,0,0,1,0,0,0,0,0,0,1753378944
307,1753378884.3958,-37.175,-83.51,0,0,0,0.856019227979263,0.516943982777426,3.5,0,0,0,0,0,1753378944,1753378884.38769,100,100,0,0,0,0,1,0,0,0,0,0,0,1753378944
308,1753378884.40463,-37.175,-83.51,0,0,0,0.856019227979263,0.516943982777426,3.5,0,0,0,0,0,1753378944,1753378884.39582,100,100,0,0,0,0,1,0,0,0,0,0,0,1753378944
309,1753378884.41256,-37.175,-83.51,0,0,0,0.856019227979263,0.516943982777426,3.5,0,0,0,0,0,1753378944,1753378884.40468,100,100,0,0,0,0,1,0,0,0,0,0,0,1753378944
310,1753378884.42115,-37.175,-83.51,0,0,0,0.856019227979263,0.516943982777426,3.5,0,0,0,0,0,1753378944,1753378884.41258,100,100,0,0,0,0,1,0,0,0,0,0,0,1753378944
311,1753378884.42919,-37.175,-83.51,0,0,0,0.856019227979263,0.516943982777426,3.5,0,0,0,0,0,1753378944,1753378884.42119,100,100,0,0,0,0,1,0,0,0,0,0,0,1753378944
312,1753378884.43769,-37.175,-83.51,0,0,0,0.856019227979263,0.516943982777426,3.5,0,0,0,0,0,1753378944,1753378884.42921,100,100,0,0,0,0,1,0,0,0,0,0,0,1753378944
313,1753378884.4458,-37.175,-83.51,0,0,0,0.856019227979263,0.516943982777426,3.5,0,0,0,0,0,1753378944,1753378884.43772,100,100,0,0,0,0,1,0,0,0,0,0,0,1753378944
314,1753378884.45421,-37.175,-83.51,0,0,0,0.856019227979263,0.516943982777426,3.5,0,0,0,0,0,1753378944,1753378884.44582,100,100,0,0,0,0,1,0,0,0,0,0,0,1753378944
315,1753378884.46243,-37.175,-83.51,0,0,0,0.856019227979263,0.516943982777426,3.5,0,0,0,0,0,1753378944,1753378884.45424,100,100,0,0,0,0,1,0,0,0,0,0,0,1753378944
316,1753378884.47091,-37.175,-83.51,0,0,0,0.856019227979263,0.516943982777426,3.5,0,0,0,0,0,1753378944,1753378884.46245,100,100,0,0,0,0,1,0,0,0,0,0,0,1753378944
317,1753378884.47915,-37.175,-83.51,0,0,0,0.856019227979263,0.516943982777426,3.5,0,0,0,0,0,1753378944,1753378884.47093,100,100,0,0,0,0,1,0,0,0,0,0,0,1753378944
318,1753378884.48752,-37.175,-83.51,0,0,0,0.856019227979263,0.516943982777426,3.5,0,0,0,0,0,1753378944,1753378884.47917,100,100,0,0,0,0,1,0,0,0,0,0,0,1753378944
319,1753378884.49577,-37.175,-83.51,0,0,0,0.856019227979263,0.516943982777426,3.5,0,0,0,0,0,1753378944,1753378884.48754,100,100,0,0,0,0,1,0,0,0,0,0,0,1753378944
320,1753378884.5042,-37.175,-83.51,0,0,0,0.856019227979263,0.516943982777426,3.5,0,0,0,0,0,1753378944,1753378884.49579,100,100,0,0,0,0,1,0,0,0,0,0,0,1753378944
321,1753378884.51309,-37.175,-83.51,0,0,0,0.856019227979263,0.516943982777426,3.5,0,0,0,0,0,1753378944,1753378884.50423,100,100,0,0,0,0,1,0,0,0,0,0,0,1753378944
322,1753378884.52144,-37.175,-83.51,0,0,0,0.856019227979263,0.516943982777426,3.5,0,0,0,0,0,1753378944,1753378884.51314,100,100,0,0,0,0,1,0,0,0,0,0,0,1753378944
323,1753378884.52915,-37.175,-83.51,0,0,0,0.856019227979263,0.516943982777426,3.5,0,0,0,0,0,1753378944,1753378884.52149,100,100,0,0,0,0,1,0,0,0,0,0,0,1753378944
324,1753378884.53765,-37.175,-83.51,0,0,0,0.856019227979263,0.516943982777426,3.5,0,0,0,0,0,1753378944,1753378884.52918,100,100,0,0,0,0,1,0,0,0,0,0,0,1753378944
325,1753378884.54606,-37.175,-83.51,0,0,0,0.856019227979263,0.516943982777426,3.5,0,0,0,0,0,1753378944,1753378884.53772,100,100,0,0,0,0,1,0,0,0,0,0,0,1753378944
326,1753378884.55413,-37.175,-83.51,0,0,0,0.856019227979263,0.516943982777426,3.5,0,0,0,0,0,1753378944,1753378884.5461,100,100,0,0,0,0,1,0,0,0,0,0,0,1753378944
327,1753378884.56262,-37.175,-83.51,0,0,0,0.856019227979263,0.516943982777426,3.5,0,0,0,0,0,1753378944,1753378884.55415,100,100,0,0,0,0,1,0,0,0,0,0,0,1753378944
328,1753378884.57119,-37.175,-83.51,0,0,0,0.856019227979263,0.516943982777426,3.5,0,0,0,0,0,1753378944,1753378884.56266,100,100,0,0,0,0,1,0,0,0,0,0,0,1753378944
329,1753378884.57935,-37.175,-83.51,0,0,0,0.856019227979263,0.516943982777426,3.5,0,0,0,0,0,1753378944,1753378884.57123,100,100,0,0,0,0,1,0,0,0,0,0,0,1753378944
330,1753378884.58753,-37.175,-83.51,0,0,0,0.856019227979263,0.516943982777426,3.5,0,0,0,0,0,1753378944,1753378884.57939,100,100,0,0,0,0,1,0,0,0,0,0,0,1753378944
331,1753378884.59595,-37.175,-83.51,0,0,0,0.856019227979263,0.516943982777426,3.5,0,0,0,0,0,1753378944,1753378884.58756,100,100,0,0,0,0,1,0,0,0,0,0,0,1753378944
332,1753378884.60407,-37.175,-83.51,0,0,0,0.856019227979263,0.516943982777426,3.5,0,0,0,0,0,1753378944,1753378884.59598,100,100,0,0,0,0,1,0,0,0,0,0,0,1753378944
333,1753378884.61284,-37.175,-83.51,0,0,0,0.856019227979263,0.516943982777426,3.5,0,0,0,0,0,1753378944,1753378884.60409,100,100,0,0,0,0,1,0,0,0,0,0,0,1753378944
334,1753378884.62115,-37.175,-83.51,0,0,0,0.856019227979263,0.516943982777426,3.5,0,0,0,0,0,1753378944,1753378884.61288,100,100,0,0,0,0,1,0,0,0,0,0,0,1753378944
335,1753378884.62947,-37.175,-83.51,0,0,0,0.856019227979263,0.516943982777426,3.5,0,0,0,0,0,1753378944,1753378884.62119,100,100,0,0,0,0,1,0,0,0,0,0,0,1753378944
336,1753378884.63781,-37.175,-83.51,0,0,0,0.856019227979263,0.516943982777426,3.5,0,0,0,0,0,1753378944,1753378884.62951,100,100,0,0,0,0,1,0,0,0,0,0,0,1753378944
337,1753378884.64596,-37.175,-83.51,0,0,0,0.856019227979263,0.516943982777426,3.5,0,0,0,0,0,1753378944,1753378884.63785,100,100,0,0,0,0,1,0,0,0,0,0,0,1753378944
338,1753378884.65436,-37.175,-83.51,0,0,0,0.856019227979263,0.516943982777426,3.5,0,0,0,0,0,1753378944,1753378884.64601,100,100,0,0,0,0,1,0,0,0,0,0,0,1753378944
339,1753378884.66282,-37.175,-83.51,0,0,0,0.856019227979263,0.516943982777426,3.5,0,0,0,0,0,1753378944,1753378884.6544,100,100,0,0,0,0,1,0,0,0,0,0,0,1753378944
340,1753378884.67114,-37.175,-83.51,0,0,0,0.856019227979263,0.516943982777426,3.5,0,0,0,0,0,1753378944,1753378884.66286,100,100,0,0,0,0,1,0,0,0,0,0,0,1753378944
341,1753378884.67948,-37.175,-83.51,0,0,0,0.856019227979263,0.516943982777426,3.5,0,0,0,0,0,1753378944,1753378884.67119,100,100,0,0,0,0,1,0,0,0,0,0,0,1753378944
342,1753378884.68788,-37.175,-83.51,0,0,0,0.856019227979263,0.516943982777426,3.5,0,0,0,0,0,1753378944,1753378884.67952,100,100,0,0,0,0,1,0,0,0,0,0,0,1753378944
343,1753378884.69595,-37.175,-83.51,0,0,0,0.856019227979263,0.516943982777426,3.5,0,0,0,0,0,1753378944,1753378884.68792,100,100,0,0,0,0,1,0,0,0,0,0,0,1753378944
344,1753378884.70448,-37.175,-83.51,0,0,0,0.856019227979263,0.516943982777426,3.5,0,0,0,0,0,1753378944,1753378884.69599,100,100,0,0,0,0,1,0,0,0,0,0,0,1753378944
345,1753378884.7124,-37.175,-83.51,0,0,0,0.856019227979263,0.516943982777426,3.5,0,0,0,0,0,1753378944,1753378884.70451,100,100,0,0,0,0,1,0,0,0,0,0,0,1753378944
346,1753378884.72101,-37.175,-83.51,0,0,0,0.856019227979263,0.516943982777426,3.5,0,0,0,0,0,1753378944,1753378884.71242,100,100,0,0,0,0,1,0,0,0,0,0,0,1753378944
347,1753378884.72927,-37.175,-83.51,0,0,0,0.856019227979263,0.516943982777426,3.5,0,0,0,0,0,1753378944,1753378884.72103,100,100,0,0,0,0,1,0,0,0,0,0,0,1753378944
348,1753378884.73767,-37.175,-83.51,0,0,0,0.856019227979263,0.516943982777426,3.5,0,0,0,0,0,1753378944,1753378884.72931,100,100,0,0,0,0,1,0,0,0,0,0,0,1753378944
349,1753378884.74572,-37.175,-83.51,0,0,0,0.856019227979263,0.516943982777426,3.5,0,0,0,0,0,1753378944,1753378884.73771,100,100,0,0,0,0,1,0,0,0,0,0,0,1753378944
350,1753378884.75417,-37.175,-83.51,0,0,0,0.856019227979263,0.516943982777426,3.5,0,0,0,0,0,1753378944,1753378884.74575,100,100,0,0,0,0,1,0,0,0,0,0,0,1753378944
351,1753378884.76246,-37.175,-83.51,0,0,0,0.856019227979263,0.516943982777426,3.5,0,0,0,0,0,1753378944,1753378884.75419,100,100,0,0,0,0,1,0,0,0,0,0,0,1753378944
352,1753378884.77099,-37.175,-83.51,0,0,0,0.856019227979263,0.516943982777426,3.5,0,0,0,0,0,1753378944,1753378884.76249,100,100,0,0,0,0,1,0,0,0,0,0,0,1753378944
353,1753378884.77946,-37.175,-83.51,0,0,0,0.856019227979263,0.516943982777426,3.5,0,0,0,0,0,1753378944,1753378884.77103,100,100,0,0,0,0,1,0,0,0,0,0,0,1753378944
354,1753378884.78761,-37.175,-83.51,0,0,0,0.856019227979263,0.516943982777426,3.5,0,0,0,0,0,1753378944,1753378884.7795,100,100,0,0,0,0,1,0,0,0,0,0,0,1753378944
355,1753378884.79576,-37.175,-83.51,0,0,0,0.856019227979263,0.516943982777426,3.5,0,0,0,0,0,1753378944,1753378884.78763,100,100,0,0,0,0,1,0,0,0,0,0,0,1753378944
356,1753378884.80417,-37.175,-83.51,0,0,0,0.856019227979263,0.516943982777426,3.5,0,0,0,0,0,1753378944,1753378884.79579,100,100,0,0,0,0,1,0,0,0,0,0,0,1753378944
357,1753378884.81238,-37.175,-83.51,0,0,0,0.856019227979263,0.516943982777426,3.5,0,0,0,0,0,1753378944,1753378884.80419,100,100,0,0,0,0,1,0,0,0,0,0,0,1753378944
358,1753378884.82098,-37.175,-83.51,0,0,0,0.856019227979263,0.516943982777426,3.5,0,0,0,0,0,1753378944,1753378884.8124,100,100,0,0,0,0,1,0,0,0,0,0,0,1753378944
359,1753378884.82918,-37.175,-83.51,0,0,0,0.856019227979263,0.516943982777426,3.5,0,0,0,0,0,1753378944,1753378884.82102,100,100,0,0,0,0,1,0,0,0,0,0,0,1753378944
360,1753378884.83756,-37.175,-83.51,0,0,0,0.856019227979263,0.516943982777426,3.5,0,0,0,0,0,1753378944,1753378884.8292,100,100,0,0,0,0,1,0,0,0,0,0,0,1753378944
361,1753378884.84594,-37.175,-83.51,0,0,0,0.856019227979263,0.516943982777426,3.5,0,0,0,0,0,1753378944,1753378884.83759,100,100,0,0,0,0,1,0,0,0,0,0,0,1753378944
362,1753378884.85422,-37.175,-83.51,0,0,0,0.856019227979263,0.516943982777426,3.5,0,0,0,0,0,1753378944,1753378884.84597,100,100,0,0,0,0,1,0,0,0,0,0,0,1753378944
363,1753378884.86246,-37.175,-83.51,0,0,0,0.856019227979263,0.516943982777426,3.5,0,0,0,0,0,1753378944,1753378884.85424,100,100,0,0,0,0,1,0,0,0,0,0,0,1753378944
364,1753378884.87099,-37.175,-83.51,0,0,0,0.856019227979263,0.516943982777426,3.5,0,0,0,0,0,1753378944,1753378884.86249,100,100,0,0,0,0,1,0,0,0,0,0,0,1753378944
365,1753378884.87927,-37.175,-83.51,0,0,0,0.856019227979263,0.516943982777426,3.5,0,0,0,0,0,1753378944,1753378884.87102,100,100,0,0,0,0,1,0,0,0,0,0,0,1753378944
366,1753378884.88763,-37.175,-83.51,0,0,0,0.856019227979263,0.516943982777426,3.5,0,0,0,0,0,1753378944,1753378884.87931,100,100,0,0,0,0,1,0,0,0,0,0,0,1753378944
367,1753378884.89576,-37.175,-83.51,0,0,0,0.856019227979263,0.516943982777426,3.5,0,0,0,0,0,1753378944,1753378884.88765,100,100,0,0,0,0,1,0,0,0,0,0,0,1753378944
368,1753378884.90425,-37.175,-83.51,0,0,0,0.856019227979263,0.516943982777426,3.5,0,0,0,0,0,1753378944,1753378884.89578,100,100,0,0,0,0,1,0,0,0,0,0,0,1753378944
369,1753378884.91252,-37.175,-83.51,0,0,0,0.856019227979263,0.516943982777426,3.5,0,0,0,0,0,1753378944,1753378884.90427,100,100,0,0,0,0,1,0,0,0,0,0,0,1753378944
370,1753378884.92094,-37.175,-83.51,0,0,0,0.856019227979263,0.516943982777426,3.5,0,0,0,0,0,1753378944,1753378884.91255,100,100,0,0,0,0,1,0,0,0,0,0,0,1753378944
371,1753378884.92912,-37.175,-83.51,0,0,0,0.856019227979263,0.516943982777426,3.5,0,0,0,0,0,1753378944,1753378884.92098,100,100,0,0,0,0,1,0,0,0,0,0,0,1753378944
372,1753378884.93753,-37.175,-83.51,0,0,0,0.856019227979263,0.516943982777426,3.5,0,0,0,0,0,1753378944,1753378884.92914,100,100,0,0,0,0,1,0,0,0,0,0,0,1753378944
373,1753378884.94576,-37.175,-83.51,0,0,0,0.856019227979263,0.516943982777426,3.5,0,0,0,0,0,1753378944,1753378884.93755,100,100,0,0,0,0,1,0,0,0,0,0,0,1753378944
374,1753378884.95411,-37.175,-83.51,0,0,0,0.856019227979263,0.516943982777426,3.5,0,0,0,0,0,1753378944,1753378884.94578,100,100,0,0,0,0,1,0,0,0,0,0,0,1753378944
375,1753378884.96265,-37.175,-83.51,0,0,0,0.856019227979263,0.516943982777426,3.5,0,0,0,0,0,1753378944,1753378884.95414,100,100,0,0,0,0,1,0,0,0,0,0,0,1753378944
376,1753378884.97123,-37.175,-83.51,0,0,0,0.856019227979263,0.516943982777426,3.5,0,0,0,0,0,1753378944,1753378884.96268,100,100,0,0,0,0,1,0,0,0,0,0,0,1753378944
377,1753378884.97913,-37.175,-83.51,0,0,0,0.856019227979263,0.516943982777426,3.5,0,0,0,0,0,1753378944,1753378884.97128,100,100,0,0,0,0,1,0,0,0,0,0,0,1753378944
378,1753378884.98763,-37.175,-83.51,0,0,0,0.856019227979263,0.516943982777426,3.5,0,0,0,0,0,1753378944,1753378884.97916,100,100,0,0,0,0,1,0,0,0,0,0,0,1753378944
379,1753378884.99583,-37.175,-83.51,0,0,0,0.856019227979263,0.516943982777426,3.5,0,0,0,0,0,1753378944,1753378884.98767,100,100,0,0,0,0,1,0,0,0,0,0,0,1753378944
380,1753378885.0045,-37.175,-83.51,0,0,0,0.856019227979263,0.516943982777426,3.5,0,0,0,0,0,1753378944,1753378884.99586,100,100,0,0,0,0,1,0,0,0,0,0,0,1753378944
381,1753378885.01331,-37.175,-83.51,0,0,0,0.856019227979263,0.516943982777426,3.5,0,0,0,0,0,1753378944,1753378885.00455,100,100,0,0,0,0,1,0,0,0,0,0,0,1753378944
382,1753378885.02122,-37.175,-83.51,0,0,0,0.856019227979263,0.516943982777426,3.5,0,0,0,0,0,1753378944,1753378885.01338,100,100,0,0,0,0,1,0,0,0,0,0,0,1753378944
383,1753378885.02916,-37.175,-83.51,0,0,0,0.856019227979263,0.516943982777426,3.5,0,0,0,0,0,1753378944,1753378885.02129,100,100,0,0,0,0,1,0,0,0,0,0,0,1753378944
384,1753378885.03749,-37.175,-83.51,0,0,0,0.856019227979263,0.516943982777426,3.5,0,0,0,0,0,1753378944,1753378885.02918,100,100,0,0,0,0,1,0,0,0,0,0,0,1753378944
385,1753378885.0458,-37.175,-83.51,0,0,0,0.856019227979263,0.516943982777426,3.5,0,0,0,0,0,1753378944,1753378885.03751,100,100,0,0,0,0,1,0,0,0,0,0,0,1753378944
386,1753378885.05416,-37.175,-83.51,0,0,0,0.856019227979263,0.516943982777426,3.5,0,0,0,0,0,1753378944,1753378885.04582,100,100,0,0,0,0,1,0,0,0,0,0,0,1753378944
387,1753378885.06237,-37.175,-83.51,0,0,0,0.856019227979263,0.516943982777426,3.5,0,0,0,0,0,1753378944,1753378885.05418,100,100,0,0,0,0,1,0,0,0,0,0,0,1753378944
388,1753378885.07089,-37.175,-83.51,0,0,0,0.856019227979263,0.516943982777426,3.5,0,0,0,0,0,1753378944,1753378885.0624,100,100,0,0,0,0,1,0,0,0,0,0,0,1753378944
389,1753378885.07929,-37.175,-83.51,0,0,0,0.856019227979263,0.516943982777426,3.5,0,0,0,0,0,1753378944,1753378885.07092,100,100,0,0,0,0,1,0,0,0,0,0,0,1753378944
390,1753378885.08765,-37.175,-83.51,0,0,0,0.856019227979263,0.516943982777426,3.5,0,0,0,0,0,1753378944,1753378885.07931,100,100,0,0,0,0,1,0,0,0,0,0,0,1753378944
391,1753378885.09571,-37.175,-83.51,0,0,0,0.856019227979263,0.516943982777426,3.5,0,0,0,0,0,1753378944,1753378885.08767,100,100,0,0,0,0,1,0,0,0,0,0,0,1753378944
392,1753378885.10433,-37.175,-83.51,0,0,0,0.856019227979263,0.516943982777426,3.5,0,0,0,0,0,1753378944,1753378885.09573,100,100,0,0,0,0,1,0,0,0,0,0,0,1753378944
393,1753378885.11238,-37.175,-83.51,0,0,0,0.856019227979263,0.516943982777426,3.5,0,0,0,0,0,1753378944,1753378885.10436,100,100,0,0,0,0,1,0,0,0,0,0,0,1753378944
394,1753378885.12108,-37.175,-83.51,0,0,0,0.856019227979263,0.516943982777426,3.5,0,0,0,0,0,1753378944,1753378885.1124,100,100,0,0,0,0,1,0,0,0,0,0,0,1753378944
395,1753378885.12919,-37.175,-83.51,0,0,0,0.856019227979263,0.516943982777426,3.5,0,0,0,0,0,1753378944,1753378885.12111,100,100,0,0,0,0,1,0,0,0,0,0,0,1753378944
396,1753378885.13786,-37.175,-83.51,0,0,0,0.856019227979263,0.516943982777426,3.5,0,0,0,0,0,1753378944,1753378885.12921,100,100,0,0,0,0,1,0,0,0,0,0,0,1753378944
397,1753378885.1461,-37.175,-83.51,0,0,0,0.856019227979263,0.516943982777426,3.5,0,0,0,0,0,1753378944,1753378885.13791,100,100,0,0,0,0,1,0,0,0,0,0,0,1753378944
398,1753378885.15415,-37.175,-83.51,0,0,0,0.856019227979263,0.516943982777426,3.5,0,0,0,0,0,1753378944,1753378885.14615,100,100,0,0,0,0,1,0,0,0,0,0,0,1753378944
399,1753378885.16304,-37.175,-83.51,0,0,0,0.856019227979263,0.516943982777426,3.5,0,0,0,0,0,1753378944,1753378885.15417,100,100,0,0,0,0,1,0,0,0,0,0,0,1753378944
400,1753378885.17122,-37.175,-83.51,0,0,0,0.856019227979263,0.516943982777426,3.5,0,0,0,0,0,1753378944,1753378885.16309,100,100,0,0,0,0,1,0,0,0,0,0,0,1753378944
401,1753378885.17923,-37.175,-83.51,0,0,0,0.856019227979263,0.516943982777426,3.5,0,0,0,0,0,1753378944,1753378885.17127,100,100,0,0,0,0,1,0,0,0,0,0,0,1753378944
402,1753378885.18778,-37.175,-83.51,0,0,0,0.856019227979263,0.516943982777426,3.5,0,0,0,0,0,1753378944,1753378885.17926,100,100,0,0,0,0,1,0,0,0,0,0,0,1753378944
403,1753378885.19595,-37.175,-83.51,0,0,0,0.856019227979263,0.516943982777426,3.5,0,0,0,0,0,1753378944,1753378885.18781,100,100,0,0,0,0,1,0,0,0,0,0,0,1753378944
404,1753378885.20421,-37.175,-83.51,0,0,0,0.856019227979263,0.516943982777426,3.5,0,0,0,0,0,1753378944,1753378885.19598,100,100,0,0,0,0,1,0,0,0,0,0,0,1753378944
405,1753378885.21333,-37.175,-83.51,0,0,0,0.856019227979263,0.516943982777426,3.5,0,0,0,0,0,1753378944,1753378885.20432,100,100,0,0,0,0,1,0,0,0,0,0,0,1753378944
406,1753378885.22119,-37.175,-83.51,0,0,0,0.856019227979263,0.516943982777426,3.5,0,0,0,0,0,1753378944,1753378885.21338,100,100,0,0,0,0,1,0,0,0,0,0,0,1753378944
407,1753378885.22919,-37.175,-83.51,0,0,0,0.856019227979263,0.516943982777426,3.5,0,0,0,0,0,1753378944,1753378885.22124,100,100,0,0,0,0,1,0,0,0,0,0,0,1753378944
408,1753378885.23757,-37.175,-83.51,0,0,0,0.856019227979263,0.516943982777426,3.5,0,0,0,0,0,1753378944,1753378885.22921,100,100,0,0,0,0,1,0,0,0,0,0,0,1753378944
409,1753378885.2458,-37.175,-83.51,0,0,0,0.856019227979263,0.516943982777426,3.5,0,0,0,0,0,1753378944,1753378885.2376,100,100,0,0,0,0,1,0,0,0,0,0,0,1753378944
410,1753378885.25432,-37.175,-83.51,0,0,0,0.856019227979263,0.516943982777426,3.5,0,0,0,0,0,1753378944,1753378885.24583,100,100,0,0,0,0,1,0,0,0,0,0,0,1753378944
411,1753378885.26241,-37.175,-83.51,0,0,0,0.856019227979263,0.516943982777426,3.5,0,0,0,0,0,1753378944,1753378885.25434,100,100,0,0,0,0,1,0,0,0,0,0,0,1753378944
412,1753378885.27088,-37.175,-83.51,0,0,0,0.856019227979263,0.516943982777426,3.5,0,0,0,0,0,1753378944,1753378885.26244,100,100,0,0,0,0,1,0,0,0,0,0,0,1753378944
413,1753378885.27922,-37.175,-83.51,0,0,0,0.856019227979263,0.516943982777426,3.5,0,0,0,0,0,1753378944,1753378885.2709,100,100,0,0,0,0,1,0,0,0,0,0,0,1753378944
414,1753378885.28767,-37.175,-83.51,0,0,0,0.856019227979263,0.516943982777426,3.5,0,0,0,0,0,1753378944,1753378885.27924,100,100,0,0,0,0,1,0,0,0,0,0,0,1753378944
415,1753378885.29581,-37.175,-83.51,0,0,0,0.856019227979263,0.516943982777426,3.5,0,0,0,0,0,1753378944,1753378885.2877,100,100,0,0,0,0,1,0,0,0,0,0,0,1753378944
416,1753378885.30416,-37.175,-83.51,0,0,0,0.856019227979263,0.516943982777426,3.5,0,0,0,0,0,1753378944,1753378885.29584,100,100,0,0,0,0,1,0,0,0,0,0,0,1753378944
417,1753378885.31247,-37.175,-83.51,0,0,0,0.856019227979263,0.516943982777426,3.5,0,0,0,0,0,1753378944,1753378885.30419,100,100,0,0,0,0,1,0,0,0,0,0,0,1753378944
418,1753378885.32086,-37.175,-83.51,0,0,0,0.856019227979263,0.516943982777426,3.5,0,0,0,0,0,1753378944,1753378885.3125,100,100,0,0,0,0,1,0,0,0,0,0,0,1753378944
419,1753378885.32918,-37.175,-83.51,0,0,0,0.856019227979263,0.516943982777426,3.5,0,0,0,0,0,1753378944,1753378885.32089,100,100,0,0,0,0,1,0,0,0,0,0,0,1753378944
420,1753378885.3377,-37.175,-83.51,0,0,0,0.856019227979263,0.516943982777426,3.5,0,0,0,0,0,1753378944,1753378885.32921,100,100,0,0,0,0,1,0,0,0,0,0,0,1753378944
421,1753378885.34587,-37.175,-83.51,0,0,0,0.856019227979263,0.516943982777426,3.5,0,0,0,0,0,1753378944,1753378885.33773,100,100,0,0,0,0,1,0,0,0,0,0,0,1753378944
422,1753378885.35417,-37.175,-83.51,0,0,0,0.856019227979263,0.516943982777426,3.5,0,0,0,0,0,1753378944,1753378885.3459,100,100,0,0,0,0,1,0,0,0,0,0,0,1753378944
423,1753378885.36291,-37.175,-83.51,0,0,0,0.856019227979263,0.516943982777426,3.5,0,0,0,0,0,1753378944,1753378885.3542,100,100,0,0,0,0,1,0,0,0,0,0,0,1753378944
424,1753378885.37119,-37.175,-83.51,0,0,0,0.856019227979263,0.516943982777426,3.5,0,0,0,0,0,1753378944,1753378885.36295,100,100,0,0,0,0,1,0,0,0,0,0,0,1753378944
425,1753378885.37946,-37.175,-83.51,0,0,0,0.856019227979263,0.516943982777426,3.5,0,0,0,0,0,1753378944,1753378885.37123,100,100,0,0,0,0,1,0,0,0,0,0,0,1753378944
426,1753378885.38748,-37.175,-83.51,0,0,0,0.856019227979263,0.516943982777426,3.5,0,0,0,0,0,1753378944,1753378885.37949,100,100,0,0,0,0,1,0,0,0,0,0,0,1753378944
427,1753378885.39606,-37.175,-83.51,0,0,0,0.856019227979263,0.516943982777426,3.5,0,0,0,0,0,1753378944,1753378885.3875,100,100,0,0,0,0,1,0,0,0,0,0,0,1753378944
428,1753378885.40426,-37.175,-83.51,0,0,0,0.856019227979263,0.516943982777426,3.5,0,0,0,0,0,1753378944,1753378885.3961,100,100,0,0,0,0,1,0,0,0,0,0,0,1753378944
429,1753378885.41243,-37.175,-83.51,0,0,0,0.856019227979263,0.516943982777426,3.5,0,0,0,0,0,1753378944,1753378885.40429,100,100,0,0,0,0,1,0,0,0,0,0,0,1753378944
430,1753378885.42093,-37.175,-83.51,0,0,0,0.856019227979263,0.516943982777426,3.5,0,0,0,0,0,1753378944,1753378885.41245,100,100,0,0,0,0,1,0,0,0,0,0,0,1753378944
431,1753378885.4292,-37.175,-83.51,0,0,0,0.856019227979263,0.516943982777426,3.5,0,0,0,0,0,1753378944,1753378885.42096,100,100,0,0,0,0,1,0,0,0,0,0,0,1753378944
432,1753378885.43783,-37.175,-83.51,0,0,0,0.856019227979263,0.516943982777426,3.5,0,0,0,0,0,1753378944,1753378885.42923,100,100,0,0,0,0,1,0,0,0,0,0,0,1753378944
433,1753378885.44588,-37.175,-83.51,0,0,0,0.856019227979263,0.516943982777426,3.5,0,0,0,0,0,1753378944,1753378885.43786,100,100,0,0,0,0,1,0,0,0,0,0,0,1753378944
434,1753378885.45431,-37.175,-83.51,0,0,0,0.856019227979263,0.516943982777426,3.5,0,0,0,0,0,1753378944,1753378885.44591,100,100,0,0,0,0,1,0,0,0,0,0,0,1753378944
435,1753378885.4627,-37.175,-83.51,0,0,0,0.856019227979263,0.516943982777426,3.5,0,0,0,0,0,1753378944,1753378885.45433,100,100,0,0,0,0,1,0,0,0,0,0,0,1753378944
436,1753378885.47123,-37.175,-83.51,0,0,0,0.856019227979263,0.516943982777426,3.5,0,0,0,0,0,1753378944,1753378885.46274,100,100,0,0,0,0,1,0,0,0,0,0,0,1753378944
437,1753378885.47916,-37.175,-83.51,0,0,0,0.856019227979263,0.516943982777426,3.5,0,0,0,0,0,1753378944,1753378885.47127,100,100,0,0,0,0,1,0,0,0,0,0,0,1753378944
438,1753378885.48787,-37.175,-83.51,0,0,0,0.856019227979263,0.516943982777426,3.5,0,0,0,0,0,1753378944,1753378885.47918,100,100,0,0,0,0,1,0,0,0,0,0,0,1753378944
439,1753378885.49605,-37.175,-83.51,0,0,0,0.856019227979263,0.516943982777426,3.5,0,0,0,0,0,1753378944,1753378885.48792,100,100,0,0,0,0,1,0,0,0,0,0,0,1753378944
440,1753378885.50445,-37.175,-83.51,0,0,0,0.856019227979263,0.516943982777426,3.5,0,0,0,0,0,1753378944,1753378885.49609,100,100,0,0,0,0,1,0,0,0,0,0,0,1753378944
441,1753378885.51254,-37.175,-83.51,0,0,0,0.856019227979263,0.516943982777426,3.5,0,0,0,0,0,1753378944,1753378885.50449,100,100,0,0,0,0,1,0,0,0,0,0,0,1753378944
442,1753378885.5209,-37.175,-83.51,0,0,0,0.856019227979263,0.516943982777426,3.5,0,0,0,0,0,1753378944,1753378885.51258,100,100,0,0,0,0,1,0,0,0,0,0,0,1753378944
443,1753378885.52933,-37.175,-83.51,0,0,0,0.856019227979263,0.516943982777426,3.5,0,0,0,0,0,1753378944,1753378885.52092,100,100,0,0,0,0,1,0,0,0,0,0,0,1753378944
444,1753378885.53789,-37.175,-83.51,0,0,0,0.856019227979263,0.516943982777426,3.5,0,0,0,0,0,1753378944,1753378885.52936,100,100,0,0,0,0,1,0,0,0,0,0,0,1753378944
445,1753378885.54577,-37.175,-83.51,0,0,0,0.856019227979263,0.516943982777426,3.5,0,0,0,0,0,1753378944,1753378885.53791,100,100,0,0,0,0,1,0,0,0,0,0,0,1753378944
446,1753378885.55417,-37.175,-83.51,0,0,0,0.856019227979263,0.516943982777426,3.5,0,0,0,0,0,1753378944,1753378885.5458,100,100,0,0,0,0,1,0,0,0,0,0,0,1753378944
447,1753378885.56245,-37.175,-83.51,0,0,0,0.856019227979263,0.516943982777426,3.5,0,0,0,0,0,1753378944,1753378885.5542,100,100,0,0,0,0,1,0,0,0,0,0,0,1753378944
448,1753378885.57125,-37.175,-83.51,0,0,0,0.856019227979263,0.516943982777426,3.5,0,0,0,0,0,1753378944,1753378885.56248,100,100,0,0,0,0,1,0,0,0,0,0,0,1753378944
449,1753378885.57942,-37.175,-83.51,0,0,0,0.856019227979263,0.516943982777426,3.5,0,0,0,0,0,1753378944,1753378885.57131,100,100,0,0,0,0,1,0,0,0,0,0,0,1753378944
450,1753378885.58786,-37.175,-83.51,0,0,0,0.856019227979263,0.516943982777426,3.5,0,0,0,0,0,1753378944,1753378885.57946,100,100,0,0,0,0,1,0,0,0,0,0,0,1753378944
451,1753378885.59604,-37.175,-83.51,0,0,0,0.856019227979263,0.516943982777426,3.5,0,0,0,0,0,1753378944,1753378885.58791,100,100,0,0,0,0,1,0,0,0,0,0,0,1753378944
452,1753378885.60437,-37.175,-83.51,0,0,0,0.856019227979263,0.516943982777426,3.5,0,0,0,0,0,1753378944,1753378885.59608,100,100,0,0,0,0,1,0,0,0,0,0,0,1753378944
453,1753378885.6127,-37.175,-83.51,0,0,0,0.856019227979263,0.516943982777426,3.5,0,0,0,0,0,1753378944,1753378885.60442,100,100,0,0,0,0,1,0,0,0,0,0,0,1753378944
454,1753378885.6212,-37.175,-83.51,0,0,0,0.856019227979263,0.516943982777426,3.5,0,0,0,0,0,1753378944,1753378885.61274,100,100,0,0,0,0,1,0,0,0,0,0,0,1753378944
455,1753378885.62943,-37.175,-83.51,0,0,0,0.856019227979263,0.516943982777426,3.5,0,0,0,0,0,1753378944,1753378885.62125,100,100,0,0,0,0,1,0,0,0,0,0,0,1753378944
456,1753378885.63792,-37.175,-83.51,0,0,0,0.856019227979263,0.516943982777426,3.5,0,0,0,0,0,1753378944,1753378885.62947,100,100,0,0,0,0,1,0,0,0,0,0,0,1753378944
457,1753378885.64601,-37.175,-83.51,0,0,0,0.856019227979263,0.516943982777426,3.5,0,0,0,0,0,1753378944,1753378885.63796,100,100,0,0,0,0,1,0,0,0,0,0,0,1753378944
458,1753378885.65438,-37.175,-83.51,0,0,0,0.856019227979263,0.516943982777426,3.5,0,0,0,0,0,1753378944,1753378885.64605,100,100,0,0,0,0,1,0,0,0,0,0,0,1753378944
459,1753378885.66261,-37.175,-83.51,0,0,0,0.856019227979263,0.516943982777426,3.5,0,0,0,0,0,1753378944,1753378885.65443,100,100,0,0,0,0,1,0,0,0,0,0,0,1753378944
460,1753378885.67091,-37.175,-83.51,0,0,0,0.856019227979263,0.516943982777426,3.5,0,0,0,0,0,1753378944,1753378885.66264,100,100,0,0,0,0,1,0,0,0,0,0,0,1753378944
461,1753378885.67911,-37.175,-83.51,0,0,0,0.856019227979263,0.516943982777426,3.5,0,0,0,0,0,1753378944,1753378885.67094,100,100,0,0,0,0,1,0,0,0,0,0,0,1753378944
462,1753378885.68758,-37.175,-83.51,0,0,0,0.856019227979263,0.516943982777426,3.5,0,0,0,0,0,1753378944,1753378885.67913,100,100,0,0,0,0,1,0,0,0,0,0,0,1753378944
463,1753378885.69581,-37.175,-83.51,0,0,0,0.856019227979263,0.516943982777426,3.5,0,0,0,0,0,1753378944,1753378885.68761,100,100,0,0,0,0,1,0,0,0,0,0,0,1753378944
464,1753378885.70414,-37.175,-83.51,0,0,0,0.856019227979263,0.516943982777426,3.5,0,0,0,0,0,1753378944,1753378885.69583,100,100,0,0,0,0,1,0,0,0,0,0,0,1753378944
465,1753378885.7124,-37.175,-83.51,0,0,0,0.856019227979263,0.516943982777426,3.5,0,0,0,0,0,1753378944,1753378885.70417,100,100,0,0,0,0,1,0,0,0,0,0,0,1753378944
466,1753378885.72079,-37.175,-83.51,0,0,0,0.856019227979263,0.516943982777426,3.5,0,0,0,0,0,1753378944,1753378885.71243,100,100,0,0,0,0,1,0,0,0,0,0,0,1753378944
467,1753378885.72945,-37.175,-83.51,0,0,0,0.856019227979263,0.516943982777426,3.5,0,0,0,0,0,1753378944,1753378885.72082,100,100,0,0,0,0,1,0,0,0,0,0,0,1753378944
468,1753378885.73762,-37.175,-83.51,0,0,0,0.856019227979263,0.516943982777426,3.5,0,0,0,0,0,1753378944,1753378885.72949,100,100,0,0,0,0,1,0,0,0,0,0,0,1753378944
469,1753378885.74584,-37.175,-83.51,0,0,0,0.856019227979263,0.516943982777426,3.5,0,0,0,0,0,1753378944,1753378885.73765,100,100,0,0,0,0,1,0,0,0,0,0,0,1753378944
470,1753378885.75411,-37.175,-83.51,0,0,0,0.856019227979263,0.516943982777426,3.5,0,0,0,0,0,1753378944,1753378885.74586,100,100,0,0,0,0,1,0,0,0,0,0,0,1753378944
471,1753378885.76248,-37.175,-83.51,0,0,0,0.856019227979263,0.516943982777426,3.5,0,0,0,0,0,1753378944,1753378885.75414,100,100,0,0,0,0,1,0,0,0,0,0,0,1753378944
472,1753378885.77102,-37.175,-83.51,0,0,0,0.856019227979263,0.516943982777426,3.5,0,0,0,0,0,1753378944,1753378885.76251,100,100,0,0,0,0,1,0,0,0,0,0,0,1753378944
473,1753378885.77941,-37.175,-83.51,0,0,0,0.856019227979263,0.516943982777426,3.5,0,0,0,0,0,1753378944,1753378885.77105,100,100,0,0,0,0,1,0,0,0,0,0,0,1753378944
474,1753378885.78758,-37.175,-83.51,0,0,0,0.856019227979263,0.516943982777426,3.5,0,0,0,0,0,1753378944,1753378885.77945,100,100,0,0,0,0,1,0,0,0,0,0,0,1753378944
475,1753378885.79585,-37.175,-83.51,0,0,0,0.856019227979263,0.516943982777426,3.5,0,0,0,0,0,1753378944,1753378885.78761,100,100,0,0,0,0,1,0,0,0,0,0,0,1753378944
476,1753378885.80426,-37.175,-83.51,0,0,0,0.856019227979263,0.516943982777426,3.5,0,0,0,0,0,1753378944,1753378885.79588,100,100,0,0,0,0,1,0,0,0,0,0,0,1753378944
477,1753378885.81238,-37.175,-83.51,0,0,0,0.856019227979263,0.516943982777426,3.5,0,0,0,0,0,1753378944,1753378885.8043,100,100,0,0,0,0,1,0,0,0,0,0,0,1753378944
478,1753378885.8208,-37.175,-83.51,0,0,0,0.856019227979263,0.516943982777426,3.5,0,0,0,0,0,1753378944,1753378885.8124,100,100,0,0,0,0,1,0,0,0,0,0,0,1753378944
479,1753378885.82917,-37.175,-83.51,0,0,0,0.856019227979263,0.516943982777426,3.5,0,0,0,0,0,1753378944,1753378885.82082,100,100,0,0,0,0,1,0,0,0,0,0,0,1753378944
480,1753378885.8375,-37.175,-83.51,0,0,0,0.856019227979263,0.516943982777426,3.5,0,0,0,0,0,1753378944,1753378885.82919,100,100,0,0,0,0,1,0,0,0,0,0,0,1753378944
481,1753378885.84575,-37.175,-83.51,0,0,0,0.856019227979263,0.516943982777426,3.5,0,0,0,0,0,1753378944,1753378885.83752,100,100,0,0,0,0,1,0,0,0,0,0,0,1753378944
482,1753378885.85417,-37.175,-83.51,0,0,0,0.856019227979263,0.516943982777426,3.5,0,0,0,0,0,1753378944,1753378885.84578,100,100,0,0,0,0,1,0,0,0,0,0,0,1753378944
483,1753378885.86257,-37.175,-83.51,0,0,0,0.856019227979263,0.516943982777426,3.5,0,0,0,0,0,1753378944,1753378885.8542,100,100,0,0,0,0,1,0,0,0,0,0,0,1753378944
484,1753378885.87105,-37.175,-83.51,0,0,0,0.856019227979263,0.516943982777426,3.5,0,0,0,0,0,1753378944,1753378885.86259,100,100,0,0,0,0,1,0,0,0,0,0,0,1753378944
485,1753378885.87947,-37.175,-83.51,0,0,0,0.856019227979263,0.516943982777426,3.5,0,0,0,0,0,1753378944,1753378885.8711,100,100,0,0,0,0,1,0,0,0,0,0,0,1753378944
486,1753378885.88781,-37.175,-83.51,0,0,0,0.856019227979263,0.516943982777426,3.5,0,0,0,0,0,1753378944,1753378885.87951,100,100,0,0,0,0,1,0,0,0,0,0,0,1753378944
487,1753378885.89601,-37.175,-83.51,0,0,0,0.856019227979263,0.516943982777426,3.5,0,0,0,0,0,1753378944,1753378885.88787,100,100,0,0,0,0,1,0,0,0,0,0,0,1753378944
488,1753378885.90415,-37.175,-83.51,0,0,0,0.856019227979263,0.516943982777426,3.5,0,0,0,0,0,1753378944,1753378885.89605,100,100,0,0,0,0,1,0,0,0,0,0,0,1753378944
489,1753378885.91282,-37.175,-83.51,0,0,0,0.856019227979263,0.516943982777426,3.5,0,0,0,0,0,1753378944,1753378885.90418,100,100,0,0,0,0,1,0,0,0,0,0,0,1753378944
490,1753378885.92113,-37.175,-83.51,0,0,0,0.856019227979263,0.516943982777426,3.5,0,0,0,0,0,1753378944,1753378885.91286,100,100,0,0,0,0,1,0,0,0,0,0,0,1753378944
491,1753378885.92953,-37.175,-83.51,0,0,0,0.856019227979263,0.516943982777426,3.5,0,0,0,0,0,1753378944,1753378885.92118,100,100,0,0,0,0,1,0,0,0,0,0,0,1753378944
492,1753378885.93749,-37.175,-83.51,0,0,0,0.856019227979263,0.516943982777426,3.5,0,0,0,0,0,1753378944,1753378885.92956,100,100,0,0,0,0,1,0,0,0,0,0,0,1753378944
493,1753378885.94578,-37.175,-83.51,0,0,0,0.856019227979263,0.516943982777426,3.5,0,0,0,0,0,1753378944,1753378885.93752,100,100,0,0,0,0,1,0,0,0,0,0,0,1753378944
494,1753378885.95431,-37.175,-83.51,0,0,0,0.856019227979263,0.516943982777426,3.5,0,0,0,0,0,1753378944,1753378885.94581,100,100,0,0,0,0,1,0,0,0,0,0,0,1753378944
495,1753378885.96236,-37.175,-83.51,0,0,0,0.856019227979263,0.516943982777426,3.5,0,0,0,0,0,1753378944,1753378885.95434,100,100,0,0,0,0,1,0,0,0,0,0,0,1753378944
496,1753378885.97092,-37.175,-83.51,0,0,0,0.856019227979263,0.516943982777426,3.5,0,0,0,0,0,1753378944,1753378885.96239,100,100,0,0,0,0,1,0,0,0,0,0,0,1753378944
497,1753378885.97914,-37.175,-83.51,0,0,0,0.856019227979263,0.516943982777426,3.5,0,0,0,0,0,1753378944,1753378885.97095,100,100,0,0,0,0,1,0,0,0,0,0,0,1753378944
498,1753378885.98789,-37.175,-83.51,0,0,0,0.856019227979263,0.516943982777426,3.5,0,0,0,0,0,1753378944,1753378885.97917,100,100,0,0,0,0,1,0,0,0,0,0,0,1753378944
499,1753378885.99607,-37.175,-83.51,0,0,0,0.856019227979263,0.516943982777426,3.5,0,0,0,0,0,1753378944,1753378885.98793,100,100,0,0,0,0,1,0,0,0,0,0,0,1753378944
500,1753378886.00441,-37.175,-83.51,0,0,0,0.856019227979263,0.516943982777426,3.5,0,0,0,0,0,1753378944,1753378885.99611,100,100,0,0,0,0,1,0,0,0,0,0,0,1753378944
501,1753378886.01251,-37.175,-83.51,0,0,0,0.856019227979263,0.516943982777426,3.5,0,0,0,0,0,1753378944,1753378886.00446,100,100,0,0,0,0,1,0,0,0,0,0,0,1753378944
502,1753378886.02089,-37.175,-83.51,0,0,0,0.856019227979263,0.516943982777426,3.5,0,0,0,0,0,1753378944,1753378886.01254,100,100,0,0,0,0,1,0,0,0,0,0,0,1753378944
503,1753378886.02945,-37.175,-83.51,0,0,0,0.856019227979263,0.516943982777426,3.5,0,0,0,0,0,1753378944,1753378886.02092,100,100,0,0,0,0,1,0,0,0,0,0,0,1753378944
504,1753378886.0378,-37.175,-83.51,0,0,0,0.856019227979263,0.516943982777426,3.5,0,0,0,0,0,1753378944,1753378886.02948,100,100,0,0,0,0,1,0,0,0,0,0,0,1753378944
505,1753378886.04606,-37.175,-83.51,0,0,0,0.856019227979263,0.516943982777426,3.5,0,0,0,0,0,1753378944,1753378886.03785,100,100,0,0,0,0,1,0,0,0,0,0,0,1753378944
506,1753378886.05415,-37.175,-83.51,0,0,0,0.856019227979263,0.516943982777426,3.5,0,0,0,0,0,1753378944,1753378886.0461,100,100,0,0,0,0,1,0,0,0,0,0,0,1753378944
507,1753378886.06242,-37.175,-83.51,0,0,0,0.856019227979263,0.516943982777426,3.5,0,0,0,0,0,1753378944,1753378886.05418,100,100,0,0,0,0,1,0,0,0,0,0,0,1753378944
508,1753378886.07099,-37.175,-83.51,0,0,0,0.856019227979263,0.516943982777426,3.5,0,0,0,0,0,1753378944,1753378886.06245,100,100,0,0,0,0,1,0,0,0,0,0,0,1753378944
509,1753378886.07943,-37.175,-83.51,0,0,0,0.856019227979263,0.516943982777426,3.5,0,0,0,0,0,1753378944,1753378886.07102,100,100,0,0,0,0,1,0,0,0,0,0,0,1753378944
510,1753378886.08788,-37.175,-83.51,0,0,0,0.856019227979263,0.516943982777426,3.5,0,0,0,0,0,1753378944,1753378886.07948,100,100,0,0,0,0,1,0,0,0,0,0,0,1753378944
511,1753378886.09602,-37.175,-83.51,0,0,0,0.856019227979263,0.516943982777426,3.5,0,0,0,0,0,1753378944,1753378886.08792,100,100,0,0,0,0,1,0,0,0,0,0,0,1753378944
512,1753378886.10448,-37.175,-83.51,0,0,0,0.856019227979263,0.516943982777426,3.5,0,0,0,0,0,1753378944,1753378886.09606,100,100,0,0,0,0,1,0,0,0,0,0,0,1753378944
513,1753378886.11238,-37.175,-83.51,0,0,0,0.856019227979263,0.516943982777426,3.5,0,0,0,0,0,1753378944,1753378886.10452,100,100,0,0,0,0,1,0,0,0,0,0,0,1753378944
514,1753378886.12095,-37.175,-83.51,0,0,0,0.856019227979263,0.516943982777426,3.5,0,0,0,0,0,1753378944,1753378886.1124,100,100,0,0,0,0,1,0,0,0,0,0,0,1753378944
515,1753378886.12917,-37.175,-83.51,0,0,0,0.856019227979263,0.516943982777426,3.5,0,0,0,0,0,1753378944,1753378886.12097,100,100,0,0,0,0,1,0,0,0,0,0,0,1753378944
516,1753378886.13762,-37.175,-83.51,0,0,0,0.856019227979263,0.516943982777426,3.5,0,0,0,0,0,1753378944,1753378886.12919,100,100,0,0,0,0,1,0,0,0,0,0,0,1753378944
517,1753378886.14594,-37.175,-83.51,0,0,0,0.856019227979263,0.516943982777426,3.5,0,0,0,0,0,1753378944,1753378886.13765,100,100,0,0,0,0,1,0,0,0,0,0,0,1753378944
518,1753378886.1544,-37.175,-83.51,0,0,0,0.856019227979263,0.516943982777426,3.5,0,0,0,0,0,1753378944,1753378886.14597,100,100,0,0,0,0,1,0,0,0,0,0,0,1753378944
519,1753378886.1626,-37.175,-83.51,0,0,0,0.856019227979263,0.516943982777426,3.5,0,0,0,0,0,1753378944,1753378886.15444,100,100,0,0,0,0,1,0,0,0,0,0,0,1753378944
520,1753378886.17118,-37.175,-83.51,0,0,0,0.856019227979263,0.516943982777426,3.5,0,0,0,0,0,1753378944,1753378886.16263,100,100,0,0,0,0,1,0,0,0,0,0,0,1753378944
521,1753378886.17947,-37.175,-83.51,0,0,0,0.856019227979263,0.516943982777426,3.5,0,0,0,0,0,1753378944,1753378886.17123,100,100,0,0,0,0,1,0,0,0,0,0,0,1753378944
522,1753378886.18796,-37.175,-83.51,0,0,0,0.856019227979263,0.516943982777426,3.5,0,0,0,0,0,1753378944,1753378886.17952,100,100,0,0,0,0,1,0,0,0,0,0,0,1753378944
523,1753378886.196,-37.175,-83.51,0,0,0,0.856019227979263,0.516943982777426,3.5,0,0,0,0,0,1753378944,1753378886.18801,100,100,0,0,0,0,1,0,0,0,0,0,0,1753378944
524,1753378886.20445,-37.175,-83.51,0,0,0,0.856019227979263,0.516943982777426,3.5,0,0,0,0,0,1753378944,1753378886.19604,100,100,0,0,0,0,1,0,0,0,0,0,0,1753378944
525,1753378886.21273,-37.175,-83.51,0,0,0,0.856019227979263,0.516943982777426,3.5,0,0,0,0,0,1753378944,1753378886.20451,100,100,0,0,0,0,1,0,0,0,0,0,0,1753378944
526,1753378886.22118,-37.175,-83.51,0,0,0,0.856019227979263,0.516943982777426,3.5,0,0,0,0,0,1753378944,1753378886.21277,100,100,0,0,0,0,1,0,0,0,0,0,0,1753378944
527,1753378886.22944,-37.175,-83.51,0,0,0,0.856019227979263,0.516943982777426,3.5,0,0,0,0,0,1753378944,1753378886.22121,100,100,0,0,0,0,1,0,0,0,0,0,0,1753378944
528,1753378886.23776,-37.175,-83.51,0,0,0,0.856019227979263,0.516943982777426,3.5,0,0,0,0,0,1753378944,1753378886.22946,100,100,0,0,0,0,1,0,0,0,0,0,0,1753378944
529,1753378886.24575,-37.175,-83.51,0,0,0,0.856019227979263,0.516943982777426,3.5,0,0,0,0,0,1753378944,1753378886.23781,100,100,0,0,0,0,1,0,0,0,0,0,0,1753378944
530,1753378886.25487,-37.175,-83.51,0,0,0,0.856019227979263,0.516943982777426,3.5,0,0,0,0,0,1753378944,1753378886.24578,100,100,0,0,0,0,1,0,0,0,0,0,0,1753378944
531,1753378886.26263,-37.175,-83.51,0,0,0,0.856019227979263,0.516943982777426,3.5,0,0,0,0,0,1753378944,1753378886.25492,100,100,0,0,0,0,1,0,0,0,0,0,0,1753378944
532,1753378886.27115,-37.175,-83.51,0,0,0,0.856019227979263,0.516943982777426,3.5,0,0,0,0,0,1753378944,1753378886.26267,100,100,0,0,0,0,1,0,0,0,0,0,0,1753378944
533,1753378886.27945,-37.175,-83.51,0,0,0,0.856019227979263,0.516943982777426,3.5,0,0,0,0,0,1753378944,1753378886.27119,100,100,0,0,0,0,1,0,0,0,0,0,0,1753378944
534,1753378886.28789,-37.175,-83.51,0,0,0,0.856019227979263,0.516943982777426,3.5,0,0,0,0,0,1753378944,1753378886.27949,100,100,0,0,0,0,1,0,0,0,0,0,0,1753378944
535,1753378886.29579,-37.175,-83.51,0,0,0,0.856019227979263,0.516943982777426,3.5,0,0,0,0,0,1753378944,1753378886.28794,100,100,0,0,0,0,1,0,0,0,0,0,0,1753378944
536,1753378886.3044,-37.175,-83.51,0,0,0,0.856019227979263,0.516943982777426,3.5,0,0,0,0,0,1753378944,1753378886.29582,100,100,0,0,0,0,1,0,0,0,0,0,0,1753378944
537,1753378886.31238,-37.175,-83.51,0,0,0,0.856019227979263,0.516943982777426,3.5,0,0,0,0,0,1753378944,1753378886.30443,100,100,0,0,0,0,1,0,0,0,0,0,0,1753378944
538,1753378886.32094,-37.175,-83.51,0,0,0,0.856019227979263,0.516943982777426,3.5,0,0,0,0,0,1753378944,1753378886.3124,100,100,0,0,0,0,1,0,0,0,0,0,0,1753378944
539,1753378886.32915,-37.175,-83.51,0,0,0,0.856019227979263,0.516943982777426,3.5,0,0,0,0,0,1753378944,1753378886.32097,100,100,0,0,0,0,1,0,0,0,0,0,0,1753378944
540,1753378886.33752,-37.175,-83.51,0,0,0,0.856019227979263,0.516943982777426,3.5,0,0,0,0,0,1753378944,1753378886.32918,100,100,0,0,0,0,1,0,0,0,0,0,0,1753378944
541,1753378886.34578,-37.175,-83.51,0,0,0,0.856019227979263,0.516943982777426,3.5,0,0,0,0,0,1753378944,1753378886.33754,100,100,0,0,0,0,1,0,0,0,0,0,0,1753378944
542,1753378886.3543,-37.175,-83.51,0,0,0,0.856019227979263,0.516943982777426,3.5,0,0,0,0,0,1753378944,1753378886.3458,100,100,0,0,0,0,1,0,0,0,0,0,0,1753378944
543,1753378886.3626,-37.175,-83.51,0,0,0,0.856019227979263,0.516943982777426,3.5,0,0,0,0,0,1753378944,1753378886.35433,100,100,0,0,0,0,1,0,0,0,0,0,0,1753378944
544,1753378886.37121,-37.175,-83.51,0,0,0,0.856019227979263,0.516943982777426,3.5,0,0,0,0,0,1753378944,1753378886.36262,100,100,0,0,0,0,1,0,0,0,0,0,0,1753378944
545,1753378886.37948,-37.175,-83.51,0,0,0,0.856019227979263,0.516943982777426,3.5,0,0,0,0,0,1753378944,1753378886.37125,100,100,0,0,0,0,1,0,0,0,0,0,0,1753378944
546,1753378886.38787,-37.175,-83.51,0,0,0,0.856019227979263,0.516943982777426,3.5,0,0,0,0,0,1753378944,1753378886.37953,100,100,0,0,0,0,1,0,0,0,0,0,0,1753378944
547,1753378886.39574,-37.175,-83.51,0,0,0,0.856019227979263,0.516943982777426,3.5,0,0,0,0,0,1753378944,1753378886.38792,100,100,0,0,0,0,1,0,0,0,0,0,0,1753378944
548,1753378886.40417,-37.175,-83.51,0,0,0,0.856019227979263,0.516943982777426,3.5,0,0,0,0,0,1753378944,1753378886.39576,100,100,0,0,0,0,1,0,0,0,0,0,0,1753378944
549,1753378886.41237,-37.175,-83.51,0,0,0,0.856019227979263,0.516943982777426,3.5,0,0,0,0,0,1753378944,1753378886.4042,100,100,0,0,0,0,1,0,0,0,0,0,0,1753378944
550,1753378886.42086,-37.175,-83.51,0,0,0,0.856019227979263,0.516943982777426,3.5,0,0,0,0,0,1753378944,1753378886.4124,100,100,0,0,0,0,1,0,0,0,0,0,0,1753378944
551,1753378886.42918,-37.175,-83.51,0,0,0,0.856019227979263,0.516943982777426,3.5,0,0,0,0,0,1753378944,1753378886.42089,100,100,0,0,0,0,1,0,0,0,0,0,0,1753378944
552,1753378886.43769,-37.175,-83.51,0,0,0,0.856019227979263,0.516943982777426,3.5,0,0,0,0,0,1753378944,1753378886.42921,100,100,0,0,0,0,1,0,0,0,0,0,0,1753378944
553,1753378886.44576,-37.175,-83.51,0,0,0,0.856019227979263,0.516943982777426,3.5,0,0,0,0,0,1753378944,1753378886.43773,100,100,0,0,0,0,1,0,0,0,0,0,0,1753378944
554,1753378886.45455,-37.175,-83.51,0,0,0,0.856019227979263,0.516943982777426,3.5,0,0,0,0,0,1753378944,1753378886.44579,100,100,0,0,0,0,1,0,0,0,0,0,0,1753378944
555,1753378886.46263,-37.175,-83.51,0,0,0,0.856019227979263,0.516943982777426,3.5,0,0,0,0,0,1753378944,1753378886.4546,100,100,0,0,0,0,1,0,0,0,0,0,0,1753378944
556,1753378886.47113,-37.175,-83.51,0,0,0,0.856019227979263,0.516943982777426,3.5,0,0,0,0,0,1753378944,1753378886.46267,100,100,0,0,0,0,1,0,0,0,0,0,0,1753378944
557,1753378886.47947,-37.175,-83.51,0,0,0,0.856019227979263,0.516943982777426,3.5,0,0,0,0,0,1753378944,1753378886.47117,100,100,0,0,0,0,1,0,0,0,0,0,0,1753378944
558,1753378886.4876,-37.175,-83.51,0,0,0,0.856019227979263,0.516943982777426,3.5,0,0,0,0,0,1753378944,1753378886.47951,100,100,0,0,0,0,1,0,0,0,0,0,0,1753378944
559,1753378886.49601,-37.175,-83.51,0,0,0,0.856019227979263,0.516943982777426,3.5,0,0,0,0,0,1753378944,1753378886.48762,100,100,0,0,0,0,1,0,0,0,0,0,0,1753378944
560,1753378886.50431,-37.175,-83.51,0,0,0,0.856019227979263,0.516943982777426,3.5,0,0,0,0,0,1753378944,1753378886.49605,100,100,0,0,0,0,1,0,0,0,0,0,0,1753378944
561,1753378886.51288,-37.175,-83.51,0,0,0,0.856019227979263,0.516943982777426,3.5,0,0,0,0,0,1753378944,1753378886.50434,100,100,0,0,0,0,1,0,0,0,0,0,0,1753378944
562,1753378886.52121,-37.175,-83.51,0,0,0,0.856019227979263,0.516943982777426,3.5,0,0,0,0,0,1753378944,1753378886.51292,100,100,0,0,0,0,1,0,0,0,0,0,0,1753378944
563,1753378886.52935,-37.175,-83.51,0,0,0,0.856019227979263,0.516943982777426,3.5,0,0,0,0,0,1753378944,1753378886.52126,100,100,0,0,0,0,1,0,0,0,0,0,0,1753378944
564,1753378886.53775,-37.175,-83.51,0,0,0,0.856019227979263,0.516943982777426,3.5,0,0,0,0,0,1753378944,1753378886.52939,100,100,0,0,0,0,1,0,0,0,0,0,0,1753378944
565,1753378886.54578,-37.175,-83.51,0,0,0,0.856019227979263,0.516943982777426,3.5,0,0,0,0,0,1753378944,1753378886.53778,100,100,0,0,0,0,1,0,0,0,0,0,0,1753378944
566,1753378886.55418,-37.175,-83.51,0,0,0,0.856019227979263,0.516943982777426,3.5,0,0,0,0,0,1753378944,1753378886.54581,100,100,0,0,0,0,1,0,0,0,0,0,0,1753378944
567,1753378886.56239,-37.175,-83.51,0,0,0,0.856019227979263,0.516943982777426,3.5,0,0,0,0,0,1753378944,1753378886.55421,100,100,0,0,0,0,1,0,0,0,0,0,0,1753378944
568,1753378886.57098,-37.175,-83.51,0,0,0,0.856019227979263,0.516943982777426,3.5,0,0,0,0,0,1753378944,1753378886.56241,100,100,0,0,0,0,1,0,0,0,0,0,0,1753378944
569,1753378886.57915,-37.175,-83.51,0,0,0,0.856019227979263,0.516943982777426,3.5,0,0,0,0,0,1753378944,1753378886.57101,100,100,0,0,0,0,1,0,0,0,0,0,0,1753378944
570,1753378886.58757,-37.175,-83.51,0,0,0,0.856019227979263,0.516943982777426,3.5,0,0,0,0,0,1753378944,1753378886.57917,100,100,0,0,0,0,1,0,0,0,0,0,0,1753378944
571,1753378886.59587,-37.175,-83.51,0,0,0,0.856019227979263,0.516943982777426,3.5,0,0,0,0,0,1753378944,1753378886.5876,100,100,0,0,0,0,1,0,0,0,0,0,0,1753378944
572,1753378886.60424,-37.175,-83.51,0,0,0,0.856019227979263,0.516943982777426,3.5,0,0,0,0,0,1753378944,1753378886.5959,100,100,0,0,0,0,1,0,0,0,0,0,0,1753378944
573,1753378886.61243,-37.175,-83.51,0,0,0,0.856019227979263,0.516943982777426,3.5,0,0,0,0,0,1753378944,1753378886.60426,100,100,0,0,0,0,1,0,0,0,0,0,0,1753378944
574,1753378886.62093,-37.175,-83.51,0,0,0,0.856019227979263,0.516943982777426,3.5,0,0,0,0,0,1753378944,1753378886.61246,100,100,0,0,0,0,1,0,0,0,0,0,0,1753378944
575,1753378886.62913,-37.175,-83.51,0,0,0,0.856019227979263,0.516943982777426,3.5,0,0,0,0,0,1753378944,1753378886.62096,100,100,0,0,0,0,1,0,0,0,0,0,0,1753378944
576,1753378886.63759,-37.175,-83.51,0,0,0,0.856019227979263,0.516943982777426,3.5,0,0,0,0,0,1753378944,1753378886.62915,100,100,0,0,0,0,1,0,0,0,0,0,0,1753378944
577,1753378886.64577,-37.175,-83.51,0,0,0,0.856019227979263,0.516943982777426,3.5,0,0,0,0,0,1753378944,1753378886.63762,100,100,0,0,0,0,1,0,0,0,0,0,0,1753378944
578,1753378886.65434,-37.175,-83.51,0,0,0,0.856019227979263,0.516943982777426,3.5,0,0,0,0,0,1753378944,1753378886.6458,100,100,0,0,0,0,1,0,0,0,0,0,0,1753378944
579,1753378886.66254,-37.175,-83.51,0,0,0,0.856019227979263,0.516943982777426,3.5,0,0,0,0,0,1753378944,1753378886.65437,100,100,0,0,0,0,1,0,0,0,0,0,0,1753378944
580,1753378886.67099,-37.175,-83.51,0,0,0,0.856019227979263,0.516943982777426,3.5,0,0,0,0,0,1753378944,1753378886.66258,100,100,0,0,0,0,1,0,0,0,0,0,0,1753378944
581,1753378886.67939,-37.175,-83.51,0,0,0,0.856019227979263,0.516943982777426,3.5,0,0,0,0,0,1753378944,1753378886.67102,100,100,0,0,0,0,1,0,0,0,0,0,0,1753378944
582,1753378886.68751,-37.175,-83.51,0,0,0,0.856019227979263,0.516943982777426,3.5,0,0,0,0,0,1753378944,1753378886.67943,100,100,0,0,0,0,1,0,0,0,0,0,0,1753378944
583,1753378886.69609,-37.175,-83.51,0,0,0,0.856019227979263,0.516943982777426,3.5,0,0,0,0,0,1753378944,1753378886.68754,100,100,0,0,0,0,1,0,0,0,0,0,0,1753378944
584,1753378886.70468,-37.175,-83.51,0,0,0,0.856019227979263,0.516943982777426,3.5,0,0,0,0,0,1753378944,1753378886.69614,100,100,0,0,0,0,1,0,0,0,0,0,0,1753378944
585,1753378886.71334,-37.175,-83.51,0,0,0,0.856019227979263,0.516943982777426,3.5,0,0,0,0,0,1753378944,1753378886.70474,100,100,0,0,0,0,1,0,0,0,0,0,0,1753378944
586,1753378886.7214,-37.175,-83.51,0,0,0,0.856019227979263,0.516943982777426,3.5,0,0,0,0,0,1753378944,1753378886.71338,100,100,0,0,0,0,1,0,0,0,0,0,0,1753378944
587,1753378886.72974,-37.175,-83.51,0,0,0,0.856019227979263,0.516943982777426,3.5,0,0,0,0,0,1753378944,1753378886.72146,100,100,0,0,0,0,1,0,0,0,0,0,0,1753378944
588,1753378886.73771,-37.175,-83.51,0,0,0,0.856019227979263,0.516943982777426,3.5,0,0,0,0,0,1753378944,1753378886.72979,100,100,0,0,0,0,1,0,0,0,0,0,0,1753378944
589,1753378886.74582,-37.175,-83.51,0,0,0,0.856019227979263,0.516943982777426,3.5,0,0,0,0,0,1753378944,1753378886.73774,100,100,0,0,0,0,1,0,0,0,0,0,0,1753378944
590,1753378886.75413,-37.175,-83.51,0,0,0,0.856019227979263,0.516943982777426,3.5,0,0,0,0,0,1753378944,1753378886.74584,100,100,0,0,0,0,1,0,0,0,0,0,0,1753378944
591,1753378886.76245,-37.175,-83.51,0,0,0,0.856019227979263,0.516943982777426,3.5,0,0,0,0,0,1753378944,1753378886.75415,100,100,0,0,0,0,1,0,0,0,0,0,0,1753378944
592,1753378886.77094,-37.175,-83.51,0,0,0,0.856019227979263,0.516943982777426,3.5,0,0,0,0,0,1753378944,1753378886.76247,100,100,0,0,0,0,1,0,0,0,0,0,0,1753378944
593,1753378886.77907,-37.175,-83.51,0,0,0,0.856019227979263,0.516943982777426,3.5,0,0,0,0,0,1753378944,1753378886.77097,100,100,0,0,0,0,1,0,0,0,0,0,0,1753378944
594,1753378886.78768,-37.175,-83.51,0,0,0,0.856019227979263,0.516943982777426,3.5,0,0,0,0,0,1753378944,1753378886.7791,100,100,0,0,0,0,1,0,0,0,0,0,0,1753378944
595,1753378886.79572,-37.175,-83.51,0,0,0,0.856019227979263,0.516943982777426,3.5,0,0,0,0,0,1753378944,1753378886.78771,100,100,0,0,0,0,1,0,0,0,0,0,0,1753378944
596,1753378886.80416,-37.175,-83.51,0,0,0,0.856019227979263,0.516943982777426,3.5,0,0,0,0,0,1753378944,1753378886.79574,100,100,0,0,0,0,1,0,0,0,0,0,0,1753378944
597,1753378886.81252,-37.175,-83.51,0,0,0,0.856019227979263,0.516943982777426,3.5,0,0,0,0,0,1753378944,1753378886.80418,100,100,0,0,0,0,1,0,0,0,0,0,0,1753378944
598,1753378886.82088,-37.175,-83.51,0,0,0,0.856019227979263,0.516943982777426,3.5,0,0,0,0,0,1753378944,1753378886.81255,100,100,0,0,0,0,1,0,0,0,0,0,0,1753378944
599,1753378886.82948,-37.175,-83.51,0,0,0,0.856019227979263,0.516943982777426,3.5,0,0,0,0,0,1753378944,1753378886.82091,100,100,0,0,0,0,1,0,0,0,0,0,0,1753378944
600,1753378886.83781,-37.175,-83.51,0,0,0,0.856019227979263,0.516943982777426,3.5,0,0,0,0,0,1753378944,1753378886.82953,100,100,0,0,0,0,1,0,0,0,0,0,0,1753378944
601,1753378886.8458,-37.175,-83.51,0,0,0,0.856019227979263,0.516943982777426,3.5,0,0,0,0,0,1753378944,1753378886.83785,100,100,0,0,0,0,1,0,0,0,0,0,0,1753378944
602,1753378886.85438,-37.175,-83.51,0,0,0,0.856019227979263,0.516943982777426,3.5,0,0,0,0,0,1753378944,1753378886.84583,100,100,0,0,0,0,1,0,0,0,0,0,0,1753378944
603,1753378886.86239,-37.175,-83.51,0,0,0,0.856019227979263,0.516943982777426,3.5,0,0,0,0,0,1753378944,1753378886.85442,100,100,0,0,0,0,1,0,0,0,0,0,0,1753378944
604,1753378886.87093,-37.175,-83.51,0,0,0,0.856019227979263,0.516943982777426,3.5,0,0,0,0,0,1753378944,1753378886.86242,100,100,0,0,0,0,1,0,0,0,0,0,0,1753378944
605,1753378886.87923,-37.175,-83.51,0,0,0,0.856019227979263,0.516943982777426,3.5,0,0,0,0,0,1753378944,1753378886.87104,100,100,0,0,0,0,1,0,0,0,0,0,0,1753378944
606,1753378886.88761,-37.175,-83.51,0,0,0,0.856019227979263,0.516943982777426,3.5,0,0,0,0,0,1753378944,1753378886.87925,100,100,0,0,0,0,1,0,0,0,0,0,0,1753378944
607,1753378886.896,-37.175,-83.51,0,0,0,0.856019227979263,0.516943982777426,3.5,0,0,0,0,0,1753378944,1753378886.88765,100,100,0,0,0,0,1,0,0,0,0,0,0,1753378944
608,1753378886.90421,-37.175,-83.51,0,0,0,0.856019227979263,0.516943982777426,3.5,0,0,0,0,0,1753378944,1753378886.89603,100,100,0,0,0,0,1,0,0,0,0,0,0,1753378944
609,1753378886.91242,-37.175,-83.51,0,0,0,0.856019227979263,0.516943982777426,3.5,0,0,0,0,0,1753378944,1753378886.90425,100,100,0,0,0,0,1,0,0,0,0,0,0,1753378944
610,1753378886.92095,-37.175,-83.51,0,0,0,0.856019227979263,0.516943982777426,3.5,0,0,0,0,0,1753378944,1753378886.91245,100,100,0,0,0,0,1,0,0,0,0,0,0,1753378944
611,1753378886.92918,-37.175,-83.51,0,0,0,0.856019227979263,0.516943982777426,3.5,0,0,0,0,0,1753378944,1753378886.92097,100,100,0,0,0,0,1,0,0,0,0,0,0,1753378944
612,1753378886.93752,-37.175,-83.51,0,0,0,0.856019227979263,0.516943982777426,3.5,0,0,0,0,0,1753378944,1753378886.92921,100,100,0,0,0,0,1,0,0,0,0,0,0,1753378944
613,1753378886.94623,-37.175,-83.51,0,0,0,0.856019227979263,0.516943982777426,3.5,0,0,0,0,0,1753378944,1753378886.93755,100,100,0,0,0,0,1,0,0,0,0,0,0,1753378944
614,1753378886.95441,-37.175,-83.51,0,0,0,0.856019227979263,0.516943982777426,3.5,0,0,0,0,0,1753378944,1753378886.94627,100,100,0,0,0,0,1,0,0,0,0,0,0,1753378944
615,1753378886.96238,-37.175,-83.51,0,0,0,0.856019227979263,0.516943982777426,3.5,0,0,0,0,0,1753378944,1753378886.95444,100,100,0,0,0,0,1,0,0,0,0,0,0,1753378944
616,1753378886.97098,-37.175,-83.51,0,0,0,0.856019227979263,0.516943982777426,3.5,0,0,0,0,0,1753378944,1753378886.9624,100,100,0,0,0,0,1,0,0,0,0,0,0,1753378944
617,1753378886.97912,-37.175,-83.51,0,0,0,0.856019227979263,0.516943982777426,3.5,0,0,0,0,0,1753378944,1753378886.97101,100,100,0,0,0,0,1,0,0,0,0,0,0,1753378944
618,1753378886.98754,-37.175,-83.51,0,0,0,0.856019227979263,0.516943982777426,3.5,0,0,0,0,0,1753378944,1753378886.97914,100,100,0,0,0,0,1,0,0,0,0,0,0,1753378944
619,1753378886.99575,-37.175,-83.51,0,0,0,0.856019227979263,0.516943982777426,3.5,0,0,0,0,0,1753378944,1753378886.98757,100,100,0,0,0,0,1,0,0,0,0,0,0,1753378944
620,1753378887.00422,-37.175,-83.51,0,0,0,0.856019227979263,0.516943982777426,3.5,0,0,0,0,0,1753378944,1753378886.99577,100,100,0,0,0,0,1,0,0,0,0,0,0,1753378944
621,1753378887.01259,-37.175,-83.51,0,0,0,0.856019227979263,0.516943982777426,3.5,0,0,0,0,0,1753378944,1753378887.00424,100,100,0,0,0,0,1,0,0,0,0,0,0,1753378944
622,1753378887.02121,-37.175,-83.51,0,0,0,0.856019227979263,0.516943982777426,3.5,0,0,0,0,0,1753378944,1753378887.01262,100,100,0,0,0,0,1,0,0,0,0,0,0,1753378944
623,1753378887.02938,-37.175,-83.51,0,0,0,0.856019227979263,0.516943982777426,3.5,0,0,0,0,0,1753378944,1753378887.02126,100,100,0,0,0,0,1,0,0,0,0,0,0,1753378944
624,1753378887.03767,-37.175,-83.51,0,0,0,0.856019227979263,0.516943982777426,3.5,0,0,0,0,0,1753378944,1753378887.0294,100,100,0,0,0,0,1,0,0,0,0,0,0,1753378944
625,1753378887.04575,-37.175,-83.51,0,0,0,0.856019227979263,0.516943982777426,3.5,0,0,0,0,0,1753378944,1753378887.0377,100,100,0,0,0,0,1,0,0,0,0,0,0,1753378944
626,1753378887.05441,-37.175,-83.51,0,0,0,0.856019227979263,0.516943982777426,3.5,0,0,0,0,0,1753378944,1753378887.04578,100,100,0,0,0,0,1,0,0,0,0,0,0,1753378944
627,1753378887.06301,-37.175,-83.51,0,0,0,0.856019227979263,0.516943982777426,3.5,0,0,0,0,0,1753378944,1753378887.05446,100,100,0,0,0,0,1,0,0,0,0,0,0,1753378944
628,1753378887.07116,-37.175,-83.51,0,0,0,0.856019227979263,0.516943982777426,3.5,0,0,0,0,0,1753378944,1753378887.06305,100,100,0,0,0,0,1,0,0,0,0,0,0,1753378944
629,1753378887.07919,-37.175,-83.51,0,0,0,0.856019227979263,0.516943982777426,3.5,0,0,0,0,0,1753378944,1753378887.07118,100,100,0,0,0,0,1,0,0,0,0,0,0,1753378944
630,1753378887.08762,-37.175,-83.51,0,0,0,0.856019227979263,0.516943982777426,3.5,0,0,0,0,0,1753378944,1753378887.07921,100,100,0,0,0,0,1,0,0,0,0,0,0,1753378944
631,1753378887.09574,-37.175,-83.51,0,0,0,0.856019227979263,0.516943982777426,3.5,0,0,0,0,0,1753378944,1753378887.08765,100,100,0,0,0,0,1,0,0,0,0,0,0,1753378944
632,1753378887.10408,-37.175,-83.51,0,0,0,0.856019227979263,0.516943982777426,3.5,0,0,0,0,0,1753378944,1753378887.09576,100,100,0,0,0,0,1,0,0,0,0,0,0,1753378944
633,1753378887.11238,-37.175,-83.51,0,0,0,0.856019227979263,0.516943982777426,3.5,0,0,0,0,0,1753378944,1753378887.1041,100,100,0,0,0,0,1,0,0,0,0,0,0,1753378944
634,1753378887.12103,-37.175,-83.51,0,0,0,0.856019227979263,0.516943982777426,3.5,0,0,0,0,0,1753378944,1753378887.1124,100,100,0,0,0,0,1,0,0,0,0,0,0,1753378944
635,1753378887.12911,-37.175,-83.51,0,0,0,0.856019227979263,0.516943982777426,3.5,0,0,0,0,0,1753378944,1753378887.12109,100,100,0,0,0,0,1,0,0,0,0,0,0,1753378944
636,1753378887.13787,-37.175,-83.51,0,0,0,0.856019227979263,0.516943982777426,3.5,0,0,0,0,0,1753378944,1753378887.12914,100,100,0,0,0,0,1,0,0,0,0,0,0,1753378944
637,1753378887.14574,-37.175,-83.51,0,0,0,0.856019227979263,0.516943982777426,3.5,0,0,0,0,0,1753378944,1753378887.13792,100,100,0,0,0,0,1,0,0,0,0,0,0,1753378944
638,1753378887.15415,-37.175,-83.51,0,0,0,0.856019227979263,0.516943982777426,3.5,0,0,0,0,0,1753378944,1753378887.14576,100,100,0,0,0,0,1,0,0,0,0,0,0,1753378944
639,1753378887.1624,-37.175,-83.51,0,0,0,0.856019227979263,0.516943982777426,3.5,0,0,0,0,0,1753378944,1753378887.15417,100,100,0,0,0,0,1,0,0,0,0,0,0,1753378944
640,1753378887.17086,-37.175,-83.51,0,0,0,0.856019227979263,0.516943982777426,3.5,0,0,0,0,0,1753378944,1753378887.16242,100,100,0,0,0,0,1,0,0,0,0,0,0,1753378944
641,1753378887.17923,-37.175,-83.51,0,0,0,0.856019227979263,0.516943982777426,3.5,0,0,0,0,0,1753378944,1753378887.17089,100,100,0,0,0,0,1,0,0,0,0,0,0,1753378944
642,1753378887.18749,-37.175,-83.51,0,0,0,0.856019227979263,0.516943982777426,3.5,0,0,0,0,0,1753378944,1753378887.17926,100,100,0,0,0,0,1,0,0,0,0,0,0,1753378944
643,1753378887.19597,-37.175,-83.51,0,0,0,0.856019227979263,0.516943982777426,3.5,0,0,0,0,0,1753378944,1753378887.18751,100,100,0,0,0,0,1,0,0,0,0,0,0,1753378944
644,1753378887.20437,-37.175,-83.51,0,0,0,0.856019227979263,0.516943982777426,3.5,0,0,0,0,0,1753378944,1753378887.19601,100,100,0,0,0,0,1,0,0,0,0,0,0,1753378944
645,1753378887.2124,-37.175,-83.51,0,0,0,0.856019227979263,0.516943982777426,3.5,0,0,0,0,0,1753378944,1753378887.20439,100,100,0,0,0,0,1,0,0,0,0,0,0,1753378944
646,1753378887.22118,-37.175,-83.51,0,0,0,0.856019227979263,0.516943982777426,3.5,0,0,0,0,0,1753378944,1753378887.21242,100,100,0,0,0,0,1,0,0,0,0,0,0,1753378944
647,1753378887.22964,-37.175,-83.51,0,0,0,0.856019227979263,0.516943982777426,3.5,0,0,0,0,0,1753378944,1753378887.22124,100,100,0,0,0,0,1,0,0,0,0,0,0,1753378944
648,1753378887.23755,-37.175,-83.51,0,0,0,0.856019227979263,0.516943982777426,3.5,0,0,0,0,0,1753378944,1753378887.22967,100,100,0,0,0,0,1,0,0,0,0,0,0,1753378944
649,1753378887.246,-37.175,-83.51,0,0,0,0.856019227979263,0.516943982777426,3.5,0,0,0,0,0,1753378944,1753378887.23757,100,100,0,0,0,0,1,0,0,0,0,0,0,1753378944
650,1753378887.25419,-37.175,-83.51,0,0,0,0.856019227979263,0.516943982777426,3.5,0,0,0,0,0,1753378944,1753378887.24605,100,100,0,0,0,0,1,0,0,0,0,0,0,1753378944
651,1753378887.26281,-37.175,-83.51,0,0,0,0.856019227979263,0.516943982777426,3.5,0,0,0,0,0,1753378944,1753378887.25422,100,100,0,0,0,0,1,0,0,0,0,0,0,1753378944
652,1753378887.27129,-37.175,-83.51,0,0,0,0.856019227979263,0.516943982777426,3.5,0,0,0,0,0,1753378944,1753378887.26284,100,100,0,0,0,0,1,0,0,0,0,0,0,1753378944
653,1753378887.27916,-37.175,-83.51,0,0,0,0.856019227979263,0.516943982777426,3.5,0,0,0,0,0,1753378944,1753378887.27132,100,100,0,0,0,0,1,0,0,0,0,0,0,1753378944
654,1753378887.28765,-37.175,-83.51,0,0,0,0.856019227979263,0.516943982777426,3.5,0,0,0,0,0,1753378944,1753378887.27919,100,100,0,0,0,0,1,0,0,0,0,0,0,1753378944
655,1753378887.29583,-37.175,-83.51,0,0,0,0.856019227979263,0.516943982777426,3.5,0,0,0,0,0,1753378944,1753378887.28768,100,100,0,0,0,0,1,0,0,0,0,0,0,1753378944
656,1753378887.30415,-37.175,-83.51,0,0,0,0.856019227979263,0.516943982777426,3.5,0,0,0,0,0,1753378944,1753378887.29586,100,100,0,0,0,0,1,0,0,0,0,0,0,1753378944
657,1753378887.31238,-37.175,-83.51,0,0,0,0.856019227979263,0.516943982777426,3.5,0,0,0,0,0,1753378944,1753378887.30418,100,100,0,0,0,0,1,0,0,0,0,0,0,1753378944
658,1753378887.32109,-37.175,-83.51,0,0,0,0.856019227979263,0.516943982777426,3.5,0,0,0,0,0,1753378944,1753378887.3124,100,100,0,0,0,0,1,0,0,0,0,0,0,1753378944
659,1753378887.32945,-37.175,-83.51,0,0,0,0.856019227979263,0.516943982777426,3.5,0,0,0,0,0,1753378944,1753378887.32114,100,100,0,0,0,0,1,0,0,0,0,0,0,1753378944
660,1753378887.33773,-37.175,-83.51,0,0,0,0.856019227979263,0.516943982777426,3.5,0,0,0,0,0,1753378944,1753378887.3295,100,100,0,0,0,0,1,0,0,0,0,0,0,1753378944
661,1753378887.34573,-37.175,-83.51,0,0,0,0.856019227979263,0.516943982777426,3.5,0,0,0,0,0,1753378944,1753378887.33775,100,100,0,0,0,0,1,0,0,0,0,0,0,1753378944
662,1753378887.35428,-37.175,-83.51,0,0,0,0.856019227979263,0.516943982777426,3.5,0,0,0,0,0,1753378944,1753378887.34576,100,100,0,0,0,0,1,0,0,0,0,0,0,1753378944
663,1753378887.36243,-37.175,-83.51,0,0,0,0.856019227979263,0.516943982777426,3.5,0,0,0,0,0,1753378944,1753378887.35431,100,100,0,0,0,0,1,0,0,0,0,0,0,1753378944
664,1753378887.37126,-37.175,-83.51,0,0,0,0.856019227979263,0.516943982777426,3.5,0,0,0,0,0,1753378944,1753378887.36245,100,100,0,0,0,0,1,0,0,0,0,0,0,1753378944
665,1753378887.3795,-37.175,-83.51,0,0,0,0.856019227979263,0.516943982777426,3.5,0,0,0,0,0,1753378944,1753378887.37134,100,100,0,0,0,0,1,0,0,0,0,0,0,1753378944
666,1753378887.38789,-37.175,-83.51,0,0,0,0.856019227979263,0.516943982777426,3.5,0,0,0,0,0,1753378944,1753378887.37954,100,100,0,0,0,0,1,0,0,0,0,0,0,1753378944
667,1753378887.39586,-37.175,-83.51,0,0,0,0.856019227979263,0.516943982777426,3.5,0,0,0,0,0,1753378944,1753378887.38794,100,100,0,0,0,0,1,0,0,0,0,0,0,1753378944
668,1753378887.4046,-37.175,-83.51,0,0,0,0.856019227979263,0.516943982777426,3.5,0,0,0,0,0,1753378944,1753378887.39588,100,100,0,0,0,0,1,0,0,0,0,0,0,1753378944
669,1753378887.41262,-37.175,-83.51,0,0,0,0.856019227979263,0.516943982777426,3.5,0,0,0,0,0,1753378944,1753378887.40465,100,100,0,0,0,0,1,0,0,0,0,0,0,1753378944
670,1753378887.42118,-37.175,-83.51,0,0,0,0.856019227979263,0.516943982777426,3.5,0,0,0,0,0,1753378944,1753378887.41266,100,100,0,0,0,0,1,0,0,0,0,0,0,1753378944
671,1753378887.42919,-37.175,-83.51,0,0,0,0.856019227979263,0.516943982777426,3.5,0,0,0,0,0,1753378944,1753378887.42123,100,100,0,0,0,0,1,0,0,0,0,0,0,1753378944
672,1753378887.43793,-37.175,-83.51,0,0,0,0.856019227979263,0.516943982777426,3.5,0,0,0,0,0,1753378944,1753378887.42922,100,100,0,0,0,0,1,0,0,0,0,0,0,1753378944
673,1753378887.44572,-37.175,-83.51,0,0,0,0.856019227979263,0.516943982777426,3.5,0,0,0,0,0,1753378944,1753378887.43797,100,100,0,0,0,0,1,0,0,0,0,0,0,1753378944
674,1753378887.45435,-37.175,-83.51,0,0,0,0.856019227979263,0.516943982777426,3.5,0,0,0,0,0,1753378944,1753378887.44574,100,100,0,0,0,0,1,0,0,0,0,0,0,1753378944
675,1753378887.46261,-37.175,-83.51,0,0,0,0.856019227979263,0.516943982777426,3.5,0,0,0,0,0,1753378944,1753378887.45438,100,100,0,0,0,0,1,0,0,0,0,0,0,1753378944
676,1753378887.47116,-37.175,-83.51,0,0,0,0.856019227979263,0.516943982777426,3.5,0,0,0,0,0,1753378944,1753378887.46265,100,100,0,0,0,0,1,0,0,0,0,0,0,1753378944
677,1753378887.47914,-37.175,-83.51,0,0,0,0.856019227979263,0.516943982777426,3.5,0,0,0,0,0,1753378944,1753378887.4712,100,100,0,0,0,0,1,0,0,0,0,0,0,1753378944
678,1753378887.48768,-37.175,-83.51,0,0,0,0.856019227979263,0.516943982777426,3.5,0,0,0,0,0,1753378944,1753378887.47916,100,100,0,0,0,0,1,0,0,0,0,0,0,1753378944
679,1753378887.49587,-37.175,-83.51,0,0,0,0.856019227979263,0.516943982777426,3.5,0,0,0,0,0,1753378944,1753378887.4877,100,100,0,0,0,0,1,0,0,0,0,0,0,1753378944
680,1753378887.50445,-37.175,-83.51,0,0,0,0.856019227979263,0.516943982777426,3.5,0,0,0,0,0,1753378944,1753378887.49589,100,100,0,0,0,0,1,0,0,0,0,0,0,1753378944
681,1753378887.51268,-37.175,-83.51,0,0,0,0.856019227979263,0.516943982777426,3.5,0,0,0,0,0,1753378944,1753378887.50449,100,100,0,0,0,0,1,0,0,0,0,0,0,1753378944
682,1753378887.52088,-37.175,-83.51,0,0,0,0.856019227979263,0.516943982777426,3.5,0,0,0,0,0,1753378944,1753378887.51272,100,100,0,0,0,0,1,0,0,0,0,0,0,1753378944
683,1753378887.5293,-37.175,-83.51,0,0,0,0.856019227979263,0.516943982777426,3.5,0,0,0,0,0,1753378944,1753378887.5209,100,100,0,0,0,0,1,0,0,0,0,0,0,1753378944
684,1753378887.53754,-37.175,-83.51,0,0,0,0.856019227979263,0.516943982777426,3.5,0,0,0,0,0,1753378944,1753378887.52938,100,100,0,0,0,0,1,0,0,0,0,0,0,1753378944
685,1753378887.54585,-37.175,-83.51,0,0,0,0.856019227979263,0.516943982777426,3.5,0,0,0,0,0,1753378944,1753378887.53756,100,100,0,0,0,0,1,0,0,0,0,0,0,1753378944
686,1753378887.55426,-37.175,-83.51,0,0,0,0.856019227979263,0.516943982777426,3.5,0,0,0,0,0,1753378944,1753378887.54587,100,100,0,0,0,0,1,0,0,0,0,0,0,1753378944
687,1753378887.56301,-37.175,-83.51,0,0,0,0.856019227979263,0.516943982777426,3.5,0,0,0,0,0,1753378944,1753378887.5543,100,100,0,0,0,0,1,0,0,0,0,0,0,1753378944
688,1753378887.57115,-37.175,-83.51,0,0,0,0.856019227979263,0.516943982777426,3.5,0,0,0,0,0,1753378944,1753378887.56304,100,100,0,0,0,0,1,0,0,0,0,0,0,1753378944
689,1753378887.57917,-37.175,-83.51,0,0,0,0.856019227979263,0.516943982777426,3.5,0,0,0,0,0,1753378944,1753378887.57118,100,100,0,0,0,0,1,0,0,0,0,0,0,1753378944
690,1753378887.58755,-37.175,-83.51,0,0,0,0.856019227979263,0.516943982777426,3.5,0,0,0,0,0,1753378944,1753378887.57919,100,100,0,0,0,0,1,0,0,0,0,0,0,1753378944
691,1753378887.59573,-37.175,-83.51,0,0,0,0.856019227979263,0.516943982777426,3.5,0,0,0,0,0,1753378944,1753378887.58758,100,100,0,0,0,0,1,0,0,0,0,0,0,1753378944
692,1753378887.60407,-37.175,-83.51,0,0,0,0.856019227979263,0.516943982777426,3.5,0,0,0,0,0,1753378944,1753378887.59576,100,100,0,0,0,0,1,0,0,0,0,0,0,1753378944
693,1753378887.61238,-37.175,-83.51,0,0,0,0.856019227979263,0.516943982777426,3.5,0,0,0,0,0,1753378944,1753378887.6041,100,100,0,0,0,0,1,0,0,0,0,0,0,1753378944
694,1753378887.62119,-37.175,-83.51,0,0,0,0.856019227979263,0.516943982777426,3.5,0,0,0,0,0,1753378944,1753378887.61241,100,100,0,0,0,0,1,0,0,0,0,0,0,1753378944
695,1753378887.6294,-37.175,-83.51,0,0,0,0.856019227979263,0.516943982777426,3.5,0,0,0,0,0,1753378944,1753378887.62123,100,100,0,0,0,0,1,0,0,0,0,0,0,1753378944
696,1753378887.63768,-37.175,-83.51,0,0,0,0.856019227979263,0.516943982777426,3.5,0,0,0,0,0,1753378944,1753378887.62943,100,100,0,0,0,0,1,0,0,0,0,0,0,1753378944
697,1753378887.64574,-37.175,-83.51,0,0,0,0.856019227979263,0.516943982777426,3.5,0,0,0,0,0,1753378944,1753378887.63772,100,100,0,0,0,0,1,0,0,0,0,0,0,1753378944
698,1753378887.6541,-37.175,-83.51,0,0,0,0.856019227979263,0.516943982777426,3.5,0,0,0,0,0,1753378944,1753378887.64577,100,100,0,0,0,0,1,0,0,0,0,0,0,1753378944
699,1753378887.66243,-37.175,-83.51,0,0,0,0.856019227979263,0.516943982777426,3.5,0,0,0,0,0,1753378944,1753378887.65412,100,100,0,0,0,0,1,0,0,0,0,0,0,1753378944
700,1753378887.67096,-37.175,-83.51,0,0,0,0.856019227979263,0.516943982777426,3.5,0,0,0,0,0,1753378944,1753378887.66246,100,100,0,0,0,0,1,0,0,0,0,0,0,1753378944
701,1753378887.67919,-37.175,-83.51,0,0,0,0.856019227979263,0.516943982777426,3.5,0,0,0,0,0,1753378944,1753378887.67099,100,100,0,0,0,0,1,0,0,0,0,0,0,1753378944
702,1753378887.68766,-37.175,-83.51,0,0,0,0.856019227979263,0.516943982777426,3.5,0,0,0,0,0,1753378944,1753378887.67922,100,100,0,0,0,0,1,0,0,0,0,0,0,1753378944
703,1753378887.69575,-37.175,-83.51,0,0,0,0.856019227979263,0.516943982777426,3.5,0,0,0,0,0,1753378944,1753378887.6877,100,100,0,0,0,0,1,0,0,0,0,0,0,1753378944
704,1753378887.70415,-37.175,-83.51,0,0,0,0.856019227979263,0.516943982777426,3.5,0,0,0,0,0,1753378944,1753378887.69578,100,100,0,0,0,0,1,0,0,0,0,0,0,1753378944
705,1753378887.71235,-37.175,-83.51,0,0,0,0.856019227979263,0.516943982777426,3.5,0,0,0,0,0,1753378944,1753378887.70419,100,100,0,0,0,0,1,0,0,0,0,0,0,1753378944
706,1753378887.72091,-37.175,-83.51,0,0,0,0.856019227979263,0.516943982777426,3.5,0,0,0,0,0,1753378944,1753378887.71238,100,100,0,0,0,0,1,0,0,0,0,0,0,1753378944
707,1753378887.72916,-37.175,-83.51,0,0,0,0.856019227979263,0.516943982777426,3.5,0,0,0,0,0,1753378944,1753378887.72094,100,100,0,0,0,0,1,0,0,0,0,0,0,1753378944
708,1753378887.73758,-37.175,-83.51,0,0,0,0.856019227979263,0.516943982777426,3.5,0,0,0,0,0,1753378944,1753378887.72918,100,100,0,0,0,0,1,0,0,0,0,0,0,1753378944
709,1753378887.74578,-37.175,-83.51,0,0,0,0.856019227979263,0.516943982777426,3.5,0,0,0,0,0,1753378944,1753378887.7376,100,100,0,0,0,0,1,0,0,0,0,0,0,1753378944
710,1753378887.75426,-37.175,-83.51,0,0,0,0.856019227979263,0.516943982777426,3.5,0,0,0,0,0,1753378944,1753378887.7458,100,100,0,0,0,0,1,0,0,0,0,0,0,1753378944
711,1753378887.76272,-37.175,-83.51,0,0,0,0.856019227979263,0.516943982777426,3.5,0,0,0,0,0,1753378944,1753378887.75429,100,100,0,0,0,0,1,0,0,0,0,0,0,1753378944
712,1753378887.77117,-37.175,-83.51,0,0,0,0.856019227979263,0.516943982777426,3.5,0,0,0,0,0,1753378944,1753378887.76276,100,100,0,0,0,0,1,0,0,0,0,0,0,1753378944
713,1753378887.77952,-37.175,-83.51,0,0,0,0.856019227979263,0.516943982777426,3.5,0,0,0,0,0,1753378944,1753378887.77121,100,100,0,0,0,0,1,0,0,0,0,0,0,1753378944
714,1753378887.78785,-37.175,-83.51,0,0,0,0.856019227979263,0.516943982777426,3.5,0,0,0,0,0,1753378944,1753378887.77957,100,100,0,0,0,0,1,0,0,0,0,0,0,1753378944
715,1753378887.79574,-37.175,-83.51,0,0,0,0.856019227979263,0.516943982777426,3.5,0,0,0,0,0,1753378944,1753378887.78789,100,100,0,0,0,0,1,0,0,0,0,0,0,1753378944
716,1753378887.80455,-37.175,-83.51,0,0,0,0.856019227979263,0.516943982777426,3.5,0,0,0,0,0,1753378944,1753378887.79577,100,100,0,0,0,0,1,0,0,0,0,0,0,1753378944
717,1753378887.81262,-37.175,-83.51,0,0,0,0.856019227979263,0.516943982777426,3.5,0,0,0,0,0,1753378944,1753378887.8046,100,100,0,0,0,0,1,0,0,0,0,0,0,1753378944
718,1753378887.82109,-37.175,-83.51,0,0,0,0.856019227979263,0.516943982777426,3.5,0,0,0,0,0,1753378944,1753378887.81264,100,100,0,0,0,0,1,0,0,0,0,0,0,1753378944
719,1753378887.82912,-37.175,-83.51,0,0,0,0.856019227979263,0.516943982777426,3.5,0,0,0,0,0,1753378944,1753378887.82112,100,100,0,0,0,0,1,0,0,0,0,0,0,1753378944
720,1753378887.8376,-37.175,-83.51,0,0,0,0.856019227979263,0.516943982777426,3.5,0,0,0,0,0,1753378944,1753378887.82914,100,100,0,0,0,0,1,0,0,0,0,0,0,1753378944
721,1753378887.84576,-37.175,-83.51,0,0,0,0.856019227979263,0.516943982777426,3.5,0,0,0,0,0,1753378944,1753378887.83764,100,100,0,0,0,0,1,0,0,0,0,0,0,1753378944
722,1753378887.85413,-37.175,-83.51,0,0,0,0.856019227979263,0.516943982777426,3.5,0,0,0,0,0,1753378944,1753378887.84578,100,100,0,0,0,0,1,0,0,0,0,0,0,1753378944
723,1753378887.86235,-37.175,-83.51,0,0,0,0.856019227979263,0.516943982777426,3.5,0,0,0,0,0,1753378944,1753378887.85417,100,100,0,0,0,0,1,0,0,0,0,0,0,1753378944
724,1753378887.87087,-37.175,-83.51,0,0,0,0.856019227979263,0.516943982777426,3.5,0,0,0,0,0,1753378944,1753378887.86237,100,100,0,0,0,0,1,0,0,0,0,0,0,1753378944
725,1753378887.87923,-37.175,-83.51,0,0,0,0.856019227979263,0.516943982777426,3.5,0,0,0,0,0,1753378944,1753378887.8709,100,100,0,0,0,0,1,0,0,0,0,0,0,1753378944
726,1753378887.88758,-37.175,-83.51,0,0,0,0.856019227979263,0.516943982777426,3.5,0,0,0,0,0,1753378944,1753378887.87925,100,100,0,0,0,0,1,0,0,0,0,0,0,1753378944
727,1753378887.89575,-37.175,-83.51,0,0,0,0.856019227979263,0.516943982777426,3.5,0,0,0,0,0,1753378944,1753378887.8876,100,100,0,0,0,0,1,0,0,0,0,0,0,1753378944
728,1753378887.9043,-37.175,-83.51,0,0,0,0.856019227979263,0.516943982777426,3.5,0,0,0,0,0,1753378944,1753378887.89578,100,100,0,0,0,0,1,0,0,0,0,0,0,1753378944
729,1753378887.91286,-37.175,-83.51,0,0,0,0.856019227979263,0.516943982777426,3.5,0,0,0,0,0,1753378944,1753378887.90434,100,100,0,0,0,0,1,0,0,0,0,0,0,1753378944
730,1753378887.92102,-37.175,-83.51,0,0,0,0.856019227979263,0.516943982777426,3.5,0,0,0,0,0,1753378944,1753378887.91289,100,100,0,0,0,0,1,0,0,0,0,0,0,1753378944
731,1753378887.92929,-37.175,-83.51,0,0,0,0.856019227979263,0.516943982777426,3.5,0,0,0,0,0,1753378944,1753378887.92105,100,100,0,0,0,0,1,0,0,0,0,0,0,1753378944
732,1753378887.93761,-37.175,-83.51,0,0,0,0.856019227979263,0.516943982777426,3.5,0,0,0,0,0,1753378944,1753378887.92932,100,100,0,0,0,0,1,0,0,0,0,0,0,1753378944
733,1753378887.94578,-37.175,-83.51,0,0,0,0.856019227979263,0.516943982777426,3.5,0,0,0,0,0,1753378944,1753378887.93764,100,100,0,0,0,0,1,0,0,0,0,0,0,1753378944
734,1753378887.95414,-37.175,-83.51,0,0,0,0.856019227979263,0.516943982777426,3.5,0,0,0,0,0,1753378944,1753378887.9458,100,100,0,0,0,0,1,0,0,0,0,0,0,1753378944
735,1753378887.96276,-37.175,-83.51,0,0,0,0.856019227979263,0.516943982777426,3.5,0,0,0,0,0,1753378944,1753378887.95417,100,100,0,0,0,0,1,0,0,0,0,0,0,1753378944
736,1753378887.97109,-37.175,-83.51,0,0,0,0.856019227979263,0.516943982777426,3.5,0,0,0,0,0,1753378944,1753378887.96279,100,100,0,0,0,0,1,0,0,0,0,0,0,1753378944
737,1753378887.97957,-37.175,-83.51,0,0,0,0.856019227979263,0.516943982777426,3.5,0,0,0,0,0,1753378944,1753378887.97114,100,100,0,0,0,0,1,0,0,0,0,0,0,1753378944
738,1753378887.98789,-37.175,-83.51,0,0,0,0.856019227979263,0.516943982777426,3.5,0,0,0,0,0,1753378944,1753378887.97961,100,100,0,0,0,0,1,0,0,0,0,0,0,1753378944
739,1753378887.99587,-37.175,-83.51,0,0,0,0.856019227979263,0.516943982777426,3.5,0,0,0,0,0,1753378944,1753378887.98793,100,100,0,0,0,0,1,0,0,0,0,0,0,1753378944
740,1753378888.00416,-37.175,-83.51,0,0,0,0.856019227979263,0.516943982777426,3.5,0,0,0,0,0,1753378944,1753378887.99589,100,100,0,0,0,0,1,0,0,0,0,0,0,1753378944
741,1753378888.01273,-37.175,-83.51,0,0,0,0.856019227979263,0.516943982777426,3.5,0,0,0,0,0,1753378944,1753378888.00419,100,100,0,0,0,0,1,0,0,0,0,0,0,1753378944
742,1753378888.02094,-37.175,-83.51,0,0,0,0.856019227979263,0.516943982777426,3.5,0,0,0,0,0,1753378944,1753378888.01276,100,100,0,0,0,0,1,0,0,0,0,0,0,1753378944
743,1753378888.02921,-37.175,-83.51,0,0,0,0.856019227979263,0.516943982777426,3.5,0,0,0,0,0,1753378944,1753378888.02097,100,100,0,0,0,0,1,0,0,0,0,0,0,1753378944
744,1753378888.03793,-37.175,-83.51,0,0,0,0.856019227979263,0.516943982777426,3.5,0,0,0,0,0,1753378944,1753378888.02924,100,100,0,0,0,0,1,0,0,0,0,0,0,1753378944
745,1753378888.04573,-37.175,-83.51,0,0,0,0.856019227979263,0.516943982777426,3.5,0,0,0,0,0,1753378944,1753378888.03797,100,100,0,0,0,0,1,0,0,0,0,0,0,1753378944
746,1753378888.05427,-37.175,-83.51,0,0,0,0.856019227979263,0.516943982777426,3.5,0,0,0,0,0,1753378944,1753378888.04576,100,100,0,0,0,0,1,0,0,0,0,0,0,1753378944
747,1753378888.0624,-37.175,-83.51,0,0,0,0.856019227979263,0.516943982777426,3.5,0,0,0,0,0,1753378944,1753378888.05431,100,100,0,0,0,0,1,0,0,0,0,0,0,1753378944
748,1753378888.07096,-37.175,-83.51,0,0,0,0.856019227979263,0.516943982777426,3.5,0,0,0,0,0,1753378944,1753378888.06242,100,100,0,0,0,0,1,0,0,0,0,0,0,1753378944
749,1753378888.0792,-37.175,-83.51,0,0,0,0.856019227979263,0.516943982777426,3.5,0,0,0,0,0,1753378944,1753378888.071,100,100,0,0,0,0,1,0,0,0,0,0,0,1753378944
750,1753378888.08762,-37.175,-83.51,0,0,0,0.856019227979263,0.516943982777426,3.5,0,0,0,0,0,1753378944,1753378888.07923,100,100,0,0,0,0,1,0,0,0,0,0,0,1753378944
751,1753378888.09589,-37.175,-83.51,0,0,0,0.856019227979263,0.516943982777426,3.5,0,0,0,0,0,1753378944,1753378888.08765,100,100,0,0,0,0,1,0,0,0,0,0,0,1753378944
752,1753378888.10415,-37.175,-83.51,0,0,0,0.856019227979263,0.516943982777426,3.5,0,0,0,0,0,1753378944,1753378888.09592,100,100,0,0,0,0,1,0,0,0,0,0,0,1753378944
753,1753378888.1124,-37.175,-83.51,0,0,0,0.856019227979263,0.516943982777426,3.5,0,0,0,0,0,1753378944,1753378888.10419,100,100,0,0,0,0,1,0,0,0,0,0,0,1753378944
754,1753378888.12089,-37.175,-83.51,0,0,0,0.856019227979263,0.516943982777426,3.5,0,0,0,0,0,1753378944,1753378888.11242,100,100,0,0,0,0,1,0,0,0,0,0,0,1753378944
755,1753378888.12914,-37.175,-83.51,0,0,0,0.856019227979263,0.516943982777426,3.5,0,0,0,0,0,1753378944,1753378888.12091,100,100,0,0,0,0,1,0,0,0,0,0,0,1753378944
756,1753378888.13763,-37.175,-83.51,0,0,0,0.856019227979263,0.516943982777426,3.5,0,0,0,0,0,1753378944,1753378888.12916,100,100,0,0,0,0,1,0,0,0,0,0,0,1753378944
757,1753378888.14572,-37.175,-83.51,0,0,0,0.856019227979263,0.516943982777426,3.5,0,0,0,0,0,1753378944,1753378888.13765,100,100,0,0,0,0,1,0,0,0,0,0,0,1753378944
758,1753378888.15445,-37.175,-83.51,0,0,0,0.856019227979263,0.516943982777426,3.5,0,0,0,0,0,1753378944,1753378888.14575,100,100,0,0,0,0,1,0,0,0,0,0,0,1753378944
759,1753378888.16261,-37.175,-83.51,0,0,0,0.856019227979263,0.516943982777426,3.5,0,0,0,0,0,1753378944,1753378888.1545,100,100,0,0,0,0,1,0,0,0,0,0,0,1753378944
760,1753378888.17125,-37.175,-83.51,0,0,0,0.856019227979263,0.516943982777426,3.5,0,0,0,0,0,1753378944,1753378888.16263,100,100,0,0,0,0,1,0,0,0,0,0,0,1753378944
761,1753378888.17916,-37.175,-83.51,0,0,0,0.856019227979263,0.516943982777426,3.5,0,0,0,0,0,1753378944,1753378888.17131,100,100,0,0,0,0,1,0,0,0,0,0,0,1753378944
762,1753378888.1876,-37.175,-83.51,0,0,0,0.856019227979263,0.516943982777426,3.5,0,0,0,0,0,1753378944,1753378888.17918,100,100,0,0,0,0,1,0,0,0,0,0,0,1753378944
763,1753378888.19583,-37.175,-83.51,0,0,0,0.856019227979263,0.516943982777426,3.5,0,0,0,0,0,1753378944,1753378888.18764,100,100,0,0,0,0,1,0,0,0,0,0,0,1753378944
764,1753378888.20432,-37.175,-83.51,0,0,0,0.856019227979263,0.516943982777426,3.5,0,0,0,0,0,1753378944,1753378888.19586,100,100,0,0,0,0,1,0,0,0,0,0,0,1753378944
765,1753378888.21306,-37.175,-83.51,0,0,0,0.856019227979263,0.516943982777426,3.5,0,0,0,0,0,1753378944,1753378888.20435,100,100,0,0,0,0,1,0,0,0,0,0,0,1753378944
766,1753378888.22114,-37.175,-83.51,0,0,0,0.856019227979263,0.516943982777426,3.5,0,0,0,0,0,1753378944,1753378888.21311,100,100,0,0,0,0,1,0,0,0,0,0,0,1753378944
767,1753378888.2296,-37.175,-83.51,0,0,0,0.856019227979263,0.516943982777426,3.5,0,0,0,0,0,1753378944,1753378888.22118,100,100,0,0,0,0,1,0,0,0,0,0,0,1753378944
768,1753378888.23756,-37.175,-83.51,0,0,0,0.856019227979263,0.516943982777426,3.5,0,0,0,0,0,1753378944,1753378888.22963,100,100,0,0,0,0,1,0,0,0,0,0,0,1753378944
769,1753378888.24571,-37.175,-83.51,0,0,0,0.856019227979263,0.516943982777426,3.5,0,0,0,0,0,1753378944,1753378888.23759,100,100,0,0,0,0,1,0,0,0,0,0,0,1753378944
770,1753378888.25415,-37.175,-83.51,0,0,0,0.856019227979263,0.516943982777426,3.5,0,0,0,0,0,1753378944,1753378888.24573,100,100,0,0,0,0,1,0,0,0,0,0,0,1753378944
771,1753378888.26237,-37.175,-83.51,0,0,0,0.856019227979263,0.516943982777426,3.5,0,0,0,0,0,1753378944,1753378888.25418,100,100,0,0,0,0,1,0,0,0,0,0,0,1753378944
772,1753378888.27098,-37.175,-83.51,0,0,0,0.856019227979263,0.516943982777426,3.5,0,0,0,0,0,1753378944,1753378888.2624,100,100,0,0,0,0,1,0,0,0,0,0,0,1753378944
773,1753378888.27911,-37.175,-83.51,0,0,0,0.856019227979263,0.516943982777426,3.5,0,0,0,0,0,1753378944,1753378888.27101,100,100,0,0,0,0,1,0,0,0,0,0,0,1753378944
774,1753378888.28767,-37.175,-83.51,0,0,0,0.856019227979263,0.516943982777426,3.5,0,0,0,0,0,1753378944,1753378888.27914,100,100,0,0,0,0,1,0,0,0,0,0,0,1753378944
775,1753378888.29583,-37.175,-83.51,0,0,0,0.856019227979263,0.516943982777426,3.5,0,0,0,0,0,1753378944,1753378888.2877,100,100,0,0,0,0,1,0,0,0,0,0,0,1753378944
776,1753378888.30419,-37.175,-83.51,0,0,0,0.856019227979263,0.516943982777426,3.5,0,0,0,0,0,1753378944,1753378888.29585,100,100,0,0,0,0,1,0,0,0,0,0,0,1753378944
777,1753378888.31236,-37.175,-83.51,0,0,0,0.856019227979263,0.516943982777426,3.5,0,0,0,0,0,1753378944,1753378888.30421,100,100,0,0,0,0,1,0,0,0,0,0,0,1753378944
778,1753378888.32085,-37.175,-83.51,0,0,0,0.856019227979263,0.516943982777426,3.5,0,0,0,0,0,1753378944,1753378888.31238,100,100,0,0,0,0,1,0,0,0,0,0,0,1753378944
779,1753378888.32915,-37.175,-83.51,0,0,0,0.856019227979263,0.516943982777426,3.5,0,0,0,0,0,1753378944,1753378888.32087,100,100,0,0,0,0,1,0,0,0,0,0,0,1753378944
780,1753378888.33768,-37.175,-83.51,0,0,0,0.856019227979263,0.516943982777426,3.5,0,0,0,0,0,1753378944,1753378888.32917,100,100,0,0,0,0,1,0,0,0,0,0,0,1753378944
781,1753378888.34582,-37.175,-83.51,0,0,0,0.856019227979263,0.516943982777426,3.5,0,0,0,0,0,1753378944,1753378888.33771,100,100,0,0,0,0,1,0,0,0,0,0,0,1753378944
782,1753378888.35418,-37.175,-83.51,0,0,0,0.856019227979263,0.516943982777426,3.5,0,0,0,0,0,1753378944,1753378888.34585,100,100,0,0,0,0,1,0,0,0,0,0,0,1753378944
783,1753378888.36238,-37.175,-83.51,0,0,0,0.856019227979263,0.516943982777426,3.5,0,0,0,0,0,1753378944,1753378888.35421,100,100,0,0,0,0,1,0,0,0,0,0,0,1753378944
784,1753378888.37088,-37.175,-83.51,0,0,0,0.856019227979263,0.516943982777426,3.5,0,0,0,0,0,1753378944,1753378888.36241,100,100,0,0,0,0,1,0,0,0,0,0,0,1753378944
785,1753378888.37918,-37.175,-83.51,0,0,0,0.856019227979263,0.516943982777426,3.5,0,0,0,0,0,1753378944,1753378888.3709,100,100,0,0,0,0,1,0,0,0,0,0,0,1753378944
786,1753378888.38755,-37.175,-83.51,0,0,0,0.856019227979263,0.516943982777426,3.5,0,0,0,0,0,1753378944,1753378888.3792,100,100,0,0,0,0,1,0,0,0,0,0,0,1753378944
787,1753378888.39585,-37.175,-83.51,0,0,0,0.856019227979263,0.516943982777426,3.5,0,0,0,0,0,1753378944,1753378888.38758,100,100,0,0,0,0,1,0,0,0,0,0,0,1753378944
788,1753378888.4042,-37.175,-83.51,0,0,0,0.856019227979263,0.516943982777426,3.5,0,0,0,0,0,1753378944,1753378888.39588,100,100,0,0,0,0,1,0,0,0,0,0,0,1753378944
789,1753378888.41262,-37.175,-83.51,0,0,0,0.856019227979263,0.516943982777426,3.5,0,0,0,0,0,1753378944,1753378888.40423,100,100,0,0,0,0,1,0,0,0,0,0,0,1753378944
790,1753378888.42088,-37.175,-83.51,0,0,0,0.856019227979263,0.516943982777426,3.5,0,0,0,0,0,1753378944,1753378888.41264,100,100,0,0,0,0,1,0,0,0,0,0,0,1753378944
791,1753378888.42917,-37.175,-83.51,0,0,0,0.856019227979263,0.516943982777426,3.5,0,0,0,0,0,1753378944,1753378888.42091,100,100,0,0,0,0,1,0,0,0,0,0,0,1753378944
792,1753378888.43764,-37.175,-83.51,0,0,0,0.856019227979263,0.516943982777426,3.5,0,0,0,0,0,1753378944,1753378888.4292,100,100,0,0,0,0,1,0,0,0,0,0,0,1753378944
793,1753378888.44575,-37.175,-83.51,0,0,0,0.856019227979263,0.516943982777426,3.5,0,0,0,0,0,1753378944,1753378888.43766,100,100,0,0,0,0,1,0,0,0,0,0,0,1753378944
794,1753378888.45415,-37.175,-83.51,0,0,0,0.856019227979263,0.516943982777426,3.5,0,0,0,0,0,1753378944,1753378888.44577,100,100,0,0,0,0,1,0,0,0,0,0,0,1753378944
795,1753378888.46239,-37.175,-83.51,0,0,0,0.856019227979263,0.516943982777426,3.5,0,0,0,0,0,1753378944,1753378888.45419,100,100,0,0,0,0,1,0,0,0,0,0,0,1753378944
796,1753378888.47096,-37.175,-83.51,0,0,0,0.856019227979263,0.516943982777426,3.5,0,0,0,0,0,1753378944,1753378888.46242,100,100,0,0,0,0,1,0,0,0,0,0,0,1753378944
797,1753378888.47947,-37.175,-83.51,0,0,0,0.856019227979263,0.516943982777426,3.5,0,0,0,0,0,1753378944,1753378888.47099,100,100,0,0,0,0,1,0,0,0,0,0,0,1753378944
798,1753378888.48789,-37.175,-83.51,0,0,0,0.856019227979263,0.516943982777426,3.5,0,0,0,0,0,1753378944,1753378888.4795,100,100,0,0,0,0,1,0,0,0,0,0,0,1753378944
799,1753378888.49598,-37.175,-83.51,0,0,0,0.856019227979263,0.516943982777426,3.5,0,0,0,0,0,1753378944,1753378888.48793,100,100,0,0,0,0,1,0,0,0,0,0,0,1753378944
800,1753378888.50438,-37.175,-83.51,0,0,0,0.856019227979263,0.516943982777426,3.5,0,0,0,0,0,1753378944,1753378888.49602,100,100,0,0,0,0,1,0,0,0,0,0,0,1753378944
801,1753378888.51271,-37.175,-83.51,0,0,0,0.856019227979263,0.516943982777426,3.5,0,0,0,0,0,1753378944,1753378888.50443,100,100,0,0,0,0,1,0,0,0,0,0,0,1753378944
802,1753378888.52115,-37.175,-83.51,0,0,0,0.856019227979263,0.516943982777426,3.5,0,0,0,0,0,1753378944,1753378888.51275,100,100,0,0,0,0,1,0,0,0,0,0,0,1753378944
803,1753378888.52943,-37.175,-83.51,0,0,0,0.856019227979263,0.516943982777426,3.5,0,0,0,0,0,1753378944,1753378888.52119,100,100,0,0,0,0,1,0,0,0,0,0,0,1753378944
804,1753378888.53779,-37.175,-83.51,0,0,0,0.856019227979263,0.516943982777426,3.5,0,0,0,0,0,1753378944,1753378888.52947,100,100,0,0,0,0,1,0,0,0,0,0,0,1753378944
805,1753378888.54583,-37.175,-83.51,0,0,0,0.856019227979263,0.516943982777426,3.5,0,0,0,0,0,1753378944,1753378888.53783,100,100,0,0,0,0,1,0,0,0,0,0,0,1753378944
806,1753378888.55418,-37.175,-83.51,0,0,0,0.856019227979263,0.516943982777426,3.5,0,0,0,0,0,1753378944,1753378888.54586,100,100,0,0,0,0,1,0,0,0,0,0,0,1753378944
807,1753378888.56246,-37.175,-83.51,0,0,0,0.856019227979263,0.516943982777426,3.5,0,0,0,0,0,1753378944,1753378888.5542,100,100,0,0,0,0,1,0,0,0,0,0,0,1753378944
808,1753378888.5711,-37.175,-83.51,0,0,0,0.856019227979263,0.516943982777426,3.5,0,0,0,0,0,1753378944,1753378888.56249,100,100,0,0,0,0,1,0,0,0,0,0,0,1753378944
809,1753378888.57931,-37.175,-83.51,0,0,0,0.856019227979263,0.516943982777426,3.5,0,0,0,0,0,1753378944,1753378888.57113,100,100,0,0,0,0,1,0,0,0,0,0,0,1753378944
810,1753378888.58762,-37.175,-83.51,0,0,0,0.856019227979263,0.516943982777426,3.5,0,0,0,0,0,1753378944,1753378888.57934,100,100,0,0,0,0,1,0,0,0,0,0,0,1753378944
811,1753378888.59592,-37.175,-83.51,0,0,0,0.856019227979263,0.516943982777426,3.5,0,0,0,0,0,1753378944,1753378888.58765,100,100,0,0,0,0,1,0,0,0,0,0,0,1753378944
812,1753378888.60427,-37.175,-83.51,0,0,0,0.856019227979263,0.516943982777426,3.5,0,0,0,0,0,1753378944,1753378888.59595,100,100,0,0,0,0,1,0,0,0,0,0,0,1753378944
813,1753378888.61241,-37.175,-83.51,0,0,0,0.856019227979263,0.516943982777426,3.5,0,0,0,0,0,1753378944,1753378888.6043,100,100,0,0,0,0,1,0,0,0,0,0,0,1753378944
814,1753378888.62108,-37.175,-83.51,0,0,0,0.856019227979263,0.516943982777426,3.5,0,0,0,0,0,1753378944,1753378888.61243,100,100,0,0,0,0,1,0,0,0,0,0,0,1753378944
815,1753378888.6293,-37.175,-83.51,0,0,0,0.856019227979263,0.516943982777426,3.5,0,0,0,0,0,1753378944,1753378888.62111,100,100,0,0,0,0,1,0,0,0,0,0,0,1753378944
816,1753378888.63794,-37.175,-83.51,0,0,0,0.856019227979263,0.516943982777426,3.5,0,0,0,0,0,1753378944,1753378888.62933,100,100,0,0,0,0,1,0,0,0,0,0,0,1753378944
817,1753378888.646,-37.175,-83.51,0,0,0,0.856019227979263,0.516943982777426,3.5,0,0,0,0,0,1753378944,1753378888.63799,100,100,0,0,0,0,1,0,0,0,0,0,0,1753378944
818,1753378888.65444,-37.175,-83.51,0,0,0,0.856019227979263,0.516943982777426,3.5,0,0,0,0,0,1753378944,1753378888.64605,100,100,0,0,0,0,1,0,0,0,0,0,0,1753378944
819,1753378888.66297,-37.175,-83.51,0,0,0,0.856019227979263,0.516943982777426,3.5,0,0,0,0,0,1753378944,1753378888.65448,100,100,0,0,0,0,1,0,0,0,0,0,0,1753378944
820,1753378888.67112,-37.175,-83.51,0,0,0,0.856019227979263,0.516943982777426,3.5,0,0,0,0,0,1753378944,1753378888.66301,100,100,0,0,0,0,1,0,0,0,0,0,0,1753378944
821,1753378888.67944,-37.175,-83.51,0,0,0,0.856019227979263,0.516943982777426,3.5,0,0,0,0,0,1753378944,1753378888.67117,100,100,0,0,0,0,1,0,0,0,0,0,0,1753378944
822,1753378888.68754,-37.175,-83.51,0,0,0,0.856019227979263,0.516943982777426,3.5,0,0,0,0,0,1753378944,1753378888.67949,100,100,0,0,0,0,1,0,0,0,0,0,0,1753378944
823,1753378888.6958,-37.175,-83.51,0,0,0,0.856019227979263,0.516943982777426,3.5,0,0,0,0,0,1753378944,1753378888.68758,100,100,0,0,0,0,1,0,0,0,0,0,0,1753378944
824,1753378888.70432,-37.175,-83.51,0,0,0,0.856019227979263,0.516943982777426,3.5,0,0,0,0,0,1753378944,1753378888.69583,100,100,0,0,0,0,1,0,0,0,0,0,0,1753378944
825,1753378888.71255,-37.175,-83.51,0,0,0,0.856019227979263,0.516943982777426,3.5,0,0,0,0,0,1753378944,1753378888.70437,100,100,0,0,0,0,1,0,0,0,0,0,0,1753378944
826,1753378888.72087,-37.175,-83.51,0,0,0,0.856019227979263,0.516943982777426,3.5,0,0,0,0,0,1753378944,1753378888.71258,100,100,0,0,0,0,1,0,0,0,0,0,0,1753378944
827,1753378888.7292,-37.175,-83.51,0,0,0,0.856019227979263,0.516943982777426,3.5,0,0,0,0,0,1753378944,1753378888.7209,100,100,0,0,0,0,1,0,0,0,0,0,0,1753378944
828,1753378888.7376,-37.175,-83.51,0,0,0,0.856019227979263,0.516943982777426,3.5,0,0,0,0,0,1753378944,1753378888.72922,100,100,0,0,0,0,1,0,0,0,0,0,0,1753378944
829,1753378888.74586,-37.175,-83.51,0,0,0,0.856019227979263,0.516943982777426,3.5,0,0,0,0,0,1753378944,1753378888.73764,100,100,0,0,0,0,1,0,0,0,0,0,0,1753378944
830,1753378888.75435,-37.175,-83.51,0,0,0,0.856019227979263,0.516943982777426,3.5,0,0,0,0,0,1753378944,1753378888.74589,100,100,0,0,0,0,1,0,0,0,0,0,0,1753378944
831,1753378888.76253,-37.175,-83.51,0,0,0,0.856019227979263,0.516943982777426,3.5,0,0,0,0,0,1753378944,1753378888.75438,100,100,0,0,0,0,1,0,0,0,0,0,0,1753378944
832,1753378888.77106,-37.175,-83.51,0,0,0,0.856019227979263,0.516943982777426,3.5,0,0,0,0,0,1753378944,1753378888.76255,100,100,0,0,0,0,1,0,0,0,0,0,0,1753378944
833,1753378888.77949,-37.175,-83.51,0,0,0,0.856019227979263,0.516943982777426,3.5,0,0,0,0,0,1753378944,1753378888.77109,100,100,0,0,0,0,1,0,0,0,0,0,0,1753378944
834,1753378888.78775,-37.175,-83.51,0,0,0,0.856019227979263,0.516943982777426,3.5,0,0,0,0,0,1753378944,1753378888.77953,100,100,0,0,0,0,1,0,0,0,0,0,0,1753378944
835,1753378888.79605,-37.175,-83.51,0,0,0,0.856019227979263,0.516943982777426,3.5,0,0,0,0,0,1753378944,1753378888.78778,100,100,0,0,0,0,1,0,0,0,0,0,0,1753378944
836,1753378888.80424,-37.175,-83.51,0,0,0,0.856019227979263,0.516943982777426,3.5,0,0,0,0,0,1753378944,1753378888.79608,100,100,0,0,0,0,1,0,0,0,0,0,0,1753378944
837,1753378888.81282,-37.175,-83.51,0,0,0,0.856019227979263,0.516943982777426,3.5,0,0,0,0,0,1753378944,1753378888.80433,100,100,0,0,0,0,1,0,0,0,0,0,0,1753378944
838,1753378888.82111,-37.175,-83.51,0,0,0,0.856019227979263,0.516943982777426,3.5,0,0,0,0,0,1753378944,1753378888.81286,100,100,0,0,0,0,1,0,0,0,0,0,0,1753378944
839,1753378888.82919,-37.175,-83.51,0,0,0,0.856019227979263,0.516943982777426,3.5,0,0,0,0,0,1753378944,1753378888.82113,100,100,0,0,0,0,1,0,0,0,0,0,0,1753378944
840,1753378888.83765,-37.175,-83.51,0,0,0,0.856019227979263,0.516943982777426,3.5,0,0,0,0,0,1753378944,1753378888.82921,100,100,0,0,0,0,1,0,0,0,0,0,0,1753378944
841,1753378888.84581,-37.175,-83.51,0,0,0,0.856019227979263,0.516943982777426,3.5,0,0,0,0,0,1753378944,1753378888.83767,100,100,0,0,0,0,1,0,0,0,0,0,0,1753378944
842,1753378888.85419,-37.175,-83.51,0,0,0,0.856019227979263,0.516943982777426,3.5,0,0,0,0,0,1753378944,1753378888.84584,100,100,0,0,0,0,1,0,0,0,0,0,0,1753378944
843,1753378888.86238,-37.175,-83.51,0,0,0,0.856019227979263,0.516943982777426,3.5,0,0,0,0,0,1753378944,1753378888.85421,100,100,0,0,0,0,1,0,0,0,0,0,0,1753378944
844,1753378888.87123,-37.175,-83.51,0,0,0,0.856019227979263,0.516943982777426,3.5,0,0,0,0,0,1753378944,1753378888.8624,100,100,0,0,0,0,1,0,0,0,0,0,0,1753378944
845,1753378888.8794,-37.175,-83.51,0,0,0,0.856019227979263,0.516943982777426,3.5,0,0,0,0,0,1753378944,1753378888.87129,100,100,0,0,0,0,1,0,0,0,0,0,0,1753378944
846,1753378888.88775,-37.175,-83.51,0,0,0,0.856019227979263,0.516943982777426,3.5,0,0,0,0,0,1753378944,1753378888.87944,100,100,0,0,0,0,1,0,0,0,0,0,0,1753378944
847,1753378888.89577,-37.175,-83.51,0,0,0,0.856019227979263,0.516943982777426,3.5,0,0,0,0,0,1753378944,1753378888.8878,100,100,0,0,0,0,1,0,0,0,0,0,0,1753378944
848,1753378888.9042,-37.175,-83.51,0,0,0,0.856019227979263,0.516943982777426,3.5,0,0,0,0,0,1753378944,1753378888.89579,100,100,0,0,0,0,1,0,0,0,0,0,0,1753378944
849,1753378888.91245,-37.175,-83.51,0,0,0,0.856019227979263,0.516943982777426,3.5,0,0,0,0,0,1753378944,1753378888.90423,100,100,0,0,0,0,1,0,0,0,0,0,0,1753378944
850,1753378888.92106,-37.175,-83.51,0,0,0,0.856019227979263,0.516943982777426,3.5,0,0,0,0,0,1753378944,1753378888.91247,100,100,0,0,0,0,1,0,0,0,0,0,0,1753378944
851,1753378888.92936,-37.175,-83.51,0,0,0,0.856019227979263,0.516943982777426,3.5,0,0,0,0,0,1753378944,1753378888.92109,100,100,0,0,0,0,1,0,0,0,0,0,0,1753378944
852,1753378888.93792,-37.175,-83.51,0,0,0,0.856019227979263,0.516943982777426,3.5,0,0,0,0,0,1753378944,1753378888.9295,100,100,0,0,0,0,1,0,0,0,0,0,0,1753378944
853,1753378888.94583,-37.175,-83.51,0,0,0,0.856019227979263,0.516943982777426,3.5,0,0,0,0,0,1753378944,1753378888.93795,100,100,0,0,0,0,1,0,0,0,0,0,0,1753378944
854,1753378888.95447,-37.175,-83.51,0,0,0,0.856019227979263,0.516943982777426,3.5,0,0,0,0,0,1753378944,1753378888.94585,100,100,0,0,0,0,1,0,0,0,0,0,0,1753378944
855,1753378888.96238,-37.175,-83.51,0,0,0,0.856019227979263,0.516943982777426,3.5,0,0,0,0,0,1753378944,1753378888.95452,100,100,0,0,0,0,1,0,0,0,0,0,0,1753378944
856,1753378888.9712,-37.175,-83.51,0,0,0,0.856019227979263,0.516943982777426,3.5,0,0,0,0,0,1753378944,1753378888.9624,100,100,0,0,0,0,1,0,0,0,0,0,0,1753378944
857,1753378888.97951,-37.175,-83.51,0,0,0,0.856019227979263,0.516943982777426,3.5,0,0,0,0,0,1753378944,1753378888.97125,100,100,0,0,0,0,1,0,0,0,0,0,0,1753378944
858,1753378888.98782,-37.175,-83.51,0,0,0,0.856019227979263,0.516943982777426,3.5,0,0,0,0,0,1753378944,1753378888.97955,100,100,0,0,0,0,1,0,0,0,0,0,0,1753378944
859,1753378888.99601,-37.175,-83.51,0,0,0,0.856019227979263,0.516943982777426,3.5,0,0,0,0,0,1753378944,1753378888.98786,100,100,0,0,0,0,1,0,0,0,0,0,0,1753378944
860,1753378889.00443,-37.175,-83.51,0,0,0,0.856019227979263,0.516943982777426,3.5,0,0,0,0,0,1753378944,1753378888.99605,100,100,0,0,0,0,1,0,0,0,0,0,0,1753378944
861,1753378889.01342,-37.175,-83.51,0,0,0,0.856019227979263,0.516943982777426,3.5,0,0,0,0,0,1753378944,1753378889.00447,100,100,0,0,0,0,1,0,0,0,0,0,0,1753378944
862,1753378889.0213,-37.175,-83.51,0,0,0,0.856019227979263,0.516943982777426,3.5,0,0,0,0,0,1753378944,1753378889.01348,100,100,0,0,0,0,1,0,0,0,0,0,0,1753378944
863,1753378889.02952,-37.175,-83.51,0,0,0,0.856019227979263,0.516943982777426,3.5,0,0,0,0,0,1753378944,1753378889.02136,100,100,0,0,0,0,1,0,0,0,0,0,0,1753378944
864,1753378889.0375,-37.175,-83.51,0,0,0,0.856019227979263,0.516943982777426,3.5,0,0,0,0,0,1753378944,1753378889.02955,100,100,0,0,0,0,1,0,0,0,0,0,0,1753378944
865,1753378889.04607,-37.175,-83.51,0,0,0,0.856019227979263,0.516943982777426,3.5,0,0,0,0,0,1753378944,1753378889.03752,100,100,0,0,0,0,1,0,0,0,0,0,0,1753378944
866,1753378889.05473,-37.175,-83.51,0,0,0,0.856019227979263,0.516943982777426,3.5,0,0,0,0,0,1753378944,1753378889.04611,100,100,0,0,0,0,1,0,0,0,0,0,0,1753378944
867,1753378889.06344,-37.175,-83.51,0,0,0,0.856019227979263,0.516943982777426,3.5,0,0,0,0,0,1753378944,1753378889.05478,100,100,0,0,0,0,1,0,0,0,0,0,0,1753378944
868,1753378889.07136,-37.175,-83.51,0,0,0,0.856019227979263,0.516943982777426,3.5,0,0,0,0,0,1753378944,1753378889.06347,100,100,0,0,0,0,1,0,0,0,0,0,0,1753378944
869,1753378889.07977,-37.175,-83.51,0,0,0,0.856019227979263,0.516943982777426,3.5,0,0,0,0,0,1753378944,1753378889.07142,100,100,0,0,0,0,1,0,0,0,0,0,0,1753378944
870,1753378889.08824,-37.175,-83.51,0,0,0,0.856019227979263,0.516943982777426,3.5,0,0,0,0,0,1753378944,1753378889.07984,100,100,0,0,0,0,1,0,0,0,0,0,0,1753378944
871,1753378889.09605,-37.175,-83.51,0,0,0,0.856019227979263,0.516943982777426,3.5,0,0,0,0,0,1753378944,1753378889.08831,100,100,0,0,0,0,1,0,0,0,0,0,0,1753378944
872,1753378889.10434,-37.175,-83.51,0,0,0,0.856019227979263,0.516943982777426,3.5,0,0,0,0,0,1753378944,1753378889.09609,100,100,0,0,0,0,1,0,0,0,0,0,0,1753378944
873,1753378889.11249,-37.175,-83.51,0,0,0,0.856019227979263,0.516943982777426,3.5,0,0,0,0,0,1753378944,1753378889.10437,100,100,0,0,0,0,1,0,0,0,0,0,0,1753378944
874,1753378889.12109,-37.175,-83.51,0,0,0,0.856019227979263,0.516943982777426,3.5,0,0,0,0,0,1753378944,1753378889.11256,100,100,0,0,0,0,1,0,0,0,0,0,0,1753378944
875,1753378889.12923,-37.175,-83.51,0,0,0,0.856019227979263,0.516943982777426,3.5,0,0,0,0,0,1753378944,1753378889.12112,100,100,0,0,0,0,1,0,0,0,0,0,0,1753378944
876,1753378889.13766,-37.175,-83.51,0,0,0,0.856019227979263,0.516943982777426,3.5,0,0,0,0,0,1753378944,1753378889.12925,100,100,0,0,0,0,1,0,0,0,0,0,0,1753378944
877,1753378889.14574,-37.175,-83.51,0,0,0,0.856019227979263,0.516943982777426,3.5,0,0,0,0,0,1753378944,1753378889.13769,100,100,0,0,0,0,1,0,0,0,0,0,0,1753378944
878,1753378889.15423,-37.175,-83.51,0,0,0,0.856019227979263,0.516943982777426,3.5,0,0,0,0,0,1753378944,1753378889.14576,100,100,0,0,0,0,1,0,0,0,0,0,0,1753378944
879,1753378889.16288,-37.175,-83.51,0,0,0,0.856019227979263,0.516943982777426,3.5,0,0,0,0,0,1753378944,1753378889.15426,100,100,0,0,0,0,1,0,0,0,0,0,0,1753378944
880,1753378889.17137,-37.175,-83.51,0,0,0,0.856019227979263,0.516943982777426,3.5,0,0,0,0,0,1753378944,1753378889.16291,100,100,0,0,0,0,1,0,0,0,0,0,0,1753378944
881,1753378889.1795,-37.175,-83.51,0,0,0,0.856019227979263,0.516943982777426,3.5,0,0,0,0,0,1753378944,1753378889.17142,100,100,0,0,0,0,1,0,0,0,0,0,0,1753378944
882,1753378889.18756,-37.175,-83.51,0,0,0,0.856019227979263,0.516943982777426,3.5,0,0,0,0,0,1753378944,1753378889.17958,100,100,0,0,0,0,1,0,0,0,0,0,0,1753378944
883,1753378889.19577,-37.175,-83.51,0,0,0,0.856019227979263,0.516943982777426,3.5,0,0,0,0,0,1753378944,1753378889.18759,100,100,0,0,0,0,1,0,0,0,0,0,0,1753378944
884,1753378889.20415,-37.175,-83.51,0,0,0,0.856019227979263,0.516943982777426,3.5,0,0,0,0,0,1753378944,1753378889.1958,100,100,0,0,0,0,1,0,0,0,0,0,0,1753378944
885,1753378889.21244,-37.175,-83.51,0,0,0,0.856019227979263,0.516943982777426,3.5,0,0,0,0,0,1753378944,1753378889.20418,100,100,0,0,0,0,1,0,0,0,0,0,0,1753378944
886,1753378889.22085,-37.175,-83.51,0,0,0,0.856019227979263,0.516943982777426,3.5,0,0,0,0,0,1753378944,1753378889.21246,100,100,0,0,0,0,1,0,0,0,0,0,0,1753378944
887,1753378889.22918,-37.175,-83.51,0,0,0,0.856019227979263,0.516943982777426,3.5,0,0,0,0,0,1753378944,1753378889.22088,100,100,0,0,0,0,1,0,0,0,0,0,0,1753378944
888,1753378889.23782,-37.175,-83.51,0,0,0,0.856019227979263,0.516943982777426,3.5,0,0,0,0,0,1753378944,1753378889.22921,100,100,0,0,0,0,1,0,0,0,0,0,0,1753378944
889,1753378889.24597,-37.175,-83.51,0,0,0,0.856019227979263,0.516943982777426,3.5,0,0,0,0,0,1753378944,1753378889.23785,100,100,0,0,0,0,1,0,0,0,0,0,0,1753378944
890,1753378889.25443,-37.175,-83.51,0,0,0,0.856019227979263,0.516943982777426,3.5,0,0,0,0,0,1753378944,1753378889.24602,100,100,0,0,0,0,1,0,0,0,0,0,0,1753378944
891,1753378889.26257,-37.175,-83.51,0,0,0,0.856019227979263,0.516943982777426,3.5,0,0,0,0,0,1753378944,1753378889.25445,100,100,0,0,0,0,1,0,0,0,0,0,0,1753378944
892,1753378889.27085,-37.175,-83.51,0,0,0,0.856019227979263,0.516943982777426,3.5,0,0,0,0,0,1753378944,1753378889.26259,100,100,0,0,0,0,1,0,0,0,0,0,0,1753378944
893,1753378889.27918,-37.175,-83.51,0,0,0,0.856019227979263,0.516943982777426,3.5,0,0,0,0,0,1753378944,1753378889.27087,100,100,0,0,0,0,1,0,0,0,0,0,0,1753378944
894,1753378889.28751,-37.175,-83.51,0,0,0,0.856019227979263,0.516943982777426,3.5,0,0,0,0,0,1753378944,1753378889.2792,100,100,0,0,0,0,1,0,0,0,0,0,0,1753378944
895,1753378889.29576,-37.175,-83.51,0,0,0,0.856019227979263,0.516943982777426,3.5,0,0,0,0,0,1753378944,1753378889.28753,100,100,0,0,0,0,1,0,0,0,0,0,0,1753378944
896,1753378889.3042,-37.175,-83.51,0,0,0,0.856019227979263,0.516943982777426,3.5,0,0,0,0,0,1753378944,1753378889.29579,100,100,0,0,0,0,1,0,0,0,0,0,0,1753378944
897,1753378889.31244,-37.175,-83.51,0,0,0,0.856019227979263,0.516943982777426,3.5,0,0,0,0,0,1753378944,1753378889.30422,100,100,0,0,0,0,1,0,0,0,0,0,0,1753378944
898,1753378889.32088,-37.175,-83.51,0,0,0,0.856019227979263,0.516943982777426,3.5,0,0,0,0,0,1753378944,1753378889.31246,100,100,0,0,0,0,1,0,0,0,0,0,0,1753378944
899,1753378889.32923,-37.175,-83.51,0,0,0,0.856019227979263,0.516943982777426,3.5,0,0,0,0,0,1753378944,1753378889.3209,100,100,0,0,0,0,1,0,0,0,0,0,0,1753378944
900,1753378889.33752,-37.175,-83.51,0,0,0,0.856019227979263,0.516943982777426,3.5,0,0,0,0,0,1753378944,1753378889.32926,100,100,0,0,0,0,1,0,0,0,0,0,0,1753378944
901,1753378889.34584,-37.175,-83.51,0,0,0,0.856019227979263,0.516943982777426,3.5,0,0,0,0,0,1753378944,1753378889.33754,100,100,0,0,0,0,1,0,0,0,0,0,0,1753378944
902,1753378889.35423,-37.175,-83.51,0,0,0,0.856019227979263,0.516943982777426,3.5,0,0,0,0,0,1753378944,1753378889.34586,100,100,0,0,0,0,1,0,0,0,0,0,0,1753378944
903,1753378889.36271,-37.175,-83.51,0,0,0,0.856019227979263,0.516943982777426,3.5,0,0,0,0,0,1753378944,1753378889.35426,100,100,0,0,0,0,1,0,0,0,0,0,0,1753378944
904,1753378889.37086,-37.175,-83.51,0,0,0,0.856019227979263,0.516943982777426,3.5,0,0,0,0,0,1753378944,1753378889.36274,100,100,0,0,0,0,1,0,0,0,0,0,0,1753378944
905,1753378889.37971,-37.175,-83.51,0,0,0,0.856019227979263,0.516943982777426,3.5,0,0,0,0,0,1753378944,1753378889.37088,100,100,0,0,0,0,1,0,0,0,0,0,0,1753378944
906,1753378889.38809,-37.175,-83.51,0,0,0,0.856019227979263,0.516943982777426,3.5,0,0,0,0,0,1753378944,1753378889.37976,100,100,0,0,0,0,1,0,0,0,0,0,0,1753378944
907,1753378889.39609,-37.175,-83.51,0,0,0,0.856019227979263,0.516943982777426,3.5,0,0,0,0,0,1753378944,1753378889.38815,100,100,0,0,0,0,1,0,0,0,0,0,0,1753378944
908,1753378889.40458,-37.175,-83.51,0,0,0,0.856019227979263,0.516943982777426,3.5,0,0,0,0,0,1753378944,1753378889.39611,100,100,0,0,0,0,1,0,0,0,0,0,0,1753378944
909,1753378889.41344,-37.175,-83.51,0,0,0,0.856019227979263,0.516943982777426,3.5,0,0,0,0,0,1753378944,1753378889.40463,100,100,0,0,0,0,1,0,0,0,0,0,0,1753378944
910,1753378889.42135,-37.175,-83.51,0,0,0,0.856019227979263,0.516943982777426,3.5,0,0,0,0,0,1753378944,1753378889.41349,100,100,0,0,0,0,1,0,0,0,0,0,0,1753378944
911,1753378889.42991,-37.175,-83.51,0,0,0,0.856019227979263,0.516943982777426,3.5,0,0,0,0,0,1753378944,1753378889.4214,100,100,0,0,0,0,1,0,0,0,0,0,0,1753378944
912,1753378889.43771,-37.175,-83.51,0,0,0,0.856019227979263,0.516943982777426,3.5,0,0,0,0,0,1753378944,1753378889.42997,100,100,0,0,0,0,1,0,0,0,0,0,0,1753378944
913,1753378889.44601,-37.175,-83.51,0,0,0,0.856019227979263,0.516943982777426,3.5,0,0,0,0,0,1753378944,1753378889.43774,100,100,0,0,0,0,1,0,0,0,0,0,0,1753378944
914,1753378889.45438,-37.175,-83.51,0,0,0,0.856019227979263,0.516943982777426,3.5,0,0,0,0,0,1753378944,1753378889.44604,100,100,0,0,0,0,1,0,0,0,0,0,0,1753378944
915,1753378889.46243,-37.175,-83.51,0,0,0,0.856019227979263,0.516943982777426,3.5,0,0,0,0,0,1753378944,1753378889.45441,100,100,0,0,0,0,1,0,0,0,0,0,0,1753378944
916,1753378889.47089,-37.175,-83.51,0,0,0,0.856019227979263,0.516943982777426,3.5,0,0,0,0,0,1753378944,1753378889.46245,100,100,0,0,0,0,1,0,0,0,0,0,0,1753378944
917,1753378889.48001,-37.1883729553887,-83.4840797664243,0,0,0,0.856019227979263,0.516943982777426,3.5,0,0,0,0,0,1753378944,1753378889.47091,100,100,0,0,0,0,1,0,0,0,0,0,0,1753378944
918,1753378889.48771,-37.2017459107773,-83.4581595328487,0,0,0,0.856019227979263,0.516943982777426,3.5,0,0,0,0,0,1753378944,1753378889.48005,100,100,0,0,0,0,1,0,0,0,0,0,0,1753378944
919,1753378889.49627,-37.215118866166,-83.432239299273,0,0,0,0.856019227979263,0.516943982777426,3.5,0,0,0,0,0,1753378944,1753378889.48774,100,100,0,0,0,0,1,0,0,0,0,0,0,1753378944
920,1753378889.50453,-37.2284918215547,-83.4063190656974,0,0,0,0.856019227979263,0.516943982777426,3.5,0,0,0,0,0,1753378944,1753378889.49634,100,100,0,0,0,0,1,0,0,0,0,0,0,1753378944
921,1753378889.51328,-37.2418647769433,-83.3803988321217,0,0,0,0.856019227979263,0.516943982777426,3.5,0,0,0,0,0,1753378944,1753378889.50462,100,100,0,0,0,0,1,0,0,0,0,0,0,1753378944
922,1753378889.5211,-37.255237732332,-83.354478598546,0,0,0,0.856019227979263,0.516943982777426,3.5,0,0,0,0,0,1753378944,1753378889.51331,100,100,0,0,0,0,1,0,0,0,0,0,0,1753378944
923,1753378889.52924,-37.2686106877207,-83.3285583649704,0,0,0,0.856019227979263,0.516943982777426,3.5,0,0,0,0,0,1753378944,1753378889.52113,100,100,0,0,0,0,1,0,0,0,0,0,0,1753378944
924,1753378889.5378,-37.2819836431093,-83.3026381313947,0,0,0,0.856019227979263,0.516943982777426,3.5,0,0,0,0,0,1753378944,1753378889.52926,100,100,0,0,0,0,1,0,0,0,0,0,0,1753378944
925,1753378889.54578,-37.295356598498,-83.2767178978191,0,0,0,0.856019227979263,0.516943982777426,3.5,0,0,0,0,0,1753378944,1753378889.53783,100,100,0,0,0,0,1,0,0,0,0,0,0,1753378944
926,1753378889.55437,-37.3087295538867,-83.2507976642434,0,0,0,0.856019227979263,0.516943982777426,3.5,0,0,0,0,0,1753378944,1753378889.54581,100,100,0,0,0,0,1,0,0,0,0,0,0,1753378944
927,1753378889.56246,-37.3221025092753,-83.2248774306677,0,0,0,0.856019227979263,0.516943982777426,3.5,0,0,0,0,0,1753378944,1753378889.5544,100,100,0,0,0,0,1,0,0,0,0,0,0,1753378944
928,1753378889.57094,-37.335475464664,-83.1989571970921,0,0,0,0.856019227979263,0.516943982777426,3.5,0,0,0,0,0,1753378944,1753378889.56249,100,100,0,0,0,0,1,0,0,0,0,0,0,1753378944
929,1753378889.57929,-37.3488484200527,-83.1730369635164,0,0,0,0.856019227979263,0.516943982777426,3.5,0,0,0,0,0,1753378944,1753378889.57096,100,100,0,0,0,0,1,0,0,0,0,0,0,1753378944
930,1753378889.58767,-37.3622213754413,-83.1471167299408,0,0,0,0.856019227979263,0.516943982777426,3.5,0,0,0,0,0,1753378944,1753378889.57932,100,100,0,0,0,0,1,0,0,0,0,0,0,1753378944
931,1753378889.5959,-37.37559433083,-83.1211964963651,0,0,0,0.856019227979263,0.516943982777426,3.5,0,0,0,0,0,1753378944,1753378889.58769,100,100,0,0,0,0,1,0,0,0,0,0,0,1753378944
932,1753378889.60455,-37.3889672862187,-83.0952762627894,0,0,0,0.856019227979263,0.516943982777426,3.5,0,0,0,0,0,1753378944,1753378889.59592,100,100,0,0,0,0,1,0,0,0,0,0,0,1753378944
933,1753378889.61297,-37.4023402416074,-83.0693560292138,0,0,0,0.856019227979263,0.516943982777426,3.5,0,0,0,0,0,1753378944,1753378889.6046,100,100,0,0,0,0,1,0,0,0,0,0,0,1753378944
934,1753378889.6212,-37.415713196996,-83.0434357956381,0,0,0,0.856019227979263,0.516943982777426,3.5,0,0,0,0,0,1753378944,1753378889.61301,100,100,0,0,0,0,1,0,0,0,0,0,0,1753378944
935,1753378889.62934,-37.4290861523847,-83.0175155620625,0,0,0,0.856019227979263,0.516943982777426,3.5,0,0,0,0,0,1753378944,1753378889.62122,100,100,0,0,0,0,1,0,0,0,0,0,0,1753378944
936,1753378889.63761,-37.4424591077734,-82.9915953284868,0,0,0,0.856019227979263,0.516943982777426,3.5,0,0,0,0,0,1753378944,1753378889.62937,100,100,0,0,0,0,1,0,0,0,0,0,0,1753378944
937,1753378889.64583,-37.455832063162,-82.9656750949111,0,0,0,0.856019227979263,0.516943982777426,3.5,0,0,0,0,0,1753378944,1753378889.63763,100,100,0,0,0,0,1,0,0,0,0,0,0,1753378944
938,1753378889.65423,-37.4692050185507,-82.9397548613355,0,0,0,0.856019227979263,0.516943982777426,3.5,0,0,0,0,0,1753378944,1753378889.64585,100,100,0,0,0,0,1,0,0,0,0,0,0,1753378944
939,1753378889.66248,-37.4825779739394,-82.9138346277598,0,0,0,0.856019227979263,0.516943982777426,3.5,0,0,0,0,0,1753378944,1753378889.65425,100,100,0,0,0,0,1,0,0,0,0,0,0,1753378944
940,1753378889.67119,-37.495950929328,-82.8879143941841,0,0,0,0.856019227979263,0.516943982777426,3.5,0,0,0,0,0,1753378944,1753378889.66251,100,100,0,0,0,0,1,0,0,0,0,0,0,1753378944
941,1753378889.67939,-37.5093238847167,-82.8619941606085,0,0,0,0.856019227979263,0.516943982777426,3.5,0,0,0,0,0,1753378944,1753378889.67122,100,100,0,0,0,0,1,0,0,0,0,0,0,1753378944
942,1753378889.6877,-37.5226968401054,-82.8360739270328,0,0,0,0.856019227979263,0.516943982777426,3.5,0,0,0,0,0,1753378944,1753378889.67943,100,100,0,0,0,0,1,0,0,0,0,0,0,1753378944
943,1753378889.69581,-37.536069795494,-82.8101536934572,0,0,0,0.856019227979263,0.516943982777426,3.5,0,0,0,0,0,1753378944,1753378889.68773,100,100,0,0,0,0,1,0,0,0,0,0,0,1753378944
944,1753378889.70425,-37.5494427508827,-82.7842334598815,0,0,0,0.856019227979263,0.516943982777426,3.5,0,0,0,0,0,1753378944,1753378889.69584,100,100,0,0,0,0,1,0,0,0,0,0,0,1753378944
945,1753378889.7126,-37.5628157062714,-82.7583132263058,0,0,0,0.856019227979263,0.516943982777426,3.5,0,0,0,0,0,1753378944,1753378889.70428,100,100,0,0,0,0,1,0,0,0,0,0,0,1753378944
946,1753378889.72114,-37.57618866166,-82.7323929927302,0,0,0,0.856019227979263,0.516943982777426,3.5,0,0,0,0,0,1753378944,1753378889.71263,100,100,0,0,0,0,1,0,0,0,0,0,0,1753378944
947,1753378889.72937,-37.5895616170487,-82.7064727591545,0,0,0,0.856019227979263,0.516943982777426,3.5,0,0,0,0,0,1753378944,1753378889.72117,100,100,0,0,0,0,1,0,0,0,0,0,0,1753378944
948,1753378889.73804,-37.6029345724374,-82.6805525255788,0,0,0,0.856019227979263,0.516943982777426,3.5,0,0,0,0,0,1753378944,1753378889.7294,100,100,0,0,0,0,1,0,0,0,0,0,0,1753378944
949,1753378889.74617,-37.616307527826,-82.6546322920032,0,0,0,0.856019227979263,0.516943982777426,3.5,0,0,0,0,0,1753378944,1753378889.73807,100,100,0,0,0,0,1,0,0,0,0,0,0,1753378944
950,1753378889.75429,-37.6296804832147,-82.6287120584275,0,0,0,0.856019227979263,0.516943982777426,3.5,0,0,0,0,0,1753378944,1753378889.74621,100,100,0,0,0,0,1,0,0,0,0,0,0,1753378944
951,1753378889.76242,-37.6430534386034,-82.6027918248519,0,0,0,0.856019227979263,0.516943982777426,3.5,0,0,0,0,0,1753378944,1753378889.75431,100,100,0,0,0,0,1,0,0,0,0,0,0,1753378944
952,1753378889.77119,-37.656426393992,-82.5768715912762,0,0,0,0.856019227979263,0.516943982777426,3.5,0,0,0,0,0,1753378944,1753378889.76244,100,100,0,0,0,0,1,0,0,0,0,0,0,1753378944
953,1753378889.7794,-37.6697993493807,-82.5509513577005,0,0,0,0.856019227979263,0.516943982777426,3.5,0,0,0,0,0,1753378944,1753378889.77123,100,100,0,0,0,0,1,0,0,0,0,0,0,1753378944
954,1753378889.7877,-37.6831723047694,-82.5250311241249,0,0,0,0.856019227979263,0.516943982777426,3.5,0,0,0,0,0,1753378944,1753378889.77943,100,100,0,0,0,0,1,0,0,0,0,0,0,1753378944
955,1753378889.79603,-37.6965452601581,-82.4991108905492,0,0,0,0.856019227979263,0.516943982777426,3.5,0,0,0,0,0,1753378944,1753378889.78774,100,100,0,0,0,0,1,0,0,0,0,0,0,1753378944
956,1753378889.80424,-37.7099182155467,-82.4731906569736,0,0,0,0.856019227979263,0.516943982777426,3.5,0,0,0,0,0,1753378944,1753378889.79607,100,100,0,0,0,0,1,0,0,0,0,0,0,1753378944
957,1753378889.81261,-37.7232911709354,-82.4472704233979,0,0,0,0.856019227979263,0.516943982777426,3.5,0,0,0,0,0,1753378944,1753378889.80426,100,100,0,0,0,0,1,0,0,0,0,0,0,1753378944
958,1753378889.82099,-37.7366641263241,-82.4213501898222,0,0,0,0.856019227979263,0.516943982777426,3.5,0,0,0,0,0,1753378944,1753378889.81264,100,100,0,0,0,0,1,0,0,0,0,0,0,1753378944
959,1753378889.82924,-37.7500370817127,-82.3954299562466,0,0,0,0.856019227979263,0.516943982777426,3.5,0,0,0,0,0,1753378944,1753378889.82102,100,100,0,0,0,0,1,0,0,0,0,0,0,1753378944
960,1753378889.83766,-37.7634100371014,-82.3695097226709,0,0,0,0.856019227979263,0.516943982777426,3.5,0,0,0,0,0,1753378944,1753378889.82927,100,100,0,0,0,0,1,0,0,0,0,0,0,1753378944
961,1753378889.84588,-37.7767829924901,-82.3435894890953,0,0,0,0.856019227979263,0.516943982777426,3.5,0,0,0,0,0,1753378944,1753378889.83769,100,100,0,0,0,0,1,0,0,0,0,0,0,1753378944
962,1753378889.85453,-37.7901559478787,-82.3176692555196,0,0,0,0.856019227979263,0.516943982777426,3.5,0,0,0,0,0,1753378944,1753378889.84591,100,100,0,0,0,0,1,0,0,0,0,0,0,1753378944
963,1753378889.86266,-37.8035289032674,-82.2917490219439,0,0,0,0.856019227979263,0.516943982777426,3.5,0,0,0,0,0,1753378944,1753378889.85459,100,100,0,0,0,0,1,0,0,0,0,0,0,1753378944
964,1753378889.87102,-37.8169018586561,-82.2658287883683,0,0,0,0.856019227979263,0.516943982777426,3.5,0,0,0,0,0,1753378944,1753378889.86269,100,100,0,0,0,0,1,0,0,0,0,0,0,1753378944
965,1753378889.87933,-37.8302748140447,-82.2399085547926,0,0,0,0.856019227979263,0.516943982777426,3.5,0,0,0,0,0,1753378944,1753378889.87105,100,100,0,0,0,0,1,0,0,0,0,0,0,1753378944
966,1753378889.8877,-37.8436477694334,-82.213988321217,0,0,0,0.856019227979263,0.516943982777426,3.5,0,0,0,0,0,1753378944,1753378889.87937,100,100,0,0,0,0,1,0,0,0,0,0,0,1753378944
967,1753378889.89584,-37.8570207248221,-82.1880680876413,0,0,0,0.856019227979263,0.516943982777426,3.5,0,0,0,0,0,1753378944,1753378889.88773,100,100,0,0,0,0,1,0,0,0,0,0,0,1753378944
968,1753378889.90444,-37.8703936802107,-82.1621478540656,0,0,0,0.856019227979263,0.516943982777426,3.5,0,0,0,0,0,1753378944,1753378889.89586,100,100,0,0,0,0,1,0,0,0,0,0,0,1753378944
969,1753378889.91265,-37.8837666355994,-82.13622762049,0,0,0,0.856019227979263,0.516943982777426,3.5,0,0,0,0,0,1753378944,1753378889.90449,100,100,0,0,0,0,1,0,0,0,0,0,0,1753378944
970,1753378889.92139,-37.8971395909881,-82.1103073869143,0,0,0,0.856019227979263,0.516943982777426,3.5,0,0,0,0,0,1753378944,1753378889.91267,100,100,0,0,0,0,1,0,0,0,0,0,0,1753378944
971,1753378889.92955,-37.9105125463767,-82.0843871533386,0,0,0,0.856019227979263,0.516943982777426,3.5,0,0,0,0,0,1753378944,1753378889.92146,100,100,0,0,0,0,1,0,0,0,0,0,0,1753378944
972,1753378889.93817,-37.9238855017654,-82.058466919763,0,0,0,0.856019227979263,0.516943982777426,3.5,0,0,0,0,0,1753378944,1753378889.9296,100,100,0,0,0,0,1,0,0,0,0,0,0,1753378944
973,1753378889.94635,-37.9372584571541,-82.0325466861873,0,0,0,0.856019227979263,0.516943982777426,3.5,0,0,0,0,0,1753378944,1753378889.93822,100,100,0,0,0,0,1,0,0,0,0,0,0,1753378944
974,1753378889.95422,-37.9506314125427,-82.0066264526117,0,0,0,0.856019227979263,0.516943982777426,3.5,0,0,0,0,0,1753378944,1753378889.94651,100,100,0,0,0,0,1,0,0,0,0,0,0,1753378944
975,1753378889.96309,-37.9640043679314,-81.980706219036,0,0,0,0.856019227979263,0.516943982777426,3.5,0,0,0,0,0,1753378944,1753378889.95425,100,100,0,0,0,0,1,0,0,0,0,0,0,1753378944
976,1753378889.97124,-37.9773773233201,-81.9547859854603,0,0,0,0.856019227979263,0.516943982777426,3.5,0,0,0,0,0,1753378944,1753378889.96313,100,100,0,0,0,0,1,0,0,0,0,0,0,1753378944
977,1753378889.97953,-37.9907502787088,-81.9288657518847,0,0,0,0.856019227979263,0.516943982777426,3.5,0,0,0,0,0,1753378944,1753378889.9713,100,100,0,0,0,0,1,0,0,0,0,0,0,1753378944
978,1753378889.98794,-38.0041232340974,-81.902945518309,0,0,0,0.856019227979263,0.516943982777426,3.5,0,0,0,0,0,1753378944,1753378889.97958,100,100,0,0,0,0,1,0,0,0,0,0,0,1753378944
979,1753378889.99605,-38.0174961894861,-81.8770252847333,0,0,0,0.856019227979263,0.516943982777426,3.5,0,0,0,0,0,1753378944,1753378889.98799,100,100,0,0,0,0,1,0,0,0,0,0,0,1753378944
980,1753378890.00423,-38.0308691448748,-81.8511050511577,0,0,0,0.856019227979263,0.516943982777426,3.5,0,0,0,0,0,1753378944,1753378889.99609,100,100,0,0,0,0,1,0,0,0,0,0,0,1753378944
981,1753378890.01247,-38.0442421002634,-81.825184817582,0,0,0,0.856019227979263,0.516943982777426,3.5,0,0,0,0,0,1753378944,1753378890.00426,100,100,0,0,0,0,1,0,0,0,0,0,0,1753378944
982,1753378890.02119,-38.0576150556521,-81.7992645840064,0,0,0,0.856019227979263,0.516943982777426,3.5,0,0,0,0,0,1753378944,1753378890.01249,100,100,0,0,0,0,1,0,0,0,0,0,0,1753378944
983,1753378890.02953,-38.0709880110408,-81.7733443504307,0,0,0,0.856019227979263,0.516943982777426,3.5,0,0,0,0,0,1753378944,1753378890.02122,100,100,0,0,0,0,1,0,0,0,0,0,0,1753378944
984,1753378890.03804,-38.0843609664294,-81.747424116855,0,0,0,0.856019227979263,0.516943982777426,3.5,0,0,0,0,0,1753378944,1753378890.02957,100,100,0,0,0,0,1,0,0,0,0,0,0,1753378944
985,1753378890.04616,-38.0977339218181,-81.7215038832794,0,0,0,0.856019227979263,0.516943982777426,3.5,0,0,0,0,0,1753378944,1753378890.03807,100,100,0,0,0,0,1,0,0,0,0,0,0,1753378944
986,1753378890.0545,-38.1111068772068,-81.6955836497037,0,0,0,0.856019227979263,0.516943982777426,3.5,0,0,0,0,0,1753378944,1753378890.04619,100,100,0,0,0,0,1,0,0,0,0,0,0,1753378944
987,1753378890.06267,-38.1244798325954,-81.6696634161281,0,0,0,0.856019227979263,0.516943982777426,3.5,0,0,0,0,0,1753378944,1753378890.05454,100,100,0,0,0,0,1,0,0,0,0,0,0,1753378944
988,1753378890.0712,-38.1378527879841,-81.6437431825524,0,0,0,0.856019227979263,0.516943982777426,3.5,0,0,0,0,0,1753378944,1753378890.06271,100,100,0,0,0,0,1,0,0,0,0,0,0,1753378944
989,1753378890.07931,-38.1512257433728,-81.6178229489767,0,0,0,0.856019227979263,0.516943982777426,3.5,0,0,0,0,0,1753378944,1753378890.07124,100,100,0,0,0,0,1,0,0,0,0,0,0,1753378944
990,1753378890.08755,-38.1645986987614,-81.5919027154011,0,0,0,0.856019227979263,0.516943982777426,3.5,0,0,0,0,0,1753378944,1753378890.07933,100,100,0,0,0,0,1,0,0,0,0,0,0,1753378944
991,1753378890.09584,-38.1779716541501,-81.5659824818254,0,0,0,0.856019227979263,0.516943982777426,3.5,0,0,0,0,0,1753378944,1753378890.08758,100,100,0,0,0,0,1,0,0,0,0,0,0,1753378944
992,1753378890.10427,-38.1913446095388,-81.5400622482498,0,0,0,0.856019227979263,0.516943982777426,3.5,0,0,0,0,0,1753378944,1753378890.09587,100,100,0,0,0,0,1,0,0,0,0,0,0,1753378944
993,1753378890.11322,-38.2047175649274,-81.5141420146741,0,0,0,0.856019227979263,0.516943982777426,3.5,0,0,0,0,0,1753378944,1753378890.10431,100,100,0,0,0,0,1,0,0,0,0,0,0,1753378944
994,1753378890.12097,-38.2180905203161,-81.4882217810984,0,0,0,0.856019227979263,0.516943982777426,3.5,0,0,0,0,0,1753378944,1753378890.11325,100,100,0,0,0,0,1,0,0,0,0,0,0,1753378944
995,1753378890.12925,-38.2314634757048,-81.4623015475228,0,0,0,0.856019227979263,0.516943982777426,3.5,0,0,0,0,0,1753378944,1753378890.121,100,100,0,0,0,0,1,0,0,0,0,0,0,1753378944
996,1753378890.13765,-38.2448364310934,-81.4363813139471,0,0,0,0.856019227979263,0.516943982777426,3.5,0,0,0,0,0,1753378944,1753378890.12927,100,100,0,0,0,0,1,0,0,0,0,0,0,1753378944
997,1753378890.14595,-38.2582093864821,-81.4104610803715,0,0,0,0.856019227979263,0.516943982777426,3.5,0,0,0,0,0,1753378944,1753378890.13768,100,100,0,0,0,0,1,0,0,0,0,0,0,1753378944
998,1753378890.15449,-38.2715823418708,-81.3845408467958,0,0,0,0.856019227979263,0.516943982777426,3.5,0,0,0,0,0,1753378944,1753378890.14598,100,100,0,0,0,0,1,0,0,0,0,0,0,1753378944
999,1753378890.16305,-38.2849552972595,-81.3586206132201,0,0,0,0.856019227979263,0.516943982777426,3.5,0,0,0,0,0,1753378944,1753378890.15454,100,100,0,0,0,0,1,0,0,0,0,0,0,1753378944
1000,1753378890.17127,-38.2983282526481,-81.3327003796445,0,0,0,0.856019227979263,0.516943982777426,3.5,0,0,0,0,0,1753378944,1753378890.16309,100,100,0,0,0,0,1,0,0,0,0,0,0,1753378944
1001,1753378890.17948,-38.3117012080368,-81.3067801460688,0,0,0,0.856019227979263,0.516943982777426,3.5,0,0,0,0,0,1753378944,1753378890.1713,100,100,0,0,0,0,1,0,0,0,0,0,0,1753378944
1002,1753378890.1876,-38.3250741634255,-81.2808599124931,0,0,0,0.856019227979263,0.516943982777426,3.5,0,0,0,0,0,1753378944,1753378890.17951,100,100,0,0,0,0,1,0,0,0,0,0,0,1753378944
1003,1753378890.1958,-38.3384471188141,-81.2549396789175,0,0,0,0.856019227979263,0.516943982777426,3.5,0,0,0,0,0,1753378944,1753378890.18763,100,100,0,0,0,0,1,0,0,0,0,0,0,1753378944
1004,1753378890.20434,-38.3518200742028,-81.2290194453418,0,0,0,0.856019227979263,0.516943982777426,3.5,0,0,0,0,0,1753378944,1753378890.19582,100,100,0,0,0,0,1,0,0,0,0,0,0,1753378944
1005,1753378890.21279,-38.3651930295915,-81.2030992117662,0,0,0,0.856019227979263,0.516943982777426,3.5,0,0,0,0,0,1753378944,1753378890.20437,100,100,0,0,0,0,1,0,0,0,0,0,0,1753378944
1006,1753378890.22106,-38.3785659849801,-81.1771789781905,0,0,0,0.856019227979263,0.516943982777426,3.5,0,0,0,0,0,1753378944,1753378890.21283,100,100,0,0,0,0,1,0,0,0,0,0,0,1753378944
1007,1753378890.22957,-38.3919389403688,-81.1512587446148,0,0,0,0.856019227979263,0.516943982777426,3.5,0,0,0,0,0,1753378944,1753378890.22109,100,100,0,0,0,0,1,0,0,0,0,0,0,1753378944
1008,1753378890.23794,-38.4053118957575,-81.1253385110392,0,0,0,0.856019227979263,0.516943982777426,3.5,0,0,0,0,0,1753378944,1753378890.22961,100,100,0,0,0,0,1,0,0,0,0,0,0,1753378944
1009,1753378890.24609,-38.4186848511461,-81.0994182774635,0,0,0,0.856019227979263,0.516943982777426,3.5,0,0,0,0,0,1753378944,1753378890.23798,100,100,0,0,0,0,1,0,0,0,0,0,0,1753378944
1010,1753378890.25452,-38.4320578065348,-81.0734980438879,0,0,0,0.856019227979263,0.516943982777426,3.5,0,0,0,0,0,1753378944,1753378890.24613,100,100,0,0,0,0,1,0,0,0,0,0,0,1753378944
1011,1753378890.26268,-38.4454307619235,-81.0475778103122,0,0,0,0.856019227979263,0.516943982777426,3.5,0,0,0,0,0,1753378944,1753378890.25456,100,100,0,0,0,0,1,0,0,0,0,0,0,1753378944
1012,1753378890.27118,-38.4588037173121,-81.0216575767365,0,0,0,0.856019227979263,0.516943982777426,3.5,0,0,0,0,0,1753378944,1753378890.26273,100,100,0,0,0,0,1,0,0,0,0,0,0,1753378944
1013,1753378890.27949,-38.4721766727008,-80.9957373431609,0,0,0,0.856019227979263,0.516943982777426,3.5,0,0,0,0,0,1753378944,1753378890.27123,100,100,0,0,0,0,1,0,0,0,0,0,0,1753378944
1014,1753378890.28794,-38.4855496280895,-80.9698171095852,0,0,0,0.856019227979263,0.516943982777426,3.5,0,0,0,0,0,1753378944,1753378890.27953,100,100,0,0,0,0,1,0,0,0,0,0,0,1753378944
1015,1753378890.29601,-38.4989225834781,-80.9438968760096,0,0,0,0.856019227979263,0.516943982777426,3.5,0,0,0,0,0,1753378944,1753378890.28798,100,100,0,0,0,0,1,0,0,0,0,0,0,1753378944
1016,1753378890.30449,-38.5122955388668,-80.9179766424339,0,0,0,0.856019227979263,0.516943982777426,3.5,0,0,0,0,0,1753378944,1753378890.29605,100,100,0,0,0,0,1,0,0,0,0,0,0,1753378944
1017,1753378890.31247,-38.5256684942555,-80.8920564088582,0,0,0,0.856019227979263,0.516943982777426,3.5,0,0,0,0,0,1753378944,1753378890.30454,100,100,0,0,0,0,1,0,0,0,0,0,0,1753378944
1018,1753378890.32117,-38.5390414496441,-80.8661361752826,0,0,0,0.856019227979263,0.516943982777426,3.5,0,0,0,0,0,1753378944,1753378890.31249,100,100,0,0,0,0,1,0,0,0,0,0,0,1753378944
1019,1753378890.32931,-38.5524144050328,-80.8402159417069,0,0,0,0.856019227979263,0.516943982777426,3.5,0,0,0,0,0,1753378944,1753378890.3212,100,100,0,0,0,0,1,0,0,0,0,0,0,1753378944
1020,1753378890.33809,-38.5657873604215,-80.8142957081313,0,0,0,0.856019227979263,0.516943982777426,3.5,0,0,0,0,0,1753378944,1753378890.32933,100,100,0,0,0,0,1,0,0,0,0,0,0,1753378944
1021,1753378890.34631,-38.5791603158101,-80.7883754745556,0,0,0,0.856019227979263,0.516943982777426,3.5,0,0,0,0,0,1753378944,1753378890.33812,100,100,0,0,0,0,1,0,0,0,0,0,0,1753378944
1022,1753378890.35455,-38.5925332711988,-80.7624552409799,0,0,0,0.856019227979263,0.516943982777426,3.5,0,0,0,0,0,1753378944,1753378890.34636,100,100,0,0,0,0,1,0,0,0,0,0,0,1753378944
1023,1753378890.36274,-38.6059062265875,-80.7365350074043,0,0,0,0.856019227979263,0.516943982777426,3.5,0,0,0,0,0,1753378944,1753378890.3546,100,100,0,0,0,0,1,0,0,0,0,0,0,1753378944
1024,1753378890.371,-38.6192791819762,-80.7106147738286,0,0,0,0.856019227979263,0.516943982777426,3.5,0,0,0,0,0,1753378944,1753378890.36278,100,100,0,0,0,0,1,0,0,0,0,0,0,1753378944
1025,1753378890.37966,-38.6326521373648,-80.6846945402529,0,0,0,0.856019227979263,0.516943982777426,3.5,0,0,0,0,0,1753378944,1753378890.37102,100,100,0,0,0,0,1,0,0,0,0,0,0,1753378944
1026,1753378890.38813,-38.6460250927535,-80.6587743066773,0,0,0,0.856019227979263,0.516943982777426,3.5,0,0,0,0,0,1753378944,1753378890.37971,100,100,0,0,0,0,1,0,0,0,0,0,0,1753378944
1027,1753378890.39596,-38.6593980481422,-80.6328540731016,0,0,0,0.856019227979263,0.516943982777426,3.5,0,0,0,0,0,1753378944,1753378890.38818,100,100,0,0,0,0,1,0,0,0,0,0,0,1753378944
1028,1753378890.40419,-38.6727710035308,-80.606933839526,0,0,0,0.856019227979263,0.516943982777426,3.5,0,0,0,0,0,1753378944,1753378890.39599,100,100,0,0,0,0,1,0,0,0,0,0,0,1753378944
1029,1753378890.41246,-38.6861439589195,-80.5810136059503,0,0,0,0.856019227979263,0.516943982777426,3.5,0,0,0,0,0,1753378944,1753378890.40421,100,100,0,0,0,0,1,0,0,0,0,0,0,1753378944
1030,1753378890.42093,-38.6995169143082,-80.5550933723746,0,0,0,0.856019227979263,0.516943982777426,3.5,0,0,0,0,0,1753378944,1753378890.41248,100,100,0,0,0,0,1,0,0,0,0,0,0,1753378944
1031,1753378890.42929,-38.7128898696968,-80.529173138799,0,0,0,0.856019227979263,0.516943982777426,3.5,0,0,0,0,0,1753378944,1753378890.42095,100,100,0,0,0,0,1,0,0,0,0,0,0,1753378944
1032,1753378890.43784,-38.7262628250855,-80.5032529052233,0,0,0,0.856019227979263,0.516943982777426,3.5,0,0,0,0,0,1753378944,1753378890.42931,100,100,0,0,0,0,1,0,0,0,0,0,0,1753378944
1033,1753378890.44587,-38.7396357804742,-80.4773326716476,0,0,0,0.856019227979263,0.516943982777426,3.5,0,0,0,0,0,1753378944,1753378890.43789,100,100,0,0,0,0,1,0,0,0,0,0,0,1753378944
1034,1753378890.45428,-38.7530087358628,-80.451412438072,0,0,0,0.856019227979263,0.516943982777426,3.5,0,0,0,0,0,1753378944,1753378890.4459,100,100,0,0,0,0,1,0,0,0,0,0,0,1753378944
1035,1753378890.46244,-38.7663816912515,-80.4254922044963,0,0,0,0.856019227979263,0.516943982777426,3.5,0,0,0,0,0,1753378944,1753378890.45432,100,100,0,0,0,0,1,0,0,0,0,0,0,1753378944
1036,1753378890.47095,-38.7797546466402,-80.3995719709207,0,0,0,0.856019227979263,0.516943982777426,3.5,0,0,0,0,0,1753378944,1753378890.46247,100,100,0,0,0,0,1,0,0,0,0,0,0,1753378944
1037,1753378890.47927,-38.7931276020288,-80.373651737345,0,0,0,0.856019227979263,0.516943982777426,3.5,0,0,0,0,0,1753378944,1753378890.47098,100,100,0,0,0,0,1,0,0,0,0,0,0,1753378944
1038,1753378890.4877,-38.8065005574175,-80.3477315037693,0,0,0,0.856019227979263,0.516943982777426,3.5,0,0,0,0,0,1753378944,1753378890.4793,100,100,0,0,0,0,1,0,0,0,0,0,0,1753378944
1039,1753378890.49594,-38.8198735128062,-80.3218112701937,0,0,0,0.856019227979263,0.516943982777426,3.5,0,0,0,0,0,1753378944,1753378890.48773,100,100,0,0,0,0,1,0,0,0,0,0,0,1753378944
1040,1753378890.5045,-38.8332464681948,-80.295891036618,0,0,0,0.856019227979263,0.516943982777426,3.5,0,0,0,0,0,1753378944,1753378890.49596,100,100,0,0,0,0,1,0,0,0,0,0,0,1753378944
1041,1753378890.51261,-38.8466194235835,-80.2699708030424,0,0,0,0.856019227979263,0.516943982777426,3.5,0,0,0,0,0,1753378944,1753378890.50453,100,100,0,0,0,0,1,0,0,0,0,0,0,1753378944
1042,1753378890.52121,-38.8599923789722,-80.2440505694667,0,0,0,0.856019227979263,0.516943982777426,3.5,0,0,0,0,0,1753378944,1753378890.51264,100,100,0,0,0,0,1,0,0,0,0,0,0,1753378944
1043,1753378890.52928,-38.8733653343608,-80.218130335891,0,0,0,0.856019227979263,0.516943982777426,3.5,0,0,0,0,0,1753378944,1753378890.52125,100,100,0,0,0,0,1,0,0,0,0,0,0,1753378944
1044,1753378890.53764,-38.8867382897495,-80.1922101023154,0,0,0,0.856019227979263,0.516943982777426,3.5,0,0,0,0,0,1753378944,1753378890.52932,100,100,0,0,0,0,1,0,0,0,0,0,0,1753378944
1045,1753378890.54607,-38.9001112451382,-80.1662898687397,0,0,0,0.856019227979263,0.516943982777426,3.5,0,0,0,0,0,1753378944,1753378890.53767,100,100,0,0,0,0,1,0,0,0,0,0,0,1753378944
1046,1753378890.55451,-38.9134842005269,-80.1403696351641,0,0,0,0.856019227979263,0.516943982777426,3.5,0,0,0,0,0,1753378944,1753378890.54611,100,100,0,0,0,0,1,0,0,0,0,0,0,1753378944
1047,1753378890.5632,-38.9268571559155,-80.1144494015884,0,0,0,0.856019227979263,0.516943982777426,3.5,0,0,0,0,0,1753378944,1753378890.55453,100,100,0,0,0,0,1,0,0,0,0,0,0,1753378944
1048,1753378890.57128,-38.9402301113042,-80.0885291680127,0,0,0,0.856019227979263,0.516943982777426,3.5,0,0,0,0,0,1753378944,1753378890.56325,100,100,0,0,0,0,1,0,0,0,0,0,0,1753378944
1049,1753378890.57953,-38.9536030666929,-80.0626089344371,0,0,0,0.856019227979263,0.516943982777426,3.5,0,0,0,0,0,1753378944,1753378890.57133,100,100,0,0,0,0,1,0,0,0,0,0,0,1753378944
1050,1753378890.58779,-38.9669760220815,-80.0366887008614,0,0,0,0.856019227979263,0.516943982777426,3.5,0,0,0,0,0,1753378944,1753378890.57957,100,100,0,0,0,0,1,0,0,0,0,0,0,1753378944
1051,1753378890.59583,-38.9803489774702,-80.0107684672857,0,0,0,0.856019227979263,0.516943982777426,3.5,0,0,0,0,0,1753378944,1753378890.58783,100,100,0,0,0,0,1,0,0,0,0,0,0,1753378944
1052,1753378890.60421,-38.9937219328589,-79.9848482337101,0,0,0,0.856019227979263,0.516943982777426,3.5,0,0,0,0,0,1753378944,1753378890.59586,100,100,0,0,0,0,1,0,0,0,0,0,0,1753378944
1053,1753378890.61262,-39.0070948882475,-79.9589280001344,0,0,0,0.856019227979263,0.516943982777426,3.5,0,0,0,0,0,1753378944,1753378890.60423,100,100,0,0,0,0,1,0,0,0,0,0,0,1753378944
1054,1753378890.62107,-39.0204678436362,-79.9330077665588,0,0,0,0.856019227979263,0.516943982777426,3.5,0,0,0,0,0,1753378944,1753378890.61264,100,100,0,0,0,0,1,0,0,0,0,0,0,1753378944
1055,1753378890.62929,-39.0338407990249,-79.9070875329831,0,0,0,0.856019227979263,0.516943982777426,3.5,0,0,0,0,0,1753378944,1753378890.6211,100,100,0,0,0,0,1,0,0,0,0,0,0,1753378944
1056,1753378890.6377,-39.0472137544135,-79.8811672994074,0,0,0,0.856019227979263,0.516943982777426,3.5,0,0,0,0,0,1753378944,1753378890.62931,100,100,0,0,0,0,1,0,0,0,0,0,0,1753378944
1057,1753378890.64583,-39.0605867098022,-79.8552470658318,0,0,0,0.856019227979263,0.516943982777426,3.5,0,0,0,0,0,1753378944,1753378890.63773,100,100,0,0,0,0,1,0,0,0,0,0,0,1753378944
1058,1753378890.65454,-39.0739596651909,-79.8293268322561,0,0,0,0.856019227979263,0.516943982777426,3.5,0,0,0,0,0,1753378944,1753378890.64585,100,100,0,0,0,0,1,0,0,0,0,0,0,1753378944
1059,1753378890.66286,-39.0873326205795,-79.8034065986805,0,0,0,0.856019227979263,0.516943982777426,3.5,0,0,0,0,0,1753378944,1753378890.6546,100,100,0,0,0,0,1,0,0,0,0,0,0,1753378944
1060,1753378890.67123,-39.1007055759682,-79.7774863651048,0,0,0,0.856019227979263,0.516943982777426,3.5,0,0,0,0,0,1753378944,1753378890.6629,100,100,0,0,0,0,1,0,0,0,0,0,0,1753378944
1061,1753378890.67957,-39.1140785313569,-79.7515661315291,0,0,0,0.856019227979263,0.516943982777426,3.5,0,0,0,0,0,1753378944,1753378890.67127,100,100,0,0,0,0,1,0,0,0,0,0,0,1753378944
1062,1753378890.68791,-39.1274514867455,-79.7256458979535,0,0,0,0.856019227979263,0.516943982777426,3.5,0,0,0,0,0,1753378944,1753378890.67962,100,100,0,0,0,0,1,0,0,0,0,0,0,1753378944
1063,1753378890.69587,-39.1408244421342,-79.6997256643778,0,0,0,0.856019227979263,0.516943982777426,3.5,0,0,0,0,0,1753378944,1753378890.68795,100,100,0,0,0,0,1,0,0,0,0,0,0,1753378944
1064,1753378890.7045,-39.1541973975229,-79.6738054308022,0,0,0,0.856019227979263,0.516943982777426,3.5,0,0,0,0,0,1753378944,1753378890.6959,100,100,0,0,0,0,1,0,0,0,0,0,0,1753378944
1065,1753378890.71263,-39.1675703529115,-79.6478851972265,0,0,0,0.856019227979263,0.516943982777426,3.5,0,0,0,0,0,1753378944,1753378890.70454,100,100,0,0,0,0,1,0,0,0,0,0,0,1753378944
1066,1753378890.72137,-39.1809433083002,-79.6219649636508,0,0,0,0.856019227979263,0.516943982777426,3.5,0,0,0,0,0,1753378944,1753378890.71267,100,100,0,0,0,0,1,0,0,0,0,0,0,1753378944
1067,1753378890.72963,-39.1943162636889,-79.5960447300752,0,0,0,0.856019227979263,0.516943982777426,3.5,0,0,0,0,0,1753378944,1753378890.72141,100,100,0,0,0,0,1,0,0,0,0,0,0,1753378944
1068,1753378890.73794,-39.2076892190776,-79.5701244964995,0,0,0,0.856019227979263,0.516943982777426,3.5,0,0,0,0,0,1753378944,1753378890.72968,100,100,0,0,0,0,1,0,0,0,0,0,0,1753378944
1069,1753378890.74582,-39.2210621744662,-79.5442042629238,0,0,0,0.856019227979263,0.516943982777426,3.5,0,0,0,0,0,1753378944,1753378890.73798,100,100,0,0,0,0,1,0,0,0,0,0,0,1753378944
1070,1753378890.75434,-39.2344351298549,-79.5182840293482,0,0,0,0.856019227979263,0.516943982777426,3.5,0,0,0,0,0,1753378944,1753378890.74585,100,100,0,0,0,0,1,0,0,0,0,0,0,1753378944
1071,1753378890.76244,-39.2478080852436,-79.4923637957725,0,0,0,0.856019227979263,0.516943982777426,3.5,0,0,0,0,0,1753378944,1753378890.75437,100,100,0,0,0,0,1,0,0,0,0,0,0,1753378944
1072,1753378890.77119,-39.2611810406322,-79.4664435621969,0,0,0,0.856019227979263,0.516943982777426,3.5,0,0,0,0,0,1753378944,1753378890.76247,100,100,0,0,0,0,1,0,0,0,0,0,0,1753378944
1073,1753378890.77933,-39.2745539960209,-79.4405233286212,0,0,0,0.856019227979263,0.516943982777426,3.5,0,0,0,0,0,1753378944,1753378890.77122,100,100,0,0,0,0,1,0,0,0,0,0,0,1753378944
1074,1753378890.78786,-39.2879269514096,-79.4146030950455,0,0,0,0.856019227979263,0.516943982777426,3.5,0,0,0,0,0,1753378944,1753378890.77935,100,100,0,0,0,0,1,0,0,0,0,0,0,1753378944
1075,1753378890.79615,-39.3012999067982,-79.3886828614699,0,0,0,0.856019227979263,0.516943982777426,3.5,0,0,0,0,0,1753378944,1753378890.78789,100,100,0,0,0,0,1,0,0,0,0,0,0,1753378944
1076,1753378890.8042,-39.3146728621869,-79.3627626278942,0,0,0,0.856019227979263,0.516943982777426,3.5,0,0,0,0,0,1753378944,1753378890.7962,100,100,0,0,0,0,1,0,0,0,0,0,0,1753378944
1077,1753378890.81257,-39.3280458175756,-79.3368423943186,0,0,0,0.856019227979263,0.516943982777426,3.5,0,0,0,0,0,1753378944,1753378890.80422,100,100,0,0,0,0,1,0,0,0,0,0,0,1753378944
1078,1753378890.82142,-39.3414187729642,-79.3109221607429,0,0,0,0.856019227979263,0.516943982777426,3.5,0,0,0,0,0,1753378944,1753378890.81261,100,100,0,0,0,0,1,0,0,0,0,0,0,1753378944
1079,1753378890.82926,-39.3547917283529,-79.2850019271672,0,0,0,0.856019227979263,0.516943982777426,3.5,0,0,0,0,0,1753378944,1753378890.82148,100,100,0,0,0,0,1,0,0,0,0,0,0,1753378944
1080,1753378890.83774,-39.3681646837416,-79.2590816935916,0,0,0,0.856019227979263,0.516943982777426,3.5,0,0,0,0,0,1753378944,1753378890.82929,100,100,0,0,0,0,1,0,0,0,0,0,0,1753378944
1081,1753378890.84587,-39.3815376391302,-79.2331614600159,0,0,0,0.856019227979263,0.516943982777426,3.5,0,0,0,0,0,1753378944,1753378890.83777,100,100,0,0,0,0,1,0,0,0,0,0,0,1753378944
1082,1753378890.85426,-39.3949105945189,-79.2072412264402,0,0,0,0.856019227979263,0.516943982777426,3.5,0,0,0,0,0,1753378944,1753378890.84589,100,100,0,0,0,0,1,0,0,0,0,0,0,1753378944
1083,1753378890.86248,-39.4082835499076,-79.1813209928646,0,0,0,0.856019227979263,0.516943982777426,3.5,0,0,0,0,0,1753378944,1753378890.8543,100,100,0,0,0,0,1,0,0,0,0,0,0,1753378944
1084,1753378890.87094,-39.4216565052962,-79.1554007592889,0,0,0,0.856019227979263,0.516943982777426,3.5,0,0,0,0,0,1753378944,1753378890.8625,100,100,0,0,0,0,1,0,0,0,0,0,0,1753378944
1085,1753378890.87923,-39.4350294606849,-79.1294805257133,0,0,0,0.856019227979263,0.516943982777426,3.5,0,0,0,0,0,1753378944,1753378890.87096,100,100,0,0,0,0,1,0,0,0,0,0,0,1753378944
1086,1753378890.88771,-39.4484024160736,-79.1035602921376,0,0,0,0.856019227979263,0.516943982777426,3.5,0,0,0,0,0,1753378944,1753378890.87926,100,100,0,0,0,0,1,0,0,0,0,0,0,1753378944
1087,1753378890.89593,-39.4617753714622,-79.0776400585619,0,0,0,0.856019227979263,0.516943982777426,3.5,0,0,0,0,0,1753378944,1753378890.88774,100,100,0,0,0,0,1,0,0,0,0,0,0,1753378944
1088,1753378890.90445,-39.4751483268509,-79.0517198249863,0,0,0,0.856019227979263,0.516943982777426,3.5,0,0,0,0,0,1753378944,1753378890.89596,100,100,0,0,0,0,1,0,0,0,0,0,0,1753378944
1089,1753378890.91248,-39.4885212822396,-79.0257995914106,0,0,0,0.856019227979263,0.516943982777426,3.5,0,0,0,0,0,1753378944,1753378890.90449,100,100,0,0,0,0,1,0,0,0,0,0,0,1753378944
1090,1753378890.92098,-39.5018942376282,-78.999879357835,0,0,0,0.856019227979263,0.516943982777426,3.5,0,0,0,0,0,1753378944,1753378890.91251,100,100,0,0,0,0,1,0,0,0,0,0,0,1753378944
1091,1753378890.92925,-39.5152671930169,-78.9739591242593,0,0,0,0.856019227979263,0.516943982777426,3.5,0,0,0,0,0,1753378944,1753378890.92101,100,100,0,0,0,0,1,0,0,0,0,0,0,1753378944
1092,1753378890.93781,-39.5286401484056,-78.9480388906836,0,0,0,0.856019227979263,0.516943982777426,3.5,0,0,0,0,0,1753378944,1753378890.92927,100,100,0,0,0,0,1,0,0,0,0,0,0,1753378944
1093,1753378890.94588,-39.5420131037943,-78.922118657108,0,0,0,0.856019227979263,0.516943982777426,3.5,0,0,0,0,0,1753378944,1753378890.93785,100,100,0,0,0,0,1,0,0,0,0,0,0,1753378944
1094,1753378890.95455,-39.5553860591829,-78.8961984235323,0,0,0,0.856019227979263,0.516943982777426,3.5,0,0,0,0,0,1753378944,1753378890.94591,100,100,0,0,0,0,1,0,0,0,0,0,0,1753378944
1095,1753378890.9625,-39.5687590145716,-78.8702781899567,0,0,0,0.856019227979263,0.516943982777426,3.5,0,0,0,0,0,1753378944,1753378890.95459,100,100,0,0,0,0,1,0,0,0,0,0,0,1753378944
1096,1753378890.97096,-39.5821319699603,-78.844357956381,0,0,0,0.856019227979263,0.516943982777426,3.5,0,0,0,0,0,1753378944,1753378890.96254,100,100,0,0,0,0,1,0,0,0,0,0,0,1753378944
1097,1753378890.97923,-39.5955049253489,-78.8184377228053,0,0,0,0.856019227979263,0.516943982777426,3.5,0,0,0,0,0,1753378944,1753378890.97099,100,100,0,0,0,0,1,0,0,0,0,0,0,1753378944
1098,1753378890.98786,-39.6088778807376,-78.7925174892297,0,0,0,0.856019227979263,0.516943982777426,3.5,0,0,0,0,0,1753378944,1753378890.97926,100,100,0,0,0,0,1,0,0,0,0,0,0,1753378944
1099,1753378890.99591,-39.6222508361263,-78.766597255654,0,0,0,0.856019227979263,0.516943982777426,3.5,0,0,0,0,0,1753378944,1753378890.98789,100,100,0,0,0,0,1,0,0,0,0,0,0,1753378944
1100,1753378891.00427,-39.6356237915149,-78.7406770220783,0,0,0,0.856019227979263,0.516943982777426,3.5,0,0,0,0,0,1753378944,1753378890.99594,100,100,0,0,0,0,1,0,0,0,0,0,0,1753378944
1101,1753378891.01243,-39.6489967469036,-78.7147567885027,0,0,0,0.856019227979263,0.516943982777426,3.5,0,0,0,0,0,1753378944,1753378891.00432,100,100,0,0,0,0,1,0,0,0,0,0,0,1753378944
1102,1753378891.02098,-39.6623697022923,-78.688836554927,0,0,0,0.856019227979263,0.516943982777426,3.5,0,0,0,0,0,1753378944,1753378891.01246,100,100,0,0,0,0,1,0,0,0,0,0,0,1753378944
1103,1753378891.02931,-39.6757426576809,-78.6629163213514,0,0,0,0.856019227979263,0.516943982777426,3.5,0,0,0,0,0,1753378944,1753378891.021,100,100,0,0,0,0,1,0,0,0,0,0,0,1753378944
1104,1753378891.03768,-39.6891156130696,-78.6369960877757,0,0,0,0.856019227979263,0.516943982777426,3.5,0,0,0,0,0,1753378944,1753378891.02934,100,100,0,0,0,0,1,0,0,0,0,0,0,1753378944
1105,1753378891.04586,-39.7024885684583,-78.6110758542,0,0,0,0.856019227979263,0.516943982777426,3.5,0,0,0,0,0,1753378944,1753378891.03771,100,100,0,0,0,0,1,0,0,0,0,0,0,1753378944
1106,1753378891.05436,-39.7158615238469,-78.5851556206244,0,0,0,0.856019227979263,0.516943982777426,3.5,0,0,0,0,0,1753378944,1753378891.04589,100,100,0,0,0,0,1,0,0,0,0,0,0,1753378944
1107,1753378891.0625,-39.7292344792356,-78.5592353870487,0,0,0,0.856019227979263,0.516943982777426,3.5,0,0,0,0,0,1753378944,1753378891.0544,100,100,0,0,0,0,1,0,0,0,0,0,0,1753378944
1108,1753378891.07132,-39.7426074346243,-78.5333151534731,0,0,0,0.856019227979263,0.516943982777426,3.5,0,0,0,0,0,1753378944,1753378891.06252,100,100,0,0,0,0,1,0,0,0,0,0,0,1753378944
1109,1753378891.07958,-39.7559803900129,-78.5073949198974,0,0,0,0.856019227979263,0.516943982777426,3.5,0,0,0,0,0,1753378944,1753378891.07137,100,100,0,0,0,0,1,0,0,0,0,0,0,1753378944
1110,1753378891.08767,-39.7693533454016,-78.4814746863217,0,0,0,0.856019227979263,0.516943982777426,3.5,0,0,0,0,0,1753378944,1753378891.07963,100,100,0,0,0,0,1,0,0,0,0,0,0,1753378944
1111,1753378891.09607,-39.7827263007903,-78.4555544527461,0,0,0,0.856019227979263,0.516943982777426,3.5,0,0,0,0,0,1753378944,1753378891.08769,100,100,0,0,0,0,1,0,0,0,0,0,0,1753378944
1112,1753378891.10447,-39.7960992561789,-78.4296342191704,0,0,0,0.856019227979263,0.516943982777426,3.5,0,0,0,0,0,1753378944,1753378891.09611,100,100,0,0,0,0,1,0,0,0,0,0,0,1753378944
1113,1753378891.11286,-39.8094722115676,-78.4037139855947,0,0,0,0.856019227979263,0.516943982777426,3.5,0,0,0,0,0,1753378944,1753378891.10452,100,100,0,0,0,0,1,0,0,0,0,0,0,1753378944
1114,1753378891.12095,-39.8228451669563,-78.3777937520191,0,0,0,0.856019227979263,0.516943982777426,3.5,0,0,0,0,0,1753378944,1753378891.11291,100,100,0,0,0,0,1,0,0,0,0,0,0,1753378944
1115,1753378891.12947,-39.8362181223449,-78.3518735184434,0,0,0,0.856019227979263,0.516943982777426,3.5,0,0,0,0,0,1753378944,1753378891.12097,100,100,0,0,0,0,1,0,0,0,0,0,0,1753378944
1116,1753378891.13777,-39.8495910777336,-78.3259532848678,0,0,0,0.856019227979263,0.516943982777426,3.5,0,0,0,0,0,1753378944,1753378891.1295,100,100,0,0,0,0,1,0,0,0,0,0,0,1753378944
1117,1753378891.14594,-39.8629640331223,-78.3000330512921,0,0,0,0.856019227979263,0.516943982777426,3.5,0,0,0,0,0,1753378944,1753378891.13781,100,100,0,0,0,0,1,0,0,0,0,0,0,1753378944
1118,1753378891.15423,-39.876336988511,-78.2741128177164,0,0,0,0.856019227979263,0.516943982777426,3.5,0,0,0,0,0,1753378944,1753378891.14597,100,100,0,0,0,0,1,0,0,0,0,0,0,1753378944
1119,1753378891.16247,-39.8897099438996,-78.2481925841408,0,0,0,0.856019227979263,0.516943982777426,3.5,0,0,0,0,0,1753378944,1753378891.15426,100,100,0,0,0,0,1,0,0,0,0,0,0,1753378944
1120,1753378891.17092,-39.9030828992883,-78.2222723505651,0,0,0,0.856019227979263,0.516943982777426,3.5,0,0,0,0,0,1753378944,1753378891.1625,100,100,0,0,0,0,1,0,0,0,0,0,0,1753378944
1121,1753378891.17932,-39.916455854677,-78.1963521169895,0,0,0,0.856019227979263,0.516943982777426,3.5,0,0,0,0,0,1753378944,1753378891.17095,100,100,0,0,0,0,1,0,0,0,0,0,0,1753378944
1122,1753378891.1876,-39.9298288100656,-78.1704318834138,0,0,0,0.856019227979263,0.516943982777426,3.5,0,0,0,0,0,1753378944,1753378891.17934,100,100,0,0,0,0,1,0,0,0,0,0,0,1753378944
1123,1753378891.19582,-39.9432017654543,-78.1445116498381,0,0,0,0.856019227979263,0.516943982777426,3.5,0,0,0,0,0,1753378944,1753378891.18763,100,100,0,0,0,0,1,0,0,0,0,0,0,1753378944
1124,1753378891.20432,-39.956574720843,-78.1185914162625,0,0,0,0.856019227979263,0.516943982777426,3.5,0,0,0,0,0,1753378944,1753378891.19585,100,100,0,0,0,0,1,0,0,0,0,0,0,1753378944
1125,1753378891.2125,-39.9699476762316,-78.0926711826868,0,0,0,0.856019227979263,0.516943982777426,3.5,0,0,0,0,0,1753378944,1753378891.20434,100,100,0,0,0,0,1,0,0,0,0,0,0,1753378944
1126,1753378891.22093,-39.9833206316203,-78.0667509491112,0,0,0,0.856019227979263,0.516943982777426,3.5,0,0,0,0,0,1753378944,1753378891.21253,100,100,0,0,0,0,1,0,0,0,0,0,0,1753378944
1127,1753378891.2294,-39.996693587009,-78.0408307155355,0,0,0,0.856019227979263,0.516943982777426,3.5,0,0,0,0,0,1753378944,1753378891.22095,100,100,0,0,0,0,1,0,0,0,0,0,0,1753378944
1128,1753378891.23779,-40.0100665423976,-78.0149104819598,0,0,0,0.856019227979263,0.516943982777426,3.5,0,0,0,0,0,1753378944,1753378891.22943,100,100,0,0,0,0,1,0,0,0,0,0,0,1753378944
1129,1753378891.24587,-40.0234394977863,-77.9889902483842,0,0,0,0.856019227979263,0.516943982777426,3.5,0,0,0,0,0,1753378944,1753378891.23782,100,100,0,0,0,0,1,0,0,0,0,0,0,1753378944
1130,1753378891.25432,-40.036812453175,-77.9630700148085,0,0,0,0.856019227979263,0.516943982777426,3.5,0,0,0,0,0,1753378944,1753378891.2459,100,100,0,0,0,0,1,0,0,0,0,0,0,1753378944
1131,1753378891.26254,-40.0501854085636,-77.9371497812329,0,0,0,0.856019227979263,0.516943982777426,3.5,0,0,0,0,0,1753378944,1753378891.25435,100,100,0,0,0,0,1,0,0,0,0,0,0,1753378944
1132,1753378891.27102,-40.0635583639523,-77.9112295476572,0,0,0,0.856019227979263,0.516943982777426,3.5,0,0,0,0,0,1753378944,1753378891.26256,100,100,0,0,0,0,1,0,0,0,0,0,0,1753378944
1133,1753378891.2795,-40.076931319341,-77.8853093140815,0,0,0,0.856019227979263,0.516943982777426,3.5,0,0,0,0,0,1753378944,1753378891.27105,100,100,0,0,0,0,1,0,0,0,0,0,0,1753378944
1134,1753378891.28793,-40.0903042747297,-77.8593890805059,0,0,0,0.856019227979263,0.516943982777426,3.5,0,0,0,0,0,1753378944,1753378891.27954,100,100,0,0,0,0,1,0,0,0,0,0,0,1753378944
1135,1753378891.29584,-40.1036772301183,-77.8334688469302,0,0,0,0.856019227979263,0.516943982777426,3.5,0,0,0,0,0,1753378944,1753378891.28796,100,100,0,0,0,0,1,0,0,0,0,0,0,1753378944
1136,1753378891.30427,-40.117050185507,-77.8075486133545,0,0,0,0.856019227979263,0.516943982777426,3.5,0,0,0,0,0,1753378944,1753378891.29587,100,100,0,0,0,0,1,0,0,0,0,0,0,1753378944
1137,1753378891.31261,-40.1304231408957,-77.7816283797789,0,0,0,0.856019227979263,0.516943982777426,3.5,0,0,0,0,0,1753378944,1753378891.30431,100,100,0,0,0,0,1,0,0,0,0,0,0,1753378944
1138,1753378891.32098,-40.1437960962843,-77.7557081462032,0,0,0,0.856019227979263,0.516943982777426,3.5,0,0,0,0,0,1753378944,1753378891.31265,100,100,0,0,0,0,1,0,0,0,0,0,0,1753378944
1139,1753378891.32928,-40.157169051673,-77.7297879126276,0,0,0,0.856019227979263,0.516943982777426,3.5,0,0,0,0,0,1753378944,1753378891.32103,100,100,0,0,0,0,1,0,0,0,0,0,0,1753378944
1140,1753378891.33784,-40.1705420070617,-77.7038676790519,0,0,0,0.856019227979263,0.516943982777426,3.5,0,0,0,0,0,1753378944,1753378891.32932,100,100,0,0,0,0,1,0,0,0,0,0,0,1753378944
1141,1753378891.34585,-40.1839149624503,-77.6779474454762,0,0,0,0.856019227979263,0.516943982777426,3.5,0,0,0,0,0,1753378944,1753378891.33786,100,100,0,0,0,0,1,0,0,0,0,0,0,1753378944
1142,1753378891.35422,-40.197287917839,-77.6520272119006,0,0,0,0.856019227979263,0.516943982777426,3.5,0,0,0,0,0,1753378944,1753378891.34587,100,100,0,0,0,0,1,0,0,0,0,0,0,1753378944
1143,1753378891.36242,-40.2106608732277,-77.6261069783249,0,0,0,0.856019227979263,0.516943982777426,3.5,0,0,0,0,0,1753378944,1753378891.35424,100,100,0,0,0,0,1,0,0,0,0,0,0,1753378944
1144,1753378891.37101,-40.2240338286163,-77.6001867447493,0,0,0,0.856019227979263,0.516943982777426,3.5,0,0,0,0,0,1753378944,1753378891.36245,100,100,0,0,0,0,1,0,0,0,0,0,0,1753378944
1145,1753378891.37925,-40.237406784005,-77.5742665111736,0,0,0,0.856019227979263,0.516943982777426,3.5,0,0,0,0,0,1753378944,1753378891.37104,100,100,0,0,0,0,1,0,0,0,0,0,0,1753378944
1146,1753378891.38763,-40.2507797393937,-77.5483462775979,0,0,0,0.856019227979263,0.516943982777426,3.5,0,0,0,0,0,1753378944,1753378891.37928,100,100,0,0,0,0,1,0,0,0,0,0,0,1753378944
1147,1753378891.39585,-40.2641526947823,-77.5224260440223,0,0,0,0.856019227979263,0.516943982777426,3.5,0,0,0,0,0,1753378944,1753378891.38767,100,100,0,0,0,0,1,0,0,0,0,0,0,1753378944
1148,1753378891.4043,-40.277525650171,-77.4965058104466,0,0,0,0.856019227979263,0.516943982777426,3.5,0,0,0,0,0,1753378944,1753378891.39588,100,100,0,0,0,0,1,0,0,0,0,0,0,1753378944
1149,1753378891.41265,-40.2908986055597,-77.470585576871,0,0,0,0.856019227979263,0.516943982777426,3.5,0,0,0,0,0,1753378944,1753378891.40433,100,100,0,0,0,0,1,0,0,0,0,0,0,1753378944
1150,1753378891.42103,-40.3042715609483,-77.4446653432953,0,0,0,0.856019227979263,0.516943982777426,3.5,0,0,0,0,0,1753378944,1753378891.41267,100,100,0,0,0,0,1,0,0,0,0,0,0,1753378944
1151,1753378891.42953,-40.317644516337,-77.4187451097196,0,0,0,0.856019227979263,0.516943982777426,3.5,0,0,0,0,0,1753378944,1753378891.42106,100,100,0,0,0,0,1,0,0,0,0,0,0,1753378944
1152,1753378891.43783,-40.3310174717257,-77.392824876144,0,0,0,0.856019227979263,0.516943982777426,3.5,0,0,0,0,0,1753378944,1753378891.42957,100,100,0,0,0,0,1,0,0,0,0,0,0,1753378944
1153,1753378891.44603,-40.3443904271143,-77.3669046425683,0,0,0,0.856019227979263,0.516943982777426,3.5,0,0,0,0,0,1753378944,1753378891.43788,100,100,0,0,0,0,1,0,0,0,0,0,0,1753378944
1154,1753378891.45446,-40.357763382503,-77.3409844089926,0,0,0,0.856019227979263,0.516943982777426,3.5,0,0,0,0,0,1753378944,1753378891.44607,100,100,0,0,0,0,1,0,0,0,0,0,0,1753378944
1155,1753378891.46246,-40.3711363378917,-77.315064175417,0,0,0,0.856019227979263,0.516943982777426,3.5,0,0,0,0,0,1753378944,1753378891.45451,100,100,0,0,0,0,1,0,0,0,0,0,0,1753378944
1156,1753378891.47112,-40.3845092932803,-77.2891439418413,0,0,0,0.856019227979263,0.516943982777426,3.5,0,0,0,0,0,1753378944,1753378891.46248,100,100,0,0,0,0,1,0,0,0,0,0,0,1753378944
1157,1753378891.47964,-40.397882248669,-77.2632237082657,0,0,0,0.856019227979263,0.516943982777426,3.5,0,0,0,0,0,1753378944,1753378891.47116,100,100,0,0,0,0,1,0,0,0,0,0,0,1753378944
1158,1753378891.48794,-40.4112552040577,-77.23730347469,0,0,0,0.856019227979263,0.516943982777426,3.5,0,0,0,0,0,1753378944,1753378891.47969,100,100,0,0,0,0,1,0,0,0,0,0,0,1753378944
1159,1753378891.49613,-40.4246281594464,-77.2113832411143,0,0,0,0.856019227979263,0.516943982777426,3.5,0,0,0,0,0,1753378944,1753378891.48799,100,100,0,0,0,0,1,0,0,0,0,0,0,1753378944
1160,1753378891.5045,-40.438001114835,-77.1854630075387,0,0,0,0.856019227979263,0.516943982777426,3.5,0,0,0,0,0,1753378944,1753378891.49617,100,100,0,0,0,0,1,0,0,0,0,0,0,1753378944
1161,1753378891.51296,-40.4513740702237,-77.159542773963,0,0,0,0.856019227979263,0.516943982777426,3.5,0,0,0,0,0,1753378944,1753378891.50455,100,100,0,0,0,0,1,0,0,0,0,0,0,1753378944
1162,1753378891.52123,-40.4647470256124,-77.1336225403874,0,0,0,0.856019227979263,0.516943982777426,3.5,0,0,0,0,0,1753378944,1753378891.51301,100,100,0,0,0,0,1,0,0,0,0,0,0,1753378944
1163,1753378891.52953,-40.478119981001,-77.1077023068117,0,0,0,0.856019227979263,0.516943982777426,3.5,0,0,0,0,0,1753378944,1753378891.52131,100,100,0,0,0,0,1,0,0,0,0,0,0,1753378944
1164,1753378891.53788,-40.4914929363897,-77.081782073236,0,0,0,0.856019227979263,0.516943982777426,3.5,0,0,0,0,0,1753378944,1753378891.52958,100,100,0,0,0,0,1,0,0,0,0,0,0,1753378944
1165,1753378891.54614,-40.5048658917784,-77.0558618396604,0,0,0,0.856019227979263,0.516943982777426,3.5,0,0,0,0,0,1753378944,1753378891.53793,100,100,0,0,0,0,1,0,0,0,0,0,0,1753378944
1166,1753378891.5545,-40.518238847167,-77.0299416060847,0,0,0,0.856019227979263,0.516943982777426,3.5,0,0,0,0,0,1753378944,1753378891.54618,100,100,0,0,0,0,1,0,0,0,0,0,0,1753378944
1167,1753378891.56268,-40.5316118025557,-77.004021372509,0,0,0,0.856019227979263,0.516943982777426,3.5,0,0,0,0,0,1753378944,1753378891.55455,100,100,0,0,0,0,1,0,0,0,0,0,0,1753378944
1168,1753378891.57119,-40.5449847579444,-76.9781011389334,0,0,0,0.856019227979263,0.516943982777426,3.5,0,0,0,0,0,1753378944,1753378891.56272,100,100,0,0,0,0,1,0,0,0,0,0,0,1753378944
1169,1753378891.57958,-40.558357713333,-76.9521809053577,0,0,0,0.856019227979263,0.516943982777426,3.5,0,0,0,0,0,1753378944,1753378891.57121,100,100,0,0,0,0,1,0,0,0,0,0,0,1753378944
1170,1753378891.58764,-40.5717306687217,-76.9262606717821,0,0,0,0.856019227979263,0.516943982777426,3.5,0,0,0,0,0,1753378944,1753378891.57961,100,100,0,0,0,0,1,0,0,0,0,0,0,1753378944
1171,1753378891.5961,-40.5851036241104,-76.9003404382064,0,0,0,0.856019227979263,0.516943982777426,3.5,0,0,0,0,0,1753378944,1753378891.58767,100,100,0,0,0,0,1,0,0,0,0,0,0,1753378944
1172,1753378891.60446,-40.598476579499,-76.8744202046307,0,0,0,0.856019227979263,0.516943982777426,3.5,0,0,0,0,0,1753378944,1753378891.59614,100,100,0,0,0,0,1,0,0,0,0,0,0,1753378944
1173,1753378891.61285,-40.6118495348877,-76.8484999710551,0,0,0,0.856019227979263,0.516943982777426,3.5,0,0,0,0,0,1753378944,1753378891.60451,100,100,0,0,0,0,1,0,0,0,0,0,0,1753378944
1174,1753378891.62113,-40.6252224902764,-76.8225797374794,0,0,0,0.856019227979263,0.516943982777426,3.5,0,0,0,0,0,1753378944,1753378891.61289,100,100,0,0,0,0,1,0,0,0,0,0,0,1753378944
1175,1753378891.62924,-40.638595445665,-76.7966595039038,0,0,0,0.856019227979263,0.516943982777426,3.5,0,0,0,0,0,1753378944,1753378891.62115,100,100,0,0,0,0,1,0,0,0,0,0,0,1753378944
1176,1753378891.63764,-40.6519684010537,-76.7707392703281,0,0,0,0.856019227979263,0.516943982777426,3.5,0,0,0,0,0,1753378944,1753378891.62926,100,100,0,0,0,0,1,0,0,0,0,0,0,1753378944
1177,1753378891.64589,-40.6653413564424,-76.7448190367524,0,0,0,0.856019227979263,0.516943982777426,3.5,0,0,0,0,0,1753378944,1753378891.63767,100,100,0,0,0,0,1,0,0,0,0,0,0,1753378944
1178,1753378891.65458,-40.678714311831,-76.7188988031768,0,0,0,0.856019227979263,0.516943982777426,3.5,0,0,0,0,0,1753378944,1753378891.64591,100,100,0,0,0,0,1,0,0,0,0,0,0,1753378944
1179,1753378891.6629,-40.6920872672197,-76.6929785696011,0,0,0,0.856019227979263,0.516943982777426,3.5,0,0,0,0,0,1753378944,1753378891.65462,100,100,0,0,0,0,1,0,0,0,0,0,0,1753378944
1180,1753378891.67098,-40.7054602226084,-76.6670583360254,0,0,0,0.856019227979263,0.516943982777426,3.5,0,0,0,0,0,1753378944,1753378891.66295,100,100,0,0,0,0,1,0,0,0,0,0,0,1753378944
1181,1753378891.67927,-40.718833177997,-76.6411381024498,0,0,0,0.856019227979263,0.516943982777426,3.5,0,0,0,0,0,1753378944,1753378891.67101,100,100,0,0,0,0,1,0,0,0,0,0,0,1753378944
1182,1753378891.68816,-40.7322061333857,-76.6152178688741,0,0,0,0.856019227979263,0.516943982777426,3.5,0,0,0,0,0,1753378944,1753378891.6793,100,100,0,0,0,0,1,0,0,0,0,0,0,1753378944
1183,1753378891.6961,-40.7455790887744,-76.5892976352985,0,0,0,0.856019227979263,0.516943982777426,3.5,0,0,0,0,0,1753378944,1753378891.68821,100,100,0,0,0,0,1,0,0,0,0,0,0,1753378944
1184,1753378891.70475,-40.7589520441631,-76.5633774017228,0,0,0,0.856019227979263,0.516943982777426,3.5,0,0,0,0,0,1753378944,1753378891.69614,100,100,0,0,0,0,1,0,0,0,0,0,0,1753378944
1185,1753378891.71277,-40.7723249995517,-76.5374571681471,0,0,0,0.856019227979263,0.516943982777426,3.5,0,0,0,0,0,1753378944,1753378891.70482,100,100,0,0,0,0,1,0,0,0,0,0,0,1753378944
1186,1753378891.72119,-40.7856979549404,-76.5115369345715,0,0,0,0.856019227979263,0.516943982777426,3.5,0,0,0,0,0,1753378944,1753378891.71282,100,100,0,0,0,0,1,0,0,0,0,0,0,1753378944
1187,1753378891.72953,-40.7990709103291,-76.4856167009958,0,0,0,0.856019227979263,0.516943982777426,3.5,0,0,0,0,0,1753378944,1753378891.72123,100,100,0,0,0,0,1,0,0,0,0,0,0,1753378944
1188,1753378891.73786,-40.8124438657177,-76.4596964674202,0,0,0,0.856019227979263,0.516943982777426,3.5,0,0,0,0,0,1753378944,1753378891.72957,100,100,0,0,0,0,1,0,0,0,0,0,0,1753378944
1189,1753378891.74624,-40.8258168211064,-76.4337762338445,0,0,0,0.856019227979263,0.516943982777426,3.5,0,0,0,0,0,1753378944,1753378891.7379,100,100,0,0,0,0,1,0,0,0,0,0,0,1753378944
1190,1753378891.75452,-40.8391897764951,-76.4078560002688,0,0,0,0.856019227979263,0.516943982777426,3.5,0,0,0,0,0,1753378944,1753378891.74642,100,100,0,0,0,0,1,0,0,0,0,0,0,1753378944
1191,1753378891.76246,-40.8525627318837,-76.3819357666932,0,0,0,0.856019227979263,0.516943982777426,3.5,0,0,0,0,0,1753378944,1753378891.75455,100,100,0,0,0,0,1,0,0,0,0,0,0,1753378944
1192,1753378891.77098,-40.8659356872724,-76.3560155331175,0,0,0,0.856019227979263,0.516943982777426,3.5,0,0,0,0,0,1753378944,1753378891.76248,100,100,0,0,0,0,1,0,0,0,0,0,0,1753378944
1193,1753378891.7793,-40.8793086426611,-76.3300952995419,0,0,0,0.856019227979263,0.516943982777426,3.5,0,0,0,0,0,1753378944,1753378891.77101,100,100,0,0,0,0,1,0,0,0,0,0,0,1753378944
1194,1753378891.78765,-40.8926815980497,-76.3041750659662,0,0,0,0.856019227979263,0.516943982777426,3.5,0,0,0,0,0,1753378944,1753378891.77933,100,100,0,0,0,0,1,0,0,0,0,0,0,1753378944
1195,1753378891.79583,-40.9060545534384,-76.2782548323905,0,0,0,0.856019227979263,0.516943982777426,3.5,0,0,0,0,0,1753378944,1753378891.78768,100,100,0,0,0,0,1,0,0,0,0,0,0,1753378944
1196,1753378891.80425,-40.9194275088271,-76.2523345988149,0,0,0,0.856019227979263,0.516943982777426,3.5,0,0,0,0,0,1753378944,1753378891.79585,100,100,0,0,0,0,1,0,0,0,0,0,0,1753378944
1197,1753378891.81271,-40.9328004642157,-76.2264143652392,0,0,0,0.856019227979263,0.516943982777426,3.5,0,0,0,0,0,1753378944,1753378891.80428,100,100,0,0,0,0,1,0,0,0,0,0,0,1753378944
1198,1753378891.82118,-40.9461734196044,-76.2004941316635,0,0,0,0.856019227979263,0.516943982777426,3.5,0,0,0,0,0,1753378944,1753378891.81275,100,100,0,0,0,0,1,0,0,0,0,0,0,1753378944
1199,1753378891.82924,-40.9595463749931,-76.1745738980879,0,0,0,0.856019227979263,0.516943982777426,3.5,0,0,0,0,0,1753378944,1753378891.82122,100,100,0,0,0,0,1,0,0,0,0,0,0,1753378944
1200,1753378891.83767,-40.9729193303817,-76.1486536645122,0,0,0,0.856019227979263,0.516943982777426,3.5,0,0,0,0,0,1753378944,1753378891.82927,100,100,0,0,0,0,1,0,0,0,0,0,0,1753378944
1201,1753378891.84582,-40.9862922857704,-76.1227334309366,0,0,0,0.856019227979263,0.516943982777426,3.5,0,0,0,0,0,1753378944,1753378891.8377,100,100,0,0,0,0,1,0,0,0,0,0,0,1753378944
1202,1753378891.85427,-40.9996652411591,-76.0968131973609,0,0,0,0.856019227979263,0.516943982777426,3.5,0,0,0,0,0,1753378944,1753378891.84585,100,100,0,0,0,0,1,0,0,0,0,0,0,1753378944
1203,1753378891.86271,-41.0130381965478,-76.0708929637852,0,0,0,0.856019227979263,0.516943982777426,3.5,0,0,0,0,0,1753378944,1753378891.85431,100,100,0,0,0,0,1,0,0,0,0,0,0,1753378944
1204,1753378891.8713,-41.0264111519364,-76.0449727302096,0,0,0,0.856019227979263,0.516943982777426,3.5,0,0,0,0,0,1753378944,1753378891.86276,100,100,0,0,0,0,1,0,0,0,0,0,0,1753378944
1205,1753378891.87953,-41.0397841073251,-76.0190524966339,0,0,0,0.856019227979263,0.516943982777426,3.5,0,0,0,0,0,1753378944,1753378891.87134,100,100,0,0,0,0,1,0,0,0,0,0,0,1753378944
1206,1753378891.88794,-41.0531570627138,-75.9931322630583,0,0,0,0.856019227979263,0.516943982777426,3.5,0,0,0,0,0,1753378944,1753378891.87958,100,100,0,0,0,0,1,0,0,0,0,0,0,1753378944
1207,1753378891.8961,-41.0665300181024,-75.9672120294826,0,0,0,0.856019227979263,0.516943982777426,3.5,0,0,0,0,0,1753378944,1753378891.88799,100,100,0,0,0,0,1,0,0,0,0,0,0,1753378944
1208,1753378891.90453,-41.0799029734911,-75.9412917959069,0,0,0,0.856019227979263,0.516943982777426,3.5,0,0,0,0,0,1753378944,1753378891.89614,100,100,0,0,0,0,1,0,0,0,0,0,0,1753378944
1209,1753378891.91271,-41.0932759288798,-75.9153715623313,0,0,0,0.856019227979263,0.516943982777426,3.5,0,0,0,0,0,1753378944,1753378891.90458,100,100,0,0,0,0,1,0,0,0,0,0,0,1753378944
1210,1753378891.92122,-41.1066488842684,-75.8894513287556,0,0,0,0.856019227979263,0.516943982777426,3.5,0,0,0,0,0,1753378944,1753378891.91275,100,100,0,0,0,0,1,0,0,0,0,0,0,1753378944
1211,1753378891.92948,-41.1200218396571,-75.86353109518,0,0,0,0.856019227979263,0.516943982777426,3.5,0,0,0,0,0,1753378944,1753378891.92126,100,100,0,0,0,0,1,0,0,0,0,0,0,1753378944
1212,1753378891.93791,-41.1333947950458,-75.8376108616043,0,0,0,0.856019227979263,0.516943982777426,3.5,0,0,0,0,0,1753378944,1753378891.92952,100,100,0,0,0,0,1,0,0,0,0,0,0,1753378944
1213,1753378891.94608,-41.1467677504344,-75.8116906280286,0,0,0,0.856019227979263,0.516943982777426,3.5,0,0,0,0,0,1753378944,1753378891.93796,100,100,0,0,0,0,1,0,0,0,0,0,0,1753378944
1214,1753378891.95442,-41.1601407058231,-75.785770394453,0,0,0,0.856019227979263,0.516943982777426,3.5,0,0,0,0,0,1753378944,1753378891.94612,100,100,0,0,0,0,1,0,0,0,0,0,0,1753378944
1215,1753378891.96278,-41.1735136612118,-75.7598501608773,0,0,0,0.856019227979263,0.516943982777426,3.5,0,0,0,0,0,1753378944,1753378891.95447,100,100,0,0,0,0,1,0,0,0,0,0,0,1753378944
1216,1753378891.9712,-41.1868866166004,-75.7339299273017,0,0,0,0.856019227979263,0.516943982777426,3.5,0,0,0,0,0,1753378944,1753378891.96282,100,100,0,0,0,0,1,0,0,0,0,0,0,1753378944
1217,1753378891.97956,-41.2002595719891,-75.708009693726,0,0,0,0.856019227979263,0.516943982777426,3.5,0,0,0,0,0,1753378944,1753378891.97124,100,100,0,0,0,0,1,0,0,0,0,0,0,1753378944
1218,1753378891.98778,-41.2136325273778,-75.6820894601503,0,0,0,0.856019227979263,0.516943982777426,3.5,0,0,0,0,0,1753378944,1753378891.9796,100,100,0,0,0,0,1,0,0,0,0,0,0,1753378944
1219,1753378891.99584,-41.2270054827664,-75.6561692265747,0,0,0,0.856019227979263,0.516943982777426,3.5,0,0,0,0,0,1753378944,1753378891.98781,100,100,0,0,0,0,1,0,0,0,0,0,0,1753378944
1220,1753378892.00454,-41.2403784381551,-75.630248992999,0,0,0,0.856019227979263,0.516943982777426,3.5,0,0,0,0,0,1753378944,1753378891.99587,100,100,0,0,0,0,1,0,0,0,0,0,0,1753378944
1221,1753378892.01284,-41.2537513935438,-75.6043287594233,0,0,0,0.856019227979263,0.516943982777426,3.5,0,0,0,0,0,1753378944,1753378892.00458,100,100,0,0,0,0,1,0,0,0,0,0,0,1753378944
1222,1753378892.02113,-41.2671243489324,-75.5784085258477,0,0,0,0.856019227979263,0.516943982777426,3.5,0,0,0,0,0,1753378944,1753378892.01288,100,100,0,0,0,0,1,0,0,0,0,0,0,1753378944
1223,1753378892.02934,-41.2804973043211,-75.552488292272,0,0,0,0.856019227979263,0.516943982777426,3.5,0,0,0,0,0,1753378944,1753378892.02117,100,100,0,0,0,0,1,0,0,0,0,0,0,1753378944
1224,1753378892.03772,-41.2938702597098,-75.5265680586964,0,0,0,0.856019227979263,0.516943982777426,3.5,0,0,0,0,0,1753378944,1753378892.02938,100,100,0,0,0,0,1,0,0,0,0,0,0,1753378944
1225,1753378892.04586,-41.3072432150984,-75.5006478251207,0,0,0,0.856019227979263,0.516943982777426,3.5,0,0,0,0,0,1753378944,1753378892.03775,100,100,0,0,0,0,1,0,0,0,0,0,0,1753378944
1226,1753378892.05458,-41.3206161704871,-75.474727591545,0,0,0,0.856019227979263,0.516943982777426,3.5,0,0,0,0,0,1753378944,1753378892.04589,100,100,0,0,0,0,1,0,0,0,0,0,0,1753378944
1227,1753378892.06262,-41.3339891258758,-75.4488073579694,0,0,0,0.856019227979263,0.516943982777426,3.5,0,0,0,0,0,1753378944,1753378892.05464,100,100,0,0,0,0,1,0,0,0,0,0,0,1753378944
1228,1753378892.07099,-41.3473620812645,-75.4228871243937,0,0,0,0.856019227979263,0.516943982777426,3.5,0,0,0,0,0,1753378944,1753378892.06265,100,100,0,0,0,0,1,0,0,0,0,0,0,1753378944
1229,1753378892.07933,-41.3607350366531,-75.3969668908181,0,0,0,0.856019227979263,0.516943982777426,3.5,0,0,0,0,0,1753378944,1753378892.07108,100,100,0,0,0,0,1,0,0,0,0,0,0,1753378944
1230,1753378892.08763,-41.3741079920418,-75.3710466572424,0,0,0,0.856019227979263,0.516943982777426,3.5,0,0,0,0,0,1753378944,1753378892.07936,100,100,0,0,0,0,1,0,0,0,0,0,0,1753378944
1231,1753378892.09586,-41.3874809474305,-75.3451264236667,0,0,0,0.856019227979263,0.516943982777426,3.5,0,0,0,0,0,1753378944,1753378892.08766,100,100,0,0,0,0,1,0,0,0,0,0,0,1753378944
1232,1753378892.10436,-41.4008539028191,-75.3192061900911,0,0,0,0.856019227979263,0.516943982777426,3.5,0,0,0,0,0,1753378944,1753378892.09589,100,100,0,0,0,0,1,0,0,0,0,0,0,1753378944
1233,1753378892.11289,-41.4142268582078,-75.2932859565154,0,0,0,0.856019227979263,0.516943982777426,3.5,0,0,0,0,0,1753378944,1753378892.10438,100,100,0,0,0,0,1,0,0,0,0,0,0,1753378944
1234,1753378892.12116,-41.4275998135965,-75.2673657229397,0,0,0,0.856019227979263,0.516943982777426,3.5,0,0,0,0,0,1753378944,1753378892.11293,100,100,0,0,0,0,1,0,0,0,0,0,0,1753378944
1235,1753378892.12928,-41.4409727689851,-75.2414454893641,0,0,0,0.856019227979263,0.516943982777426,3.5,0,0,0,0,0,1753378944,1753378892.12122,100,100,0,0,0,0,1,0,0,0,0,0,0,1753378944
1236,1753378892.13771,-41.4543457243738,-75.2155252557884,0,0,0,0.856019227979263,0.516943982777426,3.5,0,0,0,0,0,1753378944,1753378892.12931,100,100,0,0,0,0,1,0,0,0,0,0,0,1753378944
1237,1753378892.146,-41.4677186797625,-75.1896050222128,0,0,0,0.856019227979263,0.516943982777426,3.5,0,0,0,0,0,1753378944,1753378892.13774,100,100,0,0,0,0,1,0,0,0,0,0,0,1753378944
1238,1753378892.15425,-41.4810916351511,-75.1636847886371,0,0,0,0.856019227979263,0.516943982777426,3.5,0,0,0,0,0,1753378944,1753378892.14603,100,100,0,0,0,0,1,0,0,0,0,0,0,1753378944
1239,1753378892.16282,-41.4944645905398,-75.1377645550614,0,0,0,0.856019227979263,0.516943982777426,3.5,0,0,0,0,0,1753378944,1753378892.15429,100,100,0,0,0,0,1,0,0,0,0,0,0,1753378944
1240,1753378892.17104,-41.5078375459285,-75.1118443214858,0,0,0,0.856019227979263,0.516943982777426,3.5,0,0,0,0,0,1753378944,1753378892.16285,100,100,0,0,0,0,1,0,0,0,0,0,0,1753378944
1241,1753378892.17932,-41.5212105013171,-75.0859240879101,0,0,0,0.856019227979263,0.516943982777426,3.5,0,0,0,0,0,1753378944,1753378892.17107,100,100,0,0,0,0,1,0,0,0,0,0,0,1753378944
1242,1753378892.18764,-41.5345834567058,-75.0600038543345,0,0,0,0.856019227979263,0.516943982777426,3.5,0,0,0,0,0,1753378944,1753378892.17935,100,100,0,0,0,0,1,0,0,0,0,0,0,1753378944
1243,1753378892.19587,-41.5479564120945,-75.0340836207588,0,0,0,0.856019227979263,0.516943982777426,3.5,0,0,0,0,0,1753378944,1753378892.18767,100,100,0,0,0,0,1,0,0,0,0,0,0,1753378944
1244,1753378892.20467,-41.5613293674831,-75.0081633871831,0,0,0,0.856019227979263,0.516943982777426,3.5,0,0,0,0,0,1753378944,1753378892.1959,100,100,0,0,0,0,1,0,0,0,0,0,0,1753378944
1245,1753378892.21248,-41.5747023228718,-74.9822431536075,0,0,0,0.856019227979263,0.516943982777426,3.5,0,0,0,0,0,1753378944,1753378892.20472,100,100,0,0,0,0,1,0,0,0,0,0,0,1753378944
1246,1753378892.2212,-41.5880752782605,-74.9563229200318,0,0,0,0.856019227979263,0.516943982777426,3.5,0,0,0,0,0,1753378944,1753378892.21251,100,100,0,0,0,0,1,0,0,0,0,0,0,1753378944
1247,1753378892.22928,-41.6014482336492,-74.9304026864562,0,0,0,0.856019227979263,0.516943982777426,3.5,0,0,0,0,0,1753378944,1753378892.22124,100,100,0,0,0,0,1,0,0,0,0,0,0,1753378944
1248,1753378892.23761,-41.6148211890378,-74.9044824528805,0,0,0,0.856019227979263,0.516943982777426,3.5,0,0,0,0,0,1753378944,1753378892.22931,100,100,0,0,0,0,1,0,0,0,0,0,0,1753378944
1249,1753378892.2461,-41.6281941444265,-74.8785622193048,0,0,0,0.856019227979263,0.516943982777426,3.5,0,0,0,0,0,1753378944,1753378892.23763,100,100,0,0,0,0,1,0,0,0,0,0,0,1753378944
1250,1753378892.25449,-41.6415670998151,-74.8526419857292,0,0,0,0.856019227979263,0.516943982777426,3.5,0,0,0,0,0,1753378944,1753378892.24614,100,100,0,0,0,0,1,0,0,0,0,0,0,1753378944
1251,1753378892.2625,-41.6549400552038,-74.8267217521535,0,0,0,0.856019227979263,0.516943982777426,3.5,0,0,0,0,0,1753378944,1753378892.25452,100,100,0,0,0,0,1,0,0,0,0,0,0,1753378944
1252,1753378892.271,-41.6683130105925,-74.8008015185778,0,0,0,0.856019227979263,0.516943982777426,3.5,0,0,0,0,0,1753378944,1753378892.26252,100,100,0,0,0,0,1,0,0,0,0,0,0,1753378944
1253,1753378892.27921,-41.6816859659812,-74.7748812850022,0,0,0,0.856019227979263,0.516943982777426,3.5,0,0,0,0,0,1753378944,1753378892.27102,100,100,0,0,0,0,1,0,0,0,0,0,0,1753378944
1254,1753378892.2877,-41.6950589213698,-74.7489610514265,0,0,0,0.856019227979263,0.516943982777426,3.5,0,0,0,0,0,1753378944,1753378892.27923,100,100,0,0,0,0,1,0,0,0,0,0,0,1753378944
1255,1753378892.29579,-41.7084318767585,-74.7230408178509,0,0,0,0.856019227979263,0.516943982777426,3.5,0,0,0,0,0,1753378944,1753378892.28772,100,100,0,0,0,0,1,0,0,0,0,0,0,1753378944
1256,1753378892.30422,-41.7218048321472,-74.6971205842752,0,0,0,0.856019227979263,0.516943982777426,3.5,0,0,0,0,0,1753378944,1753378892.29581,100,100,0,0,0,0,1,0,0,0,0,0,0,1753378944
1257,1753378892.31252,-41.7351777875358,-74.6712003506995,0,0,0,0.856019227979263,0.516943982777426,3.5,0,0,0,0,0,1753378944,1753378892.30424,100,100,0,0,0,0,1,0,0,0,0,0,0,1753378944
1258,1753378892.32105,-41.7485507429245,-74.6452801171239,0,0,0,0.856019227979263,0.516943982777426,3.5,0,0,0,0,0,1753378944,1753378892.31254,100,100,0,0,0,0,1,0,0,0,0,0,0,1753378944
1259,1753378892.32962,-41.7619236983132,-74.6193598835482,0,0,0,0.856019227979263,0.516943982777426,3.5,0,0,0,0,0,1753378944,1753378892.32109,100,100,0,0,0,0,1,0,0,0,0,0,0,1753378944
1260,1753378892.33795,-41.7752966537018,-74.5934396499726,0,0,0,0.856019227979263,0.516943982777426,3.5,0,0,0,0,0,1753378944,1753378892.32967,100,100,0,0,0,0,1,0,0,0,0,0,0,1753378944
1261,1753378892.34608,-41.7886696090905,-74.5675194163969,0,0,0,0.856019227979263,0.516943982777426,3.5,0,0,0,0,0,1753378944,1753378892.338,100,100,0,0,0,0,1,0,0,0,0,0,0,1753378944
1262,1753378892.35453,-41.8020425644792,-74.5415991828212,0,0,0,0.856019227979263,0.516943982777426,3.5,0,0,0,0,0,1753378944,1753378892.34612,100,100,0,0,0,0,1,0,0,0,0,0,0,1753378944
1263,1753378892.3629,-41.8154155198678,-74.5156789492456,0,0,0,0.856019227979263,0.516943982777426,3.5,0,0,0,0,0,1753378944,1753378892.35457,100,100,0,0,0,0,1,0,0,0,0,0,0,1753378944
1264,1753378892.37146,-41.8287884752565,-74.4897587156699,0,0,0,0.856019227979263,0.516943982777426,3.5,0,0,0,0,0,1753378944,1753378892.36296,100,100,0,0,0,0,1,0,0,0,0,0,0,1753378944
1265,1753378892.37961,-41.8421614306452,-74.4638384820942,0,0,0,0.856019227979263,0.516943982777426,3.5,0,0,0,0,0,1753378944,1753378892.37152,100,100,0,0,0,0,1,0,0,0,0,0,0,1753378944
1266,1753378892.38797,-41.8555343860338,-74.4379182485186,0,0,0,0.856019227979263,0.516943982777426,3.5,0,0,0,0,0,1753378944,1753378892.37966,100,100,0,0,0,0,1,0,0,0,0,0,0,1753378944
1267,1753378892.39583,-41.8689073414225,-74.4119980149429,0,0,0,0.856019227979263,0.516943982777426,3.5,0,0,0,0,0,1753378944,1753378892.38802,100,100,0,0,0,0,1,0,0,0,0,0,0,1753378944
1268,1753378892.40517,-41.8822802968112,-74.3860777813673,0,0,0,0.856019227979263,0.516943982777426,3.5,0,0,0,0,0,1753378944,1753378892.39585,100,100,0,0,0,0,1,0,0,0,0,0,0,1753378944
1269,1753378892.41252,-41.8956532521998,-74.3601575477916,0,0,0,0.856019227979263,0.516943982777426,3.5,0,0,0,0,0,1753378944,1753378892.40521,100,100,0,0,0,0,1,0,0,0,0,0,0,1753378944
1270,1753378892.42097,-41.9090262075885,-74.3342373142159,0,0,0,0.856019227979263,0.516943982777426,3.5,0,0,0,0,0,1753378944,1753378892.41254,100,100,0,0,0,0,1,0,0,0,0,0,0,1753378944
1271,1753378892.42953,-41.9223991629772,-74.3083170806403,0,0,0,0.856019227979263,0.516943982777426,3.5,0,0,0,0,0,1753378944,1753378892.421,100,100,0,0,0,0,1,0,0,0,0,0,0,1753378944
1272,1753378892.43774,-41.9357721183659,-74.2823968470646,0,0,0,0.856019227979263,0.516943982777426,3.5,0,0,0,0,0,1753378944,1753378892.42957,100,100,0,0,0,0,1,0,0,0,0,0,0,1753378944
1273,1753378892.44612,-41.9491450737545,-74.256476613489,0,0,0,0.856019227979263,0.516943982777426,3.5,0,0,0,0,0,1753378944,1753378892.43778,100,100,0,0,0,0,1,0,0,0,0,0,0,1753378944
1274,1753378892.45446,-41.9625180291432,-74.2305563799133,0,0,0,0.856019227979263,0.516943982777426,3.5,0,0,0,0,0,1753378944,1753378892.44617,100,100,0,0,0,0,1,0,0,0,0,0,0,1753378944
1275,1753378892.4628,-41.9758909845319,-74.2046361463376,0,0,0,0.856019227979263,0.516943982777426,3.5,0,0,0,0,0,1753378944,1753378892.45449,100,100,0,0,0,0,1,0,0,0,0,0,0,1753378944
1276,1753378892.47126,-41.9892639399205,-74.178715912762,0,0,0,0.856019227979263,0.516943982777426,3.5,0,0,0,0,0,1753378944,1753378892.46282,100,100,0,0,0,0,1,0,0,0,0,0,0,1753378944
1277,1753378892.47952,-42.0026368953092,-74.1527956791863,0,0,0,0.856019227979263,0.516943982777426,3.5,0,0,0,0,0,1753378944,1753378892.47131,100,100,0,0,0,0,1,0,0,0,0,0,0,1753378944
1278,1753378892.48777,-42.0160098506979,-74.1268754456107,0,0,0,0.856019227979263,0.516943982777426,3.5,0,0,0,0,0,1753378944,1753378892.47956,100,100,0,0,0,0,1,0,0,0,0,0,0,1753378944
1279,1753378892.49583,-42.0293828060865,-74.100955212035,0,0,0,0.856019227979263,0.516943982777426,3.5,0,0,0,0,0,1753378944,1753378892.48779,100,100,0,0,0,0,1,0,0,0,0,0,0,1753378944
1280,1753378892.50431,-42.0427557614752,-74.0750349784593,0,0,0,0.856019227979263,0.516943982777426,3.5,0,0,0,0,0,1753378944,1753378892.49586,100,100,0,0,0,0,1,0,0,0,0,0,0,1753378944
1281,1753378892.51268,-42.0561287168639,-74.0491147448837,0,0,0,0.856019227979263,0.516943982777426,3.5,0,0,0,0,0,1753378944,1753378892.50434,100,100,0,0,0,0,1,0,0,0,0,0,0,1753378944
1282,1753378892.52092,-42.0695016722525,-74.023194511308,0,0,0,0.856019227979263,0.516943982777426,3.5,0,0,0,0,0,1753378944,1753378892.51271,100,100,0,0,0,0,1,0,0,0,0,0,0,1753378944
1283,1753378892.52925,-42.0828746276412,-73.9972742777323,0,0,0,0.856019227979263,0.516943982777426,3.5,0,0,0,0,0,1753378944,1753378892.52095,100,100,0,0,0,0,1,0,0,0,0,0,0,1753378944
1284,1753378892.53772,-42.0962475830299,-73.9713540441567,0,0,0,0.856019227979263,0.516943982777426,3.5,0,0,0,0,0,1753378944,1753378892.52928,100,100,0,0,0,0,1,0,0,0,0,0,0,1753378944
1285,1753378892.54583,-42.1096205384185,-73.945433810581,0,0,0,0.856019227979263,0.516943982777426,3.5,0,0,0,0,0,1753378944,1753378892.53777,100,100,0,0,0,0,1,0,0,0,0,0,0,1753378944
1286,1753378892.55427,-42.1229934938072,-73.9195135770054,0,0,0,0.856019227979263,0.516943982777426,3.5,0,0,0,0,0,1753378944,1753378892.54587,100,100,0,0,0,0,1,0,0,0,0,0,0,1753378944
1287,1753378892.56245,-42.1363664491959,-73.8935933434297,0,0,0,0.856019227979263,0.516943982777426,3.5,0,0,0,0,0,1753378944,1753378892.55431,100,100,0,0,0,0,1,0,0,0,0,0,0,1753378944
1288,1753378892.57111,-42.1497394045845,-73.867673109854,0,0,0,0.856019227979263,0.516943982777426,3.5,0,0,0,0,0,1753378944,1753378892.56247,100,100,0,0,0,0,1,0,0,0,0,0,0,1753378944
1289,1753378892.5793,-42.1631123599732,-73.8417528762784,0,0,0,0.856019227979263,0.516943982777426,3.5,0,0,0,0,0,1753378944,1753378892.57114,100,100,0,0,0,0,1,0,0,0,0,0,0,1753378944
1290,1753378892.58801,-42.1764853153619,-73.8158326427027,0,0,0,0.856019227979263,0.516943982777426,3.5,0,0,0,0,0,1753378944,1753378892.57934,100,100,0,0,0,0,1,0,0,0,0,0,0,1753378944
1291,1753378892.59599,-42.1898582707505,-73.7899124091271,0,0,0,0.856019227979263,0.516943982777426,3.5,0,0,0,0,0,1753378944,1753378892.58806,100,100,0,0,0,0,1,0,0,0,0,0,0,1753378944
1292,1753378892.60429,-42.2032312261392,-73.7639921755514,0,0,0,0.856019227979263,0.516943982777426,3.5,0,0,0,0,0,1753378944,1753378892.59602,100,100,0,0,0,0,1,0,0,0,0,0,0,1753378944
1293,1753378892.61248,-42.2166041815279,-73.7380719419757,0,0,0,0.856019227979263,0.516943982777426,3.5,0,0,0,0,0,1753378944,1753378892.60432,100,100,0,0,0,0,1,0,0,0,0,0,0,1753378944
1294,1753378892.62093,-42.2299771369165,-73.7121517084001,0,0,0,0.856019227979263,0.516943982777426,3.5,0,0,0,0,0,1753378944,1753378892.61251,100,100,0,0,0,0,1,0,0,0,0,0,0,1753378944
1295,1753378892.62924,-42.2433500923052,-73.6862314748244,0,0,0,0.856019227979263,0.516943982777426,3.5,0,0,0,0,0,1753378944,1753378892.62096,100,100,0,0,0,0,1,0,0,0,0,0,0,1753378944
1296,1753378892.63762,-42.2567230476939,-73.6603112412488,0,0,0,0.856019227979263,0.516943982777426,3.5,0,0,0,0,0,1753378944,1753378892.62926,100,100,0,0,0,0,1,0,0,0,0,0,0,1753378944
1297,1753378892.64589,-42.2700960030826,-73.6343910076731,0,0,0,0.856019227979263,0.516943982777426,3.5,0,0,0,0,0,1753378944,1753378892.63765,100,100,0,0,0,0,1,0,0,0,0,0,0,1753378944
1298,1753378892.65441,-42.2834689584712,-73.6084707740974,0,0,0,0.856019227979263,0.516943982777426,3.5,0,0,0,0,0,1753378944,1753378892.64591,100,100,0,0,0,0,1,0,0,0,0,0,0,1753378944
1299,1753378892.663,-42.2968419138599,-73.5825505405218,0,0,0,0.856019227979263,0.516943982777426,3.5,0,0,0,0,0,1753378944,1753378892.65446,100,100,0,0,0,0,1,0,0,0,0,0,0,1753378944
1300,1753378892.67121,-42.3102148692486,-73.5566303069461,0,0,0,0.856019227979263,0.516943982777426,3.5,0,0,0,0,0,1753378944,1753378892.66304,100,100,0,0,0,0,1,0,0,0,0,0,0,1753378944
1301,1753378892.67929,-42.3235878246372,-73.5307100733704,0,0,0,0.856019227979263,0.516943982777426,3.5,0,0,0,0,0,1753378944,1753378892.67125,100,100,0,0,0,0,1,0,0,0,0,0,0,1753378944
1302,1753378892.68771,-42.3369607800259,-73.5047898397948,0,0,0,0.856019227979263,0.516943982777426,3.5,0,0,0,0,0,1753378944,1753378892.67932,100,100,0,0,0,0,1,0,0,0,0,0,0,1753378944
1303,1753378892.69578,-42.3503337354146,-73.4788696062191,0,0,0,0.856019227979263,0.516943982777426,3.5,0,0,0,0,0,1753378944,1753378892.68774,100,100,0,0,0,0,1,0,0,0,0,0,0,1753378944
1304,1753378892.70423,-42.3637066908032,-73.4529493726435,0,0,0,0.856019227979263,0.516943982777426,3.5,0,0,0,0,0,1753378944,1753378892.69581,100,100,0,0,0,0,1,0,0,0,0,0,0,1753378944
1305,1753378892.71244,-42.3770796461919,-73.4270291390678,0,0,0,0.856019227979263,0.516943982777426,3.5,0,0,0,0,0,1753378944,1753378892.70426,100,100,0,0,0,0,1,0,0,0,0,0,0,1753378944
1306,1753378892.72102,-42.3904526015806,-73.4011089054921,0,0,0,0.856019227979263,0.516943982777426,3.5,0,0,0,0,0,1753378944,1753378892.71247,100,100,0,0,0,0,1,0,0,0,0,0,0,1753378944
1307,1753378892.72926,-42.4038255569692,-73.3751886719165,0,0,0,0.856019227979263,0.516943982777426,3.5,0,0,0,0,0,1753378944,1753378892.72106,100,100,0,0,0,0,1,0,0,0,0,0,0,1753378944
1308,1753378892.73779,-42.4171985123579,-73.3492684383408,0,0,0,0.856019227979263,0.516943982777426,3.5,0,0,0,0,0,1753378944,1753378892.7293,100,100,0,0,0,0,1,0,0,0,0,0,0,1753378944
1309,1753378892.74581,-42.4305714677466,-73.3233482047652,0,0,0,0.856019227979263,0.516943982777426,3.5,0,0,0,0,0,1753378944,1753378892.73782,100,100,0,0,0,0,1,0,0,0,0,0,0,1753378944
1310,1753378892.75453,-42.4439444231352,-73.2974279711895,0,0,0,0.856019227979263,0.516943982777426,3.5,0,0,0,0,0,1753378944,1753378892.74583,100,100,0,0,0,0,1,0,0,0,0,0,0,1753378944
1311,1753378892.76266,-42.4573173785239,-73.2715077376138,0,0,0,0.856019227979263,0.516943982777426,3.5,0,0,0,0,0,1753378944,1753378892.75458,100,100,0,0,0,0,1,0,0,0,0,0,0,1753378944
1312,1753378892.77094,-42.4706903339126,-73.2455875040382,0,0,0,0.856019227979263,0.516943982777426,3.5,0,0,0,0,0,1753378944,1753378892.76269,100,100,0,0,0,0,1,0,0,0,0,0,0,1753378944
1313,1753378892.7793,-42.4840632893012,-73.2196672704625,0,0,0,0.856019227979263,0.516943982777426,3.5,0,0,0,0,0,1753378944,1753378892.77096,100,100,0,0,0,0,1,0,0,0,0,0,0,1753378944
1314,1753378892.7879,-42.4974362446899,-73.1937470368869,0,0,0,0.856019227979263,0.516943982777426,3.5,0,0,0,0,0,1753378944,1753378892.77933,100,100,0,0,0,0,1,0,0,0,0,0,0,1753378944
1315,1753378892.79581,-42.5108092000786,-73.1678268033112,0,0,0,0.856019227979263,0.516943982777426,3.5,0,0,0,0,0,1753378944,1753378892.78794,100,100,0,0,0,0,1,0,0,0,0,0,0,1753378944
1316,1753378892.8044,-42.5241821554672,-73.1419065697355,0,0,0,0.856019227979263,0.516943982777426,3.5,0,0,0,0,0,1753378944,1753378892.79583,100,100,0,0,0,0,1,0,0,0,0,0,0,1753378944
1317,1753378892.81241,-42.5375551108559,-73.1159863361599,0,0,0,0.856019227979263,0.516943982777426,3.5,0,0,0,0,0,1753378944,1753378892.80443,100,100,0,0,0,0,1,0,0,0,0,0,0,1753378944
1318,1753378892.82102,-42.5509280662446,-73.0900661025842,0,0,0,0.856019227979263,0.516943982777426,3.5,0,0,0,0,0,1753378944,1753378892.81244,100,100,0,0,0,0,1,0,0,0,0,0,0,1753378944
1319,1753378892.82942,-42.5643010216333,-73.0641458690085,0,0,0,0.856019227979263,0.516943982777426,3.5,0,0,0,0,0,1753378944,1753378892.82104,100,100,0,0,0,0,1,0,0,0,0,0,0,1753378944
1320,1753378892.83779,-42.5776739770219,-73.0382256354329,0,0,0,0.856019227979263,0.516943982777426,3.5,0,0,0,0,0,1753378944,1753378892.82945,100,100,0,0,0,0,1,0,0,0,0,0,0,1753378944
1321,1753378892.84585,-42.5910469324106,-73.0123054018572,0,0,0,0.856019227979263,0.516943982777426,3.5,0,0,0,0,0,1753378944,1753378892.83783,100,100,0,0,0,0,1,0,0,0,0,0,0,1753378944
1322,1753378892.85429,-42.6044198877993,-72.9863851682816,0,0,0,0.856019227979263,0.516943982777426,3.5,0,0,0,0,0,1753378944,1753378892.84588,100,100,0,0,0,0,1,0,0,0,0,0,0,1753378944
1323,1753378892.86245,-42.6177928431879,-72.9604649347059,0,0,0,0.856019227979263,0.516943982777426,3.5,0,0,0,0,0,1753378944,1753378892.85432,100,100,0,0,0,0,1,0,0,0,0,0,0,1753378944
1324,1753378892.87095,-42.6311657985766,-72.9345447011302,0,0,0,0.856019227979263,0.516943982777426,3.5,0,0,0,0,0,1753378944,1753378892.86247,100,100,0,0,0,0,1,0,0,0,0,0,0,1753378944
1325,1753378892.87959,-42.6445387539653,-72.9086244675546,0,0,0,0.856019227979263,0.516943982777426,3.5,0,0,0,0,0,1753378944,1753378892.87097,100,100,0,0,0,0,1,0,0,0,0,0,0,1753378944
1326,1753378892.88793,-42.6579117093539,-72.8827042339789,0,0,0,0.856019227979263,0.516943982777426,3.5,0,0,0,0,0,1753378944,1753378892.87964,100,100,0,0,0,0,1,0,0,0,0,0,0,1753378944
1327,1753378892.89636,-42.6712846647426,-72.8567840004033,0,0,0,0.856019227979263,0.516943982777426,3.5,0,0,0,0,0,1753378944,1753378892.88798,100,100,0,0,0,0,1,0,0,0,0,0,0,1753378944
1328,1753378892.90429,-42.6846576201313,-72.8308637668276,0,0,0,0.856019227979263,0.516943982777426,3.5,0,0,0,0,0,1753378944,1753378892.89639,100,100,0,0,0,0,1,0,0,0,0,0,0,1753378944
1329,1753378892.91263,-42.6980305755199,-72.8049435332519,0,0,0,0.856019227979263,0.516943982777426,3.5,0,0,0,0,0,1753378944,1753378892.90433,100,100,0,0,0,0,1,0,0,0,0,0,0,1753378944
1330,1753378892.92094,-42.7114035309086,-72.7790232996763,0,0,0,0.856019227979263,0.516943982777426,3.5,0,0,0,0,0,1753378944,1753378892.91267,100,100,0,0,0,0,1,0,0,0,0,0,0,1753378944
1331,1753378892.92923,-42.7247764862973,-72.7531030661006,0,0,0,0.856019227979263,0.516943982777426,3.5,0,0,0,0,0,1753378944,1753378892.92096,100,100,0,0,0,0,1,0,0,0,0,0,0,1753378944
1332,1753378892.93765,-42.7381494416859,-72.7271828325249,0,0,0,0.856019227979263,0.516943982777426,3.5,0,0,0,0,0,1753378944,1753378892.92926,100,100,0,0,0,0,1,0,0,0,0,0,0,1753378944
1333,1753378892.94606,-42.7515223970746,-72.7012625989493,0,0,0,0.856019227979263,0.516943982777426,3.5,0,0,0,0,0,1753378944,1753378892.93767,100,100,0,0,0,0,1,0,0,0,0,0,0,1753378944
1334,1753378892.95452,-42.7648953524633,-72.6753423653736,0,0,0,0.856019227979263,0.516943982777426,3.5,0,0,0,0,0,1753378944,1753378892.9461,100,100,0,0,0,0,1,0,0,0,0,0,0,1753378944
1335,1753378892.96291,-42.7782683078519,-72.649422131798,0,0,0,0.856019227979263,0.516943982777426,3.5,0,0,0,0,0,1753378944,1753378892.95456,100,100,0,0,0,0,1,0,0,0,0,0,0,1753378944
1336,1753378892.97129,-42.7916412632406,-72.6235018982223,0,0,0,0.856019227979263,0.516943982777426,3.5,0,0,0,0,0,1753378944,1753378892.96295,100,100,0,0,0,0,1,0,0,0,0,0,0,1753378944
1337,1753378892.97973,-42.8050142186293,-72.5975816646466,0,0,0,0.856019227979263,0.516943982777426,3.5,0,0,0,0,0,1753378944,1753378892.97134,100,100,0,0,0,0,1,0,0,0,0,0,0,1753378944
1338,1753378892.98796,-42.8183871740179,-72.571661431071,0,0,0,0.856019227979263,0.516943982777426,3.5,0,0,0,0,0,1753378944,1753378892.97977,100,100,0,0,0,0,1,0,0,0,0,0,0,1753378944
1339,1753378892.99616,-42.8317601294066,-72.5457411974953,0,0,0,0.856019227979263,0.516943982777426,3.5,0,0,0,0,0,1753378944,1753378892.98801,100,100,0,0,0,0,1,0,0,0,0,0,0,1753378944
1340,1753378893.00451,-42.8451330847953,-72.5198209639197,0,0,0,0.856019227979263,0.516943982777426,3.5,0,0,0,0,0,1753378944,1753378892.9962,100,100,0,0,0,0,1,0,0,0,0,0,0,1753378944
1341,1753378893.01281,-42.8585060401839,-72.493900730344,0,0,0,0.856019227979263,0.516943982777426,3.5,0,0,0,0,0,1753378944,1753378893.00456,100,100,0,0,0,0,1,0,0,0,0,0,0,1753378944
1342,1753378893.02137,-42.8718789955726,-72.4679804967683,0,0,0,0.856019227979263,0.516943982777426,3.5,0,0,0,0,0,1753378944,1753378893.01285,100,100,0,0,0,0,1,0,0,0,0,0,0,1753378944
1343,1753378893.0292,-42.8852519509613,-72.4420602631927,0,0,0,0.856019227979263,0.516943982777426,3.5,0,0,0,0,0,1753378944,1753378893.02142,100,100,0,0,0,0,1,0,0,0,0,0,0,1753378944
1344,1753378893.03759,-42.89862490635,-72.416140029617,0,0,0,0.856019227979263,0.516943982777426,3.5,0,0,0,0,0,1753378944,1753378893.02923,100,100,0,0,0,0,1,0,0,0,0,0,0,1753378944
1345,1753378893.04582,-42.9119978617386,-72.3902197960414,0,0,0,0.856019227979263,0.516943982777426,3.5,0,0,0,0,0,1753378944,1753378893.03761,100,100,0,0,0,0,1,0,0,0,0,0,0,1753378944
1346,1753378893.05418,-42.9253708171273,-72.3642995624657,0,0,0,0.856019227979263,0.516943982777426,3.5,0,0,0,0,0,1753378944,1753378893.04585,100,100,0,0,0,0,1,0,0,0,0,0,0,1753378944
1347,1753378893.0626,-42.938743772516,-72.33837932889,0,0,0,0.856019227979263,0.516943982777426,3.5,0,0,0,0,0,1753378944,1753378893.05421,100,100,0,0,0,0,1,0,0,0,0,0,0,1753378944
1348,1753378893.07126,-42.9521167279046,-72.3124590953144,0,0,0,0.856019227979263,0.516943982777426,3.5,0,0,0,0,0,1753378944,1753378893.06263,100,100,0,0,0,0,1,0,0,0,0,0,0,1753378944
1349,1753378893.07939,-42.9654896832933,-72.2865388617387,0,0,0,0.856019227979263,0.516943982777426,3.5,0,0,0,0,0,1753378944,1753378893.07131,100,100,0,0,0,0,1,0,0,0,0,0,0,1753378944
1350,1753378893.0877,-42.978862638682,-72.260618628163,0,0,0,0.856019227979263,0.516943982777426,3.5,0,0,0,0,0,1753378944,1753378893.07941,100,100,0,0,0,0,1,0,0,0,0,0,0,1753378944
1351,1753378893.0959,-42.9922355940706,-72.2346983945874,0,0,0,0.856019227979263,0.516943982777426,3.5,0,0,0,0,0,1753378944,1753378893.08773,100,100,0,0,0,0,1,0,0,0,0,0,0,1753378944
1352,1753378893.10436,-43.0056085494593,-72.2087781610117,0,0,0,0.856019227979263,0.516943982777426,3.5,0,0,0,0,0,1753378944,1753378893.09592,100,100,0,0,0,0,1,0,0,0,0,0,0,1753378944
1353,1753378893.11245,-43.018981504848,-72.1828579274361,0,0,0,0.856019227979263,0.516943982777426,3.5,0,0,0,0,0,1753378944,1753378893.10439,100,100,0,0,0,0,1,0,0,0,0,0,0,1753378944
1354,1753378893.12109,-43.0323544602366,-72.1569376938604,0,0,0,0.856019227979263,0.516943982777426,3.5,0,0,0,0,0,1753378944,1753378893.11248,100,100,0,0,0,0,1,0,0,0,0,0,0,1753378944
1355,1753378893.12937,-43.0457274156253,-72.1310174602847,0,0,0,0.856019227979263,0.516943982777426,3.5,0,0,0,0,0,1753378944,1753378893.12112,100,100,0,0,0,0,1,0,0,0,0,0,0,1753378944
1356,1753378893.13784,-43.059100371014,-72.1050972267091,0,0,0,0.856019227979263,0.516943982777426,3.5,0,0,0,0,0,1753378944,1753378893.12941,100,100,0,0,0,0,1,0,0,0,0,0,0,1753378944
1357,1753378893.14585,-43.0724733264026,-72.0791769931334,0,0,0,0.856019227979263,0.516943982777426,3.5,0,0,0,0,0,1753378944,1753378893.13788,100,100,0,0,0,0,1,0,0,0,0,0,0,1753378944
1358,1753378893.15432,-43.0858462817913,-72.0532567595578,0,0,0,0.856019227979263,0.516943982777426,3.5,0,0,0,0,0,1753378944,1753378893.14587,100,100,0,0,0,0,1,0,0,0,0,0,0,1753378944
1359,1753378893.16276,-43.09921923718,-72.0273365259821,0,0,0,0.856019227979263,0.516943982777426,3.5,0,0,0,0,0,1753378944,1753378893.15435,100,100,0,0,0,0,1,0,0,0,0,0,0,1753378944
1360,1753378893.17123,-43.1125921925686,-72.0014162924064,0,0,0,0.856019227979263,0.516943982777426,3.5,0,0,0,0,0,1753378944,1753378893.16281,100,100,0,0,0,0,1,0,0,0,0,0,0,1753378944
1361,1753378893.17948,-43.1259651479573,-71.9754960588308,0,0,0,0.856019227979263,0.516943982777426,3.5,0,0,0,0,0,1753378944,1753378893.17129,100,100,0,0,0,0,1,0,0,0,0,0,0,1753378944
1362,1753378893.18791,-43.139338103346,-71.9495758252551,0,0,0,0.856019227979263,0.516943982777426,3.5,0,0,0,0,0,1753378944,1753378893.17952,100,100,0,0,0,0,1,0,0,0,0,0,0,1753378944
1363,1753378893.19611,-43.1527110587347,-71.9236555916794,0,0,0,0.856019227979263,0.516943982777426,3.5,0,0,0,0,0,1753378944,1753378893.18796,100,100,0,0,0,0,1,0,0,0,0,0,0,1753378944
1364,1753378893.20448,-43.1660840141233,-71.8977353581038,0,0,0,0.856019227979263,0.516943982777426,3.5,0,0,0,0,0,1753378944,1753378893.19615,100,100,0,0,0,0,1,0,0,0,0,0,0,1753378944
1365,1753378893.21272,-43.179456969512,-71.8718151245281,0,0,0,0.856019227979263,0.516943982777426,3.5,0,0,0,0,0,1753378944,1753378893.20453,100,100,0,0,0,0,1,0,0,0,0,0,0,1753378944
1366,1753378893.22137,-43.1928299249006,-71.8458948909525,0,0,0,0.856019227979263,0.516943982777426,3.5,0,0,0,0,0,1753378944,1753378893.21276,100,100,0,0,0,0,1,0,0,0,0,0,0,1753378944
1367,1753378893.22973,-43.2062028802893,-71.8199746573768,0,0,0,0.856019227979263,0.516943982777426,3.5,0,0,0,0,0,1753378944,1753378893.22142,100,100,0,0,0,0,1,0,0,0,0,0,0,1753378944
1368,1753378893.23817,-43.219575835678,-71.7940544238011,0,0,0,0.856019227979263,0.516943982777426,3.5,0,0,0,0,0,1753378944,1753378893.22976,100,100,0,0,0,0,1,0,0,0,0,0,0,1753378944
1369,1753378893.24581,-43.2329487910667,-71.7681341902255,0,0,0,0.856019227979263,0.516943982777426,3.5,0,0,0,0,0,1753378944,1753378893.23822,100,100,0,0,0,0,1,0,0,0,0,0,0,1753378944
1370,1753378893.25427,-43.2463217464553,-71.7422139566498,0,0,0,0.856019227979263,0.516943982777426,3.5,0,0,0,0,0,1753378944,1753378893.24584,100,100,0,0,0,0,1,0,0,0,0,0,0,1753378944
1371,1753378893.26245,-43.259694701844,-71.7162937230742,0,0,0,0.856019227979263,0.516943982777426,3.5,0,0,0,0,0,1753378944,1753378893.25431,100,100,0,0,0,0,1,0,0,0,0,0,0,1753378944
1372,1753378893.27103,-43.2730676572327,-71.6903734894985,0,0,0,0.856019227979263,0.516943982777426,3.5,0,0,0,0,0,1753378944,1753378893.26248,100,100,0,0,0,0,1,0,0,0,0,0,0,1753378944
1373,1753378893.27919,-43.2864406126213,-71.6644532559228,0,0,0,0.856019227979263,0.516943982777426,3.5,0,0,0,0,0,1753378944,1753378893.27105,100,100,0,0,0,0,1,0,0,0,0,0,0,1753378944
1374,1753378893.28762,-43.29981356801,-71.6385330223472,0,0,0,0.856019227979263,0.516943982777426,3.5,0,0,0,0,0,1753378944,1753378893.27922,100,100,0,0,0,0,1,0,0,0,0,0,0,1753378944
1375,1753378893.29596,-43.3131865233987,-71.6126127887715,0,0,0,0.856019227979263,0.516943982777426,3.5,0,0,0,0,0,1753378944,1753378893.28764,100,100,0,0,0,0,1,0,0,0,0,0,0,1753378944
1376,1753378893.30445,-43.3265594787873,-71.5866925551959,0,0,0,0.856019227979263,0.516943982777426,3.5,0,0,0,0,0,1753378944,1753378893.29599,100,100,0,0,0,0,1,0,0,0,0,0,0,1753378944
1377,1753378893.31266,-43.339932434176,-71.5607723216202,0,0,0,0.856019227979263,0.516943982777426,3.5,0,0,0,0,0,1753378944,1753378893.30449,100,100,0,0,0,0,1,0,0,0,0,0,0,1753378944
1378,1753378893.32112,-43.3533053895647,-71.5348520880445,0,0,0,0.856019227979263,0.516943982777426,3.5,0,0,0,0,0,1753378944,1753378893.31269,100,100,0,0,0,0,1,0,0,0,0,0,0,1753378944
1379,1753378893.3293,-43.3666783449533,-71.5089318544689,0,0,0,0.856019227979263,0.516943982777426,3.5,0,0,0,0,0,1753378944,1753378893.32129,100,100,0,0,0,0,1,0,0,0,0,0,0,1753378944
1380,1753378893.33782,-43.380051300342,-71.4830116208932,0,0,0,0.856019227979263,0.516943982777426,3.5,0,0,0,0,0,1753378944,1753378893.32933,100,100,0,0,0,0,1,0,0,0,0,0,0,1753378944
1381,1753378893.34606,-43.3934242557307,-71.4570913873176,0,0,0,0.856019227979263,0.516943982777426,3.5,0,0,0,0,0,1753378944,1753378893.33785,100,100,0,0,0,0,1,0,0,0,0,0,0,1753378944
1382,1753378893.35422,-43.4067972111193,-71.4311711537419,0,0,0,0.856019227979263,0.516943982777426,3.5,0,0,0,0,0,1753378944,1753378893.3461,100,100,0,0,0,0,1,0,0,0,0,0,0,1753378944
1383,1753378893.36305,-43.420170166508,-71.4052509201662,0,0,0,0.856019227979263,0.516943982777426,3.5,0,0,0,0,0,1753378944,1753378893.35424,100,100,0,0,0,0,1,0,0,0,0,0,0,1753378944
1384,1753378893.37121,-43.4335431218967,-71.3793306865906,0,0,0,0.856019227979263,0.516943982777426,3.5,0,0,0,0,0,1753378944,1753378893.3631,100,100,0,0,0,0,1,0,0,0,0,0,0,1753378944
1385,1753378893.37935,-43.4469160772853,-71.3534104530149,0,0,0,0.856019227979263,0.516943982777426,3.5,0,0,0,0,0,1753378944,1753378893.37126,100,100,0,0,0,0,1,0,0,0,0,0,0,1753378944
1386,1753378893.3879,-43.460289032674,-71.3274902194392,0,0,0,0.856019227979263,0.516943982777426,3.5,0,0,0,0,0,1753378944,1753378893.37938,100,100,0,0,0,0,1,0,0,0,0,0,0,1753378944
1387,1753378893.3959,-43.4736619880627,-71.3015699858636,0,0,0,0.856019227979263,0.516943982777426,3.5,0,0,0,0,0,1753378944,1753378893.38795,100,100,0,0,0,0,1,0,0,0,0,0,0,1753378944
1388,1753378893.4042,-43.4870349434514,-71.2756497522879,0,0,0,0.856019227979263,0.516943982777426,3.5,0,0,0,0,0,1753378944,1753378893.39593,100,100,0,0,0,0,1,0,0,0,0,0,0,1753378944
1389,1753378893.4128,-43.50040789884,-71.2497295187123,0,0,0,0.856019227979263,0.516943982777426,3.5,0,0,0,0,0,1753378944,1753378893.40423,100,100,0,0,0,0,1,0,0,0,0,0,0,1753378944
1390,1753378893.42104,-43.5137808542287,-71.2238092851366,0,0,0,0.856019227979263,0.516943982777426,3.5,0,0,0,0,0,1753378944,1753378893.41282,100,100,0,0,0,0,1,0,0,0,0,0,0,1753378944
1391,1753378893.42928,-43.5271538096174,-71.1978890515609,0,0,0,0.856019227979263,0.516943982777426,3.5,0,0,0,0,0,1753378944,1753378893.42108,100,100,0,0,0,0,1,0,0,0,0,0,0,1753378944
1392,1753378893.43775,-43.540526765006,-71.1719688179853,0,0,0,0.856019227979263,0.516943982777426,3.5,0,0,0,0,0,1753378944,1753378893.42931,100,100,0,0,0,0,1,0,0,0,0,0,0,1753378944
1393,1753378893.44604,-43.5538997203947,-71.1460485844096,0,0,0,0.856019227979263,0.516943982777426,3.5,0,0,0,0,0,1753378944,1753378893.43778,100,100,0,0,0,0,1,0,0,0,0,0,0,1753378944
1394,1753378893.45418,-43.5672726757834,-71.120128350834,0,0,0,0.856019227979263,0.516943982777426,3.5,0,0,0,0,0,1753378944,1753378893.44607,100,100,0,0,0,0,1,0,0,0,0,0,0,1753378944
1395,1753378893.46286,-43.580645631172,-71.0942081172583,0,0,0,0.856019227979263,0.516943982777426,3.5,0,0,0,0,0,1753378944,1753378893.45421,100,100,0,0,0,0,1,0,0,0,0,0,0,1753378944
1396,1753378893.47127,-43.5940185865607,-71.0682878836826,0,0,0,0.856019227979263,0.516943982777426,3.5,0,0,0,0,0,1753378944,1753378893.4629,100,100,0,0,0,0,1,0,0,0,0,0,0,1753378944
1397,1753378893.47961,-43.6073915419494,-71.042367650107,0,0,0,0.856019227979263,0.516943982777426,3.5,0,0,0,0,0,1753378944,1753378893.47132,100,100,0,0,0,0,1,0,0,0,0,0,0,1753378944
1398,1753378893.48775,-43.620764497338,-71.0164474165313,0,0,0,0.856019227979263,0.516943982777426,3.5,0,0,0,0,0,1753378944,1753378893.47964,100,100,0,0,0,0,1,0,0,0,0,0,0,1753378944
1399,1753378893.49588,-43.6341374527267,-70.9905271829557,0,0,0,0.856019227979263,0.516943982777426,3.5,0,0,0,0,0,1753378944,1753378893.48777,100,100,0,0,0,0,1,0,0,0,0,0,0,1753378944
1400,1753378893.50427,-43.6475104081154,-70.96460694938,0,0,0,0.856019227979263,0.516943982777426,3.5,0,0,0,0,0,1753378944,1753378893.4959,100,100,0,0,0,0,1,0,0,0,0,0,0,1753378944
1401,1753378893.51243,-43.660883363504,-70.9386867158043,0,0,0,0.856019227979263,0.516943982777426,3.5,0,0,0,0,0,1753378944,1753378893.5043,100,100,0,0,0,0,1,0,0,0,0,0,0,1753378944
1402,1753378893.52102,-43.6742563188927,-70.9127664822287,0,0,0,0.856019227979263,0.516943982777426,3.5,0,0,0,0,0,1753378944,1753378893.51245,100,100,0,0,0,0,1,0,0,0,0,0,0,1753378944
1403,1753378893.52929,-43.6876292742814,-70.886846248653,0,0,0,0.856019227979263,0.516943982777426,3.5,0,0,0,0,0,1753378944,1753378893.52105,100,100,0,0,0,0,1,0,0,0,0,0,0,1753378944
1404,1753378893.53762,-43.70100222967,-70.8609260150773,0,0,0,0.856019227979263,0.516943982777426,3.5,0,0,0,0,0,1753378944,1753378893.52932,100,100,0,0,0,0,1,0,0,0,0,0,0,1753378944
1405,1753378893.54588,-43.7143751850587,-70.8350057815017,0,0,0,0.856019227979263,0.516943982777426,3.5,0,0,0,0,0,1753378944,1753378893.53764,100,100,0,0,0,0,1,0,0,0,0,0,0,1753378944
1406,1753378893.55423,-43.7277481404474,-70.809085547926,0,0,0,0.856019227979263,0.516943982777426,3.5,0,0,0,0,0,1753378944,1753378893.54591,100,100,0,0,0,0,1,0,0,0,0,0,0,1753378944
1407,1753378893.56252,-43.741121095836,-70.7831653143504,0,0,0,0.856019227979263,0.516943982777426,3.5,0,0,0,0,0,1753378944,1753378893.55425,100,100,0,0,0,0,1,0,0,0,0,0,0,1753378944
1408,1753378893.57106,-43.7544940512247,-70.7572450807747,0,0,0,0.856019227979263,0.516943982777426,3.5,0,0,0,0,0,1753378944,1753378893.56254,100,100,0,0,0,0,1,0,0,0,0,0,0,1753378944
1409,1753378893.57927,-43.7678670066134,-70.731324847199,0,0,0,0.856019227979263,0.516943982777426,3.5,0,0,0,0,0,1753378944,1753378893.57109,100,100,0,0,0,0,1,0,0,0,0,0,0,1753378944
1410,1753378893.58802,-43.781239962002,-70.7054046136234,0,0,0,0.856019227979263,0.516943982777426,3.5,0,0,0,0,0,1753378944,1753378893.5793,100,100,0,0,0,0,1,0,0,0,0,0,0,1753378944
1411,1753378893.59607,-43.7946129173907,-70.6794843800477,0,0,0,0.856019227979263,0.516943982777426,3.5,0,0,0,0,0,1753378944,1753378893.58807,100,100,0,0,0,0,1,0,0,0,0,0,0,1753378944
1412,1753378893.60449,-43.8079858727794,-70.6535641464721,0,0,0,0.856019227979263,0.516943982777426,3.5,0,0,0,0,0,1753378944,1753378893.59611,100,100,0,0,0,0,1,0,0,0,0,0,0,1753378944
1413,1753378893.61248,-43.8213588281681,-70.6276439128964,0,0,0,0.856019227979263,0.516943982777426,3.5,0,0,0,0,0,1753378944,1753378893.60453,100,100,0,0,0,0,1,0,0,0,0,0,0,1753378944
1414,1753378893.62109,-43.8347317835567,-70.6017236793207,0,0,0,0.856019227979263,0.516943982777426,3.5,0,0,0,0,0,1753378944,1753378893.61251,100,100,0,0,0,0,1,0,0,0,0,0,0,1753378944
1415,1753378893.62922,-43.8481047389454,-70.5758034457451,0,0,0,0.856019227979263,0.516943982777426,3.5,0,0,0,0,0,1753378944,1753378893.62112,100,100,0,0,0,0,1,0,0,0,0,0,0,1753378944
1416,1753378893.63767,-43.8614776943341,-70.5498832121694,0,0,0,0.856019227979263,0.516943982777426,3.5,0,0,0,0,0,1753378944,1753378893.62926,100,100,0,0,0,0,1,0,0,0,0,0,0,1753378944
1417,1753378893.64582,-43.8748506497227,-70.5239629785937,0,0,0,0.856019227979263,0.516943982777426,3.5,0,0,0,0,0,1753378944,1753378893.6377,100,100,0,0,0,0,1,0,0,0,0,0,0,1753378944
1418,1753378893.65424,-43.8882236051114,-70.4980427450181,0,0,0,0.856019227979263,0.516943982777426,3.5,0,0,0,0,0,1753378944,1753378893.64584,100,100,0,0,0,0,1,0,0,0,0,0,0,1753378944
1419,1753378893.6625,-43.9015965605001,-70.4721225114424,0,0,0,0.856019227979263,0.516943982777426,3.5,0,0,0,0,0,1753378944,1753378893.65426,100,100,0,0,0,0,1,0,0,0,0,0,0,1753378944
1420,1753378893.67096,-43.9149695158887,-70.4462022778668,0,0,0,0.856019227979263,0.516943982777426,3.5,0,0,0,0,0,1753378944,1753378893.66253,100,100,0,0,0,0,1,0,0,0,0,0,0,1753378944
1421,1753378893.67922,-43.9283424712774,-70.4202820442911,0,0,0,0.856019227979263,0.516943982777426,3.5,0,0,0,0,0,1753378944,1753378893.67099,100,100,0,0,0,0,1,0,0,0,0,0,0,1753378944
1422,1753378893.68803,-43.9417154266661,-70.3943618107154,0,0,0,0.856019227979263,0.516943982777426,3.5,0,0,0,0,0,1753378944,1753378893.67925,100,100,0,0,0,0,1,0,0,0,0,0,0,1753378944
1423,1753378893.69585,-43.9550883820547,-70.3684415771398,0,0,0,0.856019227979263,0.516943982777426,3.5,0,0,0,0,0,1753378944,1753378893.68806,100,100,0,0,0,0,1,0,0,0,0,0,0,1753378944
1424,1753378893.70489,-43.9684613374434,-70.3425213435641,0,0,0,0.856019227979263,0.516943982777426,3.5,0,0,0,0,0,1753378944,1753378893.69588,100,100,0,0,0,0,1,0,0,0,0,0,0,1753378944
1425,1753378893.71324,-43.9818342928321,-70.3166011099885,0,0,0,0.856019227979263,0.516943982777426,3.5,0,0,0,0,0,1753378944,1753378893.70496,100,100,0,0,0,0,1,0,0,0,0,0,0,1753378944
1426,1753378893.72106,-43.9952072482207,-70.2906808764128,0,0,0,0.856019227979263,0.516943982777426,3.5,0,0,0,0,0,1753378944,1753378893.71329,100,100,0,0,0,0,1,0,0,0,0,0,0,1753378944
1427,1753378893.72957,-44.0085802036094,-70.2647606428371,0,0,0,0.856019227979263,0.516943982777426,3.5,0,0,0,0,0,1753378944,1753378893.72109,100,100,0,0,0,0,1,0,0,0,0,0,0,1753378944
1428,1753378893.73757,-44.0219531589981,-70.2388404092615,0,0,0,0.856019227979263,0.516943982777426,3.5,0,0,0,0,0,1753378944,1753378893.72959,100,100,0,0,0,0,1,0,0,0,0,0,0,1753378944
1429,1753378893.7458,-44.0353261143867,-70.2129201756858,0,0,0,0.856019227979263,0.516943982777426,3.5,0,0,0,0,0,1753378944,1753378893.7376,100,100,0,0,0,0,1,0,0,0,0,0,0,1753378944
1430,1753378893.75421,-44.0486990697754,-70.1869999421101,0,0,0,0.856019227979263,0.516943982777426,3.5,0,0,0,0,0,1753378944,1753378893.74582,100,100,0,0,0,0,1,0,0,0,0,0,0,1753378944
1431,1753378893.76247,-44.0620720251641,-70.1610797085345,0,0,0,0.856019227979263,0.516943982777426,3.5,0,0,0,0,0,1753378944,1753378893.75423,100,100,0,0,0,0,1,0,0,0,0,0,0,1753378944
1432,1753378893.771,-44.0754449805528,-70.1351594749588,0,0,0,0.856019227979263,0.516943982777426,3.5,0,0,0,0,0,1753378944,1753378893.7625,100,100,0,0,0,0,1,0,0,0,0,0,0,1753378944
1433,1753378893.77945,-44.0888179359414,-70.1092392413832,0,0,0,0.856019227979263,0.516943982777426,3.5,0,0,0,0,0,1753378944,1753378893.77103,100,100,0,0,0,0,1,0,0,0,0,0,0,1753378944
1434,1753378893.78762,-44.1021908913301,-70.0833190078075,0,0,0,0.856019227979263,0.516943982777426,3.5,0,0,0,0,0,1753378944,1753378893.77947,100,100,0,0,0,0,1,0,0,0,0,0,0,1753378944
1435,1753378893.79588,-44.1155638467188,-70.0573987742318,0,0,0,0.856019227979263,0.516943982777426,3.5,0,0,0,0,0,1753378944,1753378893.78766,100,100,0,0,0,0,1,0,0,0,0,0,0,1753378944
1436,1753378893.80459,-44.1289368021074,-70.0314785406562,0,0,0,0.856019227979263,0.516943982777426,3.5,0,0,0,0,0,1753378944,1753378893.79591,100,100,0,0,0,0,1,0,0,0,0,0,0,1753378944
1437,1753378893.81288,-44.1423097574961,-70.0055583070805,0,0,0,0.856019227979263,0.516943982777426,3.5,0,0,0,0,0,1753378944,1753378893.80464,100,100,0,0,0,0,1,0,0,0,0,0,0,1753378944
1438,1753378893.82096,-44.1556827128848,-69.9796380735049,0,0,0,0.856019227979263,0.516943982777426,3.5,0,0,0,0,0,1753378944,1753378893.81291,100,100,0,0,0,0,1,0,0,0,0,0,0,1753378944
1439,1753378893.82952,-44.1690556682734,-69.9537178399292,0,0,0,0.856019227979263,0.516943982777426,3.5,0,0,0,0,0,1753378944,1753378893.82099,100,100,0,0,0,0,1,0,0,0,0,0,0,1753378944
1440,1753378893.838,-44.1824286236621,-69.9277976063535,0,0,0,0.856019227979263,0.516943982777426,3.5,0,0,0,0,0,1753378944,1753378893.82957,100,100,0,0,0,0,1,0,0,0,0,0,0,1753378944
1441,1753378893.84616,-44.1958015790508,-69.9018773727779,0,0,0,0.856019227979263,0.516943982777426,3.5,0,0,0,0,0,1753378944,1753378893.83805,100,100,0,0,0,0,1,0,0,0,0,0,0,1753378944
1442,1753378893.85422,-44.2091745344394,-69.8759571392022,0,0,0,0.856019227979263,0.516943982777426,3.5,0,0,0,0,0,1753378944,1753378893.84621,100,100,0,0,0,0,1,0,0,0,0,0,0,1753378944
1443,1753378893.86305,-44.2225474898281,-69.8500369056266,0,0,0,0.856019227979263,0.516943982777426,3.5,0,0,0,0,0,1753378944,1753378893.85426,100,100,0,0,0,0,1,0,0,0,0,0,0,1753378944
1444,1753378893.8711,-44.2359204452168,-69.8241166720509,0,0,0,0.856019227979263,0.516943982777426,3.5,0,0,0,0,0,1753378944,1753378893.86309,100,100,0,0,0,0,1,0,0,0,0,0,0,1753378944
1445,1753378893.87925,-44.2492934006054,-69.7981964384752,0,0,0,0.856019227979263,0.516943982777426,3.5,0,0,0,0,0,1753378944,1753378893.87112,100,100,0,0,0,0,1,0,0,0,0,0,0,1753378944
1446,1753378893.88764,-44.2626663559941,-69.7722762048996,0,0,0,0.856019227979263,0.516943982777426,3.5,0,0,0,0,0,1753378944,1753378893.87929,100,100,0,0,0,0,1,0,0,0,0,0,0,1753378944
1447,1753378893.89583,-44.2760393113828,-69.7463559713239,0,0,0,0.856019227979263,0.516943982777426,3.5,0,0,0,0,0,1753378944,1753378893.88768,100,100,0,0,0,0,1,0,0,0,0,0,0,1753378944
1448,1753378893.90424,-44.2894122667714,-69.7204357377482,0,0,0,0.856019227979263,0.516943982777426,3.5,0,0,0,0,0,1753378944,1753378893.89586,100,100,0,0,0,0,1,0,0,0,0,0,0,1753378944
1449,1753378893.91273,-44.3027852221601,-69.6945155041726,0,0,0,0.856019227979263,0.516943982777426,3.5,0,0,0,0,0,1753378944,1753378893.90428,100,100,0,0,0,0,1,0,0,0,0,0,0,1753378944
1450,1753378893.92095,-44.3161581775488,-69.6685952705969,0,0,0,0.856019227979263,0.516943982777426,3.5,0,0,0,0,0,1753378944,1753378893.91276,100,100,0,0,0,0,1,0,0,0,0,0,0,1753378944
1451,1753378893.92964,-44.3295311329374,-69.6426750370213,0,0,0,0.856019227979263,0.516943982777426,3.5,0,0,0,0,0,1753378944,1753378893.92098,100,100,0,0,0,0,1,0,0,0,0,0,0,1753378944
1452,1753378893.93768,-44.3429040883261,-69.6167548034456,0,0,0,0.856019227979263,0.516943982777426,3.5,0,0,0,0,0,1753378944,1753378893.92967,100,100,0,0,0,0,1,0,0,0,0,0,0,1753378944
1453,1753378893.94611,-44.3562770437148,-69.5908345698699,0,0,0,0.856019227979263,0.516943982777426,3.5,0,0,0,0,0,1753378944,1753378893.9377,100,100,0,0,0,0,1,0,0,0,0,0,0,1753378944
1454,1753378893.95451,-44.3696499991034,-69.5649143362943,0,0,0,0.856019227979263,0.516943982777426,3.5,0,0,0,0,0,1753378944,1753378893.94616,100,100,0,0,0,0,1,0,0,0,0,0,0,1753378944
1455,1753378893.96329,-44.3830229544921,-69.5389941027186,0,0,0,0.856019227979263,0.516943982777426,3.5,0,0,0,0,0,1753378944,1753378893.95455,100,100,0,0,0,0,1,0,0,0,0,0,0,1753378944
1456,1753378893.97149,-44.3963959098808,-69.513073869143,0,0,0,0.856019227979263,0.516943982777426,3.5,0,0,0,0,0,1753378944,1753378893.96336,100,100,0,0,0,0,1,0,0,0,0,0,0,1753378944
1457,1753378893.97988,-44.4097688652695,-69.4871536355673,0,0,0,0.856019227979263,0.516943982777426,3.5,0,0,0,0,0,1753378944,1753378893.97155,100,100,0,0,0,0,1,0,0,0,0,0,0,1753378944
1458,1753378893.9879,-44.4231418206581,-69.4612334019916,0,0,0,0.856019227979263,0.516943982777426,3.5,0,0,0,0,0,1753378944,1753378893.97994,100,100,0,0,0,0,1,0,0,0,0,0,0,1753378944
1459,1753378893.99583,-44.4365147760468,-69.435313168416,0,0,0,0.856019227979263,0.516943982777426,3.5,0,0,0,0,0,1753378944,1753378893.98795,100,100,0,0,0,0,1,0,0,0,0,0,0,1753378944
1460,1753378894.00419,-44.4498877314355,-69.4093929348403,0,0,0,0.856019227979263,0.516943982777426,3.5,0,0,0,0,0,1753378944,1753378893.99586,100,100,0,0,0,0,1,0,0,0,0,0,0,1753378944
1461,1753378894.01282,-44.4632606868241,-69.3834727012647,0,0,0,0.856019227979263,0.516943982777426,3.5,0,0,0,0,0,1753378944,1753378894.00422,100,100,0,0,0,0,1,0,0,0,0,0,0,1753378944
1462,1753378894.02112,-44.4766336422128,-69.357552467689,0,0,0,0.856019227979263,0.516943982777426,3.5,0,0,0,0,0,1753378944,1753378894.01285,100,100,0,0,0,0,1,0,0,0,0,0,0,1753378944
1463,1753378894.02958,-44.4900065976015,-69.3316322341133,0,0,0,0.856019227979263,0.516943982777426,3.5,0,0,0,0,0,1753378944,1753378894.02121,100,100,0,0,0,0,1,0,0,0,0,0,0,1753378944
1464,1753378894.03783,-44.5033795529901,-69.3057120005377,0,0,0,0.856019227979263,0.516943982777426,3.5,0,0,0,0,0,1753378944,1753378894.02962,100,100,0,0,0,0,1,0,0,0,0,0,0,1753378944
1465,1753378894.04587,-44.5167525083788,-69.279791766962,0,0,0,0.856019227979263,0.516943982777426,3.5,0,0,0,0,0,1753378944,1753378894.03788,100,100,0,0,0,0,1,0,0,0,0,0,0,1753378944
1466,1753378894.05447,-44.5301254637675,-69.2538715333864,0,0,0,0.856019227979263,0.516943982777426,3.5,0,0,0,0,0,1753378944,1753378894.0459,100,100,0,0,0,0,1,0,0,0,0,0,0,1753378944
1467,1753378894.06273,-44.5434984191561,-69.2279512998107,0,0,0,0.856019227979263,0.516943982777426,3.5,0,0,0,0,0,1753378944,1753378894.05452,100,100,0,0,0,0,1,0,0,0,0,0,0,1753378944
1468,1753378894.07112,-44.5568713745448,-69.202031066235,0,0,0,0.856019227979263,0.516943982777426,3.5,0,0,0,0,0,1753378944,1753378894.06278,100,100,0,0,0,0,1,0,0,0,0,0,0,1753378944
1469,1753378894.0793,-44.5702443299335,-69.1761108326594,0,0,0,0.856019227979263,0.516943982777426,3.5,0,0,0,0,0,1753378944,1753378894.07116,100,100,0,0,0,0,1,0,0,0,0,0,0,1753378944
1470,1753378894.08807,-44.5836172853221,-69.1501905990837,0,0,0,0.856019227979263,0.516943982777426,3.5,0,0,0,0,0,1753378944,1753378894.07933,100,100,0,0,0,0,1,0,0,0,0,0,0,1753378944
1471,1753378894.09595,-44.5969902407108,-69.124270365508,0,0,0,0.856019227979263,0.516943982777426,3.5,0,0,0,0,0,1753378944,1753378894.08812,100,100,0,0,0,0,1,0,0,0,0,0,0,1753378944
1472,1753378894.10465,-44.6103631960995,-69.0983501319324,0,0,0,0.856019227979263,0.516943982777426,3.5,0,0,0,0,0,1753378944,1753378894.09598,100,100,0,0,0,0,1,0,0,0,0,0,0,1753378944
1473,1753378894.11273,-44.6237361514881,-69.0724298983567,0,0,0,0.856019227979263,0.516943982777426,3.5,0,0,0,0,0,1753378944,1753378894.10474,100,100,0,0,0,0,1,0,0,0,0,0,0,1753378944
1474,1753378894.12095,-44.6371091068768,-69.0465096647811,0,0,0,0.856019227979263,0.516943982777426,3.5,0,0,0,0,0,1753378944,1753378894.11276,100,100,0,0,0,0,1,0,0,0,0,0,0,1753378944
1475,1753378894.1293,-44.6504820622655,-69.0205894312054,0,0,0,0.856019227979263,0.516943982777426,3.5,0,0,0,0,0,1753378944,1753378894.12098,100,100,0,0,0,0,1,0,0,0,0,0,0,1753378944
1476,1753378894.13773,-44.6638550176541,-68.9946691976297,0,0,0,0.856019227979263,0.516943982777426,3.5,0,0,0,0,0,1753378944,1753378894.12933,100,100,0,0,0,0,1,0,0,0,0,0,0,1753378944
1477,1753378894.14602,-44.6772279730428,-68.9687489640541,0,0,0,0.856019227979263,0.516943982777426,3.5,0,0,0,0,0,1753378944,1753378894.13776,100,100,0,0,0,0,1,0,0,0,0,0,0,1753378944
1478,1753378894.15458,-44.6906009284315,-68.9428287304784,0,0,0,0.856019227979263,0.516943982777426,3.5,0,0,0,0,0,1753378944,1753378894.14606,100,100,0,0,0,0,1,0,0,0,0,0,0,1753378944
1479,1753378894.16283,-44.7039738838202,-68.9169084969028,0,0,0,0.856019227979263,0.516943982777426,3.5,0,0,0,0,0,1753378944,1753378894.15462,100,100,0,0,0,0,1,0,0,0,0,0,0,1753378944
1480,1753378894.17106,-44.7173468392088,-68.8909882633271,0,0,0,0.856019227979263,0.516943982777426,3.5,0,0,0,0,0,1753378944,1753378894.16286,100,100,0,0,0,0,1,0,0,0,0,0,0,1753378944
1481,1753378894.17932,-44.7307197945975,-68.8650680297514,0,0,0,0.856019227979263,0.516943982777426,3.5,0,0,0,0,0,1753378944,1753378894.17109,100,100,0,0,0,0,1,0,0,0,0,0,0,1753378944
1482,1753378894.18779,-44.7440927499862,-68.8391477961758,0,0,0,0.856019227979263,0.516943982777426,3.5,0,0,0,0,0,1753378944,1753378894.17935,100,100,0,0,0,0,1,0,0,0,0,0,0,1753378944
1483,1753378894.19594,-44.7574657053748,-68.8132275626001,0,0,0,0.856019227979263,0.516943982777426,3.5,0,0,0,0,0,1753378944,1753378894.18781,100,100,0,0,0,0,1,0,0,0,0,0,0,1753378944
1484,1753378894.20455,-44.7708386607635,-68.7873073290244,0,0,0,0.856019227979263,0.516943982777426,3.5,0,0,0,0,0,1753378944,1753378894.19597,100,100,0,0,0,0,1,0,0,0,0,0,0,1753378944
1485,1753378894.21243,-44.7842116161522,-68.7613870954488,0,0,0,0.856019227979263,0.516943982777426,3.5,0,0,0,0,0,1753378944,1753378894.20458,100,100,0,0,0,0,1,0,0,0,0,0,0,1753378944
1486,1753378894.22112,-44.7975845715408,-68.7354668618731,0,0,0,0.856019227979263,0.516943982777426,3.5,0,0,0,0,0,1753378944,1753378894.21246,100,100,0,0,0,0,1,0,0,0,0,0,0,1753378944
1487,1753378894.22961,-44.8109575269295,-68.7095466282975,0,0,0,0.856019227979263,0.516943982777426,3.5,0,0,0,0,0,1753378944,1753378894.22115,100,100,0,0,0,0,1,0,0,0,0,0,0,1753378944
1488,1753378894.23766,-44.8243304823182,-68.6836263947218,0,0,0,0.856019227979263,0.516943982777426,3.5,0,0,0,0,0,1753378944,1753378894.22966,100,100,0,0,0,0,1,0,0,0,0,0,0,1753378944
1489,1753378894.24604,-44.8377034377068,-68.6577061611461,0,0,0,0.856019227979263,0.516943982777426,3.5,0,0,0,0,0,1753378944,1753378894.23769,100,100,0,0,0,0,1,0,0,0,0,0,0,1753378944
1490,1753378894.2542,-44.8510763930955,-68.6317859275705,0,0,0,0.856019227979263,0.516943982777426,3.5,0,0,0,0,0,1753378944,1753378894.24607,100,100,0,0,0,0,1,0,0,0,0,0,0,1753378944
1491,1753378894.26244,-44.8644493484842,-68.6058656939948,0,0,0,0.856019227979263,0.516943982777426,3.5,0,0,0,0,0,1753378944,1753378894.25423,100,100,0,0,0,0,1,0,0,0,0,0,0,1753378944
1492,1753378894.27109,-44.8778223038728,-68.5799454604192,0,0,0,0.856019227979263,0.516943982777426,3.5,0,0,0,0,0,1753378944,1753378894.26246,100,100,0,0,0,0,1,0,0,0,0,0,0,1753378944
1493,1753378894.27939,-44.8911952592615,-68.5540252268435,0,0,0,0.856019227979263,0.516943982777426,3.5,0,0,0,0,0,1753378944,1753378894.27113,100,100,0,0,0,0,1,0,0,0,0,0,0,1753378944
1494,1753378894.28765,-44.9045682146502,-68.5281049932678,0,0,0,0.856019227979263,0.516943982777426,3.5,0,0,0,0,0,1753378944,1753378894.27941,100,100,0,0,0,0,1,0,0,0,0,0,0,1753378944
1495,1753378894.29584,-44.9179411700388,-68.5021847596922,0,0,0,0.856019227979263,0.516943982777426,3.5,0,0,0,0,0,1753378944,1753378894.28768,100,100,0,0,0,0,1,0,0,0,0,0,0,1753378944
1496,1753378894.30423,-44.9313141254275,-68.4762645261165,0,0,0,0.856019227979263,0.516943982777426,3.5,0,0,0,0,0,1753378944,1753378894.29586,100,100,0,0,0,0,1,0,0,0,0,0,0,1753378944
1497,1753378894.31254,-44.9446870808162,-68.4503442925409,0,0,0,0.856019227979263,0.516943982777426,3.5,0,0,0,0,0,1753378944,1753378894.30427,100,100,0,0,0,0,1,0,0,0,0,0,0,1753378944
1498,1753378894.32112,-44.9580600362048,-68.4244240589652,0,0,0,0.856019227979263,0.516943982777426,3.5,0,0,0,0,0,1753378944,1753378894.31256,100,100,0,0,0,0,1,0,0,0,0,0,0,1753378944
1499,1753378894.32929,-44.9714329915935,-68.3985038253895,0,0,0,0.856019227979263,0.516943982777426,3.5,0,0,0,0,0,1753378944,1753378894.32115,100,100,0,0,0,0,1,0,0,0,0,0,0,1753378944
1500,1753378894.33764,-44.9848059469822,-68.3725835918139,0,0,0,0.856019227979263,0.516943982777426,3.5,0,0,0,0,0,1753378944,1753378894.32933,100,100,0,0,0,0,1,0,0,0,0,0,0,1753378944
1501,1753378894.34581,-44.9981789023708,-68.3466633582382,0,0,0,0.856019227979263,0.516943982777426,3.5,0,0,0,0,0,1753378944,1753378894.33767,100,100,0,0,0,0,1,0,0,0,0,0,0,1753378944
1502,1753378894.35425,-45.0115518577595,-68.3207431246625,0,0,0,0.856019227979263,0.516943982777426,3.5,0,0,0,0,0,1753378944,1753378894.34584,100,100,0,0,0,0,1,0,0,0,0,0,0,1753378944
1503,1753378894.3625,-45.0249248131482,-68.2948228910869,0,0,0,0.856019227979263,0.516943982777426,3.5,0,0,0,0,0,1753378944,1753378894.35437,100,100,0,0,0,0,1,0,0,0,0,0,0,1753378944
1504,1753378894.37104,-45.0382977685369,-68.2689026575112,0,0,0,0.856019227979263,0.516943982777426,3.5,0,0,0,0,0,1753378944,1753378894.36252,100,100,0,0,0,0,1,0,0,0,0,0,0,1753378944
1505,1753378894.37936,-45.0516707239255,-68.2429824239356,0,0,0,0.856019227979263,0.516943982777426,3.5,0,0,0,0,0,1753378944,1753378894.37108,100,100,0,0,0,0,1,0,0,0,0,0,0,1753378944
1506,1753378894.38781,-45.0650436793142,-68.2170621903599,0,0,0,0.856019227979263,0.516943982777426,3.5,0,0,0,0,0,1753378944,1753378894.37939,100,100,0,0,0,0,1,0,0,0,0,0,0,1753378944
1507,1753378894.39602,-45.0784166347029,-68.1911419567842,0,0,0,0.856019227979263,0.516943982777426,3.5,0,0,0,0,0,1753378944,1753378894.38785,100,100,0,0,0,0,1,0,0,0,0,0,0,1753378944
1508,1753378894.40434,-45.0917895900915,-68.1652217232086,0,0,0,0.856019227979263,0.516943982777426,3.5,0,0,0,0,0,1753378944,1753378894.39605,100,100,0,0,0,0,1,0,0,0,0,0,0,1753378944
1509,1753378894.41264,-45.1051625454802,-68.1393014896329,0,0,0,0.856019227979263,0.516943982777426,3.5,0,0,0,0,0,1753378944,1753378894.40438,100,100,0,0,0,0,1,0,0,0,0,0,0,1753378944
1510,1753378894.42116,-45.1185355008689,-68.1133812560573,0,0,0,0.856019227979263,0.516943982777426,3.5,0,0,0,0,0,1753378944,1753378894.41267,100,100,0,0,0,0,1,0,0,0,0,0,0,1753378944
1511,1753378894.42944,-45.1319084562575,-68.0874610224816,0,0,0,0.856019227979263,0.516943982777426,3.5,0,0,0,0,0,1753378944,1753378894.4212,100,100,0,0,0,0,1,0,0,0,0,0,0,1753378944
1512,1753378894.43866,-45.1452814116462,-68.0615407889059,0,0,0,0.856019227979263,0.516943982777426,3.5,0,0,0,0,0,1753378944,1753378894.42947,100,100,0,0,0,0,1,0,0,0,0,0,0,1753378944
1513,1753378894.44602,-45.1586543670349,-68.0356205553303,0,0,0,0.856019227979263,0.516943982777426,3.5,0,0,0,0,0,1753378944,1753378894.43869,100,100,0,0,0,0,1,0,0,0,0,0,0,1753378944
1514,1753378894.45432,-45.1720273224235,-68.0097003217546,0,0,0,0.856019227979263,0.516943982777426,3.5,0,0,0,0,0,1753378944,1753378894.44606,100,100,0,0,0,0,1,0,0,0,0,0,0,1753378944
1515,1753378894.46282,-45.1854002778122,-67.9837800881789,0,0,0,0.856019227979263,0.516943982777426,3.5,0,0,0,0,0,1753378944,1753378894.45435,100,100,0,0,0,0,1,0,0,0,0,0,0,1753378944
1516,1753378894.47113,-45.1987732332009,-67.9578598546033,0,0,0,0.856019227979263,0.516943982777426,3.5,0,0,0,0,0,1753378944,1753378894.46284,100,100,0,0,0,0,1,0,0,0,0,0,0,1753378944
1517,1753378894.47926,-45.2121461885895,-67.9319396210276,0,0,0,0.856019227979263,0.516943982777426,3.5,0,0,0,0,0,1753378944,1753378894.47116,100,100,0,0,0,0,1,0,0,0,0,0,0,1753378944
1518,1753378894.48766,-45.2255191439782,-67.906019387452,0,0,0,0.856019227979263,0.516943982777426,3.5,0,0,0,0,0,1753378944,1753378894.47929,100,100,0,0,0,0,1,0,0,0,0,0,0,1753378944
1519,1753378894.49613,-45.2388920993669,-67.8800991538763,0,0,0,0.856019227979263,0.516943982777426,3.5,0,0,0,0,0,1753378944,1753378894.48769,100,100,0,0,0,0,1,0,0,0,0,0,0,1753378944
1520,1753378894.50426,-45.2522650547555,-67.8541789203006,0,0,0,0.856019227979263,0.516943982777426,3.5,0,0,0,0,0,1753378944,1753378894.49618,100,100,0,0,0,0,1,0,0,0,0,0,0,1753378944
1521,1753378894.5129,-45.2656380101442,-67.828258686725,0,0,0,0.856019227979263,0.516943982777426,3.5,0,0,0,0,0,1753378944,1753378894.50431,100,100,0,0,0,0,1,0,0,0,0,0,0,1753378944
1522,1753378894.52119,-45.2790109655329,-67.8023384531493,0,0,0,0.856019227979263,0.516943982777426,3.5,0,0,0,0,0,1753378944,1753378894.51294,100,100,0,0,0,0,1,0,0,0,0,0,0,1753378944
1523,1753378894.52956,-45.2923839209215,-67.7764182195737,0,0,0,0.856019227979263,0.516943982777426,3.5,0,0,0,0,0,1753378944,1753378894.52123,100,100,0,0,0,0,1,0,0,0,0,0,0,1753378944
1524,1753378894.53786,-45.3057568763102,-67.750497985998,0,0,0,0.856019227979263,0.516943982777426,3.5,0,0,0,0,0,1753378944,1753378894.5296,100,100,0,0,0,0,1,0,0,0,0,0,0,1753378944
1525,1753378894.54626,-45.3191298316989,-67.7245777524223,0,0,0,0.856019227979263,0.516943982777426,3.5,0,0,0,0,0,1753378944,1753378894.53791,100,100,0,0,0,0,1,0,0,0,0,0,0,1753378944
1526,1753378894.55427,-45.3325027870875,-67.6986575188467,0,0,0,0.856019227979263,0.516943982777426,3.5,0,0,0,0,0,1753378944,1753378894.54632,100,100,0,0,0,0,1,0,0,0,0,0,0,1753378944
1527,1753378894.56248,-45.3458757424762,-67.672737285271,0,0,0,0.856019227979263,0.516943982777426,3.5,0,0,0,0,0,1753378944,1753378894.5543,100,100,0,0,0,0,1,0,0,0,0,0,0,1753378944
1528,1753378894.57113,-45.3592486978649,-67.6468170516954,0,0,0,0.856019227979263,0.516943982777426,3.5,0,0,0,0,0,1753378944,1753378894.56251,100,100,0,0,0,0,1,0,0,0,0,0,0,1753378944
1529,1753378894.57926,-45.3726216532536,-67.6208968181197,0,0,0,0.856019227979263,0.516943982777426,3.5,0,0,0,0,0,1753378944,1753378894.57116,100,100,0,0,0,0,1,0,0,0,0,0,0,1753378944
1530,1753378894.58763,-45.3859946086422,-67.594976584544,0,0,0,0.856019227979263,0.516943982777426,3.5,0,0,0,0,0,1753378944,1753378894.57929,100,100,0,0,0,0,1,0,0,0,0,0,0,1753378944
1531,1753378894.59622,-45.3993675640309,-67.5690563509684,0,0,0,0.856019227979263,0.516943982777426,3.5,0,0,0,0,0,1753378944,1753378894.58767,100,100,0,0,0,0,1,0,0,0,0,0,0,1753378944
1532,1753378894.60505,-45.4127405194196,-67.5431361173927,0,0,0,0.856019227979263,0.516943982777426,3.5,0,0,0,0,0,1753378944,1753378894.59626,100,100,0,0,0,0,1,0,0,0,0,0,0,1753378944
1533,1753378894.61271,-45.4261134748082,-67.517215883817,0,0,0,0.856019227979263,0.516943982777426,3.5,0,0,0,0,0,1753378944,1753378894.60511,100,100,0,0,0,0,1,0,0,0,0,0,0,1753378944
1534,1753378894.62098,-45.4394864301969,-67.4912956502414,0,0,0,0.856019227979263,0.516943982777426,3.5,0,0,0,0,0,1753378944,1753378894.61273,100,100,0,0,0,0,1,0,0,0,0,0,0,1753378944
1535,1753378894.62937,-45.4528593855856,-67.4653754166657,0,0,0,0.856019227979263,0.516943982777426,3.5,0,0,0,0,0,1753378944,1753378894.62101,100,100,0,0,0,0,1,0,0,0,0,0,0,1753378944
1536,1753378894.63765,-45.4662323409742,-67.4394551830901,0,0,0,0.856019227979263,0.516943982777426,3.5,0,0,0,0,0,1753378944,1753378894.62941,100,100,0,0,0,0,1,0,0,0,0,0,0,1753378944
1537,1753378894.6458,-45.4796052963629,-67.4135349495144,0,0,0,0.856019227979263,0.516943982777426,3.5,0,0,0,0,0,1753378944,1753378894.63768,100,100,0,0,0,0,1,0,0,0,0,0,0,1753378944
1538,1753378894.65421,-45.4929782517516,-67.3876147159387,0,0,0,0.856019227979263,0.516943982777426,3.5,0,0,0,0,0,1753378944,1753378894.64583,100,100,0,0,0,0,1,0,0,0,0,0,0,1753378944
1539,1753378894.66281,-45.5063512071402,-67.3616944823631,0,0,0,0.856019227979263,0.516943982777426,3.5,0,0,0,0,0,1753378944,1753378894.65424,100,100,0,0,0,0,1,0,0,0,0,0,0,1753378944
1540,1753378894.67101,-45.5197241625289,-67.3357742487874,0,0,0,0.856019227979263,0.516943982777426,3.5,0,0,0,0,0,1753378944,1753378894.66284,100,100,0,0,0,0,1,0,0,0,0,0,0,1753378944
1541,1753378894.67951,-45.5330971179176,-67.3098540152118,0,0,0,0.856019227979263,0.516943982777426,3.5,0,0,0,0,0,1753378944,1753378894.67104,100,100,0,0,0,0,1,0,0,0,0,0,0,1753378944
1542,1753378894.68791,-45.5464700733062,-67.2839337816361,0,0,0,0.856019227979263,0.516943982777426,3.5,0,0,0,0,0,1753378944,1753378894.67954,100,100,0,0,0,0,1,0,0,0,0,0,0,1753378944
1543,1753378894.6959,-45.5598430286949,-67.2580135480604,0,0,0,0.856019227979263,0.516943982777426,3.5,0,0,0,0,0,1753378944,1753378894.68796,100,100,0,0,0,0,1,0,0,0,0,0,0,1753378944
1544,1753378894.7046,-45.5732159840836,-67.2320933144848,0,0,0,0.856019227979263,0.516943982777426,3.5,0,0,0,0,0,1753378944,1753378894.69593,100,100,0,0,0,0,1,0,0,0,0,0,0,1753378944
1545,1753378894.71259,-45.5865889394722,-67.2061730809091,0,0,0,0.856019227979263,0.516943982777426,3.5,0,0,0,0,0,1753378944,1753378894.70465,100,100,0,0,0,0,1,0,0,0,0,0,0,1753378944
1546,1753378894.72086,-45.5999618948609,-67.1802528473335,0,0,0,0.856019227979263,0.516943982777426,3.5,0,0,0,0,0,1753378944,1753378894.71263,100,100,0,0,0,0,1,0,0,0,0,0,0,1753378944
1547,1753378894.72927,-45.6133348502496,-67.1543326137578,0,0,0,0.856019227979263,0.516943982777426,3.5,0,0,0,0,0,1753378944,1753378894.72089,100,100,0,0,0,0,1,0,0,0,0,0,0,1753378944
1548,1753378894.73768,-45.6267078056383,-67.1284123801821,0,0,0,0.856019227979263,0.516943982777426,3.5,0,0,0,0,0,1753378944,1753378894.72931,100,100,0,0,0,0,1,0,0,0,0,0,0,1753378944
1549,1753378894.74586,-45.6400807610269,-67.1024921466065,0,0,0,0.856019227979263,0.516943982777426,3.5,0,0,0,0,0,1753378944,1753378894.7377,100,100,0,0,0,0,1,0,0,0,0,0,0,1753378944
1550,1753378894.75425,-45.6534537164156,-67.0765719130308,0,0,0,0.856019227979263,0.516943982777426,3.5,0,0,0,0,0,1753378944,1753378894.74589,100,100,0,0,0,0,1,0,0,0,0,0,0,1753378944
1551,1753378894.76269,-45.6668266718043,-67.0506516794551,0,0,0,0.856019227979263,0.516943982777426,3.5,0,0,0,0,0,1753378944,1753378894.75429,100,100,0,0,0,0,1,0,0,0,0,0,0,1753378944
1552,1753378894.77123,-45.6801996271929,-67.0247314458795,0,0,0,0.856019227979263,0.516943982777426,3.5,0,0,0,0,0,1753378944,1753378894.76273,100,100,0,0,0,0,1,0,0,0,0,0,0,1753378944
1553,1753378894.77926,-45.6935725825816,-66.9988112123038,0,0,0,0.856019227979263,0.516943982777426,3.5,0,0,0,0,0,1753378944,1753378894.77129,100,100,0,0,0,0,1,0,0,0,0,0,0,1753378944
1554,1753378894.78764,-45.7069455379703,-66.9728909787282,0,0,0,0.856019227979263,0.516943982777426,3.5,0,0,0,0,0,1753378944,1753378894.7793,100,100,0,0,0,0,1,0,0,0,0,0,0,1753378944
1555,1753378894.79586,-45.7203184933589,-66.9469707451525,0,0,0,0.856019227979263,0.516943982777426,3.5,0,0,0,0,0,1753378944,1753378894.78767,100,100,0,0,0,0,1,0,0,0,0,0,0,1753378944
1556,1753378894.80456,-45.7336914487476,-66.9210505115768,0,0,0,0.856019227979263,0.516943982777426,3.5,0,0,0,0,0,1753378944,1753378894.79589,100,100,0,0,0,0,1,0,0,0,0,0,0,1753378944
1557,1753378894.81276,-45.7470644041363,-66.8951302780012,0,0,0,0.856019227979263,0.516943982777426,3.5,0,0,0,0,0,1753378944,1753378894.80462,100,100,0,0,0,0,1,0,0,0,0,0,0,1753378944
1558,1753378894.82132,-45.7604373595249,-66.8692100444255,0,0,0,0.856019227979263,0.516943982777426,3.5,0,0,0,0,0,1753378944,1753378894.8128,100,100,0,0,0,0,1,0,0,0,0,0,0,1753378944
1559,1753378894.82931,-45.7738103149136,-66.8432898108499,0,0,0,0.856019227979263,0.516943982777426,3.5,0,0,0,0,0,1753378944,1753378894.82136,100,100,0,0,0,0,1,0,0,0,0,0,0,1753378944
1560,1753378894.83798,-45.7871832703023,-66.8173695772742,0,0,0,0.856019227979263,0.516943982777426,3.5,0,0,0,0,0,1753378944,1753378894.82934,100,100,0,0,0,0,1,0,0,0,0,0,0,1753378944
1561,1753378894.84581,-45.8005562256909,-66.7914493436985,0,0,0,0.856019227979263,0.516943982777426,3.5,0,0,0,0,0,1753378944,1753378894.83802,100,100,0,0,0,0,1,0,0,0,0,0,0,1753378944
1562,1753378894.85418,-45.8139291810796,-66.7655291101229,0,0,0,0.856019227979263,0.516943982777426,3.5,0,0,0,0,0,1753378944,1753378894.84583,100,100,0,0,0,0,1,0,0,0,0,0,0,1753378944
1563,1753378894.86255,-45.8273021364683,-66.7396088765472,0,0,0,0.856019227979263,0.516943982777426,3.5,0,0,0,0,0,1753378944,1753378894.85421,100,100,0,0,0,0,1,0,0,0,0,0,0,1753378944
1564,1753378894.87101,-45.8406750918569,-66.7136886429716,0,0,0,0.856019227979263,0.516943982777426,3.5,0,0,0,0,0,1753378944,1753378894.86258,100,100,0,0,0,0,1,0,0,0,0,0,0,1753378944
1565,1753378894.87933,-45.8540480472456,-66.6877684093959,0,0,0,0.856019227979263,0.516943982777426,3.5,0,0,0,0,0,1753378944,1753378894.87104,100,100,0,0,0,0,1,0,0,0,0,0,0,1753378944
1566,1753378894.88771,-45.8674210026343,-66.6618481758202,0,0,0,0.856019227979263,0.516943982777426,3.5,0,0,0,0,0,1753378944,1753378894.87936,100,100,0,0,0,0,1,0,0,0,0,0,0,1753378944
1567,1753378894.89584,-45.8807939580229,-66.6359279422446,0,0,0,0.856019227979263,0.516943982777426,3.5,0,0,0,0,0,1753378944,1753378894.88775,100,100,0,0,0,0,1,0,0,0,0,0,0,1753378944
1568,1753378894.9045,-45.8941669134116,-66.6100077086689,0,0,0,0.856019227979263,0.516943982777426,3.5,0,0,0,0,0,1753378944,1753378894.89587,100,100,0,0,0,0,1,0,0,0,0,0,0,1753378944
1569,1753378894.9132,-45.9075398688003,-66.5840874750932,0,0,0,0.856019227979263,0.516943982777426,3.5,0,0,0,0,0,1753378944,1753378894.90454,100,100,0,0,0,0,1,0,0,0,0,0,0,1753378944
1570,1753378894.92106,-45.9209128241889,-66.5581672415176,0,0,0,0.856019227979263,0.516943982777426,3.5,0,0,0,0,0,1753378944,1753378894.91323,100,100,0,0,0,0,1,0,0,0,0,0,0,1753378944
1571,1753378894.9296,-45.9342857795776,-66.5322470079419,0,0,0,0.856019227979263,0.516943982777426,3.5,0,0,0,0,0,1753378944,1753378894.92109,100,100,0,0,0,0,1,0,0,0,0,0,0,1753378944
1572,1753378894.93787,-45.9476587349663,-66.5063267743663,0,0,0,0.856019227979263,0.516943982777426,3.5,0,0,0,0,0,1753378944,1753378894.92964,100,100,0,0,0,0,1,0,0,0,0,0,0,1753378944
1573,1753378894.94604,-45.961031690355,-66.4804065407906,0,0,0,0.856019227979263,0.516943982777426,3.5,0,0,0,0,0,1753378944,1753378894.93792,100,100,0,0,0,0,1,0,0,0,0,0,0,1753378944
1574,1753378894.95452,-45.9744046457436,-66.4544863072149,0,0,0,0.856019227979263,0.516943982777426,3.5,0,0,0,0,0,1753378944,1753378894.94608,100,100,0,0,0,0,1,0,0,0,0,0,0,1753378944
1575,1753378894.96283,-45.9877776011323,-66.4285660736393,0,0,0,0.856019227979263,0.516943982777426,3.5,0,0,0,0,0,1753378944,1753378894.95457,100,100,0,0,0,0,1,0,0,0,0,0,0,1753378944
1576,1753378894.97128,-46.001150556521,-66.4026458400636,0,0,0,0.856019227979263,0.516943982777426,3.5,0,0,0,0,0,1753378944,1753378894.96287,100,100,0,0,0,0,1,0,0,0,0,0,0,1753378944
1577,1753378894.97959,-46.0145235119096,-66.376725606488,0,0,0,0.856019227979263,0.516943982777426,3.5,0,0,0,0,0,1753378944,1753378894.97131,100,100,0,0,0,0,1,0,0,0,0,0,0,1753378944
1578,1753378894.98795,-46.0278964672983,-66.3508053729123,0,0,0,0.856019227979263,0.516943982777426,3.5,0,0,0,0,0,1753378944,1753378894.97964,100,100,0,0,0,0,1,0,0,0,0,0,0,1753378944
1579,1753378894.99586,-46.041269422687,-66.3248851393366,0,0,0,0.856019227979263,0.516943982777426,3.5,0,0,0,0,0,1753378944,1753378894.988,100,100,0,0,0,0,1,0,0,0,0,0,0,1753378944
1580,1753378895.00442,-46.0546423780756,-66.298964905761,0,0,0,0.856019227979263,0.516943982777426,3.5,0,0,0,0,0,1753378944,1753378894.99589,100,100,0,0,0,0,1,0,0,0,0,0,0,1753378944
1581,1753378895.01247,-46.0680153334643,-66.2730446721853,0,0,0,0.856019227979263,0.516943982777426,3.5,0,0,0,0,0,1753378944,1753378895.00445,100,100,0,0,0,0,1,0,0,0,0,0,0,1753378944
1582,1753378895.02126,-46.081388288853,-66.2471244386096,0,0,0,0.856019227979263,0.516943982777426,3.5,0,0,0,0,0,1753378944,1753378895.0125,100,100,0,0,0,0,1,0,0,0,0,0,0,1753378944
1583,1753378895.02953,-46.0947612442416,-66.221204205034,0,0,0,0.856019227979263,0.516943982777426,3.5,0,0,0,0,0,1753378944,1753378895.02131,100,100,0,0,0,0,1,0,0,0,0,0,0,1753378944
1584,1753378895.03789,-46.1081341996303,-66.1952839714583,0,0,0,0.856019227979263,0.516943982777426,3.5,0,0,0,0,0,1753378944,1753378895.02958,100,100,0,0,0,0,1,0,0,0,0,0,0,1753378944
1585,1753378895.04607,-46.121507155019,-66.1693637378827,0,0,0,0.856019227979263,0.516943982777426,3.5,0,0,0,0,0,1753378944,1753378895.03794,100,100,0,0,0,0,1,0,0,0,0,0,0,1753378944
1586,1753378895.0545,-46.1348801104076,-66.143443504307,0,0,0,0.856019227979263,0.516943982777426,3.5,0,0,0,0,0,1753378944,1753378895.04611,100,100,0,0,0,0,1,0,0,0,0,0,0,1753378944
1587,1753378895.06275,-46.1482530657963,-66.1175232707313,0,0,0,0.856019227979263,0.516943982777426,3.5,0,0,0,0,0,1753378944,1753378895.05455,100,100,0,0,0,0,1,0,0,0,0,0,0,1753378944
1588,1753378895.07122,-46.161626021185,-66.0916030371557,0,0,0,0.856019227979263,0.516943982777426,3.5,0,0,0,0,0,1753378944,1753378895.06279,100,100,0,0,0,0,1,0,0,0,0,0,0,1753378944
1589,1753378895.07947,-46.1749989765736,-66.06568280358,0,0,0,0.856019227979263,0.516943982777426,3.5,0,0,0,0,0,1753378944,1753378895.07126,100,100,0,0,0,0,1,0,0,0,0,0,0,1753378944
1590,1753378895.088,-46.1883719319623,-66.0397625700044,0,0,0,0.856019227979263,0.516943982777426,3.5,0,0,0,0,0,1753378944,1753378895.07951,100,100,0,0,0,0,1,0,0,0,0,0,0,1753378944
1591,1753378895.09605,-46.201744887351,-66.0138423364287,0,0,0,0.856019227979263,0.516943982777426,3.5,0,0,0,0,0,1753378944,1753378895.08804,100,100,0,0,0,0,1,0,0,0,0,0,0,1753378944
1592,1753378895.10454,-46.2151178427397,-65.987922102853,0,0,0,0.856019227979263,0.516943982777426,3.5,0,0,0,0,0,1753378944,1753378895.09607,100,100,0,0,0,0,1,0,0,0,0,0,0,1753378944
1593,1753378895.11262,-46.2284907981283,-65.9620018692774,0,0,0,0.856019227979263,0.516943982777426,3.5,0,0,0,0,0,1753378944,1753378895.10457,100,100,0,0,0,0,1,0,0,0,0,0,0,1753378944
1594,1753378895.12116,-46.241863753517,-65.9360816357017,0,0,0,0.856019227979263,0.516943982777426,3.5,0,0,0,0,0,1753378944,1753378895.11265,100,100,0,0,0,0,1,0,0,0,0,0,0,1753378944
1595,1753378895.12924,-46.2552367089057,-65.9101614021261,0,0,0,0.856019227979263,0.516943982777426,3.5,0,0,0,0,0,1753378944,1753378895.1212,100,100,0,0,0,0,1,0,0,0,0,0,0,1753378944
1596,1753378895.13765,-46.2686096642943,-65.8842411685504,0,0,0,0.856019227979263,0.516943982777426,3.5,0,0,0,0,0,1753378944,1753378895.12927,100,100,0,0,0,0,1,0,0,0,0,0,0,1753378944
1597,1753378895.14586,-46.281982619683,-65.8583209349747,0,0,0,0.856019227979263,0.516943982777426,3.5,0,0,0,0,0,1753378944,1753378895.13769,100,100,0,0,0,0,1,0,0,0,0,0,0,1753378944
1598,1753378895.15426,-46.2953555750717,-65.8324007013991,0,0,0,0.856019227979263,0.516943982777426,3.5,0,0,0,0,0,1753378944,1753378895.14588,100,100,0,0,0,0,1,0,0,0,0,0,0,1753378944
1599,1753378895.16253,-46.3087285304603,-65.8064804678234,0,0,0,0.856019227979263,0.516943982777426,3.5,0,0,0,0,0,1753378944,1753378895.1543,100,100,0,0,0,0,1,0,0,0,0,0,0,1753378944
1600,1753378895.17106,-46.322101485849,-65.7805602342477,0,0,0,0.856019227979263,0.516943982777426,3.5,0,0,0,0,0,1753378944,1753378895.16256,100,100,0,0,0,0,1,0,0,0,0,0,0,1753378944
1601,1753378895.17924,-46.3354744412377,-65.7546400006721,0,0,0,0.856019227979263,0.516943982777426,3.5,0,0,0,0,0,1753378944,1753378895.17109,100,100,0,0,0,0,1,0,0,0,0,0,0,1753378944
1602,1753378895.18761,-46.3488473966263,-65.7287197670964,0,0,0,0.856019227979263,0.516943982777426,3.5,0,0,0,0,0,1753378944,1753378895.17927,100,100,0,0,0,0,1,0,0,0,0,0,0,1753378944
1603,1753378895.19583,-46.362220352015,-65.7027995335208,0,0,0,0.856019227979263,0.516943982777426,3.5,0,0,0,0,0,1753378944,1753378895.18763,100,100,0,0,0,0,1,0,0,0,0,0,0,1753378944
1604,1753378895.20444,-46.3755933074037,-65.6768792999451,0,0,0,0.856019227979263,0.516943982777426,3.5,0,0,0,0,0,1753378944,1753378895.19586,100,100,0,0,0,0,1,0,0,0,0,0,0,1753378944
1605,1753378895.21248,-46.3889662627923,-65.6509590663694,0,0,0,0.856019227979263,0.516943982777426,3.5,0,0,0,0,0,1753378944,1753378895.20447,100,100,0,0,0,0,1,0,0,0,0,0,0,1753378944
1606,1753378895.22108,-46.402339218181,-65.6250388327938,0,0,0,0.856019227979263,0.516943982777426,3.5,0,0,0,0,0,1753378944,1753378895.21251,100,100,0,0,0,0,1,0,0,0,0,0,0,1753378944
1607,1753378895.22954,-46.4157121735697,-65.5991185992181,0,0,0,0.856019227979263,0.516943982777426,3.5,0,0,0,0,0,1753378944,1753378895.22111,100,100,0,0,0,0,1,0,0,0,0,0,0,1753378944
1608,1753378895.2379,-46.4290851289583,-65.5731983656425,0,0,0,0.856019227979263,0.516943982777426,3.5,0,0,0,0,0,1753378944,1753378895.22957,100,100,0,0,0,0,1,0,0,0,0,0,0,1753378944
1609,1753378895.24587,-46.442458084347,-65.5472781320668,0,0,0,0.856019227979263,0.516943982777426,3.5,0,0,0,0,0,1753378944,1753378895.23794,100,100,0,0,0,0,1,0,0,0,0,0,0,1753378944
1610,1753378895.25433,-46.4558310397357,-65.5213578984911,0,0,0,0.856019227979263,0.516943982777426,3.5,0,0,0,0,0,1753378944,1753378895.2459,100,100,0,0,0,0,1,0,0,0,0,0,0,1753378944
1611,1753378895.26269,-46.4692039951243,-65.4954376649155,0,0,0,0.856019227979263,0.516943982777426,3.5,0,0,0,0,0,1753378944,1753378895.25436,100,100,0,0,0,0,1,0,0,0,0,0,0,1753378944
1612,1753378895.27102,-46.482576950513,-65.4695174313398,0,0,0,0.856019227979263,0.516943982777426,3.5,0,0,0,0,0,1753378944,1753378895.26272,100,100,0,0,0,0,1,0,0,0,0,0,0,1753378944
1613,1753378895.27917,-46.4959499059017,-65.4435971977641,0,0,0,0.856019227979263,0.516943982777426,3.5,0,0,0,0,0,1753378944,1753378895.27105,100,100,0,0,0,0,1,0,0,0,0,0,0,1753378944
1614,1753378895.2876,-46.5093228612903,-65.4176769641885,0,0,0,0.856019227979263,0.516943982777426,3.5,0,0,0,0,0,1753378944,1753378895.2792,100,100,0,0,0,0,1,0,0,0,0,0,0,1753378944
1615,1753378895.29587,-46.522695816679,-65.3917567306128,0,0,0,0.856019227979263,0.516943982777426,3.5,0,0,0,0,0,1753378944,1753378895.28762,100,100,0,0,0,0,1,0,0,0,0,0,0,1753378944
1616,1753378895.30421,-46.5360687720677,-65.3658364970372,0,0,0,0.856019227979263,0.516943982777426,3.5,0,0,0,0,0,1753378944,1753378895.29589,100,100,0,0,0,0,1,0,0,0,0,0,0,1753378944
1617,1753378895.31263,-46.5494417274564,-65.3399162634615,0,0,0,0.856019227979263,0.516943982777426,3.5,0,0,0,0,0,1753378944,1753378895.30424,100,100,0,0,0,0,1,0,0,0,0,0,0,1753378944
1618,1753378895.32094,-46.562814682845,-65.3139960298858,0,0,0,0.856019227979263,0.516943982777426,3.5,0,0,0,0,0,1753378944,1753378895.31266,100,100,0,0,0,0,1,0,0,0,0,0,0,1753378944
1619,1753378895.32931,-46.5761876382337,-65.2880757963102,0,0,0,0.856019227979263,0.516943982777426,3.5,0,0,0,0,0,1753378944,1753378895.32097,100,100,0,0,0,0,1,0,0,0,0,0,0,1753378944
1620,1753378895.33767,-46.5895605936224,-65.2621555627345,0,0,0,0.856019227979263,0.516943982777426,3.5,0,0,0,0,0,1753378944,1753378895.32934,100,100,0,0,0,0,1,0,0,0,0,0,0,1753378944
1621,1753378895.34585,-46.602933549011,-65.2362353291589,0,0,0,0.856019227979263,0.516943982777426,3.5,0,0,0,0,0,1753378944,1753378895.3377,100,100,0,0,0,0,1,0,0,0,0,0,0,1753378944
1622,1753378895.35419,-46.6163065043997,-65.2103150955832,0,0,0,0.856019227979263,0.516943982777426,3.5,0,0,0,0,0,1753378944,1753378895.34588,100,100,0,0,0,0,1,0,0,0,0,0,0,1753378944
1623,1753378895.36247,-46.6296794597884,-65.1843948620075,0,0,0,0.856019227979263,0.516943982777426,3.5,0,0,0,0,0,1753378944,1753378895.35421,100,100,0,0,0,0,1,0,0,0,0,0,0,1753378944
1624,1753378895.37093,-46.643052415177,-65.1584746284319,0,0,0,0.856019227979263,0.516943982777426,3.5,0,0,0,0,0,1753378944,1753378895.3625,100,100,0,0,0,0,1,0,0,0,0,0,0,1753378944
1625,1753378895.37932,-46.6564253705657,-65.1325543948562,0,0,0,0.856019227979263,0.516943982777426,3.5,0,0,0,0,0,1753378944,1753378895.37095,100,100,0,0,0,0,1,0,0,0,0,0,0,1753378944
1626,1753378895.38761,-46.6697983259544,-65.1066341612806,0,0,0,0.856019227979263,0.516943982777426,3.5,0,0,0,0,0,1753378944,1753378895.37935,100,100,0,0,0,0,1,0,0,0,0,0,0,1753378944
1627,1753378895.3961,-46.683171281343,-65.0807139277049,0,0,0,0.856019227979263,0.516943982777426,3.5,0,0,0,0,0,1753378944,1753378895.38764,100,100,0,0,0,0,1,0,0,0,0,0,0,1753378944
1628,1753378895.40447,-46.6965442367317,-65.0547936941292,0,0,0,0.856019227979263,0.516943982777426,3.5,0,0,0,0,0,1753378944,1753378895.39614,100,100,0,0,0,0,1,0,0,0,0,0,0,1753378944
1629,1753378895.41271,-46.7099171921204,-65.0288734605536,0,0,0,0.856019227979263,0.516943982777426,3.5,0,0,0,0,0,1753378944,1753378895.40452,100,100,0,0,0,0,1,0,0,0,0,0,0,1753378944
1630,1753378895.42122,-46.723290147509,-65.0029532269779,0,0,0,0.856019227979263,0.516943982777426,3.5,0,0,0,0,0,1753378944,1753378895.41275,100,100,0,0,0,0,1,0,0,0,0,0,0,1753378944
1631,1753378895.42947,-46.7366631028977,-64.9770329934023,0,0,0,0.856019227979263,0.516943982777426,3.5,0,0,0,0,0,1753378944,1753378895.42127,100,100,0,0,0,0,1,0,0,0,0,0,0,1753378944
1632,1753378895.43766,-46.7500360582864,-64.9511127598266,0,0,0,0.856019227979263,0.516943982777426,3.5,0,0,0,0,0,1753378944,1753378895.4295,100,100,0,0,0,0,1,0,0,0,0,0,0,1753378944
1633,1753378895.44584,-46.763409013675,-64.9251925262509,0,0,0,0.856019227979263,0.516943982777426,3.5,0,0,0,0,0,1753378944,1753378895.4377,100,100,0,0,0,0,1,0,0,0,0,0,0,1753378944
1634,1753378895.45454,-46.7767819690637,-64.8992722926753,0,0,0,0.856019227979263,0.516943982777426,3.5,0,0,0,0,0,1753378944,1753378895.44587,100,100,0,0,0,0,1,0,0,0,0,0,0,1753378944
1635,1753378895.46272,-46.7901549244524,-64.8733520590996,0,0,0,0.856019227979263,0.516943982777426,3.5,0,0,0,0,0,1753378944,1753378895.45459,100,100,0,0,0,0,1,0,0,0,0,0,0,1753378944
1636,1753378895.4712,-46.803527879841,-64.8474318255239,0,0,0,0.856019227979263,0.516943982777426,3.5,0,0,0,0,0,1753378944,1753378895.46277,100,100,0,0,0,0,1,0,0,0,0,0,0,1753378944
1637,1753378895.47959,-46.8169008352297,-64.8215115919483,0,0,0,0.856019227979263,0.516943982777426,3.5,0,0,0,0,0,1753378944,1753378895.47124,100,100,0,0,0,0,1,0,0,0,0,0,0,1753378944
1638,1753378895.4876,-46.8302737906184,-64.7955913583726,0,0,0,0.856019227979263,0.516943982777426,3.5,0,0,0,0,0,1753378944,1753378895.47962,100,100,0,0,0,0,1,0,0,0,0,0,0,1753378944
1639,1753378895.49613,-46.843646746007,-64.769671124797,0,0,0,0.856019227979263,0.516943982777426,3.5,0,0,0,0,0,1753378944,1753378895.48763,100,100,0,0,0,0,1,0,0,0,0,0,0,1753378944
1640,1753378895.5043,-46.8570197013957,-64.7437508912213,0,0,0,0.856019227979263,0.516943982777426,3.5,0,0,0,0,0,1753378944,1753378895.49617,100,100,0,0,0,0,1,0,0,0,0,0,0,1753378944
1641,1753378895.5126,-46.8703926567844,-64.7178306576456,0,0,0,0.856019227979263,0.516943982777426,3.5,0,0,0,0,0,1753378944,1753378895.50433,100,100,0,0,0,0,1,0,0,0,0,0,0,1753378944
1642,1753378895.52112,-46.8837656121731,-64.69191042407,0,0,0,0.856019227979263,0.516943982777426,3.5,0,0,0,0,0,1753378944,1753378895.51263,100,100,0,0,0,0,1,0,0,0,0,0,0,1753378944
1643,1753378895.52943,-46.8971385675617,-64.6659901904943,0,0,0,0.856019227979263,0.516943982777426,3.5,0,0,0,0,0,1753378944,1753378895.52115,100,100,0,0,0,0,1,0,0,0,0,0,0,1753378944
1644,1753378895.53781,-46.9105115229504,-64.6400699569187,0,0,0,0.856019227979263,0.516943982777426,3.5,0,0,0,0,0,1753378944,1753378895.52946,100,100,0,0,0,0,1,0,0,0,0,0,0,1753378944
1645,1753378895.54594,-46.9238844783391,-64.614149723343,0,0,0,0.856019227979263,0.516943982777426,3.5,0,0,0,0,0,1753378944,1753378895.53784,100,100,0,0,0,0,1,0,0,0,0,0,0,1753378944
1646,1753378895.55424,-46.9372574337277,-64.5882294897673,0,0,0,0.856019227979263,0.516943982777426,3.5,0,0,0,0,0,1753378944,1753378895.54597,100,100,0,0,0,0,1,0,0,0,0,0,0,1753378944
1647,1753378895.56262,-46.9506303891164,-64.5623092561917,0,0,0,0.856019227979263,0.516943982777426,3.5,0,0,0,0,0,1753378944,1753378895.55427,100,100,0,0,0,0,1,0,0,0,0,0,0,1753378944
1648,1753378895.57103,-46.9640033445051,-64.536389022616,0,0,0,0.856019227979263,0.516943982777426,3.5,0,0,0,0,0,1753378944,1753378895.56265,100,100,0,0,0,0,1,0,0,0,0,0,0,1753378944
1649,1753378895.57953,-46.9773762998937,-64.5104687890404,0,0,0,0.856019227979263,0.516943982777426,3.5,0,0,0,0,0,1753378944,1753378895.57106,100,100,0,0,0,0,1,0,0,0,0,0,0,1753378944
1650,1753378895.58793,-46.9907492552824,-64.4845485554647,0,0,0,0.856019227979263,0.516943982777426,3.5,0,0,0,0,0,1753378944,1753378895.57958,100,100,0,0,0,0,1,0,0,0,0,0,0,1753378944
1651,1753378895.59609,-47.0041222106711,-64.458628321889,0,0,0,0.856019227979263,0.516943982777426,3.5,0,0,0,0,0,1753378944,1753378895.58797,100,100,0,0,0,0,1,0,0,0,0,0,0,1753378944
1652,1753378895.60451,-47.0174951660597,-64.4327080883134,0,0,0,0.856019227979263,0.516943982777426,3.5,0,0,0,0,0,1753378944,1753378895.59613,100,100,0,0,0,0,1,0,0,0,0,0,0,1753378944
1653,1753378895.61275,-47.0308681214484,-64.4067878547377,0,0,0,0.856019227979263,0.516943982777426,3.5,0,0,0,0,0,1753378944,1753378895.60456,100,100,0,0,0,0,1,0,0,0,0,0,0,1753378944
1654,1753378895.62119,-47.0442410768371,-64.380867621162,0,0,0,0.856019227979263,0.516943982777426,3.5,0,0,0,0,0,1753378944,1753378895.6128,100,100,0,0,0,0,1,0,0,0,0,0,0,1753378944
1655,1753378895.62942,-47.0576140322257,-64.3549473875864,0,0,0,0.856019227979263,0.516943982777426,3.5,0,0,0,0,0,1753378944,1753378895.62123,100,100,0,0,0,0,1,0,0,0,0,0,0,1753378944
1656,1753378895.63793,-47.0709869876144,-64.3290271540107,0,0,0,0.856019227979263,0.516943982777426,3.5,0,0,0,0,0,1753378944,1753378895.62945,100,100,0,0,0,0,1,0,0,0,0,0,0,1753378944
1657,1753378895.64611,-47.0843599430031,-64.3031069204351,0,0,0,0.856019227979263,0.516943982777426,3.5,0,0,0,0,0,1753378944,1753378895.63798,100,100,0,0,0,0,1,0,0,0,0,0,0,1753378944
1658,1753378895.65445,-47.0977328983917,-64.2771866868594,0,0,0,0.856019227979263,0.516943982777426,3.5,0,0,0,0,0,1753378944,1753378895.64615,100,100,0,0,0,0,1,0,0,0,0,0,0,1753378944
1659,1753378895.66288,-47.1111058537804,-64.2512664532837,0,0,0,0.856019227979263,0.516943982777426,3.5,0,0,0,0,0,1753378944,1753378895.6545,100,100,0,0,0,0,1,0,0,0,0,0,0,1753378944
1660,1753378895.6712,-47.1244788091691,-64.2253462197081,0,0,0,0.856019227979263,0.516943982777426,3.5,0,0,0,0,0,1753378944,1753378895.66292,100,100,0,0,0,0,1,0,0,0,0,0,0,1753378944
1661,1753378895.67952,-47.1378517645577,-64.1994259861324,0,0,0,0.856019227979263,0.516943982777426,3.5,0,0,0,0,0,1753378944,1753378895.67124,100,100,0,0,0,0,1,0,0,0,0,0,0,1753378944
1662,1753378895.68789,-47.1512247199464,-64.1735057525568,0,0,0,0.856019227979263,0.516943982777426,3.5,0,0,0,0,0,1753378944,1753378895.67956,100,100,0,0,0,0,1,0,0,0,0,0,0,1753378944
1663,1753378895.6958,-47.1645976753351,-64.1475855189811,0,0,0,0.856019227979263,0.516943982777426,3.5,0,0,0,0,0,1753378944,1753378895.68793,100,100,0,0,0,0,1,0,0,0,0,0,0,1753378944
1664,1753378895.70473,-47.1779706307238,-64.1216652854054,0,0,0,0.856019227979263,0.516943982777426,3.5,0,0,0,0,0,1753378944,1753378895.69582,100,100,0,0,0,0,1,0,0,0,0,0,0,1753378944
1665,1753378895.71249,-47.1913435861124,-64.0957450518298,0,0,0,0.856019227979263,0.516943982777426,3.5,0,0,0,0,0,1753378944,1753378895.70479,100,100,0,0,0,0,1,0,0,0,0,0,0,1753378944
1666,1753378895.72125,-47.2047165415011,-64.0698248182541,0,0,0,0.856019227979263,0.516943982777426,3.5,0,0,0,0,0,1753378944,1753378895.71252,100,100,0,0,0,0,1,0,0,0,0,0,0,1753378944
1667,1753378895.72979,-47.2180894968898,-64.0439045846784,0,0,0,0.856019227979263,0.516943982777426,3.5,0,0,0,0,0,1753378944,1753378895.72131,100,100,0,0,0,0,1,0,0,0,0,0,0,1753378944
1668,1753378895.73788,-47.2314624522784,-64.0179843511028,0,0,0,0.856019227979263,0.516943982777426,3.5,0,0,0,0,0,1753378944,1753378895.72982,100,100,0,0,0,0,1,0,0,0,0,0,0,1753378944
1669,1753378895.74589,-47.2448354076671,-63.9920641175271,0,0,0,0.856019227979263,0.516943982777426,3.5,0,0,0,0,0,1753378944,1753378895.73791,100,100,0,0,0,0,1,0,0,0,0,0,0,1753378944
1670,1753378895.75427,-47.2582083630558,-63.9661438839515,0,0,0,0.856019227979263,0.516943982777426,3.5,0,0,0,0,0,1753378944,1753378895.74591,100,100,0,0,0,0,1,0,0,0,0,0,0,1753378944
1671,1753378895.76242,-47.2715813184444,-63.9402236503758,0,0,0,0.856019227979263,0.516943982777426,3.5,0,0,0,0,0,1753378944,1753378895.75431,100,100,0,0,0,0,1,0,0,0,0,0,0,1753378944
1672,1753378895.77095,-47.2849542738331,-63.9143034168001,0,0,0,0.856019227979263,0.516943982777426,3.5,0,0,0,0,0,1753378944,1753378895.76244,100,100,0,0,0,0,1,0,0,0,0,0,0,1753378944
1673,1753378895.77927,-47.2983272292218,-63.8883831832244,0,0,0,0.856019227979263,0.516943982777426,3.5,0,0,0,0,0,1753378944,1753378895.77098,100,100,0,0,0,0,1,0,0,0,0,0,0,1753378944
1674,1753378895.78782,-47.3117001846104,-63.8624629496488,0,0,0,0.856019227979263,0.516943982777426,3.5,0,0,0,0,0,1753378944,1753378895.7793,100,100,0,0,0,0,1,0,0,0,0,0,0,1753378944
1675,1753378895.79597,-47.3250731399991,-63.8365427160731,0,0,0,0.856019227979263,0.516943982777426,3.5,0,0,0,0,0,1753378944,1753378895.78786,100,100,0,0,0,0,1,0,0,0,0,0,0,1753378944
1676,1753378895.80426,-47.3384460953878,-63.8106224824974,0,0,0,0.856019227979263,0.516943982777426,3.5,0,0,0,0,0,1753378944,1753378895.796,100,100,0,0,0,0,1,0,0,0,0,0,0,1753378944
1677,1753378895.81246,-47.3518190507764,-63.7847022489218,0,0,0,0.856019227979263,0.516943982777426,3.5,0,0,0,0,0,1753378944,1753378895.80429,100,100,0,0,0,0,1,0,0,0,0,0,0,1753378944
1678,1753378895.82096,-47.3651920061651,-63.7587820153461,0,0,0,0.856019227979263,0.516943982777426,3.5,0,0,0,0,0,1753378944,1753378895.8125,100,100,0,0,0,0,1,0,0,0,0,0,0,1753378944
1679,1753378895.82925,-47.3785649615538,-63.7328617817704,0,0,0,0.856019227979263,0.516943982777426,3.5,0,0,0,0,0,1753378944,1753378895.82098,100,100,0,0,0,0,1,0,0,0,0,0,0,1753378944
1680,1753378895.83792,-47.3919379169424,-63.7069415481948,0,0,0,0.856019227979263,0.516943982777426,3.5,0,0,0,0,0,1753378944,1753378895.82927,100,100,0,0,0,0,1,0,0,0,0,0,0,1753378944
1681,1753378895.84589,-47.4053108723311,-63.6810213146191,0,0,0,0.856019227979263,0.516943982777426,3.5,0,0,0,0,0,1753378944,1753378895.83795,100,100,0,0,0,0,1,0,0,0,0,0,0,1753378944
1682,1753378895.85448,-47.4186838277198,-63.6551010810434,0,0,0,0.856019227979263,0.516943982777426,3.5,0,0,0,0,0,1753378944,1753378895.84591,100,100,0,0,0,0,1,0,0,0,0,0,0,1753378944
1683,1753378895.86267,-47.4320567831084,-63.6291808474678,0,0,0,0.856019227979263,0.516943982777426,3.5,0,0,0,0,0,1753378944,1753378895.85453,100,100,0,0,0,0,1,0,0,0,0,0,0,1753378944
1684,1753378895.87121,-47.4454297384971,-63.6032606138921,0,0,0,0.856019227979263,0.516943982777426,3.5,0,0,0,0,0,1753378944,1753378895.86272,100,100,0,0,0,0,1,0,0,0,0,0,0,1753378944
1685,1753378895.87943,-47.4588026938858,-63.5773403803164,0,0,0,0.856019227979263,0.516943982777426,3.5,0,0,0,0,0,1753378944,1753378895.87124,100,100,0,0,0,0,1,0,0,0,0,0,0,1753378944
1686,1753378895.88764,-47.4721756492744,-63.5514201467408,0,0,0,0.856019227979263,0.516943982777426,3.5,0,0,0,0,0,1753378944,1753378895.87946,100,100,0,0,0,0,1,0,0,0,0,0,0,1753378944
1687,1753378895.89583,-47.4855486046631,-63.5254999131651,0,0,0,0.856019227979263,0.516943982777426,3.5,0,0,0,0,0,1753378944,1753378895.88767,100,100,0,0,0,0,1,0,0,0,0,0,0,1753378944
1688,1753378895.90421,-47.4989215600518,-63.4995796795894,0,0,0,0.856019227979263,0.516943982777426,3.5,0,0,0,0,0,1753378944,1753378895.89586,100,100,0,0,0,0,1,0,0,0,0,0,0,1753378944
1689,1753378895.91246,-47.5122945154405,-63.4736594460138,0,0,0,0.856019227979263,0.516943982777426,3.5,0,0,0,0,0,1753378944,1753378895.90423,100,100,0,0,0,0,1,0,0,0,0,0,0,1753378944
1690,1753378895.921,-47.5256674708291,-63.4477392124381,0,0,0,0.856019227979263,0.516943982777426,3.5,0,0,0,0,0,1753378944,1753378895.91249,100,100,0,0,0,0,1,0,0,0,0,0,0,1753378944
1691,1753378895.9293,-47.5390404262178,-63.4218189788624,0,0,0,0.856019227979263,0.516943982777426,3.5,0,0,0,0,0,1753378944,1753378895.92104,100,100,0,0,0,0,1,0,0,0,0,0,0,1753378944
1692,1753378895.93762,-47.5524133816065,-63.3958987452867,0,0,0,0.856019227979263,0.516943982777426,3.5,0,0,0,0,0,1753378944,1753378895.92933,100,100,0,0,0,0,1,0,0,0,0,0,0,1753378944
1693,1753378895.94583,-47.5657863369951,-63.3699785117111,0,0,0,0.856019227979263,0.516943982777426,3.5,0,0,0,0,0,1753378944,1753378895.93765,100,100,0,0,0,0,1,0,0,0,0,0,0,1753378944
1694,1753378895.95426,-47.5791592923838,-63.3440582781354,0,0,0,0.856019227979263,0.516943982777426,3.5,0,0,0,0,0,1753378944,1753378895.94586,100,100,0,0,0,0,1,0,0,0,0,0,0,1753378944
1695,1753378895.96251,-47.5925322477725,-63.3181380445597,0,0,0,0.856019227979263,0.516943982777426,3.5,0,0,0,0,0,1753378944,1753378895.95429,100,100,0,0,0,0,1,0,0,0,0,0,0,1753378944
1696,1753378895.97114,-47.6059052031611,-63.2922178109841,0,0,0,0.856019227979263,0.516943982777426,3.5,0,0,0,0,0,1753378944,1753378895.96253,100,100,0,0,0,0,1,0,0,0,0,0,0,1753378944
1697,1753378895.9796,-47.6192781585498,-63.2662975774084,0,0,0,0.856019227979263,0.516943982777426,3.5,0,0,0,0,0,1753378944,1753378895.97119,100,100,0,0,0,0,1,0,0,0,0,0,0,1753378944
1698,1753378895.98793,-47.6326511139385,-63.2403773438327,0,0,0,0.856019227979263,0.516943982777426,3.5,0,0,0,0,0,1753378944,1753378895.97965,100,100,0,0,0,0,1,0,0,0,0,0,0,1753378944
1699,1753378895.99588,-47.6460240693271,-63.2144571102571,0,0,0,0.856019227979263,0.516943982777426,3.5,0,0,0,0,0,1753378944,1753378895.98798,100,100,0,0,0,0,1,0,0,0,0,0,0,1753378944
1700,1753378896.00462,-47.6593970247158,-63.1885368766814,0,0,0,0.856019227979263,0.516943982777426,3.5,0,0,0,0,0,1753378944,1753378895.99591,100,100,0,0,0,0,1,0,0,0,0,0,0,1753378944
1701,1753378896.01248,-47.6727699801045,-63.1626166431057,0,0,0,0.856019227979263,0.516943982777426,3.5,0,0,0,0,0,1753378944,1753378896.00467,100,100,0,0,0,0,1,0,0,0,0,0,0,1753378944
1702,1753378896.02099,-47.6861429354931,-63.1366964095301,0,0,0,0.856019227979263,0.516943982777426,3.5,0,0,0,0,0,1753378944,1753378896.01251,100,100,0,0,0,0,1,0,0,0,0,0,0,1753378944
1703,1753378896.02937,-47.6995158908818,-63.1107761759544,0,0,0,0.856019227979263,0.516943982777426,3.5,0,0,0,0,0,1753378944,1753378896.02102,100,100,0,0,0,0,1,0,0,0,0,0,0,1753378944
1704,1753378896.03762,-47.7128888462705,-63.0848559423787,0,0,0,0.856019227979263,0.516943982777426,3.5,0,0,0,0,0,1753378944,1753378896.0294,100,100,0,0,0,0,1,0,0,0,0,0,0,1753378944
1705,1753378896.04582,-47.7262618016591,-63.0589357088031,0,0,0,0.856019227979263,0.516943982777426,3.5,0,0,0,0,0,1753378944,1753378896.03765,100,100,0,0,0,0,1,0,0,0,0,0,0,1753378944
1706,1753378896.05421,-47.7396347570478,-63.0330154752274,0,0,0,0.856019227979263,0.516943982777426,3.5,0,0,0,0,0,1753378944,1753378896.04584,100,100,0,0,0,0,1,0,0,0,0,0,0,1753378944
1707,1753378896.06252,-47.7530077124365,-63.0070952416517,0,0,0,0.856019227979263,0.516943982777426,3.5,0,0,0,0,0,1753378944,1753378896.05424,100,100,0,0,0,0,1,0,0,0,0,0,0,1753378944
1708,1753378896.07097,-47.7663806678252,-62.9811750080761,0,0,0,0.856019227979263,0.516943982777426,3.5,0,0,0,0,0,1753378944,1753378896.06254,100,100,0,0,0,0,1,0,0,0,0,0,0,1753378944
1709,1753378896.07923,-47.7797536232138,-62.9552547745004,0,0,0,0.856019227979263,0.516943982777426,3.5,0,0,0,0,0,1753378944,1753378896.07101,100,100,0,0,0,0,1,0,0,0,0,0,0,1753378944
1710,1753378896.08755,-47.7931265786025,-62.9293345409247,0,0,0,0.856019227979263,0.516943982777426,3.5,0,0,0,0,0,1753378944,1753378896.07925,100,100,0,0,0,0,1,0,0,0,0,0,0,1753378944
1711,1753378896.09588,-47.8064995339912,-62.903414307349,0,0,0,0.856019227979263,0.516943982777426,3.5,0,0,0,0,0,1753378944,1753378896.08758,100,100,0,0,0,0,1,0,0,0,0,0,0,1753378944
1712,1753378896.10425,-47.8198724893798,-62.8774940737734,0,0,0,0.856019227979263,0.516943982777426,3.5,0,0,0,0,0,1753378944,1753378896.09591,100,100,0,0,0,0,1,0,0,0,0,0,0,1753378944
1713,1753378896.11246,-47.8332454447685,-62.8515738401977,0,0,0,0.856019227979263,0.516943982777426,3.5,0,0,0,0,0,1753378944,1753378896.10429,100,100,0,0,0,0,1,0,0,0,0,0,0,1753378944
1714,1753378896.12097,-47.8466184001572,-62.825653606622,0,0,0,0.856019227979263,0.516943982777426,3.5,0,0,0,0,0,1753378944,1753378896.11249,100,100,0,0,0,0,1,0,0,0,0,0,0,1753378944
1715,1753378896.1292,-47.8599913555458,-62.7997333730464,0,0,0,0.856019227979263,0.516943982777426,3.5,0,0,0,0,0,1753378944,1753378896.12099,100,100,0,0,0,0,1,0,0,0,0,0,0,1753378944
1716,1753378896.13778,-47.8733643109345,-62.7738131394707,0,0,0,0.856019227979263,0.516943982777426,3.5,0,0,0,0,0,1753378944,1753378896.12922,100,100,0,0,0,0,1,0,0,0,0,0,0,1753378944
1717,1753378896.14583,-47.8867372663232,-62.747892905895,0,0,0,0.856019227979263,0.516943982777426,3.5,0,0,0,0,0,1753378944,1753378896.13782,100,100,0,0,0,0,1,0,0,0,0,0,0,1753378944
1718,1753378896.15437,-47.9001102217118,-62.7219726723194,0,0,0,0.856019227979263,0.516943982777426,3.5,0,0,0,0,0,1753378944,1753378896.14586,100,100,0,0,0,0,1,0,0,0,0,0,0,1753378944
1719,1753378896.16253,-47.9134831771005,-62.6960524387437,0,0,0,0.856019227979263,0.516943982777426,3.5,0,0,0,0,0,1753378944,1753378896.15439,100,100,0,0,0,0,1,0,0,0,0,0,0,1753378944
1720,1753378896.17096,-47.9268561324892,-62.670132205168,0,0,0,0.856019227979263,0.516943982777426,3.5,0,0,0,0,0,1753378944,1753378896.16255,100,100,0,0,0,0,1,0,0,0,0,0,0,1753378944
1721,1753378896.17938,-47.9402290878778,-62.6442119715924,0,0,0,0.856019227979263,0.516943982777426,3.5,0,0,0,0,0,1753378944,1753378896.17099,100,100,0,0,0,0,1,0,0,0,0,0,0,1753378944
1722,1753378896.18763,-47.9536020432665,-62.6182917380167,0,0,0,0.856019227979263,0.516943982777426,3.5,0,0,0,0,0,1753378944,1753378896.17941,100,100,0,0,0,0,1,0,0,0,0,0,0,1753378944
1723,1753378896.19587,-47.9669749986552,-62.592371504441,0,0,0,0.856019227979263,0.516943982777426,3.5,0,0,0,0,0,1753378944,1753378896.18766,100,100,0,0,0,0,1,0,0,0,0,0,0,1753378944
1724,1753378896.20419,-47.9803479540438,-62.5664512708654,0,0,0,0.856019227979263,0.516943982777426,3.5,0,0,0,0,0,1753378944,1753378896.1959,100,100,0,0,0,0,1,0,0,0,0,0,0,1753378944
1725,1753378896.2125,-47.9937209094325,-62.5405310372897,0,0,0,0.856019227979263,0.516943982777426,3.5,0,0,0,0,0,1753378944,1753378896.20422,100,100,0,0,0,0,1,0,0,0,0,0,0,1753378944
1726,1753378896.22092,-48.0070938648212,-62.514610803714,0,0,0,0.856019227979263,0.516943982777426,3.5,0,0,0,0,0,1753378944,1753378896.21253,100,100,0,0,0,0,1,0,0,0,0,0,0,1753378944
1727,1753378896.22936,-48.0204668202098,-62.4886905701384,0,0,0,0.856019227979263,0.516943982777426,3.5,0,0,0,0,0,1753378944,1753378896.22094,100,100,0,0,0,0,1,0,0,0,0,0,0,1753378944
1728,1753378896.23763,-48.0338397755985,-62.4627703365627,0,0,0,0.856019227979263,0.516943982777426,3.5,0,0,0,0,0,1753378944,1753378896.22938,100,100,0,0,0,0,1,0,0,0,0,0,0,1753378944
1729,1753378896.2459,-48.0472127309872,-62.436850102987,0,0,0,0.856019227979263,0.516943982777426,3.5,0,0,0,0,0,1753378944,1753378896.23766,100,100,0,0,0,0,1,0,0,0,0,0,0,1753378944
1730,1753378896.25422,-48.0605856863758,-62.4109298694114,0,0,0,0.856019227979263,0.516943982777426,3.5,0,0,0,0,0,1753378944,1753378896.24593,100,100,0,0,0,0,1,0,0,0,0,0,0,1753378944
1731,1753378896.26263,-48.0739586417645,-62.3850096358357,0,0,0,0.856019227979263,0.516943982777426,3.5,0,0,0,0,0,1753378944,1753378896.25425,100,100,0,0,0,0,1,0,0,0,0,0,0,1753378944
1732,1753378896.27092,-48.0873315971532,-62.35908940226,0,0,0,0.856019227979263,0.516943982777426,3.5,0,0,0,0,0,1753378944,1753378896.26268,100,100,0,0,0,0,1,0,0,0,0,0,0,1753378944
1733,1753378896.27935,-48.1007045525419,-62.3331691686843,0,0,0,0.856019227979263,0.516943982777426,3.5,0,0,0,0,0,1753378944,1753378896.27094,100,100,0,0,0,0,1,0,0,0,0,0,0,1753378944
1734,1753378896.28766,-48.1140775079305,-62.3072489351087,0,0,0,0.856019227979263,0.516943982777426,3.5,0,0,0,0,0,1753378944,1753378896.27938,100,100,0,0,0,0,1,0,0,0,0,0,0,1753378944
1735,1753378896.29588,-48.1274504633192,-62.281328701533,0,0,0,0.856019227979263,0.516943982777426,3.5,0,0,0,0,0,1753378944,1753378896.28769,100,100,0,0,0,0,1,0,0,0,0,0,0,1753378944
1736,1753378896.30457,-48.1408234187079,-62.2554084679573,0,0,0,0.856019227979263,0.516943982777426,3.5,0,0,0,0,0,1753378944,1753378896.2959,100,100,0,0,0,0,1,0,0,0,0,0,0,1753378944
1737,1753378896.31269,-48.1541963740965,-62.2294882343817,0,0,0,0.856019227979263,0.516943982777426,3.5,0,0,0,0,0,1753378944,1753378896.30462,100,100,0,0,0,0,1,0,0,0,0,0,0,1753378944
1738,1753378896.32135,-48.1675693294852,-62.203568000806,0,0,0,0.856019227979263,0.516943982777426,3.5,0,0,0,0,0,1753378944,1753378896.31273,100,100,0,0,0,0,1,0,0,0,0,0,0,1753378944
1739,1753378896.32926,-48.1809422848739,-62.1776477672303,0,0,0,0.856019227979263,0.516943982777426,3.5,0,0,0,0,0,1753378944,1753378896.32138,100,100,0,0,0,0,1,0,0,0,0,0,0,1753378944
1740,1753378896.33772,-48.1943152402625,-62.1517275336547,0,0,0,0.856019227979263,0.516943982777426,3.5,0,0,0,0,0,1753378944,1753378896.3293,100,100,0,0,0,0,1,0,0,0,0,0,0,1753378944
1741,1753378896.34647,-48.2076881956512,-62.125807300079,0,0,0,0.856019227979263,0.516943982777426,3.5,0,0,0,0,0,1753378944,1753378896.33775,100,100,0,0,0,0,1,0,0,0,0,0,0,1753378944
1742,1753378896.35454,-48.2210611510399,-62.0998870665033,0,0,0,0.856019227979263,0.516943982777426,3.5,0,0,0,0,0,1753378944,1753378896.34651,100,100,0,0,0,0,1,0,0,0,0,0,0,1753378944
1743,1753378896.36247,-48.2344341064285,-62.0739668329277,0,0,0,0.856019227979263,0.516943982777426,3.5,0,0,0,0,0,1753378944,1753378896.35456,100,100,0,0,0,0,1,0,0,0,0,0,0,1753378944
1744,1753378896.37095,-48.2478070618172,-62.048046599352,0,0,0,0.856019227979263,0.516943982777426,3.5,0,0,0,0,0,1753378944,1753378896.3625,100,100,0,0,0,0,1,0,0,0,0,0,0,1753378944
1745,1753378896.37931,-48.2611800172059,-62.0221263657763,0,0,0,0.856019227979263,0.516943982777426,3.5,0,0,0,0,0,1753378944,1753378896.37097,100,100,0,0,0,0,1,0,0,0,0,0,0,1753378944
1746,1753378896.38793,-48.2745529725945,-61.9962061322007,0,0,0,0.856019227979263,0.516943982777426,3.5,0,0,0,0,0,1753378944,1753378896.37934,100,100,0,0,0,0,1,0,0,0,0,0,0,1753378944
1747,1753378896.39583,-48.2879259279832,-61.970285898625,0,0,0,0.856019227979263,0.516943982777426,3.5,0,0,0,0,0,1753378944,1753378896.38798,100,100,0,0,0,0,1,0,0,0,0,0,0,1753378944
1748,1753378896.40449,-48.3012988833719,-61.9443656650493,0,0,0,0.856019227979263,0.516943982777426,3.5,0,0,0,0,0,1753378944,1753378896.39586,100,100,0,0,0,0,1,0,0,0,0,0,0,1753378944
1749,1753378896.41271,-48.3146718387605,-61.9184454314737,0,0,0,0.856019227979263,0.516943982777426,3.5,0,0,0,0,0,1753378944,1753378896.40454,100,100,0,0,0,0,1,0,0,0,0,0,0,1753378944
1750,1753378896.421,-48.3280447941492,-61.892525197898,0,0,0,0.856019227979263,0.516943982777426,3.5,0,0,0,0,0,1753378944,1753378896.41274,100,100,0,0,0,0,1,0,0,0,0,0,0,1753378944
1751,1753378896.42957,-48.3414177495379,-61.8666049643223,0,0,0,0.856019227979263,0.516943982777426,3.5,0,0,0,0,0,1753378944,1753378896.42103,100,100,0,0,0,0,1,0,0,0,0,0,0,1753378944
1752,1753378896.43804,-48.3547907049266,-61.8406847307467,0,0,0,0.856019227979263,0.516943982777426,3.5,0,0,0,0,0,1753378944,1753378896.42961,100,100,0,0,0,0,1,0,0,0,0,0,0,1753378944
1753,1753378896.44612,-48.3681636603152,-61.814764497171,0,0,0,0.856019227979263,0.516943982777426,3.5,0,0,0,0,0,1753378944,1753378896.43809,100,100,0,0,0,0,1,0,0,0,0,0,0,1753378944
1754,1753378896.45439,-48.3815366157039,-61.7888442635953,0,0,0,0.856019227979263,0.516943982777426,3.5,0,0,0,0,0,1753378944,1753378896.44619,100,100,0,0,0,0,1,0,0,0,0,0,0,1753378944
1755,1753378896.46261,-48.3949095710925,-61.7629240300196,0,0,0,0.856019227979263,0.516943982777426,3.5,0,0,0,0,0,1753378944,1753378896.45441,100,100,0,0,0,0,1,0,0,0,0,0,0,1753378944
1756,1753378896.47107,-48.4082825264812,-61.737003796444,0,0,0,0.856019227979263,0.516943982777426,3.5,0,0,0,0,0,1753378944,1753378896.46263,100,100,0,0,0,0,1,0,0,0,0,0,0,1753378944
1757,1753378896.47943,-48.4216554818699,-61.7110835628683,0,0,0,0.856019227979263,0.516943982777426,3.5,0,0,0,0,0,1753378944,1753378896.4711,100,100,0,0,0,0,1,0,0,0,0,0,0,1753378944
1758,1753378896.48797,-48.4350284372586,-61.6851633292926,0,0,0,0.856019227979263,0.516943982777426,3.5,0,0,0,0,0,1753378944,1753378896.47946,100,100,0,0,0,0,1,0,0,0,0,0,0,1753378944
1759,1753378896.49591,-48.4484013926472,-61.659243095717,0,0,0,0.856019227979263,0.516943982777426,3.5,0,0,0,0,0,1753378944,1753378896.48801,100,100,0,0,0,0,1,0,0,0,0,0,0,1753378944
1760,1753378896.50453,-48.4617743480359,-61.6333228621413,0,0,0,0.856019227979263,0.516943982777426,3.5,0,0,0,0,0,1753378944,1753378896.49594,100,100,0,0,0,0,1,0,0,0,0,0,0,1753378944
1761,1753378896.51269,-48.4751473034246,-61.6074026285656,0,0,0,0.856019227979263,0.516943982777426,3.5,0,0,0,0,0,1753378944,1753378896.50458,100,100,0,0,0,0,1,0,0,0,0,0,0,1753378944
1762,1753378896.52131,-48.4885202588132,-61.58148239499,0,0,0,0.856019227979263,0.516943982777426,3.5,0,0,0,0,0,1753378944,1753378896.51271,100,100,0,0,0,0,1,0,0,0,0,0,0,1753378944
1763,1753378896.52939,-48.5018932142019,-61.5555621614143,0,0,0,0.856019227979263,0.516943982777426,3.5,0,0,0,0,0,1753378944,1753378896.52135,100,100,0,0,0,0,1,0,0,0,0,0,0,1753378944
1764,1753378896.53761,-48.5152661695906,-61.5296419278386,0,0,0,0.856019227979263,0.516943982777426,3.5,0,0,0,0,0,1753378944,1753378896.52943,100,100,0,0,0,0,1,0,0,0,0,0,0,1753378944
1765,1753378896.546,-48.5286391249792,-61.503721694263,0,0,0,0.856019227979263,0.516943982777426,3.5,0,0,0,0,0,1753378944,1753378896.53764,100,100,0,0,0,0,1,0,0,0,0,0,0,1753378944
1766,1753378896.55451,-48.5420120803679,-61.4778014606873,0,0,0,0.856019227979263,0.516943982777426,3.5,0,0,0,0,0,1753378944,1753378896.54603,100,100,0,0,0,0,1,0,0,0,0,0,0,1753378944
1767,1753378896.56265,-48.5553850357566,-61.4518812271116,0,0,0,0.856019227979263,0.516943982777426,3.5,0,0,0,0,0,1753378944,1753378896.55456,100,100,0,0,0,0,1,0,0,0,0,0,0,1753378944
1768,1753378896.57097,-48.5687579911452,-61.425960993536,0,0,0,0.856019227979263,0.516943982777426,3.5,0,0,0,0,0,1753378944,1753378896.56268,100,100,0,0,0,0,1,0,0,0,0,0,0,1753378944
1769,1753378896.57931,-48.5821309465339,-61.4000407599603,0,0,0,0.856019227979263,0.516943982777426,3.5,0,0,0,0,0,1753378944,1753378896.571,100,100,0,0,0,0,1,0,0,0,0,0,0,1753378944
1770,1753378896.58761,-48.5955039019226,-61.3741205263846,0,0,0,0.856019227979263,0.516943982777426,3.5,0,0,0,0,0,1753378944,1753378896.57933,100,100,0,0,0,0,1,0,0,0,0,0,0,1753378944
1771,1753378896.5959,-48.6088768573112,-61.3482002928089,0,0,0,0.856019227979263,0.516943982777426,3.5,0,0,0,0,0,1753378944,1753378896.58763,100,100,0,0,0,0,1,0,0,0,0,0,0,1753378944
1772,1753378896.60453,-48.6222498126999,-61.3222800592333,0,0,0,0.856019227979263,0.516943982777426,3.5,0,0,0,0,0,1753378944,1753378896.59593,100,100,0,0,0,0,1,0,0,0,0,0,0,1753378944
1773,1753378896.61297,-48.6356227680886,-61.2963598256576,0,0,0,0.856019227979263,0.516943982777426,3.5,0,0,0,0,0,1753378944,1753378896.60457,100,100,0,0,0,0,1,0,0,0,0,0,0,1753378944
1774,1753378896.62136,-48.6489957234772,-61.2704395920819,0,0,0,0.856019227979263,0.516943982777426,3.5,0,0,0,0,0,1753378944,1753378896.61301,100,100,0,0,0,0,1,0,0,0,0,0,0,1753378944
1775,1753378896.62945,-48.6623686788659,-61.2445193585063,0,0,0,0.856019227979263,0.516943982777426,3.5,0,0,0,0,0,1753378944,1753378896.6214,100,100,0,0,0,0,1,0,0,0,0,0,0,1753378944
1776,1753378896.63763,-48.6757416342546,-61.2185991249306,0,0,0,0.856019227979263,0.516943982777426,3.5,0,0,0,0,0,1753378944,1753378896.6295,100,100,0,0,0,0,1,0,0,0,0,0,0,1753378944
1777,1753378896.64587,-48.6891145896433,-61.1926788913549,0,0,0,0.856019227979263,0.516943982777426,3.5,0,0,0,0,0,1753378944,1753378896.63766,100,100,0,0,0,0,1,0,0,0,0,0,0,1753378944
1778,1753378896.65443,-48.7024875450319,-61.1667586577793,0,0,0,0.856019227979263,0.516943982777426,3.5,0,0,0,0,0,1753378944,1753378896.6459,100,100,0,0,0,0,1,0,0,0,0,0,0,1753378944
1779,1753378896.66265,-48.7158605004206,-61.1408384242036,0,0,0,0.856019227979263,0.516943982777426,3.5,0,0,0,0,0,1753378944,1753378896.65446,100,100,0,0,0,0,1,0,0,0,0,0,0,1753378944
1780,1753378896.6713,-48.7292334558093,-61.1149181906279,0,0,0,0.856019227979263,0.516943982777426,3.5,0,0,0,0,0,1753378944,1753378896.66267,100,100,0,0,0,0,1,0,0,0,0,0,0,1753378944
1781,1753378896.67956,-48.7426064111979,-61.0889979570523,0,0,0,0.856019227979263,0.516943982777426,3.5,0,0,0,0,0,1753378944,1753378896.67136,100,100,0,0,0,0,1,0,0,0,0,0,0,1753378944
1782,1753378896.68809,-48.7559793665866,-61.0630777234766,0,0,0,0.856019227979263,0.516943982777426,3.5,0,0,0,0,0,1753378944,1753378896.6796,100,100,0,0,0,0,1,0,0,0,0,0,0,1753378944
1783,1753378896.69611,-48.7693523219753,-61.0371574899009,0,0,0,0.856019227979263,0.516943982777426,3.5,0,0,0,0,0,1753378944,1753378896.68814,100,100,0,0,0,0,1,0,0,0,0,0,0,1753378944
1784,1753378896.70454,-48.7827252773639,-61.0112372563253,0,0,0,0.856019227979263,0.516943982777426,3.5,0,0,0,0,0,1753378944,1753378896.69615,100,100,0,0,0,0,1,0,0,0,0,0,0,1753378944
1785,1753378896.71292,-48.7960982327526,-60.9853170227496,0,0,0,0.856019227979263,0.516943982777426,3.5,0,0,0,0,0,1753378944,1753378896.70459,100,100,0,0,0,0,1,0,0,0,0,0,0,1753378944
1786,1753378896.72103,-48.8094711881413,-60.9593967891739,0,0,0,0.856019227979263,0.516943982777426,3.5,0,0,0,0,0,1753378944,1753378896.71294,100,100,0,0,0,0,1,0,0,0,0,0,0,1753378944
1787,1753378896.72967,-48.8228441435299,-60.9334765555983,0,0,0,0.856019227979263,0.516943982777426,3.5,0,0,0,0,0,1753378944,1753378896.72107,100,100,0,0,0,0,1,0,0,0,0,0,0,1753378944
1788,1753378896.7379,-48.8362170989186,-60.9075563220226,0,0,0,0.856019227979263,0.516943982777426,3.5,0,0,0,0,0,1753378944,1753378896.72972,100,100,0,0,0,0,1,0,0,0,0,0,0,1753378944
1789,1753378896.74589,-48.8495900543073,-60.8816360884469,0,0,0,0.856019227979263,0.516943982777426,3.5,0,0,0,0,0,1753378944,1753378896.73795,100,100,0,0,0,0,1,0,0,0,0,0,0,1753378944
1790,1753378896.75445,-48.8629630096959,-60.8557158548713,0,0,0,0.856019227979263,0.516943982777426,3.5,0,0,0,0,0,1753378944,1753378896.74592,100,100,0,0,0,0,1,0,0,0,0,0,0,1753378944
1791,1753378896.76255,-48.8763359650846,-60.8297956212956,0,0,0,0.856019227979263,0.516943982777426,3.5,0,0,0,0,0,1753378944,1753378896.75447,100,100,0,0,0,0,1,0,0,0,0,0,0,1753378944
1792,1753378896.7711,-48.8897089204733,-60.8038753877199,0,0,0,0.856019227979263,0.516943982777426,3.5,0,0,0,0,0,1753378944,1753378896.76258,100,100,0,0,0,0,1,0,0,0,0,0,0,1753378944
1793,1753378896.77928,-48.9030818758619,-60.7779551541442,0,0,0,0.856019227979263,0.516943982777426,3.5,0,0,0,0,0,1753378944,1753378896.77113,100,100,0,0,0,0,1,0,0,0,0,0,0,1753378944
1794,1753378896.78775,-48.9164548312506,-60.7520349205686,0,0,0,0.856019227979263,0.516943982777426,3.5,0,0,0,0,0,1753378944,1753378896.77931,100,100,0,0,0,0,1,0,0,0,0,0,0,1753378944
1795,1753378896.79597,-48.9298277866393,-60.7261146869929,0,0,0,0.856019227979263,0.516943982777426,3.5,0,0,0,0,0,1753378944,1753378896.78778,100,100,0,0,0,0,1,0,0,0,0,0,0,1753378944
1796,1753378896.80464,-48.9432007420279,-60.7001944534172,0,0,0,0.856019227979263,0.516943982777426,3.5,0,0,0,0,0,1753378944,1753378896.796,100,100,0,0,0,0,1,0,0,0,0,0,0,1753378944
1797,1753378896.8127,-48.9565736974166,-60.6742742198416,0,0,0,0.856019227979263,0.516943982777426,3.5,0,0,0,0,0,1753378944,1753378896.80469,100,100,0,0,0,0,1,0,0,0,0,0,0,1753378944
1798,1753378896.82108,-48.9699466528053,-60.6483539862659,0,0,0,0.856019227979263,0.516943982777426,3.5,0,0,0,0,0,1753378944,1753378896.81274,100,100,0,0,0,0,1,0,0,0,0,0,0,1753378944
1799,1753378896.82932,-48.9833196081939,-60.6224337526902,0,0,0,0.856019227979263,0.516943982777426,3.5,0,0,0,0,0,1753378944,1753378896.82112,100,100,0,0,0,0,1,0,0,0,0,0,0,1753378944
1800,1753378896.83771,-48.9966925635826,-60.5965135191146,0,0,0,0.856019227979263,0.516943982777426,3.5,0,0,0,0,0,1753378944,1753378896.82935,100,100,0,0,0,0,1,0,0,0,0,0,0,1753378944
1801,1753378896.84582,-49.0100655189713,-60.5705932855389,0,0,0,0.856019227979263,0.516943982777426,3.5,0,0,0,0,0,1753378944,1753378896.83774,100,100,0,0,0,0,1,0,0,0,0,0,0,1753378944
1802,1753378896.85432,-49.02343847436,-60.5446730519632,0,0,0,0.856019227979263,0.516943982777426,3.5,0,0,0,0,0,1753378944,1753378896.84584,100,100,0,0,0,0,1,0,0,0,0,0,0,1753378944
1803,1753378896.86304,-49.0368114297486,-60.5187528183876,0,0,0,0.856019227979263,0.516943982777426,3.5,0,0,0,0,0,1753378944,1753378896.85435,100,100,0,0,0,0,1,0,0,0,0,0,0,1753378944
1804,1753378896.87124,-49.0501843851373,-60.4928325848119,0,0,0,0.856019227979263,0.516943982777426,3.5,0,0,0,0,0,1753378944,1753378896.86308,100,100,0,0,0,0,1,0,0,0,0,0,0,1753378944
1805,1753378896.87955,-49.063557340526,-60.4669123512362,0,0,0,0.856019227979263,0.516943982777426,3.5,0,0,0,0,0,1753378944,1753378896.8713,100,100,0,0,0,0,1,0,0,0,0,0,0,1753378944
1806,1753378896.88792,-49.0769302959146,-60.4409921176606,0,0,0,0.856019227979263,0.516943982777426,3.5,0,0,0,0,0,1753378944,1753378896.8796,100,100,0,0,0,0,1,0,0,0,0,0,0,1753378944
1807,1753378896.8962,-49.0903032513033,-60.4150718840849,0,0,0,0.856019227979263,0.516943982777426,3.5,0,0,0,0,0,1753378944,1753378896.88795,100,100,0,0,0,0,1,0,0,0,0,0,0,1753378944
1808,1753378896.90424,-49.103676206692,-60.3891516505092,0,0,0,0.856019227979263,0.516943982777426,3.5,0,0,0,0,0,1753378944,1753378896.89624,100,100,0,0,0,0,1,0,0,0,0,0,0,1753378944
1809,1753378896.91253,-49.1170491620806,-60.3632314169336,0,0,0,0.856019227979263,0.516943982777426,3.5,0,0,0,0,0,1753378944,1753378896.90428,100,100,0,0,0,0,1,0,0,0,0,0,0,1753378944
1810,1753378896.92099,-49.1304221174693,-60.3373111833579,0,0,0,0.856019227979263,0.516943982777426,3.5,0,0,0,0,0,1753378944,1753378896.91256,100,100,0,0,0,0,1,0,0,0,0,0,0,1753378944
1811,1753378896.92958,-49.143795072858,-60.3113909497822,0,0,0,0.856019227979263,0.516943982777426,3.5,0,0,0,0,0,1753378944,1753378896.92102,100,100,0,0,0,0,1,0,0,0,0,0,0,1753378944
1812,1753378896.93769,-49.1571680282466,-60.2854707162066,0,0,0,0.856019227979263,0.516943982777426,3.5,0,0,0,0,0,1753378944,1753378896.92962,100,100,0,0,0,0,1,0,0,0,0,0,0,1753378944
1813,1753378896.94584,-49.1705409836353,-60.2595504826309,0,0,0,0.856019227979263,0.516943982777426,3.5,0,0,0,0,0,1753378944,1753378896.93772,100,100,0,0,0,0,1,0,0,0,0,0,0,1753378944
1814,1753378896.95458,-49.183913939024,-60.2336302490552,0,0,0,0.856019227979263,0.516943982777426,3.5,0,0,0,0,0,1753378944,1753378896.94586,100,100,0,0,0,0,1,0,0,0,0,0,0,1753378944
1815,1753378896.96293,-49.1972868944126,-60.2077100154795,0,0,0,0.856019227979263,0.516943982777426,3.5,0,0,0,0,0,1753378944,1753378896.95462,100,100,0,0,0,0,1,0,0,0,0,0,0,1753378944
1816,1753378896.97096,-49.2106598498013,-60.1817897819039,0,0,0,0.856019227979263,0.516943982777426,3.5,0,0,0,0,0,1753378944,1753378896.96296,100,100,0,0,0,0,1,0,0,0,0,0,0,1753378944
1817,1753378896.97963,-49.22403280519,-60.1558695483282,0,0,0,0.856019227979263,0.516943982777426,3.5,0,0,0,0,0,1753378944,1753378896.971,100,100,0,0,0,0,1,0,0,0,0,0,0,1753378944
1818,1753378896.98793,-49.2374057605786,-60.1299493147525,0,0,0,0.856019227979263,0.516943982777426,3.5,0,0,0,0,0,1753378944,1753378896.97967,100,100,0,0,0,0,1,0,0,0,0,0,0,1753378944
1819,1753378896.99638,-49.2507787159673,-60.1040290811769,0,0,0,0.856019227979263,0.516943982777426,3.5,0,0,0,0,0,1753378944,1753378896.98796,100,100,0,0,0,0,1,0,0,0,0,0,0,1753378944
1820,1753378897.00454,-49.264151671356,-60.0781088476012,0,0,0,0.856019227979263,0.516943982777426,3.5,0,0,0,0,0,1753378944,1753378896.99644,100,100,0,0,0,0,1,0,0,0,0,0,0,1753378944
1821,1753378897.01246,-49.2775246267446,-60.0521886140255,0,0,0,0.856019227979263,0.516943982777426,3.5,0,0,0,0,0,1753378944,1753378897.00457,100,100,0,0,0,0,1,0,0,0,0,0,0,1753378944
1822,1753378897.02114,-49.2908975821333,-60.0262683804499,0,0,0,0.856019227979263,0.516943982777426,3.5,0,0,0,0,0,1753378944,1753378897.01249,100,100,0,0,0,0,1,0,0,0,0,0,0,1753378944
1823,1753378897.02931,-49.304270537522,-60.0003481468742,0,0,0,0.856019227979263,0.516943982777426,3.5,0,0,0,0,0,1753378944,1753378897.02117,100,100,0,0,0,0,1,0,0,0,0,0,0,1753378944
1824,1753378897.03753,-49.3176434929107,-59.9744279132985,0,0,0,0.856019227979263,0.516943982777426,3.5,0,0,0,0,0,1753378944,1753378897.02934,100,100,0,0,0,0,1,0,0,0,0,0,0,1753378944
1825,1753378897.04583,-49.3310164482993,-59.9485076797229,0,0,0,0.856019227979263,0.516943982777426,3.5,0,0,0,0,0,1753378944,1753378897.03756,100,100,0,0,0,0,1,0,0,0,0,0,0,1753378944
1826,1753378897.05448,-49.344389403688,-59.9225874461472,0,0,0,0.856019227979263,0.516943982777426,3.5,0,0,0,0,0,1753378944,1753378897.04586,100,100,0,0,0,0,1,0,0,0,0,0,0,1753378944
1827,1753378897.0627,-49.3577623590767,-59.8966672125715,0,0,0,0.856019227979263,0.516943982777426,3.5,0,0,0,0,0,1753378944,1753378897.05452,100,100,0,0,0,0,1,0,0,0,0,0,0,1753378944
1828,1753378897.07121,-49.3711353144653,-59.8707469789959,0,0,0,0.856019227979263,0.516943982777426,3.5,0,0,0,0,0,1753378944,1753378897.06274,100,100,0,0,0,0,1,0,0,0,0,0,0,1753378944
1829,1753378897.07955,-49.384508269854,-59.8448267454202,0,0,0,0.856019227979263,0.516943982777426,3.5,0,0,0,0,0,1753378944,1753378897.07126,100,100,0,0,0,0,1,0,0,0,0,0,0,1753378944
1830,1753378897.08784,-49.3978812252427,-59.8189065118445,0,0,0,0.856019227979263,0.516943982777426,3.5,0,0,0,0,0,1753378944,1753378897.0796,100,100,0,0,0,0,1,0,0,0,0,0,0,1753378944
1831,1753378897.09585,-49.4112541806313,-59.7929862782689,0,0,0,0.856019227979263,0.516943982777426,3.5,0,0,0,0,0,1753378944,1753378897.08788,100,100,0,0,0,0,1,0,0,0,0,0,0,1753378944
1832,1753378897.10432,-49.42462713602,-59.7670660446932,0,0,0,0.856019227979263,0.516943982777426,3.5,0,0,0,0,0,1753378944,1753378897.09588,100,100,0,0,0,0,1,0,0,0,0,0,0,1753378944
1833,1753378897.11249,-49.4380000914087,-59.7411458111175,0,0,0,0.856019227979263,0.516943982777426,3.5,0,0,0,0,0,1753378944,1753378897.10435,100,100,0,0,0,0,1,0,0,0,0,0,0,1753378944
1834,1753378897.1215,-49.4513730467973,-59.7152255775418,0,0,0,0.856019227979263,0.516943982777426,3.5,0,0,0,0,0,1753378944,1753378897.11252,100,100,0,0,0,0,1,0,0,0,0,0,0,1753378944
1835,1753378897.12982,-49.464746002186,-59.6893053439662,0,0,0,0.856019227979263,0.516943982777426,3.5,0,0,0,0,0,1753378944,1753378897.12153,100,100,0,0,0,0,1,0,0,0,0,0,0,1753378944
1836,1753378897.13782,-49.4781189575747,-59.6633851103905,0,0,0,0.856019227979263,0.516943982777426,3.5,0,0,0,0,0,1753378944,1753378897.12988,100,100,0,0,0,0,1,0,0,0,0,0,0,1753378944
1837,1753378897.14592,-49.4914919129633,-59.6374648768148,0,0,0,0.856019227979263,0.516943982777426,3.5,0,0,0,0,0,1753378944,1753378897.13785,100,100,0,0,0,0,1,0,0,0,0,0,0,1753378944
1838,1753378897.15417,-49.504864868352,-59.6115446432392,0,0,0,0.856019227979263,0.516943982777426,3.5,0,0,0,0,0,1753378944,1753378897.14595,100,100,0,0,0,0,1,0,0,0,0,0,0,1753378944
1839,1753378897.16249,-49.5182378237407,-59.5856244096635,0,0,0,0.856019227979263,0.516943982777426,3.5,0,0,0,0,0,1753378944,1753378897.15419,100,100,0,0,0,0,1,0,0,0,0,0,0,1753378944
1840,1753378897.17109,-49.5316107791293,-59.5597041760878,0,0,0,0.856019227979263,0.516943982777426,3.5,0,0,0,0,0,1753378944,1753378897.16252,100,100,0,0,0,0,1,0,0,0,0,0,0,1753378944
1841,1753378897.17915,-49.544983734518,-59.5337839425122,0,0,0,0.856019227979263,0.516943982777426,3.5,0,0,0,0,0,1753378944,1753378897.17112,100,100,0,0,0,0,1,0,0,0,0,0,0,1753378944
1842,1753378897.18771,-49.5583566899067,-59.5078637089365,0,0,0,0.856019227979263,0.516943982777426,3.5,0,0,0,0,0,1753378944,1753378897.17917,100,100,0,0,0,0,1,0,0,0,0,0,0,1753378944
1843,1753378897.1959,-49.5717296452953,-59.4819434753608,0,0,0,0.856019227979263,0.516943982777426,3.5,0,0,0,0,0,1753378944,1753378897.18774,100,100,0,0,0,0,1,0,0,0,0,0,0,1753378944
1844,1753378897.20426,-49.585102600684,-59.4560232417852,0,0,0,0.856019227979263,0.516943982777426,3.5,0,0,0,0,0,1753378944,1753378897.19592,100,100,0,0,0,0,1,0,0,0,0,0,0,1753378944
1845,1753378897.21302,-49.5984755560727,-59.4301030082095,0,0,0,0.856019227979263,0.516943982777426,3.5,0,0,0,0,0,1753378944,1753378897.2043,100,100,0,0,0,0,1,0,0,0,0,0,0,1753378944
1846,1753378897.22111,-49.6118485114613,-59.4041827746338,0,0,0,0.856019227979263,0.516943982777426,3.5,0,0,0,0,0,1753378944,1753378897.21305,100,100,0,0,0,0,1,0,0,0,0,0,0,1753378944
1847,1753378897.22949,-49.62522146685,-59.3782625410582,0,0,0,0.856019227979263,0.516943982777426,3.5,0,0,0,0,0,1753378944,1753378897.22114,100,100,0,0,0,0,1,0,0,0,0,0,0,1753378944
1848,1753378897.23794,-49.6385944222387,-59.3523423074825,0,0,0,0.856019227979263,0.516943982777426,3.5,0,0,0,0,0,1753378944,1753378897.22954,100,100,0,0,0,0,1,0,0,0,0,0,0,1753378944
1849,1753378897.24585,-49.6519673776274,-59.3264220739068,0,0,0,0.856019227979263,0.516943982777426,3.5,0,0,0,0,0,1753378944,1753378897.23798,100,100,0,0,0,0,1,0,0,0,0,0,0,1753378944
1850,1753378897.25421,-49.665340333016,-59.3005018403312,0,0,0,0.856019227979263,0.516943982777426,3.5,0,0,0,0,0,1753378944,1753378897.24588,100,100,0,0,0,0,1,0,0,0,0,0,0,1753378944
1851,1753378897.26281,-49.6787132884047,-59.2745816067555,0,0,0,0.856019227979263,0.516943982777426,3.5,0,0,0,0,0,1753378944,1753378897.25424,100,100,0,0,0,0,1,0,0,0,0,0,0,1753378944
1852,1753378897.27118,-49.6920862437934,-59.2486613731798,0,0,0,0.856019227979263,0.516943982777426,3.5,0,0,0,0,0,1753378944,1753378897.26284,100,100,0,0,0,0,1,0,0,0,0,0,0,1753378944
1853,1753378897.27962,-49.705459199182,-59.2227411396041,0,0,0,0.856019227979263,0.516943982777426,3.5,0,0,0,0,0,1753378944,1753378897.27121,100,100,0,0,0,0,1,0,0,0,0,0,0,1753378944
1854,1753378897.28785,-49.7188321545707,-59.1968209060285,0,0,0,0.856019227979263,0.516943982777426,3.5,0,0,0,0,0,1753378944,1753378897.27965,100,100,0,0,0,0,1,0,0,0,0,0,0,1753378944
1855,1753378897.2961,-49.7322051099594,-59.1709006724528,0,0,0,0.856019227979263,0.516943982777426,3.5,0,0,0,0,0,1753378944,1753378897.28788,100,100,0,0,0,0,1,0,0,0,0,0,0,1753378944
1856,1753378897.30419,-49.745578065348,-59.1449804388771,0,0,0,0.856019227979263,0.516943982777426,3.5,0,0,0,0,0,1753378944,1753378897.29614,100,100,0,0,0,0,1,0,0,0,0,0,0,1753378944
1857,1753378897.31257,-49.7589510207367,-59.1190602053015,0,0,0,0.856019227979263,0.516943982777426,3.5,0,0,0,0,0,1753378944,1753378897.3043,100,100,0,0,0,0,1,0,0,0,0,0,0,1753378944
1858,1753378897.3211,-49.7723239761254,-59.0931399717258,0,0,0,0.856019227979263,0.516943982777426,3.5,0,0,0,0,0,1753378944,1753378897.3126,100,100,0,0,0,0,1,0,0,0,0,0,0,1753378944
1859,1753378897.32944,-49.785696931514,-59.0672197381501,0,0,0,0.856019227979263,0.516943982777426,3.5,0,0,0,0,0,1753378944,1753378897.32113,100,100,0,0,0,0,1,0,0,0,0,0,0,1753378944
1860,1753378897.33781,-49.7990698869027,-59.0412995045745,0,0,0,0.856019227979263,0.516943982777426,3.5,0,0,0,0,0,1753378944,1753378897.32948,100,100,0,0,0,0,1,0,0,0,0,0,0,1753378944
1861,1753378897.34645,-49.8124428422914,-59.0153792709988,0,0,0,0.856019227979263,0.516943982777426,3.5,0,0,0,0,0,1753378944,1753378897.33784,100,100,0,0,0,0,1,0,0,0,0,0,0,1753378944
1862,1753378897.35549,-49.82581579768,-58.9894590374231,0,0,0,0.856019227979263,0.516943982777426,3.5,0,0,0,0,0,1753378944,1753378897.34648,100,100,0,0,0,0,1,0,0,0,0,0,0,1753378944
1863,1753378897.3628,-49.8391887530687,-58.9635388038475,0,0,0,0.856019227979263,0.516943982777426,3.5,0,0,0,0,0,1753378944,1753378897.35559,100,100,0,0,0,0,1,0,0,0,0,0,0,1753378944
1864,1753378897.37126,-49.8525617084574,-58.9376185702718,0,0,0,0.856019227979263,0.516943982777426,3.5,0,0,0,0,0,1753378944,1753378897.36283,100,100,0,0,0,0,1,0,0,0,0,0,0,1753378944
1865,1753378897.37956,-49.865934663846,-58.9116983366961,0,0,0,0.856019227979263,0.516943982777426,3.5,0,0,0,0,0,1753378944,1753378897.3713,100,100,0,0,0,0,1,0,0,0,0,0,0,1753378944
1866,1753378897.3879,-49.8793076192347,-58.8857781031205,0,0,0,0.856019227979263,0.516943982777426,3.5,0,0,0,0,0,1753378944,1753378897.3796,100,100,0,0,0,0,1,0,0,0,0,0,0,1753378944
1867,1753378897.39581,-49.8926805746234,-58.8598578695448,0,0,0,0.856019227979263,0.516943982777426,3.5,0,0,0,0,0,1753378944,1753378897.38795,100,100,0,0,0,0,1,0,0,0,0,0,0,1753378944
1868,1753378897.4043,-49.906053530012,-58.8339376359691,0,0,0,0.856019227979263,0.516943982777426,3.5,0,0,0,0,0,1753378944,1753378897.39584,100,100,0,0,0,0,1,0,0,0,0,0,0,1753378944
1869,1753378897.41249,-49.9194264854007,-58.8080174023935,0,0,0,0.856019227979263,0.516943982777426,3.5,0,0,0,0,0,1753378944,1753378897.40432,100,100,0,0,0,0,1,0,0,0,0,0,0,1753378944
1870,1753378897.42092,-49.9327994407894,-58.7820971688178,0,0,0,0.856019227979263,0.516943982777426,3.5,0,0,0,0,0,1753378944,1753378897.41252,100,100,0,0,0,0,1,0,0,0,0,0,0,1753378944
1871,1753378897.42931,-49.946172396178,-58.7561769352421,0,0,0,0.856019227979263,0.516943982777426,3.5,0,0,0,0,0,1753378944,1753378897.42097,100,100,0,0,0,0,1,0,0,0,0,0,0,1753378944
1872,1753378897.43773,-49.9595453515667,-58.7302567016665,0,0,0,0.856019227979263,0.516943982777426,3.5,0,0,0,0,0,1753378944,1753378897.42934,100,100,0,0,0,0,1,0,0,0,0,0,0,1753378944
1873,1753378897.4458,-49.9729183069554,-58.7043364680908,0,0,0,0.856019227979263,0.516943982777426,3.5,0,0,0,0,0,1753378944,1753378897.43777,100,100,0,0,0,0,1,0,0,0,0,0,0,1753378944
1874,1753378897.45422,-49.9862912623441,-58.6784162345151,0,0,0,0.856019227979263,0.516943982777426,3.5,0,0,0,0,0,1753378944,1753378897.44583,100,100,0,0,0,0,1,0,0,0,0,0,0,1753378944
1875,1753378897.46289,-49.9996642177327,-58.6524960009395,0,0,0,0.856019227979263,0.516943982777426,3.5,0,0,0,0,0,1753378944,1753378897.45424,100,100,0,0,0,0,1,0,0,0,0,0,0,1753378944
1876,1753378897.47116,-50.0130371731214,-58.6265757673638,0,0,0,0.856019227979263,0.516943982777426,3.5,0,0,0,0,0,1753378944,1753378897.46293,100,100,0,0,0,0,1,0,0,0,0,0,0,1753378944
1877,1753378897.47955,-50.0264101285101,-58.6006555337881,0,0,0,0.856019227979263,0.516943982777426,3.5,0,0,0,0,0,1753378944,1753378897.4712,100,100,0,0,0,0,1,0,0,0,0,0,0,1753378944
1878,1753378897.48785,-50.0397830838987,-58.5747353002124,0,0,0,0.856019227979263,0.516943982777426,3.5,0,0,0,0,0,1753378944,1753378897.4796,100,100,0,0,0,0,1,0,0,0,0,0,0,1753378944
1879,1753378897.49583,-50.0531560392874,-58.5488150666368,0,0,0,0.856019227979263,0.516943982777426,3.5,0,0,0,0,0,1753378944,1753378897.4879,100,100,0,0,0,0,1,0,0,0,0,0,0,1753378944
1880,1753378897.50446,-50.0665289946761,-58.5228948330611,0,0,0,0.856019227979263,0.516943982777426,3.5,0,0,0,0,0,1753378944,1753378897.49586,100,100,0,0,0,0,1,0,0,0,0,0,0,1753378944
1881,1753378897.51248,-50.0799019500647,-58.4969745994854,0,0,0,0.856019227979263,0.516943982777426,3.5,0,0,0,0,0,1753378944,1753378897.5045,100,100,0,0,0,0,1,0,0,0,0,0,0,1753378944
1882,1753378897.52097,-50.0932749054534,-58.4710543659098,0,0,0,0.856019227979263,0.516943982777426,3.5,0,0,0,0,0,1753378944,1753378897.51251,100,100,0,0,0,0,1,0,0,0,0,0,0,1753378944
1883,1753378897.52929,-50.1066478608421,-58.4451341323341,0,0,0,0.856019227979263,0.516943982777426,3.5,0,0,0,0,0,1753378944,1753378897.521,100,100,0,0,0,0,1,0,0,0,0,0,0,1753378944
1884,1753378897.53759,-50.1200208162307,-58.4192138987584,0,0,0,0.856019227979263,0.516943982777426,3.5,0,0,0,0,0,1753378944,1753378897.52932,100,100,0,0,0,0,1,0,0,0,0,0,0,1753378944
1885,1753378897.54589,-50.1333937716194,-58.3932936651828,0,0,0,0.856019227979263,0.516943982777426,3.5,0,0,0,0,0,1753378944,1753378897.53762,100,100,0,0,0,0,1,0,0,0,0,0,0,1753378944
1886,1753378897.55421,-50.1467667270081,-58.3673734316071,0,0,0,0.856019227979263,0.516943982777426,3.5,0,0,0,0,0,1753378944,1753378897.54592,100,100,0,0,0,0,1,0,0,0,0,0,0,1753378944
1887,1753378897.56336,-50.1601396823967,-58.3414531980314,0,0,0,0.856019227979263,0.516943982777426,3.5,0,0,0,0,0,1753378944,1753378897.55425,100,100,0,0,0,0,1,0,0,0,0,0,0,1753378944
1888,1753378897.57109,-50.1735126377854,-58.3155329644558,0,0,0,0.856019227979263,0.516943982777426,3.5,0,0,0,0,0,1753378944,1753378897.56339,100,100,0,0,0,0,1,0,0,0,0,0,0,1753378944
1889,1753378897.57935,-50.1868855931741,-58.2896127308801,0,0,0,0.856019227979263,0.516943982777426,3.5,0,0,0,0,0,1753378944,1753378897.57113,100,100,0,0,0,0,1,0,0,0,0,0,0,1753378944
1890,1753378897.58785,-50.2002585485627,-58.2636924973044,0,0,0,0.856019227979263,0.516943982777426,3.5,0,0,0,0,0,1753378944,1753378897.57938,100,100,0,0,0,0,1,0,0,0,0,0,0,1753378944
1891,1753378897.59581,-50.2136315039514,-58.2377722637288,0,0,0,0.856019227979263,0.516943982777426,3.5,0,0,0,0,0,1753378944,1753378897.58789,100,100,0,0,0,0,1,0,0,0,0,0,0,1753378944
1892,1753378897.60424,-50.2270044593401,-58.2118520301531,0,0,0,0.856019227979263,0.516943982777426,3.5,0,0,0,0,0,1753378944,1753378897.59584,100,100,0,0,0,0,1,0,0,0,0,0,0,1753378944
1893,1753378897.61247,-50.2403774147288,-58.1859317965774,0,0,0,0.856019227979263,0.516943982777426,3.5,0,0,0,0,0,1753378944,1753378897.60427,100,100,0,0,0,0,1,0,0,0,0,0,0,1753378944
1894,1753378897.62129,-50.2537503701174,-58.1600115630017,0,0,0,0.856019227979263,0.516943982777426,3.5,0,0,0,0,0,1753378944,1753378897.6125,100,100,0,0,0,0,1,0,0,0,0,0,0,1753378944
1895,1753378897.62955,-50.2671233255061,-58.1340913294261,0,0,0,0.856019227979263,0.516943982777426,3.5,0,0,0,0,0,1753378944,1753378897.62134,100,100,0,0,0,0,1,0,0,0,0,0,0,1753378944
1896,1753378897.63795,-50.2804962808948,-58.1081710958504,0,0,0,0.856019227979263,0.516943982777426,3.5,0,0,0,0,0,1753378944,1753378897.62959,100,100,0,0,0,0,1,0,0,0,0,0,0,1753378944
1897,1753378897.64606,-50.2938692362834,-58.0822508622747,0,0,0,0.856019227979263,0.516943982777426,3.5,0,0,0,0,0,1753378944,1753378897.63799,100,100,0,0,0,0,1,0,0,0,0,0,0,1753378944
1898,1753378897.6543,-50.3072421916721,-58.0563306286991,0,0,0,0.856019227979263,0.516943982777426,3.5,0,0,0,0,0,1753378944,1753378897.6461,100,100,0,0,0,0,1,0,0,0,0,0,0,1753378944
1899,1753378897.66253,-50.3206151470608,-58.0304103951234,0,0,0,0.856019227979263,0.516943982777426,3.5,0,0,0,0,0,1753378944,1753378897.65433,100,100,0,0,0,0,1,0,0,0,0,0,0,1753378944
1900,1753378897.67123,-50.3339881024494,-58.0044901615477,0,0,0,0.856019227979263,0.516943982777426,3.5,0,0,0,0,0,1753378944,1753378897.66256,100,100,0,0,0,0,1,0,0,0,0,0,0,1753378944
1901,1753378897.67956,-50.3473610578381,-57.9785699279721,0,0,0,0.856019227979263,0.516943982777426,3.5,0,0,0,0,0,1753378944,1753378897.67129,100,100,0,0,0,0,1,0,0,0,0,0,0,1753378944
1902,1753378897.68795,-50.3607340132268,-57.9526496943964,0,0,0,0.856019227979263,0.516943982777426,3.5,0,0,0,0,0,1753378944,1753378897.6796,100,100,0,0,0,0,1,0,0,0,0,0,0,1753378944
1903,1753378897.69596,-50.3741069686154,-57.9267294608207,0,0,0,0.856019227979263,0.516943982777426,3.5,0,0,0,0,0,1753378944,1753378897.688,100,100,0,0,0,0,1,0,0,0,0,0,0,1753378944
1904,1753378897.70427,-50.3874799240041,-57.9008092272451,0,0,0,0.856019227979263,0.516943982777426,3.5,0,0,0,0,0,1753378944,1753378897.69599,100,100,0,0,0,0,1,0,0,0,0,0,0,1753378944
1905,1753378897.71267,-50.4008528793928,-57.8748889936694,0,0,0,0.856019227979263,0.516943982777426,3.5,0,0,0,0,0,1753378944,1753378897.7043,100,100,0,0,0,0,1,0,0,0,0,0,0,1753378944
1906,1753378897.72097,-50.4142258347814,-57.8489687600937,0,0,0,0.856019227979263,0.516943982777426,3.5,0,0,0,0,0,1753378944,1753378897.7127,100,100,0,0,0,0,1,0,0,0,0,0,0,1753378944
1907,1753378897.7295,-50.4275987901701,-57.8230485265181,0,0,0,0.856019227979263,0.516943982777426,3.5,0,0,0,0,0,1753378944,1753378897.72099,100,100,0,0,0,0,1,0,0,0,0,0,0,1753378944
1908,1753378897.73788,-50.4409717455588,-57.7971282929424,0,0,0,0.856019227979263,0.516943982777426,3.5,0,0,0,0,0,1753378944,1753378897.72954,100,100,0,0,0,0,1,0,0,0,0,0,0,1753378944
1909,1753378897.74612,-50.4543447009474,-57.7712080593667,0,0,0,0.856019227979263,0.516943982777426,3.5,0,0,0,0,0,1753378944,1753378897.73795,100,100,0,0,0,0,1,0,0,0,0,0,0,1753378944
1910,1753378897.75424,-50.4677176563361,-57.7452878257911,0,0,0,0.856019227979263,0.516943982777426,3.5,0,0,0,0,0,1753378944,1753378897.74616,100,100,0,0,0,0,1,0,0,0,0,0,0,1753378944
1911,1753378897.7627,-50.4810906117248,-57.7193675922154,0,0,0,0.856019227979263,0.516943982777426,3.5,0,0,0,0,0,1753378944,1753378897.75426,100,100,0,0,0,0,1,0,0,0,0,0,0,1753378944
1912,1753378897.77103,-50.4944635671134,-57.6934473586397,0,0,0,0.856019227979263,0.516943982777426,3.5,0,0,0,0,0,1753378944,1753378897.76275,100,100,0,0,0,0,1,0,0,0,0,0,0,1753378944
1913,1753378897.77924,-50.5078365225021,-57.667527125064,0,0,0,0.856019227979263,0.516943982777426,3.5,0,0,0,0,0,1753378944,1753378897.77107,100,100,0,0,0,0,1,0,0,0,0,0,0,1753378944
1914,1753378897.78789,-50.5212094778908,-57.6416068914884,0,0,0,0.856019227979263,0.516943982777426,3.5,0,0,0,0,0,1753378944,1753378897.77926,100,100,0,0,0,0,1,0,0,0,0,0,0,1753378944
1915,1753378897.7959,-50.5345824332794,-57.6156866579127,0,0,0,0.856019227979263,0.516943982777426,3.5,0,0,0,0,0,1753378944,1753378897.78793,100,100,0,0,0,0,1,0,0,0,0,0,0,1753378944
1916,1753378897.80444,-50.5479553886681,-57.589766424337,0,0,0,0.856019227979263,0.516943982777426,3.5,0,0,0,0,0,1753378944,1753378897.79592,100,100,0,0,0,0,1,0,0,0,0,0,0,1753378944
1917,1753378897.81267,-50.5613283440568,-57.5638461907614,0,0,0,0.856019227979263,0.516943982777426,3.5,0,0,0,0,0,1753378944,1753378897.80447,100,100,0,0,0,0,1,0,0,0,0,0,0,1753378944
1918,1753378897.82091,-50.5747012994455,-57.5379259571857,0,0,0,0.856019227979263,0.516943982777426,3.5,0,0,0,0,0,1753378944,1753378897.8127,100,100,0,0,0,0,1,0,0,0,0,0,0,1753378944
1919,1753378897.8293,-50.5880742548341,-57.51200572361,0,0,0,0.856019227979263,0.516943982777426,3.5,0,0,0,0,0,1753378944,1753378897.82094,100,100,0,0,0,0,1,0,0,0,0,0,0,1753378944
1920,1753378897.83762,-50.6014472102228,-57.4860854900344,0,0,0,0.856019227979263,0.516943982777426,3.5,0,0,0,0,0,1753378944,1753378897.82933,100,100,0,0,0,0,1,0,0,0,0,0,0,1753378944
1921,1753378897.84586,-50.6148201656115,-57.4601652564587,0,0,0,0.856019227979263,0.516943982777426,3.5,0,0,0,0,0,1753378944,1753378897.83764,100,100,0,0,0,0,1,0,0,0,0,0,0,1753378944
1922,1753378897.85425,-50.6281931210001,-57.434245022883,0,0,0,0.856019227979263,0.516943982777426,3.5,0,0,0,0,0,1753378944,1753378897.84589,100,100,0,0,0,0,1,0,0,0,0,0,0,1753378944
1923,1753378897.86252,-50.6415660763888,-57.4083247893074,0,0,0,0.856019227979263,0.516943982777426,3.5,0,0,0,0,0,1753378944,1753378897.85427,100,100,0,0,0,0,1,0,0,0,0,0,0,1753378944
1924,1753378897.87101,-50.6549390317775,-57.3824045557317,0,0,0,0.856019227979263,0.516943982777426,3.5,0,0,0,0,0,1753378944,1753378897.86254,100,100,0,0,0,0,1,0,0,0,0,0,0,1753378944
1925,1753378897.8794,-50.6683119871661,-57.356484322156,0,0,0,0.856019227979263,0.516943982777426,3.5,0,0,0,0,0,1753378944,1753378897.87104,100,100,0,0,0,0,1,0,0,0,0,0,0,1753378944
1926,1753378897.88768,-50.6816849425548,-57.3305640885804,0,0,0,0.856019227979263,0.516943982777426,3.5,0,0,0,0,0,1753378944,1753378897.87942,100,100,0,0,0,0,1,0,0,0,0,0,0,1753378944
1927,1753378897.89594,-50.6950578979435,-57.3046438550047,0,0,0,0.856019227979263,0.516943982777426,3.5,0,0,0,0,0,1753378944,1753378897.88771,100,100,0,0,0,0,1,0,0,0,0,0,0,1753378944
1928,1753378897.90438,-50.7084308533321,-57.278723621429,0,0,0,0.856019227979263,0.516943982777426,3.5,0,0,0,0,0,1753378944,1753378897.89597,100,100,0,0,0,0,1,0,0,0,0,0,0,1753378944
1929,1753378897.91247,-50.7218038087208,-57.2528033878534,0,0,0,0.856019227979263,0.516943982777426,3.5,0,0,0,0,0,1753378944,1753378897.9044,100,100,0,0,0,0,1,0,0,0,0,0,0,1753378944
1930,1753378897.92101,-50.7351767641095,-57.2268831542777,0,0,0,0.856019227979263,0.516943982777426,3.5,0,0,0,0,0,1753378944,1753378897.9125,100,100,0,0,0,0,1,0,0,0,0,0,0,1753378944
1931,1753378897.92924,-50.7485497194981,-57.200962920702,0,0,0,0.856019227979263,0.516943982777426,3.5,0,0,0,0,0,1753378944,1753378897.92104,100,100,0,0,0,0,1,0,0,0,0,0,0,1753378944
1932,1753378897.93801,-50.7619226748868,-57.1750426871264,0,0,0,0.856019227979263,0.516943982777426,3.5,0,0,0,0,0,1753378944,1753378897.92927,100,100,0,0,0,0,1,0,0,0,0,0,0,1753378944
1933,1753378897.94607,-50.7752956302755,-57.1491224535507,0,0,0,0.856019227979263,0.516943982777426,3.5,0,0,0,0,0,1753378944,1753378897.93807,100,100,0,0,0,0,1,0,0,0,0,0,0,1753378944
1934,1753378897.95433,-50.7886685856641,-57.123202219975,0,0,0,0.856019227979263,0.516943982777426,3.5,0,0,0,0,0,1753378944,1753378897.94611,100,100,0,0,0,0,1,0,0,0,0,0,0,1753378944
