,ado8 timestamp,ado8_uvs_x,ado8_uvs_y,ado8_uvs_z,ado8_uvs_orientation_x,ado8_uvs_orientation_y,ado8_uvs_orientation_z,ado8_uvs_orientation_w,ado8_uvs_vx,ado8_uvs_vy,ado8_uvs_vz,ado8_uvs_wx,ado8_uvs_wy,ado8_uvs_wz,ado8_uvs time_s,ado9 timestamp,ado9_uvs_x,ado9_uvs_y,ado9_uvs_z,ado9_uvs_orientation_x,ado9_uvs_orientation_y,ado9_uvs_orientation_z,ado9_uvs_orientation_w,ado9_uvs_vx,ado9_uvs_vy,ado9_uvs_vz,ado9_uvs_wx,ado9_uvs_wy,ado9_uvs_wz,ado9_uvs time_s
0,1753378830.01405,-51.831,-70.472,0,0,0,-0.236356941578553,-0.971666298771153,3.5,0,0,0,0,0,1753378816,1753378830.00622,-45.83,-59.123,0,0,0,-0.519590226040073,0.854415587991948,0,0,0,0,0,0,1753378816
1,1753378830.02348,-51.831,-70.472,0,0,0,-0.236356941578553,-0.971666298771153,3.5,0,0,0,0,0,1753378816,1753378830.01407,-45.83,-59.123,0,0,0,-0.519590226040073,0.854415587991948,0,0,0,0,0,0,1753378816
2,1753378830.03103,-51.831,-70.472,0,0,0,-0.236356941578553,-0.971666298771153,3.5,0,0,0,0,0,1753378816,1753378830.02353,-45.83,-59.123,0,0,0,-0.519590226040073,0.854415587991948,0,0,0,0,0,0,1753378816
3,1753378830.03937,-51.831,-70.472,0,0,0,-0.236356941578553,-0.971666298771153,3.5,0,0,0,0,0,1753378816,1753378830.03108,-45.83,-59.123,0,0,0,-0.519590226040073,0.854415587991948,0,0,0,0,0,0,1753378816
4,1753378830.04757,-51.831,-70.472,0,0,0,-0.236356941578553,-0.971666298771153,3.5,0,0,0,0,0,1753378816,1753378830.03941,-45.83,-59.123,0,0,0,-0.519590226040073,0.854415587991948,0,0,0,0,0,0,1753378816
5,1753378830.05573,-51.831,-70.472,0,0,0,-0.236356941578553,-0.971666298771153,3.5,0,0,0,0,0,1753378816,1753378830.04759,-45.83,-59.123,0,0,0,-0.519590226040073,0.854415587991948,0,0,0,0,0,0,1753378816
6,1753378830.06395,-51.831,-70.472,0,0,0,-0.236356941578553,-0.971666298771153,3.5,0,0,0,0,0,1753378816,1753378830.05575,-45.83,-59.123,0,0,0,-0.519590226040073,0.854415587991948,0,0,0,0,0,0,1753378816
7,1753378830.07256,-51.831,-70.472,0,0,0,-0.236356941578553,-0.971666298771153,3.5,0,0,0,0,0,1753378816,1753378830.06398,-45.83,-59.123,0,0,0,-0.519590226040073,0.854415587991948,0,0,0,0,0,0,1753378816
8,1753378830.08075,-51.831,-70.472,0,0,0,-0.236356941578553,-0.971666298771153,3.5,0,0,0,0,0,1753378816,1753378830.07259,-45.83,-59.123,0,0,0,-0.519590226040073,0.854415587991948,0,0,0,0,0,0,1753378816
9,1753378830.08899,-51.831,-70.472,0,0,0,-0.236356941578553,-0.971666298771153,3.5,0,0,0,0,0,1753378816,1753378830.08077,-45.83,-59.123,0,0,0,-0.519590226040073,0.854415587991948,0,0,0,0,0,0,1753378816
10,1753378830.09752,-51.831,-70.472,0,0,0,-0.236356941578553,-0.971666298771153,3.5,0,0,0,0,0,1753378816,1753378830.08901,-45.83,-59.123,0,0,0,-0.519590226040073,0.854415587991948,0,0,0,0,0,0,1753378816
11,1753378830.10567,-51.831,-70.472,0,0,0,-0.236356941578553,-0.971666298771153,3.5,0,0,0,0,0,1753378816,1753378830.09755,-45.83,-59.123,0,0,0,-0.519590226040073,0.854415587991948,0,0,0,0,0,0,1753378816
12,1753378830.11395,-51.831,-70.472,0,0,0,-0.236356941578553,-0.971666298771153,3.5,0,0,0,0,0,1753378816,1753378830.1057,-45.83,-59.123,0,0,0,-0.519590226040073,0.854415587991948,0,0,0,0,0,0,1753378816
13,1753378830.12284,-51.831,-70.472,0,0,0,-0.236356941578553,-0.971666298771153,3.5,0,0,0,0,0,1753378816,1753378830.11397,-45.83,-59.123,0,0,0,-0.519590226040073,0.854415587991948,0,0,0,0,0,0,1753378816
14,1753378830.13073,-51.831,-70.472,0,0,0,-0.236356941578553,-0.971666298771153,3.5,0,0,0,0,0,1753378816,1753378830.12289,-45.83,-59.123,0,0,0,-0.519590226040073,0.854415587991948,0,0,0,0,0,0,1753378816
15,1753378830.13911,-51.831,-70.472,0,0,0,-0.236356941578553,-0.971666298771153,3.5,0,0,0,0,0,1753378816,1753378830.13076,-45.83,-59.123,0,0,0,-0.519590226040073,0.854415587991948,0,0,0,0,0,0,1753378816
16,1753378830.14738,-51.831,-70.472,0,0,0,-0.236356941578553,-0.971666298771153,3.5,0,0,0,0,0,1753378816,1753378830.13914,-45.83,-59.123,0,0,0,-0.519590226040073,0.854415587991948,0,0,0,0,0,0,1753378816
17,1753378830.15593,-51.831,-70.472,0,0,0,-0.236356941578553,-0.971666298771153,3.5,0,0,0,0,0,1753378816,1753378830.1474,-45.83,-59.123,0,0,0,-0.519590226040073,0.854415587991948,0,0,0,0,0,0,1753378816
18,1753378830.16396,-51.831,-70.472,0,0,0,-0.236356941578553,-0.971666298771153,3.5,0,0,0,0,0,1753378816,1753378830.15596,-45.83,-59.123,0,0,0,-0.519590226040073,0.854415587991948,0,0,0,0,0,0,1753378816
19,1753378830.17309,-51.831,-70.472,0,0,0,-0.236356941578553,-0.971666298771153,3.5,0,0,0,0,0,1753378816,1753378830.16399,-45.83,-59.123,0,0,0,-0.519590226040073,0.854415587991948,0,0,0,0,0,0,1753378816
20,1753378830.18094,-51.831,-70.472,0,0,0,-0.236356941578553,-0.971666298771153,3.5,0,0,0,0,0,1753378816,1753378830.17317,-45.83,-59.123,0,0,0,-0.519590226040073,0.854415587991948,0,0,0,0,0,0,1753378816
21,1753378830.18909,-51.831,-70.472,0,0,0,-0.236356941578553,-0.971666298771153,3.5,0,0,0,0,0,1753378816,1753378830.18097,-45.83,-59.123,0,0,0,-0.519590226040073,0.854415587991948,0,0,0,0,0,0,1753378816
22,1753378830.19742,-51.831,-70.472,0,0,0,-0.236356941578553,-0.971666298771153,3.5,0,0,0,0,0,1753378816,1753378830.18913,-45.83,-59.123,0,0,0,-0.519590226040073,0.854415587991948,0,0,0,0,0,0,1753378816
23,1753378830.20576,-51.831,-70.472,0,0,0,-0.236356941578553,-0.971666298771153,3.5,0,0,0,0,0,1753378816,1753378830.19744,-45.83,-59.123,0,0,0,-0.519590226040073,0.854415587991948,0,0,0,0,0,0,1753378816
24,1753378830.21397,-51.831,-70.472,0,0,0,-0.236356941578553,-0.971666298771153,3.5,0,0,0,0,0,1753378816,1753378830.20578,-45.83,-59.123,0,0,0,-0.519590226040073,0.854415587991948,0,0,0,0,0,0,1753378816
25,1753378830.22269,-51.831,-70.472,0,0,0,-0.236356941578553,-0.971666298771153,3.5,0,0,0,0,0,1753378816,1753378830.21399,-45.83,-59.123,0,0,0,-0.519590226040073,0.854415587991948,0,0,0,0,0,0,1753378816
26,1753378830.23075,-51.831,-70.472,0,0,0,-0.236356941578553,-0.971666298771153,3.5,0,0,0,0,0,1753378816,1753378830.22272,-45.83,-59.123,0,0,0,-0.519590226040073,0.854415587991948,0,0,0,0,0,0,1753378816
27,1753378830.23915,-51.831,-70.472,0,0,0,-0.236356941578553,-0.971666298771153,3.5,0,0,0,0,0,1753378816,1753378830.23078,-45.83,-59.123,0,0,0,-0.519590226040073,0.854415587991948,0,0,0,0,0,0,1753378816
28,1753378830.24731,-51.831,-70.472,0,0,0,-0.236356941578553,-0.971666298771153,3.5,0,0,0,0,0,1753378816,1753378830.23917,-45.83,-59.123,0,0,0,-0.519590226040073,0.854415587991948,0,0,0,0,0,0,1753378816
29,1753378830.25603,-51.831,-70.472,0,0,0,-0.236356941578553,-0.971666298771153,3.5,0,0,0,0,0,1753378816,1753378830.24733,-45.83,-59.123,0,0,0,-0.519590226040073,0.854415587991948,0,0,0,0,0,0,1753378816
30,1753378830.26392,-51.831,-70.472,0,0,0,-0.236356941578553,-0.971666298771153,3.5,0,0,0,0,0,1753378816,1753378830.25608,-45.83,-59.123,0,0,0,-0.519590226040073,0.854415587991948,0,0,0,0,0,0,1753378816
31,1753378830.27274,-51.831,-70.472,0,0,0,-0.236356941578553,-0.971666298771153,3.5,0,0,0,0,0,1753378816,1753378830.26394,-45.83,-59.123,0,0,0,-0.519590226040073,0.854415587991948,0,0,0,0,0,0,1753378816
32,1753378830.28131,-51.831,-70.472,0,0,0,-0.236356941578553,-0.971666298771153,3.5,0,0,0,0,0,1753378816,1753378830.2729,-45.83,-59.123,0,0,0,-0.519590226040073,0.854415587991948,0,0,0,0,0,0,1753378816
33,1753378830.28926,-51.831,-70.472,0,0,0,-0.236356941578553,-0.971666298771153,3.5,0,0,0,0,0,1753378816,1753378830.28138,-45.83,-59.123,0,0,0,-0.519590226040073,0.854415587991948,0,0,0,0,0,0,1753378816
34,1753378830.29771,-51.831,-70.472,0,0,0,-0.236356941578553,-0.971666298771153,3.5,0,0,0,0,0,1753378816,1753378830.28931,-45.83,-59.123,0,0,0,-0.519590226040073,0.854415587991948,0,0,0,0,0,0,1753378816
35,1753378830.3058,-51.831,-70.472,0,0,0,-0.236356941578553,-0.971666298771153,3.5,0,0,0,0,0,1753378816,1753378830.29774,-45.83,-59.123,0,0,0,-0.519590226040073,0.854415587991948,0,0,0,0,0,0,1753378816
36,1753378830.31403,-51.831,-70.472,0,0,0,-0.236356941578553,-0.971666298771153,3.5,0,0,0,0,0,1753378816,1753378830.30583,-45.83,-59.123,0,0,0,-0.519590226040073,0.854415587991948,0,0,0,0,0,0,1753378816
37,1753378830.32303,-51.831,-70.472,0,0,0,-0.236356941578553,-0.971666298771153,3.5,0,0,0,0,0,1753378816,1753378830.31405,-45.83,-59.123,0,0,0,-0.519590226040073,0.854415587991948,0,0,0,0,0,0,1753378816
38,1753378830.33073,-51.831,-70.472,0,0,0,-0.236356941578553,-0.971666298771153,3.5,0,0,0,0,0,1753378816,1753378830.32308,-45.83,-59.123,0,0,0,-0.519590226040073,0.854415587991948,0,0,0,0,0,0,1753378816
39,1753378830.33909,-51.831,-70.472,0,0,0,-0.236356941578553,-0.971666298771153,3.5,0,0,0,0,0,1753378816,1753378830.33075,-45.83,-59.123,0,0,0,-0.519590226040073,0.854415587991948,0,0,0,0,0,0,1753378816
40,1753378830.34744,-51.831,-70.472,0,0,0,-0.236356941578553,-0.971666298771153,3.5,0,0,0,0,0,1753378816,1753378830.33912,-45.83,-59.123,0,0,0,-0.519590226040073,0.854415587991948,0,0,0,0,0,0,1753378816
41,1753378830.35581,-51.831,-70.472,0,0,0,-0.236356941578553,-0.971666298771153,3.5,0,0,0,0,0,1753378816,1753378830.34746,-45.83,-59.123,0,0,0,-0.519590226040073,0.854415587991948,0,0,0,0,0,0,1753378816
42,1753378830.36399,-51.831,-70.472,0,0,0,-0.236356941578553,-0.971666298771153,3.5,0,0,0,0,0,1753378816,1753378830.35584,-45.83,-59.123,0,0,0,-0.519590226040073,0.854415587991948,0,0,0,0,0,0,1753378816
43,1753378830.37243,-51.831,-70.472,0,0,0,-0.236356941578553,-0.971666298771153,3.5,0,0,0,0,0,1753378816,1753378830.36401,-45.83,-59.123,0,0,0,-0.519590226040073,0.854415587991948,0,0,0,0,0,0,1753378816
44,1753378830.38084,-51.831,-70.472,0,0,0,-0.236356941578553,-0.971666298771153,3.5,0,0,0,0,0,1753378816,1753378830.37245,-45.83,-59.123,0,0,0,-0.519590226040073,0.854415587991948,0,0,0,0,0,0,1753378816
45,1753378830.38942,-51.831,-70.472,0,0,0,-0.236356941578553,-0.971666298771153,3.5,0,0,0,0,0,1753378816,1753378830.38087,-45.83,-59.123,0,0,0,-0.519590226040073,0.854415587991948,0,0,0,0,0,0,1753378816
46,1753378830.39748,-51.831,-70.472,0,0,0,-0.236356941578553,-0.971666298771153,3.5,0,0,0,0,0,1753378816,1753378830.38947,-45.83,-59.123,0,0,0,-0.519590226040073,0.854415587991948,0,0,0,0,0,0,1753378816
47,1753378830.40603,-51.831,-70.472,0,0,0,-0.236356941578553,-0.971666298771153,3.5,0,0,0,0,0,1753378816,1753378830.3975,-45.83,-59.123,0,0,0,-0.519590226040073,0.854415587991948,0,0,0,0,0,0,1753378816
48,1753378830.41392,-51.831,-70.472,0,0,0,-0.236356941578553,-0.971666298771153,3.5,0,0,0,0,0,1753378816,1753378830.40608,-45.83,-59.123,0,0,0,-0.519590226040073,0.854415587991948,0,0,0,0,0,0,1753378816
49,1753378830.42225,-51.831,-70.472,0,0,0,-0.236356941578553,-0.971666298771153,3.5,0,0,0,0,0,1753378816,1753378830.41394,-45.83,-59.123,0,0,0,-0.519590226040073,0.854415587991948,0,0,0,0,0,0,1753378816
50,1753378830.43126,-51.831,-70.472,0,0,0,-0.236356941578553,-0.971666298771153,3.5,0,0,0,0,0,1753378816,1753378830.42228,-45.83,-59.123,0,0,0,-0.519590226040073,0.854415587991948,0,0,0,0,0,0,1753378816
51,1753378830.43953,-51.831,-70.472,0,0,0,-0.236356941578553,-0.971666298771153,3.5,0,0,0,0,0,1753378816,1753378830.43132,-45.83,-59.123,0,0,0,-0.519590226040073,0.854415587991948,0,0,0,0,0,0,1753378816
52,1753378830.44743,-51.831,-70.472,0,0,0,-0.236356941578553,-0.971666298771153,3.5,0,0,0,0,0,1753378816,1753378830.43959,-45.83,-59.123,0,0,0,-0.519590226040073,0.854415587991948,0,0,0,0,0,0,1753378816
53,1753378830.45598,-51.831,-70.472,0,0,0,-0.236356941578553,-0.971666298771153,3.5,0,0,0,0,0,1753378816,1753378830.44746,-45.83,-59.123,0,0,0,-0.519590226040073,0.854415587991948,0,0,0,0,0,0,1753378816
54,1753378830.46431,-51.831,-70.472,0,0,0,-0.236356941578553,-0.971666298771153,3.5,0,0,0,0,0,1753378816,1753378830.45603,-45.83,-59.123,0,0,0,-0.519590226040073,0.854415587991948,0,0,0,0,0,0,1753378816
55,1753378830.47254,-51.831,-70.472,0,0,0,-0.236356941578553,-0.971666298771153,3.5,0,0,0,0,0,1753378816,1753378830.46435,-45.83,-59.123,0,0,0,-0.519590226040073,0.854415587991948,0,0,0,0,0,0,1753378816
56,1753378830.48076,-51.831,-70.472,0,0,0,-0.236356941578553,-0.971666298771153,3.5,0,0,0,0,0,1753378816,1753378830.47257,-45.83,-59.123,0,0,0,-0.519590226040073,0.854415587991948,0,0,0,0,0,0,1753378816
57,1753378830.48908,-51.831,-70.472,0,0,0,-0.236356941578553,-0.971666298771153,3.5,0,0,0,0,0,1753378816,1753378830.48078,-45.83,-59.123,0,0,0,-0.519590226040073,0.854415587991948,0,0,0,0,0,0,1753378816
58,1753378830.49741,-51.831,-70.472,0,0,0,-0.236356941578553,-0.971666298771153,3.5,0,0,0,0,0,1753378816,1753378830.4891,-45.83,-59.123,0,0,0,-0.519590226040073,0.854415587991948,0,0,0,0,0,0,1753378816
59,1753378830.50584,-51.831,-70.472,0,0,0,-0.236356941578553,-0.971666298771153,3.5,0,0,0,0,0,1753378816,1753378830.49744,-45.83,-59.123,0,0,0,-0.519590226040073,0.854415587991948,0,0,0,0,0,0,1753378816
60,1753378830.51398,-51.831,-70.472,0,0,0,-0.236356941578553,-0.971666298771153,3.5,0,0,0,0,0,1753378816,1753378830.50586,-45.83,-59.123,0,0,0,-0.519590226040073,0.854415587991948,0,0,0,0,0,0,1753378816
61,1753378830.52292,-51.831,-70.472,0,0,0,-0.236356941578553,-0.971666298771153,3.5,0,0,0,0,0,1753378816,1753378830.514,-45.83,-59.123,0,0,0,-0.519590226040073,0.854415587991948,0,0,0,0,0,0,1753378816
62,1753378830.53073,-51.831,-70.472,0,0,0,-0.236356941578553,-0.971666298771153,3.5,0,0,0,0,0,1753378816,1753378830.52295,-45.83,-59.123,0,0,0,-0.519590226040073,0.854415587991948,0,0,0,0,0,0,1753378816
63,1753378830.53905,-51.831,-70.472,0,0,0,-0.236356941578553,-0.971666298771153,3.5,0,0,0,0,0,1753378816,1753378830.53075,-45.83,-59.123,0,0,0,-0.519590226040073,0.854415587991948,0,0,0,0,0,0,1753378816
64,1753378830.54741,-51.831,-70.472,0,0,0,-0.236356941578553,-0.971666298771153,3.5,0,0,0,0,0,1753378816,1753378830.53907,-45.83,-59.123,0,0,0,-0.519590226040073,0.854415587991948,0,0,0,0,0,0,1753378816
65,1753378830.55721,-51.831,-70.472,0,0,0,-0.236356941578553,-0.971666298771153,3.5,0,0,0,0,0,1753378816,1753378830.54744,-45.83,-59.123,0,0,0,-0.519590226040073,0.854415587991948,0,0,0,0,0,0,1753378816
66,1753378830.56562,-51.831,-70.472,0,0,0,-0.236356941578553,-0.971666298771153,3.5,0,0,0,0,0,1753378816,1753378830.55736,-45.83,-59.123,0,0,0,-0.519590226040073,0.854415587991948,0,0,0,0,0,0,1753378816
67,1753378830.57356,-51.831,-70.472,0,0,0,-0.236356941578553,-0.971666298771153,3.5,0,0,0,0,0,1753378816,1753378830.56569,-45.83,-59.123,0,0,0,-0.519590226040073,0.854415587991948,0,0,0,0,0,0,1753378816
68,1753378830.5822,-51.831,-70.472,0,0,0,-0.236356941578553,-0.971666298771153,3.5,0,0,0,0,0,1753378816,1753378830.57363,-45.83,-59.123,0,0,0,-0.519590226040073,0.854415587991948,0,0,0,0,0,0,1753378816
69,1753378830.58997,-51.831,-70.472,0,0,0,-0.236356941578553,-0.971666298771153,3.5,0,0,0,0,0,1753378816,1753378830.58231,-45.83,-59.123,0,0,0,-0.519590226040073,0.854415587991948,0,0,0,0,0,0,1753378816
70,1753378830.59892,-51.831,-70.472,0,0,0,-0.236356941578553,-0.971666298771153,3.5,0,0,0,0,0,1753378816,1753378830.59004,-45.83,-59.123,0,0,0,-0.519590226040073,0.854415587991948,0,0,0,0,0,0,1753378816
71,1753378830.60662,-51.831,-70.472,0,0,0,-0.236356941578553,-0.971666298771153,3.5,0,0,0,0,0,1753378816,1753378830.59898,-45.83,-59.123,0,0,0,-0.519590226040073,0.854415587991948,0,0,0,0,0,0,1753378816
72,1753378830.61522,-51.831,-70.472,0,0,0,-0.236356941578553,-0.971666298771153,3.5,0,0,0,0,0,1753378816,1753378830.6067,-45.83,-59.123,0,0,0,-0.519590226040073,0.854415587991948,0,0,0,0,0,0,1753378816
73,1753378830.62418,-51.831,-70.472,0,0,0,-0.236356941578553,-0.971666298771153,3.5,0,0,0,0,0,1753378816,1753378830.61534,-45.83,-59.123,0,0,0,-0.519590226040073,0.854415587991948,0,0,0,0,0,0,1753378816
74,1753378830.6322,-51.831,-70.472,0,0,0,-0.236356941578553,-0.971666298771153,3.5,0,0,0,0,0,1753378816,1753378830.62435,-45.83,-59.123,0,0,0,-0.519590226040073,0.854415587991948,0,0,0,0,0,0,1753378816
75,1753378830.64046,-51.831,-70.472,0,0,0,-0.236356941578553,-0.971666298771153,3.5,0,0,0,0,0,1753378816,1753378830.63226,-45.83,-59.123,0,0,0,-0.519590226040073,0.854415587991948,0,0,0,0,0,0,1753378816
76,1753378830.64883,-51.831,-70.472,0,0,0,-0.236356941578553,-0.971666298771153,3.5,0,0,0,0,0,1753378816,1753378830.64056,-45.83,-59.123,0,0,0,-0.519590226040073,0.854415587991948,0,0,0,0,0,0,1753378816
77,1753378830.65634,-51.831,-70.472,0,0,0,-0.236356941578553,-0.971666298771153,3.5,0,0,0,0,0,1753378816,1753378830.64895,-45.83,-59.123,0,0,0,-0.519590226040073,0.854415587991948,0,0,0,0,0,0,1753378816
78,1753378830.66561,-51.831,-70.472,0,0,0,-0.236356941578553,-0.971666298771153,3.5,0,0,0,0,0,1753378816,1753378830.6564,-45.83,-59.123,0,0,0,-0.519590226040073,0.854415587991948,0,0,0,0,0,0,1753378816
79,1753378830.67355,-51.831,-70.472,0,0,0,-0.236356941578553,-0.971666298771153,3.5,0,0,0,0,0,1753378816,1753378830.66573,-45.83,-59.123,0,0,0,-0.519590226040073,0.854415587991948,0,0,0,0,0,0,1753378816
80,1753378830.68095,-51.831,-70.472,0,0,0,-0.236356941578553,-0.971666298771153,3.5,0,0,0,0,0,1753378816,1753378830.67363,-45.83,-59.123,0,0,0,-0.519590226040073,0.854415587991948,0,0,0,0,0,0,1753378816
81,1753378830.68945,-51.831,-70.472,0,0,0,-0.236356941578553,-0.971666298771153,3.5,0,0,0,0,0,1753378816,1753378830.68097,-45.83,-59.123,0,0,0,-0.519590226040073,0.854415587991948,0,0,0,0,0,0,1753378816
82,1753378830.69754,-51.831,-70.472,0,0,0,-0.236356941578553,-0.971666298771153,3.5,0,0,0,0,0,1753378816,1753378830.68948,-45.83,-59.123,0,0,0,-0.519590226040073,0.854415587991948,0,0,0,0,0,0,1753378816
83,1753378830.70605,-51.831,-70.472,0,0,0,-0.236356941578553,-0.971666298771153,3.5,0,0,0,0,0,1753378816,1753378830.69757,-45.83,-59.123,0,0,0,-0.519590226040073,0.854415587991948,0,0,0,0,0,0,1753378816
84,1753378830.71416,-51.831,-70.472,0,0,0,-0.236356941578553,-0.971666298771153,3.5,0,0,0,0,0,1753378816,1753378830.7061,-45.83,-59.123,0,0,0,-0.519590226040073,0.854415587991948,0,0,0,0,0,0,1753378816
85,1753378830.72267,-51.831,-70.472,0,0,0,-0.236356941578553,-0.971666298771153,3.5,0,0,0,0,0,1753378816,1753378830.71419,-45.83,-59.123,0,0,0,-0.519590226040073,0.854415587991948,0,0,0,0,0,0,1753378816
86,1753378830.73091,-51.831,-70.472,0,0,0,-0.236356941578553,-0.971666298771153,3.5,0,0,0,0,0,1753378816,1753378830.7227,-45.83,-59.123,0,0,0,-0.519590226040073,0.854415587991948,0,0,0,0,0,0,1753378816
87,1753378830.73922,-51.831,-70.472,0,0,0,-0.236356941578553,-0.971666298771153,3.5,0,0,0,0,0,1753378816,1753378830.73094,-45.83,-59.123,0,0,0,-0.519590226040073,0.854415587991948,0,0,0,0,0,0,1753378816
88,1753378830.74758,-51.831,-70.472,0,0,0,-0.236356941578553,-0.971666298771153,3.5,0,0,0,0,0,1753378816,1753378830.73925,-45.83,-59.123,0,0,0,-0.519590226040073,0.854415587991948,0,0,0,0,0,0,1753378816
89,1753378830.75585,-51.831,-70.472,0,0,0,-0.236356941578553,-0.971666298771153,3.5,0,0,0,0,0,1753378816,1753378830.74765,-45.83,-59.123,0,0,0,-0.519590226040073,0.854415587991948,0,0,0,0,0,0,1753378816
90,1753378830.76414,-51.831,-70.472,0,0,0,-0.236356941578553,-0.971666298771153,3.5,0,0,0,0,0,1753378816,1753378830.75588,-45.83,-59.123,0,0,0,-0.519590226040073,0.854415587991948,0,0,0,0,0,0,1753378816
91,1753378830.77231,-51.831,-70.472,0,0,0,-0.236356941578553,-0.971666298771153,3.5,0,0,0,0,0,1753378816,1753378830.76423,-45.83,-59.123,0,0,0,-0.519590226040073,0.854415587991948,0,0,0,0,0,0,1753378816
92,1753378830.78103,-51.831,-70.472,0,0,0,-0.236356941578553,-0.971666298771153,3.5,0,0,0,0,0,1753378816,1753378830.77233,-45.83,-59.123,0,0,0,-0.519590226040073,0.854415587991948,0,0,0,0,0,0,1753378816
93,1753378830.78904,-51.831,-70.472,0,0,0,-0.236356941578553,-0.971666298771153,3.5,0,0,0,0,0,1753378816,1753378830.78106,-45.83,-59.123,0,0,0,-0.519590226040073,0.854415587991948,0,0,0,0,0,0,1753378816
94,1753378830.79741,-51.831,-70.472,0,0,0,-0.236356941578553,-0.971666298771153,3.5,0,0,0,0,0,1753378816,1753378830.78906,-45.83,-59.123,0,0,0,-0.519590226040073,0.854415587991948,0,0,0,0,0,0,1753378816
95,1753378830.80575,-51.831,-70.472,0,0,0,-0.236356941578553,-0.971666298771153,3.5,0,0,0,0,0,1753378816,1753378830.79744,-45.83,-59.123,0,0,0,-0.519590226040073,0.854415587991948,0,0,0,0,0,0,1753378816
96,1753378830.8142,-51.831,-70.472,0,0,0,-0.236356941578553,-0.971666298771153,3.5,0,0,0,0,0,1753378816,1753378830.80577,-45.83,-59.123,0,0,0,-0.519590226040073,0.854415587991948,0,0,0,0,0,0,1753378816
97,1753378830.82244,-51.831,-70.472,0,0,0,-0.236356941578553,-0.971666298771153,3.5,0,0,0,0,0,1753378816,1753378830.81422,-45.83,-59.123,0,0,0,-0.519590226040073,0.854415587991948,0,0,0,0,0,0,1753378816
98,1753378830.83077,-51.831,-70.472,0,0,0,-0.236356941578553,-0.971666298771153,3.5,0,0,0,0,0,1753378816,1753378830.82246,-45.83,-59.123,0,0,0,-0.519590226040073,0.854415587991948,0,0,0,0,0,0,1753378816
99,1753378830.83911,-51.831,-70.472,0,0,0,-0.236356941578553,-0.971666298771153,3.5,0,0,0,0,0,1753378816,1753378830.83079,-45.83,-59.123,0,0,0,-0.519590226040073,0.854415587991948,0,0,0,0,0,0,1753378816
100,1753378830.84764,-51.831,-70.472,0,0,0,-0.236356941578553,-0.971666298771153,3.5,0,0,0,0,0,1753378816,1753378830.83914,-45.83,-59.123,0,0,0,-0.519590226040073,0.854415587991948,0,0,0,0,0,0,1753378816
101,1753378830.85562,-51.831,-70.472,0,0,0,-0.236356941578553,-0.971666298771153,3.5,0,0,0,0,0,1753378816,1753378830.84767,-45.83,-59.123,0,0,0,-0.519590226040073,0.854415587991948,0,0,0,0,0,0,1753378816
102,1753378830.86402,-51.831,-70.472,0,0,0,-0.236356941578553,-0.971666298771153,3.5,0,0,0,0,0,1753378816,1753378830.85565,-45.83,-59.123,0,0,0,-0.519590226040073,0.854415587991948,0,0,0,0,0,0,1753378816
103,1753378830.87238,-51.831,-70.472,0,0,0,-0.236356941578553,-0.971666298771153,3.5,0,0,0,0,0,1753378816,1753378830.86405,-45.83,-59.123,0,0,0,-0.519590226040073,0.854415587991948,0,0,0,0,0,0,1753378816
104,1753378830.88084,-51.831,-70.472,0,0,0,-0.236356941578553,-0.971666298771153,3.5,0,0,0,0,0,1753378816,1753378830.87241,-45.83,-59.123,0,0,0,-0.519590226040073,0.854415587991948,0,0,0,0,0,0,1753378816
105,1753378830.88902,-51.831,-70.472,0,0,0,-0.236356941578553,-0.971666298771153,3.5,0,0,0,0,0,1753378816,1753378830.88087,-45.83,-59.123,0,0,0,-0.519590226040073,0.854415587991948,0,0,0,0,0,0,1753378816
106,1753378830.89747,-51.831,-70.472,0,0,0,-0.236356941578553,-0.971666298771153,3.5,0,0,0,0,0,1753378816,1753378830.88905,-45.83,-59.123,0,0,0,-0.519590226040073,0.854415587991948,0,0,0,0,0,0,1753378816
107,1753378830.90576,-51.831,-70.472,0,0,0,-0.236356941578553,-0.971666298771153,3.5,0,0,0,0,0,1753378816,1753378830.8975,-45.83,-59.123,0,0,0,-0.519590226040073,0.854415587991948,0,0,0,0,0,0,1753378816
108,1753378830.91404,-51.831,-70.472,0,0,0,-0.236356941578553,-0.971666298771153,3.5,0,0,0,0,0,1753378816,1753378830.90578,-45.83,-59.123,0,0,0,-0.519590226040073,0.854415587991948,0,0,0,0,0,0,1753378816
109,1753378830.92225,-51.831,-70.472,0,0,0,-0.236356941578553,-0.971666298771153,3.5,0,0,0,0,0,1753378816,1753378830.91406,-45.83,-59.123,0,0,0,-0.519590226040073,0.854415587991948,0,0,0,0,0,0,1753378816
110,1753378830.93073,-51.831,-70.472,0,0,0,-0.236356941578553,-0.971666298771153,3.5,0,0,0,0,0,1753378816,1753378830.92227,-45.83,-59.123,0,0,0,-0.519590226040073,0.854415587991948,0,0,0,0,0,0,1753378816
111,1753378830.93899,-51.831,-70.472,0,0,0,-0.236356941578553,-0.971666298771153,3.5,0,0,0,0,0,1753378816,1753378830.93075,-45.83,-59.123,0,0,0,-0.519590226040073,0.854415587991948,0,0,0,0,0,0,1753378816
112,1753378830.94754,-51.831,-70.472,0,0,0,-0.236356941578553,-0.971666298771153,3.5,0,0,0,0,0,1753378816,1753378830.93901,-45.83,-59.123,0,0,0,-0.519590226040073,0.854415587991948,0,0,0,0,0,0,1753378816
113,1753378830.9558,-51.831,-70.472,0,0,0,-0.236356941578553,-0.971666298771153,3.5,0,0,0,0,0,1753378816,1753378830.94756,-45.83,-59.123,0,0,0,-0.519590226040073,0.854415587991948,0,0,0,0,0,0,1753378816
114,1753378830.96411,-51.831,-70.472,0,0,0,-0.236356941578553,-0.971666298771153,3.5,0,0,0,0,0,1753378816,1753378830.95582,-45.83,-59.123,0,0,0,-0.519590226040073,0.854415587991948,0,0,0,0,0,0,1753378816
115,1753378830.97225,-51.831,-70.472,0,0,0,-0.236356941578553,-0.971666298771153,3.5,0,0,0,0,0,1753378816,1753378830.96414,-45.83,-59.123,0,0,0,-0.519590226040073,0.854415587991948,0,0,0,0,0,0,1753378816
116,1753378830.98075,-51.831,-70.472,0,0,0,-0.236356941578553,-0.971666298771153,3.5,0,0,0,0,0,1753378816,1753378830.97227,-45.83,-59.123,0,0,0,-0.519590226040073,0.854415587991948,0,0,0,0,0,0,1753378816
117,1753378830.98905,-51.831,-70.472,0,0,0,-0.236356941578553,-0.971666298771153,3.5,0,0,0,0,0,1753378816,1753378830.98078,-45.83,-59.123,0,0,0,-0.519590226040073,0.854415587991948,0,0,0,0,0,0,1753378816
118,1753378830.99742,-51.831,-70.472,0,0,0,-0.236356941578553,-0.971666298771153,3.5,0,0,0,0,0,1753378816,1753378830.98908,-45.83,-59.123,0,0,0,-0.519590226040073,0.854415587991948,0,0,0,0,0,0,1753378816
119,1753378831.00565,-51.831,-70.472,0,0,0,-0.236356941578553,-0.971666298771153,3.5,0,0,0,0,0,1753378816,1753378830.99745,-45.83,-59.123,0,0,0,-0.519590226040073,0.854415587991948,0,0,0,0,0,0,1753378816
120,1753378831.01416,-51.831,-70.472,0,0,0,-0.236356941578553,-0.971666298771153,3.5,0,0,0,0,0,1753378816,1753378831.00568,-45.83,-59.123,0,0,0,-0.519590226040073,0.854415587991948,0,0,0,0,0,0,1753378816
121,1753378831.02229,-51.831,-70.472,0,0,0,-0.236356941578553,-0.971666298771153,3.5,0,0,0,0,0,1753378816,1753378831.01419,-45.83,-59.123,0,0,0,-0.519590226040073,0.854415587991948,0,0,0,0,0,0,1753378816
122,1753378831.03098,-51.831,-70.472,0,0,0,-0.236356941578553,-0.971666298771153,3.5,0,0,0,0,0,1753378816,1753378831.02232,-45.83,-59.123,0,0,0,-0.519590226040073,0.854415587991948,0,0,0,0,0,0,1753378816
123,1753378831.03912,-51.831,-70.472,0,0,0,-0.236356941578553,-0.971666298771153,3.5,0,0,0,0,0,1753378816,1753378831.03102,-45.83,-59.123,0,0,0,-0.519590226040073,0.854415587991948,0,0,0,0,0,0,1753378816
124,1753378831.04778,-51.831,-70.472,0,0,0,-0.236356941578553,-0.971666298771153,3.5,0,0,0,0,0,1753378816,1753378831.03915,-45.83,-59.123,0,0,0,-0.519590226040073,0.854415587991948,0,0,0,0,0,0,1753378816
125,1753378831.05569,-51.831,-70.472,0,0,0,-0.236356941578553,-0.971666298771153,3.5,0,0,0,0,0,1753378816,1753378831.04782,-45.83,-59.123,0,0,0,-0.519590226040073,0.854415587991948,0,0,0,0,0,0,1753378816
126,1753378831.06474,-51.831,-70.472,0,0,0,-0.236356941578553,-0.971666298771153,3.5,0,0,0,0,0,1753378816,1753378831.05572,-45.83,-59.123,0,0,0,-0.519590226040073,0.854415587991948,0,0,0,0,0,0,1753378816
127,1753378831.07276,-51.831,-70.472,0,0,0,-0.236356941578553,-0.971666298771153,3.5,0,0,0,0,0,1753378816,1753378831.06479,-45.83,-59.123,0,0,0,-0.519590226040073,0.854415587991948,0,0,0,0,0,0,1753378816
128,1753378831.08107,-51.831,-70.472,0,0,0,-0.236356941578553,-0.971666298771153,3.5,0,0,0,0,0,1753378816,1753378831.0728,-45.83,-59.123,0,0,0,-0.519590226040073,0.854415587991948,0,0,0,0,0,0,1753378816
129,1753378831.0891,-51.831,-70.472,0,0,0,-0.236356941578553,-0.971666298771153,3.5,0,0,0,0,0,1753378816,1753378831.08111,-45.83,-59.123,0,0,0,-0.519590226040073,0.854415587991948,0,0,0,0,0,0,1753378816
130,1753378831.09769,-51.831,-70.472,0,0,0,-0.236356941578553,-0.971666298771153,3.5,0,0,0,0,0,1753378816,1753378831.08912,-45.83,-59.123,0,0,0,-0.519590226040073,0.854415587991948,0,0,0,0,0,0,1753378816
131,1753378831.10575,-51.831,-70.472,0,0,0,-0.236356941578553,-0.971666298771153,3.5,0,0,0,0,0,1753378816,1753378831.09771,-45.83,-59.123,0,0,0,-0.519590226040073,0.854415587991948,0,0,0,0,0,0,1753378816
132,1753378831.11405,-51.831,-70.472,0,0,0,-0.236356941578553,-0.971666298771153,3.5,0,0,0,0,0,1753378816,1753378831.10577,-45.83,-59.123,0,0,0,-0.519590226040073,0.854415587991948,0,0,0,0,0,0,1753378816
133,1753378831.12219,-51.831,-70.472,0,0,0,-0.236356941578553,-0.971666298771153,3.5,0,0,0,0,0,1753378816,1753378831.11407,-45.83,-59.123,0,0,0,-0.519590226040073,0.854415587991948,0,0,0,0,0,0,1753378816
134,1753378831.13101,-51.831,-70.472,0,0,0,-0.236356941578553,-0.971666298771153,3.5,0,0,0,0,0,1753378816,1753378831.12221,-45.83,-59.123,0,0,0,-0.519590226040073,0.854415587991948,0,0,0,0,0,0,1753378816
135,1753378831.13905,-51.831,-70.472,0,0,0,-0.236356941578553,-0.971666298771153,3.5,0,0,0,0,0,1753378816,1753378831.13104,-45.83,-59.123,0,0,0,-0.519590226040073,0.854415587991948,0,0,0,0,0,0,1753378816
136,1753378831.14735,-51.831,-70.472,0,0,0,-0.236356941578553,-0.971666298771153,3.5,0,0,0,0,0,1753378816,1753378831.13908,-45.83,-59.123,0,0,0,-0.519590226040073,0.854415587991948,0,0,0,0,0,0,1753378816
137,1753378831.15567,-51.831,-70.472,0,0,0,-0.236356941578553,-0.971666298771153,3.5,0,0,0,0,0,1753378816,1753378831.14738,-45.83,-59.123,0,0,0,-0.519590226040073,0.854415587991948,0,0,0,0,0,0,1753378816
138,1753378831.16398,-51.831,-70.472,0,0,0,-0.236356941578553,-0.971666298771153,3.5,0,0,0,0,0,1753378816,1753378831.15569,-45.83,-59.123,0,0,0,-0.519590226040073,0.854415587991948,0,0,0,0,0,0,1753378816
139,1753378831.17266,-51.831,-70.472,0,0,0,-0.236356941578553,-0.971666298771153,3.5,0,0,0,0,0,1753378816,1753378831.164,-45.83,-59.123,0,0,0,-0.519590226040073,0.854415587991948,0,0,0,0,0,0,1753378816
140,1753378831.18111,-51.831,-70.472,0,0,0,-0.236356941578553,-0.971666298771153,3.5,0,0,0,0,0,1753378816,1753378831.17269,-45.83,-59.123,0,0,0,-0.519590226040073,0.854415587991948,0,0,0,0,0,0,1753378816
141,1753378831.18931,-51.831,-70.472,0,0,0,-0.236356941578553,-0.971666298771153,3.5,0,0,0,0,0,1753378816,1753378831.18115,-45.83,-59.123,0,0,0,-0.519590226040073,0.854415587991948,0,0,0,0,0,0,1753378816
142,1753378831.19764,-51.831,-70.472,0,0,0,-0.236356941578553,-0.971666298771153,3.5,0,0,0,0,0,1753378816,1753378831.18935,-45.83,-59.123,0,0,0,-0.519590226040073,0.854415587991948,0,0,0,0,0,0,1753378816
143,1753378831.20569,-51.831,-70.472,0,0,0,-0.236356941578553,-0.971666298771153,3.5,0,0,0,0,0,1753378816,1753378831.19768,-45.83,-59.123,0,0,0,-0.519590226040073,0.854415587991948,0,0,0,0,0,0,1753378816
144,1753378831.21415,-51.831,-70.472,0,0,0,-0.236356941578553,-0.971666298771153,3.5,0,0,0,0,0,1753378816,1753378831.20571,-45.83,-59.123,0,0,0,-0.519590226040073,0.854415587991948,0,0,0,0,0,0,1753378816
145,1753378831.22267,-51.831,-70.472,0,0,0,-0.236356941578553,-0.971666298771153,3.5,0,0,0,0,0,1753378816,1753378831.21417,-45.83,-59.123,0,0,0,-0.519590226040073,0.854415587991948,0,0,0,0,0,0,1753378816
146,1753378831.23093,-51.831,-70.472,0,0,0,-0.236356941578553,-0.971666298771153,3.5,0,0,0,0,0,1753378816,1753378831.22269,-45.83,-59.123,0,0,0,-0.519590226040073,0.854415587991948,0,0,0,0,0,0,1753378816
147,1753378831.239,-51.831,-70.472,0,0,0,-0.236356941578553,-0.971666298771153,3.5,0,0,0,0,0,1753378816,1753378831.23096,-45.83,-59.123,0,0,0,-0.519590226040073,0.854415587991948,0,0,0,0,0,0,1753378816
148,1753378831.24761,-51.831,-70.472,0,0,0,-0.236356941578553,-0.971666298771153,3.5,0,0,0,0,0,1753378816,1753378831.23903,-45.83,-59.123,0,0,0,-0.519590226040073,0.854415587991948,0,0,0,0,0,0,1753378816
149,1753378831.25564,-51.831,-70.472,0,0,0,-0.236356941578553,-0.971666298771153,3.5,0,0,0,0,0,1753378816,1753378831.24764,-45.83,-59.123,0,0,0,-0.519590226040073,0.854415587991948,0,0,0,0,0,0,1753378816
150,1753378831.26417,-51.831,-70.472,0,0,0,-0.236356941578553,-0.971666298771153,3.5,0,0,0,0,0,1753378816,1753378831.25566,-45.83,-59.123,0,0,0,-0.519590226040073,0.854415587991948,0,0,0,0,0,0,1753378816
151,1753378831.27243,-51.831,-70.472,0,0,0,-0.236356941578553,-0.971666298771153,3.5,0,0,0,0,0,1753378816,1753378831.26422,-45.83,-59.123,0,0,0,-0.519590226040073,0.854415587991948,0,0,0,0,0,0,1753378816
152,1753378831.28079,-51.831,-70.472,0,0,0,-0.236356941578553,-0.971666298771153,3.5,0,0,0,0,0,1753378816,1753378831.27245,-45.83,-59.123,0,0,0,-0.519590226040073,0.854415587991948,0,0,0,0,0,0,1753378816
153,1753378831.289,-51.831,-70.472,0,0,0,-0.236356941578553,-0.971666298771153,3.5,0,0,0,0,0,1753378816,1753378831.28082,-45.83,-59.123,0,0,0,-0.519590226040073,0.854415587991948,0,0,0,0,0,0,1753378816
154,1753378831.29745,-51.831,-70.472,0,0,0,-0.236356941578553,-0.971666298771153,3.5,0,0,0,0,0,1753378816,1753378831.28903,-45.83,-59.123,0,0,0,-0.519590226040073,0.854415587991948,0,0,0,0,0,0,1753378816
155,1753378831.30571,-51.831,-70.472,0,0,0,-0.236356941578553,-0.971666298771153,3.5,0,0,0,0,0,1753378816,1753378831.29748,-45.83,-59.123,0,0,0,-0.519590226040073,0.854415587991948,0,0,0,0,0,0,1753378816
156,1753378831.31405,-51.831,-70.472,0,0,0,-0.236356941578553,-0.971666298771153,3.5,0,0,0,0,0,1753378816,1753378831.30573,-45.83,-59.123,0,0,0,-0.519590226040073,0.854415587991948,0,0,0,0,0,0,1753378816
157,1753378831.3227,-51.831,-70.472,0,0,0,-0.236356941578553,-0.971666298771153,3.5,0,0,0,0,0,1753378816,1753378831.31408,-45.83,-59.123,0,0,0,-0.519590226040073,0.854415587991948,0,0,0,0,0,0,1753378816
158,1753378831.33103,-51.831,-70.472,0,0,0,-0.236356941578553,-0.971666298771153,3.5,0,0,0,0,0,1753378816,1753378831.32274,-45.83,-59.123,0,0,0,-0.519590226040073,0.854415587991948,0,0,0,0,0,0,1753378816
159,1753378831.33924,-51.831,-70.472,0,0,0,-0.236356941578553,-0.971666298771153,3.5,0,0,0,0,0,1753378816,1753378831.33109,-45.83,-59.123,0,0,0,-0.519590226040073,0.854415587991948,0,0,0,0,0,0,1753378816
160,1753378831.34757,-51.831,-70.472,0,0,0,-0.236356941578553,-0.971666298771153,3.5,0,0,0,0,0,1753378816,1753378831.33929,-45.83,-59.123,0,0,0,-0.519590226040073,0.854415587991948,0,0,0,0,0,0,1753378816
161,1753378831.35593,-51.831,-70.472,0,0,0,-0.236356941578553,-0.971666298771153,3.5,0,0,0,0,0,1753378816,1753378831.3476,-45.83,-59.123,0,0,0,-0.519590226040073,0.854415587991948,0,0,0,0,0,0,1753378816
162,1753378831.36408,-51.831,-70.472,0,0,0,-0.236356941578553,-0.971666298771153,3.5,0,0,0,0,0,1753378816,1753378831.35596,-45.83,-59.123,0,0,0,-0.519590226040073,0.854415587991948,0,0,0,0,0,0,1753378816
163,1753378831.37268,-51.831,-70.472,0,0,0,-0.236356941578553,-0.971666298771153,3.5,0,0,0,0,0,1753378816,1753378831.36411,-45.83,-59.123,0,0,0,-0.519590226040073,0.854415587991948,0,0,0,0,0,0,1753378816
164,1753378831.38092,-51.831,-70.472,0,0,0,-0.236356941578553,-0.971666298771153,3.5,0,0,0,0,0,1753378816,1753378831.37271,-45.83,-59.123,0,0,0,-0.519590226040073,0.854415587991948,0,0,0,0,0,0,1753378816
165,1753378831.38923,-51.831,-70.472,0,0,0,-0.236356941578553,-0.971666298771153,3.5,0,0,0,0,0,1753378816,1753378831.38095,-45.83,-59.123,0,0,0,-0.519590226040073,0.854415587991948,0,0,0,0,0,0,1753378816
166,1753378831.39734,-51.831,-70.472,0,0,0,-0.236356941578553,-0.971666298771153,3.5,0,0,0,0,0,1753378816,1753378831.38926,-45.83,-59.123,0,0,0,-0.519590226040073,0.854415587991948,0,0,0,0,0,0,1753378816
167,1753378831.40589,-51.831,-70.472,0,0,0,-0.236356941578553,-0.971666298771153,3.5,0,0,0,0,0,1753378816,1753378831.39736,-45.83,-59.123,0,0,0,-0.519590226040073,0.854415587991948,0,0,0,0,0,0,1753378816
168,1753378831.41438,-51.831,-70.472,0,0,0,-0.236356941578553,-0.971666298771153,3.5,0,0,0,0,0,1753378816,1753378831.40591,-45.83,-59.123,0,0,0,-0.519590226040073,0.854415587991948,0,0,0,0,0,0,1753378816
169,1753378831.42237,-51.831,-70.472,0,0,0,-0.236356941578553,-0.971666298771153,3.5,0,0,0,0,0,1753378816,1753378831.4144,-45.83,-59.123,0,0,0,-0.519590226040073,0.854415587991948,0,0,0,0,0,0,1753378816
170,1753378831.43077,-51.831,-70.472,0,0,0,-0.236356941578553,-0.971666298771153,3.5,0,0,0,0,0,1753378816,1753378831.42239,-45.83,-59.123,0,0,0,-0.519590226040073,0.854415587991948,0,0,0,0,0,0,1753378816
171,1753378831.43895,-51.831,-70.472,0,0,0,-0.236356941578553,-0.971666298771153,3.5,0,0,0,0,0,1753378816,1753378831.43079,-45.83,-59.123,0,0,0,-0.519590226040073,0.854415587991948,0,0,0,0,0,0,1753378816
172,1753378831.44737,-51.831,-70.472,0,0,0,-0.236356941578553,-0.971666298771153,3.5,0,0,0,0,0,1753378816,1753378831.43897,-45.83,-59.123,0,0,0,-0.519590226040073,0.854415587991948,0,0,0,0,0,0,1753378816
173,1753378831.4557,-51.831,-70.472,0,0,0,-0.236356941578553,-0.971666298771153,3.5,0,0,0,0,0,1753378816,1753378831.44739,-45.83,-59.123,0,0,0,-0.519590226040073,0.854415587991948,0,0,0,0,0,0,1753378816
174,1753378831.46395,-51.831,-70.472,0,0,0,-0.236356941578553,-0.971666298771153,3.5,0,0,0,0,0,1753378816,1753378831.45573,-45.83,-59.123,0,0,0,-0.519590226040073,0.854415587991948,0,0,0,0,0,0,1753378816
175,1753378831.47245,-51.831,-70.472,0,0,0,-0.236356941578553,-0.971666298771153,3.5,0,0,0,0,0,1753378816,1753378831.46397,-45.83,-59.123,0,0,0,-0.519590226040073,0.854415587991948,0,0,0,0,0,0,1753378816
176,1753378831.48086,-51.831,-70.472,0,0,0,-0.236356941578553,-0.971666298771153,3.5,0,0,0,0,0,1753378816,1753378831.47247,-45.83,-59.123,0,0,0,-0.519590226040073,0.854415587991948,0,0,0,0,0,0,1753378816
177,1753378831.48901,-51.831,-70.472,0,0,0,-0.236356941578553,-0.971666298771153,3.5,0,0,0,0,0,1753378816,1753378831.48089,-45.83,-59.123,0,0,0,-0.519590226040073,0.854415587991948,0,0,0,0,0,0,1753378816
178,1753378831.4974,-51.831,-70.472,0,0,0,-0.236356941578553,-0.971666298771153,3.5,0,0,0,0,0,1753378816,1753378831.48904,-45.83,-59.123,0,0,0,-0.519590226040073,0.854415587991948,0,0,0,0,0,0,1753378816
179,1753378831.50565,-51.831,-70.472,0,0,0,-0.236356941578553,-0.971666298771153,3.5,0,0,0,0,0,1753378816,1753378831.49743,-45.83,-59.123,0,0,0,-0.519590226040073,0.854415587991948,0,0,0,0,0,0,1753378816
180,1753378831.51402,-51.831,-70.472,0,0,0,-0.236356941578553,-0.971666298771153,3.5,0,0,0,0,0,1753378816,1753378831.50567,-45.83,-59.123,0,0,0,-0.519590226040073,0.854415587991948,0,0,0,0,0,0,1753378816
181,1753378831.52237,-51.831,-70.472,0,0,0,-0.236356941578553,-0.971666298771153,3.5,0,0,0,0,0,1753378816,1753378831.51404,-45.83,-59.123,0,0,0,-0.519590226040073,0.854415587991948,0,0,0,0,0,0,1753378816
182,1753378831.53079,-51.831,-70.472,0,0,0,-0.236356941578553,-0.971666298771153,3.5,0,0,0,0,0,1753378816,1753378831.52239,-45.83,-59.123,0,0,0,-0.519590226040073,0.854415587991948,0,0,0,0,0,0,1753378816
183,1753378831.53922,-51.831,-70.472,0,0,0,-0.236356941578553,-0.971666298771153,3.5,0,0,0,0,0,1753378816,1753378831.53082,-45.83,-59.123,0,0,0,-0.519590226040073,0.854415587991948,0,0,0,0,0,0,1753378816
184,1753378831.54775,-51.831,-70.472,0,0,0,-0.236356941578553,-0.971666298771153,3.5,0,0,0,0,0,1753378816,1753378831.53926,-45.83,-59.123,0,0,0,-0.519590226040073,0.854415587991948,0,0,0,0,0,0,1753378816
185,1753378831.55594,-51.831,-70.472,0,0,0,-0.236356941578553,-0.971666298771153,3.5,0,0,0,0,0,1753378816,1753378831.54779,-45.83,-59.123,0,0,0,-0.519590226040073,0.854415587991948,0,0,0,0,0,0,1753378816
186,1753378831.5642,-51.831,-70.472,0,0,0,-0.236356941578553,-0.971666298771153,3.5,0,0,0,0,0,1753378816,1753378831.55599,-45.83,-59.123,0,0,0,-0.519590226040073,0.854415587991948,0,0,0,0,0,0,1753378816
187,1753378831.57285,-51.831,-70.472,0,0,0,-0.236356941578553,-0.971666298771153,3.5,0,0,0,0,0,1753378816,1753378831.56424,-45.83,-59.123,0,0,0,-0.519590226040073,0.854415587991948,0,0,0,0,0,0,1753378816
188,1753378831.58108,-51.831,-70.472,0,0,0,-0.236356941578553,-0.971666298771153,3.5,0,0,0,0,0,1753378816,1753378831.57289,-45.83,-59.123,0,0,0,-0.519590226040073,0.854415587991948,0,0,0,0,0,0,1753378816
189,1753378831.58931,-51.831,-70.472,0,0,0,-0.236356941578553,-0.971666298771153,3.5,0,0,0,0,0,1753378816,1753378831.58113,-45.83,-59.123,0,0,0,-0.519590226040073,0.854415587991948,0,0,0,0,0,0,1753378816
190,1753378831.59744,-51.831,-70.472,0,0,0,-0.236356941578553,-0.971666298771153,3.5,0,0,0,0,0,1753378816,1753378831.5894,-45.83,-59.123,0,0,0,-0.519590226040073,0.854415587991948,0,0,0,0,0,0,1753378816
191,1753378831.60575,-51.831,-70.472,0,0,0,-0.236356941578553,-0.971666298771153,3.5,0,0,0,0,0,1753378816,1753378831.59746,-45.83,-59.123,0,0,0,-0.519590226040073,0.854415587991948,0,0,0,0,0,0,1753378816
192,1753378831.61394,-51.831,-70.472,0,0,0,-0.236356941578553,-0.971666298771153,3.5,0,0,0,0,0,1753378816,1753378831.60578,-45.83,-59.123,0,0,0,-0.519590226040073,0.854415587991948,0,0,0,0,0,0,1753378816
193,1753378831.62231,-51.831,-70.472,0,0,0,-0.236356941578553,-0.971666298771153,3.5,0,0,0,0,0,1753378816,1753378831.61396,-45.83,-59.123,0,0,0,-0.519590226040073,0.854415587991948,0,0,0,0,0,0,1753378816
194,1753378831.63116,-51.831,-70.472,0,0,0,-0.236356941578553,-0.971666298771153,3.5,0,0,0,0,0,1753378816,1753378831.62234,-45.83,-59.123,0,0,0,-0.519590226040073,0.854415587991948,0,0,0,0,0,0,1753378816
195,1753378831.63966,-51.831,-70.472,0,0,0,-0.236356941578553,-0.971666298771153,3.5,0,0,0,0,0,1753378816,1753378831.6312,-45.83,-59.123,0,0,0,-0.519590226040073,0.854415587991948,0,0,0,0,0,0,1753378816
196,1753378831.64746,-51.831,-70.472,0,0,0,-0.236356941578553,-0.971666298771153,3.5,0,0,0,0,0,1753378816,1753378831.6397,-45.83,-59.123,0,0,0,-0.519590226040073,0.854415587991948,0,0,0,0,0,0,1753378816
197,1753378831.65599,-51.831,-70.472,0,0,0,-0.236356941578553,-0.971666298771153,3.5,0,0,0,0,0,1753378816,1753378831.64749,-45.83,-59.123,0,0,0,-0.519590226040073,0.854415587991948,0,0,0,0,0,0,1753378816
198,1753378831.66471,-51.831,-70.472,0,0,0,-0.236356941578553,-0.971666298771153,3.5,0,0,0,0,0,1753378816,1753378831.65605,-45.83,-59.123,0,0,0,-0.519590226040073,0.854415587991948,0,0,0,0,0,0,1753378816
199,1753378831.67269,-51.831,-70.472,0,0,0,-0.236356941578553,-0.971666298771153,3.5,0,0,0,0,0,1753378816,1753378831.66476,-45.83,-59.123,0,0,0,-0.519590226040073,0.854415587991948,0,0,0,0,0,0,1753378816
200,1753378831.68079,-51.831,-70.472,0,0,0,-0.236356941578553,-0.971666298771153,3.5,0,0,0,0,0,1753378816,1753378831.67272,-45.83,-59.123,0,0,0,-0.519590226040073,0.854415587991948,0,0,0,0,0,0,1753378816
201,1753378831.68908,-51.831,-70.472,0,0,0,-0.236356941578553,-0.971666298771153,3.5,0,0,0,0,0,1753378816,1753378831.68081,-45.83,-59.123,0,0,0,-0.519590226040073,0.854415587991948,0,0,0,0,0,0,1753378816
202,1753378831.69745,-51.831,-70.472,0,0,0,-0.236356941578553,-0.971666298771153,3.5,0,0,0,0,0,1753378816,1753378831.68911,-45.83,-59.123,0,0,0,-0.519590226040073,0.854415587991948,0,0,0,0,0,0,1753378816
203,1753378831.7057,-51.831,-70.472,0,0,0,-0.236356941578553,-0.971666298771153,3.5,0,0,0,0,0,1753378816,1753378831.69748,-45.83,-59.123,0,0,0,-0.519590226040073,0.854415587991948,0,0,0,0,0,0,1753378816
204,1753378831.71408,-51.831,-70.472,0,0,0,-0.236356941578553,-0.971666298771153,3.5,0,0,0,0,0,1753378816,1753378831.70572,-45.83,-59.123,0,0,0,-0.519590226040073,0.854415587991948,0,0,0,0,0,0,1753378816
205,1753378831.72233,-51.831,-70.472,0,0,0,-0.236356941578553,-0.971666298771153,3.5,0,0,0,0,0,1753378816,1753378831.71411,-45.83,-59.123,0,0,0,-0.519590226040073,0.854415587991948,0,0,0,0,0,0,1753378816
206,1753378831.73087,-51.831,-70.472,0,0,0,-0.236356941578553,-0.971666298771153,3.5,0,0,0,0,0,1753378816,1753378831.72236,-45.83,-59.123,0,0,0,-0.519590226040073,0.854415587991948,0,0,0,0,0,0,1753378816
207,1753378831.739,-51.831,-70.472,0,0,0,-0.236356941578553,-0.971666298771153,3.5,0,0,0,0,0,1753378816,1753378831.7309,-45.83,-59.123,0,0,0,-0.519590226040073,0.854415587991948,0,0,0,0,0,0,1753378816
208,1753378831.74756,-51.831,-70.472,0,0,0,-0.236356941578553,-0.971666298771153,3.5,0,0,0,0,0,1753378816,1753378831.73902,-45.83,-59.123,0,0,0,-0.519590226040073,0.854415587991948,0,0,0,0,0,0,1753378816
209,1753378831.75605,-51.831,-70.472,0,0,0,-0.236356941578553,-0.971666298771153,3.5,0,0,0,0,0,1753378816,1753378831.74758,-45.83,-59.123,0,0,0,-0.519590226040073,0.854415587991948,0,0,0,0,0,0,1753378816
210,1753378831.76429,-51.831,-70.472,0,0,0,-0.236356941578553,-0.971666298771153,3.5,0,0,0,0,0,1753378816,1753378831.7561,-45.83,-59.123,0,0,0,-0.519590226040073,0.854415587991948,0,0,0,0,0,0,1753378816
211,1753378831.77275,-51.831,-70.472,0,0,0,-0.236356941578553,-0.971666298771153,3.5,0,0,0,0,0,1753378816,1753378831.76433,-45.83,-59.123,0,0,0,-0.519590226040073,0.854415587991948,0,0,0,0,0,0,1753378816
212,1753378831.78084,-51.831,-70.472,0,0,0,-0.236356941578553,-0.971666298771153,3.5,0,0,0,0,0,1753378816,1753378831.77279,-45.83,-59.123,0,0,0,-0.519590226040073,0.854415587991948,0,0,0,0,0,0,1753378816
213,1753378831.78914,-51.831,-70.472,0,0,0,-0.236356941578553,-0.971666298771153,3.5,0,0,0,0,0,1753378816,1753378831.78087,-45.83,-59.123,0,0,0,-0.519590226040073,0.854415587991948,0,0,0,0,0,0,1753378816
214,1753378831.79758,-51.831,-70.472,0,0,0,-0.236356941578553,-0.971666298771153,3.5,0,0,0,0,0,1753378816,1753378831.78916,-45.83,-59.123,0,0,0,-0.519590226040073,0.854415587991948,0,0,0,0,0,0,1753378816
215,1753378831.80576,-51.831,-70.472,0,0,0,-0.236356941578553,-0.971666298771153,3.5,0,0,0,0,0,1753378816,1753378831.7976,-45.83,-59.123,0,0,0,-0.519590226040073,0.854415587991948,0,0,0,0,0,0,1753378816
216,1753378831.81395,-51.831,-70.472,0,0,0,-0.236356941578553,-0.971666298771153,3.5,0,0,0,0,0,1753378816,1753378831.80579,-45.83,-59.123,0,0,0,-0.519590226040073,0.854415587991948,0,0,0,0,0,0,1753378816
217,1753378831.82224,-51.831,-70.472,0,0,0,-0.236356941578553,-0.971666298771153,3.5,0,0,0,0,0,1753378816,1753378831.81398,-45.83,-59.123,0,0,0,-0.519590226040073,0.854415587991948,0,0,0,0,0,0,1753378816
218,1753378831.83081,-51.831,-70.472,0,0,0,-0.236356941578553,-0.971666298771153,3.5,0,0,0,0,0,1753378816,1753378831.82226,-45.83,-59.123,0,0,0,-0.519590226040073,0.854415587991948,0,0,0,0,0,0,1753378816
219,1753378831.83898,-51.831,-70.472,0,0,0,-0.236356941578553,-0.971666298771153,3.5,0,0,0,0,0,1753378816,1753378831.83084,-45.83,-59.123,0,0,0,-0.519590226040073,0.854415587991948,0,0,0,0,0,0,1753378816
220,1753378831.84744,-51.831,-70.472,0,0,0,-0.236356941578553,-0.971666298771153,3.5,0,0,0,0,0,1753378816,1753378831.83901,-45.83,-59.123,0,0,0,-0.519590226040073,0.854415587991948,0,0,0,0,0,0,1753378816
221,1753378831.85572,-51.831,-70.472,0,0,0,-0.236356941578553,-0.971666298771153,3.5,0,0,0,0,0,1753378816,1753378831.84747,-45.83,-59.123,0,0,0,-0.519590226040073,0.854415587991948,0,0,0,0,0,0,1753378816
222,1753378831.86427,-51.831,-70.472,0,0,0,-0.236356941578553,-0.971666298771153,3.5,0,0,0,0,0,1753378816,1753378831.85574,-45.83,-59.123,0,0,0,-0.519590226040073,0.854415587991948,0,0,0,0,0,0,1753378816
223,1753378831.87278,-51.831,-70.472,0,0,0,-0.236356941578553,-0.971666298771153,3.5,0,0,0,0,0,1753378816,1753378831.86432,-45.83,-59.123,0,0,0,-0.519590226040073,0.854415587991948,0,0,0,0,0,0,1753378816
224,1753378831.8811,-51.831,-70.472,0,0,0,-0.236356941578553,-0.971666298771153,3.5,0,0,0,0,0,1753378816,1753378831.87282,-45.83,-59.123,0,0,0,-0.519590226040073,0.854415587991948,0,0,0,0,0,0,1753378816
225,1753378831.88931,-51.831,-70.472,0,0,0,-0.236356941578553,-0.971666298771153,3.5,0,0,0,0,0,1753378816,1753378831.88115,-45.83,-59.123,0,0,0,-0.519590226040073,0.854415587991948,0,0,0,0,0,0,1753378816
226,1753378831.89771,-51.831,-70.472,0,0,0,-0.236356941578553,-0.971666298771153,3.5,0,0,0,0,0,1753378816,1753378831.88935,-45.83,-59.123,0,0,0,-0.519590226040073,0.854415587991948,0,0,0,0,0,0,1753378816
227,1753378831.90561,-51.831,-70.472,0,0,0,-0.236356941578553,-0.971666298771153,3.5,0,0,0,0,0,1753378816,1753378831.89775,-45.83,-59.123,0,0,0,-0.519590226040073,0.854415587991948,0,0,0,0,0,0,1753378816
228,1753378831.91407,-51.831,-70.472,0,0,0,-0.236356941578553,-0.971666298771153,3.5,0,0,0,0,0,1753378816,1753378831.90563,-45.83,-59.123,0,0,0,-0.519590226040073,0.854415587991948,0,0,0,0,0,0,1753378816
229,1753378831.92262,-51.831,-70.472,0,0,0,-0.236356941578553,-0.971666298771153,3.5,0,0,0,0,0,1753378816,1753378831.9141,-45.83,-59.123,0,0,0,-0.519590226040073,0.854415587991948,0,0,0,0,0,0,1753378816
230,1753378831.93085,-51.831,-70.472,0,0,0,-0.236356941578553,-0.971666298771153,3.5,0,0,0,0,0,1753378816,1753378831.92266,-45.83,-59.123,0,0,0,-0.519590226040073,0.854415587991948,0,0,0,0,0,0,1753378816
231,1753378831.93901,-51.831,-70.472,0,0,0,-0.236356941578553,-0.971666298771153,3.5,0,0,0,0,0,1753378816,1753378831.93088,-45.83,-59.123,0,0,0,-0.519590226040073,0.854415587991948,0,0,0,0,0,0,1753378816
232,1753378831.94776,-51.831,-70.472,0,0,0,-0.236356941578553,-0.971666298771153,3.5,0,0,0,0,0,1753378816,1753378831.93904,-45.83,-59.123,0,0,0,-0.519590226040073,0.854415587991948,0,0,0,0,0,0,1753378816
233,1753378831.95569,-51.831,-70.472,0,0,0,-0.236356941578553,-0.971666298771153,3.5,0,0,0,0,0,1753378816,1753378831.94781,-45.83,-59.123,0,0,0,-0.519590226040073,0.854415587991948,0,0,0,0,0,0,1753378816
234,1753378831.96395,-51.831,-70.472,0,0,0,-0.236356941578553,-0.971666298771153,3.5,0,0,0,0,0,1753378816,1753378831.95572,-45.83,-59.123,0,0,0,-0.519590226040073,0.854415587991948,0,0,0,0,0,0,1753378816
235,1753378831.97264,-51.831,-70.472,0,0,0,-0.236356941578553,-0.971666298771153,3.5,0,0,0,0,0,1753378816,1753378831.96397,-45.83,-59.123,0,0,0,-0.519590226040073,0.854415587991948,0,0,0,0,0,0,1753378816
236,1753378831.98093,-51.831,-70.472,0,0,0,-0.236356941578553,-0.971666298771153,3.5,0,0,0,0,0,1753378816,1753378831.97267,-45.83,-59.123,0,0,0,-0.519590226040073,0.854415587991948,0,0,0,0,0,0,1753378816
237,1753378831.98991,-51.831,-70.472,0,0,0,-0.236356941578553,-0.971666298771153,3.5,0,0,0,0,0,1753378816,1753378831.98097,-45.83,-59.123,0,0,0,-0.519590226040073,0.854415587991948,0,0,0,0,0,0,1753378816
238,1753378831.99757,-51.831,-70.472,0,0,0,-0.236356941578553,-0.971666298771153,3.5,0,0,0,0,0,1753378816,1753378831.98994,-45.83,-59.123,0,0,0,-0.519590226040073,0.854415587991948,0,0,0,0,0,0,1753378816
239,1753378832.00569,-51.831,-70.472,0,0,0,-0.236356941578553,-0.971666298771153,3.5,0,0,0,0,0,1753378816,1753378831.9976,-45.83,-59.123,0,0,0,-0.519590226040073,0.854415587991948,0,0,0,0,0,0,1753378816
240,1753378832.0141,-51.831,-70.472,0,0,0,-0.236356941578553,-0.971666298771153,3.5,0,0,0,0,0,1753378816,1753378832.00571,-45.83,-59.123,0,0,0,-0.519590226040073,0.854415587991948,0,0,0,0,0,0,1753378816
241,1753378832.02218,-51.831,-70.472,0,0,0,-0.236356941578553,-0.971666298771153,3.5,0,0,0,0,0,1753378816,1753378832.01413,-45.83,-59.123,0,0,0,-0.519590226040073,0.854415587991948,0,0,0,0,0,0,1753378816
242,1753378832.03109,-51.831,-70.472,0,0,0,-0.236356941578553,-0.971666298771153,3.5,0,0,0,0,0,1753378816,1753378832.0222,-45.83,-59.123,0,0,0,-0.519590226040073,0.854415587991948,0,0,0,0,0,0,1753378816
243,1753378832.03938,-51.831,-70.472,0,0,0,-0.236356941578553,-0.971666298771153,3.5,0,0,0,0,0,1753378816,1753378832.03114,-45.83,-59.123,0,0,0,-0.519590226040073,0.854415587991948,0,0,0,0,0,0,1753378816
244,1753378832.04743,-51.831,-70.472,0,0,0,-0.236356941578553,-0.971666298771153,3.5,0,0,0,0,0,1753378816,1753378832.03942,-45.83,-59.123,0,0,0,-0.519590226040073,0.854415587991948,0,0,0,0,0,0,1753378816
245,1753378832.05571,-51.831,-70.472,0,0,0,-0.236356941578553,-0.971666298771153,3.5,0,0,0,0,0,1753378816,1753378832.04746,-45.83,-59.123,0,0,0,-0.519590226040073,0.854415587991948,0,0,0,0,0,0,1753378816
246,1753378832.06406,-51.831,-70.472,0,0,0,-0.236356941578553,-0.971666298771153,3.5,0,0,0,0,0,1753378816,1753378832.05573,-45.83,-59.123,0,0,0,-0.519590226040073,0.854415587991948,0,0,0,0,0,0,1753378816
247,1753378832.07295,-51.831,-70.472,0,0,0,-0.236356941578553,-0.971666298771153,3.5,0,0,0,0,0,1753378816,1753378832.06411,-45.83,-59.123,0,0,0,-0.519590226040073,0.854415587991948,0,0,0,0,0,0,1753378816
248,1753378832.08094,-51.831,-70.472,0,0,0,-0.236356941578553,-0.971666298771153,3.5,0,0,0,0,0,1753378816,1753378832.073,-45.83,-59.123,0,0,0,-0.519590226040073,0.854415587991948,0,0,0,0,0,0,1753378816
249,1753378832.08902,-51.831,-70.472,0,0,0,-0.236356941578553,-0.971666298771153,3.5,0,0,0,0,0,1753378816,1753378832.08097,-45.83,-59.123,0,0,0,-0.519590226040073,0.854415587991948,0,0,0,0,0,0,1753378816
250,1753378832.09763,-51.831,-70.472,0,0,0,-0.236356941578553,-0.971666298771153,3.5,0,0,0,0,0,1753378816,1753378832.08904,-45.83,-59.123,0,0,0,-0.519590226040073,0.854415587991948,0,0,0,0,0,0,1753378816
251,1753378832.10566,-51.831,-70.472,0,0,0,-0.236356941578553,-0.971666298771153,3.5,0,0,0,0,0,1753378816,1753378832.09766,-45.83,-59.123,0,0,0,-0.519590226040073,0.854415587991948,0,0,0,0,0,0,1753378816
252,1753378832.11402,-51.831,-70.472,0,0,0,-0.236356941578553,-0.971666298771153,3.5,0,0,0,0,0,1753378816,1753378832.10568,-45.83,-59.123,0,0,0,-0.519590226040073,0.854415587991948,0,0,0,0,0,0,1753378816
253,1753378832.1222,-51.831,-70.472,0,0,0,-0.236356941578553,-0.971666298771153,3.5,0,0,0,0,0,1753378816,1753378832.11404,-45.83,-59.123,0,0,0,-0.519590226040073,0.854415587991948,0,0,0,0,0,0,1753378816
254,1753378832.13073,-51.831,-70.472,0,0,0,-0.236356941578553,-0.971666298771153,3.5,0,0,0,0,0,1753378816,1753378832.12222,-45.83,-59.123,0,0,0,-0.519590226040073,0.854415587991948,0,0,0,0,0,0,1753378816
255,1753378832.13916,-51.831,-70.472,0,0,0,-0.236356941578553,-0.971666298771153,3.5,0,0,0,0,0,1753378816,1753378832.13076,-45.83,-59.123,0,0,0,-0.519590226040073,0.854415587991948,0,0,0,0,0,0,1753378816
256,1753378832.14738,-51.831,-70.472,0,0,0,-0.236356941578553,-0.971666298771153,3.5,0,0,0,0,0,1753378816,1753378832.13918,-45.83,-59.123,0,0,0,-0.519590226040073,0.854415587991948,0,0,0,0,0,0,1753378816
257,1753378832.15574,-51.831,-70.472,0,0,0,-0.236356941578553,-0.971666298771153,3.5,0,0,0,0,0,1753378816,1753378832.14741,-45.83,-59.123,0,0,0,-0.519590226040073,0.854415587991948,0,0,0,0,0,0,1753378816
258,1753378832.16403,-51.831,-70.472,0,0,0,-0.236356941578553,-0.971666298771153,3.5,0,0,0,0,0,1753378816,1753378832.15576,-45.83,-59.123,0,0,0,-0.519590226040073,0.854415587991948,0,0,0,0,0,0,1753378816
259,1753378832.17274,-51.831,-70.472,0,0,0,-0.236356941578553,-0.971666298771153,3.5,0,0,0,0,0,1753378816,1753378832.16406,-45.83,-59.123,0,0,0,-0.519590226040073,0.854415587991948,0,0,0,0,0,0,1753378816
260,1753378832.18075,-51.831,-70.472,0,0,0,-0.236356941578553,-0.971666298771153,3.5,0,0,0,0,0,1753378816,1753378832.17277,-45.83,-59.123,0,0,0,-0.519590226040073,0.854415587991948,0,0,0,0,0,0,1753378816
261,1753378832.18903,-51.831,-70.472,0,0,0,-0.236356941578553,-0.971666298771153,3.5,0,0,0,0,0,1753378816,1753378832.18078,-45.83,-59.123,0,0,0,-0.519590226040073,0.854415587991948,0,0,0,0,0,0,1753378816
262,1753378832.19744,-51.831,-70.472,0,0,0,-0.236356941578553,-0.971666298771153,3.5,0,0,0,0,0,1753378816,1753378832.18905,-45.83,-59.123,0,0,0,-0.519590226040073,0.854415587991948,0,0,0,0,0,0,1753378816
263,1753378832.20562,-51.831,-70.472,0,0,0,-0.236356941578553,-0.971666298771153,3.5,0,0,0,0,0,1753378816,1753378832.19746,-45.83,-59.123,0,0,0,-0.519590226040073,0.854415587991948,0,0,0,0,0,0,1753378816
264,1753378832.21397,-51.831,-70.472,0,0,0,-0.236356941578553,-0.971666298771153,3.5,0,0,0,0,0,1753378816,1753378832.20564,-45.83,-59.123,0,0,0,-0.519590226040073,0.854415587991948,0,0,0,0,0,0,1753378816
265,1753378832.22236,-51.831,-70.472,0,0,0,-0.236356941578553,-0.971666298771153,3.5,0,0,0,0,0,1753378816,1753378832.21399,-45.83,-59.123,0,0,0,-0.519590226040073,0.854415587991948,0,0,0,0,0,0,1753378816
266,1753378832.23083,-51.831,-70.472,0,0,0,-0.236356941578553,-0.971666298771153,3.5,0,0,0,0,0,1753378816,1753378832.22238,-45.83,-59.123,0,0,0,-0.519590226040073,0.854415587991948,0,0,0,0,0,0,1753378816
267,1753378832.23899,-51.831,-70.472,0,0,0,-0.236356941578553,-0.971666298771153,3.5,0,0,0,0,0,1753378816,1753378832.23085,-45.83,-59.123,0,0,0,-0.519590226040073,0.854415587991948,0,0,0,0,0,0,1753378816
268,1753378832.24744,-51.831,-70.472,0,0,0,-0.236356941578553,-0.971666298771153,3.5,0,0,0,0,0,1753378816,1753378832.23901,-45.83,-59.123,0,0,0,-0.519590226040073,0.854415587991948,0,0,0,0,0,0,1753378816
269,1753378832.25572,-51.831,-70.472,0,0,0,-0.236356941578553,-0.971666298771153,3.5,0,0,0,0,0,1753378816,1753378832.24746,-45.83,-59.123,0,0,0,-0.519590226040073,0.854415587991948,0,0,0,0,0,0,1753378816
270,1753378832.26399,-51.831,-70.472,0,0,0,-0.236356941578553,-0.971666298771153,3.5,0,0,0,0,0,1753378816,1753378832.25575,-45.83,-59.123,0,0,0,-0.519590226040073,0.854415587991948,0,0,0,0,0,0,1753378816
271,1753378832.27267,-51.831,-70.472,0,0,0,-0.236356941578553,-0.971666298771153,3.5,0,0,0,0,0,1753378816,1753378832.26401,-45.83,-59.123,0,0,0,-0.519590226040073,0.854415587991948,0,0,0,0,0,0,1753378816
272,1753378832.28072,-51.831,-70.472,0,0,0,-0.236356941578553,-0.971666298771153,3.5,0,0,0,0,0,1753378816,1753378832.27269,-45.83,-59.123,0,0,0,-0.519590226040073,0.854415587991948,0,0,0,0,0,0,1753378816
273,1753378832.28903,-51.831,-70.472,0,0,0,-0.236356941578553,-0.971666298771153,3.5,0,0,0,0,0,1753378816,1753378832.28074,-45.83,-59.123,0,0,0,-0.519590226040073,0.854415587991948,0,0,0,0,0,0,1753378816
274,1753378832.29746,-51.831,-70.472,0,0,0,-0.236356941578553,-0.971666298771153,3.5,0,0,0,0,0,1753378816,1753378832.28905,-45.83,-59.123,0,0,0,-0.519590226040073,0.854415587991948,0,0,0,0,0,0,1753378816
275,1753378832.3057,-51.831,-70.472,0,0,0,-0.236356941578553,-0.971666298771153,3.5,0,0,0,0,0,1753378816,1753378832.29748,-45.83,-59.123,0,0,0,-0.519590226040073,0.854415587991948,0,0,0,0,0,0,1753378816
276,1753378832.31407,-51.831,-70.472,0,0,0,-0.236356941578553,-0.971666298771153,3.5,0,0,0,0,0,1753378816,1753378832.30572,-45.83,-59.123,0,0,0,-0.519590226040073,0.854415587991948,0,0,0,0,0,0,1753378816
277,1753378832.32238,-51.831,-70.472,0,0,0,-0.236356941578553,-0.971666298771153,3.5,0,0,0,0,0,1753378816,1753378832.3141,-45.83,-59.123,0,0,0,-0.519590226040073,0.854415587991948,0,0,0,0,0,0,1753378816
278,1753378832.33081,-51.831,-70.472,0,0,0,-0.236356941578553,-0.971666298771153,3.5,0,0,0,0,0,1753378816,1753378832.32241,-45.83,-59.123,0,0,0,-0.519590226040073,0.854415587991948,0,0,0,0,0,0,1753378816
279,1753378832.3392,-51.831,-70.472,0,0,0,-0.236356941578553,-0.971666298771153,3.5,0,0,0,0,0,1753378816,1753378832.33083,-45.83,-59.123,0,0,0,-0.519590226040073,0.854415587991948,0,0,0,0,0,0,1753378816
280,1753378832.34753,-51.831,-70.472,0,0,0,-0.236356941578553,-0.971666298771153,3.5,0,0,0,0,0,1753378816,1753378832.33923,-45.83,-59.123,0,0,0,-0.519590226040073,0.854415587991948,0,0,0,0,0,0,1753378816
281,1753378832.35572,-51.831,-70.472,0,0,0,-0.236356941578553,-0.971666298771153,3.5,0,0,0,0,0,1753378816,1753378832.3476,-45.83,-59.123,0,0,0,-0.519590226040073,0.854415587991948,0,0,0,0,0,0,1753378816
282,1753378832.36408,-51.831,-70.472,0,0,0,-0.236356941578553,-0.971666298771153,3.5,0,0,0,0,0,1753378816,1753378832.35574,-45.83,-59.123,0,0,0,-0.519590226040073,0.854415587991948,0,0,0,0,0,0,1753378816
283,1753378832.37251,-51.831,-70.472,0,0,0,-0.236356941578553,-0.971666298771153,3.5,0,0,0,0,0,1753378816,1753378832.36411,-45.83,-59.123,0,0,0,-0.519590226040073,0.854415587991948,0,0,0,0,0,0,1753378816
284,1753378832.38074,-51.831,-70.472,0,0,0,-0.236356941578553,-0.971666298771153,3.5,0,0,0,0,0,1753378816,1753378832.37253,-45.83,-59.123,0,0,0,-0.519590226040073,0.854415587991948,0,0,0,0,0,0,1753378816
285,1753378832.38897,-51.831,-70.472,0,0,0,-0.236356941578553,-0.971666298771153,3.5,0,0,0,0,0,1753378816,1753378832.38076,-45.83,-59.123,0,0,0,-0.519590226040073,0.854415587991948,0,0,0,0,0,0,1753378816
286,1753378832.39741,-51.831,-70.472,0,0,0,-0.236356941578553,-0.971666298771153,3.5,0,0,0,0,0,1753378816,1753378832.38899,-45.83,-59.123,0,0,0,-0.519590226040073,0.854415587991948,0,0,0,0,0,0,1753378816
287,1753378832.40579,-51.831,-70.472,0,0,0,-0.236356941578553,-0.971666298771153,3.5,0,0,0,0,0,1753378816,1753378832.39744,-45.83,-59.123,0,0,0,-0.519590226040073,0.854415587991948,0,0,0,0,0,0,1753378816
288,1753378832.41416,-51.831,-70.472,0,0,0,-0.236356941578553,-0.971666298771153,3.5,0,0,0,0,0,1753378816,1753378832.40581,-45.83,-59.123,0,0,0,-0.519590226040073,0.854415587991948,0,0,0,0,0,0,1753378816
289,1753378832.42242,-51.831,-70.472,0,0,0,-0.236356941578553,-0.971666298771153,3.5,0,0,0,0,0,1753378816,1753378832.41418,-45.83,-59.123,0,0,0,-0.519590226040073,0.854415587991948,0,0,0,0,0,0,1753378816
290,1753378832.43091,-51.831,-70.472,0,0,0,-0.236356941578553,-0.971666298771153,3.5,0,0,0,0,0,1753378816,1753378832.42244,-45.83,-59.123,0,0,0,-0.519590226040073,0.854415587991948,0,0,0,0,0,0,1753378816
291,1753378832.43925,-51.831,-70.472,0,0,0,-0.236356941578553,-0.971666298771153,3.5,0,0,0,0,0,1753378816,1753378832.43095,-45.83,-59.123,0,0,0,-0.519590226040073,0.854415587991948,0,0,0,0,0,0,1753378816
292,1753378832.44755,-51.831,-70.472,0,0,0,-0.236356941578553,-0.971666298771153,3.5,0,0,0,0,0,1753378816,1753378832.4393,-45.83,-59.123,0,0,0,-0.519590226040073,0.854415587991948,0,0,0,0,0,0,1753378816
293,1753378832.45565,-51.831,-70.472,0,0,0,-0.236356941578553,-0.971666298771153,3.5,0,0,0,0,0,1753378816,1753378832.44757,-45.83,-59.123,0,0,0,-0.519590226040073,0.854415587991948,0,0,0,0,0,0,1753378816
294,1753378832.46405,-51.831,-70.472,0,0,0,-0.236356941578553,-0.971666298771153,3.5,0,0,0,0,0,1753378816,1753378832.45567,-45.83,-59.123,0,0,0,-0.519590226040073,0.854415587991948,0,0,0,0,0,0,1753378816
295,1753378832.47292,-51.831,-70.472,0,0,0,-0.236356941578553,-0.971666298771153,3.5,0,0,0,0,0,1753378816,1753378832.46408,-45.83,-59.123,0,0,0,-0.519590226040073,0.854415587991948,0,0,0,0,0,0,1753378816
296,1753378832.48077,-51.831,-70.472,0,0,0,-0.236356941578553,-0.971666298771153,3.5,0,0,0,0,0,1753378816,1753378832.47297,-45.83,-59.123,0,0,0,-0.519590226040073,0.854415587991948,0,0,0,0,0,0,1753378816
297,1753378832.48902,-51.831,-70.472,0,0,0,-0.236356941578553,-0.971666298771153,3.5,0,0,0,0,0,1753378816,1753378832.4808,-45.83,-59.123,0,0,0,-0.519590226040073,0.854415587991948,0,0,0,0,0,0,1753378816
298,1753378832.49735,-51.831,-70.472,0,0,0,-0.236356941578553,-0.971666298771153,3.5,0,0,0,0,0,1753378816,1753378832.48905,-45.83,-59.123,0,0,0,-0.519590226040073,0.854415587991948,0,0,0,0,0,0,1753378816
299,1753378832.50566,-51.831,-70.472,0,0,0,-0.236356941578553,-0.971666298771153,3.5,0,0,0,0,0,1753378816,1753378832.49737,-45.83,-59.123,0,0,0,-0.519590226040073,0.854415587991948,0,0,0,0,0,0,1753378816
300,1753378832.51403,-51.831,-70.472,0,0,0,-0.236356941578553,-0.971666298771153,3.5,0,0,0,0,0,1753378816,1753378832.50568,-45.83,-59.123,0,0,0,-0.519590226040073,0.854415587991948,0,0,0,0,0,0,1753378816
301,1753378832.52245,-51.831,-70.472,0,0,0,-0.236356941578553,-0.971666298771153,3.5,0,0,0,0,0,1753378816,1753378832.51406,-45.83,-59.123,0,0,0,-0.519590226040073,0.854415587991948,0,0,0,0,0,0,1753378816
302,1753378832.53077,-51.831,-70.472,0,0,0,-0.236356941578553,-0.971666298771153,3.5,0,0,0,0,0,1753378816,1753378832.52248,-45.83,-59.123,0,0,0,-0.519590226040073,0.854415587991948,0,0,0,0,0,0,1753378816
303,1753378832.53923,-51.831,-70.472,0,0,0,-0.236356941578553,-0.971666298771153,3.5,0,0,0,0,0,1753378816,1753378832.5308,-45.83,-59.123,0,0,0,-0.519590226040073,0.854415587991948,0,0,0,0,0,0,1753378816
304,1753378832.54739,-51.831,-70.472,0,0,0,-0.236356941578553,-0.971666298771153,3.5,0,0,0,0,0,1753378816,1753378832.53929,-45.83,-59.123,0,0,0,-0.519590226040073,0.854415587991948,0,0,0,0,0,0,1753378816
305,1753378832.55577,-51.831,-70.472,0,0,0,-0.236356941578553,-0.971666298771153,3.5,0,0,0,0,0,1753378816,1753378832.54742,-45.83,-59.123,0,0,0,-0.519590226040073,0.854415587991948,0,0,0,0,0,0,1753378816
306,1753378832.56401,-51.831,-70.472,0,0,0,-0.236356941578553,-0.971666298771153,3.5,0,0,0,0,0,1753378816,1753378832.55579,-45.83,-59.123,0,0,0,-0.519590226040073,0.854415587991948,0,0,0,0,0,0,1753378816
307,1753378832.57254,-51.831,-70.472,0,0,0,-0.236356941578553,-0.971666298771153,3.5,0,0,0,0,0,1753378816,1753378832.56403,-45.83,-59.123,0,0,0,-0.519590226040073,0.854415587991948,0,0,0,0,0,0,1753378816
308,1753378832.58074,-51.831,-70.472,0,0,0,-0.236356941578553,-0.971666298771153,3.5,0,0,0,0,0,1753378816,1753378832.57256,-45.83,-59.123,0,0,0,-0.519590226040073,0.854415587991948,0,0,0,0,0,0,1753378816
309,1753378832.58916,-51.831,-70.472,0,0,0,-0.236356941578553,-0.971666298771153,3.5,0,0,0,0,0,1753378816,1753378832.58077,-45.83,-59.123,0,0,0,-0.519590226040073,0.854415587991948,0,0,0,0,0,0,1753378816
310,1753378832.59756,-51.831,-70.472,0,0,0,-0.236356941578553,-0.971666298771153,3.5,0,0,0,0,0,1753378816,1753378832.58918,-45.83,-59.123,0,0,0,-0.519590226040073,0.854415587991948,0,0,0,0,0,0,1753378816
311,1753378832.60569,-51.831,-70.472,0,0,0,-0.236356941578553,-0.971666298771153,3.5,0,0,0,0,0,1753378816,1753378832.59759,-45.83,-59.123,0,0,0,-0.519590226040073,0.854415587991948,0,0,0,0,0,0,1753378816
312,1753378832.61417,-51.831,-70.472,0,0,0,-0.236356941578553,-0.971666298771153,3.5,0,0,0,0,0,1753378816,1753378832.60572,-45.83,-59.123,0,0,0,-0.519590226040073,0.854415587991948,0,0,0,0,0,0,1753378816
313,1753378832.62272,-51.831,-70.472,0,0,0,-0.236356941578553,-0.971666298771153,3.5,0,0,0,0,0,1753378816,1753378832.6142,-45.83,-59.123,0,0,0,-0.519590226040073,0.854415587991948,0,0,0,0,0,0,1753378816
314,1753378832.63081,-51.831,-70.472,0,0,0,-0.236356941578553,-0.971666298771153,3.5,0,0,0,0,0,1753378816,1753378832.62275,-45.83,-59.123,0,0,0,-0.519590226040073,0.854415587991948,0,0,0,0,0,0,1753378816
315,1753378832.63902,-51.831,-70.472,0,0,0,-0.236356941578553,-0.971666298771153,3.5,0,0,0,0,0,1753378816,1753378832.63084,-45.83,-59.123,0,0,0,-0.519590226040073,0.854415587991948,0,0,0,0,0,0,1753378816
316,1753378832.64743,-51.831,-70.472,0,0,0,-0.236356941578553,-0.971666298771153,3.5,0,0,0,0,0,1753378816,1753378832.63905,-45.83,-59.123,0,0,0,-0.519590226040073,0.854415587991948,0,0,0,0,0,0,1753378816
317,1753378832.65566,-51.831,-70.472,0,0,0,-0.236356941578553,-0.971666298771153,3.5,0,0,0,0,0,1753378816,1753378832.64745,-45.83,-59.123,0,0,0,-0.519590226040073,0.854415587991948,0,0,0,0,0,0,1753378816
318,1753378832.66408,-51.831,-70.472,0,0,0,-0.236356941578553,-0.971666298771153,3.5,0,0,0,0,0,1753378816,1753378832.65568,-45.83,-59.123,0,0,0,-0.519590226040073,0.854415587991948,0,0,0,0,0,0,1753378816
319,1753378832.67227,-51.831,-70.472,0,0,0,-0.236356941578553,-0.971666298771153,3.5,0,0,0,0,0,1753378816,1753378832.66411,-45.83,-59.123,0,0,0,-0.519590226040073,0.854415587991948,0,0,0,0,0,0,1753378816
320,1753378832.68087,-51.831,-70.472,0,0,0,-0.236356941578553,-0.971666298771153,3.5,0,0,0,0,0,1753378816,1753378832.6723,-45.83,-59.123,0,0,0,-0.519590226040073,0.854415587991948,0,0,0,0,0,0,1753378816
321,1753378832.6893,-51.831,-70.472,0,0,0,-0.236356941578553,-0.971666298771153,3.5,0,0,0,0,0,1753378816,1753378832.68091,-45.83,-59.123,0,0,0,-0.519590226040073,0.854415587991948,0,0,0,0,0,0,1753378816
322,1753378832.69742,-51.831,-70.472,0,0,0,-0.236356941578553,-0.971666298771153,3.5,0,0,0,0,0,1753378816,1753378832.68933,-45.83,-59.123,0,0,0,-0.519590226040073,0.854415587991948,0,0,0,0,0,0,1753378816
323,1753378832.70572,-51.831,-70.472,0,0,0,-0.236356941578553,-0.971666298771153,3.5,0,0,0,0,0,1753378816,1753378832.69744,-45.83,-59.123,0,0,0,-0.519590226040073,0.854415587991948,0,0,0,0,0,0,1753378816
324,1753378832.71416,-51.831,-70.472,0,0,0,-0.236356941578553,-0.971666298771153,3.5,0,0,0,0,0,1753378816,1753378832.70574,-45.83,-59.123,0,0,0,-0.519590226040073,0.854415587991948,0,0,0,0,0,0,1753378816
325,1753378832.72236,-51.831,-70.472,0,0,0,-0.236356941578553,-0.971666298771153,3.5,0,0,0,0,0,1753378816,1753378832.71419,-45.83,-59.123,0,0,0,-0.519590226040073,0.854415587991948,0,0,0,0,0,0,1753378816
326,1753378832.73093,-51.831,-70.472,0,0,0,-0.236356941578553,-0.971666298771153,3.5,0,0,0,0,0,1753378816,1753378832.72238,-45.83,-59.123,0,0,0,-0.519590226040073,0.854415587991948,0,0,0,0,0,0,1753378816
327,1753378832.73902,-51.831,-70.472,0,0,0,-0.236356941578553,-0.971666298771153,3.5,0,0,0,0,0,1753378816,1753378832.73096,-45.83,-59.123,0,0,0,-0.519590226040073,0.854415587991948,0,0,0,0,0,0,1753378816
328,1753378832.74747,-51.831,-70.472,0,0,0,-0.236356941578553,-0.971666298771153,3.5,0,0,0,0,0,1753378816,1753378832.73904,-45.83,-59.123,0,0,0,-0.519590226040073,0.854415587991948,0,0,0,0,0,0,1753378816
329,1753378832.75566,-51.831,-70.472,0,0,0,-0.236356941578553,-0.971666298771153,3.5,0,0,0,0,0,1753378816,1753378832.74749,-45.83,-59.123,0,0,0,-0.519590226040073,0.854415587991948,0,0,0,0,0,0,1753378816
330,1753378832.76401,-51.831,-70.472,0,0,0,-0.236356941578553,-0.971666298771153,3.5,0,0,0,0,0,1753378816,1753378832.75569,-45.83,-59.123,0,0,0,-0.519590226040073,0.854415587991948,0,0,0,0,0,0,1753378816
331,1753378832.77237,-51.831,-70.472,0,0,0,-0.236356941578553,-0.971666298771153,3.5,0,0,0,0,0,1753378816,1753378832.76403,-45.83,-59.123,0,0,0,-0.519590226040073,0.854415587991948,0,0,0,0,0,0,1753378816
332,1753378832.78075,-51.831,-70.472,0,0,0,-0.236356941578553,-0.971666298771153,3.5,0,0,0,0,0,1753378816,1753378832.7724,-45.83,-59.123,0,0,0,-0.519590226040073,0.854415587991948,0,0,0,0,0,0,1753378816
333,1753378832.78901,-51.831,-70.472,0,0,0,-0.236356941578553,-0.971666298771153,3.5,0,0,0,0,0,1753378816,1753378832.78078,-45.83,-59.123,0,0,0,-0.519590226040073,0.854415587991948,0,0,0,0,0,0,1753378816
334,1753378832.79733,-51.831,-70.472,0,0,0,-0.236356941578553,-0.971666298771153,3.5,0,0,0,0,0,1753378816,1753378832.78903,-45.83,-59.123,0,0,0,-0.519590226040073,0.854415587991948,0,0,0,0,0,0,1753378816
335,1753378832.80597,-51.831,-70.472,0,0,0,-0.236356941578553,-0.971666298771153,3.5,0,0,0,0,0,1753378816,1753378832.79735,-45.83,-59.123,0,0,0,-0.519590226040073,0.854415587991948,0,0,0,0,0,0,1753378816
336,1753378832.81432,-51.831,-70.472,0,0,0,-0.236356941578553,-0.971666298771153,3.5,0,0,0,0,0,1753378816,1753378832.80601,-45.83,-59.123,0,0,0,-0.519590226040073,0.854415587991948,0,0,0,0,0,0,1753378816
337,1753378832.82281,-51.831,-70.472,0,0,0,-0.236356941578553,-0.971666298771153,3.5,0,0,0,0,0,1753378816,1753378832.81437,-45.83,-59.123,0,0,0,-0.519590226040073,0.854415587991948,0,0,0,0,0,0,1753378816
338,1753378832.83101,-51.831,-70.472,0,0,0,-0.236356941578553,-0.971666298771153,3.5,0,0,0,0,0,1753378816,1753378832.82285,-45.83,-59.123,0,0,0,-0.519590226040073,0.854415587991948,0,0,0,0,0,0,1753378816
339,1753378832.83944,-51.831,-70.472,0,0,0,-0.236356941578553,-0.971666298771153,3.5,0,0,0,0,0,1753378816,1753378832.83105,-45.83,-59.123,0,0,0,-0.519590226040073,0.854415587991948,0,0,0,0,0,0,1753378816
340,1753378832.84758,-51.831,-70.472,0,0,0,-0.236356941578553,-0.971666298771153,3.5,0,0,0,0,0,1753378816,1753378832.83948,-45.83,-59.123,0,0,0,-0.519590226040073,0.854415587991948,0,0,0,0,0,0,1753378816
341,1753378832.85569,-51.831,-70.472,0,0,0,-0.236356941578553,-0.971666298771153,3.5,0,0,0,0,0,1753378816,1753378832.84763,-45.83,-59.123,0,0,0,-0.519590226040073,0.854415587991948,0,0,0,0,0,0,1753378816
342,1753378832.86426,-51.831,-70.472,0,0,0,-0.236356941578553,-0.971666298771153,3.5,0,0,0,0,0,1753378816,1753378832.85571,-45.83,-59.123,0,0,0,-0.519590226040073,0.854415587991948,0,0,0,0,0,0,1753378816
343,1753378832.87312,-51.831,-70.472,0,0,0,-0.236356941578553,-0.971666298771153,3.5,0,0,0,0,0,1753378816,1753378832.86433,-45.83,-59.123,0,0,0,-0.519590226040073,0.854415587991948,0,0,0,0,0,0,1753378816
344,1753378832.88072,-51.831,-70.472,0,0,0,-0.236356941578553,-0.971666298771153,3.5,0,0,0,0,0,1753378816,1753378832.87317,-45.83,-59.123,0,0,0,-0.519590226040073,0.854415587991948,0,0,0,0,0,0,1753378816
345,1753378832.88901,-51.831,-70.472,0,0,0,-0.236356941578553,-0.971666298771153,3.5,0,0,0,0,0,1753378816,1753378832.88076,-45.83,-59.123,0,0,0,-0.519590226040073,0.854415587991948,0,0,0,0,0,0,1753378816
346,1753378832.89772,-51.831,-70.472,0,0,0,-0.236356941578553,-0.971666298771153,3.5,0,0,0,0,0,1753378816,1753378832.88903,-45.83,-59.123,0,0,0,-0.519590226040073,0.854415587991948,0,0,0,0,0,0,1753378816
347,1753378832.90574,-51.831,-70.472,0,0,0,-0.236356941578553,-0.971666298771153,3.5,0,0,0,0,0,1753378816,1753378832.89777,-45.83,-59.123,0,0,0,-0.519590226040073,0.854415587991948,0,0,0,0,0,0,1753378816
348,1753378832.91419,-51.831,-70.472,0,0,0,-0.236356941578553,-0.971666298771153,3.5,0,0,0,0,0,1753378816,1753378832.90576,-45.83,-59.123,0,0,0,-0.519590226040073,0.854415587991948,0,0,0,0,0,0,1753378816
349,1753378832.92253,-51.831,-70.472,0,0,0,-0.236356941578553,-0.971666298771153,3.5,0,0,0,0,0,1753378816,1753378832.91422,-45.83,-59.123,0,0,0,-0.519590226040073,0.854415587991948,0,0,0,0,0,0,1753378816
350,1753378832.93081,-51.831,-70.472,0,0,0,-0.236356941578553,-0.971666298771153,3.5,0,0,0,0,0,1753378816,1753378832.92255,-45.83,-59.123,0,0,0,-0.519590226040073,0.854415587991948,0,0,0,0,0,0,1753378816
351,1753378832.93897,-51.831,-70.472,0,0,0,-0.236356941578553,-0.971666298771153,3.5,0,0,0,0,0,1753378816,1753378832.93084,-45.83,-59.123,0,0,0,-0.519590226040073,0.854415587991948,0,0,0,0,0,0,1753378816
352,1753378832.94773,-51.831,-70.472,0,0,0,-0.236356941578553,-0.971666298771153,3.5,0,0,0,0,0,1753378816,1753378832.93899,-45.83,-59.123,0,0,0,-0.519590226040073,0.854415587991948,0,0,0,0,0,0,1753378816
353,1753378832.95562,-51.831,-70.472,0,0,0,-0.236356941578553,-0.971666298771153,3.5,0,0,0,0,0,1753378816,1753378832.94777,-45.83,-59.123,0,0,0,-0.519590226040073,0.854415587991948,0,0,0,0,0,0,1753378816
354,1753378832.9641,-51.831,-70.472,0,0,0,-0.236356941578553,-0.971666298771153,3.5,0,0,0,0,0,1753378816,1753378832.95564,-45.83,-59.123,0,0,0,-0.519590226040073,0.854415587991948,0,0,0,0,0,0,1753378816
355,1753378832.97244,-51.831,-70.472,0,0,0,-0.236356941578553,-0.971666298771153,3.5,0,0,0,0,0,1753378816,1753378832.96413,-45.83,-59.123,0,0,0,-0.519590226040073,0.854415587991948,0,0,0,0,0,0,1753378816
356,1753378832.98086,-51.831,-70.472,0,0,0,-0.236356941578553,-0.971666298771153,3.5,0,0,0,0,0,1753378816,1753378832.97247,-45.83,-59.123,0,0,0,-0.519590226040073,0.854415587991948,0,0,0,0,0,0,1753378816
357,1753378832.989,-51.831,-70.472,0,0,0,-0.236356941578553,-0.971666298771153,3.5,0,0,0,0,0,1753378816,1753378832.98088,-45.83,-59.123,0,0,0,-0.519590226040073,0.854415587991948,0,0,0,0,0,0,1753378816
358,1753378832.99739,-51.831,-70.472,0,0,0,-0.236356941578553,-0.971666298771153,3.5,0,0,0,0,0,1753378816,1753378832.98902,-45.83,-59.123,0,0,0,-0.519590226040073,0.854415587991948,0,0,0,0,0,0,1753378816
359,1753378833.00577,-51.831,-70.472,0,0,0,-0.236356941578553,-0.971666298771153,3.5,0,0,0,0,0,1753378816,1753378832.99742,-45.83,-59.123,0,0,0,-0.519590226040073,0.854415587991948,0,0,0,0,0,0,1753378816
360,1753378833.01423,-51.831,-70.472,0,0,0,-0.236356941578553,-0.971666298771153,3.5,0,0,0,0,0,1753378816,1753378833.0058,-45.83,-59.123,0,0,0,-0.519590226040073,0.854415587991948,0,0,0,0,0,0,1753378816
361,1753378833.02262,-51.831,-70.472,0,0,0,-0.236356941578553,-0.971666298771153,3.5,0,0,0,0,0,1753378816,1753378833.01427,-45.83,-59.123,0,0,0,-0.519590226040073,0.854415587991948,0,0,0,0,0,0,1753378816
362,1753378833.03079,-51.831,-70.472,0,0,0,-0.236356941578553,-0.971666298771153,3.5,0,0,0,0,0,1753378816,1753378833.02265,-45.83,-59.123,0,0,0,-0.519590226040073,0.854415587991948,0,0,0,0,0,0,1753378816
363,1753378833.03902,-51.831,-70.472,0,0,0,-0.236356941578553,-0.971666298771153,3.5,0,0,0,0,0,1753378816,1753378833.03081,-45.83,-59.123,0,0,0,-0.519590226040073,0.854415587991948,0,0,0,0,0,0,1753378816
364,1753378833.0474,-51.831,-70.472,0,0,0,-0.236356941578553,-0.971666298771153,3.5,0,0,0,0,0,1753378816,1753378833.03904,-45.83,-59.123,0,0,0,-0.519590226040073,0.854415587991948,0,0,0,0,0,0,1753378816
365,1753378833.05567,-51.831,-70.472,0,0,0,-0.236356941578553,-0.971666298771153,3.5,0,0,0,0,0,1753378816,1753378833.04742,-45.83,-59.123,0,0,0,-0.519590226040073,0.854415587991948,0,0,0,0,0,0,1753378816
366,1753378833.06401,-51.831,-70.472,0,0,0,-0.236356941578553,-0.971666298771153,3.5,0,0,0,0,0,1753378816,1753378833.0557,-45.83,-59.123,0,0,0,-0.519590226040073,0.854415587991948,0,0,0,0,0,0,1753378816
367,1753378833.07248,-51.831,-70.472,0,0,0,-0.236356941578553,-0.971666298771153,3.5,0,0,0,0,0,1753378816,1753378833.06404,-45.83,-59.123,0,0,0,-0.519590226040073,0.854415587991948,0,0,0,0,0,0,1753378816
368,1753378833.08073,-51.831,-70.472,0,0,0,-0.236356941578553,-0.971666298771153,3.5,0,0,0,0,0,1753378816,1753378833.0725,-45.83,-59.123,0,0,0,-0.519590226040073,0.854415587991948,0,0,0,0,0,0,1753378816
369,1753378833.08901,-51.831,-70.472,0,0,0,-0.236356941578553,-0.971666298771153,3.5,0,0,0,0,0,1753378816,1753378833.08075,-45.83,-59.123,0,0,0,-0.519590226040073,0.854415587991948,0,0,0,0,0,0,1753378816
370,1753378833.09742,-51.831,-70.472,0,0,0,-0.236356941578553,-0.971666298771153,3.5,0,0,0,0,0,1753378816,1753378833.08904,-45.83,-59.123,0,0,0,-0.519590226040073,0.854415587991948,0,0,0,0,0,0,1753378816
371,1753378833.10577,-51.831,-70.472,0,0,0,-0.236356941578553,-0.971666298771153,3.5,0,0,0,0,0,1753378816,1753378833.09745,-45.83,-59.123,0,0,0,-0.519590226040073,0.854415587991948,0,0,0,0,0,0,1753378816
372,1753378833.11413,-51.831,-70.472,0,0,0,-0.236356941578553,-0.971666298771153,3.5,0,0,0,0,0,1753378816,1753378833.1058,-45.83,-59.123,0,0,0,-0.519590226040073,0.854415587991948,0,0,0,0,0,0,1753378816
373,1753378833.12223,-51.831,-70.472,0,0,0,-0.236356941578553,-0.971666298771153,3.5,0,0,0,0,0,1753378816,1753378833.11416,-45.83,-59.123,0,0,0,-0.519590226040073,0.854415587991948,0,0,0,0,0,0,1753378816
374,1753378833.13076,-51.831,-70.472,0,0,0,-0.236356941578553,-0.971666298771153,3.5,0,0,0,0,0,1753378816,1753378833.12226,-45.83,-59.123,0,0,0,-0.519590226040073,0.854415587991948,0,0,0,0,0,0,1753378816
375,1753378833.139,-51.831,-70.472,0,0,0,-0.236356941578553,-0.971666298771153,3.5,0,0,0,0,0,1753378816,1753378833.13078,-45.83,-59.123,0,0,0,-0.519590226040073,0.854415587991948,0,0,0,0,0,0,1753378816
376,1753378833.14748,-51.831,-70.472,0,0,0,-0.236356941578553,-0.971666298771153,3.5,0,0,0,0,0,1753378816,1753378833.13902,-45.83,-59.123,0,0,0,-0.519590226040073,0.854415587991948,0,0,0,0,0,0,1753378816
377,1753378833.15561,-51.831,-70.472,0,0,0,-0.236356941578553,-0.971666298771153,3.5,0,0,0,0,0,1753378816,1753378833.14751,-45.83,-59.123,0,0,0,-0.519590226040073,0.854415587991948,0,0,0,0,0,0,1753378816
378,1753378833.164,-51.831,-70.472,0,0,0,-0.236356941578553,-0.971666298771153,3.5,0,0,0,0,0,1753378816,1753378833.15563,-45.83,-59.123,0,0,0,-0.519590226040073,0.854415587991948,0,0,0,0,0,0,1753378816
379,1753378833.17221,-51.831,-70.472,0,0,0,-0.236356941578553,-0.971666298771153,3.5,0,0,0,0,0,1753378816,1753378833.16403,-45.83,-59.123,0,0,0,-0.519590226040073,0.854415587991948,0,0,0,0,0,0,1753378816
380,1753378833.18069,-51.831,-70.472,0,0,0,-0.236356941578553,-0.971666298771153,3.5,0,0,0,0,0,1753378816,1753378833.17223,-45.83,-59.123,0,0,0,-0.519590226040073,0.854415587991948,0,0,0,0,0,0,1753378816
381,1753378833.18896,-51.831,-70.472,0,0,0,-0.236356941578553,-0.971666298771153,3.5,0,0,0,0,0,1753378816,1753378833.18072,-45.83,-59.123,0,0,0,-0.519590226040073,0.854415587991948,0,0,0,0,0,0,1753378816
382,1753378833.19734,-51.831,-70.472,0,0,0,-0.236356941578553,-0.971666298771153,3.5,0,0,0,0,0,1753378816,1753378833.18898,-45.83,-59.123,0,0,0,-0.519590226040073,0.854415587991948,0,0,0,0,0,0,1753378816
383,1753378833.2057,-51.831,-70.472,0,0,0,-0.236356941578553,-0.971666298771153,3.5,0,0,0,0,0,1753378816,1753378833.19736,-45.83,-59.123,0,0,0,-0.519590226040073,0.854415587991948,0,0,0,0,0,0,1753378816
384,1753378833.21406,-51.831,-70.472,0,0,0,-0.236356941578553,-0.971666298771153,3.5,0,0,0,0,0,1753378816,1753378833.20572,-45.83,-59.123,0,0,0,-0.519590226040073,0.854415587991948,0,0,0,0,0,0,1753378816
385,1753378833.22225,-51.831,-70.472,0,0,0,-0.236356941578553,-0.971666298771153,3.5,0,0,0,0,0,1753378816,1753378833.21408,-45.83,-59.123,0,0,0,-0.519590226040073,0.854415587991948,0,0,0,0,0,0,1753378816
386,1753378833.23084,-51.831,-70.472,0,0,0,-0.236356941578553,-0.971666298771153,3.5,0,0,0,0,0,1753378816,1753378833.22227,-45.83,-59.123,0,0,0,-0.519590226040073,0.854415587991948,0,0,0,0,0,0,1753378816
387,1753378833.23897,-51.831,-70.472,0,0,0,-0.236356941578553,-0.971666298771153,3.5,0,0,0,0,0,1753378816,1753378833.23088,-45.83,-59.123,0,0,0,-0.519590226040073,0.854415587991948,0,0,0,0,0,0,1753378816
388,1753378833.24743,-51.831,-70.472,0,0,0,-0.236356941578553,-0.971666298771153,3.5,0,0,0,0,0,1753378816,1753378833.23899,-45.83,-59.123,0,0,0,-0.519590226040073,0.854415587991948,0,0,0,0,0,0,1753378816
389,1753378833.25578,-51.831,-70.472,0,0,0,-0.236356941578553,-0.971666298771153,3.5,0,0,0,0,0,1753378816,1753378833.24746,-45.83,-59.123,0,0,0,-0.519590226040073,0.854415587991948,0,0,0,0,0,0,1753378816
390,1753378833.2643,-51.831,-70.472,0,0,0,-0.236356941578553,-0.971666298771153,3.5,0,0,0,0,0,1753378816,1753378833.25581,-45.83,-59.123,0,0,0,-0.519590226040073,0.854415587991948,0,0,0,0,0,0,1753378816
391,1753378833.27263,-51.831,-70.472,0,0,0,-0.236356941578553,-0.971666298771153,3.5,0,0,0,0,0,1753378816,1753378833.26434,-45.83,-59.123,0,0,0,-0.519590226040073,0.854415587991948,0,0,0,0,0,0,1753378816
392,1753378833.28077,-51.831,-70.472,0,0,0,-0.236356941578553,-0.971666298771153,3.5,0,0,0,0,0,1753378816,1753378833.27266,-45.83,-59.123,0,0,0,-0.519590226040073,0.854415587991948,0,0,0,0,0,0,1753378816
393,1753378833.289,-51.831,-70.472,0,0,0,-0.236356941578553,-0.971666298771153,3.5,0,0,0,0,0,1753378816,1753378833.2808,-45.83,-59.123,0,0,0,-0.519590226040073,0.854415587991948,0,0,0,0,0,0,1753378816
394,1753378833.29743,-51.831,-70.472,0,0,0,-0.236356941578553,-0.971666298771153,3.5,0,0,0,0,0,1753378816,1753378833.28902,-45.83,-59.123,0,0,0,-0.519590226040073,0.854415587991948,0,0,0,0,0,0,1753378816
395,1753378833.30572,-51.831,-70.472,0,0,0,-0.236356941578553,-0.971666298771153,3.5,0,0,0,0,0,1753378816,1753378833.29745,-45.83,-59.123,0,0,0,-0.519590226040073,0.854415587991948,0,0,0,0,0,0,1753378816
396,1753378833.31404,-51.831,-70.472,0,0,0,-0.236356941578553,-0.971666298771153,3.5,0,0,0,0,0,1753378816,1753378833.30574,-45.83,-59.123,0,0,0,-0.519590226040073,0.854415587991948,0,0,0,0,0,0,1753378816
397,1753378833.32223,-51.831,-70.472,0,0,0,-0.236356941578553,-0.971666298771153,3.5,0,0,0,0,0,1753378816,1753378833.31407,-45.83,-59.123,0,0,0,-0.519590226040073,0.854415587991948,0,0,0,0,0,0,1753378816
398,1753378833.33085,-51.831,-70.472,0,0,0,-0.236356941578553,-0.971666298771153,3.5,0,0,0,0,0,1753378816,1753378833.32226,-45.83,-59.123,0,0,0,-0.519590226040073,0.854415587991948,0,0,0,0,0,0,1753378816
399,1753378833.33902,-51.831,-70.472,0,0,0,-0.236356941578553,-0.971666298771153,3.5,0,0,0,0,0,1753378816,1753378833.33089,-45.83,-59.123,0,0,0,-0.519590226040073,0.854415587991948,0,0,0,0,0,0,1753378816
400,1753378833.34742,-51.831,-70.472,0,0,0,-0.236356941578553,-0.971666298771153,3.5,0,0,0,0,0,1753378816,1753378833.33905,-45.83,-59.123,0,0,0,-0.519590226040073,0.854415587991948,0,0,0,0,0,0,1753378816
401,1753378833.35588,-51.831,-70.472,0,0,0,-0.236356941578553,-0.971666298771153,3.5,0,0,0,0,0,1753378816,1753378833.34744,-45.83,-59.123,0,0,0,-0.519590226040073,0.854415587991948,0,0,0,0,0,0,1753378816
402,1753378833.3641,-51.831,-70.472,0,0,0,-0.236356941578553,-0.971666298771153,3.5,0,0,0,0,0,1753378816,1753378833.35592,-45.83,-59.123,0,0,0,-0.519590226040073,0.854415587991948,0,0,0,0,0,0,1753378816
403,1753378833.37231,-51.831,-70.472,0,0,0,-0.236356941578553,-0.971666298771153,3.5,0,0,0,0,0,1753378816,1753378833.36413,-45.83,-59.123,0,0,0,-0.519590226040073,0.854415587991948,0,0,0,0,0,0,1753378816
404,1753378833.38077,-51.831,-70.472,0,0,0,-0.236356941578553,-0.971666298771153,3.5,0,0,0,0,0,1753378816,1753378833.37233,-45.83,-59.123,0,0,0,-0.519590226040073,0.854415587991948,0,0,0,0,0,0,1753378816
405,1753378833.38895,-51.831,-70.472,0,0,0,-0.236356941578553,-0.971666298771153,3.5,0,0,0,0,0,1753378816,1753378833.3808,-45.83,-59.123,0,0,0,-0.519590226040073,0.854415587991948,0,0,0,0,0,0,1753378816
406,1753378833.39753,-51.831,-70.472,0,0,0,-0.236356941578553,-0.971666298771153,3.5,0,0,0,0,0,1753378816,1753378833.38897,-45.83,-59.123,0,0,0,-0.519590226040073,0.854415587991948,0,0,0,0,0,0,1753378816
407,1753378833.40564,-51.831,-70.472,0,0,0,-0.236356941578553,-0.971666298771153,3.5,0,0,0,0,0,1753378816,1753378833.39756,-45.83,-59.123,0,0,0,-0.519590226040073,0.854415587991948,0,0,0,0,0,0,1753378816
408,1753378833.4142,-51.831,-70.472,0,0,0,-0.236356941578553,-0.971666298771153,3.5,0,0,0,0,0,1753378816,1753378833.40567,-45.83,-59.123,0,0,0,-0.519590226040073,0.854415587991948,0,0,0,0,0,0,1753378816
409,1753378833.4222,-51.831,-70.472,0,0,0,-0.236356941578553,-0.971666298771153,3.5,0,0,0,0,0,1753378816,1753378833.41423,-45.83,-59.123,0,0,0,-0.519590226040073,0.854415587991948,0,0,0,0,0,0,1753378816
410,1753378833.43089,-51.831,-70.472,0,0,0,-0.236356941578553,-0.971666298771153,3.5,0,0,0,0,0,1753378816,1753378833.42223,-45.83,-59.123,0,0,0,-0.519590226040073,0.854415587991948,0,0,0,0,0,0,1753378816
411,1753378833.43923,-51.831,-70.472,0,0,0,-0.236356941578553,-0.971666298771153,3.5,0,0,0,0,0,1753378816,1753378833.43092,-45.83,-59.123,0,0,0,-0.519590226040073,0.854415587991948,0,0,0,0,0,0,1753378816
412,1753378833.44763,-51.831,-70.472,0,0,0,-0.236356941578553,-0.971666298771153,3.5,0,0,0,0,0,1753378816,1753378833.43926,-45.83,-59.123,0,0,0,-0.519590226040073,0.854415587991948,0,0,0,0,0,0,1753378816
413,1753378833.45571,-51.831,-70.472,0,0,0,-0.236356941578553,-0.971666298771153,3.5,0,0,0,0,0,1753378816,1753378833.44767,-45.83,-59.123,0,0,0,-0.519590226040073,0.854415587991948,0,0,0,0,0,0,1753378816
414,1753378833.46424,-51.831,-70.472,0,0,0,-0.236356941578553,-0.971666298771153,3.5,0,0,0,0,0,1753378816,1753378833.45573,-45.83,-59.123,0,0,0,-0.519590226040073,0.854415587991948,0,0,0,0,0,0,1753378816
415,1753378833.47315,-51.831,-70.472,0,0,0,-0.236356941578553,-0.971666298771153,3.5,0,0,0,0,0,1753378816,1753378833.46429,-45.83,-59.123,0,0,0,-0.519590226040073,0.854415587991948,0,0,0,0,0,0,1753378816
416,1753378833.48108,-51.831,-70.472,0,0,0,-0.236356941578553,-0.971666298771153,3.5,0,0,0,0,0,1753378816,1753378833.47319,-45.83,-59.123,0,0,0,-0.519590226040073,0.854415587991948,0,0,0,0,0,0,1753378816
417,1753378833.48924,-51.831,-70.472,0,0,0,-0.236356941578553,-0.971666298771153,3.5,0,0,0,0,0,1753378816,1753378833.48112,-45.83,-59.123,0,0,0,-0.519590226040073,0.854415587991948,0,0,0,0,0,0,1753378816
418,1753378833.49755,-51.831,-70.472,0,0,0,-0.236356941578553,-0.971666298771153,3.5,0,0,0,0,0,1753378816,1753378833.48929,-45.83,-59.123,0,0,0,-0.519590226040073,0.854415587991948,0,0,0,0,0,0,1753378816
419,1753378833.50593,-51.831,-70.472,0,0,0,-0.236356941578553,-0.971666298771153,3.5,0,0,0,0,0,1753378816,1753378833.49757,-45.83,-59.123,0,0,0,-0.519590226040073,0.854415587991948,0,0,0,0,0,0,1753378816
420,1753378833.51396,-51.831,-70.472,0,0,0,-0.236356941578553,-0.971666298771153,3.5,0,0,0,0,0,1753378816,1753378833.50598,-45.83,-59.123,0,0,0,-0.519590226040073,0.854415587991948,0,0,0,0,0,0,1753378816
421,1753378833.52224,-51.831,-70.472,0,0,0,-0.236356941578553,-0.971666298771153,3.5,0,0,0,0,0,1753378816,1753378833.514,-45.83,-59.123,0,0,0,-0.519590226040073,0.854415587991948,0,0,0,0,0,0,1753378816
422,1753378833.5309,-51.831,-70.472,0,0,0,-0.236356941578553,-0.971666298771153,3.5,0,0,0,0,0,1753378816,1753378833.52226,-45.83,-59.123,0,0,0,-0.519590226040073,0.854415587991948,0,0,0,0,0,0,1753378816
423,1753378833.53944,-51.831,-70.472,0,0,0,-0.236356941578553,-0.971666298771153,3.5,0,0,0,0,0,1753378816,1753378833.53093,-45.83,-59.123,0,0,0,-0.519590226040073,0.854415587991948,0,0,0,0,0,0,1753378816
424,1753378833.54765,-51.831,-70.472,0,0,0,-0.236356941578553,-0.971666298771153,3.5,0,0,0,0,0,1753378816,1753378833.53948,-45.83,-59.123,0,0,0,-0.519590226040073,0.854415587991948,0,0,0,0,0,0,1753378816
425,1753378833.55567,-51.831,-70.472,0,0,0,-0.236356941578553,-0.971666298771153,3.5,0,0,0,0,0,1753378816,1753378833.54767,-45.83,-59.123,0,0,0,-0.519590226040073,0.854415587991948,0,0,0,0,0,0,1753378816
426,1753378833.56426,-51.831,-70.472,0,0,0,-0.236356941578553,-0.971666298771153,3.5,0,0,0,0,0,1753378816,1753378833.55569,-45.83,-59.123,0,0,0,-0.519590226040073,0.854415587991948,0,0,0,0,0,0,1753378816
427,1753378833.57223,-51.831,-70.472,0,0,0,-0.236356941578553,-0.971666298771153,3.5,0,0,0,0,0,1753378816,1753378833.56432,-45.83,-59.123,0,0,0,-0.519590226040073,0.854415587991948,0,0,0,0,0,0,1753378816
428,1753378833.5807,-51.831,-70.472,0,0,0,-0.236356941578553,-0.971666298771153,3.5,0,0,0,0,0,1753378816,1753378833.57225,-45.83,-59.123,0,0,0,-0.519590226040073,0.854415587991948,0,0,0,0,0,0,1753378816
429,1753378833.58924,-51.831,-70.472,0,0,0,-0.236356941578553,-0.971666298771153,3.5,0,0,0,0,0,1753378816,1753378833.58072,-45.83,-59.123,0,0,0,-0.519590226040073,0.854415587991948,0,0,0,0,0,0,1753378816
430,1753378833.59837,-51.831,-70.472,0,0,0,-0.236356941578553,-0.971666298771153,3.5,0,0,0,0,0,1753378816,1753378833.58932,-45.83,-59.123,0,0,0,-0.519590226040073,0.854415587991948,0,0,0,0,0,0,1753378816
431,1753378833.60608,-51.831,-70.472,0,0,0,-0.236356941578553,-0.971666298771153,3.5,0,0,0,0,0,1753378816,1753378833.59846,-45.83,-59.123,0,0,0,-0.519590226040073,0.854415587991948,0,0,0,0,0,0,1753378816
432,1753378833.61432,-51.831,-70.472,0,0,0,-0.236356941578553,-0.971666298771153,3.5,0,0,0,0,0,1753378816,1753378833.60611,-45.83,-59.123,0,0,0,-0.519590226040073,0.854415587991948,0,0,0,0,0,0,1753378816
433,1753378833.62221,-51.831,-70.472,0,0,0,-0.236356941578553,-0.971666298771153,3.5,0,0,0,0,0,1753378816,1753378833.61438,-45.83,-59.123,0,0,0,-0.519590226040073,0.854415587991948,0,0,0,0,0,0,1753378816
434,1753378833.63113,-51.831,-70.472,0,0,0,-0.236356941578553,-0.971666298771153,3.5,0,0,0,0,0,1753378816,1753378833.62223,-45.83,-59.123,0,0,0,-0.519590226040073,0.854415587991948,0,0,0,0,0,0,1753378816
435,1753378833.63901,-51.831,-70.472,0,0,0,-0.236356941578553,-0.971666298771153,3.5,0,0,0,0,0,1753378816,1753378833.63118,-45.83,-59.123,0,0,0,-0.519590226040073,0.854415587991948,0,0,0,0,0,0,1753378816
436,1753378833.64776,-51.831,-70.472,0,0,0,-0.236356941578553,-0.971666298771153,3.5,0,0,0,0,0,1753378816,1753378833.63903,-45.83,-59.123,0,0,0,-0.519590226040073,0.854415587991948,0,0,0,0,0,0,1753378816
437,1753378833.65573,-51.831,-70.472,0,0,0,-0.236356941578553,-0.971666298771153,3.5,0,0,0,0,0,1753378816,1753378833.64781,-45.83,-59.123,0,0,0,-0.519590226040073,0.854415587991948,0,0,0,0,0,0,1753378816
438,1753378833.664,-51.831,-70.472,0,0,0,-0.236356941578553,-0.971666298771153,3.5,0,0,0,0,0,1753378816,1753378833.65576,-45.83,-59.123,0,0,0,-0.519590226040073,0.854415587991948,0,0,0,0,0,0,1753378816
439,1753378833.67247,-51.831,-70.472,0,0,0,-0.236356941578553,-0.971666298771153,3.5,0,0,0,0,0,1753378816,1753378833.66404,-45.83,-59.123,0,0,0,-0.519590226040073,0.854415587991948,0,0,0,0,0,0,1753378816
440,1753378833.68082,-51.831,-70.472,0,0,0,-0.236356941578553,-0.971666298771153,3.5,0,0,0,0,0,1753378816,1753378833.67249,-45.83,-59.123,0,0,0,-0.519590226040073,0.854415587991948,0,0,0,0,0,0,1753378816
441,1753378833.68922,-51.831,-70.472,0,0,0,-0.236356941578553,-0.971666298771153,3.5,0,0,0,0,0,1753378816,1753378833.68084,-45.83,-59.123,0,0,0,-0.519590226040073,0.854415587991948,0,0,0,0,0,0,1753378816
442,1753378833.69753,-51.831,-70.472,0,0,0,-0.236356941578553,-0.971666298771153,3.5,0,0,0,0,0,1753378816,1753378833.68924,-45.83,-59.123,0,0,0,-0.519590226040073,0.854415587991948,0,0,0,0,0,0,1753378816
443,1753378833.70574,-51.831,-70.472,0,0,0,-0.236356941578553,-0.971666298771153,3.5,0,0,0,0,0,1753378816,1753378833.69756,-45.83,-59.123,0,0,0,-0.519590226040073,0.854415587991948,0,0,0,0,0,0,1753378816
444,1753378833.71408,-51.831,-70.472,0,0,0,-0.236356941578553,-0.971666298771153,3.5,0,0,0,0,0,1753378816,1753378833.70576,-45.83,-59.123,0,0,0,-0.519590226040073,0.854415587991948,0,0,0,0,0,0,1753378816
445,1753378833.72224,-51.831,-70.472,0,0,0,-0.236356941578553,-0.971666298771153,3.5,0,0,0,0,0,1753378816,1753378833.7141,-45.83,-59.123,0,0,0,-0.519590226040073,0.854415587991948,0,0,0,0,0,0,1753378816
446,1753378833.73076,-51.831,-70.472,0,0,0,-0.236356941578553,-0.971666298771153,3.5,0,0,0,0,0,1753378816,1753378833.72227,-45.83,-59.123,0,0,0,-0.519590226040073,0.854415587991948,0,0,0,0,0,0,1753378816
447,1753378833.73904,-51.831,-70.472,0,0,0,-0.236356941578553,-0.971666298771153,3.5,0,0,0,0,0,1753378816,1753378833.73079,-45.83,-59.123,0,0,0,-0.519590226040073,0.854415587991948,0,0,0,0,0,0,1753378816
448,1753378833.74748,-51.831,-70.472,0,0,0,-0.236356941578553,-0.971666298771153,3.5,0,0,0,0,0,1753378816,1753378833.73906,-45.83,-59.123,0,0,0,-0.519590226040073,0.854415587991948,0,0,0,0,0,0,1753378816
449,1753378833.75562,-51.831,-70.472,0,0,0,-0.236356941578553,-0.971666298771153,3.5,0,0,0,0,0,1753378816,1753378833.7475,-45.83,-59.123,0,0,0,-0.519590226040073,0.854415587991948,0,0,0,0,0,0,1753378816
450,1753378833.76395,-51.831,-70.472,0,0,0,-0.236356941578553,-0.971666298771153,3.5,0,0,0,0,0,1753378816,1753378833.75564,-45.83,-59.123,0,0,0,-0.519590226040073,0.854415587991948,0,0,0,0,0,0,1753378816
451,1753378833.77258,-51.831,-70.472,0,0,0,-0.236356941578553,-0.971666298771153,3.5,0,0,0,0,0,1753378816,1753378833.76398,-45.83,-59.123,0,0,0,-0.519590226040073,0.854415587991948,0,0,0,0,0,0,1753378816
452,1753378833.78083,-51.831,-70.472,0,0,0,-0.236356941578553,-0.971666298771153,3.5,0,0,0,0,0,1753378816,1753378833.7726,-45.83,-59.123,0,0,0,-0.519590226040073,0.854415587991948,0,0,0,0,0,0,1753378816
453,1753378833.78898,-51.831,-70.472,0,0,0,-0.236356941578553,-0.971666298771153,3.5,0,0,0,0,0,1753378816,1753378833.78086,-45.83,-59.123,0,0,0,-0.519590226040073,0.854415587991948,0,0,0,0,0,0,1753378816
454,1753378833.79743,-51.831,-70.472,0,0,0,-0.236356941578553,-0.971666298771153,3.5,0,0,0,0,0,1753378816,1753378833.789,-45.83,-59.123,0,0,0,-0.519590226040073,0.854415587991948,0,0,0,0,0,0,1753378816
455,1753378833.80561,-51.831,-70.472,0,0,0,-0.236356941578553,-0.971666298771153,3.5,0,0,0,0,0,1753378816,1753378833.79746,-45.83,-59.123,0,0,0,-0.519590226040073,0.854415587991948,0,0,0,0,0,0,1753378816
456,1753378833.81402,-51.831,-70.472,0,0,0,-0.236356941578553,-0.971666298771153,3.5,0,0,0,0,0,1753378816,1753378833.80563,-45.83,-59.123,0,0,0,-0.519590226040073,0.854415587991948,0,0,0,0,0,0,1753378816
457,1753378833.82252,-51.831,-70.472,0,0,0,-0.236356941578553,-0.971666298771153,3.5,0,0,0,0,0,1753378816,1753378833.81405,-45.83,-59.123,0,0,0,-0.519590226040073,0.854415587991948,0,0,0,0,0,0,1753378816
458,1753378833.83079,-51.831,-70.472,0,0,0,-0.236356941578553,-0.971666298771153,3.5,0,0,0,0,0,1753378816,1753378833.82255,-45.83,-59.123,0,0,0,-0.519590226040073,0.854415587991948,0,0,0,0,0,0,1753378816
459,1753378833.83904,-51.831,-70.472,0,0,0,-0.236356941578553,-0.971666298771153,3.5,0,0,0,0,0,1753378816,1753378833.83081,-45.83,-59.123,0,0,0,-0.519590226040073,0.854415587991948,0,0,0,0,0,0,1753378816
460,1753378833.8474,-51.831,-70.472,0,0,0,-0.236356941578553,-0.971666298771153,3.5,0,0,0,0,0,1753378816,1753378833.83906,-45.83,-59.123,0,0,0,-0.519590226040073,0.854415587991948,0,0,0,0,0,0,1753378816
461,1753378833.8557,-51.831,-70.472,0,0,0,-0.236356941578553,-0.971666298771153,3.5,0,0,0,0,0,1753378816,1753378833.84743,-45.83,-59.123,0,0,0,-0.519590226040073,0.854415587991948,0,0,0,0,0,0,1753378816
462,1753378833.86408,-51.831,-70.472,0,0,0,-0.236356941578553,-0.971666298771153,3.5,0,0,0,0,0,1753378816,1753378833.85572,-45.83,-59.123,0,0,0,-0.519590226040073,0.854415587991948,0,0,0,0,0,0,1753378816
463,1753378833.87276,-51.831,-70.472,0,0,0,-0.236356941578553,-0.971666298771153,3.5,0,0,0,0,0,1753378816,1753378833.86411,-45.83,-59.123,0,0,0,-0.519590226040073,0.854415587991948,0,0,0,0,0,0,1753378816
464,1753378833.88076,-51.831,-70.472,0,0,0,-0.236356941578553,-0.971666298771153,3.5,0,0,0,0,0,1753378816,1753378833.8728,-45.83,-59.123,0,0,0,-0.519590226040073,0.854415587991948,0,0,0,0,0,0,1753378816
465,1753378833.88911,-51.831,-70.472,0,0,0,-0.236356941578553,-0.971666298771153,3.5,0,0,0,0,0,1753378816,1753378833.88078,-45.83,-59.123,0,0,0,-0.519590226040073,0.854415587991948,0,0,0,0,0,0,1753378816
466,1753378833.89754,-51.831,-70.472,0,0,0,-0.236356941578553,-0.971666298771153,3.5,0,0,0,0,0,1753378816,1753378833.88913,-45.83,-59.123,0,0,0,-0.519590226040073,0.854415587991948,0,0,0,0,0,0,1753378816
467,1753378833.90576,-51.831,-70.472,0,0,0,-0.236356941578553,-0.971666298771153,3.5,0,0,0,0,0,1753378816,1753378833.89757,-45.83,-59.123,0,0,0,-0.519590226040073,0.854415587991948,0,0,0,0,0,0,1753378816
468,1753378833.91417,-51.831,-70.472,0,0,0,-0.236356941578553,-0.971666298771153,3.5,0,0,0,0,0,1753378816,1753378833.90578,-45.83,-59.123,0,0,0,-0.519590226040073,0.854415587991948,0,0,0,0,0,0,1753378816
469,1753378833.92253,-51.831,-70.472,0,0,0,-0.236356941578553,-0.971666298771153,3.5,0,0,0,0,0,1753378816,1753378833.9142,-45.83,-59.123,0,0,0,-0.519590226040073,0.854415587991948,0,0,0,0,0,0,1753378816
470,1753378833.93082,-51.831,-70.472,0,0,0,-0.236356941578553,-0.971666298771153,3.5,0,0,0,0,0,1753378816,1753378833.92256,-45.83,-59.123,0,0,0,-0.519590226040073,0.854415587991948,0,0,0,0,0,0,1753378816
471,1753378833.93905,-51.831,-70.472,0,0,0,-0.236356941578553,-0.971666298771153,3.5,0,0,0,0,0,1753378816,1753378833.93085,-45.83,-59.123,0,0,0,-0.519590226040073,0.854415587991948,0,0,0,0,0,0,1753378816
472,1753378833.94744,-51.831,-70.472,0,0,0,-0.236356941578553,-0.971666298771153,3.5,0,0,0,0,0,1753378816,1753378833.93908,-45.83,-59.123,0,0,0,-0.519590226040073,0.854415587991948,0,0,0,0,0,0,1753378816
473,1753378833.95563,-51.831,-70.472,0,0,0,-0.236356941578553,-0.971666298771153,3.5,0,0,0,0,0,1753378816,1753378833.94746,-45.83,-59.123,0,0,0,-0.519590226040073,0.854415587991948,0,0,0,0,0,0,1753378816
474,1753378833.96401,-51.831,-70.472,0,0,0,-0.236356941578553,-0.971666298771153,3.5,0,0,0,0,0,1753378816,1753378833.95565,-45.83,-59.123,0,0,0,-0.519590226040073,0.854415587991948,0,0,0,0,0,0,1753378816
475,1753378833.97232,-51.831,-70.472,0,0,0,-0.236356941578553,-0.971666298771153,3.5,0,0,0,0,0,1753378816,1753378833.96404,-45.83,-59.123,0,0,0,-0.519590226040073,0.854415587991948,0,0,0,0,0,0,1753378816
476,1753378833.98104,-51.831,-70.472,0,0,0,-0.236356941578553,-0.971666298771153,3.5,0,0,0,0,0,1753378816,1753378833.97234,-45.83,-59.123,0,0,0,-0.519590226040073,0.854415587991948,0,0,0,0,0,0,1753378816
477,1753378833.989,-51.831,-70.472,0,0,0,-0.236356941578553,-0.971666298771153,3.5,0,0,0,0,0,1753378816,1753378833.98111,-45.83,-59.123,0,0,0,-0.519590226040073,0.854415587991948,0,0,0,0,0,0,1753378816
478,1753378833.99732,-51.831,-70.472,0,0,0,-0.236356941578553,-0.971666298771153,3.5,0,0,0,0,0,1753378816,1753378833.98902,-45.83,-59.123,0,0,0,-0.519590226040073,0.854415587991948,0,0,0,0,0,0,1753378816
479,1753378834.00564,-51.831,-70.472,0,0,0,-0.236356941578553,-0.971666298771153,3.5,0,0,0,0,0,1753378816,1753378833.99736,-45.83,-59.123,0,0,0,-0.519590226040073,0.854415587991948,0,0,0,0,0,0,1753378816
480,1753378834.014,-51.831,-70.472,0,0,0,-0.236356941578553,-0.971666298771153,3.5,0,0,0,0,0,1753378816,1753378834.00566,-45.83,-59.123,0,0,0,-0.519590226040073,0.854415587991948,0,0,0,0,0,0,1753378816
481,1753378834.02228,-51.831,-70.472,0,0,0,-0.236356941578553,-0.971666298771153,3.5,0,0,0,0,0,1753378816,1753378834.01403,-45.83,-59.123,0,0,0,-0.519590226040073,0.854415587991948,0,0,0,0,0,0,1753378816
482,1753378834.03076,-51.831,-70.472,0,0,0,-0.236356941578553,-0.971666298771153,3.5,0,0,0,0,0,1753378816,1753378834.02231,-45.83,-59.123,0,0,0,-0.519590226040073,0.854415587991948,0,0,0,0,0,0,1753378816
483,1753378834.03903,-51.831,-70.472,0,0,0,-0.236356941578553,-0.971666298771153,3.5,0,0,0,0,0,1753378816,1753378834.03079,-45.83,-59.123,0,0,0,-0.519590226040073,0.854415587991948,0,0,0,0,0,0,1753378816
484,1753378834.04744,-51.831,-70.472,0,0,0,-0.236356941578553,-0.971666298771153,3.5,0,0,0,0,0,1753378816,1753378834.03905,-45.83,-59.123,0,0,0,-0.519590226040073,0.854415587991948,0,0,0,0,0,0,1753378816
485,1753378834.05563,-51.831,-70.472,0,0,0,-0.236356941578553,-0.971666298771153,3.5,0,0,0,0,0,1753378816,1753378834.04746,-45.83,-59.123,0,0,0,-0.519590226040073,0.854415587991948,0,0,0,0,0,0,1753378816
486,1753378834.06403,-51.831,-70.472,0,0,0,-0.236356941578553,-0.971666298771153,3.5,0,0,0,0,0,1753378816,1753378834.05566,-45.83,-59.123,0,0,0,-0.519590226040073,0.854415587991948,0,0,0,0,0,0,1753378816
487,1753378834.07243,-51.831,-70.472,0,0,0,-0.236356941578553,-0.971666298771153,3.5,0,0,0,0,0,1753378816,1753378834.06406,-45.83,-59.123,0,0,0,-0.519590226040073,0.854415587991948,0,0,0,0,0,0,1753378816
488,1753378834.08082,-51.831,-70.472,0,0,0,-0.236356941578553,-0.971666298771153,3.5,0,0,0,0,0,1753378816,1753378834.07246,-45.83,-59.123,0,0,0,-0.519590226040073,0.854415587991948,0,0,0,0,0,0,1753378816
489,1753378834.08903,-51.831,-70.472,0,0,0,-0.236356941578553,-0.971666298771153,3.5,0,0,0,0,0,1753378816,1753378834.08085,-45.83,-59.123,0,0,0,-0.519590226040073,0.854415587991948,0,0,0,0,0,0,1753378816
490,1753378834.09737,-51.831,-70.472,0,0,0,-0.236356941578553,-0.971666298771153,3.5,0,0,0,0,0,1753378816,1753378834.08906,-45.83,-59.123,0,0,0,-0.519590226040073,0.854415587991948,0,0,0,0,0,0,1753378816
491,1753378834.10583,-51.831,-70.472,0,0,0,-0.236356941578553,-0.971666298771153,3.5,0,0,0,0,0,1753378816,1753378834.0974,-45.83,-59.123,0,0,0,-0.519590226040073,0.854415587991948,0,0,0,0,0,0,1753378816
492,1753378834.11398,-51.831,-70.472,0,0,0,-0.236356941578553,-0.971666298771153,3.5,0,0,0,0,0,1753378816,1753378834.10585,-45.83,-59.123,0,0,0,-0.519590226040073,0.854415587991948,0,0,0,0,0,0,1753378816
493,1753378834.12221,-51.831,-70.472,0,0,0,-0.236356941578553,-0.971666298771153,3.5,0,0,0,0,0,1753378816,1753378834.114,-45.83,-59.123,0,0,0,-0.519590226040073,0.854415587991948,0,0,0,0,0,0,1753378816
494,1753378834.13081,-51.831,-70.472,0,0,0,-0.236356941578553,-0.971666298771153,3.5,0,0,0,0,0,1753378816,1753378834.12223,-45.83,-59.123,0,0,0,-0.519590226040073,0.854415587991948,0,0,0,0,0,0,1753378816
495,1753378834.13894,-51.831,-70.472,0,0,0,-0.236356941578553,-0.971666298771153,3.5,0,0,0,0,0,1753378816,1753378834.13084,-45.83,-59.123,0,0,0,-0.519590226040073,0.854415587991948,0,0,0,0,0,0,1753378816
496,1753378834.1474,-51.831,-70.472,0,0,0,-0.236356941578553,-0.971666298771153,3.5,0,0,0,0,0,1753378816,1753378834.13896,-45.83,-59.123,0,0,0,-0.519590226040073,0.854415587991948,0,0,0,0,0,0,1753378816
497,1753378834.15563,-51.831,-70.472,0,0,0,-0.236356941578553,-0.971666298771153,3.5,0,0,0,0,0,1753378816,1753378834.14742,-45.83,-59.123,0,0,0,-0.519590226040073,0.854415587991948,0,0,0,0,0,0,1753378816
498,1753378834.16425,-51.831,-70.472,0,0,0,-0.236356941578553,-0.971666298771153,3.5,0,0,0,0,0,1753378816,1753378834.15565,-45.83,-59.123,0,0,0,-0.519590226040073,0.854415587991948,0,0,0,0,0,0,1753378816
499,1753378834.17223,-51.831,-70.472,0,0,0,-0.236356941578553,-0.971666298771153,3.5,0,0,0,0,0,1753378816,1753378834.16428,-45.83,-59.123,0,0,0,-0.519590226040073,0.854415587991948,0,0,0,0,0,0,1753378816
500,1753378834.18086,-51.831,-70.472,0,0,0,-0.236356941578553,-0.971666298771153,3.5,0,0,0,0,0,1753378816,1753378834.17225,-45.83,-59.123,0,0,0,-0.519590226040073,0.854415587991948,0,0,0,0,0,0,1753378816
501,1753378834.18902,-51.831,-70.472,0,0,0,-0.236356941578553,-0.971666298771153,3.5,0,0,0,0,0,1753378816,1753378834.18088,-45.83,-59.123,0,0,0,-0.519590226040073,0.854415587991948,0,0,0,0,0,0,1753378816
502,1753378834.19757,-51.831,-70.472,0,0,0,-0.236356941578553,-0.971666298771153,3.5,0,0,0,0,0,1753378816,1753378834.18905,-45.83,-59.123,0,0,0,-0.519590226040073,0.854415587991948,0,0,0,0,0,0,1753378816
503,1753378834.20577,-51.831,-70.472,0,0,0,-0.236356941578553,-0.971666298771153,3.5,0,0,0,0,0,1753378816,1753378834.1976,-45.83,-59.123,0,0,0,-0.519590226040073,0.854415587991948,0,0,0,0,0,0,1753378816
504,1753378834.21401,-51.831,-70.472,0,0,0,-0.236356941578553,-0.971666298771153,3.5,0,0,0,0,0,1753378816,1753378834.20579,-45.83,-59.123,0,0,0,-0.519590226040073,0.854415587991948,0,0,0,0,0,0,1753378816
505,1753378834.22266,-51.831,-70.472,0,0,0,-0.236356941578553,-0.971666298771153,3.5,0,0,0,0,0,1753378816,1753378834.21403,-45.83,-59.123,0,0,0,-0.519590226040073,0.854415587991948,0,0,0,0,0,0,1753378816
506,1753378834.23078,-51.831,-70.472,0,0,0,-0.236356941578553,-0.971666298771153,3.5,0,0,0,0,0,1753378816,1753378834.22269,-45.83,-59.123,0,0,0,-0.519590226040073,0.854415587991948,0,0,0,0,0,0,1753378816
507,1753378834.23919,-51.831,-70.472,0,0,0,-0.236356941578553,-0.971666298771153,3.5,0,0,0,0,0,1753378816,1753378834.2308,-45.83,-59.123,0,0,0,-0.519590226040073,0.854415587991948,0,0,0,0,0,0,1753378816
508,1753378834.24758,-51.831,-70.472,0,0,0,-0.236356941578553,-0.971666298771153,3.5,0,0,0,0,0,1753378816,1753378834.23922,-45.83,-59.123,0,0,0,-0.519590226040073,0.854415587991948,0,0,0,0,0,0,1753378816
509,1753378834.25584,-51.831,-70.472,0,0,0,-0.236356941578553,-0.971666298771153,3.5,0,0,0,0,0,1753378816,1753378834.2476,-45.83,-59.123,0,0,0,-0.519590226040073,0.854415587991948,0,0,0,0,0,0,1753378816
510,1753378834.26407,-51.831,-70.472,0,0,0,-0.236356941578553,-0.971666298771153,3.5,0,0,0,0,0,1753378816,1753378834.25587,-45.83,-59.123,0,0,0,-0.519590226040073,0.854415587991948,0,0,0,0,0,0,1753378816
511,1753378834.27225,-51.831,-70.472,0,0,0,-0.236356941578553,-0.971666298771153,3.5,0,0,0,0,0,1753378816,1753378834.2641,-45.83,-59.123,0,0,0,-0.519590226040073,0.854415587991948,0,0,0,0,0,0,1753378816
512,1753378834.28097,-51.831,-70.472,0,0,0,-0.236356941578553,-0.971666298771153,3.5,0,0,0,0,0,1753378816,1753378834.27228,-45.83,-59.123,0,0,0,-0.519590226040073,0.854415587991948,0,0,0,0,0,0,1753378816
513,1753378834.28912,-51.831,-70.472,0,0,0,-0.236356941578553,-0.971666298771153,3.5,0,0,0,0,0,1753378816,1753378834.28102,-45.83,-59.123,0,0,0,-0.519590226040073,0.854415587991948,0,0,0,0,0,0,1753378816
514,1753378834.2975,-51.831,-70.472,0,0,0,-0.236356941578553,-0.971666298771153,3.5,0,0,0,0,0,1753378816,1753378834.28914,-45.83,-59.123,0,0,0,-0.519590226040073,0.854415587991948,0,0,0,0,0,0,1753378816
515,1753378834.3058,-51.831,-70.472,0,0,0,-0.236356941578553,-0.971666298771153,3.5,0,0,0,0,0,1753378816,1753378834.29753,-45.83,-59.123,0,0,0,-0.519590226040073,0.854415587991948,0,0,0,0,0,0,1753378816
516,1753378834.31401,-51.831,-70.472,0,0,0,-0.236356941578553,-0.971666298771153,3.5,0,0,0,0,0,1753378816,1753378834.30583,-45.83,-59.123,0,0,0,-0.519590226040073,0.854415587991948,0,0,0,0,0,0,1753378816
517,1753378834.32258,-51.831,-70.472,0,0,0,-0.236356941578553,-0.971666298771153,3.5,0,0,0,0,0,1753378816,1753378834.31403,-45.83,-59.123,0,0,0,-0.519590226040073,0.854415587991948,0,0,0,0,0,0,1753378816
518,1753378834.33074,-51.831,-70.472,0,0,0,-0.236356941578553,-0.971666298771153,3.5,0,0,0,0,0,1753378816,1753378834.32261,-45.83,-59.123,0,0,0,-0.519590226040073,0.854415587991948,0,0,0,0,0,0,1753378816
519,1753378834.33912,-51.831,-70.472,0,0,0,-0.236356941578553,-0.971666298771153,3.5,0,0,0,0,0,1753378816,1753378834.33077,-45.83,-59.123,0,0,0,-0.519590226040073,0.854415587991948,0,0,0,0,0,0,1753378816
520,1753378834.34749,-51.831,-70.472,0,0,0,-0.236356941578553,-0.971666298771153,3.5,0,0,0,0,0,1753378816,1753378834.33915,-45.83,-59.123,0,0,0,-0.519590226040073,0.854415587991948,0,0,0,0,0,0,1753378816
521,1753378834.35569,-51.831,-70.472,0,0,0,-0.236356941578553,-0.971666298771153,3.5,0,0,0,0,0,1753378816,1753378834.34752,-45.83,-59.123,0,0,0,-0.519590226040073,0.854415587991948,0,0,0,0,0,0,1753378816
522,1753378834.36396,-51.831,-70.472,0,0,0,-0.236356941578553,-0.971666298771153,3.5,0,0,0,0,0,1753378816,1753378834.35571,-45.83,-59.123,0,0,0,-0.519590226040073,0.854415587991948,0,0,0,0,0,0,1753378816
523,1753378834.37246,-51.831,-70.472,0,0,0,-0.236356941578553,-0.971666298771153,3.5,0,0,0,0,0,1753378816,1753378834.36399,-45.83,-59.123,0,0,0,-0.519590226040073,0.854415587991948,0,0,0,0,0,0,1753378816
524,1753378834.38078,-51.831,-70.472,0,0,0,-0.236356941578553,-0.971666298771153,3.5,0,0,0,0,0,1753378816,1753378834.37248,-45.83,-59.123,0,0,0,-0.519590226040073,0.854415587991948,0,0,0,0,0,0,1753378816
525,1753378834.38904,-51.831,-70.472,0,0,0,-0.236356941578553,-0.971666298771153,3.5,0,0,0,0,0,1753378816,1753378834.3808,-45.83,-59.123,0,0,0,-0.519590226040073,0.854415587991948,0,0,0,0,0,0,1753378816
526,1753378834.39748,-51.831,-70.472,0,0,0,-0.236356941578553,-0.971666298771153,3.5,0,0,0,0,0,1753378816,1753378834.38907,-45.83,-59.123,0,0,0,-0.519590226040073,0.854415587991948,0,0,0,0,0,0,1753378816
527,1753378834.40568,-51.831,-70.472,0,0,0,-0.236356941578553,-0.971666298771153,3.5,0,0,0,0,0,1753378816,1753378834.3975,-45.83,-59.123,0,0,0,-0.519590226040073,0.854415587991948,0,0,0,0,0,0,1753378816
528,1753378834.41411,-51.831,-70.472,0,0,0,-0.236356941578553,-0.971666298771153,3.5,0,0,0,0,0,1753378816,1753378834.40571,-45.83,-59.123,0,0,0,-0.519590226040073,0.854415587991948,0,0,0,0,0,0,1753378816
529,1753378834.42259,-51.831,-70.472,0,0,0,-0.236356941578553,-0.971666298771153,3.5,0,0,0,0,0,1753378816,1753378834.41414,-45.83,-59.123,0,0,0,-0.519590226040073,0.854415587991948,0,0,0,0,0,0,1753378816
530,1753378834.43078,-51.831,-70.472,0,0,0,-0.236356941578553,-0.971666298771153,3.5,0,0,0,0,0,1753378816,1753378834.42261,-45.83,-59.123,0,0,0,-0.519590226040073,0.854415587991948,0,0,0,0,0,0,1753378816
531,1753378834.43935,-51.831,-70.472,0,0,0,-0.236356941578553,-0.971666298771153,3.5,0,0,0,0,0,1753378816,1753378834.43081,-45.83,-59.123,0,0,0,-0.519590226040073,0.854415587991948,0,0,0,0,0,0,1753378816
532,1753378834.44765,-51.831,-70.472,0,0,0,-0.236356941578553,-0.971666298771153,3.5,0,0,0,0,0,1753378816,1753378834.43939,-45.83,-59.123,0,0,0,-0.519590226040073,0.854415587991948,0,0,0,0,0,0,1753378816
533,1753378834.4557,-51.831,-70.472,0,0,0,-0.236356941578553,-0.971666298771153,3.5,0,0,0,0,0,1753378816,1753378834.44767,-45.83,-59.123,0,0,0,-0.519590226040073,0.854415587991948,0,0,0,0,0,0,1753378816
534,1753378834.46406,-51.831,-70.472,0,0,0,-0.236356941578553,-0.971666298771153,3.5,0,0,0,0,0,1753378816,1753378834.45572,-45.83,-59.123,0,0,0,-0.519590226040073,0.854415587991948,0,0,0,0,0,0,1753378816
535,1753378834.47277,-51.831,-70.472,0,0,0,-0.236356941578553,-0.971666298771153,3.5,0,0,0,0,0,1753378816,1753378834.46408,-45.83,-59.123,0,0,0,-0.519590226040073,0.854415587991948,0,0,0,0,0,0,1753378816
536,1753378834.48071,-51.831,-70.472,0,0,0,-0.236356941578553,-0.971666298771153,3.5,0,0,0,0,0,1753378816,1753378834.47281,-45.83,-59.123,0,0,0,-0.519590226040073,0.854415587991948,0,0,0,0,0,0,1753378816
537,1753378834.48936,-51.831,-70.472,0,0,0,-0.236356941578553,-0.971666298771153,3.5,0,0,0,0,0,1753378816,1753378834.48073,-45.83,-59.123,0,0,0,-0.519590226040073,0.854415587991948,0,0,0,0,0,0,1753378816
538,1753378834.49765,-51.831,-70.472,0,0,0,-0.236356941578553,-0.971666298771153,3.5,0,0,0,0,0,1753378816,1753378834.4894,-45.83,-59.123,0,0,0,-0.519590226040073,0.854415587991948,0,0,0,0,0,0,1753378816
539,1753378834.50594,-51.831,-70.472,0,0,0,-0.236356941578553,-0.971666298771153,3.5,0,0,0,0,0,1753378816,1753378834.49769,-45.83,-59.123,0,0,0,-0.519590226040073,0.854415587991948,0,0,0,0,0,0,1753378816
540,1753378834.51442,-51.831,-70.472,0,0,0,-0.236356941578553,-0.971666298771153,3.5,0,0,0,0,0,1753378816,1753378834.50598,-45.83,-59.123,0,0,0,-0.519590226040073,0.854415587991948,0,0,0,0,0,0,1753378816
541,1753378834.52264,-51.831,-70.472,0,0,0,-0.236356941578553,-0.971666298771153,3.5,0,0,0,0,0,1753378816,1753378834.51445,-45.83,-59.123,0,0,0,-0.519590226040073,0.854415587991948,0,0,0,0,0,0,1753378816
542,1753378834.53104,-51.831,-70.472,0,0,0,-0.236356941578553,-0.971666298771153,3.5,0,0,0,0,0,1753378816,1753378834.52268,-45.83,-59.123,0,0,0,-0.519590226040073,0.854415587991948,0,0,0,0,0,0,1753378816
543,1753378834.5395,-51.831,-70.472,0,0,0,-0.236356941578553,-0.971666298771153,3.5,0,0,0,0,0,1753378816,1753378834.53108,-45.83,-59.123,0,0,0,-0.519590226040073,0.854415587991948,0,0,0,0,0,0,1753378816
544,1753378834.54774,-51.831,-70.472,0,0,0,-0.236356941578553,-0.971666298771153,3.5,0,0,0,0,0,1753378816,1753378834.53955,-45.83,-59.123,0,0,0,-0.519590226040073,0.854415587991948,0,0,0,0,0,0,1753378816
545,1753378834.55599,-51.831,-70.472,0,0,0,-0.236356941578553,-0.971666298771153,3.5,0,0,0,0,0,1753378816,1753378834.54779,-45.83,-59.123,0,0,0,-0.519590226040073,0.854415587991948,0,0,0,0,0,0,1753378816
546,1753378834.56479,-51.831,-70.472,0,0,0,-0.236356941578553,-0.971666298771153,3.5,0,0,0,0,0,1753378816,1753378834.55603,-45.83,-59.123,0,0,0,-0.519590226040073,0.854415587991948,0,0,0,0,0,0,1753378816
547,1753378834.57264,-51.831,-70.472,0,0,0,-0.236356941578553,-0.971666298771153,3.5,0,0,0,0,0,1753378816,1753378834.56492,-45.83,-59.123,0,0,0,-0.519590226040073,0.854415587991948,0,0,0,0,0,0,1753378816
548,1753378834.58075,-51.831,-70.472,0,0,0,-0.236356941578553,-0.971666298771153,3.5,0,0,0,0,0,1753378816,1753378834.57267,-45.83,-59.123,0,0,0,-0.519590226040073,0.854415587991948,0,0,0,0,0,0,1753378816
549,1753378834.58903,-51.831,-70.472,0,0,0,-0.236356941578553,-0.971666298771153,3.5,0,0,0,0,0,1753378816,1753378834.58078,-45.83,-59.123,0,0,0,-0.519590226040073,0.854415587991948,0,0,0,0,0,0,1753378816
550,1753378834.59742,-51.831,-70.472,0,0,0,-0.236356941578553,-0.971666298771153,3.5,0,0,0,0,0,1753378816,1753378834.58906,-45.83,-59.123,0,0,0,-0.519590226040073,0.854415587991948,0,0,0,0,0,0,1753378816
551,1753378834.60574,-51.831,-70.472,0,0,0,-0.236356941578553,-0.971666298771153,3.5,0,0,0,0,0,1753378816,1753378834.59745,-45.83,-59.123,0,0,0,-0.519590226040073,0.854415587991948,0,0,0,0,0,0,1753378816
552,1753378834.61398,-51.831,-70.472,0,0,0,-0.236356941578553,-0.971666298771153,3.5,0,0,0,0,0,1753378816,1753378834.60576,-45.83,-59.123,0,0,0,-0.519590226040073,0.854415587991948,0,0,0,0,0,0,1753378816
553,1753378834.62225,-51.831,-70.472,0,0,0,-0.236356941578553,-0.971666298771153,3.5,0,0,0,0,0,1753378816,1753378834.614,-45.83,-59.123,0,0,0,-0.519590226040073,0.854415587991948,0,0,0,0,0,0,1753378816
554,1753378834.63101,-51.831,-70.472,0,0,0,-0.236356941578553,-0.971666298771153,3.5,0,0,0,0,0,1753378816,1753378834.62227,-45.83,-59.123,0,0,0,-0.519590226040073,0.854415587991948,0,0,0,0,0,0,1753378816
555,1753378834.63911,-51.831,-70.472,0,0,0,-0.236356941578553,-0.971666298771153,3.5,0,0,0,0,0,1753378816,1753378834.63105,-45.83,-59.123,0,0,0,-0.519590226040073,0.854415587991948,0,0,0,0,0,0,1753378816
556,1753378834.64747,-51.831,-70.472,0,0,0,-0.236356941578553,-0.971666298771153,3.5,0,0,0,0,0,1753378816,1753378834.63914,-45.83,-59.123,0,0,0,-0.519590226040073,0.854415587991948,0,0,0,0,0,0,1753378816
557,1753378834.6559,-51.831,-70.472,0,0,0,-0.236356941578553,-0.971666298771153,3.5,0,0,0,0,0,1753378816,1753378834.6475,-45.83,-59.123,0,0,0,-0.519590226040073,0.854415587991948,0,0,0,0,0,0,1753378816
558,1753378834.66417,-51.831,-70.472,0,0,0,-0.236356941578553,-0.971666298771153,3.5,0,0,0,0,0,1753378816,1753378834.65594,-45.83,-59.123,0,0,0,-0.519590226040073,0.854415587991948,0,0,0,0,0,0,1753378816
559,1753378834.67275,-51.831,-70.472,0,0,0,-0.236356941578553,-0.971666298771153,3.5,0,0,0,0,0,1753378816,1753378834.66419,-45.83,-59.123,0,0,0,-0.519590226040073,0.854415587991948,0,0,0,0,0,0,1753378816
560,1753378834.68107,-51.831,-70.472,0,0,0,-0.236356941578553,-0.971666298771153,3.5,0,0,0,0,0,1753378816,1753378834.67279,-45.83,-59.123,0,0,0,-0.519590226040073,0.854415587991948,0,0,0,0,0,0,1753378816
561,1753378834.68942,-51.831,-70.472,0,0,0,-0.236356941578553,-0.971666298771153,3.5,0,0,0,0,0,1753378816,1753378834.68112,-45.83,-59.123,0,0,0,-0.519590226040073,0.854415587991948,0,0,0,0,0,0,1753378816
562,1753378834.69743,-51.831,-70.472,0,0,0,-0.236356941578553,-0.971666298771153,3.5,0,0,0,0,0,1753378816,1753378834.68945,-45.83,-59.123,0,0,0,-0.519590226040073,0.854415587991948,0,0,0,0,0,0,1753378816
563,1753378834.70569,-51.831,-70.472,0,0,0,-0.236356941578553,-0.971666298771153,3.5,0,0,0,0,0,1753378816,1753378834.69746,-45.83,-59.123,0,0,0,-0.519590226040073,0.854415587991948,0,0,0,0,0,0,1753378816
564,1753378834.71418,-51.831,-70.472,0,0,0,-0.236356941578553,-0.971666298771153,3.5,0,0,0,0,0,1753378816,1753378834.70572,-45.83,-59.123,0,0,0,-0.519590226040073,0.854415587991948,0,0,0,0,0,0,1753378816
565,1753378834.72223,-51.831,-70.472,0,0,0,-0.236356941578553,-0.971666298771153,3.5,0,0,0,0,0,1753378816,1753378834.7142,-45.83,-59.123,0,0,0,-0.519590226040073,0.854415587991948,0,0,0,0,0,0,1753378816
566,1753378834.73077,-51.831,-70.472,0,0,0,-0.236356941578553,-0.971666298771153,3.5,0,0,0,0,0,1753378816,1753378834.72225,-45.83,-59.123,0,0,0,-0.519590226040073,0.854415587991948,0,0,0,0,0,0,1753378816
567,1753378834.73902,-51.831,-70.472,0,0,0,-0.236356941578553,-0.971666298771153,3.5,0,0,0,0,0,1753378816,1753378834.73081,-45.83,-59.123,0,0,0,-0.519590226040073,0.854415587991948,0,0,0,0,0,0,1753378816
568,1753378834.74749,-51.831,-70.472,0,0,0,-0.236356941578553,-0.971666298771153,3.5,0,0,0,0,0,1753378816,1753378834.73904,-45.83,-59.123,0,0,0,-0.519590226040073,0.854415587991948,0,0,0,0,0,0,1753378816
569,1753378834.75568,-51.831,-70.472,0,0,0,-0.236356941578553,-0.971666298771153,3.5,0,0,0,0,0,1753378816,1753378834.74752,-45.83,-59.123,0,0,0,-0.519590226040073,0.854415587991948,0,0,0,0,0,0,1753378816
570,1753378834.76398,-51.831,-70.472,0,0,0,-0.236356941578553,-0.971666298771153,3.5,0,0,0,0,0,1753378816,1753378834.7557,-45.83,-59.123,0,0,0,-0.519590226040073,0.854415587991948,0,0,0,0,0,0,1753378816
571,1753378834.77227,-51.831,-70.472,0,0,0,-0.236356941578553,-0.971666298771153,3.5,0,0,0,0,0,1753378816,1753378834.76401,-45.83,-59.123,0,0,0,-0.519590226040073,0.854415587991948,0,0,0,0,0,0,1753378816
572,1753378834.78069,-51.831,-70.472,0,0,0,-0.236356941578553,-0.971666298771153,3.5,0,0,0,0,0,1753378816,1753378834.7723,-45.83,-59.123,0,0,0,-0.519590226040073,0.854415587991948,0,0,0,0,0,0,1753378816
573,1753378834.78904,-51.831,-70.472,0,0,0,-0.236356941578553,-0.971666298771153,3.5,0,0,0,0,0,1753378816,1753378834.78072,-45.83,-59.123,0,0,0,-0.519590226040073,0.854415587991948,0,0,0,0,0,0,1753378816
574,1753378834.7974,-51.831,-70.472,0,0,0,-0.236356941578553,-0.971666298771153,3.5,0,0,0,0,0,1753378816,1753378834.78907,-45.83,-59.123,0,0,0,-0.519590226040073,0.854415587991948,0,0,0,0,0,0,1753378816
575,1753378834.80569,-51.831,-70.472,0,0,0,-0.236356941578553,-0.971666298771153,3.5,0,0,0,0,0,1753378816,1753378834.79743,-45.83,-59.123,0,0,0,-0.519590226040073,0.854415587991948,0,0,0,0,0,0,1753378816
576,1753378834.81395,-51.831,-70.472,0,0,0,-0.236356941578553,-0.971666298771153,3.5,0,0,0,0,0,1753378816,1753378834.80571,-45.83,-59.123,0,0,0,-0.519590226040073,0.854415587991948,0,0,0,0,0,0,1753378816
577,1753378834.82226,-51.831,-70.472,0,0,0,-0.236356941578553,-0.971666298771153,3.5,0,0,0,0,0,1753378816,1753378834.81397,-45.83,-59.123,0,0,0,-0.519590226040073,0.854415587991948,0,0,0,0,0,0,1753378816
578,1753378834.83094,-51.831,-70.472,0,0,0,-0.236356941578553,-0.971666298771153,3.5,0,0,0,0,0,1753378816,1753378834.82229,-45.83,-59.123,0,0,0,-0.519590226040073,0.854415587991948,0,0,0,0,0,0,1753378816
579,1753378834.83905,-51.831,-70.472,0,0,0,-0.236356941578553,-0.971666298771153,3.5,0,0,0,0,0,1753378816,1753378834.83096,-45.83,-59.123,0,0,0,-0.519590226040073,0.854415587991948,0,0,0,0,0,0,1753378816
580,1753378834.84746,-51.831,-70.472,0,0,0,-0.236356941578553,-0.971666298771153,3.5,0,0,0,0,0,1753378816,1753378834.83908,-45.83,-59.123,0,0,0,-0.519590226040073,0.854415587991948,0,0,0,0,0,0,1753378816
581,1753378834.85586,-51.831,-70.472,0,0,0,-0.236356941578553,-0.971666298771153,3.5,0,0,0,0,0,1753378816,1753378834.84748,-45.83,-59.123,0,0,0,-0.519590226040073,0.854415587991948,0,0,0,0,0,0,1753378816
582,1753378834.86437,-51.831,-70.472,0,0,0,-0.236356941578553,-0.971666298771153,3.5,0,0,0,0,0,1753378816,1753378834.85589,-45.83,-59.123,0,0,0,-0.519590226040073,0.854415587991948,0,0,0,0,0,0,1753378816
583,1753378834.87275,-51.831,-70.472,0,0,0,-0.236356941578553,-0.971666298771153,3.5,0,0,0,0,0,1753378816,1753378834.86441,-45.83,-59.123,0,0,0,-0.519590226040073,0.854415587991948,0,0,0,0,0,0,1753378816
584,1753378834.88111,-51.831,-70.472,0,0,0,-0.236356941578553,-0.971666298771153,3.5,0,0,0,0,0,1753378816,1753378834.87284,-45.83,-59.123,0,0,0,-0.519590226040073,0.854415587991948,0,0,0,0,0,0,1753378816
585,1753378834.88904,-51.831,-70.472,0,0,0,-0.236356941578553,-0.971666298771153,3.5,0,0,0,0,0,1753378816,1753378834.88116,-45.83,-59.123,0,0,0,-0.519590226040073,0.854415587991948,0,0,0,0,0,0,1753378816
586,1753378834.89775,-51.831,-70.472,0,0,0,-0.236356941578553,-0.971666298771153,3.5,0,0,0,0,0,1753378816,1753378834.88907,-45.83,-59.123,0,0,0,-0.519590226040073,0.854415587991948,0,0,0,0,0,0,1753378816
587,1753378834.90593,-51.831,-70.472,0,0,0,-0.236356941578553,-0.971666298771153,3.5,0,0,0,0,0,1753378816,1753378834.8978,-45.83,-59.123,0,0,0,-0.519590226040073,0.854415587991948,0,0,0,0,0,0,1753378816
588,1753378834.91446,-51.831,-70.472,0,0,0,-0.236356941578553,-0.971666298771153,3.5,0,0,0,0,0,1753378816,1753378834.90597,-45.83,-59.123,0,0,0,-0.519590226040073,0.854415587991948,0,0,0,0,0,0,1753378816
589,1753378834.9228,-51.831,-70.472,0,0,0,-0.236356941578553,-0.971666298771153,3.5,0,0,0,0,0,1753378816,1753378834.91451,-45.83,-59.123,0,0,0,-0.519590226040073,0.854415587991948,0,0,0,0,0,0,1753378816
590,1753378834.93106,-51.831,-70.472,0,0,0,-0.236356941578553,-0.971666298771153,3.5,0,0,0,0,0,1753378816,1753378834.92285,-45.83,-59.123,0,0,0,-0.519590226040073,0.854415587991948,0,0,0,0,0,0,1753378816
591,1753378834.93927,-51.831,-70.472,0,0,0,-0.236356941578553,-0.971666298771153,3.5,0,0,0,0,0,1753378816,1753378834.9311,-45.83,-59.123,0,0,0,-0.519590226040073,0.854415587991948,0,0,0,0,0,0,1753378816
592,1753378834.94765,-51.831,-70.472,0,0,0,-0.236356941578553,-0.971666298771153,3.5,0,0,0,0,0,1753378816,1753378834.93932,-45.83,-59.123,0,0,0,-0.519590226040073,0.854415587991948,0,0,0,0,0,0,1753378816
593,1753378834.9556,-51.831,-70.472,0,0,0,-0.236356941578553,-0.971666298771153,3.5,0,0,0,0,0,1753378816,1753378834.94769,-45.83,-59.123,0,0,0,-0.519590226040073,0.854415587991948,0,0,0,0,0,0,1753378816
594,1753378834.9643,-51.831,-70.472,0,0,0,-0.236356941578553,-0.971666298771153,3.5,0,0,0,0,0,1753378816,1753378834.95562,-45.83,-59.123,0,0,0,-0.519590226040073,0.854415587991948,0,0,0,0,0,0,1753378816
595,1753378834.97232,-51.831,-70.472,0,0,0,-0.236356941578553,-0.971666298771153,3.5,0,0,0,0,0,1753378816,1753378834.96433,-45.83,-59.123,0,0,0,-0.519590226040073,0.854415587991948,0,0,0,0,0,0,1753378816
596,1753378834.98085,-51.831,-70.472,0,0,0,-0.236356941578553,-0.971666298771153,3.5,0,0,0,0,0,1753378816,1753378834.97234,-45.83,-59.123,0,0,0,-0.519590226040073,0.854415587991948,0,0,0,0,0,0,1753378816
597,1753378834.98907,-51.831,-70.472,0,0,0,-0.236356941578553,-0.971666298771153,3.5,0,0,0,0,0,1753378816,1753378834.98087,-45.83,-59.123,0,0,0,-0.519590226040073,0.854415587991948,0,0,0,0,0,0,1753378816
598,1753378834.9977,-51.831,-70.472,0,0,0,-0.236356941578553,-0.971666298771153,3.5,0,0,0,0,0,1753378816,1753378834.98909,-45.83,-59.123,0,0,0,-0.519590226040073,0.854415587991948,0,0,0,0,0,0,1753378816
599,1753378835.00563,-51.831,-70.472,0,0,0,-0.236356941578553,-0.971666298771153,3.5,0,0,0,0,0,1753378816,1753378834.99775,-45.83,-59.123,0,0,0,-0.519590226040073,0.854415587991948,0,0,0,0,0,0,1753378816
600,1753378835.01398,-51.831,-70.472,0,0,0,-0.236356941578553,-0.971666298771153,3.5,0,0,0,0,0,1753378816,1753378835.00565,-45.83,-59.123,0,0,0,-0.519590226040073,0.854415587991948,0,0,0,0,0,0,1753378816
601,1753378835.02232,-51.831,-70.472,0,0,0,-0.236356941578553,-0.971666298771153,3.5,0,0,0,0,0,1753378816,1753378835.01401,-45.83,-59.123,0,0,0,-0.519590226040073,0.854415587991948,0,0,0,0,0,0,1753378816
602,1753378835.03076,-51.831,-70.472,0,0,0,-0.236356941578553,-0.971666298771153,3.5,0,0,0,0,0,1753378816,1753378835.02235,-45.83,-59.123,0,0,0,-0.519590226040073,0.854415587991948,0,0,0,0,0,0,1753378816
603,1753378835.03891,-51.831,-70.472,0,0,0,-0.236356941578553,-0.971666298771153,3.5,0,0,0,0,0,1753378816,1753378835.03079,-45.83,-59.123,0,0,0,-0.519590226040073,0.854415587991948,0,0,0,0,0,0,1753378816
604,1753378835.04733,-51.831,-70.472,0,0,0,-0.236356941578553,-0.971666298771153,3.5,0,0,0,0,0,1753378816,1753378835.03893,-45.83,-59.123,0,0,0,-0.519590226040073,0.854415587991948,0,0,0,0,0,0,1753378816
605,1753378835.05563,-51.831,-70.472,0,0,0,-0.236356941578553,-0.971666298771153,3.5,0,0,0,0,0,1753378816,1753378835.04735,-45.83,-59.123,0,0,0,-0.519590226040073,0.854415587991948,0,0,0,0,0,0,1753378816
606,1753378835.06404,-51.831,-70.472,0,0,0,-0.236356941578553,-0.971666298771153,3.5,0,0,0,0,0,1753378816,1753378835.05565,-45.83,-59.123,0,0,0,-0.519590226040073,0.854415587991948,0,0,0,0,0,0,1753378816
607,1753378835.07243,-51.831,-70.472,0,0,0,-0.236356941578553,-0.971666298771153,3.5,0,0,0,0,0,1753378816,1753378835.06407,-45.83,-59.123,0,0,0,-0.519590226040073,0.854415587991948,0,0,0,0,0,0,1753378816
608,1753378835.08072,-51.831,-70.472,0,0,0,-0.236356941578553,-0.971666298771153,3.5,0,0,0,0,0,1753378816,1753378835.07245,-45.83,-59.123,0,0,0,-0.519590226040073,0.854415587991948,0,0,0,0,0,0,1753378816
609,1753378835.08906,-51.831,-70.472,0,0,0,-0.236356941578553,-0.971666298771153,3.5,0,0,0,0,0,1753378816,1753378835.08074,-45.83,-59.123,0,0,0,-0.519590226040073,0.854415587991948,0,0,0,0,0,0,1753378816
610,1753378835.09786,-51.831,-70.472,0,0,0,-0.236356941578553,-0.971666298771153,3.5,0,0,0,0,0,1753378816,1753378835.08908,-45.83,-59.123,0,0,0,-0.519590226040073,0.854415587991948,0,0,0,0,0,0,1753378816
611,1753378835.10593,-51.831,-70.472,0,0,0,-0.236356941578553,-0.971666298771153,3.5,0,0,0,0,0,1753378816,1753378835.09792,-45.83,-59.123,0,0,0,-0.519590226040073,0.854415587991948,0,0,0,0,0,0,1753378816
612,1753378835.11404,-51.831,-70.472,0,0,0,-0.236356941578553,-0.971666298771153,3.5,0,0,0,0,0,1753378816,1753378835.10597,-45.83,-59.123,0,0,0,-0.519590226040073,0.854415587991948,0,0,0,0,0,0,1753378816
613,1753378835.12225,-51.831,-70.472,0,0,0,-0.236356941578553,-0.971666298771153,3.5,0,0,0,0,0,1753378816,1753378835.11406,-45.83,-59.123,0,0,0,-0.519590226040073,0.854415587991948,0,0,0,0,0,0,1753378816
614,1753378835.13085,-51.831,-70.472,0,0,0,-0.236356941578553,-0.971666298771153,3.5,0,0,0,0,0,1753378816,1753378835.12228,-45.83,-59.123,0,0,0,-0.519590226040073,0.854415587991948,0,0,0,0,0,0,1753378816
615,1753378835.1391,-51.831,-70.472,0,0,0,-0.236356941578553,-0.971666298771153,3.5,0,0,0,0,0,1753378816,1753378835.13088,-45.83,-59.123,0,0,0,-0.519590226040073,0.854415587991948,0,0,0,0,0,0,1753378816
616,1753378835.14745,-51.831,-70.472,0,0,0,-0.236356941578553,-0.971666298771153,3.5,0,0,0,0,0,1753378816,1753378835.13912,-45.83,-59.123,0,0,0,-0.519590226040073,0.854415587991948,0,0,0,0,0,0,1753378816
617,1753378835.15573,-51.831,-70.472,0,0,0,-0.236356941578553,-0.971666298771153,3.5,0,0,0,0,0,1753378816,1753378835.14748,-45.83,-59.123,0,0,0,-0.519590226040073,0.854415587991948,0,0,0,0,0,0,1753378816
618,1753378835.16405,-51.831,-70.472,0,0,0,-0.236356941578553,-0.971666298771153,3.5,0,0,0,0,0,1753378816,1753378835.15576,-45.83,-59.123,0,0,0,-0.519590226040073,0.854415587991948,0,0,0,0,0,0,1753378816
619,1753378835.17227,-51.831,-70.472,0,0,0,-0.236356941578553,-0.971666298771153,3.5,0,0,0,0,0,1753378816,1753378835.16407,-45.83,-59.123,0,0,0,-0.519590226040073,0.854415587991948,0,0,0,0,0,0,1753378816
620,1753378835.18073,-51.831,-70.472,0,0,0,-0.236356941578553,-0.971666298771153,3.5,0,0,0,0,0,1753378816,1753378835.1723,-45.83,-59.123,0,0,0,-0.519590226040073,0.854415587991948,0,0,0,0,0,0,1753378816
621,1753378835.18946,-51.831,-70.472,0,0,0,-0.236356941578553,-0.971666298771153,3.5,0,0,0,0,0,1753378816,1753378835.18076,-45.83,-59.123,0,0,0,-0.519590226040073,0.854415587991948,0,0,0,0,0,0,1753378816
622,1753378835.19759,-51.831,-70.472,0,0,0,-0.236356941578553,-0.971666298771153,3.5,0,0,0,0,0,1753378816,1753378835.1895,-45.83,-59.123,0,0,0,-0.519590226040073,0.854415587991948,0,0,0,0,0,0,1753378816
623,1753378835.20591,-51.831,-70.472,0,0,0,-0.236356941578553,-0.971666298771153,3.5,0,0,0,0,0,1753378816,1753378835.19763,-45.83,-59.123,0,0,0,-0.519590226040073,0.854415587991948,0,0,0,0,0,0,1753378816
624,1753378835.21426,-51.831,-70.472,0,0,0,-0.236356941578553,-0.971666298771153,3.5,0,0,0,0,0,1753378816,1753378835.20595,-45.83,-59.123,0,0,0,-0.519590226040073,0.854415587991948,0,0,0,0,0,0,1753378816
625,1753378835.22266,-51.831,-70.472,0,0,0,-0.236356941578553,-0.971666298771153,3.5,0,0,0,0,0,1753378816,1753378835.21431,-45.83,-59.123,0,0,0,-0.519590226040073,0.854415587991948,0,0,0,0,0,0,1753378816
626,1753378835.23103,-51.831,-70.472,0,0,0,-0.236356941578553,-0.971666298771153,3.5,0,0,0,0,0,1753378816,1753378835.2227,-45.83,-59.123,0,0,0,-0.519590226040073,0.854415587991948,0,0,0,0,0,0,1753378816
627,1753378835.23925,-51.831,-70.472,0,0,0,-0.236356941578553,-0.971666298771153,3.5,0,0,0,0,0,1753378816,1753378835.23107,-45.83,-59.123,0,0,0,-0.519590226040073,0.854415587991948,0,0,0,0,0,0,1753378816
628,1753378835.24759,-51.831,-70.472,0,0,0,-0.236356941578553,-0.971666298771153,3.5,0,0,0,0,0,1753378816,1753378835.23927,-45.83,-59.123,0,0,0,-0.519590226040073,0.854415587991948,0,0,0,0,0,0,1753378816
629,1753378835.25576,-51.831,-70.472,0,0,0,-0.236356941578553,-0.971666298771153,3.5,0,0,0,0,0,1753378816,1753378835.24763,-45.83,-59.123,0,0,0,-0.519590226040073,0.854415587991948,0,0,0,0,0,0,1753378816
630,1753378835.2641,-51.831,-70.472,0,0,0,-0.236356941578553,-0.971666298771153,3.5,0,0,0,0,0,1753378816,1753378835.25579,-45.83,-59.123,0,0,0,-0.519590226040073,0.854415587991948,0,0,0,0,0,0,1753378816
631,1753378835.27253,-51.831,-70.472,0,0,0,-0.236356941578553,-0.971666298771153,3.5,0,0,0,0,0,1753378816,1753378835.26413,-45.83,-59.123,0,0,0,-0.519590226040073,0.854415587991948,0,0,0,0,0,0,1753378816
632,1753378835.28114,-51.831,-70.472,0,0,0,-0.236356941578553,-0.971666298771153,3.5,0,0,0,0,0,1753378816,1753378835.27256,-45.83,-59.123,0,0,0,-0.519590226040073,0.854415587991948,0,0,0,0,0,0,1753378816
633,1753378835.28935,-51.831,-70.472,0,0,0,-0.236356941578553,-0.971666298771153,3.5,0,0,0,0,0,1753378816,1753378835.28119,-45.83,-59.123,0,0,0,-0.519590226040073,0.854415587991948,0,0,0,0,0,0,1753378816
634,1753378835.29748,-51.831,-70.472,0,0,0,-0.236356941578553,-0.971666298771153,3.5,0,0,0,0,0,1753378816,1753378835.28939,-45.83,-59.123,0,0,0,-0.519590226040073,0.854415587991948,0,0,0,0,0,0,1753378816
635,1753378835.30568,-51.831,-70.472,0,0,0,-0.236356941578553,-0.971666298771153,3.5,0,0,0,0,0,1753378816,1753378835.2975,-45.83,-59.123,0,0,0,-0.519590226040073,0.854415587991948,0,0,0,0,0,0,1753378816
636,1753378835.31398,-51.831,-70.472,0,0,0,-0.236356941578553,-0.971666298771153,3.5,0,0,0,0,0,1753378816,1753378835.30571,-45.83,-59.123,0,0,0,-0.519590226040073,0.854415587991948,0,0,0,0,0,0,1753378816
637,1753378835.32268,-51.831,-70.472,0,0,0,-0.236356941578553,-0.971666298771153,3.5,0,0,0,0,0,1753378816,1753378835.31401,-45.83,-59.123,0,0,0,-0.519590226040073,0.854415587991948,0,0,0,0,0,0,1753378816
638,1753378835.33073,-51.831,-70.472,0,0,0,-0.236356941578553,-0.971666298771153,3.5,0,0,0,0,0,1753378816,1753378835.32271,-45.83,-59.123,0,0,0,-0.519590226040073,0.854415587991948,0,0,0,0,0,0,1753378816
639,1753378835.33906,-51.831,-70.472,0,0,0,-0.236356941578553,-0.971666298771153,3.5,0,0,0,0,0,1753378816,1753378835.33075,-45.83,-59.123,0,0,0,-0.519590226040073,0.854415587991948,0,0,0,0,0,0,1753378816
640,1753378835.34741,-51.831,-70.472,0,0,0,-0.236356941578553,-0.971666298771153,3.5,0,0,0,0,0,1753378816,1753378835.33908,-45.83,-59.123,0,0,0,-0.519590226040073,0.854415587991948,0,0,0,0,0,0,1753378816
641,1753378835.35589,-51.831,-70.472,0,0,0,-0.236356941578553,-0.971666298771153,3.5,0,0,0,0,0,1753378816,1753378835.34743,-45.83,-59.123,0,0,0,-0.519590226040073,0.854415587991948,0,0,0,0,0,0,1753378816
642,1753378835.36416,-51.831,-70.472,0,0,0,-0.236356941578553,-0.971666298771153,3.5,0,0,0,0,0,1753378816,1753378835.35593,-45.83,-59.123,0,0,0,-0.519590226040073,0.854415587991948,0,0,0,0,0,0,1753378816
643,1753378835.37233,-51.831,-70.472,0,0,0,-0.236356941578553,-0.971666298771153,3.5,0,0,0,0,0,1753378816,1753378835.3642,-45.83,-59.123,0,0,0,-0.519590226040073,0.854415587991948,0,0,0,0,0,0,1753378816
644,1753378835.38069,-51.831,-70.472,0,0,0,-0.236356941578553,-0.971666298771153,3.5,0,0,0,0,0,1753378816,1753378835.37236,-45.83,-59.123,0,0,0,-0.519590226040073,0.854415587991948,0,0,0,0,0,0,1753378816
645,1753378835.38902,-51.831,-70.472,0,0,0,-0.236356941578553,-0.971666298771153,3.5,0,0,0,0,0,1753378816,1753378835.38071,-45.83,-59.123,0,0,0,-0.519590226040073,0.854415587991948,0,0,0,0,0,0,1753378816
646,1753378835.39741,-51.831,-70.472,0,0,0,-0.236356941578553,-0.971666298771153,3.5,0,0,0,0,0,1753378816,1753378835.38904,-45.83,-59.123,0,0,0,-0.519590226040073,0.854415587991948,0,0,0,0,0,0,1753378816
647,1753378835.40564,-51.831,-70.472,0,0,0,-0.236356941578553,-0.971666298771153,3.5,0,0,0,0,0,1753378816,1753378835.39744,-45.83,-59.123,0,0,0,-0.519590226040073,0.854415587991948,0,0,0,0,0,0,1753378816
648,1753378835.41429,-51.831,-70.472,0,0,0,-0.236356941578553,-0.971666298771153,3.5,0,0,0,0,0,1753378816,1753378835.40566,-45.83,-59.123,0,0,0,-0.519590226040073,0.854415587991948,0,0,0,0,0,0,1753378816
649,1753378835.42233,-51.831,-70.472,0,0,0,-0.236356941578553,-0.971666298771153,3.5,0,0,0,0,0,1753378816,1753378835.41432,-45.83,-59.123,0,0,0,-0.519590226040073,0.854415587991948,0,0,0,0,0,0,1753378816
650,1753378835.43074,-51.831,-70.472,0,0,0,-0.236356941578553,-0.971666298771153,3.5,0,0,0,0,0,1753378816,1753378835.42235,-45.83,-59.123,0,0,0,-0.519590226040073,0.854415587991948,0,0,0,0,0,0,1753378816
651,1753378835.43903,-51.831,-70.472,0,0,0,-0.236356941578553,-0.971666298771153,3.5,0,0,0,0,0,1753378816,1753378835.43076,-45.83,-59.123,0,0,0,-0.519590226040073,0.854415587991948,0,0,0,0,0,0,1753378816
652,1753378835.44743,-51.831,-70.472,0,0,0,-0.236356941578553,-0.971666298771153,3.5,0,0,0,0,0,1753378816,1753378835.43905,-45.83,-59.123,0,0,0,-0.519590226040073,0.854415587991948,0,0,0,0,0,0,1753378816
653,1753378835.45588,-51.831,-70.472,0,0,0,-0.236356941578553,-0.971666298771153,3.5,0,0,0,0,0,1753378816,1753378835.44746,-45.83,-59.123,0,0,0,-0.519590226040073,0.854415587991948,0,0,0,0,0,0,1753378816
654,1753378835.46427,-51.831,-70.472,0,0,0,-0.236356941578553,-0.971666298771153,3.5,0,0,0,0,0,1753378816,1753378835.45591,-45.83,-59.123,0,0,0,-0.519590226040073,0.854415587991948,0,0,0,0,0,0,1753378816
655,1753378835.47289,-51.831,-70.472,0,0,0,-0.236356941578553,-0.971666298771153,3.5,0,0,0,0,0,1753378816,1753378835.46432,-45.83,-59.123,0,0,0,-0.519590226040073,0.854415587991948,0,0,0,0,0,0,1753378816
656,1753378835.48077,-51.831,-70.472,0,0,0,-0.236356941578553,-0.971666298771153,3.5,0,0,0,0,0,1753378816,1753378835.47293,-45.83,-59.123,0,0,0,-0.519590226040073,0.854415587991948,0,0,0,0,0,0,1753378816
657,1753378835.48929,-51.831,-70.472,0,0,0,-0.236356941578553,-0.971666298771153,3.5,0,0,0,0,0,1753378816,1753378835.48079,-45.83,-59.123,0,0,0,-0.519590226040073,0.854415587991948,0,0,0,0,0,0,1753378816
658,1753378835.49747,-51.831,-70.472,0,0,0,-0.236356941578553,-0.971666298771153,3.5,0,0,0,0,0,1753378816,1753378835.48946,-45.83,-59.123,0,0,0,-0.519590226040073,0.854415587991948,0,0,0,0,0,0,1753378816
659,1753378835.50566,-51.831,-70.472,0,0,0,-0.236356941578553,-0.971666298771153,3.5,0,0,0,0,0,1753378816,1753378835.4975,-45.83,-59.123,0,0,0,-0.519590226040073,0.854415587991948,0,0,0,0,0,0,1753378816
660,1753378835.51415,-51.831,-70.472,0,0,0,-0.236356941578553,-0.971666298771153,3.5,0,0,0,0,0,1753378816,1753378835.50568,-45.83,-59.123,0,0,0,-0.519590226040073,0.854415587991948,0,0,0,0,0,0,1753378816
661,1753378835.52285,-51.831,-70.472,0,0,0,-0.236356941578553,-0.971666298771153,3.5,0,0,0,0,0,1753378816,1753378835.51417,-45.83,-59.123,0,0,0,-0.519590226040073,0.854415587991948,0,0,0,0,0,0,1753378816
662,1753378835.53106,-51.831,-70.472,0,0,0,-0.236356941578553,-0.971666298771153,3.5,0,0,0,0,0,1753378816,1753378835.5229,-45.83,-59.123,0,0,0,-0.519590226040073,0.854415587991948,0,0,0,0,0,0,1753378816
663,1753378835.53909,-51.831,-70.472,0,0,0,-0.236356941578553,-0.971666298771153,3.5,0,0,0,0,0,1753378816,1753378835.53111,-45.83,-59.123,0,0,0,-0.519590226040073,0.854415587991948,0,0,0,0,0,0,1753378816
664,1753378835.54777,-51.831,-70.472,0,0,0,-0.236356941578553,-0.971666298771153,3.5,0,0,0,0,0,1753378816,1753378835.53912,-45.83,-59.123,0,0,0,-0.519590226040073,0.854415587991948,0,0,0,0,0,0,1753378816
665,1753378835.55595,-51.831,-70.472,0,0,0,-0.236356941578553,-0.971666298771153,3.5,0,0,0,0,0,1753378816,1753378835.54782,-45.83,-59.123,0,0,0,-0.519590226040073,0.854415587991948,0,0,0,0,0,0,1753378816
666,1753378835.56476,-51.831,-70.472,0,0,0,-0.236356941578553,-0.971666298771153,3.5,0,0,0,0,0,1753378816,1753378835.55599,-45.83,-59.123,0,0,0,-0.519590226040073,0.854415587991948,0,0,0,0,0,0,1753378816
667,1753378835.57273,-51.831,-70.472,0,0,0,-0.236356941578553,-0.971666298771153,3.5,0,0,0,0,0,1753378816,1753378835.5648,-45.83,-59.123,0,0,0,-0.519590226040073,0.854415587991948,0,0,0,0,0,0,1753378816
668,1753378835.58087,-51.831,-70.472,0,0,0,-0.236356941578553,-0.971666298771153,3.5,0,0,0,0,0,1753378816,1753378835.57276,-45.83,-59.123,0,0,0,-0.519590226040073,0.854415587991948,0,0,0,0,0,0,1753378816
669,1753378835.58907,-51.831,-70.472,0,0,0,-0.236356941578553,-0.971666298771153,3.5,0,0,0,0,0,1753378816,1753378835.5809,-45.83,-59.123,0,0,0,-0.519590226040073,0.854415587991948,0,0,0,0,0,0,1753378816
670,1753378835.59748,-51.831,-70.472,0,0,0,-0.236356941578553,-0.971666298771153,3.5,0,0,0,0,0,1753378816,1753378835.58909,-45.83,-59.123,0,0,0,-0.519590226040073,0.854415587991948,0,0,0,0,0,0,1753378816
671,1753378835.60583,-51.831,-70.472,0,0,0,-0.236356941578553,-0.971666298771153,3.5,0,0,0,0,0,1753378816,1753378835.59751,-45.83,-59.123,0,0,0,-0.519590226040073,0.854415587991948,0,0,0,0,0,0,1753378816
672,1753378835.61431,-51.831,-70.472,0,0,0,-0.236356941578553,-0.971666298771153,3.5,0,0,0,0,0,1753378816,1753378835.60585,-45.83,-59.123,0,0,0,-0.519590226040073,0.854415587991948,0,0,0,0,0,0,1753378816
673,1753378835.62268,-51.831,-70.472,0,0,0,-0.236356941578553,-0.971666298771153,3.5,0,0,0,0,0,1753378816,1753378835.61436,-45.83,-59.123,0,0,0,-0.519590226040073,0.854415587991948,0,0,0,0,0,0,1753378816
674,1753378835.631,-51.831,-70.472,0,0,0,-0.236356941578553,-0.971666298771153,3.5,0,0,0,0,0,1753378816,1753378835.62272,-45.83,-59.123,0,0,0,-0.519590226040073,0.854415587991948,0,0,0,0,0,0,1753378816
675,1753378835.63902,-51.831,-70.472,0,0,0,-0.236356941578553,-0.971666298771153,3.5,0,0,0,0,0,1753378816,1753378835.63103,-45.83,-59.123,0,0,0,-0.519590226040073,0.854415587991948,0,0,0,0,0,0,1753378816
676,1753378835.64754,-51.831,-70.472,0,0,0,-0.236356941578553,-0.971666298771153,3.5,0,0,0,0,0,1753378816,1753378835.63905,-45.83,-59.123,0,0,0,-0.519590226040073,0.854415587991948,0,0,0,0,0,0,1753378816
677,1753378835.65574,-51.831,-70.472,0,0,0,-0.236356941578553,-0.971666298771153,3.5,0,0,0,0,0,1753378816,1753378835.64757,-45.83,-59.123,0,0,0,-0.519590226040073,0.854415587991948,0,0,0,0,0,0,1753378816
678,1753378835.66403,-51.831,-70.472,0,0,0,-0.236356941578553,-0.971666298771153,3.5,0,0,0,0,0,1753378816,1753378835.65577,-45.83,-59.123,0,0,0,-0.519590226040073,0.854415587991948,0,0,0,0,0,0,1753378816
679,1753378835.67248,-51.831,-70.472,0,0,0,-0.236356941578553,-0.971666298771153,3.5,0,0,0,0,0,1753378816,1753378835.66406,-45.83,-59.123,0,0,0,-0.519590226040073,0.854415587991948,0,0,0,0,0,0,1753378816
680,1753378835.68075,-51.831,-70.472,0,0,0,-0.236356941578553,-0.971666298771153,3.5,0,0,0,0,0,1753378816,1753378835.6725,-45.83,-59.123,0,0,0,-0.519590226040073,0.854415587991948,0,0,0,0,0,0,1753378816
681,1753378835.68911,-51.831,-70.472,0,0,0,-0.236356941578553,-0.971666298771153,3.5,0,0,0,0,0,1753378816,1753378835.68078,-45.83,-59.123,0,0,0,-0.519590226040073,0.854415587991948,0,0,0,0,0,0,1753378816
682,1753378835.69774,-51.831,-70.472,0,0,0,-0.236356941578553,-0.971666298771153,3.5,0,0,0,0,0,1753378816,1753378835.68914,-45.83,-59.123,0,0,0,-0.519590226040073,0.854415587991948,0,0,0,0,0,0,1753378816
683,1753378835.7059,-51.831,-70.472,0,0,0,-0.236356941578553,-0.971666298771153,3.5,0,0,0,0,0,1753378816,1753378835.69779,-45.83,-59.123,0,0,0,-0.519590226040073,0.854415587991948,0,0,0,0,0,0,1753378816
684,1753378835.71429,-51.831,-70.472,0,0,0,-0.236356941578553,-0.971666298771153,3.5,0,0,0,0,0,1753378816,1753378835.70595,-45.83,-59.123,0,0,0,-0.519590226040073,0.854415587991948,0,0,0,0,0,0,1753378816
685,1753378835.72263,-51.831,-70.472,0,0,0,-0.236356941578553,-0.971666298771153,3.5,0,0,0,0,0,1753378816,1753378835.71434,-45.83,-59.123,0,0,0,-0.519590226040073,0.854415587991948,0,0,0,0,0,0,1753378816
686,1753378835.73075,-51.831,-70.472,0,0,0,-0.236356941578553,-0.971666298771153,3.5,0,0,0,0,0,1753378816,1753378835.72265,-45.83,-59.123,0,0,0,-0.519590226040073,0.854415587991948,0,0,0,0,0,0,1753378816
687,1753378835.73928,-51.831,-70.472,0,0,0,-0.236356941578553,-0.971666298771153,3.5,0,0,0,0,0,1753378816,1753378835.73077,-45.83,-59.123,0,0,0,-0.519590226040073,0.854415587991948,0,0,0,0,0,0,1753378816
688,1753378835.74773,-51.831,-70.472,0,0,0,-0.236356941578553,-0.971666298771153,3.5,0,0,0,0,0,1753378816,1753378835.73933,-45.83,-59.123,0,0,0,-0.519590226040073,0.854415587991948,0,0,0,0,0,0,1753378816
689,1753378835.75588,-51.831,-70.472,0,0,0,-0.236356941578553,-0.971666298771153,3.5,0,0,0,0,0,1753378816,1753378835.74778,-45.83,-59.123,0,0,0,-0.519590226040073,0.854415587991948,0,0,0,0,0,0,1753378816
690,1753378835.76439,-51.831,-70.472,0,0,0,-0.236356941578553,-0.971666298771153,3.5,0,0,0,0,0,1753378816,1753378835.75592,-45.83,-59.123,0,0,0,-0.519590226040073,0.854415587991948,0,0,0,0,0,0,1753378816
691,1753378835.77234,-51.831,-70.472,0,0,0,-0.236356941578553,-0.971666298771153,3.5,0,0,0,0,0,1753378816,1753378835.76443,-45.83,-59.123,0,0,0,-0.519590226040073,0.854415587991948,0,0,0,0,0,0,1753378816
692,1753378835.78091,-51.831,-70.472,0,0,0,-0.236356941578553,-0.971666298771153,3.5,0,0,0,0,0,1753378816,1753378835.77237,-45.83,-59.123,0,0,0,-0.519590226040073,0.854415587991948,0,0,0,0,0,0,1753378816
693,1753378835.78937,-51.831,-70.472,0,0,0,-0.236356941578553,-0.971666298771153,3.5,0,0,0,0,0,1753378816,1753378835.781,-45.83,-59.123,0,0,0,-0.519590226040073,0.854415587991948,0,0,0,0,0,0,1753378816
694,1753378835.79737,-51.831,-70.472,0,0,0,-0.236356941578553,-0.971666298771153,3.5,0,0,0,0,0,1753378816,1753378835.78941,-45.83,-59.123,0,0,0,-0.519590226040073,0.854415587991948,0,0,0,0,0,0,1753378816
695,1753378835.80598,-51.831,-70.472,0,0,0,-0.236356941578553,-0.971666298771153,3.5,0,0,0,0,0,1753378816,1753378835.79739,-45.83,-59.123,0,0,0,-0.519590226040073,0.854415587991948,0,0,0,0,0,0,1753378816
696,1753378835.81459,-51.831,-70.472,0,0,0,-0.236356941578553,-0.971666298771153,3.5,0,0,0,0,0,1753378816,1753378835.80603,-45.83,-59.123,0,0,0,-0.519590226040073,0.854415587991948,0,0,0,0,0,0,1753378816
697,1753378835.82343,-51.831,-70.472,0,0,0,-0.236356941578553,-0.971666298771153,3.5,0,0,0,0,0,1753378816,1753378835.81466,-45.83,-59.123,0,0,0,-0.519590226040073,0.854415587991948,0,0,0,0,0,0,1753378816
698,1753378835.83101,-51.831,-70.472,0,0,0,-0.236356941578553,-0.971666298771153,3.5,0,0,0,0,0,1753378816,1753378835.82346,-45.83,-59.123,0,0,0,-0.519590226040073,0.854415587991948,0,0,0,0,0,0,1753378816
699,1753378835.83925,-51.831,-70.472,0,0,0,-0.236356941578553,-0.971666298771153,3.5,0,0,0,0,0,1753378816,1753378835.83104,-45.83,-59.123,0,0,0,-0.519590226040073,0.854415587991948,0,0,0,0,0,0,1753378816
700,1753378835.8474,-51.831,-70.472,0,0,0,-0.236356941578553,-0.971666298771153,3.5,0,0,0,0,0,1753378816,1753378835.83929,-45.83,-59.123,0,0,0,-0.519590226040073,0.854415587991948,0,0,0,0,0,0,1753378816
701,1753378835.85565,-51.831,-70.472,0,0,0,-0.236356941578553,-0.971666298771153,3.5,0,0,0,0,0,1753378816,1753378835.84743,-45.83,-59.123,0,0,0,-0.519590226040073,0.854415587991948,0,0,0,0,0,0,1753378816
702,1753378835.86435,-51.831,-70.472,0,0,0,-0.236356941578553,-0.971666298771153,3.5,0,0,0,0,0,1753378816,1753378835.85567,-45.83,-59.123,0,0,0,-0.519590226040073,0.854415587991948,0,0,0,0,0,0,1753378816
703,1753378835.87287,-51.831,-70.472,0,0,0,-0.236356941578553,-0.971666298771153,3.5,0,0,0,0,0,1753378816,1753378835.86439,-45.83,-59.123,0,0,0,-0.519590226040073,0.854415587991948,0,0,0,0,0,0,1753378816
704,1753378835.88078,-51.831,-70.472,0,0,0,-0.236356941578553,-0.971666298771153,3.5,0,0,0,0,0,1753378816,1753378835.87292,-45.83,-59.123,0,0,0,-0.519590226040073,0.854415587991948,0,0,0,0,0,0,1753378816
705,1753378835.88938,-51.831,-70.472,0,0,0,-0.236356941578553,-0.971666298771153,3.5,0,0,0,0,0,1753378816,1753378835.8808,-45.83,-59.123,0,0,0,-0.519590226040073,0.854415587991948,0,0,0,0,0,0,1753378816
706,1753378835.89764,-51.831,-70.472,0,0,0,-0.236356941578553,-0.971666298771153,3.5,0,0,0,0,0,1753378816,1753378835.88943,-45.83,-59.123,0,0,0,-0.519590226040073,0.854415587991948,0,0,0,0,0,0,1753378816
707,1753378835.90572,-51.831,-70.472,0,0,0,-0.236356941578553,-0.971666298771153,3.5,0,0,0,0,0,1753378816,1753378835.89768,-45.83,-59.123,0,0,0,-0.519590226040073,0.854415587991948,0,0,0,0,0,0,1753378816
708,1753378835.91402,-51.831,-70.472,0,0,0,-0.236356941578553,-0.971666298771153,3.5,0,0,0,0,0,1753378816,1753378835.90574,-45.83,-59.123,0,0,0,-0.519590226040073,0.854415587991948,0,0,0,0,0,0,1753378816
709,1753378835.923,-51.831,-70.472,0,0,0,-0.236356941578553,-0.971666298771153,3.5,0,0,0,0,0,1753378816,1753378835.91405,-45.83,-59.123,0,0,0,-0.519590226040073,0.854415587991948,0,0,0,0,0,0,1753378816
710,1753378835.93108,-51.831,-70.472,0,0,0,-0.236356941578553,-0.971666298771153,3.5,0,0,0,0,0,1753378816,1753378835.92303,-45.83,-59.123,0,0,0,-0.519590226040073,0.854415587991948,0,0,0,0,0,0,1753378816
711,1753378835.93934,-51.831,-70.472,0,0,0,-0.236356941578553,-0.971666298771153,3.5,0,0,0,0,0,1753378816,1753378835.93113,-45.83,-59.123,0,0,0,-0.519590226040073,0.854415587991948,0,0,0,0,0,0,1753378816
712,1753378835.94733,-51.831,-70.472,0,0,0,-0.236356941578553,-0.971666298771153,3.5,0,0,0,0,0,1753378816,1753378835.93937,-45.83,-59.123,0,0,0,-0.519590226040073,0.854415587991948,0,0,0,0,0,0,1753378816
713,1753378835.95568,-51.831,-70.472,0,0,0,-0.236356941578553,-0.971666298771153,3.5,0,0,0,0,0,1753378816,1753378835.94735,-45.83,-59.123,0,0,0,-0.519590226040073,0.854415587991948,0,0,0,0,0,0,1753378816
714,1753378835.9642,-51.831,-70.472,0,0,0,-0.236356941578553,-0.971666298771153,3.5,0,0,0,0,0,1753378816,1753378835.9557,-45.83,-59.123,0,0,0,-0.519590226040073,0.854415587991948,0,0,0,0,0,0,1753378816
715,1753378835.9727,-51.831,-70.472,0,0,0,-0.236356941578553,-0.971666298771153,3.5,0,0,0,0,0,1753378816,1753378835.96423,-45.83,-59.123,0,0,0,-0.519590226040073,0.854415587991948,0,0,0,0,0,0,1753378816
716,1753378835.98076,-51.831,-70.472,0,0,0,-0.236356941578553,-0.971666298771153,3.5,0,0,0,0,0,1753378816,1753378835.97272,-45.83,-59.123,0,0,0,-0.519590226040073,0.854415587991948,0,0,0,0,0,0,1753378816
717,1753378835.98941,-51.831,-70.472,0,0,0,-0.236356941578553,-0.971666298771153,3.5,0,0,0,0,0,1753378816,1753378835.98079,-45.83,-59.123,0,0,0,-0.519590226040073,0.854415587991948,0,0,0,0,0,0,1753378816
718,1753378835.99765,-51.831,-70.472,0,0,0,-0.236356941578553,-0.971666298771153,3.5,0,0,0,0,0,1753378816,1753378835.98946,-45.83,-59.123,0,0,0,-0.519590226040073,0.854415587991948,0,0,0,0,0,0,1753378816
719,1753378836.00569,-51.831,-70.472,0,0,0,-0.236356941578553,-0.971666298771153,3.5,0,0,0,0,0,1753378816,1753378835.99769,-45.83,-59.123,0,0,0,-0.519590226040073,0.854415587991948,0,0,0,0,0,0,1753378816
720,1753378836.01433,-51.831,-70.472,0,0,0,-0.236356941578553,-0.971666298771153,3.5,0,0,0,0,0,1753378816,1753378836.00572,-45.83,-59.123,0,0,0,-0.519590226040073,0.854415587991948,0,0,0,0,0,0,1753378816
721,1753378836.02238,-51.831,-70.472,0,0,0,-0.236356941578553,-0.971666298771153,3.5,0,0,0,0,0,1753378816,1753378836.01436,-45.83,-59.123,0,0,0,-0.519590226040073,0.854415587991948,0,0,0,0,0,0,1753378816
722,1753378836.03113,-51.831,-70.472,0,0,0,-0.236356941578553,-0.971666298771153,3.5,0,0,0,0,0,1753378816,1753378836.0224,-45.83,-59.123,0,0,0,-0.519590226040073,0.854415587991948,0,0,0,0,0,0,1753378816
723,1753378836.03902,-51.831,-70.472,0,0,0,-0.236356941578553,-0.971666298771153,3.5,0,0,0,0,0,1753378816,1753378836.03117,-45.83,-59.123,0,0,0,-0.519590226040073,0.854415587991948,0,0,0,0,0,0,1753378816
724,1753378836.04738,-51.831,-70.472,0,0,0,-0.236356941578553,-0.971666298771153,3.5,0,0,0,0,0,1753378816,1753378836.03904,-45.83,-59.123,0,0,0,-0.519590226040073,0.854415587991948,0,0,0,0,0,0,1753378816
725,1753378836.05577,-51.831,-70.472,0,0,0,-0.236356941578553,-0.971666298771153,3.5,0,0,0,0,0,1753378816,1753378836.0474,-45.83,-59.123,0,0,0,-0.519590226040073,0.854415587991948,0,0,0,0,0,0,1753378816
726,1753378836.06402,-51.831,-70.472,0,0,0,-0.236356941578553,-0.971666298771153,3.5,0,0,0,0,0,1753378816,1753378836.0558,-45.83,-59.123,0,0,0,-0.519590226040073,0.854415587991948,0,0,0,0,0,0,1753378816
727,1753378836.07227,-51.831,-70.472,0,0,0,-0.236356941578553,-0.971666298771153,3.5,0,0,0,0,0,1753378816,1753378836.06405,-45.83,-59.123,0,0,0,-0.519590226040073,0.854415587991948,0,0,0,0,0,0,1753378816
728,1753378836.08095,-51.831,-70.472,0,0,0,-0.236356941578553,-0.971666298771153,3.5,0,0,0,0,0,1753378816,1753378836.0723,-45.83,-59.123,0,0,0,-0.519590226040073,0.854415587991948,0,0,0,0,0,0,1753378816
729,1753378836.08937,-51.831,-70.472,0,0,0,-0.236356941578553,-0.971666298771153,3.5,0,0,0,0,0,1753378816,1753378836.08103,-45.83,-59.123,0,0,0,-0.519590226040073,0.854415587991948,0,0,0,0,0,0,1753378816
730,1753378836.09762,-51.831,-70.472,0,0,0,-0.236356941578553,-0.971666298771153,3.5,0,0,0,0,0,1753378816,1753378836.08942,-45.83,-59.123,0,0,0,-0.519590226040073,0.854415587991948,0,0,0,0,0,0,1753378816
731,1753378836.10594,-51.831,-70.472,0,0,0,-0.236356941578553,-0.971666298771153,3.5,0,0,0,0,0,1753378816,1753378836.09766,-45.83,-59.123,0,0,0,-0.519590226040073,0.854415587991948,0,0,0,0,0,0,1753378816
732,1753378836.11435,-51.831,-70.472,0,0,0,-0.236356941578553,-0.971666298771153,3.5,0,0,0,0,0,1753378816,1753378836.10598,-45.83,-59.123,0,0,0,-0.519590226040073,0.854415587991948,0,0,0,0,0,0,1753378816
733,1753378836.12266,-51.831,-70.472,0,0,0,-0.236356941578553,-0.971666298771153,3.5,0,0,0,0,0,1753378816,1753378836.11439,-45.83,-59.123,0,0,0,-0.519590226040073,0.854415587991948,0,0,0,0,0,0,1753378816
734,1753378836.1307,-51.831,-70.472,0,0,0,-0.236356941578553,-0.971666298771153,3.5,0,0,0,0,0,1753378816,1753378836.12269,-45.83,-59.123,0,0,0,-0.519590226040073,0.854415587991948,0,0,0,0,0,0,1753378816
735,1753378836.13905,-51.831,-70.472,0,0,0,-0.236356941578553,-0.971666298771153,3.5,0,0,0,0,0,1753378816,1753378836.13072,-45.83,-59.123,0,0,0,-0.519590226040073,0.854415587991948,0,0,0,0,0,0,1753378816
736,1753378836.14785,-51.831,-70.472,0,0,0,-0.236356941578553,-0.971666298771153,3.5,0,0,0,0,0,1753378816,1753378836.13907,-45.83,-59.123,0,0,0,-0.519590226040073,0.854415587991948,0,0,0,0,0,0,1753378816
737,1753378836.1562,-51.831,-70.472,0,0,0,-0.236356941578553,-0.971666298771153,3.5,0,0,0,0,0,1753378816,1753378836.14789,-45.83,-59.123,0,0,0,-0.519590226040073,0.854415587991948,0,0,0,0,0,0,1753378816
738,1753378836.16417,-51.831,-70.472,0,0,0,-0.236356941578553,-0.971666298771153,3.5,0,0,0,0,0,1753378816,1753378836.15625,-45.83,-59.123,0,0,0,-0.519590226040073,0.854415587991948,0,0,0,0,0,0,1753378816
739,1753378836.17232,-51.831,-70.472,0,0,0,-0.236356941578553,-0.971666298771153,3.5,0,0,0,0,0,1753378816,1753378836.1642,-45.83,-59.123,0,0,0,-0.519590226040073,0.854415587991948,0,0,0,0,0,0,1753378816
740,1753378836.18098,-51.831,-70.472,0,0,0,-0.236356941578553,-0.971666298771153,3.5,0,0,0,0,0,1753378816,1753378836.17235,-45.83,-59.123,0,0,0,-0.519590226040073,0.854415587991948,0,0,0,0,0,0,1753378816
741,1753378836.18925,-51.831,-70.472,0,0,0,-0.236356941578553,-0.971666298771153,3.5,0,0,0,0,0,1753378816,1753378836.18102,-45.83,-59.123,0,0,0,-0.519590226040073,0.854415587991948,0,0,0,0,0,0,1753378816
742,1753378836.1976,-51.831,-70.472,0,0,0,-0.236356941578553,-0.971666298771153,3.5,0,0,0,0,0,1753378816,1753378836.18929,-45.83,-59.123,0,0,0,-0.519590226040073,0.854415587991948,0,0,0,0,0,0,1753378816
743,1753378836.20599,-51.831,-70.472,0,0,0,-0.236356941578553,-0.971666298771153,3.5,0,0,0,0,0,1753378816,1753378836.19764,-45.83,-59.123,0,0,0,-0.519590226040073,0.854415587991948,0,0,0,0,0,0,1753378816
744,1753378836.21418,-51.831,-70.472,0,0,0,-0.236356941578553,-0.971666298771153,3.5,0,0,0,0,0,1753378816,1753378836.20603,-45.83,-59.123,0,0,0,-0.519590226040073,0.854415587991948,0,0,0,0,0,0,1753378816
745,1753378836.22225,-51.831,-70.472,0,0,0,-0.236356941578553,-0.971666298771153,3.5,0,0,0,0,0,1753378816,1753378836.21422,-45.83,-59.123,0,0,0,-0.519590226040073,0.854415587991948,0,0,0,0,0,0,1753378816
746,1753378836.23093,-51.831,-70.472,0,0,0,-0.236356941578553,-0.971666298771153,3.5,0,0,0,0,0,1753378816,1753378836.22228,-45.83,-59.123,0,0,0,-0.519590226040073,0.854415587991948,0,0,0,0,0,0,1753378816
747,1753378836.23904,-51.831,-70.472,0,0,0,-0.236356941578553,-0.971666298771153,3.5,0,0,0,0,0,1753378816,1753378836.23096,-45.83,-59.123,0,0,0,-0.519590226040073,0.854415587991948,0,0,0,0,0,0,1753378816
748,1753378836.24766,-51.831,-70.472,0,0,0,-0.236356941578553,-0.971666298771153,3.5,0,0,0,0,0,1753378816,1753378836.23907,-45.83,-59.123,0,0,0,-0.519590226040073,0.854415587991948,0,0,0,0,0,0,1753378816
749,1753378836.25575,-51.831,-70.472,0,0,0,-0.236356941578553,-0.971666298771153,3.5,0,0,0,0,0,1753378816,1753378836.24771,-45.83,-59.123,0,0,0,-0.519590226040073,0.854415587991948,0,0,0,0,0,0,1753378816
750,1753378836.26425,-51.831,-70.472,0,0,0,-0.236356941578553,-0.971666298771153,3.5,0,0,0,0,0,1753378816,1753378836.25577,-45.83,-59.123,0,0,0,-0.519590226040073,0.854415587991948,0,0,0,0,0,0,1753378816
751,1753378836.27284,-51.831,-70.472,0,0,0,-0.236356941578553,-0.971666298771153,3.5,0,0,0,0,0,1753378816,1753378836.2643,-45.83,-59.123,0,0,0,-0.519590226040073,0.854415587991948,0,0,0,0,0,0,1753378816
752,1753378836.28103,-51.831,-70.472,0,0,0,-0.236356941578553,-0.971666298771153,3.5,0,0,0,0,0,1753378816,1753378836.27288,-45.83,-59.123,0,0,0,-0.519590226040073,0.854415587991948,0,0,0,0,0,0,1753378816
753,1753378836.28938,-51.831,-70.472,0,0,0,-0.236356941578553,-0.971666298771153,3.5,0,0,0,0,0,1753378816,1753378836.28107,-45.83,-59.123,0,0,0,-0.519590226040073,0.854415587991948,0,0,0,0,0,0,1753378816
754,1753378836.29783,-51.831,-70.472,0,0,0,-0.236356941578553,-0.971666298771153,3.5,0,0,0,0,0,1753378816,1753378836.28954,-45.83,-59.123,0,0,0,-0.519590226040073,0.854415587991948,0,0,0,0,0,0,1753378816
755,1753378836.30597,-51.831,-70.472,0,0,0,-0.236356941578553,-0.971666298771153,3.5,0,0,0,0,0,1753378816,1753378836.29788,-45.83,-59.123,0,0,0,-0.519590226040073,0.854415587991948,0,0,0,0,0,0,1753378816
756,1753378836.31418,-51.831,-70.472,0,0,0,-0.236356941578553,-0.971666298771153,3.5,0,0,0,0,0,1753378816,1753378836.30601,-45.83,-59.123,0,0,0,-0.519590226040073,0.854415587991948,0,0,0,0,0,0,1753378816
757,1753378836.32251,-51.831,-70.472,0,0,0,-0.236356941578553,-0.971666298771153,3.5,0,0,0,0,0,1753378816,1753378836.31421,-45.83,-59.123,0,0,0,-0.519590226040073,0.854415587991948,0,0,0,0,0,0,1753378816
758,1753378836.33093,-51.831,-70.472,0,0,0,-0.236356941578553,-0.971666298771153,3.5,0,0,0,0,0,1753378816,1753378836.32253,-45.83,-59.123,0,0,0,-0.519590226040073,0.854415587991948,0,0,0,0,0,0,1753378816
759,1753378836.33936,-51.831,-70.472,0,0,0,-0.236356941578553,-0.971666298771153,3.5,0,0,0,0,0,1753378816,1753378836.33096,-45.83,-59.123,0,0,0,-0.519590226040073,0.854415587991948,0,0,0,0,0,0,1753378816
760,1753378836.34745,-51.831,-70.472,0,0,0,-0.236356941578553,-0.971666298771153,3.5,0,0,0,0,0,1753378816,1753378836.33939,-45.83,-59.123,0,0,0,-0.519590226040073,0.854415587991948,0,0,0,0,0,0,1753378816
761,1753378836.35566,-51.831,-70.472,0,0,0,-0.236356941578553,-0.971666298771153,3.5,0,0,0,0,0,1753378816,1753378836.34748,-45.83,-59.123,0,0,0,-0.519590226040073,0.854415587991948,0,0,0,0,0,0,1753378816
762,1753378836.36403,-51.831,-70.472,0,0,0,-0.236356941578553,-0.971666298771153,3.5,0,0,0,0,0,1753378816,1753378836.35569,-45.83,-59.123,0,0,0,-0.519590226040073,0.854415587991948,0,0,0,0,0,0,1753378816
763,1753378836.3723,-51.831,-70.472,0,0,0,-0.236356941578553,-0.971666298771153,3.5,0,0,0,0,0,1753378816,1753378836.36406,-45.83,-59.123,0,0,0,-0.519590226040073,0.854415587991948,0,0,0,0,0,0,1753378816
764,1753378836.38107,-51.831,-70.472,0,0,0,-0.236356941578553,-0.971666298771153,3.5,0,0,0,0,0,1753378816,1753378836.37232,-45.83,-59.123,0,0,0,-0.519590226040073,0.854415587991948,0,0,0,0,0,0,1753378816
765,1753378836.3893,-51.831,-70.472,0,0,0,-0.236356941578553,-0.971666298771153,3.5,0,0,0,0,0,1753378816,1753378836.38111,-45.83,-59.123,0,0,0,-0.519590226040073,0.854415587991948,0,0,0,0,0,0,1753378816
766,1753378836.39766,-51.831,-70.472,0,0,0,-0.236356941578553,-0.971666298771153,3.5,0,0,0,0,0,1753378816,1753378836.38934,-45.83,-59.123,0,0,0,-0.519590226040073,0.854415587991948,0,0,0,0,0,0,1753378816
767,1753378836.40591,-51.831,-70.472,0,0,0,-0.236356941578553,-0.971666298771153,3.5,0,0,0,0,0,1753378816,1753378836.3977,-45.83,-59.123,0,0,0,-0.519590226040073,0.854415587991948,0,0,0,0,0,0,1753378816
768,1753378836.41423,-51.831,-70.472,0,0,0,-0.236356941578553,-0.971666298771153,3.5,0,0,0,0,0,1753378816,1753378836.40595,-45.83,-59.123,0,0,0,-0.519590226040073,0.854415587991948,0,0,0,0,0,0,1753378816
769,1753378836.42225,-51.831,-70.472,0,0,0,-0.236356941578553,-0.971666298771153,3.5,0,0,0,0,0,1753378816,1753378836.41427,-45.83,-59.123,0,0,0,-0.519590226040073,0.854415587991948,0,0,0,0,0,0,1753378816
770,1753378836.43077,-51.831,-70.472,0,0,0,-0.236356941578553,-0.971666298771153,3.5,0,0,0,0,0,1753378816,1753378836.42227,-45.83,-59.123,0,0,0,-0.519590226040073,0.854415587991948,0,0,0,0,0,0,1753378816
771,1753378836.43929,-51.831,-70.472,0,0,0,-0.236356941578553,-0.971666298771153,3.5,0,0,0,0,0,1753378816,1753378836.4308,-45.83,-59.123,0,0,0,-0.519590226040073,0.854415587991948,0,0,0,0,0,0,1753378816
772,1753378836.44765,-51.831,-70.472,0,0,0,-0.236356941578553,-0.971666298771153,3.5,0,0,0,0,0,1753378816,1753378836.43933,-45.83,-59.123,0,0,0,-0.519590226040073,0.854415587991948,0,0,0,0,0,0,1753378816
773,1753378836.45592,-51.831,-70.472,0,0,0,-0.236356941578553,-0.971666298771153,3.5,0,0,0,0,0,1753378816,1753378836.44769,-45.83,-59.123,0,0,0,-0.519590226040073,0.854415587991948,0,0,0,0,0,0,1753378816
774,1753378836.46429,-51.831,-70.472,0,0,0,-0.236356941578553,-0.971666298771153,3.5,0,0,0,0,0,1753378816,1753378836.45596,-45.83,-59.123,0,0,0,-0.519590226040073,0.854415587991948,0,0,0,0,0,0,1753378816
775,1753378836.47275,-51.831,-70.472,0,0,0,-0.236356941578553,-0.971666298771153,3.5,0,0,0,0,0,1753378816,1753378836.46433,-45.83,-59.123,0,0,0,-0.519590226040073,0.854415587991948,0,0,0,0,0,0,1753378816
776,1753378836.48102,-51.831,-70.472,0,0,0,-0.236356941578553,-0.971666298771153,3.5,0,0,0,0,0,1753378816,1753378836.47279,-45.83,-59.123,0,0,0,-0.519590226040073,0.854415587991948,0,0,0,0,0,0,1753378816
777,1753378836.4893,-51.831,-70.472,0,0,0,-0.236356941578553,-0.971666298771153,3.5,0,0,0,0,0,1753378816,1753378836.48107,-45.83,-59.123,0,0,0,-0.519590226040073,0.854415587991948,0,0,0,0,0,0,1753378816
778,1753378836.49771,-51.831,-70.472,0,0,0,-0.236356941578553,-0.971666298771153,3.5,0,0,0,0,0,1753378816,1753378836.48934,-45.83,-59.123,0,0,0,-0.519590226040073,0.854415587991948,0,0,0,0,0,0,1753378816
779,1753378836.50561,-51.831,-70.472,0,0,0,-0.236356941578553,-0.971666298771153,3.5,0,0,0,0,0,1753378816,1753378836.49773,-45.83,-59.123,0,0,0,-0.519590226040073,0.854415587991948,0,0,0,0,0,0,1753378816
780,1753378836.51422,-51.831,-70.472,0,0,0,-0.236356941578553,-0.971666298771153,3.5,0,0,0,0,0,1753378816,1753378836.50563,-45.83,-59.123,0,0,0,-0.519590226040073,0.854415587991948,0,0,0,0,0,0,1753378816
781,1753378836.52268,-51.831,-70.472,0,0,0,-0.236356941578553,-0.971666298771153,3.5,0,0,0,0,0,1753378816,1753378836.51424,-45.83,-59.123,0,0,0,-0.519590226040073,0.854415587991948,0,0,0,0,0,0,1753378816
782,1753378836.53103,-51.831,-70.472,0,0,0,-0.236356941578553,-0.971666298771153,3.5,0,0,0,0,0,1753378816,1753378836.52272,-45.83,-59.123,0,0,0,-0.519590226040073,0.854415587991948,0,0,0,0,0,0,1753378816
783,1753378836.53903,-51.831,-70.472,0,0,0,-0.236356941578553,-0.971666298771153,3.5,0,0,0,0,0,1753378816,1753378836.53108,-45.83,-59.123,0,0,0,-0.519590226040073,0.854415587991948,0,0,0,0,0,0,1753378816
784,1753378836.54775,-51.831,-70.472,0,0,0,-0.236356941578553,-0.971666298771153,3.5,0,0,0,0,0,1753378816,1753378836.53905,-45.83,-59.123,0,0,0,-0.519590226040073,0.854415587991948,0,0,0,0,0,0,1753378816
785,1753378836.556,-51.831,-70.472,0,0,0,-0.236356941578553,-0.971666298771153,3.5,0,0,0,0,0,1753378816,1753378836.54779,-45.83,-59.123,0,0,0,-0.519590226040073,0.854415587991948,0,0,0,0,0,0,1753378816
786,1753378836.5642,-51.831,-70.472,0,0,0,-0.236356941578553,-0.971666298771153,3.5,0,0,0,0,0,1753378816,1753378836.55605,-45.83,-59.123,0,0,0,-0.519590226040073,0.854415587991948,0,0,0,0,0,0,1753378816
787,1753378836.57274,-51.831,-70.472,0,0,0,-0.236356941578553,-0.971666298771153,3.5,0,0,0,0,0,1753378816,1753378836.56423,-45.83,-59.123,0,0,0,-0.519590226040073,0.854415587991948,0,0,0,0,0,0,1753378816
788,1753378836.58103,-51.831,-70.472,0,0,0,-0.236356941578553,-0.971666298771153,3.5,0,0,0,0,0,1753378816,1753378836.57278,-45.83,-59.123,0,0,0,-0.519590226040073,0.854415587991948,0,0,0,0,0,0,1753378816
789,1753378836.5893,-51.831,-70.472,0,0,0,-0.236356941578553,-0.971666298771153,3.5,0,0,0,0,0,1753378816,1753378836.58107,-45.83,-59.123,0,0,0,-0.519590226040073,0.854415587991948,0,0,0,0,0,0,1753378816
790,1753378836.59773,-51.831,-70.472,0,0,0,-0.236356941578553,-0.971666298771153,3.5,0,0,0,0,0,1753378816,1753378836.58934,-45.83,-59.123,0,0,0,-0.519590226040073,0.854415587991948,0,0,0,0,0,0,1753378816
791,1753378836.60568,-51.831,-70.472,0,0,0,-0.236356941578553,-0.971666298771153,3.5,0,0,0,0,0,1753378816,1753378836.59777,-45.83,-59.123,0,0,0,-0.519590226040073,0.854415587991948,0,0,0,0,0,0,1753378816
792,1753378836.61429,-51.831,-70.472,0,0,0,-0.236356941578553,-0.971666298771153,3.5,0,0,0,0,0,1753378816,1753378836.60571,-45.83,-59.123,0,0,0,-0.519590226040073,0.854415587991948,0,0,0,0,0,0,1753378816
793,1753378836.62243,-51.831,-70.472,0,0,0,-0.236356941578553,-0.971666298771153,3.5,0,0,0,0,0,1753378816,1753378836.61434,-45.83,-59.123,0,0,0,-0.519590226040073,0.854415587991948,0,0,0,0,0,0,1753378816
794,1753378836.63083,-51.831,-70.472,0,0,0,-0.236356941578553,-0.971666298771153,3.5,0,0,0,0,0,1753378816,1753378836.62245,-45.83,-59.123,0,0,0,-0.519590226040073,0.854415587991948,0,0,0,0,0,0,1753378816
795,1753378836.63907,-51.831,-70.472,0,0,0,-0.236356941578553,-0.971666298771153,3.5,0,0,0,0,0,1753378816,1753378836.63086,-45.83,-59.123,0,0,0,-0.519590226040073,0.854415587991948,0,0,0,0,0,0,1753378816
796,1753378836.64778,-51.831,-70.472,0,0,0,-0.236356941578553,-0.971666298771153,3.5,0,0,0,0,0,1753378816,1753378836.6391,-45.83,-59.123,0,0,0,-0.519590226040073,0.854415587991948,0,0,0,0,0,0,1753378816
797,1753378836.65575,-51.831,-70.472,0,0,0,-0.236356941578553,-0.971666298771153,3.5,0,0,0,0,0,1753378816,1753378836.64782,-45.83,-59.123,0,0,0,-0.519590226040073,0.854415587991948,0,0,0,0,0,0,1753378816
798,1753378836.66496,-51.831,-70.472,0,0,0,-0.236356941578553,-0.971666298771153,3.5,0,0,0,0,0,1753378816,1753378836.65578,-45.83,-59.123,0,0,0,-0.519590226040073,0.854415587991948,0,0,0,0,0,0,1753378816
799,1753378836.67298,-51.831,-70.472,0,0,0,-0.236356941578553,-0.971666298771153,3.5,0,0,0,0,0,1753378816,1753378836.66499,-45.83,-59.123,0,0,0,-0.519590226040073,0.854415587991948,0,0,0,0,0,0,1753378816
800,1753378836.68083,-51.831,-70.472,0,0,0,-0.236356941578553,-0.971666298771153,3.5,0,0,0,0,0,1753378816,1753378836.67301,-45.83,-59.123,0,0,0,-0.519590226040073,0.854415587991948,0,0,0,0,0,0,1753378816
801,1753378836.68957,-51.831,-70.472,0,0,0,-0.236356941578553,-0.971666298771153,3.5,0,0,0,0,0,1753378816,1753378836.68086,-45.83,-59.123,0,0,0,-0.519590226040073,0.854415587991948,0,0,0,0,0,0,1753378816
802,1753378836.6979,-51.831,-70.472,0,0,0,-0.236356941578553,-0.971666298771153,3.5,0,0,0,0,0,1753378816,1753378836.68962,-45.83,-59.123,0,0,0,-0.519590226040073,0.854415587991948,0,0,0,0,0,0,1753378816
803,1753378836.70568,-51.831,-70.472,0,0,0,-0.236356941578553,-0.971666298771153,3.5,0,0,0,0,0,1753378816,1753378836.69795,-45.83,-59.123,0,0,0,-0.519590226040073,0.854415587991948,0,0,0,0,0,0,1753378816
804,1753378836.71415,-51.831,-70.472,0,0,0,-0.236356941578553,-0.971666298771153,3.5,0,0,0,0,0,1753378816,1753378836.7057,-45.83,-59.123,0,0,0,-0.519590226040073,0.854415587991948,0,0,0,0,0,0,1753378816
805,1753378836.72286,-51.8056672448415,-70.4575450368203,0,0,0,-0.236356941578553,-0.971666298771153,3.5,0,0,0,0,0,1753378816,1753378836.71422,-45.83,-59.123,0,0,0,-0.519590226040073,0.854415587991948,0,0,0,0,0,0,1753378816
806,1753378836.73083,-51.7803344896831,-70.4430900736407,0,0,0,-0.236356941578553,-0.971666298771153,3.5,0,0,0,0,0,1753378816,1753378836.72289,-45.83,-59.123,0,0,0,-0.519590226040073,0.854415587991948,0,0,0,0,0,0,1753378816
807,1753378836.73914,-51.7550017345246,-70.428635110461,0,0,0,-0.236356941578553,-0.971666298771153,3.5,0,0,0,0,0,1753378816,1753378836.73086,-45.83,-59.123,0,0,0,-0.519590226040073,0.854415587991948,0,0,0,0,0,0,1753378816
808,1753378836.74747,-51.7296689793661,-70.4141801472814,0,0,0,-0.236356941578553,-0.971666298771153,3.5,0,0,0,0,0,1753378816,1753378836.73916,-45.83,-59.123,0,0,0,-0.519590226040073,0.854415587991948,0,0,0,0,0,0,1753378816
809,1753378836.7559,-51.7043362242076,-70.3997251841017,0,0,0,-0.236356941578553,-0.971666298771153,3.5,0,0,0,0,0,1753378816,1753378836.7475,-45.83,-59.123,0,0,0,-0.519590226040073,0.854415587991948,0,0,0,0,0,0,1753378816
810,1753378836.76428,-51.6790034690492,-70.385270220922,0,0,0,-0.236356941578553,-0.971666298771153,3.5,0,0,0,0,0,1753378816,1753378836.75594,-45.83,-59.123,0,0,0,-0.519590226040073,0.854415587991948,0,0,0,0,0,0,1753378816
811,1753378836.77233,-51.6536707138907,-70.3708152577424,0,0,0,-0.236356941578553,-0.971666298771153,3.5,0,0,0,0,0,1753378816,1753378836.76434,-45.83,-59.123,0,0,0,-0.519590226040073,0.854415587991948,0,0,0,0,0,0,1753378816
812,1753378836.78088,-51.6283379587322,-70.3563602945627,0,0,0,-0.236356941578553,-0.971666298771153,3.5,0,0,0,0,0,1753378816,1753378836.77235,-45.83,-59.123,0,0,0,-0.519590226040073,0.854415587991948,0,0,0,0,0,0,1753378816
813,1753378836.78912,-51.6030052035737,-70.3419053313831,0,0,0,-0.236356941578553,-0.971666298771153,3.5,0,0,0,0,0,1753378816,1753378836.78091,-45.83,-59.123,0,0,0,-0.519590226040073,0.854415587991948,0,0,0,0,0,0,1753378816
814,1753378836.79774,-51.5776724484153,-70.3274503682034,0,0,0,-0.236356941578553,-0.971666298771153,3.5,0,0,0,0,0,1753378816,1753378836.78915,-45.83,-59.123,0,0,0,-0.519590226040073,0.854415587991948,0,0,0,0,0,0,1753378816
815,1753378836.80595,-51.5523396932568,-70.3129954050237,0,0,0,-0.236356941578553,-0.971666298771153,3.5,0,0,0,0,0,1753378816,1753378836.79778,-45.83,-59.123,0,0,0,-0.519590226040073,0.854415587991948,0,0,0,0,0,0,1753378816
816,1753378836.8143,-51.5270069380983,-70.2985404418441,0,0,0,-0.236356941578553,-0.971666298771153,3.5,0,0,0,0,0,1753378816,1753378836.80599,-45.83,-59.123,0,0,0,-0.519590226040073,0.854415587991948,0,0,0,0,0,0,1753378816
817,1753378836.82293,-51.5016741829399,-70.2840854786644,0,0,0,-0.236356941578553,-0.971666298771153,3.5,0,0,0,0,0,1753378816,1753378836.81434,-45.83,-59.123,0,0,0,-0.519590226040073,0.854415587991948,0,0,0,0,0,0,1753378816
818,1753378836.83093,-51.4763414277814,-70.2696305154848,0,0,0,-0.236356941578553,-0.971666298771153,3.5,0,0,0,0,0,1753378816,1753378836.82297,-45.83,-59.123,0,0,0,-0.519590226040073,0.854415587991948,0,0,0,0,0,0,1753378816
819,1753378836.83924,-51.4510086726229,-70.2551755523051,0,0,0,-0.236356941578553,-0.971666298771153,3.5,0,0,0,0,0,1753378816,1753378836.83096,-45.83,-59.123,0,0,0,-0.519590226040073,0.854415587991948,0,0,0,0,0,0,1753378816
820,1753378836.84755,-51.4256759174644,-70.2407205891254,0,0,0,-0.236356941578553,-0.971666298771153,3.5,0,0,0,0,0,1753378816,1753378836.83927,-45.83,-59.123,0,0,0,-0.519590226040073,0.854415587991948,0,0,0,0,0,0,1753378816
821,1753378836.85575,-51.400343162306,-70.2262656259458,0,0,0,-0.236356941578553,-0.971666298771153,3.5,0,0,0,0,0,1753378816,1753378836.84758,-45.83,-59.123,0,0,0,-0.519590226040073,0.854415587991948,0,0,0,0,0,0,1753378816
822,1753378836.86442,-51.3750104071475,-70.2118106627661,0,0,0,-0.236356941578553,-0.971666298771153,3.5,0,0,0,0,0,1753378816,1753378836.85578,-45.83,-59.123,0,0,0,-0.519590226040073,0.854415587991948,0,0,0,0,0,0,1753378816
823,1753378836.87277,-51.349677651989,-70.1973556995865,0,0,0,-0.236356941578553,-0.971666298771153,3.5,0,0,0,0,0,1753378816,1753378836.86446,-45.83,-59.123,0,0,0,-0.519590226040073,0.854415587991948,0,0,0,0,0,0,1753378816
824,1753378836.88109,-51.3243448968305,-70.1829007364068,0,0,0,-0.236356941578553,-0.971666298771153,3.5,0,0,0,0,0,1753378816,1753378836.87281,-45.83,-59.123,0,0,0,-0.519590226040073,0.854415587991948,0,0,0,0,0,0,1753378816
825,1753378836.88946,-51.2990121416721,-70.1684457732272,0,0,0,-0.236356941578553,-0.971666298771153,3.5,0,0,0,0,0,1753378816,1753378836.88111,-45.83,-59.123,0,0,0,-0.519590226040073,0.854415587991948,0,0,0,0,0,0,1753378816
826,1753378836.89769,-51.2736793865136,-70.1539908100475,0,0,0,-0.236356941578553,-0.971666298771153,3.5,0,0,0,0,0,1753378816,1753378836.8895,-45.83,-59.123,0,0,0,-0.519590226040073,0.854415587991948,0,0,0,0,0,0,1753378816
827,1753378836.90582,-51.2483466313551,-70.1395358468678,0,0,0,-0.236356941578553,-0.971666298771153,3.5,0,0,0,0,0,1753378816,1753378836.89774,-45.83,-59.123,0,0,0,-0.519590226040073,0.854415587991948,0,0,0,0,0,0,1753378816
828,1753378836.91416,-51.2230138761966,-70.1250808836882,0,0,0,-0.236356941578553,-0.971666298771153,3.5,0,0,0,0,0,1753378816,1753378836.90585,-45.83,-59.123,0,0,0,-0.519590226040073,0.854415587991948,0,0,0,0,0,0,1753378816
829,1753378836.9224,-51.1976811210382,-70.1106259205085,0,0,0,-0.236356941578553,-0.971666298771153,3.5,0,0,0,0,0,1753378816,1753378836.91419,-45.83,-59.123,0,0,0,-0.519590226040073,0.854415587991948,0,0,0,0,0,0,1753378816
830,1753378836.93081,-51.1723483658797,-70.0961709573289,0,0,0,-0.236356941578553,-0.971666298771153,3.5,0,0,0,0,0,1753378816,1753378836.92242,-45.83,-59.123,0,0,0,-0.519590226040073,0.854415587991948,0,0,0,0,0,0,1753378816
831,1753378836.93908,-51.1470156107212,-70.0817159941492,0,0,0,-0.236356941578553,-0.971666298771153,3.5,0,0,0,0,0,1753378816,1753378836.93084,-45.83,-59.123,0,0,0,-0.519590226040073,0.854415587991948,0,0,0,0,0,0,1753378816
832,1753378836.94747,-51.1216828555628,-70.0672610309695,0,0,0,-0.236356941578553,-0.971666298771153,3.5,0,0,0,0,0,1753378816,1753378836.93911,-45.83,-59.123,0,0,0,-0.519590226040073,0.854415587991948,0,0,0,0,0,0,1753378816
833,1753378836.95612,-51.0963501004043,-70.0528060677899,0,0,0,-0.236356941578553,-0.971666298771153,3.5,0,0,0,0,0,1753378816,1753378836.9475,-45.83,-59.123,0,0,0,-0.519590226040073,0.854415587991948,0,0,0,0,0,0,1753378816
834,1753378836.96453,-51.0710173452458,-70.0383511046102,0,0,0,-0.236356941578553,-0.971666298771153,3.5,0,0,0,0,0,1753378816,1753378836.95616,-45.83,-59.123,0,0,0,-0.519590226040073,0.854415587991948,0,0,0,0,0,0,1753378816
835,1753378836.9729,-51.0456845900873,-70.0238961414306,0,0,0,-0.236356941578553,-0.971666298771153,3.5,0,0,0,0,0,1753378816,1753378836.96458,-45.83,-59.123,0,0,0,-0.519590226040073,0.854415587991948,0,0,0,0,0,0,1753378816
836,1753378836.9811,-51.0203518349289,-70.0094411782509,0,0,0,-0.236356941578553,-0.971666298771153,3.5,0,0,0,0,0,1753378816,1753378836.97294,-45.83,-59.123,0,0,0,-0.519590226040073,0.854415587991948,0,0,0,0,0,0,1753378816
837,1753378836.98938,-50.9950190797704,-69.9949862150712,0,0,0,-0.236356941578553,-0.971666298771153,3.5,0,0,0,0,0,1753378816,1753378836.98114,-45.83,-59.123,0,0,0,-0.519590226040073,0.854415587991948,0,0,0,0,0,0,1753378816
838,1753378836.9977,-50.9696863246119,-69.9805312518916,0,0,0,-0.236356941578553,-0.971666298771153,3.5,0,0,0,0,0,1753378816,1753378836.98942,-45.83,-59.123,0,0,0,-0.519590226040073,0.854415587991948,0,0,0,0,0,0,1753378816
839,1753378837.006,-50.9443535694534,-69.9660762887119,0,0,0,-0.236356941578553,-0.971666298771153,3.5,0,0,0,0,0,1753378816,1753378836.99774,-45.83,-59.123,0,0,0,-0.519590226040073,0.854415587991948,0,0,0,0,0,0,1753378816
840,1753378837.01402,-50.919020814295,-69.9516213255323,0,0,0,-0.236356941578553,-0.971666298771153,3.5,0,0,0,0,0,1753378816,1753378837.00604,-45.83,-59.123,0,0,0,-0.519590226040073,0.854415587991948,0,0,0,0,0,0,1753378816
841,1753378837.02293,-50.8936880591365,-69.9371663623526,0,0,0,-0.236356941578553,-0.971666298771153,3.5,0,0,0,0,0,1753378816,1753378837.01404,-45.83,-59.123,0,0,0,-0.519590226040073,0.854415587991948,0,0,0,0,0,0,1753378816
842,1753378837.03096,-50.868355303978,-69.9227113991729,0,0,0,-0.236356941578553,-0.971666298771153,3.5,0,0,0,0,0,1753378816,1753378837.02297,-45.83,-59.123,0,0,0,-0.519590226040073,0.854415587991948,0,0,0,0,0,0,1753378816
843,1753378837.03908,-50.8430225488196,-69.9082564359933,0,0,0,-0.236356941578553,-0.971666298771153,3.5,0,0,0,0,0,1753378816,1753378837.03098,-45.83,-59.123,0,0,0,-0.519590226040073,0.854415587991948,0,0,0,0,0,0,1753378816
844,1753378837.04753,-50.8176897936611,-69.8938014728136,0,0,0,-0.236356941578553,-0.971666298771153,3.5,0,0,0,0,0,1753378816,1753378837.03911,-45.83,-59.123,0,0,0,-0.519590226040073,0.854415587991948,0,0,0,0,0,0,1753378816
845,1753378837.05576,-50.7923570385026,-69.879346509634,0,0,0,-0.236356941578553,-0.971666298771153,3.5,0,0,0,0,0,1753378816,1753378837.04756,-45.83,-59.123,0,0,0,-0.519590226040073,0.854415587991948,0,0,0,0,0,0,1753378816
846,1753378837.06408,-50.7670242833441,-69.8648915464543,0,0,0,-0.236356941578553,-0.971666298771153,3.5,0,0,0,0,0,1753378816,1753378837.05579,-45.83,-59.123,0,0,0,-0.519590226040073,0.854415587991948,0,0,0,0,0,0,1753378816
847,1753378837.07268,-50.7416915281857,-69.8504365832746,0,0,0,-0.236356941578553,-0.971666298771153,3.5,0,0,0,0,0,1753378816,1753378837.0641,-45.83,-59.123,0,0,0,-0.519590226040073,0.854415587991948,0,0,0,0,0,0,1753378816
848,1753378837.08087,-50.7163587730272,-69.835981620095,0,0,0,-0.236356941578553,-0.971666298771153,3.5,0,0,0,0,0,1753378816,1753378837.07271,-45.83,-59.123,0,0,0,-0.519590226040073,0.854415587991948,0,0,0,0,0,0,1753378816
849,1753378837.08945,-50.6910260178687,-69.8215266569153,0,0,0,-0.236356941578553,-0.971666298771153,3.5,0,0,0,0,0,1753378816,1753378837.0809,-45.83,-59.123,0,0,0,-0.519590226040073,0.854415587991948,0,0,0,0,0,0,1753378816
850,1753378837.0977,-50.6656932627102,-69.8070716937357,0,0,0,-0.236356941578553,-0.971666298771153,3.5,0,0,0,0,0,1753378816,1753378837.08949,-45.83,-59.123,0,0,0,-0.519590226040073,0.854415587991948,0,0,0,0,0,0,1753378816
851,1753378837.10598,-50.6403605075518,-69.792616730556,0,0,0,-0.236356941578553,-0.971666298771153,3.5,0,0,0,0,0,1753378816,1753378837.09774,-45.83,-59.123,0,0,0,-0.519590226040073,0.854415587991948,0,0,0,0,0,0,1753378816
852,1753378837.11436,-50.6150277523933,-69.7781617673764,0,0,0,-0.236356941578553,-0.971666298771153,3.5,0,0,0,0,0,1753378816,1753378837.10602,-45.83,-59.123,0,0,0,-0.519590226040073,0.854415587991948,0,0,0,0,0,0,1753378816
853,1753378837.12226,-50.5896949972348,-69.7637068041967,0,0,0,-0.236356941578553,-0.971666298771153,3.5,0,0,0,0,0,1753378816,1753378837.11446,-45.83,-59.123,0,0,0,-0.519590226040073,0.854415587991948,0,0,0,0,0,0,1753378816
854,1753378837.13117,-50.5643622420763,-69.749251841017,0,0,0,-0.236356941578553,-0.971666298771153,3.5,0,0,0,0,0,1753378816,1753378837.12232,-45.83,-59.123,0,0,0,-0.519590226040073,0.854415587991948,0,0,0,0,0,0,1753378816
855,1753378837.13911,-50.5390294869179,-69.7347968778374,0,0,0,-0.236356941578553,-0.971666298771153,3.5,0,0,0,0,0,1753378816,1753378837.1312,-45.83,-59.123,0,0,0,-0.519590226040073,0.854415587991948,0,0,0,0,0,0,1753378816
856,1753378837.14758,-50.5136967317594,-69.7203419146577,0,0,0,-0.236356941578553,-0.971666298771153,3.5,0,0,0,0,0,1753378816,1753378837.13913,-45.83,-59.123,0,0,0,-0.519590226040073,0.854415587991948,0,0,0,0,0,0,1753378816
857,1753378837.15581,-50.4883639766009,-69.7058869514781,0,0,0,-0.236356941578553,-0.971666298771153,3.5,0,0,0,0,0,1753378816,1753378837.14761,-45.83,-59.123,0,0,0,-0.519590226040073,0.854415587991948,0,0,0,0,0,0,1753378816
858,1753378837.16454,-50.4630312214425,-69.6914319882984,0,0,0,-0.236356941578553,-0.971666298771153,3.5,0,0,0,0,0,1753378816,1753378837.15583,-45.83,-59.123,0,0,0,-0.519590226040073,0.854415587991948,0,0,0,0,0,0,1753378816
859,1753378837.17277,-50.437698466284,-69.6769770251187,0,0,0,-0.236356941578553,-0.971666298771153,3.5,0,0,0,0,0,1753378816,1753378837.16459,-45.83,-59.123,0,0,0,-0.519590226040073,0.854415587991948,0,0,0,0,0,0,1753378816
860,1753378837.18077,-50.4123657111255,-69.6625220619391,0,0,0,-0.236356941578553,-0.971666298771153,3.5,0,0,0,0,0,1753378816,1753378837.1728,-45.83,-59.123,0,0,0,-0.519590226040073,0.854415587991948,0,0,0,0,0,0,1753378816
861,1753378837.18908,-50.387032955967,-69.6480670987594,0,0,0,-0.236356941578553,-0.971666298771153,3.5,0,0,0,0,0,1753378816,1753378837.18079,-45.83,-59.123,0,0,0,-0.519590226040073,0.854415587991948,0,0,0,0,0,0,1753378816
862,1753378837.19758,-50.3617002008086,-69.6336121355798,0,0,0,-0.236356941578553,-0.971666298771153,3.5,0,0,0,0,0,1753378816,1753378837.1891,-45.83,-59.123,0,0,0,-0.519590226040073,0.854415587991948,0,0,0,0,0,0,1753378816
863,1753378837.20577,-50.3363674456501,-69.6191571724001,0,0,0,-0.236356941578553,-0.971666298771153,3.5,0,0,0,0,0,1753378816,1753378837.19761,-45.83,-59.123,0,0,0,-0.519590226040073,0.854415587991948,0,0,0,0,0,0,1753378816
864,1753378837.21414,-50.3110346904916,-69.6047022092204,0,0,0,-0.236356941578553,-0.971666298771153,3.5,0,0,0,0,0,1753378816,1753378837.20579,-45.83,-59.123,0,0,0,-0.519590226040073,0.854415587991948,0,0,0,0,0,0,1753378816
865,1753378837.22259,-50.2857019353331,-69.5902472460408,0,0,0,-0.236356941578553,-0.971666298771153,3.5,0,0,0,0,0,1753378816,1753378837.21417,-45.83,-59.123,0,0,0,-0.519590226040073,0.854415587991948,0,0,0,0,0,0,1753378816
866,1753378837.23085,-50.2603691801747,-69.5757922828611,0,0,0,-0.236356941578553,-0.971666298771153,3.5,0,0,0,0,0,1753378816,1753378837.22261,-45.83,-59.123,0,0,0,-0.519590226040073,0.854415587991948,0,0,0,0,0,0,1753378816
867,1753378837.23924,-50.2350364250162,-69.5613373196815,0,0,0,-0.236356941578553,-0.971666298771153,3.5,0,0,0,0,0,1753378816,1753378837.23088,-45.83,-59.123,0,0,0,-0.519590226040073,0.854415587991948,0,0,0,0,0,0,1753378816
868,1753378837.24752,-50.2097036698577,-69.5468823565018,0,0,0,-0.236356941578553,-0.971666298771153,3.5,0,0,0,0,0,1753378816,1753378837.23927,-45.83,-59.123,0,0,0,-0.519590226040073,0.854415587991948,0,0,0,0,0,0,1753378816
869,1753378837.25572,-50.1843709146992,-69.5324273933221,0,0,0,-0.236356941578553,-0.971666298771153,3.5,0,0,0,0,0,1753378816,1753378837.24755,-45.83,-59.123,0,0,0,-0.519590226040073,0.854415587991948,0,0,0,0,0,0,1753378816
870,1753378837.26414,-50.1590381595408,-69.5179724301425,0,0,0,-0.236356941578553,-0.971666298771153,3.5,0,0,0,0,0,1753378816,1753378837.25575,-45.83,-59.123,0,0,0,-0.519590226040073,0.854415587991948,0,0,0,0,0,0,1753378816
871,1753378837.27245,-50.1337054043823,-69.5035174669628,0,0,0,-0.236356941578553,-0.971666298771153,3.5,0,0,0,0,0,1753378816,1753378837.26417,-45.83,-59.123,0,0,0,-0.519590226040073,0.854415587991948,0,0,0,0,0,0,1753378816
872,1753378837.28105,-50.1083726492238,-69.4890625037832,0,0,0,-0.236356941578553,-0.971666298771153,3.5,0,0,0,0,0,1753378816,1753378837.27248,-45.83,-59.123,0,0,0,-0.519590226040073,0.854415587991948,0,0,0,0,0,0,1753378816
873,1753378837.28912,-50.0830398940654,-69.4746075406035,0,0,0,-0.236356941578553,-0.971666298771153,3.5,0,0,0,0,0,1753378816,1753378837.28113,-45.83,-59.123,0,0,0,-0.519590226040073,0.854415587991948,0,0,0,0,0,0,1753378816
874,1753378837.29762,-50.0577071389069,-69.4601525774238,0,0,0,-0.236356941578553,-0.971666298771153,3.5,0,0,0,0,0,1753378816,1753378837.28915,-45.83,-59.123,0,0,0,-0.519590226040073,0.854415587991948,0,0,0,0,0,0,1753378816
875,1753378837.30601,-50.0323743837484,-69.4456976142442,0,0,0,-0.236356941578553,-0.971666298771153,3.5,0,0,0,0,0,1753378816,1753378837.29766,-45.83,-59.123,0,0,0,-0.519590226040073,0.854415587991948,0,0,0,0,0,0,1753378816
876,1753378837.31429,-50.0070416285899,-69.4312426510645,0,0,0,-0.236356941578553,-0.971666298771153,3.5,0,0,0,0,0,1753378816,1753378837.30604,-45.83,-59.123,0,0,0,-0.519590226040073,0.854415587991948,0,0,0,0,0,0,1753378816
877,1753378837.3227,-49.9817088734315,-69.4167876878849,0,0,0,-0.236356941578553,-0.971666298771153,3.5,0,0,0,0,0,1753378816,1753378837.31433,-45.83,-59.123,0,0,0,-0.519590226040073,0.854415587991948,0,0,0,0,0,0,1753378816
878,1753378837.33114,-49.956376118273,-69.4023327247052,0,0,0,-0.236356941578553,-0.971666298771153,3.5,0,0,0,0,0,1753378816,1753378837.32274,-45.83,-59.123,0,0,0,-0.519590226040073,0.854415587991948,0,0,0,0,0,0,1753378816
879,1753378837.33936,-49.9310433631145,-69.3878777615255,0,0,0,-0.236356941578553,-0.971666298771153,3.5,0,0,0,0,0,1753378816,1753378837.33118,-45.83,-59.123,0,0,0,-0.519590226040073,0.854415587991948,0,0,0,0,0,0,1753378816
880,1753378837.34782,-49.905710607956,-69.3734227983459,0,0,0,-0.236356941578553,-0.971666298771153,3.5,0,0,0,0,0,1753378816,1753378837.3394,-45.83,-59.123,0,0,0,-0.519590226040073,0.854415587991948,0,0,0,0,0,0,1753378816
881,1753378837.35572,-49.8803778527976,-69.3589678351662,0,0,0,-0.236356941578553,-0.971666298771153,3.5,0,0,0,0,0,1753378816,1753378837.34786,-45.83,-59.123,0,0,0,-0.519590226040073,0.854415587991948,0,0,0,0,0,0,1753378816
882,1753378837.36419,-49.8550450976391,-69.3445128719866,0,0,0,-0.236356941578553,-0.971666298771153,3.5,0,0,0,0,0,1753378816,1753378837.35574,-45.83,-59.123,0,0,0,-0.519590226040073,0.854415587991948,0,0,0,0,0,0,1753378816
883,1753378837.37276,-49.8297123424806,-69.3300579088069,0,0,0,-0.236356941578553,-0.971666298771153,3.5,0,0,0,0,0,1753378816,1753378837.36423,-45.83,-59.123,0,0,0,-0.519590226040073,0.854415587991948,0,0,0,0,0,0,1753378816
884,1753378837.38087,-49.8043795873222,-69.3156029456272,0,0,0,-0.236356941578553,-0.971666298771153,3.5,0,0,0,0,0,1753378816,1753378837.37278,-45.83,-59.123,0,0,0,-0.519590226040073,0.854415587991948,0,0,0,0,0,0,1753378816
885,1753378837.38914,-49.7790468321637,-69.3011479824476,0,0,0,-0.236356941578553,-0.971666298771153,3.5,0,0,0,0,0,1753378816,1753378837.3809,-45.83,-59.123,0,0,0,-0.519590226040073,0.854415587991948,0,0,0,0,0,0,1753378816
886,1753378837.39756,-49.7537140770052,-69.2866930192679,0,0,0,-0.236356941578553,-0.971666298771153,3.5,0,0,0,0,0,1753378816,1753378837.38917,-45.83,-59.123,0,0,0,-0.519590226040073,0.854415587991948,0,0,0,0,0,0,1753378816
887,1753378837.40617,-49.7283813218467,-69.2722380560883,0,0,0,-0.236356941578553,-0.971666298771153,3.5,0,0,0,0,0,1753378816,1753378837.39759,-45.83,-59.123,0,0,0,-0.519590226040073,0.854415587991948,0,0,0,0,0,0,1753378816
888,1753378837.4145,-49.7030485666883,-69.2577830929086,0,0,0,-0.236356941578553,-0.971666298771153,3.5,0,0,0,0,0,1753378816,1753378837.4062,-45.83,-59.123,0,0,0,-0.519590226040073,0.854415587991948,0,0,0,0,0,0,1753378816
889,1753378837.42296,-49.6777158115298,-69.243328129729,0,0,0,-0.236356941578553,-0.971666298771153,3.5,0,0,0,0,0,1753378816,1753378837.41456,-45.83,-59.123,0,0,0,-0.519590226040073,0.854415587991948,0,0,0,0,0,0,1753378816
890,1753378837.43118,-49.6523830563713,-69.2288731665493,0,0,0,-0.236356941578553,-0.971666298771153,3.5,0,0,0,0,0,1753378816,1753378837.423,-45.83,-59.123,0,0,0,-0.519590226040073,0.854415587991948,0,0,0,0,0,0,1753378816
891,1753378837.43914,-49.6270503012128,-69.2144182033696,0,0,0,-0.236356941578553,-0.971666298771153,3.5,0,0,0,0,0,1753378816,1753378837.43121,-45.83,-59.123,0,0,0,-0.519590226040073,0.854415587991948,0,0,0,0,0,0,1753378816
892,1753378837.44765,-49.6017175460544,-69.19996324019,0,0,0,-0.236356941578553,-0.971666298771153,3.5,0,0,0,0,0,1753378816,1753378837.43918,-45.83,-59.123,0,0,0,-0.519590226040073,0.854415587991948,0,0,0,0,0,0,1753378816
893,1753378837.45587,-49.5763847908959,-69.1855082770103,0,0,0,-0.236356941578553,-0.971666298771153,3.5,0,0,0,0,0,1753378816,1753378837.44768,-45.83,-59.123,0,0,0,-0.519590226040073,0.854415587991948,0,0,0,0,0,0,1753378816
894,1753378837.4641,-49.5510520357374,-69.1710533138307,0,0,0,-0.236356941578553,-0.971666298771153,3.5,0,0,0,0,0,1753378816,1753378837.4559,-45.83,-59.123,0,0,0,-0.519590226040073,0.854415587991948,0,0,0,0,0,0,1753378816
895,1753378837.47248,-49.5257192805789,-69.156598350651,0,0,0,-0.236356941578553,-0.971666298771153,3.5,0,0,0,0,0,1753378816,1753378837.46413,-45.83,-59.123,0,0,0,-0.519590226040073,0.854415587991948,0,0,0,0,0,0,1753378816
896,1753378837.48095,-49.5003865254205,-69.1421433874713,0,0,0,-0.236356941578553,-0.971666298771153,3.5,0,0,0,0,0,1753378816,1753378837.4725,-45.83,-59.123,0,0,0,-0.519590226040073,0.854415587991948,0,0,0,0,0,0,1753378816
897,1753378837.48939,-49.475053770262,-69.1276884242917,0,0,0,-0.236356941578553,-0.971666298771153,3.5,0,0,0,0,0,1753378816,1753378837.48098,-45.83,-59.123,0,0,0,-0.519590226040073,0.854415587991948,0,0,0,0,0,0,1753378816
898,1753378837.49823,-49.4497210151035,-69.113233461112,0,0,0,-0.236356941578553,-0.971666298771153,3.5,0,0,0,0,0,1753378816,1753378837.48943,-45.83,-59.123,0,0,0,-0.519590226040073,0.854415587991948,0,0,0,0,0,0,1753378816
899,1753378837.50622,-49.4243882599451,-69.0987784979324,0,0,0,-0.236356941578553,-0.971666298771153,3.5,0,0,0,0,0,1753378816,1753378837.49836,-45.83,-59.123,0,0,0,-0.519590226040073,0.854415587991948,0,0,0,0,0,0,1753378816
900,1753378837.51512,-49.3990555047866,-69.0843235347527,0,0,0,-0.236356941578553,-0.971666298771153,3.5,0,0,0,0,0,1753378816,1753378837.50625,-45.83,-59.123,0,0,0,-0.519590226040073,0.854415587991948,0,0,0,0,0,0,1753378816
901,1753378837.52276,-49.3737227496281,-69.069868571573,0,0,0,-0.236356941578553,-0.971666298771153,3.5,0,0,0,0,0,1753378816,1753378837.51517,-45.83,-59.123,0,0,0,-0.519590226040073,0.854415587991948,0,0,0,0,0,0,1753378816
902,1753378837.53082,-49.3483899944696,-69.0554136083934,0,0,0,-0.236356941578553,-0.971666298771153,3.5,0,0,0,0,0,1753378816,1753378837.52278,-45.83,-59.123,0,0,0,-0.519590226040073,0.854415587991948,0,0,0,0,0,0,1753378816
903,1753378837.5394,-49.3230572393112,-69.0409586452137,0,0,0,-0.236356941578553,-0.971666298771153,3.5,0,0,0,0,0,1753378816,1753378837.53085,-45.83,-59.123,0,0,0,-0.519590226040073,0.854415587991948,0,0,0,0,0,0,1753378816
904,1753378837.54777,-49.2977244841527,-69.0265036820341,0,0,0,-0.236356941578553,-0.971666298771153,3.5,0,0,0,0,0,1753378816,1753378837.53944,-45.83,-59.123,0,0,0,-0.519590226040073,0.854415587991948,0,0,0,0,0,0,1753378816
905,1753378837.55571,-49.2723917289942,-69.0120487188544,0,0,0,-0.236356941578553,-0.971666298771153,3.5,0,0,0,0,0,1753378816,1753378837.54781,-45.83,-59.123,0,0,0,-0.519590226040073,0.854415587991948,0,0,0,0,0,0,1753378816
906,1753378837.56409,-49.2470589738357,-68.9975937556747,0,0,0,-0.236356941578553,-0.971666298771153,3.5,0,0,0,0,0,1753378816,1753378837.55573,-45.83,-59.123,0,0,0,-0.519590226040073,0.854415587991948,0,0,0,0,0,0,1753378816
907,1753378837.57286,-49.2217262186773,-68.9831387924951,0,0,0,-0.236356941578553,-0.971666298771153,3.5,0,0,0,0,0,1753378816,1753378837.56412,-45.83,-59.123,0,0,0,-0.519590226040073,0.854415587991948,0,0,0,0,0,0,1753378816
908,1753378837.58111,-49.1963934635188,-68.9686838293154,0,0,0,-0.236356941578553,-0.971666298771153,3.5,0,0,0,0,0,1753378816,1753378837.57291,-45.83,-59.123,0,0,0,-0.519590226040073,0.854415587991948,0,0,0,0,0,0,1753378816
909,1753378837.58943,-49.1710607083603,-68.9542288661358,0,0,0,-0.236356941578553,-0.971666298771153,3.5,0,0,0,0,0,1753378816,1753378837.58115,-45.83,-59.123,0,0,0,-0.519590226040073,0.854415587991948,0,0,0,0,0,0,1753378816
910,1753378837.59778,-49.1457279532018,-68.9397739029561,0,0,0,-0.236356941578553,-0.971666298771153,3.5,0,0,0,0,0,1753378816,1753378837.58947,-45.83,-59.123,0,0,0,-0.519590226040073,0.854415587991948,0,0,0,0,0,0,1753378816
911,1753378837.60599,-49.1203951980434,-68.9253189397765,0,0,0,-0.236356941578553,-0.971666298771153,3.5,0,0,0,0,0,1753378816,1753378837.59783,-45.83,-59.123,0,0,0,-0.519590226040073,0.854415587991948,0,0,0,0,0,0,1753378816
912,1753378837.61413,-49.0950624428849,-68.9108639765968,0,0,0,-0.236356941578553,-0.971666298771153,3.5,0,0,0,0,0,1753378816,1753378837.60602,-45.83,-59.123,0,0,0,-0.519590226040073,0.854415587991948,0,0,0,0,0,0,1753378816
913,1753378837.62235,-49.0697296877264,-68.8964090134171,0,0,0,-0.236356941578553,-0.971666298771153,3.5,0,0,0,0,0,1753378816,1753378837.61416,-45.83,-59.123,0,0,0,-0.519590226040073,0.854415587991948,0,0,0,0,0,0,1753378816
914,1753378837.63088,-49.044396932568,-68.8819540502375,0,0,0,-0.236356941578553,-0.971666298771153,3.5,0,0,0,0,0,1753378816,1753378837.62238,-45.83,-59.123,0,0,0,-0.519590226040073,0.854415587991948,0,0,0,0,0,0,1753378816
915,1753378837.63914,-49.0190641774095,-68.8674990870578,0,0,0,-0.236356941578553,-0.971666298771153,3.5,0,0,0,0,0,1753378816,1753378837.63091,-45.83,-59.123,0,0,0,-0.519590226040073,0.854415587991948,0,0,0,0,0,0,1753378816
916,1753378837.64757,-48.993731422251,-68.8530441238782,0,0,0,-0.236356941578553,-0.971666298771153,3.5,0,0,0,0,0,1753378816,1753378837.63916,-45.83,-59.123,0,0,0,-0.519590226040073,0.854415587991948,0,0,0,0,0,0,1753378816
917,1753378837.65591,-48.9683986670925,-68.8385891606985,0,0,0,-0.236356941578553,-0.971666298771153,3.5,0,0,0,0,0,1753378816,1753378837.6476,-45.83,-59.123,0,0,0,-0.519590226040073,0.854415587991948,0,0,0,0,0,0,1753378816
918,1753378837.66409,-48.9430659119341,-68.8241341975188,0,0,0,-0.236356941578553,-0.971666298771153,3.5,0,0,0,0,0,1753378816,1753378837.65594,-45.83,-59.123,0,0,0,-0.519590226040073,0.854415587991948,0,0,0,0,0,0,1753378816
919,1753378837.67335,-48.9177331567756,-68.8096792343392,0,0,0,-0.236356941578553,-0.971666298771153,3.5,0,0,0,0,0,1753378816,1753378837.66411,-45.83,-59.123,0,0,0,-0.519590226040073,0.854415587991948,0,0,0,0,0,0,1753378816
920,1753378837.68114,-48.8924004016171,-68.7952242711595,0,0,0,-0.236356941578553,-0.971666298771153,3.5,0,0,0,0,0,1753378816,1753378837.67339,-45.83,-59.123,0,0,0,-0.519590226040073,0.854415587991948,0,0,0,0,0,0,1753378816
921,1753378837.6896,-48.8670676464586,-68.7807693079799,0,0,0,-0.236356941578553,-0.971666298771153,3.5,0,0,0,0,0,1753378816,1753378837.68119,-45.83,-59.123,0,0,0,-0.519590226040073,0.854415587991948,0,0,0,0,0,0,1753378816
922,1753378837.6975,-48.8417348913002,-68.7663143448002,0,0,0,-0.236356941578553,-0.971666298771153,3.5,0,0,0,0,0,1753378816,1753378837.68963,-45.83,-59.123,0,0,0,-0.519590226040073,0.854415587991948,0,0,0,0,0,0,1753378816
923,1753378837.70634,-48.8164021361417,-68.7518593816205,0,0,0,-0.236356941578553,-0.971666298771153,3.5,0,0,0,0,0,1753378816,1753378837.69753,-45.83,-59.123,0,0,0,-0.519590226040073,0.854415587991948,0,0,0,0,0,0,1753378816
924,1753378837.71554,-48.7910693809832,-68.7374044184409,0,0,0,-0.236356941578553,-0.971666298771153,3.5,0,0,0,0,0,1753378816,1753378837.7064,-45.83,-59.123,0,0,0,-0.519590226040073,0.854415587991948,0,0,0,0,0,0,1753378816
925,1753378837.72365,-48.7657366258248,-68.7229494552612,0,0,0,-0.236356941578553,-0.971666298771153,3.5,0,0,0,0,0,1753378816,1753378837.71566,-45.83,-59.123,0,0,0,-0.519590226040073,0.854415587991948,0,0,0,0,0,0,1753378816
926,1753378837.73108,-48.7404038706663,-68.7084944920816,0,0,0,-0.236356941578553,-0.971666298771153,3.5,0,0,0,0,0,1753378816,1753378837.72372,-45.83,-59.123,0,0,0,-0.519590226040073,0.854415587991948,0,0,0,0,0,0,1753378816
927,1753378837.73914,-48.7150711155078,-68.6940395289019,0,0,0,-0.236356941578553,-0.971666298771153,3.5,0,0,0,0,0,1753378816,1753378837.73111,-45.83,-59.123,0,0,0,-0.519590226040073,0.854415587991948,0,0,0,0,0,0,1753378816
928,1753378837.74753,-48.6897383603493,-68.6795845657222,0,0,0,-0.236356941578553,-0.971666298771153,3.5,0,0,0,0,0,1753378816,1753378837.73917,-45.83,-59.123,0,0,0,-0.519590226040073,0.854415587991948,0,0,0,0,0,0,1753378816
929,1753378837.75571,-48.6644056051909,-68.6651296025426,0,0,0,-0.236356941578553,-0.971666298771153,3.5,0,0,0,0,0,1753378816,1753378837.74756,-45.83,-59.123,0,0,0,-0.519590226040073,0.854415587991948,0,0,0,0,0,0,1753378816
930,1753378837.76437,-48.6390728500324,-68.6506746393629,0,0,0,-0.236356941578553,-0.971666298771153,3.5,0,0,0,0,0,1753378816,1753378837.75574,-45.83,-59.123,0,0,0,-0.519590226040073,0.854415587991948,0,0,0,0,0,0,1753378816
931,1753378837.77277,-48.6137400948739,-68.6362196761833,0,0,0,-0.236356941578553,-0.971666298771153,3.5,0,0,0,0,0,1753378816,1753378837.76442,-45.83,-59.123,0,0,0,-0.519590226040073,0.854415587991948,0,0,0,0,0,0,1753378816
932,1753378837.78106,-48.5884073397154,-68.6217647130036,0,0,0,-0.236356941578553,-0.971666298771153,3.5,0,0,0,0,0,1753378816,1753378837.77281,-45.83,-59.123,0,0,0,-0.519590226040073,0.854415587991948,0,0,0,0,0,0,1753378816
933,1753378837.78942,-48.563074584557,-68.6073097498239,0,0,0,-0.236356941578553,-0.971666298771153,3.5,0,0,0,0,0,1753378816,1753378837.7811,-45.83,-59.123,0,0,0,-0.519590226040073,0.854415587991948,0,0,0,0,0,0,1753378816
934,1753378837.79777,-48.5377418293985,-68.5928547866443,0,0,0,-0.236356941578553,-0.971666298771153,3.5,0,0,0,0,0,1753378816,1753378837.78947,-45.83,-59.123,0,0,0,-0.519590226040073,0.854415587991948,0,0,0,0,0,0,1753378816
935,1753378837.80601,-48.51240907424,-68.5783998234646,0,0,0,-0.236356941578553,-0.971666298771153,3.5,0,0,0,0,0,1753378816,1753378837.79781,-45.83,-59.123,0,0,0,-0.519590226040073,0.854415587991948,0,0,0,0,0,0,1753378816
936,1753378837.81429,-48.4870763190815,-68.563944860285,0,0,0,-0.236356941578553,-0.971666298771153,3.5,0,0,0,0,0,1753378816,1753378837.80606,-45.83,-59.123,0,0,0,-0.519590226040073,0.854415587991948,0,0,0,0,0,0,1753378816
937,1753378837.8223,-48.4617435639231,-68.5494898971053,0,0,0,-0.236356941578553,-0.971666298771153,3.5,0,0,0,0,0,1753378816,1753378837.81432,-45.83,-59.123,0,0,0,-0.519590226040073,0.854415587991948,0,0,0,0,0,0,1753378816
938,1753378837.83093,-48.4364108087646,-68.5350349339256,0,0,0,-0.236356941578553,-0.971666298771153,3.5,0,0,0,0,0,1753378816,1753378837.82233,-45.83,-59.123,0,0,0,-0.519590226040073,0.854415587991948,0,0,0,0,0,0,1753378816
939,1753378837.83912,-48.4110780536061,-68.520579970746,0,0,0,-0.236356941578553,-0.971666298771153,3.5,0,0,0,0,0,1753378816,1753378837.83096,-45.83,-59.123,0,0,0,-0.519590226040073,0.854415587991948,0,0,0,0,0,0,1753378816
940,1753378837.84764,-48.3857452984477,-68.5061250075663,0,0,0,-0.236356941578553,-0.971666298771153,3.5,0,0,0,0,0,1753378816,1753378837.83915,-45.83,-59.123,0,0,0,-0.519590226040073,0.854415587991948,0,0,0,0,0,0,1753378816
941,1753378837.85578,-48.3604125432892,-68.4916700443867,0,0,0,-0.236356941578553,-0.971666298771153,3.5,0,0,0,0,0,1753378816,1753378837.84768,-45.83,-59.123,0,0,0,-0.519590226040073,0.854415587991948,0,0,0,0,0,0,1753378816
942,1753378837.86415,-48.3350797881307,-68.477215081207,0,0,0,-0.236356941578553,-0.971666298771153,3.5,0,0,0,0,0,1753378816,1753378837.85581,-45.83,-59.123,0,0,0,-0.519590226040073,0.854415587991948,0,0,0,0,0,0,1753378816
943,1753378837.87255,-48.3097470329722,-68.4627601180273,0,0,0,-0.236356941578553,-0.971666298771153,3.5,0,0,0,0,0,1753378816,1753378837.86417,-45.83,-59.123,0,0,0,-0.519590226040073,0.854415587991948,0,0,0,0,0,0,1753378816
944,1753378837.88095,-48.2844142778138,-68.4483051548477,0,0,0,-0.236356941578553,-0.971666298771153,3.5,0,0,0,0,0,1753378816,1753378837.87257,-45.83,-59.123,0,0,0,-0.519590226040073,0.854415587991948,0,0,0,0,0,0,1753378816
945,1753378837.88919,-48.2590815226553,-68.433850191668,0,0,0,-0.236356941578553,-0.971666298771153,3.5,0,0,0,0,0,1753378816,1753378837.88098,-45.83,-59.123,0,0,0,-0.519590226040073,0.854415587991948,0,0,0,0,0,0,1753378816
946,1753378837.8975,-48.2337487674968,-68.4193952284884,0,0,0,-0.236356941578553,-0.971666298771153,3.5,0,0,0,0,0,1753378816,1753378837.88922,-45.83,-59.123,0,0,0,-0.519590226040073,0.854415587991948,0,0,0,0,0,0,1753378816
947,1753378837.90575,-48.2084160123383,-68.4049402653087,0,0,0,-0.236356941578553,-0.971666298771153,3.5,0,0,0,0,0,1753378816,1753378837.89753,-45.83,-59.123,0,0,0,-0.519590226040073,0.854415587991948,0,0,0,0,0,0,1753378816
948,1753378837.9142,-48.1830832571799,-68.3904853021291,0,0,0,-0.236356941578553,-0.971666298771153,3.5,0,0,0,0,0,1753378816,1753378837.90578,-45.83,-59.123,0,0,0,-0.519590226040073,0.854415587991948,0,0,0,0,0,0,1753378816
949,1753378837.92244,-48.1577505020214,-68.3760303389494,0,0,0,-0.236356941578553,-0.971666298771153,3.5,0,0,0,0,0,1753378816,1753378837.91423,-45.83,-59.123,0,0,0,-0.519590226040073,0.854415587991948,0,0,0,0,0,0,1753378816
950,1753378837.93123,-48.1324177468629,-68.3615753757697,0,0,0,-0.236356941578553,-0.971666298771153,3.5,0,0,0,0,0,1753378816,1753378837.92247,-45.83,-59.123,0,0,0,-0.519590226040073,0.854415587991948,0,0,0,0,0,0,1753378816
951,1753378837.93954,-48.1070849917044,-68.3471204125901,0,0,0,-0.236356941578553,-0.971666298771153,3.5,0,0,0,0,0,1753378816,1753378837.93126,-45.83,-59.123,0,0,0,-0.519590226040073,0.854415587991948,0,0,0,0,0,0,1753378816
952,1753378837.94783,-48.081752236546,-68.3326654494104,0,0,0,-0.236356941578553,-0.971666298771153,3.5,0,0,0,0,0,1753378816,1753378837.93958,-45.83,-59.123,0,0,0,-0.519590226040073,0.854415587991948,0,0,0,0,0,0,1753378816
953,1753378837.95607,-48.0564194813875,-68.3182104862308,0,0,0,-0.236356941578553,-0.971666298771153,3.5,0,0,0,0,0,1753378816,1753378837.94788,-45.83,-59.123,0,0,0,-0.519590226040073,0.854415587991948,0,0,0,0,0,0,1753378816
954,1753378837.96417,-48.031086726229,-68.3037555230511,0,0,0,-0.236356941578553,-0.971666298771153,3.5,0,0,0,0,0,1753378816,1753378837.95612,-45.83,-59.123,0,0,0,-0.519590226040073,0.854415587991948,0,0,0,0,0,0,1753378816
955,1753378837.97275,-48.0057539710706,-68.2893005598714,0,0,0,-0.236356941578553,-0.971666298771153,3.5,0,0,0,0,0,1753378816,1753378837.96419,-45.83,-59.123,0,0,0,-0.519590226040073,0.854415587991948,0,0,0,0,0,0,1753378816
956,1753378837.98093,-47.9804212159121,-68.2748455966918,0,0,0,-0.236356941578553,-0.971666298771153,3.5,0,0,0,0,0,1753378816,1753378837.97277,-45.83,-59.123,0,0,0,-0.519590226040073,0.854415587991948,0,0,0,0,0,0,1753378816
957,1753378837.98925,-47.9550884607536,-68.2603906335121,0,0,0,-0.236356941578553,-0.971666298771153,3.5,0,0,0,0,0,1753378816,1753378837.98096,-45.83,-59.123,0,0,0,-0.519590226040073,0.854415587991948,0,0,0,0,0,0,1753378816
958,1753378837.9976,-47.9297557055951,-68.2459356703325,0,0,0,-0.236356941578553,-0.971666298771153,3.5,0,0,0,0,0,1753378816,1753378837.98927,-45.83,-59.123,0,0,0,-0.519590226040073,0.854415587991948,0,0,0,0,0,0,1753378816
959,1753378838.00606,-47.9044229504367,-68.2314807071528,0,0,0,-0.236356941578553,-0.971666298771153,3.5,0,0,0,0,0,1753378816,1753378837.99763,-45.83,-59.123,0,0,0,-0.519590226040073,0.854415587991948,0,0,0,0,0,0,1753378816
960,1753378838.01439,-47.8790901952782,-68.2170257439731,0,0,0,-0.236356941578553,-0.971666298771153,3.5,0,0,0,0,0,1753378816,1753378838.0061,-45.83,-59.123,0,0,0,-0.519590226040073,0.854415587991948,0,0,0,0,0,0,1753378816
961,1753378838.02271,-47.8537574401197,-68.2025707807935,0,0,0,-0.236356941578553,-0.971666298771153,3.5,0,0,0,0,0,1753378816,1753378838.01444,-45.83,-59.123,0,0,0,-0.519590226040073,0.854415587991948,0,0,0,0,0,0,1753378816
962,1753378838.03125,-47.8284246849612,-68.1881158176138,0,0,0,-0.236356941578553,-0.971666298771153,3.5,0,0,0,0,0,1753378816,1753378838.02276,-45.83,-59.123,0,0,0,-0.519590226040073,0.854415587991948,0,0,0,0,0,0,1753378816
963,1753378838.03947,-47.8030919298028,-68.1736608544342,0,0,0,-0.236356941578553,-0.971666298771153,3.5,0,0,0,0,0,1753378816,1753378838.03129,-45.83,-59.123,0,0,0,-0.519590226040073,0.854415587991948,0,0,0,0,0,0,1753378816
964,1753378838.04762,-47.7777591746443,-68.1592058912545,0,0,0,-0.236356941578553,-0.971666298771153,3.5,0,0,0,0,0,1753378816,1753378838.03949,-45.83,-59.123,0,0,0,-0.519590226040073,0.854415587991948,0,0,0,0,0,0,1753378816
965,1753378838.05612,-47.7524264194858,-68.1447509280748,0,0,0,-0.236356941578553,-0.971666298771153,3.5,0,0,0,0,0,1753378816,1753378838.04765,-45.83,-59.123,0,0,0,-0.519590226040073,0.854415587991948,0,0,0,0,0,0,1753378816
966,1753378838.06468,-47.7270936643273,-68.1302959648952,0,0,0,-0.236356941578553,-0.971666298771153,3.5,0,0,0,0,0,1753378816,1753378838.05616,-45.83,-59.123,0,0,0,-0.519590226040073,0.854415587991948,0,0,0,0,0,0,1753378816
967,1753378838.07282,-47.7017609091689,-68.1158410017155,0,0,0,-0.236356941578553,-0.971666298771153,3.5,0,0,0,0,0,1753378816,1753378838.06478,-45.83,-59.123,0,0,0,-0.519590226040073,0.854415587991948,0,0,0,0,0,0,1753378816
968,1753378838.08083,-47.6764281540104,-68.1013860385359,0,0,0,-0.236356941578553,-0.971666298771153,3.5,0,0,0,0,0,1753378816,1753378838.07285,-45.83,-59.123,0,0,0,-0.519590226040073,0.854415587991948,0,0,0,0,0,0,1753378816
969,1753378838.0891,-47.6510953988519,-68.0869310753562,0,0,0,-0.236356941578553,-0.971666298771153,3.5,0,0,0,0,0,1753378816,1753378838.08086,-45.83,-59.123,0,0,0,-0.519590226040073,0.854415587991948,0,0,0,0,0,0,1753378816
970,1753378838.09747,-47.6257626436935,-68.0724761121765,0,0,0,-0.236356941578553,-0.971666298771153,3.5,0,0,0,0,0,1753378816,1753378838.08913,-45.83,-59.123,0,0,0,-0.519590226040073,0.854415587991948,0,0,0,0,0,0,1753378816
971,1753378838.10584,-47.600429888535,-68.0580211489969,0,0,0,-0.236356941578553,-0.971666298771153,3.5,0,0,0,0,0,1753378816,1753378838.0975,-45.83,-59.123,0,0,0,-0.519590226040073,0.854415587991948,0,0,0,0,0,0,1753378816
972,1753378838.11405,-47.5750971333765,-68.0435661858172,0,0,0,-0.236356941578553,-0.971666298771153,3.5,0,0,0,0,0,1753378816,1753378838.10586,-45.83,-59.123,0,0,0,-0.519590226040073,0.854415587991948,0,0,0,0,0,0,1753378816
973,1753378838.12259,-47.549764378218,-68.0291112226376,0,0,0,-0.236356941578553,-0.971666298771153,3.5,0,0,0,0,0,1753378816,1753378838.11407,-45.83,-59.123,0,0,0,-0.519590226040073,0.854415587991948,0,0,0,0,0,0,1753378816
974,1753378838.13078,-47.5244316230596,-68.0146562594579,0,0,0,-0.236356941578553,-0.971666298771153,3.5,0,0,0,0,0,1753378816,1753378838.12261,-45.83,-59.123,0,0,0,-0.519590226040073,0.854415587991948,0,0,0,0,0,0,1753378816
975,1753378838.13918,-47.4990988679011,-68.0002012962783,0,0,0,-0.236356941578553,-0.971666298771153,3.5,0,0,0,0,0,1753378816,1753378838.1308,-45.83,-59.123,0,0,0,-0.519590226040073,0.854415587991948,0,0,0,0,0,0,1753378816
976,1753378838.14752,-47.4737661127426,-67.9857463330986,0,0,0,-0.236356941578553,-0.971666298771153,3.5,0,0,0,0,0,1753378816,1753378838.1392,-45.83,-59.123,0,0,0,-0.519590226040073,0.854415587991948,0,0,0,0,0,0,1753378816
977,1753378838.1557,-47.4484333575841,-67.9712913699189,0,0,0,-0.236356941578553,-0.971666298771153,3.5,0,0,0,0,0,1753378816,1753378838.14755,-45.83,-59.123,0,0,0,-0.519590226040073,0.854415587991948,0,0,0,0,0,0,1753378816
978,1753378838.16409,-47.4231006024257,-67.9568364067393,0,0,0,-0.236356941578553,-0.971666298771153,3.5,0,0,0,0,0,1753378816,1753378838.15572,-45.83,-59.123,0,0,0,-0.519590226040073,0.854415587991948,0,0,0,0,0,0,1753378816
979,1753378838.17291,-47.3977678472672,-67.9423814435596,0,0,0,-0.236356941578553,-0.971666298771153,3.5,0,0,0,0,0,1753378816,1753378838.16412,-45.83,-59.123,0,0,0,-0.519590226040073,0.854415587991948,0,0,0,0,0,0,1753378816
980,1753378838.18119,-47.3724350921087,-67.92792648038,0,0,0,-0.236356941578553,-0.971666298771153,3.5,0,0,0,0,0,1753378816,1753378838.17295,-45.83,-59.123,0,0,0,-0.519590226040073,0.854415587991948,0,0,0,0,0,0,1753378816
981,1753378838.18913,-47.3471023369502,-67.9134715172003,0,0,0,-0.236356941578553,-0.971666298771153,3.5,0,0,0,0,0,1753378816,1753378838.18122,-45.83,-59.123,0,0,0,-0.519590226040073,0.854415587991948,0,0,0,0,0,0,1753378816
982,1753378838.19792,-47.3217695817918,-67.8990165540206,0,0,0,-0.236356941578553,-0.971666298771153,3.5,0,0,0,0,0,1753378816,1753378838.18916,-45.83,-59.123,0,0,0,-0.519590226040073,0.854415587991948,0,0,0,0,0,0,1753378816
983,1753378838.20576,-47.2964368266333,-67.884561590841,0,0,0,-0.236356941578553,-0.971666298771153,3.5,0,0,0,0,0,1753378816,1753378838.19798,-45.83,-59.123,0,0,0,-0.519590226040073,0.854415587991948,0,0,0,0,0,0,1753378816
984,1753378838.21416,-47.2711040714748,-67.8701066276613,0,0,0,-0.236356941578553,-0.971666298771153,3.5,0,0,0,0,0,1753378816,1753378838.20579,-45.83,-59.123,0,0,0,-0.519590226040073,0.854415587991948,0,0,0,0,0,0,1753378816
985,1753378838.2224,-47.2457713163164,-67.8556516644817,0,0,0,-0.236356941578553,-0.971666298771153,3.5,0,0,0,0,0,1753378816,1753378838.2142,-45.83,-59.123,0,0,0,-0.519590226040073,0.854415587991948,0,0,0,0,0,0,1753378816
986,1753378838.23093,-47.2204385611579,-67.841196701302,0,0,0,-0.236356941578553,-0.971666298771153,3.5,0,0,0,0,0,1753378816,1753378838.22243,-45.83,-59.123,0,0,0,-0.519590226040073,0.854415587991948,0,0,0,0,0,0,1753378816
987,1753378838.23909,-47.1951058059994,-67.8267417381223,0,0,0,-0.236356941578553,-0.971666298771153,3.5,0,0,0,0,0,1753378816,1753378838.23095,-45.83,-59.123,0,0,0,-0.519590226040073,0.854415587991948,0,0,0,0,0,0,1753378816
988,1753378838.24751,-47.1697730508409,-67.8122867749427,0,0,0,-0.236356941578553,-0.971666298771153,3.5,0,0,0,0,0,1753378816,1753378838.23911,-45.83,-59.123,0,0,0,-0.519590226040073,0.854415587991948,0,0,0,0,0,0,1753378816
989,1753378838.25577,-47.1444402956825,-67.797831811763,0,0,0,-0.236356941578553,-0.971666298771153,3.5,0,0,0,0,0,1753378816,1753378838.24754,-45.83,-59.123,0,0,0,-0.519590226040073,0.854415587991948,0,0,0,0,0,0,1753378816
990,1753378838.26447,-47.119107540524,-67.7833768485834,0,0,0,-0.236356941578553,-0.971666298771153,3.5,0,0,0,0,0,1753378816,1753378838.25579,-45.83,-59.123,0,0,0,-0.519590226040073,0.854415587991948,0,0,0,0,0,0,1753378816
991,1753378838.27299,-47.0937747853655,-67.7689218854037,0,0,0,-0.236356941578553,-0.971666298771153,3.5,0,0,0,0,0,1753378816,1753378838.26451,-45.83,-59.123,0,0,0,-0.519590226040073,0.854415587991948,0,0,0,0,0,0,1753378816
992,1753378838.28112,-47.068442030207,-67.754466922224,0,0,0,-0.236356941578553,-0.971666298771153,3.5,0,0,0,0,0,1753378816,1753378838.27303,-45.83,-59.123,0,0,0,-0.519590226040073,0.854415587991948,0,0,0,0,0,0,1753378816
993,1753378838.28939,-47.0431092750486,-67.7400119590444,0,0,0,-0.236356941578553,-0.971666298771153,3.5,0,0,0,0,0,1753378816,1753378838.28117,-45.83,-59.123,0,0,0,-0.519590226040073,0.854415587991948,0,0,0,0,0,0,1753378816
994,1753378838.29759,-47.0177765198901,-67.7255569958647,0,0,0,-0.236356941578553,-0.971666298771153,3.5,0,0,0,0,0,1753378816,1753378838.28941,-45.83,-59.123,0,0,0,-0.519590226040073,0.854415587991948,0,0,0,0,0,0,1753378816
995,1753378838.3058,-46.9924437647316,-67.7111020326851,0,0,0,-0.236356941578553,-0.971666298771153,3.5,0,0,0,0,0,1753378816,1753378838.29761,-45.83,-59.123,0,0,0,-0.519590226040073,0.854415587991948,0,0,0,0,0,0,1753378816
996,1753378838.31415,-46.9671110095731,-67.6966470695054,0,0,0,-0.236356941578553,-0.971666298771153,3.5,0,0,0,0,0,1753378816,1753378838.30583,-45.83,-59.123,0,0,0,-0.519590226040073,0.854415587991948,0,0,0,0,0,0,1753378816
997,1753378838.32234,-46.9417782544147,-67.6821921063258,0,0,0,-0.236356941578553,-0.971666298771153,3.5,0,0,0,0,0,1753378816,1753378838.31418,-45.83,-59.123,0,0,0,-0.519590226040073,0.854415587991948,0,0,0,0,0,0,1753378816
998,1753378838.3309,-46.9164454992562,-67.6677371431461,0,0,0,-0.236356941578553,-0.971666298771153,3.5,0,0,0,0,0,1753378816,1753378838.32236,-45.83,-59.123,0,0,0,-0.519590226040073,0.854415587991948,0,0,0,0,0,0,1753378816
999,1753378838.33941,-46.8911127440977,-67.6532821799664,0,0,0,-0.236356941578553,-0.971666298771153,3.5,0,0,0,0,0,1753378816,1753378838.33093,-45.83,-59.123,0,0,0,-0.519590226040073,0.854415587991948,0,0,0,0,0,0,1753378816
1000,1753378838.34777,-46.8657799889393,-67.6388272167868,0,0,0,-0.236356941578553,-0.971666298771153,3.5,0,0,0,0,0,1753378816,1753378838.33946,-45.83,-59.123,0,0,0,-0.519590226040073,0.854415587991948,0,0,0,0,0,0,1753378816
1001,1753378838.35618,-46.8404472337808,-67.6243722536071,0,0,0,-0.236356941578553,-0.971666298771153,3.5,0,0,0,0,0,1753378816,1753378838.34781,-45.83,-59.123,0,0,0,-0.519590226040073,0.854415587991948,0,0,0,0,0,0,1753378816
1002,1753378838.36478,-46.8151144786223,-67.6099172904275,0,0,0,-0.236356941578553,-0.971666298771153,3.5,0,0,0,0,0,1753378816,1753378838.35622,-45.83,-59.123,0,0,0,-0.519590226040073,0.854415587991948,0,0,0,0,0,0,1753378816
1003,1753378838.37252,-46.7897817234638,-67.5954623272478,0,0,0,-0.236356941578553,-0.971666298771153,3.5,0,0,0,0,0,1753378816,1753378838.36487,-45.83,-59.123,0,0,0,-0.519590226040073,0.854415587991948,0,0,0,0,0,0,1753378816
1004,1753378838.38089,-46.7644489683054,-67.5810073640681,0,0,0,-0.236356941578553,-0.971666298771153,3.5,0,0,0,0,0,1753378816,1753378838.37254,-45.83,-59.123,0,0,0,-0.519590226040073,0.854415587991948,0,0,0,0,0,0,1753378816
1005,1753378838.38931,-46.7391162131469,-67.5665524008885,0,0,0,-0.236356941578553,-0.971666298771153,3.5,0,0,0,0,0,1753378816,1753378838.38092,-45.83,-59.123,0,0,0,-0.519590226040073,0.854415587991948,0,0,0,0,0,0,1753378816
1006,1753378838.39765,-46.7137834579884,-67.5520974377088,0,0,0,-0.236356941578553,-0.971666298771153,3.5,0,0,0,0,0,1753378816,1753378838.38934,-45.83,-59.123,0,0,0,-0.519590226040073,0.854415587991948,0,0,0,0,0,0,1753378816
1007,1753378838.40573,-46.6884507028299,-67.5376424745292,0,0,0,-0.236356941578553,-0.971666298771153,3.5,0,0,0,0,0,1753378816,1753378838.39767,-45.83,-59.123,0,0,0,-0.519590226040073,0.854415587991948,0,0,0,0,0,0,1753378816
1008,1753378838.41431,-46.6631179476715,-67.5231875113495,0,0,0,-0.236356941578553,-0.971666298771153,3.5,0,0,0,0,0,1753378816,1753378838.40576,-45.83,-59.123,0,0,0,-0.519590226040073,0.854415587991948,0,0,0,0,0,0,1753378816
1009,1753378838.42264,-46.637785192513,-67.5087325481698,0,0,0,-0.236356941578553,-0.971666298771153,3.5,0,0,0,0,0,1753378816,1753378838.41434,-45.83,-59.123,0,0,0,-0.519590226040073,0.854415587991948,0,0,0,0,0,0,1753378816
1010,1753378838.43087,-46.6124524373545,-67.4942775849902,0,0,0,-0.236356941578553,-0.971666298771153,3.5,0,0,0,0,0,1753378816,1753378838.42267,-45.83,-59.123,0,0,0,-0.519590226040073,0.854415587991948,0,0,0,0,0,0,1753378816
1011,1753378838.43912,-46.587119682196,-67.4798226218105,0,0,0,-0.236356941578553,-0.971666298771153,3.5,0,0,0,0,0,1753378816,1753378838.4309,-45.83,-59.123,0,0,0,-0.519590226040073,0.854415587991948,0,0,0,0,0,0,1753378816
1012,1753378838.44762,-46.5617869270376,-67.4653676586309,0,0,0,-0.236356941578553,-0.971666298771153,3.5,0,0,0,0,0,1753378816,1753378838.43914,-45.83,-59.123,0,0,0,-0.519590226040073,0.854415587991948,0,0,0,0,0,0,1753378816
1013,1753378838.4557,-46.5364541718791,-67.4509126954512,0,0,0,-0.236356941578553,-0.971666298771153,3.5,0,0,0,0,0,1753378816,1753378838.44765,-45.83,-59.123,0,0,0,-0.519590226040073,0.854415587991948,0,0,0,0,0,0,1753378816
1014,1753378838.46449,-46.5111214167206,-67.4364577322715,0,0,0,-0.236356941578553,-0.971666298771153,3.5,0,0,0,0,0,1753378816,1753378838.45573,-45.83,-59.123,0,0,0,-0.519590226040073,0.854415587991948,0,0,0,0,0,0,1753378816
1015,1753378838.47265,-46.4857886615622,-67.4220027690919,0,0,0,-0.236356941578553,-0.971666298771153,3.5,0,0,0,0,0,1753378816,1753378838.46454,-45.83,-59.123,0,0,0,-0.519590226040073,0.854415587991948,0,0,0,0,0,0,1753378816
1016,1753378838.48116,-46.4604559064037,-67.4075478059122,0,0,0,-0.236356941578553,-0.971666298771153,0,0,0,0,0,0,1753378816,1753378838.47269,-45.83,-59.123,0,0,0,-0.519590226040073,0.854415587991948,0,0,0,0,0,0,1753378816
1017,1753378838.48918,-46.4351231512452,-67.3930928427326,0,0,0,-0.236356941578553,-0.971666298771153,0,0,0,0,0,0,1753378816,1753378838.4812,-45.83,-59.123,0,0,0,-0.519590226040073,0.854415587991948,0,0,0,0,0,0,1753378816
1018,1753378838.49751,-46.4097903960867,-67.3786378795529,0,0,0,-0.236356941578553,-0.971666298771153,0,0,0,0,0,0,1753378816,1753378838.4892,-45.83,-59.123,0,0,0,-0.519590226040073,0.854415587991948,0,0,0,0,0,0,1753378816
1019,1753378838.50584,-46.3844576409283,-67.3641829163732,0,0,0,-0.236356941578553,-0.971666298771153,0,0,0,0,0,0,1753378816,1753378838.49753,-45.83,-59.123,0,0,0,-0.519590226040073,0.854415587991948,0,0,0,0,0,0,1753378816
1020,1753378838.51404,-46.3591248857698,-67.3497279531936,0,0,0,-0.236356941578553,-0.971666298771153,0,0,0,0,0,0,1753378816,1753378838.50587,-45.83,-59.123,0,0,0,-0.519590226040073,0.854415587991948,0,0,0,0,0,0,1753378816
1021,1753378838.52264,-46.3337921306113,-67.3352729900139,0,0,0,-0.236356941578553,-0.971666298771153,0,0,0,0,0,0,1753378816,1753378838.51407,-45.83,-59.123,0,0,0,-0.519590226040073,0.854415587991948,0,0,0,0,0,0,1753378816
1022,1753378838.53115,-46.3084593754528,-67.3208180268343,0,0,0,-0.236356941578553,-0.971666298771153,0,0,0,0,0,0,1753378816,1753378838.52267,-45.83,-59.123,0,0,0,-0.519590226040073,0.854415587991948,0,0,0,0,0,0,1753378816
1023,1753378838.53942,-46.2831266202944,-67.3063630636546,0,0,0,-0.236356941578553,-0.971666298771153,0,0,0,0,0,0,1753378816,1753378838.5312,-45.83,-59.123,0,0,0,-0.519590226040073,0.854415587991948,0,0,0,0,0,0,1753378816
1024,1753378838.5478,-46.2577938651359,-67.2919081004749,0,0,0,-0.236356941578553,-0.971666298771153,0,0,0,0,0,0,1753378816,1753378838.53947,-45.83,-59.123,0,0,0,-0.519590226040073,0.854415587991948,0,0,0,0,0,0,1753378816
1025,1753378838.55606,-46.2324611099774,-67.2774531372953,0,0,0,-0.236356941578553,-0.971666298771153,0,0,0,0,0,0,1753378816,1753378838.54785,-45.83,-59.123,0,0,0,-0.519590226040073,0.854415587991948,0,0,0,0,0,0,1753378816
1026,1753378838.56475,-46.2071283548189,-67.2629981741156,0,0,0,-0.236356941578553,-0.971666298771153,0,0,0,0,0,0,1753378816,1753378838.55611,-45.83,-59.123,0,0,0,-0.519590226040073,0.854415587991948,0,0,0,0,0,0,1753378816
1027,1753378838.57436,-46.2071283548189,-67.2629981741156,0,0,0,-0.236356941578553,-0.971666298771153,0,0,0,0,0,0,1753378816,1753378838.56485,-45.83,-59.123,0,0,0,-0.519590226040073,0.854415587991948,0,0,0,0,0,0,1753378816
1028,1753378838.58119,-46.2071283548189,-67.2629981741156,0,0,0,-0.236356941578553,-0.971666298771153,0,0,0,0,0,0,1753378816,1753378838.57442,-45.83,-59.123,0,0,0,-0.519590226040073,0.854415587991948,0,0,0,0,0,0,1753378816
1029,1753378838.5897,-46.2071283548189,-67.2629981741156,0,0,0,-0.236356941578553,-0.971666298771153,0,0,0,0,0,0,1753378816,1753378838.58125,-45.83,-59.123,0,0,0,-0.519590226040073,0.854415587991948,0,0,0,0,0,0,1753378816
1030,1753378838.59786,-46.2071283548189,-67.2629981741156,0,0,0,-0.236356941578553,-0.971666298771153,0,0,0,0,0,0,1753378816,1753378838.58976,-45.83,-59.123,0,0,0,-0.519590226040073,0.854415587991948,0,0,0,0,0,0,1753378816
1031,1753378838.60578,-46.2071283548189,-67.2629981741156,0,0,0,-0.236356941578553,-0.971666298771153,0,0,0,0,0,0,1753378816,1753378838.59792,-45.83,-59.123,0,0,0,-0.519590226040073,0.854415587991948,0,0,0,0,0,0,1753378816
1032,1753378838.61403,-46.2071283548189,-67.2629981741156,0,0,0,-0.236356941578553,-0.971666298771153,0,0,0,0,0,0,1753378816,1753378838.60581,-45.83,-59.123,0,0,0,-0.519590226040073,0.854415587991948,0,0,0,0,0,0,1753378816
1033,1753378838.62231,-46.2071283548189,-67.2629981741156,0,0,0,-0.236356941578553,-0.971666298771153,0,0,0,0,0,0,1753378816,1753378838.61406,-45.83,-59.123,0,0,0,-0.519590226040073,0.854415587991948,0,0,0,0,0,0,1753378816
1034,1753378838.63076,-46.2071283548189,-67.2629981741156,0,0,0,-0.236356941578553,-0.971666298771153,0,0,0,0,0,0,1753378816,1753378838.62233,-45.83,-59.123,0,0,0,-0.519590226040073,0.854415587991948,0,0,0,0,0,0,1753378816
1035,1753378838.63909,-46.2071283548189,-67.2629981741156,0,0,0,-0.236356941578553,-0.971666298771153,0,0,0,0,0,0,1753378816,1753378838.63079,-45.83,-59.123,0,0,0,-0.519590226040073,0.854415587991948,0,0,0,0,0,0,1753378816
1036,1753378838.64751,-46.2071283548189,-67.2629981741156,0,0,0,-0.236356941578553,-0.971666298771153,0,0,0,0,0,0,1753378816,1753378838.63911,-45.83,-59.123,0,0,0,-0.519590226040073,0.854415587991948,0,0,0,0,0,0,1753378816
1037,1753378838.6558,-46.2071283548189,-67.2629981741156,0,0,0,-0.236356941578553,-0.971666298771153,0,0,0,0,0,0,1753378816,1753378838.64754,-45.83,-59.123,0,0,0,-0.519590226040073,0.854415587991948,0,0,0,0,0,0,1753378816
1038,1753378838.66405,-46.2071283548189,-67.2629981741156,0,0,0,-0.236356941578553,-0.971666298771153,0,0,0,0,0,0,1753378816,1753378838.65582,-45.83,-59.123,0,0,0,-0.519590226040073,0.854415587991948,0,0,0,0,0,0,1753378816
1039,1753378838.67282,-46.2071283548189,-67.2629981741156,0,0,0,-0.236356941578553,-0.971666298771153,0,0,0,0,0,0,1753378816,1753378838.66407,-45.83,-59.123,0,0,0,-0.519590226040073,0.854415587991948,0,0,0,0,0,0,1753378816
1040,1753378838.68087,-46.2071283548189,-67.2629981741156,0,0,0,-0.236356941578553,-0.971666298771153,0,0,0,0,0,0,1753378816,1753378838.67285,-45.83,-59.123,0,0,0,-0.519590226040073,0.854415587991948,0,0,0,0,0,0,1753378816
1041,1753378838.68905,-46.2071283548189,-67.2629981741156,0,0,0,-0.236356941578553,-0.971666298771153,0,0,0,0,0,0,1753378816,1753378838.6809,-45.83,-59.123,0,0,0,-0.519590226040073,0.854415587991948,0,0,0,0,0,0,1753378816
1042,1753378838.69782,-46.2071283548189,-67.2629981741156,0,0,0,-0.236356941578553,-0.971666298771153,0,0,0,0,0,0,1753378816,1753378838.68909,-45.83,-59.123,0,0,0,-0.519590226040073,0.854415587991948,0,0,0,0,0,0,1753378816
1043,1753378838.70605,-46.2071283548189,-67.2629981741156,0,0,0,-0.236356941578553,-0.971666298771153,0,0,0,0,0,0,1753378816,1753378838.69785,-45.83,-59.123,0,0,0,-0.519590226040073,0.854415587991948,0,0,0,0,0,0,1753378816
1044,1753378838.71421,-46.2071283548189,-67.2629981741156,0,0,0,-0.236356941578553,-0.971666298771153,0,0,0,0,0,0,1753378816,1753378838.70614,-45.83,-59.123,0,0,0,-0.519590226040073,0.854415587991948,0,0,0,0,0,0,1753378816
1045,1753378838.72262,-46.2071283548189,-67.2629981741156,0,0,0,-0.236356941578553,-0.971666298771153,0,0,0,0,0,0,1753378816,1753378838.71426,-45.83,-59.123,0,0,0,-0.519590226040073,0.854415587991948,0,0,0,0,0,0,1753378816
1046,1753378838.73103,-46.2071283548189,-67.2629981741156,0,0,0,-0.236356941578553,-0.971666298771153,0,0,0,0,0,0,1753378816,1753378838.72266,-45.83,-59.123,0,0,0,-0.519590226040073,0.854415587991948,0,0,0,0,0,0,1753378816
1047,1753378838.73904,-46.2071283548189,-67.2629981741156,0,0,0,-0.236356941578553,-0.971666298771153,0,0,0,0,0,0,1753378816,1753378838.73107,-45.83,-59.123,0,0,0,-0.519590226040073,0.854415587991948,0,0,0,0,0,0,1753378816
1048,1753378838.74745,-46.2071283548189,-67.2629981741156,0,0,0,-0.236356941578553,-0.971666298771153,0,0,0,0,0,0,1753378816,1753378838.73906,-45.83,-59.123,0,0,0,-0.519590226040073,0.854415587991948,0,0,0,0,0,0,1753378816
1049,1753378838.75566,-46.2071283548189,-67.2629981741156,0,0,0,-0.236356941578553,-0.971666298771153,0,0,0,0,0,0,1753378816,1753378838.74747,-45.83,-59.123,0,0,0,-0.519590226040073,0.854415587991948,0,0,0,0,0,0,1753378816
1050,1753378838.76398,-46.2071283548189,-67.2629981741156,0,0,0,-0.236356941578553,-0.971666298771153,0,0,0,0,0,0,1753378816,1753378838.75569,-45.83,-59.123,0,0,0,-0.519590226040073,0.854415587991948,0,0,0,0,0,0,1753378816
1051,1753378838.77226,-46.2071283548189,-67.2629981741156,0,0,0,-0.236356941578553,-0.971666298771153,0,0,0,0,0,0,1753378816,1753378838.76401,-45.83,-59.123,0,0,0,-0.519590226040073,0.854415587991948,0,0,0,0,0,0,1753378816
1052,1753378838.78079,-46.2071283548189,-67.2629981741156,0,0,0,-0.236356941578553,-0.971666298771153,0,0,0,0,0,0,1753378816,1753378838.77228,-45.83,-59.123,0,0,0,-0.519590226040073,0.854415587991948,0,0,0,0,0,0,1753378816
1053,1753378838.7891,-46.2071283548189,-67.2629981741156,0,0,0,-0.236356941578553,-0.971666298771153,0,0,0,0,0,0,1753378816,1753378838.78082,-45.83,-59.123,0,0,0,-0.519590226040073,0.854415587991948,0,0,0,0,0,0,1753378816
1054,1753378838.79743,-46.2071283548189,-67.2629981741156,0,0,0,-0.236356941578553,-0.971666298771153,0,0,0,0,0,0,1753378816,1753378838.78912,-45.83,-59.123,0,0,0,-0.519590226040073,0.854415587991948,0,0,0,0,0,0,1753378816
1055,1753378838.80596,-46.2071283548189,-67.2629981741156,0,0,0,-0.236356941578553,-0.971666298771153,0,0,0,0,0,0,1753378816,1753378838.79745,-45.83,-59.123,0,0,0,-0.519590226040073,0.854415587991948,0,0,0,0,0,0,1753378816
1056,1753378838.81422,-46.2071283548189,-67.2629981741156,0,0,0,-0.236356941578553,-0.971666298771153,0,0,0,0,0,0,1753378816,1753378838.806,-45.83,-59.123,0,0,0,-0.519590226040073,0.854415587991948,0,0,0,0,0,0,1753378816
1057,1753378838.82265,-46.2071283548189,-67.2629981741156,0,0,0,-0.236356941578553,-0.971666298771153,0,0,0,0,0,0,1753378816,1753378838.81426,-45.83,-59.123,0,0,0,-0.519590226040073,0.854415587991948,0,0,0,0,0,0,1753378816
1058,1753378838.83104,-46.2071283548189,-67.2629981741156,0,0,0,-0.236356941578553,-0.971666298771153,0,0,0,0,0,0,1753378816,1753378838.8227,-45.83,-59.123,0,0,0,-0.519590226040073,0.854415587991948,0,0,0,0,0,0,1753378816
1059,1753378838.83932,-46.2071283548189,-67.2629981741156,0,0,0,-0.236356941578553,-0.971666298771153,0,0,0,0,0,0,1753378816,1753378838.83109,-45.83,-59.123,0,0,0,-0.519590226040073,0.854415587991948,0,0,0,0,0,0,1753378816
1060,1753378838.84771,-46.2071283548189,-67.2629981741156,0,0,0,-0.236356941578553,-0.971666298771153,0,0,0,0,0,0,1753378816,1753378838.83937,-45.83,-59.123,0,0,0,-0.519590226040073,0.854415587991948,0,0,0,0,0,0,1753378816
1061,1753378838.85569,-46.2071283548189,-67.2629981741156,0,0,0,-0.236356941578553,-0.971666298771153,0,0,0,0,0,0,1753378816,1753378838.84776,-45.83,-59.123,0,0,0,-0.519590226040073,0.854415587991948,0,0,0,0,0,0,1753378816
1062,1753378838.86441,-46.2071283548189,-67.2629981741156,0,0,0,-0.236356941578553,-0.971666298771153,0,0,0,0,0,0,1753378816,1753378838.85572,-45.83,-59.123,0,0,0,-0.519590226040073,0.854415587991948,0,0,0,0,0,0,1753378816
1063,1753378838.87247,-46.2071283548189,-67.2629981741156,0,0,0,-0.236356941578553,-0.971666298771153,0,0,0,0,0,0,1753378816,1753378838.86447,-45.83,-59.123,0,0,0,-0.519590226040073,0.854415587991948,0,0,0,0,0,0,1753378816
1064,1753378838.88107,-46.2071283548189,-67.2629981741156,0,0,0,-0.236356941578553,-0.971666298771153,0,0,0,0,0,0,1753378816,1753378838.87251,-45.83,-59.123,0,0,0,-0.519590226040073,0.854415587991948,0,0,0,0,0,0,1753378816
1065,1753378838.88922,-46.2071283548189,-67.2629981741156,0,0,0,-0.236356941578553,-0.971666298771153,0,0,0,0,0,0,1753378816,1753378838.88111,-45.83,-59.123,0,0,0,-0.519590226040073,0.854415587991948,0,0,0,0,0,0,1753378816
1066,1753378838.89744,-46.2071283548189,-67.2629981741156,0,0,0,-0.236356941578553,-0.971666298771153,0,0,0,0,0,0,1753378816,1753378838.88926,-45.83,-59.123,0,0,0,-0.519590226040073,0.854415587991948,0,0,0,0,0,0,1753378816
1067,1753378838.90572,-46.2071283548189,-67.2629981741156,0,0,0,-0.236356941578553,-0.971666298771153,0,0,0,0,0,0,1753378816,1753378838.89746,-45.83,-59.123,0,0,0,-0.519590226040073,0.854415587991948,0,0,0,0,0,0,1753378816
1068,1753378838.9141,-46.2071283548189,-67.2629981741156,0,0,0,-0.236356941578553,-0.971666298771153,0,0,0,0,0,0,1753378816,1753378838.90574,-45.83,-59.123,0,0,0,-0.519590226040073,0.854415587991948,0,0,0,0,0,0,1753378816
1069,1753378838.92231,-46.2071283548189,-67.2629981741156,0,0,0,-0.236356941578553,-0.971666298771153,0,0,0,0,0,0,1753378816,1753378838.91412,-45.83,-59.123,0,0,0,-0.519590226040073,0.854415587991948,0,0,0,0,0,0,1753378816
1070,1753378838.93113,-46.2071283548189,-67.2629981741156,0,0,0,-0.236356941578553,-0.971666298771153,0,0,0,0,0,0,1753378816,1753378838.92233,-45.83,-59.123,0,0,0,-0.519590226040073,0.854415587991948,0,0,0,0,0,0,1753378816
1071,1753378838.93897,-46.2071283548189,-67.2629981741156,0,0,0,-0.236356941578553,-0.971666298771153,0,0,0,0,0,0,1753378816,1753378838.93118,-45.83,-59.123,0,0,0,-0.519590226040073,0.854415587991948,0,0,0,0,0,0,1753378816
1072,1753378838.94746,-46.2071283548189,-67.2629981741156,0,0,0,-0.236356941578553,-0.971666298771153,0,0,0,0,0,0,1753378816,1753378838.939,-45.83,-59.123,0,0,0,-0.519590226040073,0.854415587991948,0,0,0,0,0,0,1753378816
1073,1753378838.9557,-46.2071283548189,-67.2629981741156,0,0,0,-0.236356941578553,-0.971666298771153,0,0,0,0,0,0,1753378816,1753378838.94748,-45.83,-59.123,0,0,0,-0.519590226040073,0.854415587991948,0,0,0,0,0,0,1753378816
1074,1753378838.96431,-46.2071283548189,-67.2629981741156,0,0,0,-0.236356941578553,-0.971666298771153,0,0,0,0,0,0,1753378816,1753378838.95572,-45.83,-59.123,0,0,0,-0.519590226040073,0.854415587991948,0,0,0,0,0,0,1753378816
1075,1753378838.97273,-46.2071283548189,-67.2629981741156,0,0,0,-0.236356941578553,-0.971666298771153,0,0,0,0,0,0,1753378816,1753378838.96435,-45.83,-59.123,0,0,0,-0.519590226040073,0.854415587991948,0,0,0,0,0,0,1753378816
1076,1753378838.98108,-46.2071283548189,-67.2629981741156,0,0,0,-0.236356941578553,-0.971666298771153,0,0,0,0,0,0,1753378816,1753378838.97277,-45.83,-59.123,0,0,0,-0.519590226040073,0.854415587991948,0,0,0,0,0,0,1753378816
1077,1753378838.98923,-46.2071283548189,-67.2629981741156,0,0,0,-0.236356941578553,-0.971666298771153,0,0,0,0,0,0,1753378816,1753378838.98112,-45.83,-59.123,0,0,0,-0.519590226040073,0.854415587991948,0,0,0,0,0,0,1753378816
1078,1753378838.99756,-46.2071283548189,-67.2629981741156,0,0,0,-0.236356941578553,-0.971666298771153,0,0,0,0,0,0,1753378816,1753378838.98926,-45.83,-59.123,0,0,0,-0.519590226040073,0.854415587991948,0,0,0,0,0,0,1753378816
1079,1753378839.00568,-46.2071283548189,-67.2629981741156,0,0,0,-0.236356941578553,-0.971666298771153,0,0,0,0,0,0,1753378816,1753378838.99759,-45.83,-59.123,0,0,0,-0.519590226040073,0.854415587991948,0,0,0,0,0,0,1753378816
1080,1753378839.0142,-46.2071283548189,-67.2629981741156,0,0,0,-0.236356941578553,-0.971666298771153,0,0,0,0,0,0,1753378816,1753378839.00571,-45.83,-59.123,0,0,0,-0.519590226040073,0.854415587991948,0,0,0,0,0,0,1753378816
1081,1753378839.0225,-46.2071283548189,-67.2629981741156,0,0,0,-0.236356941578553,-0.971666298771153,0,0,0,0,0,0,1753378816,1753378839.01423,-45.83,-59.123,0,0,0,-0.519590226040073,0.854415587991948,0,0,0,0,0,0,1753378816
1082,1753378839.03088,-46.2071283548189,-67.2629981741156,0,0,0,-0.236356941578553,-0.971666298771153,0,0,0,0,0,0,1753378816,1753378839.02253,-45.83,-59.123,0,0,0,-0.519590226040073,0.854415587991948,0,0,0,0,0,0,1753378816
1083,1753378839.03914,-46.2071283548189,-67.2629981741156,0,0,0,-0.236356941578553,-0.971666298771153,0,0,0,0,0,0,1753378816,1753378839.03091,-45.83,-59.123,0,0,0,-0.519590226040073,0.854415587991948,0,0,0,0,0,0,1753378816
1084,1753378839.04743,-46.2071283548189,-67.2629981741156,0,0,0,-0.236356941578553,-0.971666298771153,0,0,0,0,0,0,1753378816,1753378839.03917,-45.83,-59.123,0,0,0,-0.519590226040073,0.854415587991948,0,0,0,0,0,0,1753378816
1085,1753378839.05582,-46.2071283548189,-67.2629981741156,0,0,0,-0.236356941578553,-0.971666298771153,0,0,0,0,0,0,1753378816,1753378839.04745,-45.83,-59.123,0,0,0,-0.519590226040073,0.854415587991948,0,0,0,0,0,0,1753378816
1086,1753378839.06405,-46.2071283548189,-67.2629981741156,0,0,0,-0.236356941578553,-0.971666298771153,0,0,0,0,0,0,1753378816,1753378839.05584,-45.83,-59.123,0,0,0,-0.519590226040073,0.854415587991948,0,0,0,0,0,0,1753378816
1087,1753378839.07225,-46.2071283548189,-67.2629981741156,0,0,0,-0.236356941578553,-0.971666298771153,0,0,0,0,0,0,1753378816,1753378839.06408,-45.83,-59.123,0,0,0,-0.519590226040073,0.854415587991948,0,0,0,0,0,0,1753378816
1088,1753378839.08091,-46.2071283548189,-67.2629981741156,0,0,0,-0.236356941578553,-0.971666298771153,0,0,0,0,0,0,1753378816,1753378839.07227,-45.83,-59.123,0,0,0,-0.519590226040073,0.854415587991948,0,0,0,0,0,0,1753378816
1089,1753378839.08906,-46.2071283548189,-67.2629981741156,0,0,0,-0.236356941578553,-0.971666298771153,0,0,0,0,0,0,1753378816,1753378839.08093,-45.83,-59.123,0,0,0,-0.519590226040073,0.854415587991948,0,0,0,0,0,0,1753378816
1090,1753378839.09746,-46.2071283548189,-67.2629981741156,0,0,0,-0.236356941578553,-0.971666298771153,0,0,0,0,0,0,1753378816,1753378839.08908,-45.83,-59.123,0,0,0,-0.519590226040073,0.854415587991948,0,0,0,0,0,0,1753378816
1091,1753378839.10582,-46.2071283548189,-67.2629981741156,0,0,0,-0.236356941578553,-0.971666298771153,0,0,0,0,0,0,1753378816,1753378839.09748,-45.83,-59.123,0,0,0,-0.519590226040073,0.854415587991948,0,0,0,0,0,0,1753378816
1092,1753378839.11429,-46.2071283548189,-67.2629981741156,0,0,0,-0.236356941578553,-0.971666298771153,0,0,0,0,0,0,1753378816,1753378839.10584,-45.83,-59.123,0,0,0,-0.519590226040073,0.854415587991948,0,0,0,0,0,0,1753378816
1093,1753378839.12288,-46.2071283548189,-67.2629981741156,0,0,0,-0.236356941578553,-0.971666298771153,0,0,0,0,0,0,1753378816,1753378839.11433,-45.83,-59.123,0,0,0,-0.519590226040073,0.854415587991948,0,0,0,0,0,0,1753378816
1094,1753378839.13101,-46.2071283548189,-67.2629981741156,0,0,0,-0.236356941578553,-0.971666298771153,0,0,0,0,0,0,1753378816,1753378839.12292,-45.83,-59.123,0,0,0,-0.519590226040073,0.854415587991948,0,0,0,0,0,0,1753378816
1095,1753378839.13945,-46.2071283548189,-67.2629981741156,0,0,0,-0.236356941578553,-0.971666298771153,0,0,0,0,0,0,1753378816,1753378839.13106,-45.83,-59.123,0,0,0,-0.519590226040073,0.854415587991948,0,0,0,0,0,0,1753378816
1096,1753378839.14856,-46.2071283548189,-67.2629981741156,0,0,0,-0.236356941578553,-0.971666298771153,0,0,0,0,0,0,1753378816,1753378839.1395,-45.83,-59.123,0,0,0,-0.519590226040073,0.854415587991948,0,0,0,0,0,0,1753378816
1097,1753378839.15637,-46.2071283548189,-67.2629981741156,0,0,0,-0.236356941578553,-0.971666298771153,0,0,0,0,0,0,1753378816,1753378839.14864,-45.83,-59.123,0,0,0,-0.519590226040073,0.854415587991948,0,0,0,0,0,0,1753378816
1098,1753378839.16422,-46.2071283548189,-67.2629981741156,0,0,0,-0.236356941578553,-0.971666298771153,0,0,0,0,0,0,1753378816,1753378839.15644,-45.83,-59.123,0,0,0,-0.519590226040073,0.854415587991948,0,0,0,0,0,0,1753378816
1099,1753378839.17257,-46.2071283548189,-67.2629981741156,0,0,0,-0.236356941578553,-0.971666298771153,0,0,0,0,0,0,1753378816,1753378839.16426,-45.83,-59.123,0,0,0,-0.519590226040073,0.854415587991948,0,0,0,0,0,0,1753378816
1100,1753378839.18085,-46.2071283548189,-67.2629981741156,0,0,0,-0.236356941578553,-0.971666298771153,0,0,0,0,0,0,1753378816,1753378839.1726,-45.83,-59.123,0,0,0,-0.519590226040073,0.854415587991948,0,0,0,0,0,0,1753378816
1101,1753378839.18931,-46.2071283548189,-67.2629981741156,0,0,0,-0.236356941578553,-0.971666298771153,0,0,0,0,0,0,1753378816,1753378839.18087,-45.83,-59.123,0,0,0,-0.519590226040073,0.854415587991948,0,0,0,0,0,0,1753378816
1102,1753378839.19759,-46.2071283548189,-67.2629981741156,0,0,0,-0.236356941578553,-0.971666298771153,0,0,0,0,0,0,1753378816,1753378839.18935,-45.83,-59.123,0,0,0,-0.519590226040073,0.854415587991948,0,0,0,0,0,0,1753378816
1103,1753378839.20574,-46.2071283548189,-67.2629981741156,0,0,0,-0.236356941578553,-0.971666298771153,0,0,0,0,0,0,1753378816,1753378839.19761,-45.83,-59.123,0,0,0,-0.519590226040073,0.854415587991948,0,0,0,0,0,0,1753378816
1104,1753378839.21429,-46.2071283548189,-67.2629981741156,0,0,0,-0.236356941578553,-0.971666298771153,0,0,0,0,0,0,1753378816,1753378839.20576,-45.83,-59.123,0,0,0,-0.519590226040073,0.854415587991948,0,0,0,0,0,0,1753378816
1105,1753378839.22239,-46.2071283548189,-67.2629981741156,0,0,0,-0.236356941578553,-0.971666298771153,0,0,0,0,0,0,1753378816,1753378839.21431,-45.83,-59.123,0,0,0,-0.519590226040073,0.854415587991948,0,0,0,0,0,0,1753378816
1106,1753378839.23076,-46.2071283548189,-67.2629981741156,0,0,0,-0.236356941578553,-0.971666298771153,0,0,0,0,0,0,1753378816,1753378839.22242,-45.83,-59.123,0,0,0,-0.519590226040073,0.854415587991948,0,0,0,0,0,0,1753378816
1107,1753378839.23935,-46.2071283548189,-67.2629981741156,0,0,0,-0.236356941578553,-0.971666298771153,0,0,0,0,0,0,1753378816,1753378839.23079,-45.83,-59.123,0,0,0,-0.519590226040073,0.854415587991948,0,0,0,0,0,0,1753378816
1108,1753378839.24775,-46.2071283548189,-67.2629981741156,0,0,0,-0.236356941578553,-0.971666298771153,0,0,0,0,0,0,1753378816,1753378839.23939,-45.83,-59.123,0,0,0,-0.519590226040073,0.854415587991948,0,0,0,0,0,0,1753378816
1109,1753378839.25589,-46.2071283548189,-67.2629981741156,0,0,0,-0.236356941578553,-0.971666298771153,0,0,0,0,0,0,1753378816,1753378839.2478,-45.83,-59.123,0,0,0,-0.519590226040073,0.854415587991948,0,0,0,0,0,0,1753378816
1110,1753378839.26399,-46.2071283548189,-67.2629981741156,0,0,0,-0.236356941578553,-0.971666298771153,0,0,0,0,0,0,1753378816,1753378839.25593,-45.83,-59.123,0,0,0,-0.519590226040073,0.854415587991948,0,0,0,0,0,0,1753378816
1111,1753378839.27282,-46.2071283548189,-67.2629981741156,0,0,0,-0.236356941578553,-0.971666298771153,0,0,0,0,0,0,1753378816,1753378839.26402,-45.83,-59.123,0,0,0,-0.519590226040073,0.854415587991948,0,0,0,0,0,0,1753378816
1112,1753378839.28101,-46.2071283548189,-67.2629981741156,0,0,0,-0.236356941578553,-0.971666298771153,0,0,0,0,0,0,1753378816,1753378839.27286,-45.83,-59.123,0,0,0,-0.519590226040073,0.854415587991948,0,0,0,0,0,0,1753378816
1113,1753378839.28906,-46.2071283548189,-67.2629981741156,0,0,0,-0.236356941578553,-0.971666298771153,0,0,0,0,0,0,1753378816,1753378839.28105,-45.83,-59.123,0,0,0,-0.519590226040073,0.854415587991948,0,0,0,0,0,0,1753378816
1114,1753378839.29782,-46.2071283548189,-67.2629981741156,0,0,0,-0.236356941578553,-0.971666298771153,0,0,0,0,0,0,1753378816,1753378839.28909,-45.83,-59.123,0,0,0,-0.519590226040073,0.854415587991948,0,0,0,0,0,0,1753378816
1115,1753378839.30584,-46.2071283548189,-67.2629981741156,0,0,0,-0.236356941578553,-0.971666298771153,0,0,0,0,0,0,1753378816,1753378839.29786,-45.83,-59.123,0,0,0,-0.519590226040073,0.854415587991948,0,0,0,0,0,0,1753378816
1116,1753378839.31416,-46.2071283548189,-67.2629981741156,0,0,0,-0.236356941578553,-0.971666298771153,0,0,0,0,0,0,1753378816,1753378839.30586,-45.83,-59.123,0,0,0,-0.519590226040073,0.854415587991948,0,0,0,0,0,0,1753378816
1117,1753378839.32225,-46.2071283548189,-67.2629981741156,0,0,0,-0.236356941578553,-0.971666298771153,0,0,0,0,0,0,1753378816,1753378839.31418,-45.83,-59.123,0,0,0,-0.519590226040073,0.854415587991948,0,0,0,0,0,0,1753378816
1118,1753378839.33093,-46.2071283548189,-67.2629981741156,0,0,0,-0.236356941578553,-0.971666298771153,0,0,0,0,0,0,1753378816,1753378839.32227,-45.83,-59.123,0,0,0,-0.519590226040073,0.854415587991948,0,0,0,0,0,0,1753378816
1119,1753378839.339,-46.2071283548189,-67.2629981741156,0,0,0,-0.236356941578553,-0.971666298771153,0,0,0,0,0,0,1753378816,1753378839.33095,-45.83,-59.123,0,0,0,-0.519590226040073,0.854415587991948,0,0,0,0,0,0,1753378816
1120,1753378839.34768,-46.2071283548189,-67.2629981741156,0,0,0,-0.236356941578553,-0.971666298771153,0,0,0,0,0,0,1753378816,1753378839.33903,-45.83,-59.123,0,0,0,-0.519590226040073,0.854415587991948,0,0,0,0,0,0,1753378816
1121,1753378839.35583,-46.2071283548189,-67.2629981741156,0,0,0,-0.236356941578553,-0.971666298771153,0,0,0,0,0,0,1753378816,1753378839.34773,-45.83,-59.123,0,0,0,-0.519590226040073,0.854415587991948,0,0,0,0,0,0,1753378816
1122,1753378839.36401,-46.2071283548189,-67.2629981741156,0,0,0,-0.236356941578553,-0.971666298771153,0,0,0,0,0,0,1753378816,1753378839.35586,-45.83,-59.123,0,0,0,-0.519590226040073,0.854415587991948,0,0,0,0,0,0,1753378816
1123,1753378839.37271,-46.2071283548189,-67.2629981741156,0,0,0,-0.236356941578553,-0.971666298771153,0,0,0,0,0,0,1753378816,1753378839.36404,-45.83,-59.123,0,0,0,-0.519590226040073,0.854415587991948,0,0,0,0,0,0,1753378816
1124,1753378839.3809,-46.2071283548189,-67.2629981741156,0,0,0,-0.236356941578553,-0.971666298771153,0,0,0,0,0,0,1753378816,1753378839.37274,-45.83,-59.123,0,0,0,-0.519590226040073,0.854415587991948,0,0,0,0,0,0,1753378816
1125,1753378839.38906,-46.2071283548189,-67.2629981741156,0,0,0,-0.236356941578553,-0.971666298771153,0,0,0,0,0,0,1753378816,1753378839.38093,-45.83,-59.123,0,0,0,-0.519590226040073,0.854415587991948,0,0,0,0,0,0,1753378816
1126,1753378839.39746,-46.2071283548189,-67.2629981741156,0,0,0,-0.236356941578553,-0.971666298771153,0,0,0,0,0,0,1753378816,1753378839.38908,-45.83,-59.123,0,0,0,-0.519590226040073,0.854415587991948,0,0,0,0,0,0,1753378816
1127,1753378839.40585,-46.2071283548189,-67.2629981741156,0,0,0,-0.236356941578553,-0.971666298771153,0,0,0,0,0,0,1753378816,1753378839.39748,-45.83,-59.123,0,0,0,-0.519590226040073,0.854415587991948,0,0,0,0,0,0,1753378816
1128,1753378839.41433,-46.2071283548189,-67.2629981741156,0,0,0,-0.236356941578553,-0.971666298771153,0,0,0,0,0,0,1753378816,1753378839.40587,-45.83,-59.123,0,0,0,-0.519590226040073,0.854415587991948,0,0,0,0,0,0,1753378816
1129,1753378839.42224,-46.2071283548189,-67.2629981741156,0,0,0,-0.236356941578553,-0.971666298771153,0,0,0,0,0,0,1753378816,1753378839.41437,-45.83,-59.123,0,0,0,-0.519590226040073,0.854415587991948,0,0,0,0,0,0,1753378816
1130,1753378839.43099,-46.2071283548189,-67.2629981741156,0,0,0,-0.236356941578553,-0.971666298771153,0,0,0,0,0,0,1753378816,1753378839.42226,-45.83,-59.123,0,0,0,-0.519590226040073,0.854415587991948,0,0,0,0,0,0,1753378816
1131,1753378839.43911,-46.2071283548189,-67.2629981741156,0,0,0,-0.236356941578553,-0.971666298771153,0,0,0,0,0,0,1753378816,1753378839.43102,-45.83,-59.123,0,0,0,-0.519590226040073,0.854415587991948,0,0,0,0,0,0,1753378816
1132,1753378839.44743,-46.2071283548189,-67.2629981741156,0,0,0,-0.236356941578553,-0.971666298771153,0,0,0,0,0,0,1753378816,1753378839.43914,-45.83,-59.123,0,0,0,-0.519590226040073,0.854415587991948,0,0,0,0,0,0,1753378816
1133,1753378839.45586,-46.2071283548189,-67.2629981741156,0,0,0,-0.236356941578553,-0.971666298771153,0,0,0,0,0,0,1753378816,1753378839.44745,-45.83,-59.123,0,0,0,-0.519590226040073,0.854415587991948,0,0,0,0,0,0,1753378816
1134,1753378839.46418,-46.2071283548189,-67.2629981741156,0,0,0,-0.236356941578553,-0.971666298771153,0,0,0,0,0,0,1753378816,1753378839.45588,-45.83,-59.123,0,0,0,-0.519590226040073,0.854415587991948,0,0,0,0,0,0,1753378816
1135,1753378839.47218,-46.2071283548189,-67.2629981741156,0,0,0,-0.236356941578553,-0.971666298771153,0,0,0,0,0,0,1753378816,1753378839.46421,-45.83,-59.123,0,0,0,-0.519590226040073,0.854415587991948,0,0,0,0,0,0,1753378816
1136,1753378839.48081,-46.2071283548189,-67.2629981741156,0,0,0,-0.236356941578553,-0.971666298771153,0,0,0,0,0,0,1753378816,1753378839.4722,-45.83,-59.123,0,0,0,-0.519590226040073,0.854415587991948,0,0,0,0,0,0,1753378816
1137,1753378839.48907,-46.2071283548189,-67.2629981741156,0,0,0,-0.236356941578553,-0.971666298771153,0,0,0,0,0,0,1753378816,1753378839.48085,-45.83,-59.123,0,0,0,-0.519590226040073,0.854415587991948,0,0,0,0,0,0,1753378816
1138,1753378839.49758,-46.2071283548189,-67.2629981741156,0,0,0,-0.236356941578553,-0.971666298771153,0,0,0,0,0,0,1753378816,1753378839.4891,-45.83,-59.123,0,0,0,-0.519590226040073,0.854415587991948,0,0,0,0,0,0,1753378816
1139,1753378839.50582,-46.2071283548189,-67.2629981741156,0,0,0,-0.236356941578553,-0.971666298771153,0,0,0,0,0,0,1753378816,1753378839.4976,-45.83,-59.123,0,0,0,-0.519590226040073,0.854415587991948,0,0,0,0,0,0,1753378816
1140,1753378839.51415,-46.2071283548189,-67.2629981741156,0,0,0,-0.236356941578553,-0.971666298771153,0,0,0,0,0,0,1753378816,1753378839.50584,-45.83,-59.123,0,0,0,-0.519590226040073,0.854415587991948,0,0,0,0,0,0,1753378816
1141,1753378839.52231,-46.2071283548189,-67.2629981741156,0,0,0,-0.236356941578553,-0.971666298771153,0,0,0,0,0,0,1753378816,1753378839.51418,-45.83,-59.123,0,0,0,-0.519590226040073,0.854415587991948,0,0,0,0,0,0,1753378816
1142,1753378839.53088,-46.2071283548189,-67.2629981741156,0,0,0,-0.236356941578553,-0.971666298771153,0,0,0,0,0,0,1753378816,1753378839.52233,-45.83,-59.123,0,0,0,-0.519590226040073,0.854415587991948,0,0,0,0,0,0,1753378816
1143,1753378839.53915,-46.2071283548189,-67.2629981741156,0,0,0,-0.236356941578553,-0.971666298771153,0,0,0,0,0,0,1753378816,1753378839.53091,-45.83,-59.123,0,0,0,-0.519590226040073,0.854415587991948,0,0,0,0,0,0,1753378816
1144,1753378839.54751,-46.2071283548189,-67.2629981741156,0,0,0,-0.236356941578553,-0.971666298771153,0,0,0,0,0,0,1753378816,1753378839.53918,-45.83,-59.123,0,0,0,-0.519590226040073,0.854415587991948,0,0,0,0,0,0,1753378816
1145,1753378839.55567,-46.2071283548189,-67.2629981741156,0,0,0,-0.236356941578553,-0.971666298771153,0,0,0,0,0,0,1753378816,1753378839.54753,-45.83,-59.123,0,0,0,-0.519590226040073,0.854415587991948,0,0,0,0,0,0,1753378816
1146,1753378839.56438,-46.2071283548189,-67.2629981741156,0,0,0,-0.236356941578553,-0.971666298771153,0,0,0,0,0,0,1753378816,1753378839.55569,-45.83,-59.123,0,0,0,-0.519590226040073,0.854415587991948,0,0,0,0,0,0,1753378816
1147,1753378839.57232,-46.2071283548189,-67.2629981741156,0,0,0,-0.236356941578553,-0.971666298771153,0,0,0,0,0,0,1753378816,1753378839.56442,-45.83,-59.123,0,0,0,-0.519590226040073,0.854415587991948,0,0,0,0,0,0,1753378816
1148,1753378839.5808,-46.2071283548189,-67.2629981741156,0,0,0,-0.236356941578553,-0.971666298771153,0,0,0,0,0,0,1753378816,1753378839.57235,-45.83,-59.123,0,0,0,-0.519590226040073,0.854415587991948,0,0,0,0,0,0,1753378816
1149,1753378839.58909,-46.2071283548189,-67.2629981741156,0,0,0,-0.236356941578553,-0.971666298771153,0,0,0,0,0,0,1753378816,1753378839.58083,-45.83,-59.123,0,0,0,-0.519590226040073,0.854415587991948,0,0,0,0,0,0,1753378816
1150,1753378839.59753,-46.2071283548189,-67.2629981741156,0,0,0,-0.236356941578553,-0.971666298771153,0,0,0,0,0,0,1753378816,1753378839.58911,-45.83,-59.123,0,0,0,-0.519590226040073,0.854415587991948,0,0,0,0,0,0,1753378816
1151,1753378839.60595,-46.2071283548189,-67.2629981741156,0,0,0,-0.236356941578553,-0.971666298771153,0,0,0,0,0,0,1753378816,1753378839.59757,-45.83,-59.123,0,0,0,-0.519590226040073,0.854415587991948,0,0,0,0,0,0,1753378816
1152,1753378839.61432,-46.2071283548189,-67.2629981741156,0,0,0,-0.236356941578553,-0.971666298771153,0,0,0,0,0,0,1753378816,1753378839.60599,-45.83,-59.123,0,0,0,-0.519590226040073,0.854415587991948,0,0,0,0,0,0,1753378816
1153,1753378839.62274,-46.2071283548189,-67.2629981741156,0,0,0,-0.236356941578553,-0.971666298771153,0,0,0,0,0,0,1753378816,1753378839.61436,-45.83,-59.123,0,0,0,-0.519590226040073,0.854415587991948,0,0,0,0,0,0,1753378816
1154,1753378839.63119,-46.2071283548189,-67.2629981741156,0,0,0,-0.236356941578553,-0.971666298771153,0,0,0,0,0,0,1753378816,1753378839.62279,-45.83,-59.123,0,0,0,-0.519590226040073,0.854415587991948,0,0,0,0,0,0,1753378816
1155,1753378839.63907,-46.2071283548189,-67.2629981741156,0,0,0,-0.236356941578553,-0.971666298771153,0,0,0,0,0,0,1753378816,1753378839.63123,-45.83,-59.123,0,0,0,-0.519590226040073,0.854415587991948,0,0,0,0,0,0,1753378816
1156,1753378839.64748,-46.2071283548189,-67.2629981741156,0,0,0,-0.236356941578553,-0.971666298771153,0,0,0,0,0,0,1753378816,1753378839.63909,-45.83,-59.123,0,0,0,-0.519590226040073,0.854415587991948,0,0,0,0,0,0,1753378816
1157,1753378839.65586,-46.2071283548189,-67.2629981741156,0,0,0,-0.236356941578553,-0.971666298771153,0,0,0,0,0,0,1753378816,1753378839.6475,-45.83,-59.123,0,0,0,-0.519590226040073,0.854415587991948,0,0,0,0,0,0,1753378816
1158,1753378839.66484,-46.2071283548189,-67.2629981741156,0,0,0,-0.236356941578553,-0.971666298771153,0,0,0,0,0,0,1753378816,1753378839.65589,-45.83,-59.123,0,0,0,-0.519590226040073,0.854415587991948,0,0,0,0,0,0,1753378816
1159,1753378839.67242,-46.2071283548189,-67.2629981741156,0,0,0,-0.236356941578553,-0.971666298771153,0,0,0,0,0,0,1753378816,1753378839.66489,-45.83,-59.123,0,0,0,-0.519590226040073,0.854415587991948,0,0,0,0,0,0,1753378816
1160,1753378839.68084,-46.2071283548189,-67.2629981741156,0,0,0,-0.236356941578553,-0.971666298771153,0,0,0,0,0,0,1753378816,1753378839.67244,-45.83,-59.123,0,0,0,-0.519590226040073,0.854415587991948,0,0,0,0,0,0,1753378816
1161,1753378839.68939,-46.2071283548189,-67.2629981741156,0,0,0,-0.236356941578553,-0.971666298771153,0,0,0,0,0,0,1753378816,1753378839.68086,-45.83,-59.123,0,0,0,-0.519590226040073,0.854415587991948,0,0,0,0,0,0,1753378816
1162,1753378839.69784,-46.2071283548189,-67.2629981741156,0,0,0,-0.236356941578553,-0.971666298771153,0,0,0,0,0,0,1753378816,1753378839.68943,-45.83,-59.123,0,0,0,-0.519590226040073,0.854415587991948,0,0,0,0,0,0,1753378816
1163,1753378839.70602,-46.2071283548189,-67.2629981741156,0,0,0,-0.236356941578553,-0.971666298771153,0,0,0,0,0,0,1753378816,1753378839.69788,-45.83,-59.123,0,0,0,-0.519590226040073,0.854415587991948,0,0,0,0,0,0,1753378816
1164,1753378839.71434,-46.2071283548189,-67.2629981741156,0,0,0,-0.236356941578553,-0.971666298771153,0,0,0,0,0,0,1753378816,1753378839.70606,-45.83,-59.123,0,0,0,-0.519590226040073,0.854415587991948,0,0,0,0,0,0,1753378816
1165,1753378839.72259,-46.2071283548189,-67.2629981741156,0,0,0,-0.236356941578553,-0.971666298771153,0,0,0,0,0,0,1753378816,1753378839.71437,-45.83,-59.123,0,0,0,-0.519590226040073,0.854415587991948,0,0,0,0,0,0,1753378816
1166,1753378839.73075,-46.2071283548189,-67.2629981741156,0,0,0,-0.236356941578553,-0.971666298771153,0,0,0,0,0,0,1753378816,1753378839.72261,-45.83,-59.123,0,0,0,-0.519590226040073,0.854415587991948,0,0,0,0,0,0,1753378816
1167,1753378839.73937,-46.2071283548189,-67.2629981741156,0,0,0,-0.236356941578553,-0.971666298771153,0,0,0,0,0,0,1753378816,1753378839.73078,-45.83,-59.123,0,0,0,-0.519590226040073,0.854415587991948,0,0,0,0,0,0,1753378816
1168,1753378839.74771,-46.2071283548189,-67.2629981741156,0,0,0,-0.236356941578553,-0.971666298771153,0,0,0,0,0,0,1753378816,1753378839.73941,-45.83,-59.123,0,0,0,-0.519590226040073,0.854415587991948,0,0,0,0,0,0,1753378816
1169,1753378839.75588,-46.2071283548189,-67.2629981741156,0,0,0,-0.236356941578553,-0.971666298771153,0,0,0,0,0,0,1753378816,1753378839.74776,-45.83,-59.123,0,0,0,-0.519590226040073,0.854415587991948,0,0,0,0,0,0,1753378816
1170,1753378839.76429,-46.2071283548189,-67.2629981741156,0,0,0,-0.236356941578553,-0.971666298771153,0,0,0,0,0,0,1753378816,1753378839.75592,-45.83,-59.123,0,0,0,-0.519590226040073,0.854415587991948,0,0,0,0,0,0,1753378816
1171,1753378839.77256,-46.2071283548189,-67.2629981741156,0,0,0,-0.236356941578553,-0.971666298771153,0,0,0,0,0,0,1753378816,1753378839.76433,-45.83,-59.123,0,0,0,-0.519590226040073,0.854415587991948,0,0,0,0,0,0,1753378816
1172,1753378839.78106,-46.2071283548189,-67.2629981741156,0,0,0,-0.236356941578553,-0.971666298771153,0,0,0,0,0,0,1753378816,1753378839.7726,-45.83,-59.123,0,0,0,-0.519590226040073,0.854415587991948,0,0,0,0,0,0,1753378816
1173,1753378839.78936,-46.2071283548189,-67.2629981741156,0,0,0,-0.236356941578553,-0.971666298771153,0,0,0,0,0,0,1753378816,1753378839.78111,-45.83,-59.123,0,0,0,-0.519590226040073,0.854415587991948,0,0,0,0,0,0,1753378816
1174,1753378839.79766,-46.2071283548189,-67.2629981741156,0,0,0,-0.236356941578553,-0.971666298771153,0,0,0,0,0,0,1753378816,1753378839.78941,-45.83,-59.123,0,0,0,-0.519590226040073,0.854415587991948,0,0,0,0,0,0,1753378816
1175,1753378839.8058,-46.2071283548189,-67.2629981741156,0,0,0,-0.236356941578553,-0.971666298771153,0,0,0,0,0,0,1753378816,1753378839.7977,-45.83,-59.123,0,0,0,-0.519590226040073,0.854415587991948,0,0,0,0,0,0,1753378816
1176,1753378839.81432,-46.2071283548189,-67.2629981741156,0,0,0,-0.236356941578553,-0.971666298771153,0,0,0,0,0,0,1753378816,1753378839.80583,-45.83,-59.123,0,0,0,-0.519590226040073,0.854415587991948,0,0,0,0,0,0,1753378816
1177,1753378839.82275,-46.2071283548189,-67.2629981741156,0,0,0,-0.236356941578553,-0.971666298771153,0,0,0,0,0,0,1753378816,1753378839.81436,-45.83,-59.123,0,0,0,-0.519590226040073,0.854415587991948,0,0,0,0,0,0,1753378816
1178,1753378839.83117,-46.2071283548189,-67.2629981741156,0,0,0,-0.236356941578553,-0.971666298771153,0,0,0,0,0,0,1753378816,1753378839.82279,-45.83,-59.123,0,0,0,-0.519590226040073,0.854415587991948,0,0,0,0,0,0,1753378816
1179,1753378839.839,-46.2071283548189,-67.2629981741156,0,0,0,-0.236356941578553,-0.971666298771153,0,0,0,0,0,0,1753378816,1753378839.83121,-45.83,-59.123,0,0,0,-0.519590226040073,0.854415587991948,0,0,0,0,0,0,1753378816
1180,1753378839.84774,-46.2071283548189,-67.2629981741156,0,0,0,-0.236356941578553,-0.971666298771153,0,0,0,0,0,0,1753378816,1753378839.83903,-45.83,-59.123,0,0,0,-0.519590226040073,0.854415587991948,0,0,0,0,0,0,1753378816
1181,1753378839.8557,-46.2071283548189,-67.2629981741156,0,0,0,-0.236356941578553,-0.971666298771153,0,0,0,0,0,0,1753378816,1753378839.84779,-45.83,-59.123,0,0,0,-0.519590226040073,0.854415587991948,0,0,0,0,0,0,1753378816
1182,1753378839.86394,-46.2071283548189,-67.2629981741156,0,0,0,-0.236356941578553,-0.971666298771153,0,0,0,0,0,0,1753378816,1753378839.85572,-45.83,-59.123,0,0,0,-0.519590226040073,0.854415587991948,0,0,0,0,0,0,1753378816
1183,1753378839.87251,-46.2071283548189,-67.2629981741156,0,0,0,-0.236356941578553,-0.971666298771153,0,0,0,0,0,0,1753378816,1753378839.86397,-45.83,-59.123,0,0,0,-0.519590226040073,0.854415587991948,0,0,0,0,0,0,1753378816
1184,1753378839.8808,-46.2071283548189,-67.2629981741156,0,0,0,-0.236356941578553,-0.971666298771153,0,0,0,0,0,0,1753378816,1753378839.87254,-45.83,-59.123,0,0,0,-0.519590226040073,0.854415587991948,0,0,0,0,0,0,1753378816
1185,1753378839.88902,-46.2071283548189,-67.2629981741156,0,0,0,-0.236356941578553,-0.971666298771153,0,0,0,0,0,0,1753378816,1753378839.88083,-45.83,-59.123,0,0,0,-0.519590226040073,0.854415587991948,0,0,0,0,0,0,1753378816
1186,1753378839.89755,-46.2071283548189,-67.2629981741156,0,0,0,-0.236356941578553,-0.971666298771153,0,0,0,0,0,0,1753378816,1753378839.88905,-45.83,-59.123,0,0,0,-0.519590226040073,0.854415587991948,0,0,0,0,0,0,1753378816
1187,1753378839.90578,-46.2071283548189,-67.2629981741156,0,0,0,-0.236356941578553,-0.971666298771153,0,0,0,0,0,0,1753378816,1753378839.89759,-45.83,-59.123,0,0,0,-0.519590226040073,0.854415587991948,0,0,0,0,0,0,1753378816
1188,1753378839.9144,-46.2071283548189,-67.2629981741156,0,0,0,-0.236356941578553,-0.971666298771153,0,0,0,0,0,0,1753378816,1753378839.9058,-45.83,-59.123,0,0,0,-0.519590226040073,0.854415587991948,0,0,0,0,0,0,1753378816
1189,1753378839.92233,-46.2071283548189,-67.2629981741156,0,0,0,-0.236356941578553,-0.971666298771153,0,0,0,0,0,0,1753378816,1753378839.91443,-45.83,-59.123,0,0,0,-0.519590226040073,0.854415587991948,0,0,0,0,0,0,1753378816
1190,1753378839.93077,-46.2071283548189,-67.2629981741156,0,0,0,-0.236356941578553,-0.971666298771153,0,0,0,0,0,0,1753378816,1753378839.92236,-45.83,-59.123,0,0,0,-0.519590226040073,0.854415587991948,0,0,0,0,0,0,1753378816
1191,1753378839.93942,-46.2071283548189,-67.2629981741156,0,0,0,-0.236356941578553,-0.971666298771153,0,0,0,0,0,0,1753378816,1753378839.93079,-45.83,-59.123,0,0,0,-0.519590226040073,0.854415587991948,0,0,0,0,0,0,1753378816
1192,1753378839.9477,-46.2071283548189,-67.2629981741156,0,0,0,-0.236356941578553,-0.971666298771153,0,0,0,0,0,0,1753378816,1753378839.93946,-45.83,-59.123,0,0,0,-0.519590226040073,0.854415587991948,0,0,0,0,0,0,1753378816
1193,1753378839.95586,-46.2071283548189,-67.2629981741156,0,0,0,-0.236356941578553,-0.971666298771153,0,0,0,0,0,0,1753378816,1753378839.94774,-45.83,-59.123,0,0,0,-0.519590226040073,0.854415587991948,0,0,0,0,0,0,1753378816
1194,1753378839.96404,-46.2071283548189,-67.2629981741156,0,0,0,-0.236356941578553,-0.971666298771153,0,0,0,0,0,0,1753378816,1753378839.9559,-45.83,-59.123,0,0,0,-0.519590226040073,0.854415587991948,0,0,0,0,0,0,1753378816
1195,1753378839.97225,-46.2071283548189,-67.2629981741156,0,0,0,-0.236356941578553,-0.971666298771153,0,0,0,0,0,0,1753378816,1753378839.96407,-45.83,-59.123,0,0,0,-0.519590226040073,0.854415587991948,0,0,0,0,0,0,1753378816
1196,1753378839.98078,-46.2071283548189,-67.2629981741156,0,0,0,-0.236356941578553,-0.971666298771153,0,0,0,0,0,0,1753378816,1753378839.97229,-45.83,-59.123,0,0,0,-0.519590226040073,0.854415587991948,0,0,0,0,0,0,1753378816
1197,1753378839.98904,-46.2071283548189,-67.2629981741156,0,0,0,-0.236356941578553,-0.971666298771153,0,0,0,0,0,0,1753378816,1753378839.98081,-45.83,-59.123,0,0,0,-0.519590226040073,0.854415587991948,0,0,0,0,0,0,1753378816
1198,1753378839.99745,-46.2071283548189,-67.2629981741156,0,0,0,-0.236356941578553,-0.971666298771153,0,0,0,0,0,0,1753378816,1753378839.98907,-45.83,-59.123,0,0,0,-0.519590226040073,0.854415587991948,0,0,0,0,0,0,1753378816
1199,1753378840.00595,-46.2071283548189,-67.2629981741156,0,0,0,-0.236356941578553,-0.971666298771153,0,0,0,0,0,0,1753378816,1753378839.99748,-45.83,-59.123,0,0,0,-0.519590226040073,0.854415587991948,0,0,0,0,0,0,1753378816
1200,1753378840.01403,-46.2071283548189,-67.2629981741156,0,0,0,-0.236356941578553,-0.971666298771153,0,0,0,0,0,0,1753378816,1753378840.00598,-45.83,-59.123,0,0,0,-0.519590226040073,0.854415587991948,0,0,0,0,0,0,1753378816
1201,1753378840.0225,-46.2071283548189,-67.2629981741156,0,0,0,-0.236356941578553,-0.971666298771153,0,0,0,0,0,0,1753378816,1753378840.01406,-45.83,-59.123,0,0,0,-0.519590226040073,0.854415587991948,0,0,0,0,0,0,1753378816
1202,1753378840.03081,-46.2071283548189,-67.2629981741156,0,0,0,-0.236356941578553,-0.971666298771153,0,0,0,0,0,0,1753378816,1753378840.02252,-45.83,-59.123,0,0,0,-0.519590226040073,0.854415587991948,0,0,0,0,0,0,1753378816
1203,1753378840.03909,-46.2071283548189,-67.2629981741156,0,0,0,-0.236356941578553,-0.971666298771153,0,0,0,0,0,0,1753378816,1753378840.03083,-45.83,-59.123,0,0,0,-0.519590226040073,0.854415587991948,0,0,0,0,0,0,1753378816
1204,1753378840.04745,-46.2071283548189,-67.2629981741156,0,0,0,-0.236356941578553,-0.971666298771153,0,0,0,0,0,0,1753378816,1753378840.03912,-45.83,-59.123,0,0,0,-0.519590226040073,0.854415587991948,0,0,0,0,0,0,1753378816
1205,1753378840.05572,-46.2071283548189,-67.2629981741156,0,0,0,-0.236356941578553,-0.971666298771153,0,0,0,0,0,0,1753378816,1753378840.04747,-45.83,-59.123,0,0,0,-0.519590226040073,0.854415587991948,0,0,0,0,0,0,1753378816
1206,1753378840.06397,-46.2071283548189,-67.2629981741156,0,0,0,-0.236356941578553,-0.971666298771153,0,0,0,0,0,0,1753378816,1753378840.05574,-45.83,-59.123,0,0,0,-0.519590226040073,0.854415587991948,0,0,0,0,0,0,1753378816
1207,1753378840.07221,-46.2071283548189,-67.2629981741156,0,0,0,-0.236356941578553,-0.971666298771153,0,0,0,0,0,0,1753378816,1753378840.06399,-45.83,-59.123,0,0,0,-0.519590226040073,0.854415587991948,0,0,0,0,0,0,1753378816
1208,1753378840.08079,-46.2071283548189,-67.2629981741156,0,0,0,-0.236356941578553,-0.971666298771153,0,0,0,0,0,0,1753378816,1753378840.07223,-45.83,-59.123,0,0,0,-0.519590226040073,0.854415587991948,0,0,0,0,0,0,1753378816
1209,1753378840.08936,-46.2071283548189,-67.2629981741156,0,0,0,-0.236356941578553,-0.971666298771153,0,0,0,0,0,0,1753378816,1753378840.08081,-45.83,-59.123,0,0,0,-0.519590226040073,0.854415587991948,0,0,0,0,0,0,1753378816
1210,1753378840.09757,-46.2071283548189,-67.2629981741156,0,0,0,-0.236356941578553,-0.971666298771153,0,0,0,0,0,0,1753378816,1753378840.08941,-45.83,-59.123,0,0,0,-0.519590226040073,0.854415587991948,0,0,0,0,0,0,1753378816
1211,1753378840.10591,-46.2071283548189,-67.2629981741156,0,0,0,-0.236356941578553,-0.971666298771153,0,0,0,0,0,0,1753378816,1753378840.0976,-45.83,-59.123,0,0,0,-0.519590226040073,0.854415587991948,0,0,0,0,0,0,1753378816
1212,1753378840.11507,-46.2071283548189,-67.2629981741156,0,0,0,-0.236356941578553,-0.971666298771153,0,0,0,0,0,0,1753378816,1753378840.10594,-45.83,-59.123,0,0,0,-0.519590226040073,0.854415587991948,0,0,0,0,0,0,1753378816
1213,1753378840.12327,-46.2071283548189,-67.2629981741156,0,0,0,-0.236356941578553,-0.971666298771153,0,0,0,0,0,0,1753378816,1753378840.11513,-45.83,-59.123,0,0,0,-0.519590226040073,0.854415587991948,0,0,0,0,0,0,1753378816
1214,1753378840.13091,-46.2071283548189,-67.2629981741156,0,0,0,-0.236356941578553,-0.971666298771153,0,0,0,0,0,0,1753378816,1753378840.12335,-45.83,-59.123,0,0,0,-0.519590226040073,0.854415587991948,0,0,0,0,0,0,1753378816
1215,1753378840.13909,-46.2071283548189,-67.2629981741156,0,0,0,-0.236356941578553,-0.971666298771153,0,0,0,0,0,0,1753378816,1753378840.13093,-45.83,-59.123,0,0,0,-0.519590226040073,0.854415587991948,0,0,0,0,0,0,1753378816
1216,1753378840.1475,-46.2071283548189,-67.2629981741156,0,0,0,-0.236356941578553,-0.971666298771153,0,0,0,0,0,0,1753378816,1753378840.13911,-45.83,-59.123,0,0,0,-0.519590226040073,0.854415587991948,0,0,0,0,0,0,1753378816
1217,1753378840.15574,-46.2071283548189,-67.2629981741156,0,0,0,-0.236356941578553,-0.971666298771153,0,0,0,0,0,0,1753378816,1753378840.14753,-45.83,-59.123,0,0,0,-0.519590226040073,0.854415587991948,0,0,0,0,0,0,1753378816
1218,1753378840.16404,-46.2071283548189,-67.2629981741156,0,0,0,-0.236356941578553,-0.971666298771153,0,0,0,0,0,0,1753378816,1753378840.15576,-45.83,-59.123,0,0,0,-0.519590226040073,0.854415587991948,0,0,0,0,0,0,1753378816
1219,1753378840.17241,-46.2071283548189,-67.2629981741156,0,0,0,-0.236356941578553,-0.971666298771153,0,0,0,0,0,0,1753378816,1753378840.16406,-45.83,-59.123,0,0,0,-0.519590226040073,0.854415587991948,0,0,0,0,0,0,1753378816
1220,1753378840.18073,-46.2071283548189,-67.2629981741156,0,0,0,-0.236356941578553,-0.971666298771153,0,0,0,0,0,0,1753378816,1753378840.17243,-45.83,-59.123,0,0,0,-0.519590226040073,0.854415587991948,0,0,0,0,0,0,1753378816
1221,1753378840.18934,-46.2071283548189,-67.2629981741156,0,0,0,-0.236356941578553,-0.971666298771153,0,0,0,0,0,0,1753378816,1753378840.18075,-45.83,-59.123,0,0,0,-0.519590226040073,0.854415587991948,0,0,0,0,0,0,1753378816
1222,1753378840.19765,-46.2071283548189,-67.2629981741156,0,0,0,-0.236356941578553,-0.971666298771153,0,0,0,0,0,0,1753378816,1753378840.18938,-45.83,-59.123,0,0,0,-0.519590226040073,0.854415587991948,0,0,0,0,0,0,1753378816
1223,1753378840.20577,-46.2071283548189,-67.2629981741156,0,0,0,-0.236356941578553,-0.971666298771153,0,0,0,0,0,0,1753378816,1753378840.19768,-45.83,-59.123,0,0,0,-0.519590226040073,0.854415587991948,0,0,0,0,0,0,1753378816
1224,1753378840.21436,-46.2071283548189,-67.2629981741156,0,0,0,-0.236356941578553,-0.971666298771153,0,0,0,0,0,0,1753378816,1753378840.20579,-45.83,-59.123,0,0,0,-0.519590226040073,0.854415587991948,0,0,0,0,0,0,1753378816
1225,1753378840.2227,-46.2071283548189,-67.2629981741156,0,0,0,-0.236356941578553,-0.971666298771153,0,0,0,0,0,0,1753378816,1753378840.2144,-45.83,-59.123,0,0,0,-0.519590226040073,0.854415587991948,0,0,0,0,0,0,1753378816
1226,1753378840.23112,-46.2071283548189,-67.2629981741156,0,0,0,-0.236356941578553,-0.971666298771153,0,0,0,0,0,0,1753378816,1753378840.22273,-45.83,-59.123,0,0,0,-0.519590226040073,0.854415587991948,0,0,0,0,0,0,1753378816
1227,1753378840.23909,-46.2071283548189,-67.2629981741156,0,0,0,-0.236356941578553,-0.971666298771153,0,0,0,0,0,0,1753378816,1753378840.23116,-45.83,-59.123,0,0,0,-0.519590226040073,0.854415587991948,0,0,0,0,0,0,1753378816
1228,1753378840.24759,-46.2071283548189,-67.2629981741156,0,0,0,-0.236356941578553,-0.971666298771153,0,0,0,0,0,0,1753378816,1753378840.23911,-45.83,-59.123,0,0,0,-0.519590226040073,0.854415587991948,0,0,0,0,0,0,1753378816
1229,1753378840.25567,-46.2071283548189,-67.2629981741156,0,0,0,-0.236356941578553,-0.971666298771153,0,0,0,0,0,0,1753378816,1753378840.24764,-45.83,-59.123,0,0,0,-0.519590226040073,0.854415587991948,0,0,0,0,0,0,1753378816
1230,1753378840.26418,-46.2071283548189,-67.2629981741156,0,0,0,-0.236356941578553,-0.971666298771153,0,0,0,0,0,0,1753378816,1753378840.25569,-45.83,-59.123,0,0,0,-0.519590226040073,0.854415587991948,0,0,0,0,0,0,1753378816
1231,1753378840.27227,-46.2071283548189,-67.2629981741156,0,0,0,-0.236356941578553,-0.971666298771153,0,0,0,0,0,0,1753378816,1753378840.26421,-45.83,-59.123,0,0,0,-0.519590226040073,0.854415587991948,0,0,0,0,0,0,1753378816
1232,1753378840.28073,-46.2071283548189,-67.2629981741156,0,0,0,-0.236356941578553,-0.971666298771153,0,0,0,0,0,0,1753378816,1753378840.2723,-45.83,-59.123,0,0,0,-0.519590226040073,0.854415587991948,0,0,0,0,0,0,1753378816
1233,1753378840.28906,-46.2071283548189,-67.2629981741156,0,0,0,-0.236356941578553,-0.971666298771153,0,0,0,0,0,0,1753378816,1753378840.28076,-45.83,-59.123,0,0,0,-0.519590226040073,0.854415587991948,0,0,0,0,0,0,1753378816
1234,1753378840.29756,-46.2071283548189,-67.2629981741156,0,0,0,-0.236356941578553,-0.971666298771153,0,0,0,0,0,0,1753378816,1753378840.28908,-45.83,-59.123,0,0,0,-0.519590226040073,0.854415587991948,0,0,0,0,0,0,1753378816
1235,1753378840.30575,-46.2071283548189,-67.2629981741156,0,0,0,-0.236356941578553,-0.971666298771153,0,0,0,0,0,0,1753378816,1753378840.29759,-45.83,-59.123,0,0,0,-0.519590226040073,0.854415587991948,0,0,0,0,0,0,1753378816
1236,1753378840.31398,-46.2071283548189,-67.2629981741156,0,0,0,-0.236356941578553,-0.971666298771153,0,0,0,0,0,0,1753378816,1753378840.30577,-45.83,-59.123,0,0,0,-0.519590226040073,0.854415587991948,0,0,0,0,0,0,1753378816
1237,1753378840.32227,-46.2071283548189,-67.2629981741156,0,0,0,-0.236356941578553,-0.971666298771153,0,0,0,0,0,0,1753378816,1753378840.31401,-45.83,-59.123,0,0,0,-0.519590226040073,0.854415587991948,0,0,0,0,0,0,1753378816
1238,1753378840.33072,-46.2071283548189,-67.2629981741156,0,0,0,-0.236356941578553,-0.971666298771153,0,0,0,0,0,0,1753378816,1753378840.3223,-45.83,-59.123,0,0,0,-0.519590226040073,0.854415587991948,0,0,0,0,0,0,1753378816
1239,1753378840.33905,-46.2071283548189,-67.2629981741156,0,0,0,-0.236356941578553,-0.971666298771153,0,0,0,0,0,0,1753378816,1753378840.33075,-45.83,-59.123,0,0,0,-0.519590226040073,0.854415587991948,0,0,0,0,0,0,1753378816
1240,1753378840.34743,-46.2071283548189,-67.2629981741156,0,0,0,-0.236356941578553,-0.971666298771153,0,0,0,0,0,0,1753378816,1753378840.33908,-45.83,-59.123,0,0,0,-0.519590226040073,0.854415587991948,0,0,0,0,0,0,1753378816
1241,1753378840.35569,-46.2071283548189,-67.2629981741156,0,0,0,-0.236356941578553,-0.971666298771153,0,0,0,0,0,0,1753378816,1753378840.34749,-45.83,-59.123,0,0,0,-0.519590226040073,0.854415587991948,0,0,0,0,0,0,1753378816
1242,1753378840.36404,-46.2071283548189,-67.2629981741156,0,0,0,-0.236356941578553,-0.971666298771153,0,0,0,0,0,0,1753378816,1753378840.35571,-45.83,-59.123,0,0,0,-0.519590226040073,0.854415587991948,0,0,0,0,0,0,1753378816
1243,1753378840.37229,-46.2071283548189,-67.2629981741156,0,0,0,-0.236356941578553,-0.971666298771153,0,0,0,0,0,0,1753378816,1753378840.36407,-45.83,-59.123,0,0,0,-0.519590226040073,0.854415587991948,0,0,0,0,0,0,1753378816
1244,1753378840.38078,-46.2071283548189,-67.2629981741156,0,0,0,-0.236356941578553,-0.971666298771153,0,0,0,0,0,0,1753378816,1753378840.37231,-45.83,-59.123,0,0,0,-0.519590226040073,0.854415587991948,0,0,0,0,0,0,1753378816
1245,1753378840.3891,-46.2071283548189,-67.2629981741156,0,0,0,-0.236356941578553,-0.971666298771153,0,0,0,0,0,0,1753378816,1753378840.3808,-45.83,-59.123,0,0,0,-0.519590226040073,0.854415587991948,0,0,0,0,0,0,1753378816
1246,1753378840.39744,-46.2071283548189,-67.2629981741156,0,0,0,-0.236356941578553,-0.971666298771153,0,0,0,0,0,0,1753378816,1753378840.38913,-45.83,-59.123,0,0,0,-0.519590226040073,0.854415587991948,0,0,0,0,0,0,1753378816
1247,1753378840.40574,-46.2071283548189,-67.2629981741156,0,0,0,-0.236356941578553,-0.971666298771153,0,0,0,0,0,0,1753378816,1753378840.39747,-45.83,-59.123,0,0,0,-0.519590226040073,0.854415587991948,0,0,0,0,0,0,1753378816
1248,1753378840.41401,-46.2071283548189,-67.2629981741156,0,0,0,-0.236356941578553,-0.971666298771153,0,0,0,0,0,0,1753378816,1753378840.40577,-45.83,-59.123,0,0,0,-0.519590226040073,0.854415587991948,0,0,0,0,0,0,1753378816
1249,1753378840.42279,-46.2071283548189,-67.2629981741156,0,0,0,-0.236356941578553,-0.971666298771153,0,0,0,0,0,0,1753378816,1753378840.41405,-45.83,-59.123,0,0,0,-0.519590226040073,0.854415587991948,0,0,0,0,0,0,1753378816
1250,1753378840.4308,-46.2071283548189,-67.2629981741156,0,0,0,-0.236356941578553,-0.971666298771153,0,0,0,0,0,0,1753378816,1753378840.42282,-45.83,-59.123,0,0,0,-0.519590226040073,0.854415587991948,0,0,0,0,0,0,1753378816
1251,1753378840.43942,-46.2071283548189,-67.2629981741156,0,0,0,-0.236356941578553,-0.971666298771153,0,0,0,0,0,0,1753378816,1753378840.43083,-45.83,-59.123,0,0,0,-0.519590226040073,0.854415587991948,0,0,0,0,0,0,1753378816
1252,1753378840.44758,-46.2071283548189,-67.2629981741156,0,0,0,-0.236356941578553,-0.971666298771153,0,0,0,0,0,0,1753378816,1753378840.43947,-45.83,-59.123,0,0,0,-0.519590226040073,0.854415587991948,0,0,0,0,0,0,1753378816
1253,1753378840.45576,-46.2071283548189,-67.2629981741156,0,0,0,-0.236356941578553,-0.971666298771153,0,0,0,0,0,0,1753378816,1753378840.44761,-45.83,-59.123,0,0,0,-0.519590226040073,0.854415587991948,0,0,0,0,0,0,1753378816
1254,1753378840.4643,-46.2071283548189,-67.2629981741156,0,0,0,-0.236356941578553,-0.971666298771153,0,0,0,0,0,0,1753378816,1753378840.45579,-45.83,-59.123,0,0,0,-0.519590226040073,0.854415587991948,0,0,0,0,0,0,1753378816
1255,1753378840.47266,-46.2071283548189,-67.2629981741156,0,0,0,-0.236356941578553,-0.971666298771153,0,0,0,0,0,0,1753378816,1753378840.46434,-45.83,-59.123,0,0,0,-0.519590226040073,0.854415587991948,0,0,0,0,0,0,1753378816
1256,1753378840.48109,-46.2071283548189,-67.2629981741156,0,0,0,-0.236356941578553,-0.971666298771153,0,0,0,0,0,0,1753378816,1753378840.4727,-45.83,-59.123,0,0,0,-0.519590226040073,0.854415587991948,0,0,0,0,0,0,1753378816
1257,1753378840.48904,-46.2071283548189,-67.2629981741156,0,0,0,-0.236356941578553,-0.971666298771153,0,0,0,0,0,0,1753378816,1753378840.48113,-45.83,-59.123,0,0,0,-0.519590226040073,0.854415587991948,0,0,0,0,0,0,1753378816
1258,1753378840.49803,-46.2071283548189,-67.2629981741156,0,0,0,-0.236356941578553,-0.971666298771153,0,0,0,0,0,0,1753378816,1753378840.48907,-45.83,-59.123,0,0,0,-0.519590226040073,0.854415587991948,0,0,0,0,0,0,1753378816
1259,1753378840.50583,-46.2071283548189,-67.2629981741156,0,0,0,-0.236356941578553,-0.971666298771153,0,0,0,0,0,0,1753378816,1753378840.49808,-45.83,-59.123,0,0,0,-0.519590226040073,0.854415587991948,0,0,0,0,0,0,1753378816
1260,1753378840.51437,-46.2071283548189,-67.2629981741156,0,0,0,-0.236356941578553,-0.971666298771153,0,0,0,0,0,0,1753378816,1753378840.50588,-45.83,-59.123,0,0,0,-0.519590226040073,0.854415587991948,0,0,0,0,0,0,1753378816
1261,1753378840.52229,-46.2071283548189,-67.2629981741156,0,0,0,-0.236356941578553,-0.971666298771153,0,0,0,0,0,0,1753378816,1753378840.51441,-45.83,-59.123,0,0,0,-0.519590226040073,0.854415587991948,0,0,0,0,0,0,1753378816
1262,1753378840.53121,-46.2071283548189,-67.2629981741156,0,0,0,-0.236356941578553,-0.971666298771153,0,0,0,0,0,0,1753378816,1753378840.52231,-45.83,-59.123,0,0,0,-0.519590226040073,0.854415587991948,0,0,0,0,0,0,1753378816
1263,1753378840.53915,-46.2071283548189,-67.2629981741156,0,0,0,-0.236356941578553,-0.971666298771153,0,0,0,0,0,0,1753378816,1753378840.53125,-45.83,-59.123,0,0,0,-0.519590226040073,0.854415587991948,0,0,0,0,0,0,1753378816
1264,1753378840.54745,-46.2071283548189,-67.2629981741156,0,0,0,-0.236356941578553,-0.971666298771153,0,0,0,0,0,0,1753378816,1753378840.53917,-45.83,-59.123,0,0,0,-0.519590226040073,0.854415587991948,0,0,0,0,0,0,1753378816
1265,1753378840.55587,-46.2071283548189,-67.2629981741156,0,0,0,-0.236356941578553,-0.971666298771153,0,0,0,0,0,0,1753378816,1753378840.54747,-45.83,-59.123,0,0,0,-0.519590226040073,0.854415587991948,0,0,0,0,0,0,1753378816
1266,1753378840.56437,-46.2071283548189,-67.2629981741156,0,0,0,-0.236356941578553,-0.971666298771153,0,0,0,0,0,0,1753378816,1753378840.55592,-45.83,-59.123,0,0,0,-0.519590226040073,0.854415587991948,0,0,0,0,0,0,1753378816
1267,1753378840.5727,-46.2071283548189,-67.2629981741156,0,0,0,-0.236356941578553,-0.971666298771153,0,0,0,0,0,0,1753378816,1753378840.56441,-45.83,-59.123,0,0,0,-0.519590226040073,0.854415587991948,0,0,0,0,0,0,1753378816
1268,1753378840.58115,-46.2071283548189,-67.2629981741156,0,0,0,-0.236356941578553,-0.971666298771153,0,0,0,0,0,0,1753378816,1753378840.57275,-45.83,-59.123,0,0,0,-0.519590226040073,0.854415587991948,0,0,0,0,0,0,1753378816
1269,1753378840.58916,-46.2071283548189,-67.2629981741156,0,0,0,-0.236356941578553,-0.971666298771153,0,0,0,0,0,0,1753378816,1753378840.5812,-45.83,-59.123,0,0,0,-0.519590226040073,0.854415587991948,0,0,0,0,0,0,1753378816
1270,1753378840.59764,-46.2071283548189,-67.2629981741156,0,0,0,-0.236356941578553,-0.971666298771153,0,0,0,0,0,0,1753378816,1753378840.58918,-45.83,-59.123,0,0,0,-0.519590226040073,0.854415587991948,0,0,0,0,0,0,1753378816
1271,1753378840.60596,-46.2071283548189,-67.2629981741156,0,0,0,-0.236356941578553,-0.971666298771153,0,0,0,0,0,0,1753378816,1753378840.59767,-45.83,-59.123,0,0,0,-0.519590226040073,0.854415587991948,0,0,0,0,0,0,1753378816
1272,1753378840.6144,-46.2071283548189,-67.2629981741156,0,0,0,-0.236356941578553,-0.971666298771153,0,0,0,0,0,0,1753378816,1753378840.60601,-45.83,-59.123,0,0,0,-0.519590226040073,0.854415587991948,0,0,0,0,0,0,1753378816
1273,1753378840.62263,-46.2071283548189,-67.2629981741156,0,0,0,-0.236356941578553,-0.971666298771153,0,0,0,0,0,0,1753378816,1753378840.61444,-45.83,-59.123,0,0,0,-0.519590226040073,0.854415587991948,0,0,0,0,0,0,1753378816
1274,1753378840.63097,-46.2071283548189,-67.2629981741156,0,0,0,-0.236356941578553,-0.971666298771153,0,0,0,0,0,0,1753378816,1753378840.62267,-45.83,-59.123,0,0,0,-0.519590226040073,0.854415587991948,0,0,0,0,0,0,1753378816
1275,1753378840.63931,-46.2071283548189,-67.2629981741156,0,0,0,-0.236356941578553,-0.971666298771153,0,0,0,0,0,0,1753378816,1753378840.63101,-45.83,-59.123,0,0,0,-0.519590226040073,0.854415587991948,0,0,0,0,0,0,1753378816
1276,1753378840.64769,-46.2071283548189,-67.2629981741156,0,0,0,-0.236356941578553,-0.971666298771153,0,0,0,0,0,0,1753378816,1753378840.63935,-45.83,-59.123,0,0,0,-0.519590226040073,0.854415587991948,0,0,0,0,0,0,1753378816
1277,1753378840.65595,-46.2071283548189,-67.2629981741156,0,0,0,-0.236356941578553,-0.971666298771153,0,0,0,0,0,0,1753378816,1753378840.64773,-45.83,-59.123,0,0,0,-0.519590226040073,0.854415587991948,0,0,0,0,0,0,1753378816
1278,1753378840.66432,-46.2071283548189,-67.2629981741156,0,0,0,-0.236356941578553,-0.971666298771153,0,0,0,0,0,0,1753378816,1753378840.656,-45.83,-59.123,0,0,0,-0.519590226040073,0.854415587991948,0,0,0,0,0,0,1753378816
1279,1753378840.67268,-46.2071283548189,-67.2629981741156,0,0,0,-0.236356941578553,-0.971666298771153,0,0,0,0,0,0,1753378816,1753378840.66436,-45.83,-59.123,0,0,0,-0.519590226040073,0.854415587991948,0,0,0,0,0,0,1753378816
1280,1753378840.68099,-46.2071283548189,-67.2629981741156,0,0,0,-0.236356941578553,-0.971666298771153,0,0,0,0,0,0,1753378816,1753378840.67272,-45.83,-59.123,0,0,0,-0.519590226040073,0.854415587991948,0,0,0,0,0,0,1753378816
1281,1753378840.68932,-46.2071283548189,-67.2629981741156,0,0,0,-0.236356941578553,-0.971666298771153,0,0,0,0,0,0,1753378816,1753378840.68103,-45.83,-59.123,0,0,0,-0.519590226040073,0.854415587991948,0,0,0,0,0,0,1753378816
1282,1753378840.69755,-46.2071283548189,-67.2629981741156,0,0,0,-0.236356941578553,-0.971666298771153,0,0,0,0,0,0,1753378816,1753378840.68935,-45.83,-59.123,0,0,0,-0.519590226040073,0.854415587991948,0,0,0,0,0,0,1753378816
1283,1753378840.70567,-46.2071283548189,-67.2629981741156,0,0,0,-0.236356941578553,-0.971666298771153,0,0,0,0,0,0,1753378816,1753378840.69758,-45.83,-59.123,0,0,0,-0.519590226040073,0.854415587991948,0,0,0,0,0,0,1753378816
1284,1753378840.71433,-46.2071283548189,-67.2629981741156,0,0,0,-0.236356941578553,-0.971666298771153,0,0,0,0,0,0,1753378816,1753378840.70569,-45.83,-59.123,0,0,0,-0.519590226040073,0.854415587991948,0,0,0,0,0,0,1753378816
1285,1753378840.72264,-46.2071283548189,-67.2629981741156,0,0,0,-0.236356941578553,-0.971666298771153,0,0,0,0,0,0,1753378816,1753378840.71438,-45.83,-59.123,0,0,0,-0.519590226040073,0.854415587991948,0,0,0,0,0,0,1753378816
1286,1753378840.73102,-46.2071283548189,-67.2629981741156,0,0,0,-0.236356941578553,-0.971666298771153,0,0,0,0,0,0,1753378816,1753378840.72268,-45.83,-59.123,0,0,0,-0.519590226040073,0.854415587991948,0,0,0,0,0,0,1753378816
1287,1753378840.73927,-46.2071283548189,-67.2629981741156,0,0,0,-0.236356941578553,-0.971666298771153,0,0,0,0,0,0,1753378816,1753378840.73107,-45.83,-59.123,0,0,0,-0.519590226040073,0.854415587991948,0,0,0,0,0,0,1753378816
1288,1753378840.74745,-46.2071283548189,-67.2629981741156,0,0,0,-0.236356941578553,-0.971666298771153,0,0,0,0,0,0,1753378816,1753378840.73932,-45.83,-59.123,0,0,0,-0.519590226040073,0.854415587991948,0,0,0,0,0,0,1753378816
1289,1753378840.75576,-46.2071283548189,-67.2629981741156,0,0,0,-0.236356941578553,-0.971666298771153,0,0,0,0,0,0,1753378816,1753378840.74748,-45.83,-59.123,0,0,0,-0.519590226040073,0.854415587991948,0,0,0,0,0,0,1753378816
1290,1753378840.76405,-46.2071283548189,-67.2629981741156,0,0,0,-0.236356941578553,-0.971666298771153,0,0,0,0,0,0,1753378816,1753378840.75579,-45.83,-59.123,0,0,0,-0.519590226040073,0.854415587991948,0,0,0,0,0,0,1753378816
1291,1753378840.77284,-46.2071283548189,-67.2629981741156,0,0,0,-0.236356941578553,-0.971666298771153,0,0,0,0,0,0,1753378816,1753378840.76407,-45.83,-59.123,0,0,0,-0.519590226040073,0.854415587991948,0,0,0,0,0,0,1753378816
1292,1753378840.78103,-46.2071283548189,-67.2629981741156,0,0,0,-0.236356941578553,-0.971666298771153,0,0,0,0,0,0,1753378816,1753378840.77288,-45.83,-59.123,0,0,0,-0.519590226040073,0.854415587991948,0,0,0,0,0,0,1753378816
1293,1753378840.78927,-46.2071283548189,-67.2629981741156,0,0,0,-0.236356941578553,-0.971666298771153,0,0,0,0,0,0,1753378816,1753378840.78108,-45.83,-59.123,0,0,0,-0.519590226040073,0.854415587991948,0,0,0,0,0,0,1753378816
1294,1753378840.79781,-46.2071283548189,-67.2629981741156,0,0,0,-0.236356941578553,-0.971666298771153,0,0,0,0,0,0,1753378816,1753378840.7893,-45.83,-59.123,0,0,0,-0.519590226040073,0.854415587991948,0,0,0,0,0,0,1753378816
1295,1753378840.80594,-46.2071283548189,-67.2629981741156,0,0,0,-0.236356941578553,-0.971666298771153,0,0,0,0,0,0,1753378816,1753378840.79785,-45.83,-59.123,0,0,0,-0.519590226040073,0.854415587991948,0,0,0,0,0,0,1753378816
1296,1753378840.81419,-46.2071283548189,-67.2629981741156,0,0,0,-0.236356941578553,-0.971666298771153,0,0,0,0,0,0,1753378816,1753378840.806,-45.83,-59.123,0,0,0,-0.519590226040073,0.854415587991948,0,0,0,0,0,0,1753378816
1297,1753378840.82227,-46.2071283548189,-67.2629981741156,0,0,0,-0.236356941578553,-0.971666298771153,0,0,0,0,0,0,1753378816,1753378840.81421,-45.83,-59.123,0,0,0,-0.519590226040073,0.854415587991948,0,0,0,0,0,0,1753378816
1298,1753378840.83108,-46.2071283548189,-67.2629981741156,0,0,0,-0.236356941578553,-0.971666298771153,0,0,0,0,0,0,1753378816,1753378840.8223,-45.83,-59.123,0,0,0,-0.519590226040073,0.854415587991948,0,0,0,0,0,0,1753378816
1299,1753378840.83922,-46.2071283548189,-67.2629981741156,0,0,0,-0.236356941578553,-0.971666298771153,0,0,0,0,0,0,1753378816,1753378840.83112,-45.83,-59.123,0,0,0,-0.519590226040073,0.854415587991948,0,0,0,0,0,0,1753378816
1300,1753378840.84776,-46.2071283548189,-67.2629981741156,0,0,0,-0.236356941578553,-0.971666298771153,0,0,0,0,0,0,1753378816,1753378840.83927,-45.83,-59.123,0,0,0,-0.519590226040073,0.854415587991948,0,0,0,0,0,0,1753378816
1301,1753378840.85592,-46.2071283548189,-67.2629981741156,0,0,0,-0.236356941578553,-0.971666298771153,0,0,0,0,0,0,1753378816,1753378840.84781,-45.83,-59.123,0,0,0,-0.519590226040073,0.854415587991948,0,0,0,0,0,0,1753378816
1302,1753378840.86428,-46.2071283548189,-67.2629981741156,0,0,0,-0.236356941578553,-0.971666298771153,0,0,0,0,0,0,1753378816,1753378840.85596,-45.83,-59.123,0,0,0,-0.519590226040073,0.854415587991948,0,0,0,0,0,0,1753378816
1303,1753378840.87226,-46.2071283548189,-67.2629981741156,0,0,0,-0.236356941578553,-0.971666298771153,0,0,0,0,0,0,1753378816,1753378840.86432,-45.83,-59.123,0,0,0,-0.519590226040073,0.854415587991948,0,0,0,0,0,0,1753378816
1304,1753378840.88079,-46.2071283548189,-67.2629981741156,0,0,0,-0.236356941578553,-0.971666298771153,0,0,0,0,0,0,1753378816,1753378840.8724,-45.83,-59.123,0,0,0,-0.519590226040073,0.854415587991948,0,0,0,0,0,0,1753378816
1305,1753378840.88902,-46.2071283548189,-67.2629981741156,0,0,0,-0.236356941578553,-0.971666298771153,0,0,0,0,0,0,1753378816,1753378840.88082,-45.83,-59.123,0,0,0,-0.519590226040073,0.854415587991948,0,0,0,0,0,0,1753378816
1306,1753378840.89736,-46.2071283548189,-67.2629981741156,0,0,0,-0.236356941578553,-0.971666298771153,0,0,0,0,0,0,1753378816,1753378840.88904,-45.83,-59.123,0,0,0,-0.519590226040073,0.854415587991948,0,0,0,0,0,0,1753378816
1307,1753378840.90572,-46.2071283548189,-67.2629981741156,0,0,0,-0.236356941578553,-0.971666298771153,0,0,0,0,0,0,1753378816,1753378840.89739,-45.83,-59.123,0,0,0,-0.519590226040073,0.854415587991948,0,0,0,0,0,0,1753378816
1308,1753378840.91404,-46.2071283548189,-67.2629981741156,0,0,0,-0.236356941578553,-0.971666298771153,0,0,0,0,0,0,1753378816,1753378840.90574,-45.83,-59.123,0,0,0,-0.519590226040073,0.854415587991948,0,0,0,0,0,0,1753378816
1309,1753378840.92262,-46.2071283548189,-67.2629981741156,0,0,0,-0.236356941578553,-0.971666298771153,0,0,0,0,0,0,1753378816,1753378840.91406,-45.83,-59.123,0,0,0,-0.519590226040073,0.854415587991948,0,0,0,0,0,0,1753378816
1310,1753378840.9308,-46.2071283548189,-67.2629981741156,0,0,0,-0.236356941578553,-0.971666298771153,0,0,0,0,0,0,1753378816,1753378840.92265,-45.83,-59.123,0,0,0,-0.519590226040073,0.854415587991948,0,0,0,0,0,0,1753378816
1311,1753378840.93933,-46.2071283548189,-67.2629981741156,0,0,0,-0.236356941578553,-0.971666298771153,0,0,0,0,0,0,1753378816,1753378840.93084,-45.83,-59.123,0,0,0,-0.519590226040073,0.854415587991948,0,0,0,0,0,0,1753378816
1312,1753378840.94775,-46.2071283548189,-67.2629981741156,0,0,0,-0.236356941578553,-0.971666298771153,0,0,0,0,0,0,1753378816,1753378840.93937,-45.83,-59.123,0,0,0,-0.519590226040073,0.854415587991948,0,0,0,0,0,0,1753378816
1313,1753378840.95593,-46.2071283548189,-67.2629981741156,0,0,0,-0.236356941578553,-0.971666298771153,0,0,0,0,0,0,1753378816,1753378840.9478,-45.83,-59.123,0,0,0,-0.519590226040073,0.854415587991948,0,0,0,0,0,0,1753378816
1314,1753378840.96424,-46.2071283548189,-67.2629981741156,0,0,0,-0.236356941578553,-0.971666298771153,0,0,0,0,0,0,1753378816,1753378840.95597,-45.83,-59.123,0,0,0,-0.519590226040073,0.854415587991948,0,0,0,0,0,0,1753378816
1315,1753378840.97221,-46.2071283548189,-67.2629981741156,0,0,0,-0.236356941578553,-0.971666298771153,0,0,0,0,0,0,1753378816,1753378840.96426,-45.83,-59.123,0,0,0,-0.519590226040073,0.854415587991948,0,0,0,0,0,0,1753378816
1316,1753378840.98074,-46.2071283548189,-67.2629981741156,0,0,0,-0.236356941578553,-0.971666298771153,0,0,0,0,0,0,1753378816,1753378840.97223,-45.83,-59.123,0,0,0,-0.519590226040073,0.854415587991948,0,0,0,0,0,0,1753378816
1317,1753378840.98904,-46.2071283548189,-67.2629981741156,0,0,0,-0.236356941578553,-0.971666298771153,0,0,0,0,0,0,1753378816,1753378840.98077,-45.83,-59.123,0,0,0,-0.519590226040073,0.854415587991948,0,0,0,0,0,0,1753378816
1318,1753378840.99739,-46.2071283548189,-67.2629981741156,0,0,0,-0.236356941578553,-0.971666298771153,0,0,0,0,0,0,1753378816,1753378840.98907,-45.83,-59.123,0,0,0,-0.519590226040073,0.854415587991948,0,0,0,0,0,0,1753378816
1319,1753378841.00565,-46.2071283548189,-67.2629981741156,0,0,0,-0.236356941578553,-0.971666298771153,0,0,0,0,0,0,1753378816,1753378840.99741,-45.83,-59.123,0,0,0,-0.519590226040073,0.854415587991948,0,0,0,0,0,0,1753378816
1320,1753378841.01398,-46.2071283548189,-67.2629981741156,0,0,0,-0.236356941578553,-0.971666298771153,0,0,0,0,0,0,1753378816,1753378841.00567,-45.83,-59.123,0,0,0,-0.519590226040073,0.854415587991948,0,0,0,0,0,0,1753378816
1321,1753378841.0223,-46.2071283548189,-67.2629981741156,0,0,0,-0.236356941578553,-0.971666298771153,0,0,0,0,0,0,1753378816,1753378841.014,-45.83,-59.123,0,0,0,-0.519590226040073,0.854415587991948,0,0,0,0,0,0,1753378816
1322,1753378841.0308,-46.2071283548189,-67.2629981741156,0,0,0,-0.236356941578553,-0.971666298771153,0,0,0,0,0,0,1753378816,1753378841.02232,-45.83,-59.123,0,0,0,-0.519590226040073,0.854415587991948,0,0,0,0,0,0,1753378816
1323,1753378841.03926,-46.2071283548189,-67.2629981741156,0,0,0,-0.236356941578553,-0.971666298771153,0,0,0,0,0,0,1753378816,1753378841.03083,-45.83,-59.123,0,0,0,-0.519590226040073,0.854415587991948,0,0,0,0,0,0,1753378816
1324,1753378841.04751,-46.2071283548189,-67.2629981741156,0,0,0,-0.236356941578553,-0.971666298771153,0,0,0,0,0,0,1753378816,1753378841.03929,-45.83,-59.123,0,0,0,-0.519590226040073,0.854415587991948,0,0,0,0,0,0,1753378816
1325,1753378841.05566,-46.2071283548189,-67.2629981741156,0,0,0,-0.236356941578553,-0.971666298771153,0,0,0,0,0,0,1753378816,1753378841.04754,-45.83,-59.123,0,0,0,-0.519590226040073,0.854415587991948,0,0,0,0,0,0,1753378816
1326,1753378841.06398,-46.2071283548189,-67.2629981741156,0,0,0,-0.236356941578553,-0.971666298771153,0,0,0,0,0,0,1753378816,1753378841.05568,-45.83,-59.123,0,0,0,-0.519590226040073,0.854415587991948,0,0,0,0,0,0,1753378816
1327,1753378841.0726,-46.2071283548189,-67.2629981741156,0,0,0,-0.236356941578553,-0.971666298771153,0,0,0,0,0,0,1753378816,1753378841.064,-45.83,-59.123,0,0,0,-0.519590226040073,0.854415587991948,0,0,0,0,0,0,1753378816
1328,1753378841.08077,-46.2071283548189,-67.2629981741156,0,0,0,-0.236356941578553,-0.971666298771153,0,0,0,0,0,0,1753378816,1753378841.07265,-45.83,-59.123,0,0,0,-0.519590226040073,0.854415587991948,0,0,0,0,0,0,1753378816
1329,1753378841.08934,-46.2071283548189,-67.2629981741156,0,0,0,-0.236356941578553,-0.971666298771153,0,0,0,0,0,0,1753378816,1753378841.08079,-45.83,-59.123,0,0,0,-0.519590226040073,0.854415587991948,0,0,0,0,0,0,1753378816
1330,1753378841.09743,-46.2071283548189,-67.2629981741156,0,0,0,-0.236356941578553,-0.971666298771153,0,0,0,0,0,0,1753378816,1753378841.08937,-45.83,-59.123,0,0,0,-0.519590226040073,0.854415587991948,0,0,0,0,0,0,1753378816
1331,1753378841.10571,-46.2071283548189,-67.2629981741156,0,0,0,-0.236356941578553,-0.971666298771153,0,0,0,0,0,0,1753378816,1753378841.09745,-45.83,-59.123,0,0,0,-0.519590226040073,0.854415587991948,0,0,0,0,0,0,1753378816
1332,1753378841.11397,-46.2071283548189,-67.2629981741156,0,0,0,-0.236356941578553,-0.971666298771153,0,0,0,0,0,0,1753378816,1753378841.10573,-45.83,-59.123,0,0,0,-0.519590226040073,0.854415587991948,0,0,0,0,0,0,1753378816
1333,1753378841.12235,-46.2071283548189,-67.2629981741156,0,0,0,-0.236356941578553,-0.971666298771153,0,0,0,0,0,0,1753378816,1753378841.114,-45.83,-59.123,0,0,0,-0.519590226040073,0.854415587991948,0,0,0,0,0,0,1753378816
1334,1753378841.13074,-46.2071283548189,-67.2629981741156,0,0,0,-0.236356941578553,-0.971666298771153,0,0,0,0,0,0,1753378816,1753378841.12238,-45.83,-59.123,0,0,0,-0.519590226040073,0.854415587991948,0,0,0,0,0,0,1753378816
1335,1753378841.13907,-46.2071283548189,-67.2629981741156,0,0,0,-0.236356941578553,-0.971666298771153,0,0,0,0,0,0,1753378816,1753378841.13076,-45.83,-59.123,0,0,0,-0.519590226040073,0.854415587991948,0,0,0,0,0,0,1753378816
1336,1753378841.14745,-46.2071283548189,-67.2629981741156,0,0,0,-0.236356941578553,-0.971666298771153,0,0,0,0,0,0,1753378816,1753378841.1391,-45.83,-59.123,0,0,0,-0.519590226040073,0.854415587991948,0,0,0,0,0,0,1753378816
1337,1753378841.15569,-46.2071283548189,-67.2629981741156,0,0,0,-0.236356941578553,-0.971666298771153,0,0,0,0,0,0,1753378816,1753378841.14747,-45.83,-59.123,0,0,0,-0.519590226040073,0.854415587991948,0,0,0,0,0,0,1753378816
1338,1753378841.16501,-46.2071283548189,-67.2629981741156,0,0,0,-0.236356941578553,-0.971666298771153,0,0,0,0,0,0,1753378816,1753378841.15571,-45.83,-59.123,0,0,0,-0.519590226040073,0.854415587991948,0,0,0,0,0,0,1753378816
1339,1753378841.17244,-46.2071283548189,-67.2629981741156,0,0,0,-0.236356941578553,-0.971666298771153,0,0,0,0,0,0,1753378816,1753378841.16508,-45.83,-59.123,0,0,0,-0.519590226040073,0.854415587991948,0,0,0,0,0,0,1753378816
1340,1753378841.18102,-46.2071283548189,-67.2629981741156,0,0,0,-0.236356941578553,-0.971666298771153,0,0,0,0,0,0,1753378816,1753378841.17247,-45.83,-59.123,0,0,0,-0.519590226040073,0.854415587991948,0,0,0,0,0,0,1753378816
1341,1753378841.18906,-46.2071283548189,-67.2629981741156,0,0,0,-0.236356941578553,-0.971666298771153,0,0,0,0,0,0,1753378816,1753378841.18106,-45.83,-59.123,0,0,0,-0.519590226040073,0.854415587991948,0,0,0,0,0,0,1753378816
1342,1753378841.19747,-46.2071283548189,-67.2629981741156,0,0,0,-0.236356941578553,-0.971666298771153,0,0,0,0,0,0,1753378816,1753378841.18908,-45.83,-59.123,0,0,0,-0.519590226040073,0.854415587991948,0,0,0,0,0,0,1753378816
1343,1753378841.20567,-46.2071283548189,-67.2629981741156,0,0,0,-0.236356941578553,-0.971666298771153,0,0,0,0,0,0,1753378816,1753378841.19749,-45.83,-59.123,0,0,0,-0.519590226040073,0.854415587991948,0,0,0,0,0,0,1753378816
1344,1753378841.21409,-46.2071283548189,-67.2629981741156,0,0,0,-0.236356941578553,-0.971666298771153,0,0,0,0,0,0,1753378816,1753378841.2057,-45.83,-59.123,0,0,0,-0.519590226040073,0.854415587991948,0,0,0,0,0,0,1753378816
1345,1753378841.22238,-46.2071283548189,-67.2629981741156,0,0,0,-0.236356941578553,-0.971666298771153,0,0,0,0,0,0,1753378816,1753378841.21412,-45.83,-59.123,0,0,0,-0.519590226040073,0.854415587991948,0,0,0,0,0,0,1753378816
1346,1753378841.23076,-46.2071283548189,-67.2629981741156,0,0,0,-0.236356941578553,-0.971666298771153,0,0,0,0,0,0,1753378816,1753378841.2224,-45.83,-59.123,0,0,0,-0.519590226040073,0.854415587991948,0,0,0,0,0,0,1753378816
1347,1753378841.23934,-46.2071283548189,-67.2629981741156,0,0,0,-0.236356941578553,-0.971666298771153,0,0,0,0,0,0,1753378816,1753378841.23078,-45.83,-59.123,0,0,0,-0.519590226040073,0.854415587991948,0,0,0,0,0,0,1753378816
1348,1753378841.24747,-46.2071283548189,-67.2629981741156,0,0,0,-0.236356941578553,-0.971666298771153,0,0,0,0,0,0,1753378816,1753378841.23937,-45.83,-59.123,0,0,0,-0.519590226040073,0.854415587991948,0,0,0,0,0,0,1753378816
1349,1753378841.25569,-46.2071283548189,-67.2629981741156,0,0,0,-0.236356941578553,-0.971666298771153,0,0,0,0,0,0,1753378816,1753378841.2475,-45.83,-59.123,0,0,0,-0.519590226040073,0.854415587991948,0,0,0,0,0,0,1753378816
1350,1753378841.26396,-46.2071283548189,-67.2629981741156,0,0,0,-0.236356941578553,-0.971666298771153,0,0,0,0,0,0,1753378816,1753378841.25571,-45.83,-59.123,0,0,0,-0.519590226040073,0.854415587991948,0,0,0,0,0,0,1753378816
1351,1753378841.27222,-46.2071283548189,-67.2629981741156,0,0,0,-0.236356941578553,-0.971666298771153,0,0,0,0,0,0,1753378816,1753378841.26398,-45.83,-59.123,0,0,0,-0.519590226040073,0.854415587991948,0,0,0,0,0,0,1753378816
1352,1753378841.28103,-46.2071283548189,-67.2629981741156,0,0,0,-0.236356941578553,-0.971666298771153,0,0,0,0,0,0,1753378816,1753378841.27224,-45.83,-59.123,0,0,0,-0.519590226040073,0.854415587991948,0,0,0,0,0,0,1753378816
1353,1753378841.2893,-46.2071283548189,-67.2629981741156,0,0,0,-0.236356941578553,-0.971666298771153,0,0,0,0,0,0,1753378816,1753378841.28108,-45.83,-59.123,0,0,0,-0.519590226040073,0.854415587991948,0,0,0,0,0,0,1753378816
1354,1753378841.29739,-46.2071283548189,-67.2629981741156,0,0,0,-0.236356941578553,-0.971666298771153,0,0,0,0,0,0,1753378816,1753378841.28943,-45.83,-59.123,0,0,0,-0.519590226040073,0.854415587991948,0,0,0,0,0,0,1753378816
1355,1753378841.30567,-46.2071283548189,-67.2629981741156,0,0,0,-0.236356941578553,-0.971666298771153,0,0,0,0,0,0,1753378816,1753378841.29742,-45.83,-59.123,0,0,0,-0.519590226040073,0.854415587991948,0,0,0,0,0,0,1753378816
1356,1753378841.31396,-46.2071283548189,-67.2629981741156,0,0,0,-0.236356941578553,-0.971666298771153,0,0,0,0,0,0,1753378816,1753378841.3057,-45.83,-59.123,0,0,0,-0.519590226040073,0.854415587991948,0,0,0,0,0,0,1753378816
1357,1753378841.32242,-46.2071283548189,-67.2629981741156,0,0,0,-0.236356941578553,-0.971666298771153,0,0,0,0,0,0,1753378816,1753378841.31398,-45.83,-59.123,0,0,0,-0.519590226040073,0.854415587991948,0,0,0,0,0,0,1753378816
1358,1753378841.33076,-46.2071283548189,-67.2629981741156,0,0,0,-0.236356941578553,-0.971666298771153,0,0,0,0,0,0,1753378816,1753378841.32245,-45.83,-59.123,0,0,0,-0.519590226040073,0.854415587991948,0,0,0,0,0,0,1753378816
1359,1753378841.339,-46.2071283548189,-67.2629981741156,0,0,0,-0.236356941578553,-0.971666298771153,0,0,0,0,0,0,1753378816,1753378841.33078,-45.83,-59.123,0,0,0,-0.519590226040073,0.854415587991948,0,0,0,0,0,0,1753378816
1360,1753378841.34771,-46.2071283548189,-67.2629981741156,0,0,0,-0.236356941578553,-0.971666298771153,0,0,0,0,0,0,1753378816,1753378841.33902,-45.83,-59.123,0,0,0,-0.519590226040073,0.854415587991948,0,0,0,0,0,0,1753378816
1361,1753378841.35577,-46.2071283548189,-67.2629981741156,0,0,0,-0.236356941578553,-0.971666298771153,0,0,0,0,0,0,1753378816,1753378841.34776,-45.83,-59.123,0,0,0,-0.519590226040073,0.854415587991948,0,0,0,0,0,0,1753378816
1362,1753378841.36399,-46.2071283548189,-67.2629981741156,0,0,0,-0.236356941578553,-0.971666298771153,0,0,0,0,0,0,1753378816,1753378841.35579,-45.83,-59.123,0,0,0,-0.519590226040073,0.854415587991948,0,0,0,0,0,0,1753378816
1363,1753378841.37221,-46.2071283548189,-67.2629981741156,0,0,0,-0.236356941578553,-0.971666298771153,0,0,0,0,0,0,1753378816,1753378841.36402,-45.83,-59.123,0,0,0,-0.519590226040073,0.854415587991948,0,0,0,0,0,0,1753378816
1364,1753378841.38091,-46.2071283548189,-67.2629981741156,0,0,0,-0.236356941578553,-0.971666298771153,0,0,0,0,0,0,1753378816,1753378841.37223,-45.83,-59.123,0,0,0,-0.519590226040073,0.854415587991948,0,0,0,0,0,0,1753378816
1365,1753378841.38956,-46.2071283548189,-67.2629981741156,0,0,0,-0.236356941578553,-0.971666298771153,0,0,0,0,0,0,1753378816,1753378841.381,-45.83,-59.123,0,0,0,-0.519590226040073,0.854415587991948,0,0,0,0,0,0,1753378816
1366,1753378841.3974,-46.2071283548189,-67.2629981741156,0,0,0,-0.236356941578553,-0.971666298771153,0,0,0,0,0,0,1753378816,1753378841.38959,-45.83,-59.123,0,0,0,-0.519590226040073,0.854415587991948,0,0,0,0,0,0,1753378816
1367,1753378841.40568,-46.2071283548189,-67.2629981741156,0,0,0,-0.236356941578553,-0.971666298771153,0,0,0,0,0,0,1753378816,1753378841.39744,-45.83,-59.123,0,0,0,-0.519590226040073,0.854415587991948,0,0,0,0,0,0,1753378816
1368,1753378841.41426,-46.2071283548189,-67.2629981741156,0,0,0,-0.236356941578553,-0.971666298771153,0,0,0,0,0,0,1753378816,1753378841.4057,-45.83,-59.123,0,0,0,-0.519590226040073,0.854415587991948,0,0,0,0,0,0,1753378816
1369,1753378841.42264,-46.2071283548189,-67.2629981741156,0,0,0,-0.236356941578553,-0.971666298771153,0,0,0,0,0,0,1753378816,1753378841.41431,-45.83,-59.123,0,0,0,-0.519590226040073,0.854415587991948,0,0,0,0,0,0,1753378816
1370,1753378841.43107,-46.2071283548189,-67.2629981741156,0,0,0,-0.236356941578553,-0.971666298771153,0,0,0,0,0,0,1753378816,1753378841.42268,-45.83,-59.123,0,0,0,-0.519590226040073,0.854415587991948,0,0,0,0,0,0,1753378816
1371,1753378841.439,-46.2071283548189,-67.2629981741156,0,0,0,-0.236356941578553,-0.971666298771153,0,0,0,0,0,0,1753378816,1753378841.43112,-45.83,-59.123,0,0,0,-0.519590226040073,0.854415587991948,0,0,0,0,0,0,1753378816
1372,1753378841.44745,-46.2071283548189,-67.2629981741156,0,0,0,-0.236356941578553,-0.971666298771153,0,0,0,0,0,0,1753378816,1753378841.43903,-45.83,-59.123,0,0,0,-0.519590226040073,0.854415587991948,0,0,0,0,0,0,1753378816
1373,1753378841.45566,-46.2071283548189,-67.2629981741156,0,0,0,-0.236356941578553,-0.971666298771153,0,0,0,0,0,0,1753378816,1753378841.44749,-45.83,-59.123,0,0,0,-0.519590226040073,0.854415587991948,0,0,0,0,0,0,1753378816
1374,1753378841.46401,-46.2071283548189,-67.2629981741156,0,0,0,-0.236356941578553,-0.971666298771153,0,0,0,0,0,0,1753378816,1753378841.45568,-45.83,-59.123,0,0,0,-0.519590226040073,0.854415587991948,0,0,0,0,0,0,1753378816
1375,1753378841.47225,-46.2071283548189,-67.2629981741156,0,0,0,-0.236356941578553,-0.971666298771153,0,0,0,0,0,0,1753378816,1753378841.46403,-45.83,-59.123,0,0,0,-0.519590226040073,0.854415587991948,0,0,0,0,0,0,1753378816
1376,1753378841.48073,-46.2071283548189,-67.2629981741156,0,0,0,-0.236356941578553,-0.971666298771153,0,0,0,0,0,0,1753378816,1753378841.47227,-45.83,-59.123,0,0,0,-0.519590226040073,0.854415587991948,0,0,0,0,0,0,1753378816
1377,1753378841.48897,-46.2071283548189,-67.2629981741156,0,0,0,-0.236356941578553,-0.971666298771153,0,0,0,0,0,0,1753378816,1753378841.48075,-45.83,-59.123,0,0,0,-0.519590226040073,0.854415587991948,0,0,0,0,0,0,1753378816
1378,1753378841.49742,-46.2071283548189,-67.2629981741156,0,0,0,-0.236356941578553,-0.971666298771153,0,0,0,0,0,0,1753378816,1753378841.489,-45.83,-59.123,0,0,0,-0.519590226040073,0.854415587991948,0,0,0,0,0,0,1753378816
1379,1753378841.50571,-46.2071283548189,-67.2629981741156,0,0,0,-0.236356941578553,-0.971666298771153,0,0,0,0,0,0,1753378816,1753378841.49745,-45.83,-59.123,0,0,0,-0.519590226040073,0.854415587991948,0,0,0,0,0,0,1753378816
1380,1753378841.514,-46.2071283548189,-67.2629981741156,0,0,0,-0.236356941578553,-0.971666298771153,0,0,0,0,0,0,1753378816,1753378841.50573,-45.83,-59.123,0,0,0,-0.519590226040073,0.854415587991948,0,0,0,0,0,0,1753378816
1381,1753378841.52268,-46.2071283548189,-67.2629981741156,0,0,0,-0.236356941578553,-0.971666298771153,0,0,0,0,0,0,1753378816,1753378841.51403,-45.83,-59.123,0,0,0,-0.519590226040073,0.854415587991948,0,0,0,0,0,0,1753378816
1382,1753378841.53107,-46.2071283548189,-67.2629981741156,0,0,0,-0.236356941578553,-0.971666298771153,0,0,0,0,0,0,1753378816,1753378841.52272,-45.83,-59.123,0,0,0,-0.519590226040073,0.854415587991948,0,0,0,0,0,0,1753378816
1383,1753378841.53934,-46.2071283548189,-67.2629981741156,0,0,0,-0.236356941578553,-0.971666298771153,0,0,0,0,0,0,1753378816,1753378841.53111,-45.83,-59.123,0,0,0,-0.519590226040073,0.854415587991948,0,0,0,0,0,0,1753378816
1384,1753378841.54752,-46.2071283548189,-67.2629981741156,0,0,0,-0.236356941578553,-0.971666298771153,0,0,0,0,0,0,1753378816,1753378841.53939,-45.83,-59.123,0,0,0,-0.519590226040073,0.854415587991948,0,0,0,0,0,0,1753378816
1385,1753378841.55571,-46.2071283548189,-67.2629981741156,0,0,0,-0.236356941578553,-0.971666298771153,0,0,0,0,0,0,1753378816,1753378841.54754,-45.83,-59.123,0,0,0,-0.519590226040073,0.854415587991948,0,0,0,0,0,0,1753378816
1386,1753378841.56427,-46.2071283548189,-67.2629981741156,0,0,0,-0.236356941578553,-0.971666298771153,0,0,0,0,0,0,1753378816,1753378841.55574,-45.83,-59.123,0,0,0,-0.519590226040073,0.854415587991948,0,0,0,0,0,0,1753378816
1387,1753378841.57221,-46.2071283548189,-67.2629981741156,0,0,0,-0.236356941578553,-0.971666298771153,0,0,0,0,0,0,1753378816,1753378841.56433,-45.83,-59.123,0,0,0,-0.519590226040073,0.854415587991948,0,0,0,0,0,0,1753378816
1388,1753378841.58076,-46.2071283548189,-67.2629981741156,0,0,0,-0.236356941578553,-0.971666298771153,0,0,0,0,0,0,1753378816,1753378841.57223,-45.83,-59.123,0,0,0,-0.519590226040073,0.854415587991948,0,0,0,0,0,0,1753378816
1389,1753378841.58934,-46.2071283548189,-67.2629981741156,0,0,0,-0.236356941578553,-0.971666298771153,0,0,0,0,0,0,1753378816,1753378841.58078,-45.83,-59.123,0,0,0,-0.519590226040073,0.854415587991948,0,0,0,0,0,0,1753378816
1390,1753378841.59739,-46.2071283548189,-67.2629981741156,0,0,0,-0.236356941578553,-0.971666298771153,0,0,0,0,0,0,1753378816,1753378841.58939,-45.83,-59.123,0,0,0,-0.519590226040073,0.854415587991948,0,0,0,0,0,0,1753378816
1391,1753378841.60576,-46.2071283548189,-67.2629981741156,0,0,0,-0.236356941578553,-0.971666298771153,0,0,0,0,0,0,1753378816,1753378841.59741,-45.83,-59.123,0,0,0,-0.519590226040073,0.854415587991948,0,0,0,0,0,0,1753378816
1392,1753378841.61401,-46.2071283548189,-67.2629981741156,0,0,0,-0.236356941578553,-0.971666298771153,0,0,0,0,0,0,1753378816,1753378841.60578,-45.83,-59.123,0,0,0,-0.519590226040073,0.854415587991948,0,0,0,0,0,0,1753378816
1393,1753378841.62286,-46.2071283548189,-67.2629981741156,0,0,0,-0.236356941578553,-0.971666298771153,0,0,0,0,0,0,1753378816,1753378841.61404,-45.83,-59.123,0,0,0,-0.519590226040073,0.854415587991948,0,0,0,0,0,0,1753378816
1394,1753378841.63105,-46.2071283548189,-67.2629981741156,0,0,0,-0.236356941578553,-0.971666298771153,0,0,0,0,0,0,1753378816,1753378841.62291,-45.83,-59.123,0,0,0,-0.519590226040073,0.854415587991948,0,0,0,0,0,0,1753378816
1395,1753378841.63901,-46.2071283548189,-67.2629981741156,0,0,0,-0.236356941578553,-0.971666298771153,0,0,0,0,0,0,1753378816,1753378841.63108,-45.83,-59.123,0,0,0,-0.519590226040073,0.854415587991948,0,0,0,0,0,0,1753378816
1396,1753378841.64743,-46.2071283548189,-67.2629981741156,0,0,0,-0.236356941578553,-0.971666298771153,0,0,0,0,0,0,1753378816,1753378841.63903,-45.83,-59.123,0,0,0,-0.519590226040073,0.854415587991948,0,0,0,0,0,0,1753378816
1397,1753378841.65567,-46.2071283548189,-67.2629981741156,0,0,0,-0.236356941578553,-0.971666298771153,0,0,0,0,0,0,1753378816,1753378841.64746,-45.83,-59.123,0,0,0,-0.519590226040073,0.854415587991948,0,0,0,0,0,0,1753378816
1398,1753378841.66409,-46.2071283548189,-67.2629981741156,0,0,0,-0.236356941578553,-0.971666298771153,0,0,0,0,0,0,1753378816,1753378841.65569,-45.83,-59.123,0,0,0,-0.519590226040073,0.854415587991948,0,0,0,0,0,0,1753378816
1399,1753378841.67224,-46.2071283548189,-67.2629981741156,0,0,0,-0.236356941578553,-0.971666298771153,0,0,0,0,0,0,1753378816,1753378841.66412,-45.83,-59.123,0,0,0,-0.519590226040073,0.854415587991948,0,0,0,0,0,0,1753378816
1400,1753378841.68127,-46.2071283548189,-67.2629981741156,0,0,0,-0.236356941578553,-0.971666298771153,0,0,0,0,0,0,1753378816,1753378841.67227,-45.83,-59.123,0,0,0,-0.519590226040073,0.854415587991948,0,0,0,0,0,0,1753378816
1401,1753378841.68922,-46.2071283548189,-67.2629981741156,0,0,0,-0.236356941578553,-0.971666298771153,0,0,0,0,0,0,1753378816,1753378841.68133,-45.83,-59.123,0,0,0,-0.519590226040073,0.854415587991948,0,0,0,0,0,0,1753378816
1402,1753378841.69742,-46.2071283548189,-67.2629981741156,0,0,0,-0.236356941578553,-0.971666298771153,0,0,0,0,0,0,1753378816,1753378841.68925,-45.83,-59.123,0,0,0,-0.519590226040073,0.854415587991948,0,0,0,0,0,0,1753378816
1403,1753378841.7058,-46.2071283548189,-67.2629981741156,0,0,0,-0.236356941578553,-0.971666298771153,0,0,0,0,0,0,1753378816,1753378841.69744,-45.83,-59.123,0,0,0,-0.519590226040073,0.854415587991948,0,0,0,0,0,0,1753378816
1404,1753378841.71415,-46.2071283548189,-67.2629981741156,0,0,0,-0.236356941578553,-0.971666298771153,0,0,0,0,0,0,1753378816,1753378841.70583,-45.83,-59.123,0,0,0,-0.519590226040073,0.854415587991948,0,0,0,0,0,0,1753378816
1405,1753378841.72267,-46.2071283548189,-67.2629981741156,0,0,0,-0.236356941578553,-0.971666298771153,0,0,0,0,0,0,1753378816,1753378841.71418,-45.83,-59.123,0,0,0,-0.519590226040073,0.854415587991948,0,0,0,0,0,0,1753378816
1406,1753378841.73081,-46.2071283548189,-67.2629981741156,0,0,0,-0.236356941578553,-0.971666298771153,0,0,0,0,0,0,1753378816,1753378841.7227,-45.83,-59.123,0,0,0,-0.519590226040073,0.854415587991948,0,0,0,0,0,0,1753378816
1407,1753378841.73897,-46.2071283548189,-67.2629981741156,0,0,0,-0.236356941578553,-0.971666298771153,0,0,0,0,0,0,1753378816,1753378841.73084,-45.83,-59.123,0,0,0,-0.519590226040073,0.854415587991948,0,0,0,0,0,0,1753378816
1408,1753378841.74743,-46.2071283548189,-67.2629981741156,0,0,0,-0.236356941578553,-0.971666298771153,0,0,0,0,0,0,1753378816,1753378841.739,-45.83,-59.123,0,0,0,-0.519590226040073,0.854415587991948,0,0,0,0,0,0,1753378816
1409,1753378841.75562,-46.2071283548189,-67.2629981741156,0,0,0,-0.236356941578553,-0.971666298771153,0,0,0,0,0,0,1753378816,1753378841.74745,-45.83,-59.123,0,0,0,-0.519590226040073,0.854415587991948,0,0,0,0,0,0,1753378816
1410,1753378841.76396,-46.2071283548189,-67.2629981741156,0,0,0,-0.236356941578553,-0.971666298771153,0,0,0,0,0,0,1753378816,1753378841.75564,-45.83,-59.123,0,0,0,-0.519590226040073,0.854415587991948,0,0,0,0,0,0,1753378816
1411,1753378841.7724,-46.2071283548189,-67.2629981741156,0,0,0,-0.236356941578553,-0.971666298771153,0,0,0,0,0,0,1753378816,1753378841.76399,-45.83,-59.123,0,0,0,-0.519590226040073,0.854415587991948,0,0,0,0,0,0,1753378816
1412,1753378841.78081,-46.2071283548189,-67.2629981741156,0,0,0,-0.236356941578553,-0.971666298771153,0,0,0,0,0,0,1753378816,1753378841.77243,-45.83,-59.123,0,0,0,-0.519590226040073,0.854415587991948,0,0,0,0,0,0,1753378816
1413,1753378841.78911,-46.2071283548189,-67.2629981741156,0,0,0,-0.236356941578553,-0.971666298771153,0,0,0,0,0,0,1753378816,1753378841.78084,-45.83,-59.123,0,0,0,-0.519590226040073,0.854415587991948,0,0,0,0,0,0,1753378816
1414,1753378841.79767,-46.2071283548189,-67.2629981741156,0,0,0,-0.236356941578553,-0.971666298771153,0,0,0,0,0,0,1753378816,1753378841.78913,-45.83,-59.123,0,0,0,-0.519590226040073,0.854415587991948,0,0,0,0,0,0,1753378816
1415,1753378841.80575,-46.2071283548189,-67.2629981741156,0,0,0,-0.236356941578553,-0.971666298771153,0,0,0,0,0,0,1753378816,1753378841.7977,-45.83,-59.123,0,0,0,-0.519590226040073,0.854415587991948,0,0,0,0,0,0,1753378816
1416,1753378841.81398,-46.2071283548189,-67.2629981741156,0,0,0,-0.236356941578553,-0.971666298771153,0,0,0,0,0,0,1753378816,1753378841.80577,-45.83,-59.123,0,0,0,-0.519590226040073,0.854415587991948,0,0,0,0,0,0,1753378816
1417,1753378841.8223,-46.2071283548189,-67.2629981741156,0,0,0,-0.236356941578553,-0.971666298771153,0,0,0,0,0,0,1753378816,1753378841.81401,-45.83,-59.123,0,0,0,-0.519590226040073,0.854415587991948,0,0,0,0,0,0,1753378816
1418,1753378841.83072,-46.2071283548189,-67.2629981741156,0,0,0,-0.236356941578553,-0.971666298771153,0,0,0,0,0,0,1753378816,1753378841.82232,-45.83,-59.123,0,0,0,-0.519590226040073,0.854415587991948,0,0,0,0,0,0,1753378816
1419,1753378841.83899,-46.2071283548189,-67.2629981741156,0,0,0,-0.236356941578553,-0.971666298771153,0,0,0,0,0,0,1753378816,1753378841.83074,-45.83,-59.123,0,0,0,-0.519590226040073,0.854415587991948,0,0,0,0,0,0,1753378816
1420,1753378841.84739,-46.2071283548189,-67.2629981741156,0,0,0,-0.236356941578553,-0.971666298771153,0,0,0,0,0,0,1753378816,1753378841.83901,-45.83,-59.123,0,0,0,-0.519590226040073,0.854415587991948,0,0,0,0,0,0,1753378816
1421,1753378841.85568,-46.2071283548189,-67.2629981741156,0,0,0,-0.236356941578553,-0.971666298771153,0,0,0,0,0,0,1753378816,1753378841.84741,-45.83,-59.123,0,0,0,-0.519590226040073,0.854415587991948,0,0,0,0,0,0,1753378816
1422,1753378841.86408,-46.2071283548189,-67.2629981741156,0,0,0,-0.236356941578553,-0.971666298771153,0,0,0,0,0,0,1753378816,1753378841.8557,-45.83,-59.123,0,0,0,-0.519590226040073,0.854415587991948,0,0,0,0,0,0,1753378816
1423,1753378841.8723,-46.2071283548189,-67.2629981741156,0,0,0,-0.236356941578553,-0.971666298771153,0,0,0,0,0,0,1753378816,1753378841.86411,-45.83,-59.123,0,0,0,-0.519590226040073,0.854415587991948,0,0,0,0,0,0,1753378816
1424,1753378841.88072,-46.2071283548189,-67.2629981741156,0,0,0,-0.236356941578553,-0.971666298771153,0,0,0,0,0,0,1753378816,1753378841.87232,-45.83,-59.123,0,0,0,-0.519590226040073,0.854415587991948,0,0,0,0,0,0,1753378816
1425,1753378841.88908,-46.2071283548189,-67.2629981741156,0,0,0,-0.236356941578553,-0.971666298771153,0,0,0,0,0,0,1753378816,1753378841.88074,-45.83,-59.123,0,0,0,-0.519590226040073,0.854415587991948,0,0,0,0,0,0,1753378816
1426,1753378841.89748,-46.2071283548189,-67.2629981741156,0,0,0,-0.236356941578553,-0.971666298771153,0,0,0,0,0,0,1753378816,1753378841.8891,-45.83,-59.123,0,0,0,-0.519590226040073,0.854415587991948,0,0,0,0,0,0,1753378816
1427,1753378841.90582,-46.2071283548189,-67.2629981741156,0,0,0,-0.236356941578553,-0.971666298771153,0,0,0,0,0,0,1753378816,1753378841.8975,-45.83,-59.123,0,0,0,-0.519590226040073,0.854415587991948,0,0,0,0,0,0,1753378816
1428,1753378841.91423,-46.2071283548189,-67.2629981741156,0,0,0,-0.236356941578553,-0.971666298771153,0,0,0,0,0,0,1753378816,1753378841.90584,-45.83,-59.123,0,0,0,-0.519590226040073,0.854415587991948,0,0,0,0,0,0,1753378816
1429,1753378841.92227,-46.2071283548189,-67.2629981741156,0,0,0,-0.236356941578553,-0.971666298771153,0,0,0,0,0,0,1753378816,1753378841.91427,-45.83,-59.123,0,0,0,-0.519590226040073,0.854415587991948,0,0,0,0,0,0,1753378816
1430,1753378841.93085,-46.2071283548189,-67.2629981741156,0,0,0,-0.236356941578553,-0.971666298771153,0,0,0,0,0,0,1753378816,1753378841.9223,-45.83,-59.123,0,0,0,-0.519590226040073,0.854415587991948,0,0,0,0,0,0,1753378816
1431,1753378841.93896,-46.2071283548189,-67.2629981741156,0,0,0,-0.236356941578553,-0.971666298771153,0,0,0,0,0,0,1753378816,1753378841.93088,-45.83,-59.123,0,0,0,-0.519590226040073,0.854415587991948,0,0,0,0,0,0,1753378816
1432,1753378841.94768,-46.2071283548189,-67.2629981741156,0,0,0,-0.236356941578553,-0.971666298771153,0,0,0,0,0,0,1753378816,1753378841.93898,-45.83,-59.123,0,0,0,-0.519590226040073,0.854415587991948,0,0,0,0,0,0,1753378816
1433,1753378841.95576,-46.2071283548189,-67.2629981741156,0,0,0,-0.236356941578553,-0.971666298771153,0,0,0,0,0,0,1753378816,1753378841.94773,-45.83,-59.123,0,0,0,-0.519590226040073,0.854415587991948,0,0,0,0,0,0,1753378816
1434,1753378841.96409,-46.2071283548189,-67.2629981741156,0,0,0,-0.236356941578553,-0.971666298771153,0,0,0,0,0,0,1753378816,1753378841.95578,-45.83,-59.123,0,0,0,-0.519590226040073,0.854415587991948,0,0,0,0,0,0,1753378816
1435,1753378841.97223,-46.2071283548189,-67.2629981741156,0,0,0,-0.236356941578553,-0.971666298771153,0,0,0,0,0,0,1753378816,1753378841.96411,-45.83,-59.123,0,0,0,-0.519590226040073,0.854415587991948,0,0,0,0,0,0,1753378816
1436,1753378841.98076,-46.2071283548189,-67.2629981741156,0,0,0,-0.236356941578553,-0.971666298771153,0,0,0,0,0,0,1753378816,1753378841.97225,-45.83,-59.123,0,0,0,-0.519590226040073,0.854415587991948,0,0,0,0,0,0,1753378816
1437,1753378841.98899,-46.2071283548189,-67.2629981741156,0,0,0,-0.236356941578553,-0.971666298771153,0,0,0,0,0,0,1753378816,1753378841.98078,-45.83,-59.123,0,0,0,-0.519590226040073,0.854415587991948,0,0,0,0,0,0,1753378816
1438,1753378841.99744,-46.2071283548189,-67.2629981741156,0,0,0,-0.236356941578553,-0.971666298771153,0,0,0,0,0,0,1753378816,1753378841.98902,-45.83,-59.123,0,0,0,-0.519590226040073,0.854415587991948,0,0,0,0,0,0,1753378816
1439,1753378842.00569,-46.2071283548189,-67.2629981741156,0,0,0,-0.236356941578553,-0.971666298771153,0,0,0,0,0,0,1753378816,1753378841.99747,-45.83,-59.123,0,0,0,-0.519590226040073,0.854415587991948,0,0,0,0,0,0,1753378816
1440,1753378842.01395,-46.2071283548189,-67.2629981741156,0,0,0,-0.236356941578553,-0.971666298771153,0,0,0,0,0,0,1753378816,1753378842.00571,-45.83,-59.123,0,0,0,-0.519590226040073,0.854415587991948,0,0,0,0,0,0,1753378816
1441,1753378842.02223,-46.2071283548189,-67.2629981741156,0,0,0,-0.236356941578553,-0.971666298771153,0,0,0,0,0,0,1753378816,1753378842.01397,-45.83,-59.123,0,0,0,-0.519590226040073,0.854415587991948,0,0,0,0,0,0,1753378816
1442,1753378842.03075,-46.2071283548189,-67.2629981741156,0,0,0,-0.236356941578553,-0.971666298771153,0,0,0,0,0,0,1753378816,1753378842.02226,-45.83,-59.123,0,0,0,-0.519590226040073,0.854415587991948,0,0,0,0,0,0,1753378816
1443,1753378842.03905,-46.2071283548189,-67.2629981741156,0,0,0,-0.236356941578553,-0.971666298771153,0,0,0,0,0,0,1753378816,1753378842.03078,-45.83,-59.123,0,0,0,-0.519590226040073,0.854415587991948,0,0,0,0,0,0,1753378816
1444,1753378842.04741,-46.2071283548189,-67.2629981741156,0,0,0,-0.236356941578553,-0.971666298771153,0,0,0,0,0,0,1753378816,1753378842.03908,-45.83,-59.123,0,0,0,-0.519590226040073,0.854415587991948,0,0,0,0,0,0,1753378816
1445,1753378842.05569,-46.2071283548189,-67.2629981741156,0,0,0,-0.236356941578553,-0.971666298771153,0,0,0,0,0,0,1753378816,1753378842.04743,-45.83,-59.123,0,0,0,-0.519590226040073,0.854415587991948,0,0,0,0,0,0,1753378816
1446,1753378842.06429,-46.2071283548189,-67.2629981741156,0,0,0,-0.236356941578553,-0.971666298771153,0,0,0,0,0,0,1753378816,1753378842.05571,-45.83,-59.123,0,0,0,-0.519590226040073,0.854415587991948,0,0,0,0,0,0,1753378816
1447,1753378842.07225,-46.2071283548189,-67.2629981741156,0,0,0,-0.236356941578553,-0.971666298771153,0,0,0,0,0,0,1753378816,1753378842.06433,-45.83,-59.123,0,0,0,-0.519590226040073,0.854415587991948,0,0,0,0,0,0,1753378816
1448,1753378842.08074,-46.2071283548189,-67.2629981741156,0,0,0,-0.236356941578553,-0.971666298771153,0,0,0,0,0,0,1753378816,1753378842.07227,-45.83,-59.123,0,0,0,-0.519590226040073,0.854415587991948,0,0,0,0,0,0,1753378816
1449,1753378842.08936,-46.2071283548189,-67.2629981741156,0,0,0,-0.236356941578553,-0.971666298771153,0,0,0,0,0,0,1753378816,1753378842.08077,-45.83,-59.123,0,0,0,-0.519590226040073,0.854415587991948,0,0,0,0,0,0,1753378816
1450,1753378842.09757,-46.2071283548189,-67.2629981741156,0,0,0,-0.236356941578553,-0.971666298771153,0,0,0,0,0,0,1753378816,1753378842.08941,-45.83,-59.123,0,0,0,-0.519590226040073,0.854415587991948,0,0,0,0,0,0,1753378816
1451,1753378842.10564,-46.2071283548189,-67.2629981741156,0,0,0,-0.236356941578553,-0.971666298771153,0,0,0,0,0,0,1753378816,1753378842.09761,-45.83,-59.123,0,0,0,-0.519590226040073,0.854415587991948,0,0,0,0,0,0,1753378816
1452,1753378842.11393,-46.2071283548189,-67.2629981741156,0,0,0,-0.236356941578553,-0.971666298771153,0,0,0,0,0,0,1753378816,1753378842.10567,-45.83,-59.123,0,0,0,-0.519590226040073,0.854415587991948,0,0,0,0,0,0,1753378816
1453,1753378842.12235,-46.2071283548189,-67.2629981741156,0,0,0,-0.236356941578553,-0.971666298771153,0,0,0,0,0,0,1753378816,1753378842.11395,-45.83,-59.123,0,0,0,-0.519590226040073,0.854415587991948,0,0,0,0,0,0,1753378816
1454,1753378842.13073,-46.2071283548189,-67.2629981741156,0,0,0,-0.236356941578553,-0.971666298771153,0,0,0,0,0,0,1753378816,1753378842.12238,-45.83,-59.123,0,0,0,-0.519590226040073,0.854415587991948,0,0,0,0,0,0,1753378816
1455,1753378842.13897,-46.2071283548189,-67.2629981741156,0,0,0,-0.236356941578553,-0.971666298771153,0,0,0,0,0,0,1753378816,1753378842.13075,-45.83,-59.123,0,0,0,-0.519590226040073,0.854415587991948,0,0,0,0,0,0,1753378816
1456,1753378842.14758,-46.2071283548189,-67.2629981741156,0,0,0,-0.236356941578553,-0.971666298771153,0,0,0,0,0,0,1753378816,1753378842.13899,-45.83,-59.123,0,0,0,-0.519590226040073,0.854415587991948,0,0,0,0,0,0,1753378816
1457,1753378842.15563,-46.2071283548189,-67.2629981741156,0,0,0,-0.236356941578553,-0.971666298771153,0,0,0,0,0,0,1753378816,1753378842.14761,-45.83,-59.123,0,0,0,-0.519590226040073,0.854415587991948,0,0,0,0,0,0,1753378816
1458,1753378842.164,-46.2071283548189,-67.2629981741156,0,0,0,-0.236356941578553,-0.971666298771153,0,0,0,0,0,0,1753378816,1753378842.15565,-45.83,-59.123,0,0,0,-0.519590226040073,0.854415587991948,0,0,0,0,0,0,1753378816
1459,1753378842.17286,-46.2071283548189,-67.2629981741156,0,0,0,-0.236356941578553,-0.971666298771153,0,0,0,0,0,0,1753378816,1753378842.16402,-45.83,-59.123,0,0,0,-0.519590226040073,0.854415587991948,0,0,0,0,0,0,1753378816
1460,1753378842.18077,-46.2071283548189,-67.2629981741156,0,0,0,-0.236356941578553,-0.971666298771153,0,0,0,0,0,0,1753378816,1753378842.17288,-45.83,-59.123,0,0,0,-0.519590226040073,0.854415587991948,0,0,0,0,0,0,1753378816
1461,1753378842.18897,-46.2071283548189,-67.2629981741156,0,0,0,-0.236356941578553,-0.971666298771153,0,0,0,0,0,0,1753378816,1753378842.1808,-45.83,-59.123,0,0,0,-0.519590226040073,0.854415587991948,0,0,0,0,0,0,1753378816
1462,1753378842.19746,-46.2071283548189,-67.2629981741156,0,0,0,-0.236356941578553,-0.971666298771153,0,0,0,0,0,0,1753378816,1753378842.18899,-45.83,-59.123,0,0,0,-0.519590226040073,0.854415587991948,0,0,0,0,0,0,1753378816
1463,1753378842.20595,-46.2071283548189,-67.2629981741156,0,0,0,-0.236356941578553,-0.971666298771153,0,0,0,0,0,0,1753378816,1753378842.19749,-45.83,-59.123,0,0,0,-0.519590226040073,0.854415587991948,0,0,0,0,0,0,1753378816
1464,1753378842.21407,-46.2071283548189,-67.2629981741156,0,0,0,-0.236356941578553,-0.971666298771153,0,0,0,0,0,0,1753378816,1753378842.20599,-45.83,-59.123,0,0,0,-0.519590226040073,0.854415587991948,0,0,0,0,0,0,1753378816
1465,1753378842.22222,-46.2071283548189,-67.2629981741156,0,0,0,-0.236356941578553,-0.971666298771153,0,0,0,0,0,0,1753378816,1753378842.21409,-45.83,-59.123,0,0,0,-0.519590226040073,0.854415587991948,0,0,0,0,0,0,1753378816
1466,1753378842.23096,-46.2071283548189,-67.2629981741156,0,0,0,-0.236356941578553,-0.971666298771153,0,0,0,0,0,0,1753378816,1753378842.22224,-45.83,-59.123,0,0,0,-0.519590226040073,0.854415587991948,0,0,0,0,0,0,1753378816
1467,1753378842.23901,-46.2071283548189,-67.2629981741156,0,0,0,-0.236356941578553,-0.971666298771153,0,0,0,0,0,0,1753378816,1753378842.23099,-45.83,-59.123,0,0,0,-0.519590226040073,0.854415587991948,0,0,0,0,0,0,1753378816
1468,1753378842.24763,-46.2071283548189,-67.2629981741156,0,0,0,-0.236356941578553,-0.971666298771153,0,0,0,0,0,0,1753378816,1753378842.23904,-45.83,-59.123,0,0,0,-0.519590226040073,0.854415587991948,0,0,0,0,0,0,1753378816
1469,1753378842.25596,-46.2071283548189,-67.2629981741156,0,0,0,-0.236356941578553,-0.971666298771153,0,0,0,0,0,0,1753378816,1753378842.24768,-45.83,-59.123,0,0,0,-0.519590226040073,0.854415587991948,0,0,0,0,0,0,1753378816
1470,1753378842.26401,-46.2071283548189,-67.2629981741156,0,0,0,-0.236356941578553,-0.971666298771153,0,0,0,0,0,0,1753378816,1753378842.256,-45.83,-59.123,0,0,0,-0.519590226040073,0.854415587991948,0,0,0,0,0,0,1753378816
1471,1753378842.27253,-46.2071283548189,-67.2629981741156,0,0,0,-0.236356941578553,-0.971666298771153,0,0,0,0,0,0,1753378816,1753378842.26403,-45.83,-59.123,0,0,0,-0.519590226040073,0.854415587991948,0,0,0,0,0,0,1753378816
1472,1753378842.28079,-46.2071283548189,-67.2629981741156,0,0,0,-0.236356941578553,-0.971666298771153,0,0,0,0,0,0,1753378816,1753378842.27255,-45.83,-59.123,0,0,0,-0.519590226040073,0.854415587991948,0,0,0,0,0,0,1753378816
1473,1753378842.28965,-46.2071283548189,-67.2629981741156,0,0,0,-0.236356941578553,-0.971666298771153,0,0,0,0,0,0,1753378816,1753378842.28081,-45.83,-59.123,0,0,0,-0.519590226040073,0.854415587991948,0,0,0,0,0,0,1753378816
1474,1753378842.29777,-46.2071283548189,-67.2629981741156,0,0,0,-0.236356941578553,-0.971666298771153,0,0,0,0,0,0,1753378816,1753378842.28978,-45.83,-59.123,0,0,0,-0.519590226040073,0.854415587991948,0,0,0,0,0,0,1753378816
1475,1753378842.30603,-46.2071283548189,-67.2629981741156,0,0,0,-0.236356941578553,-0.971666298771153,0,0,0,0,0,0,1753378816,1753378842.29783,-45.83,-59.123,0,0,0,-0.519590226040073,0.854415587991948,0,0,0,0,0,0,1753378816
1476,1753378842.3142,-46.2071283548189,-67.2629981741156,0,0,0,-0.236356941578553,-0.971666298771153,0,0,0,0,0,0,1753378816,1753378842.30608,-45.83,-59.123,0,0,0,-0.519590226040073,0.854415587991948,0,0,0,0,0,0,1753378816
1477,1753378842.32221,-46.2071283548189,-67.2629981741156,0,0,0,-0.236356941578553,-0.971666298771153,0,0,0,0,0,0,1753378816,1753378842.31423,-45.83,-59.123,0,0,0,-0.519590226040073,0.854415587991948,0,0,0,0,0,0,1753378816
1478,1753378842.33076,-46.2071283548189,-67.2629981741156,0,0,0,-0.236356941578553,-0.971666298771153,0,0,0,0,0,0,1753378816,1753378842.32223,-45.83,-59.123,0,0,0,-0.519590226040073,0.854415587991948,0,0,0,0,0,0,1753378816
1479,1753378842.33925,-46.2071283548189,-67.2629981741156,0,0,0,-0.236356941578553,-0.971666298771153,0,0,0,0,0,0,1753378816,1753378842.33079,-45.83,-59.123,0,0,0,-0.519590226040073,0.854415587991948,0,0,0,0,0,0,1753378816
1480,1753378842.34777,-46.2071283548189,-67.2629981741156,0,0,0,-0.236356941578553,-0.971666298771153,0,0,0,0,0,0,1753378816,1753378842.33929,-45.83,-59.123,0,0,0,-0.519590226040073,0.854415587991948,0,0,0,0,0,0,1753378816
1481,1753378842.35566,-46.2071283548189,-67.2629981741156,0,0,0,-0.236356941578553,-0.971666298771153,0,0,0,0,0,0,1753378816,1753378842.34782,-45.83,-59.123,0,0,0,-0.519590226040073,0.854415587991948,0,0,0,0,0,0,1753378816
1482,1753378842.36435,-46.2071283548189,-67.2629981741156,0,0,0,-0.236356941578553,-0.971666298771153,0,0,0,0,0,0,1753378816,1753378842.35568,-45.83,-59.123,0,0,0,-0.519590226040073,0.854415587991948,0,0,0,0,0,0,1753378816
1483,1753378842.37251,-46.2071283548189,-67.2629981741156,0,0,0,-0.236356941578553,-0.971666298771153,0,0,0,0,0,0,1753378816,1753378842.36439,-45.83,-59.123,0,0,0,-0.519590226040073,0.854415587991948,0,0,0,0,0,0,1753378816
1484,1753378842.381,-46.2071283548189,-67.2629981741156,0,0,0,-0.236356941578553,-0.971666298771153,0,0,0,0,0,0,1753378816,1753378842.37255,-45.83,-59.123,0,0,0,-0.519590226040073,0.854415587991948,0,0,0,0,0,0,1753378816
1485,1753378842.38923,-46.2071283548189,-67.2629981741156,0,0,0,-0.236356941578553,-0.971666298771153,0,0,0,0,0,0,1753378816,1753378842.38104,-45.83,-59.123,0,0,0,-0.519590226040073,0.854415587991948,0,0,0,0,0,0,1753378816
1486,1753378842.39768,-46.2071283548189,-67.2629981741156,0,0,0,-0.236356941578553,-0.971666298771153,0,0,0,0,0,0,1753378816,1753378842.38925,-45.83,-59.123,0,0,0,-0.519590226040073,0.854415587991948,0,0,0,0,0,0,1753378816
1487,1753378842.40588,-46.2071283548189,-67.2629981741156,0,0,0,-0.236356941578553,-0.971666298771153,0,0,0,0,0,0,1753378816,1753378842.39772,-45.83,-59.123,0,0,0,-0.519590226040073,0.854415587991948,0,0,0,0,0,0,1753378816
1488,1753378842.4142,-46.2071283548189,-67.2629981741156,0,0,0,-0.236356941578553,-0.971666298771153,0,0,0,0,0,0,1753378816,1753378842.40592,-45.83,-59.123,0,0,0,-0.519590226040073,0.854415587991948,0,0,0,0,0,0,1753378816
1489,1753378842.42235,-46.2071283548189,-67.2629981741156,0,0,0,-0.236356941578553,-0.971666298771153,0,0,0,0,0,0,1753378816,1753378842.41425,-45.83,-59.123,0,0,0,-0.519590226040073,0.854415587991948,0,0,0,0,0,0,1753378816
1490,1753378842.4308,-46.2071283548189,-67.2629981741156,0,0,0,-0.236356941578553,-0.971666298771153,0,0,0,0,0,0,1753378816,1753378842.42237,-45.83,-59.123,0,0,0,-0.519590226040073,0.854415587991948,0,0,0,0,0,0,1753378816
1491,1753378842.43899,-46.2071283548189,-67.2629981741156,0,0,0,-0.236356941578553,-0.971666298771153,0,0,0,0,0,0,1753378816,1753378842.43083,-45.83,-59.123,0,0,0,-0.519590226040073,0.854415587991948,0,0,0,0,0,0,1753378816
1492,1753378842.44735,-46.2071283548189,-67.2629981741156,0,0,0,-0.236356941578553,-0.971666298771153,0,0,0,0,0,0,1753378816,1753378842.43902,-45.83,-59.123,0,0,0,-0.519590226040073,0.854415587991948,0,0,0,0,0,0,1753378816
1493,1753378842.45569,-46.2071283548189,-67.2629981741156,0,0,0,-0.236356941578553,-0.971666298771153,0,0,0,0,0,0,1753378816,1753378842.44737,-45.83,-59.123,0,0,0,-0.519590226040073,0.854415587991948,0,0,0,0,0,0,1753378816
1494,1753378842.46405,-46.2071283548189,-67.2629981741156,0,0,0,-0.236356941578553,-0.971666298771153,0,0,0,0,0,0,1753378816,1753378842.45571,-45.83,-59.123,0,0,0,-0.519590226040073,0.854415587991948,0,0,0,0,0,0,1753378816
1495,1753378842.47226,-46.2071283548189,-67.2629981741156,0,0,0,-0.236356941578553,-0.971666298771153,0,0,0,0,0,0,1753378816,1753378842.46407,-45.83,-59.123,0,0,0,-0.519590226040073,0.854415587991948,0,0,0,0,0,0,1753378816
1496,1753378842.48079,-46.2071283548189,-67.2629981741156,0,0,0,-0.236356941578553,-0.971666298771153,0,0,0,0,0,0,1753378816,1753378842.4723,-45.83,-59.123,0,0,0,-0.519590226040073,0.854415587991948,0,0,0,0,0,0,1753378816
1497,1753378842.48899,-46.2071283548189,-67.2629981741156,0,0,0,-0.236356941578553,-0.971666298771153,0,0,0,0,0,0,1753378816,1753378842.48081,-45.83,-59.123,0,0,0,-0.519590226040073,0.854415587991948,0,0,0,0,0,0,1753378816
1498,1753378842.49739,-46.2071283548189,-67.2629981741156,0,0,0,-0.236356941578553,-0.971666298771153,0,0,0,0,0,0,1753378816,1753378842.48901,-45.83,-59.123,0,0,0,-0.519590226040073,0.854415587991948,0,0,0,0,0,0,1753378816
1499,1753378842.5056,-46.2071283548189,-67.2629981741156,0,0,0,-0.236356941578553,-0.971666298771153,0,0,0,0,0,0,1753378816,1753378842.49742,-45.83,-59.123,0,0,0,-0.519590226040073,0.854415587991948,0,0,0,0,0,0,1753378816
1500,1753378842.51392,-46.2071283548189,-67.2629981741156,0,0,0,-0.236356941578553,-0.971666298771153,0,0,0,0,0,0,1753378816,1753378842.50562,-45.83,-59.123,0,0,0,-0.519590226040073,0.854415587991948,0,0,0,0,0,0,1753378816
1501,1753378842.52222,-46.2071283548189,-67.2629981741156,0,0,0,-0.236356941578553,-0.971666298771153,0,0,0,0,0,0,1753378816,1753378842.51395,-45.83,-59.123,0,0,0,-0.519590226040073,0.854415587991948,0,0,0,0,0,0,1753378816
1502,1753378842.53081,-46.2071283548189,-67.2629981741156,0,0,0,-0.236356941578553,-0.971666298771153,0,0,0,0,0,0,1753378816,1753378842.52224,-45.83,-59.123,0,0,0,-0.519590226040073,0.854415587991948,0,0,0,0,0,0,1753378816
1503,1753378842.53921,-46.2071283548189,-67.2629981741156,0,0,0,-0.236356941578553,-0.971666298771153,0,0,0,0,0,0,1753378816,1753378842.53084,-45.83,-59.123,0,0,0,-0.519590226040073,0.854415587991948,0,0,0,0,0,0,1753378816
1504,1753378842.54747,-46.2071283548189,-67.2629981741156,0,0,0,-0.236356941578553,-0.971666298771153,0,0,0,0,0,0,1753378816,1753378842.53924,-45.83,-59.123,0,0,0,-0.519590226040073,0.854415587991948,0,0,0,0,0,0,1753378816
1505,1753378842.55573,-46.2071283548189,-67.2629981741156,0,0,0,-0.236356941578553,-0.971666298771153,0,0,0,0,0,0,1753378816,1753378842.5475,-45.83,-59.123,0,0,0,-0.519590226040073,0.854415587991948,0,0,0,0,0,0,1753378816
1506,1753378842.56396,-46.2071283548189,-67.2629981741156,0,0,0,-0.236356941578553,-0.971666298771153,0,0,0,0,0,0,1753378816,1753378842.55575,-45.83,-59.123,0,0,0,-0.519590226040073,0.854415587991948,0,0,0,0,0,0,1753378816
1507,1753378842.57268,-46.2071283548189,-67.2629981741156,0,0,0,-0.236356941578553,-0.971666298771153,0,0,0,0,0,0,1753378816,1753378842.56398,-45.83,-59.123,0,0,0,-0.519590226040073,0.854415587991948,0,0,0,0,0,0,1753378816
1508,1753378842.58104,-46.2071283548189,-67.2629981741156,0,0,0,-0.236356941578553,-0.971666298771153,0,0,0,0,0,0,1753378816,1753378842.57272,-45.83,-59.123,0,0,0,-0.519590226040073,0.854415587991948,0,0,0,0,0,0,1753378816
1509,1753378842.58932,-46.2071283548189,-67.2629981741156,0,0,0,-0.236356941578553,-0.971666298771153,0,0,0,0,0,0,1753378816,1753378842.58108,-45.83,-59.123,0,0,0,-0.519590226040073,0.854415587991948,0,0,0,0,0,0,1753378816
1510,1753378842.59759,-46.2071283548189,-67.2629981741156,0,0,0,-0.236356941578553,-0.971666298771153,0,0,0,0,0,0,1753378816,1753378842.58936,-45.83,-59.123,0,0,0,-0.519590226040073,0.854415587991948,0,0,0,0,0,0,1753378816
1511,1753378842.6057,-46.2071283548189,-67.2629981741156,0,0,0,-0.236356941578553,-0.971666298771153,0,0,0,0,0,0,1753378816,1753378842.59763,-45.83,-59.123,0,0,0,-0.519590226040073,0.854415587991948,0,0,0,0,0,0,1753378816
1512,1753378842.61424,-46.2071283548189,-67.2629981741156,0,0,0,-0.236356941578553,-0.971666298771153,0,0,0,0,0,0,1753378816,1753378842.60576,-45.83,-59.123,0,0,0,-0.519590226040073,0.854415587991948,0,0,0,0,0,0,1753378816
1513,1753378842.62226,-46.2071283548189,-67.2629981741156,0,0,0,-0.236356941578553,-0.971666298771153,0,0,0,0,0,0,1753378816,1753378842.61426,-45.83,-59.123,0,0,0,-0.519590226040073,0.854415587991948,0,0,0,0,0,0,1753378816
1514,1753378842.63078,-46.2071283548189,-67.2629981741156,0,0,0,-0.236356941578553,-0.971666298771153,0,0,0,0,0,0,1753378816,1753378842.62229,-45.83,-59.123,0,0,0,-0.519590226040073,0.854415587991948,0,0,0,0,0,0,1753378816
1515,1753378842.63902,-46.2071283548189,-67.2629981741156,0,0,0,-0.236356941578553,-0.971666298771153,0,0,0,0,0,0,1753378816,1753378842.63081,-45.83,-59.123,0,0,0,-0.519590226040073,0.854415587991948,0,0,0,0,0,0,1753378816
1516,1753378842.64772,-46.2071283548189,-67.2629981741156,0,0,0,-0.236356941578553,-0.971666298771153,0,0,0,0,0,0,1753378816,1753378842.63904,-45.83,-59.123,0,0,0,-0.519590226040073,0.854415587991948,0,0,0,0,0,0,1753378816
1517,1753378842.6558,-46.2071283548189,-67.2629981741156,0,0,0,-0.236356941578553,-0.971666298771153,0,0,0,0,0,0,1753378816,1753378842.64776,-45.83,-59.123,0,0,0,-0.519590226040073,0.854415587991948,0,0,0,0,0,0,1753378816
1518,1753378842.66423,-46.2071283548189,-67.2629981741156,0,0,0,-0.236356941578553,-0.971666298771153,0,0,0,0,0,0,1753378816,1753378842.65583,-45.83,-59.123,0,0,0,-0.519590226040073,0.854415587991948,0,0,0,0,0,0,1753378816
1519,1753378842.67275,-46.2071283548189,-67.2629981741156,0,0,0,-0.236356941578553,-0.971666298771153,0,0,0,0,0,0,1753378816,1753378842.66427,-45.83,-59.123,0,0,0,-0.519590226040073,0.854415587991948,0,0,0,0,0,0,1753378816
1520,1753378842.68078,-46.2071283548189,-67.2629981741156,0,0,0,-0.236356941578553,-0.971666298771153,0,0,0,0,0,0,1753378816,1753378842.67278,-45.83,-59.123,0,0,0,-0.519590226040073,0.854415587991948,0,0,0,0,0,0,1753378816
1521,1753378842.68905,-46.2071283548189,-67.2629981741156,0,0,0,-0.236356941578553,-0.971666298771153,0,0,0,0,0,0,1753378816,1753378842.68081,-45.83,-59.123,0,0,0,-0.519590226040073,0.854415587991948,0,0,0,0,0,0,1753378816
1522,1753378842.69756,-46.2071283548189,-67.2629981741156,0,0,0,-0.236356941578553,-0.971666298771153,0,0,0,0,0,0,1753378816,1753378842.68907,-45.83,-59.123,0,0,0,-0.519590226040073,0.854415587991948,0,0,0,0,0,0,1753378816
1523,1753378842.7057,-46.2071283548189,-67.2629981741156,0,0,0,-0.236356941578553,-0.971666298771153,0,0,0,0,0,0,1753378816,1753378842.69758,-45.83,-59.123,0,0,0,-0.519590226040073,0.854415587991948,0,0,0,0,0,0,1753378816
1524,1753378842.71405,-46.2071283548189,-67.2629981741156,0,0,0,-0.236356941578553,-0.971666298771153,0,0,0,0,0,0,1753378816,1753378842.70572,-45.83,-59.123,0,0,0,-0.519590226040073,0.854415587991948,0,0,0,0,0,0,1753378816
1525,1753378842.72227,-46.2071283548189,-67.2629981741156,0,0,0,-0.236356941578553,-0.971666298771153,0,0,0,0,0,0,1753378816,1753378842.71409,-45.83,-59.123,0,0,0,-0.519590226040073,0.854415587991948,0,0,0,0,0,0,1753378816
1526,1753378842.73082,-46.2071283548189,-67.2629981741156,0,0,0,-0.236356941578553,-0.971666298771153,0,0,0,0,0,0,1753378816,1753378842.7223,-45.83,-59.123,0,0,0,-0.519590226040073,0.854415587991948,0,0,0,0,0,0,1753378816
1527,1753378842.73919,-46.2071283548189,-67.2629981741156,0,0,0,-0.236356941578553,-0.971666298771153,0,0,0,0,0,0,1753378816,1753378842.73085,-45.83,-59.123,0,0,0,-0.519590226040073,0.854415587991948,0,0,0,0,0,0,1753378816
1528,1753378842.74745,-46.2071283548189,-67.2629981741156,0,0,0,-0.236356941578553,-0.971666298771153,0,0,0,0,0,0,1753378816,1753378842.73922,-45.83,-59.123,0,0,0,-0.519590226040073,0.854415587991948,0,0,0,0,0,0,1753378816
1529,1753378842.75591,-46.2071283548189,-67.2629981741156,0,0,0,-0.236356941578553,-0.971666298771153,0,0,0,0,0,0,1753378816,1753378842.74748,-45.83,-59.123,0,0,0,-0.519590226040073,0.854415587991948,0,0,0,0,0,0,1753378816
1530,1753378842.76441,-46.2071283548189,-67.2629981741156,0,0,0,-0.236356941578553,-0.971666298771153,0,0,0,0,0,0,1753378816,1753378842.75595,-45.83,-59.123,0,0,0,-0.519590226040073,0.854415587991948,0,0,0,0,0,0,1753378816
1531,1753378842.7729,-46.2071283548189,-67.2629981741156,0,0,0,-0.236356941578553,-0.971666298771153,0,0,0,0,0,0,1753378816,1753378842.76447,-45.83,-59.123,0,0,0,-0.519590226040073,0.854415587991948,0,0,0,0,0,0,1753378816
1532,1753378842.78103,-46.2071283548189,-67.2629981741156,0,0,0,-0.236356941578553,-0.971666298771153,0,0,0,0,0,0,1753378816,1753378842.77296,-45.83,-59.123,0,0,0,-0.519590226040073,0.854415587991948,0,0,0,0,0,0,1753378816
1533,1753378842.78941,-46.2071283548189,-67.2629981741156,0,0,0,-0.236356941578553,-0.971666298771153,0,0,0,0,0,0,1753378816,1753378842.78108,-45.83,-59.123,0,0,0,-0.519590226040073,0.854415587991948,0,0,0,0,0,0,1753378816
1534,1753378842.79738,-46.2071283548189,-67.2629981741156,0,0,0,-0.236356941578553,-0.971666298771153,0,0,0,0,0,0,1753378816,1753378842.78945,-45.83,-59.123,0,0,0,-0.519590226040073,0.854415587991948,0,0,0,0,0,0,1753378816
1535,1753378842.80576,-46.2071283548189,-67.2629981741156,0,0,0,-0.236356941578553,-0.971666298771153,0,0,0,0,0,0,1753378816,1753378842.7974,-45.83,-59.123,0,0,0,-0.519590226040073,0.854415587991948,0,0,0,0,0,0,1753378816
1536,1753378842.81424,-46.2071283548189,-67.2629981741156,0,0,0,-0.236356941578553,-0.971666298771153,0,0,0,0,0,0,1753378816,1753378842.80578,-45.83,-59.123,0,0,0,-0.519590226040073,0.854415587991948,0,0,0,0,0,0,1753378816
1537,1753378842.8223,-46.2071283548189,-67.2629981741156,0,0,0,-0.236356941578553,-0.971666298771153,0,0,0,0,0,0,1753378816,1753378842.81428,-45.83,-59.123,0,0,0,-0.519590226040073,0.854415587991948,0,0,0,0,0,0,1753378816
1538,1753378842.83094,-46.2071283548189,-67.2629981741156,0,0,0,-0.236356941578553,-0.971666298771153,0,0,0,0,0,0,1753378816,1753378842.82233,-45.83,-59.123,0,0,0,-0.519590226040073,0.854415587991948,0,0,0,0,0,0,1753378816
1539,1753378842.83903,-46.2071283548189,-67.2629981741156,0,0,0,-0.236356941578553,-0.971666298771153,0,0,0,0,0,0,1753378816,1753378842.83098,-45.83,-59.123,0,0,0,-0.519590226040073,0.854415587991948,0,0,0,0,0,0,1753378816
1540,1753378842.84766,-46.2071283548189,-67.2629981741156,0,0,0,-0.236356941578553,-0.971666298771153,0,0,0,0,0,0,1753378816,1753378842.83906,-45.83,-59.123,0,0,0,-0.519590226040073,0.854415587991948,0,0,0,0,0,0,1753378816
1541,1753378842.85588,-46.2071283548189,-67.2629981741156,0,0,0,-0.236356941578553,-0.971666298771153,0,0,0,0,0,0,1753378816,1753378842.84771,-45.83,-59.123,0,0,0,-0.519590226040073,0.854415587991948,0,0,0,0,0,0,1753378816
1542,1753378842.86444,-46.2071283548189,-67.2629981741156,0,0,0,-0.236356941578553,-0.971666298771153,0,0,0,0,0,0,1753378816,1753378842.85592,-45.83,-59.123,0,0,0,-0.519590226040073,0.854415587991948,0,0,0,0,0,0,1753378816
1543,1753378842.87224,-46.2071283548189,-67.2629981741156,0,0,0,-0.236356941578553,-0.971666298771153,0,0,0,0,0,0,1753378816,1753378842.86448,-45.83,-59.123,0,0,0,-0.519590226040073,0.854415587991948,0,0,0,0,0,0,1753378816
1544,1753378842.88074,-46.2071283548189,-67.2629981741156,0,0,0,-0.236356941578553,-0.971666298771153,0,0,0,0,0,0,1753378816,1753378842.87227,-45.83,-59.123,0,0,0,-0.519590226040073,0.854415587991948,0,0,0,0,0,0,1753378816
1545,1753378842.88916,-46.2071283548189,-67.2629981741156,0,0,0,-0.236356941578553,-0.971666298771153,0,0,0,0,0,0,1753378816,1753378842.88077,-45.83,-59.123,0,0,0,-0.519590226040073,0.854415587991948,0,0,0,0,0,0,1753378816
1546,1753378842.89762,-46.2071283548189,-67.2629981741156,0,0,0,-0.236356941578553,-0.971666298771153,0,0,0,0,0,0,1753378816,1753378842.88918,-45.83,-59.123,0,0,0,-0.519590226040073,0.854415587991948,0,0,0,0,0,0,1753378816
1547,1753378842.90575,-46.2071283548189,-67.2629981741156,0,0,0,-0.236356941578553,-0.971666298771153,0,0,0,0,0,0,1753378816,1753378842.89765,-45.83,-59.123,0,0,0,-0.519590226040073,0.854415587991948,0,0,0,0,0,0,1753378816
1548,1753378842.91424,-46.2071283548189,-67.2629981741156,0,0,0,-0.236356941578553,-0.971666298771153,0,0,0,0,0,0,1753378816,1753378842.90577,-45.83,-59.123,0,0,0,-0.519590226040073,0.854415587991948,0,0,0,0,0,0,1753378816
1549,1753378842.92252,-46.2071283548189,-67.2629981741156,0,0,0,-0.236356941578553,-0.971666298771153,0,0,0,0,0,0,1753378816,1753378842.91429,-45.83,-59.123,0,0,0,-0.519590226040073,0.854415587991948,0,0,0,0,0,0,1753378816
1550,1753378842.93076,-46.2071283548189,-67.2629981741156,0,0,0,-0.236356941578553,-0.971666298771153,0,0,0,0,0,0,1753378816,1753378842.92256,-45.83,-59.123,0,0,0,-0.519590226040073,0.854415587991948,0,0,0,0,0,0,1753378816
1551,1753378842.93917,-46.2071283548189,-67.2629981741156,0,0,0,-0.236356941578553,-0.971666298771153,0,0,0,0,0,0,1753378816,1753378842.93078,-45.83,-59.123,0,0,0,-0.519590226040073,0.854415587991948,0,0,0,0,0,0,1753378816
1552,1753378842.94753,-46.2071283548189,-67.2629981741156,0,0,0,-0.236356941578553,-0.971666298771153,0,0,0,0,0,0,1753378816,1753378842.9392,-45.83,-59.123,0,0,0,-0.519590226040073,0.854415587991948,0,0,0,0,0,0,1753378816
1553,1753378842.95575,-46.2071283548189,-67.2629981741156,0,0,0,-0.236356941578553,-0.971666298771153,0,0,0,0,0,0,1753378816,1753378842.94755,-45.83,-59.123,0,0,0,-0.519590226040073,0.854415587991948,0,0,0,0,0,0,1753378816
1554,1753378842.96397,-46.2071283548189,-67.2629981741156,0,0,0,-0.236356941578553,-0.971666298771153,0,0,0,0,0,0,1753378816,1753378842.95578,-45.83,-59.123,0,0,0,-0.519590226040073,0.854415587991948,0,0,0,0,0,0,1753378816
1555,1753378842.97256,-46.2071283548189,-67.2629981741156,0,0,0,-0.236356941578553,-0.971666298771153,0,0,0,0,0,0,1753378816,1753378842.964,-45.83,-59.123,0,0,0,-0.519590226040073,0.854415587991948,0,0,0,0,0,0,1753378816
1556,1753378842.98077,-46.2071283548189,-67.2629981741156,0,0,0,-0.236356941578553,-0.971666298771153,0,0,0,0,0,0,1753378816,1753378842.97258,-45.83,-59.123,0,0,0,-0.519590226040073,0.854415587991948,0,0,0,0,0,0,1753378816
1557,1753378842.98903,-46.2071283548189,-67.2629981741156,0,0,0,-0.236356941578553,-0.971666298771153,0,0,0,0,0,0,1753378816,1753378842.9808,-45.83,-59.123,0,0,0,-0.519590226040073,0.854415587991948,0,0,0,0,0,0,1753378816
1558,1753378842.99737,-46.2071283548189,-67.2629981741156,0,0,0,-0.236356941578553,-0.971666298771153,0,0,0,0,0,0,1753378816,1753378842.98906,-45.83,-59.123,0,0,0,-0.519590226040073,0.854415587991948,0,0,0,0,0,0,1753378816
1559,1753378843.00582,-46.2071283548189,-67.2629981741156,0,0,0,-0.236356941578553,-0.971666298771153,0,0,0,0,0,0,1753378816,1753378842.99739,-45.83,-59.123,0,0,0,-0.519590226040073,0.854415587991948,0,0,0,0,0,0,1753378816
1560,1753378843.014,-46.2071283548189,-67.2629981741156,0,0,0,-0.236356941578553,-0.971666298771153,0,0,0,0,0,0,1753378816,1753378843.00585,-45.83,-59.123,0,0,0,-0.519590226040073,0.854415587991948,0,0,0,0,0,0,1753378816
1561,1753378843.02225,-46.2071283548189,-67.2629981741156,0,0,0,-0.236356941578553,-0.971666298771153,0,0,0,0,0,0,1753378816,1753378843.01402,-45.83,-59.123,0,0,0,-0.519590226040073,0.854415587991948,0,0,0,0,0,0,1753378816
1562,1753378843.0311,-46.2071283548189,-67.2629981741156,0,0,0,-0.236356941578553,-0.971666298771153,0,0,0,0,0,0,1753378816,1753378843.02227,-45.83,-59.123,0,0,0,-0.519590226040073,0.854415587991948,0,0,0,0,0,0,1753378816
1563,1753378843.03937,-46.2071283548189,-67.2629981741156,0,0,0,-0.236356941578553,-0.971666298771153,0,0,0,0,0,0,1753378816,1753378843.03114,-45.83,-59.123,0,0,0,-0.519590226040073,0.854415587991948,0,0,0,0,0,0,1753378816
1564,1753378843.04743,-46.2071283548189,-67.2629981741156,0,0,0,-0.236356941578553,-0.971666298771153,0,0,0,0,0,0,1753378816,1753378843.0394,-45.83,-59.123,0,0,0,-0.519590226040073,0.854415587991948,0,0,0,0,0,0,1753378816
1565,1753378843.05585,-46.2071283548189,-67.2629981741156,0,0,0,-0.236356941578553,-0.971666298771153,0,0,0,0,0,0,1753378816,1753378843.04745,-45.83,-59.123,0,0,0,-0.519590226040073,0.854415587991948,0,0,0,0,0,0,1753378816
1566,1753378843.06406,-46.2071283548189,-67.2629981741156,0,0,0,-0.236356941578553,-0.971666298771153,0,0,0,0,0,0,1753378816,1753378843.05587,-45.83,-59.123,0,0,0,-0.519590226040073,0.854415587991948,0,0,0,0,0,0,1753378816
1567,1753378843.07256,-46.2071283548189,-67.2629981741156,0,0,0,-0.236356941578553,-0.971666298771153,0,0,0,0,0,0,1753378816,1753378843.06408,-45.83,-59.123,0,0,0,-0.519590226040073,0.854415587991948,0,0,0,0,0,0,1753378816
1568,1753378843.08088,-46.2071283548189,-67.2629981741156,0,0,0,-0.236356941578553,-0.971666298771153,0,0,0,0,0,0,1753378816,1753378843.07259,-45.83,-59.123,0,0,0,-0.519590226040073,0.854415587991948,0,0,0,0,0,0,1753378816
1569,1753378843.08907,-46.2071283548189,-67.2629981741156,0,0,0,-0.236356941578553,-0.971666298771153,0,0,0,0,0,0,1753378816,1753378843.08091,-45.83,-59.123,0,0,0,-0.519590226040073,0.854415587991948,0,0,0,0,0,0,1753378816
1570,1753378843.09773,-46.2071283548189,-67.2629981741156,0,0,0,-0.236356941578553,-0.971666298771153,0,0,0,0,0,0,1753378816,1753378843.08909,-45.83,-59.123,0,0,0,-0.519590226040073,0.854415587991948,0,0,0,0,0,0,1753378816
1571,1753378843.10561,-46.2071283548189,-67.2629981741156,0,0,0,-0.236356941578553,-0.971666298771153,0,0,0,0,0,0,1753378816,1753378843.09777,-45.83,-59.123,0,0,0,-0.519590226040073,0.854415587991948,0,0,0,0,0,0,1753378816
1572,1753378843.11397,-46.2071283548189,-67.2629981741156,0,0,0,-0.236356941578553,-0.971666298771153,0,0,0,0,0,0,1753378816,1753378843.10564,-45.83,-59.123,0,0,0,-0.519590226040073,0.854415587991948,0,0,0,0,0,0,1753378816
1573,1753378843.12219,-46.2071283548189,-67.2629981741156,0,0,0,-0.236356941578553,-0.971666298771153,0,0,0,0,0,0,1753378816,1753378843.11399,-45.83,-59.123,0,0,0,-0.519590226040073,0.854415587991948,0,0,0,0,0,0,1753378816
1574,1753378843.13104,-46.2071283548189,-67.2629981741156,0,0,0,-0.236356941578553,-0.971666298771153,0,0,0,0,0,0,1753378816,1753378843.12221,-45.83,-59.123,0,0,0,-0.519590226040073,0.854415587991948,0,0,0,0,0,0,1753378816
1575,1753378843.13912,-46.2071283548189,-67.2629981741156,0,0,0,-0.236356941578553,-0.971666298771153,0,0,0,0,0,0,1753378816,1753378843.13108,-45.83,-59.123,0,0,0,-0.519590226040073,0.854415587991948,0,0,0,0,0,0,1753378816
1576,1753378843.14773,-46.2071283548189,-67.2629981741156,0,0,0,-0.236356941578553,-0.971666298771153,0,0,0,0,0,0,1753378816,1753378843.13915,-45.83,-59.123,0,0,0,-0.519590226040073,0.854415587991948,0,0,0,0,0,0,1753378816
1577,1753378843.15564,-46.2071283548189,-67.2629981741156,0,0,0,-0.236356941578553,-0.971666298771153,0,0,0,0,0,0,1753378816,1753378843.14777,-45.83,-59.123,0,0,0,-0.519590226040073,0.854415587991948,0,0,0,0,0,0,1753378816
1578,1753378843.16398,-46.2071283548189,-67.2629981741156,0,0,0,-0.236356941578553,-0.971666298771153,0,0,0,0,0,0,1753378816,1753378843.15566,-45.83,-59.123,0,0,0,-0.519590226040073,0.854415587991948,0,0,0,0,0,0,1753378816
1579,1753378843.17235,-46.2071283548189,-67.2629981741156,0,0,0,-0.236356941578553,-0.971666298771153,0,0,0,0,0,0,1753378816,1753378843.164,-45.83,-59.123,0,0,0,-0.519590226040073,0.854415587991948,0,0,0,0,0,0,1753378816
1580,1753378843.18069,-46.2071283548189,-67.2629981741156,0,0,0,-0.236356941578553,-0.971666298771153,0,0,0,0,0,0,1753378816,1753378843.17237,-45.83,-59.123,0,0,0,-0.519590226040073,0.854415587991948,0,0,0,0,0,0,1753378816
1581,1753378843.1893,-46.2071283548189,-67.2629981741156,0,0,0,-0.236356941578553,-0.971666298771153,0,0,0,0,0,0,1753378816,1753378843.18071,-45.83,-59.123,0,0,0,-0.519590226040073,0.854415587991948,0,0,0,0,0,0,1753378816
1582,1753378843.19762,-46.2071283548189,-67.2629981741156,0,0,0,-0.236356941578553,-0.971666298771153,0,0,0,0,0,0,1753378816,1753378843.18934,-45.83,-59.123,0,0,0,-0.519590226040073,0.854415587991948,0,0,0,0,0,0,1753378816
1583,1753378843.20593,-46.2071283548189,-67.2629981741156,0,0,0,-0.236356941578553,-0.971666298771153,0,0,0,0,0,0,1753378816,1753378843.19767,-45.83,-59.123,0,0,0,-0.519590226040073,0.854415587991948,0,0,0,0,0,0,1753378816
1584,1753378843.21455,-46.2071283548189,-67.2629981741156,0,0,0,-0.236356941578553,-0.971666298771153,0,0,0,0,0,0,1753378816,1753378843.20597,-45.83,-59.123,0,0,0,-0.519590226040073,0.854415587991948,0,0,0,0,0,0,1753378816
1585,1753378843.22225,-46.2071283548189,-67.2629981741156,0,0,0,-0.236356941578553,-0.971666298771153,0,0,0,0,0,0,1753378816,1753378843.21461,-45.83,-59.123,0,0,0,-0.519590226040073,0.854415587991948,0,0,0,0,0,0,1753378816
1586,1753378843.23076,-46.2071283548189,-67.2629981741156,0,0,0,-0.236356941578553,-0.971666298771153,0,0,0,0,0,0,1753378816,1753378843.22227,-45.83,-59.123,0,0,0,-0.519590226040073,0.854415587991948,0,0,0,0,0,0,1753378816
1587,1753378843.23924,-46.2071283548189,-67.2629981741156,0,0,0,-0.236356941578553,-0.971666298771153,0,0,0,0,0,0,1753378816,1753378843.23079,-45.83,-59.123,0,0,0,-0.519590226040073,0.854415587991948,0,0,0,0,0,0,1753378816
1588,1753378843.24778,-46.2071283548189,-67.2629981741156,0,0,0,-0.236356941578553,-0.971666298771153,0,0,0,0,0,0,1753378816,1753378843.23929,-45.83,-59.123,0,0,0,-0.519590226040073,0.854415587991948,0,0,0,0,0,0,1753378816
1589,1753378843.25594,-46.2071283548189,-67.2629981741156,0,0,0,-0.236356941578553,-0.971666298771153,0,0,0,0,0,0,1753378816,1753378843.24783,-45.83,-59.123,0,0,0,-0.519590226040073,0.854415587991948,0,0,0,0,0,0,1753378816
1590,1753378843.26429,-46.2071283548189,-67.2629981741156,0,0,0,-0.236356941578553,-0.971666298771153,0,0,0,0,0,0,1753378816,1753378843.25598,-45.83,-59.123,0,0,0,-0.519590226040073,0.854415587991948,0,0,0,0,0,0,1753378816
1591,1753378843.27223,-46.2071283548189,-67.2629981741156,0,0,0,-0.236356941578553,-0.971666298771153,0,0,0,0,0,0,1753378816,1753378843.26433,-45.83,-59.123,0,0,0,-0.519590226040073,0.854415587991948,0,0,0,0,0,0,1753378816
1592,1753378843.28112,-46.2071283548189,-67.2629981741156,0,0,0,-0.236356941578553,-0.971666298771153,0,0,0,0,0,0,1753378816,1753378843.27225,-45.83,-59.123,0,0,0,-0.519590226040073,0.854415587991948,0,0,0,0,0,0,1753378816
1593,1753378843.28927,-46.2071283548189,-67.2629981741156,0,0,0,-0.236356941578553,-0.971666298771153,0,0,0,0,0,0,1753378816,1753378843.28116,-45.83,-59.123,0,0,0,-0.519590226040073,0.854415587991948,0,0,0,0,0,0,1753378816
1594,1753378843.29745,-46.2071283548189,-67.2629981741156,0,0,0,-0.236356941578553,-0.971666298771153,0,0,0,0,0,0,1753378816,1753378843.28933,-45.83,-59.123,0,0,0,-0.519590226040073,0.854415587991948,0,0,0,0,0,0,1753378816
1595,1753378843.30562,-46.2071283548189,-67.2629981741156,0,0,0,-0.236356941578553,-0.971666298771153,0,0,0,0,0,0,1753378816,1753378843.29748,-45.83,-59.123,0,0,0,-0.519590226040073,0.854415587991948,0,0,0,0,0,0,1753378816
1596,1753378843.3141,-46.2071283548189,-67.2629981741156,0,0,0,-0.236356941578553,-0.971666298771153,0,0,0,0,0,0,1753378816,1753378843.30564,-45.83,-59.123,0,0,0,-0.519590226040073,0.854415587991948,0,0,0,0,0,0,1753378816
1597,1753378843.32297,-46.2071283548189,-67.2629981741156,0,0,0,-0.236356941578553,-0.971666298771153,0,0,0,0,0,0,1753378816,1753378843.31413,-45.83,-59.123,0,0,0,-0.519590226040073,0.854415587991948,0,0,0,0,0,0,1753378816
1598,1753378843.33098,-46.2071283548189,-67.2629981741156,0,0,0,-0.236356941578553,-0.971666298771153,0,0,0,0,0,0,1753378816,1753378843.32301,-45.83,-59.123,0,0,0,-0.519590226040073,0.854415587991948,0,0,0,0,0,0,1753378816
1599,1753378843.33917,-46.2071283548189,-67.2629981741156,0,0,0,-0.236356941578553,-0.971666298771153,0,0,0,0,0,0,1753378816,1753378843.33102,-45.83,-59.123,0,0,0,-0.519590226040073,0.854415587991948,0,0,0,0,0,0,1753378816
1600,1753378843.34775,-46.2071283548189,-67.2629981741156,0,0,0,-0.236356941578553,-0.971666298771153,0,0,0,0,0,0,1753378816,1753378843.33919,-45.83,-59.123,0,0,0,-0.519590226040073,0.854415587991948,0,0,0,0,0,0,1753378816
1601,1753378843.35591,-46.2071283548189,-67.2629981741156,0,0,0,-0.236356941578553,-0.971666298771153,0,0,0,0,0,0,1753378816,1753378843.3478,-45.83,-59.123,0,0,0,-0.519590226040073,0.854415587991948,0,0,0,0,0,0,1753378816
1602,1753378843.36429,-46.2071283548189,-67.2629981741156,0,0,0,-0.236356941578553,-0.971666298771153,0,0,0,0,0,0,1753378816,1753378843.35595,-45.83,-59.123,0,0,0,-0.519590226040073,0.854415587991948,0,0,0,0,0,0,1753378816
1603,1753378843.37278,-46.2071283548189,-67.2629981741156,0,0,0,-0.236356941578553,-0.971666298771153,0,0,0,0,0,0,1753378816,1753378843.36433,-45.83,-59.123,0,0,0,-0.519590226040073,0.854415587991948,0,0,0,0,0,0,1753378816
1604,1753378843.38084,-46.2071283548189,-67.2629981741156,0,0,0,-0.236356941578553,-0.971666298771153,0,0,0,0,0,0,1753378816,1753378843.37282,-45.83,-59.123,0,0,0,-0.519590226040073,0.854415587991948,0,0,0,0,0,0,1753378816
1605,1753378843.38941,-46.2071283548189,-67.2629981741156,0,0,0,-0.236356941578553,-0.971666298771153,0,0,0,0,0,0,1753378816,1753378843.38087,-45.83,-59.123,0,0,0,-0.519590226040073,0.854415587991948,0,0,0,0,0,0,1753378816
1606,1753378843.39759,-46.2071283548189,-67.2629981741156,0,0,0,-0.236356941578553,-0.971666298771153,0,0,0,0,0,0,1753378816,1753378843.38946,-45.83,-59.123,0,0,0,-0.519590226040073,0.854415587991948,0,0,0,0,0,0,1753378816
1607,1753378843.40582,-46.2071283548189,-67.2629981741156,0,0,0,-0.236356941578553,-0.971666298771153,0,0,0,0,0,0,1753378816,1753378843.39762,-45.83,-59.123,0,0,0,-0.519590226040073,0.854415587991948,0,0,0,0,0,0,1753378816
1608,1753378843.414,-46.2071283548189,-67.2629981741156,0,0,0,-0.236356941578553,-0.971666298771153,0,0,0,0,0,0,1753378816,1753378843.40586,-45.83,-59.123,0,0,0,-0.519590226040073,0.854415587991948,0,0,0,0,0,0,1753378816
1609,1753378843.4225,-46.2071283548189,-67.2629981741156,0,0,0,-0.236356941578553,-0.971666298771153,0,0,0,0,0,0,1753378816,1753378843.41403,-45.83,-59.123,0,0,0,-0.519590226040073,0.854415587991948,0,0,0,0,0,0,1753378816
1610,1753378843.43079,-46.2071283548189,-67.2629981741156,0,0,0,-0.236356941578553,-0.971666298771153,0,0,0,0,0,0,1753378816,1753378843.42252,-45.83,-59.123,0,0,0,-0.519590226040073,0.854415587991948,0,0,0,0,0,0,1753378816
1611,1753378843.43911,-46.2071283548189,-67.2629981741156,0,0,0,-0.236356941578553,-0.971666298771153,0,0,0,0,0,0,1753378816,1753378843.43081,-45.83,-59.123,0,0,0,-0.519590226040073,0.854415587991948,0,0,0,0,0,0,1753378816
1612,1753378843.44799,-46.2071283548189,-67.2629981741156,0,0,0,-0.236356941578553,-0.971666298771153,0,0,0,0,0,0,1753378816,1753378843.43914,-45.83,-59.123,0,0,0,-0.519590226040073,0.854415587991948,0,0,0,0,0,0,1753378816
1613,1753378843.45586,-46.2071283548189,-67.2629981741156,0,0,0,-0.236356941578553,-0.971666298771153,0,0,0,0,0,0,1753378816,1753378843.44805,-45.83,-59.123,0,0,0,-0.519590226040073,0.854415587991948,0,0,0,0,0,0,1753378816
1614,1753378843.46404,-46.2071283548189,-67.2629981741156,0,0,0,-0.236356941578553,-0.971666298771153,0,0,0,0,0,0,1753378816,1753378843.45589,-45.83,-59.123,0,0,0,-0.519590226040073,0.854415587991948,0,0,0,0,0,0,1753378816
1615,1753378843.47272,-46.2071283548189,-67.2629981741156,0,0,0,-0.236356941578553,-0.971666298771153,0,0,0,0,0,0,1753378816,1753378843.46407,-45.83,-59.123,0,0,0,-0.519590226040073,0.854415587991948,0,0,0,0,0,0,1753378816
1616,1753378843.48093,-46.2071283548189,-67.2629981741156,0,0,0,-0.236356941578553,-0.971666298771153,0,0,0,0,0,0,1753378816,1753378843.47276,-45.83,-59.123,0,0,0,-0.519590226040073,0.854415587991948,0,0,0,0,0,0,1753378816
1617,1753378843.48935,-46.2071283548189,-67.2629981741156,0,0,0,-0.236356941578553,-0.971666298771153,0,0,0,0,0,0,1753378816,1753378843.48096,-45.83,-59.123,0,0,0,-0.519590226040073,0.854415587991948,0,0,0,0,0,0,1753378816
1618,1753378843.49733,-46.2071283548189,-67.2629981741156,0,0,0,-0.236356941578553,-0.971666298771153,0,0,0,0,0,0,1753378816,1753378843.4894,-45.83,-59.123,0,0,0,-0.519590226040073,0.854415587991948,0,0,0,0,0,0,1753378816
1619,1753378843.50585,-46.2071283548189,-67.2629981741156,0,0,0,-0.236356941578553,-0.971666298771153,0,0,0,0,0,0,1753378816,1753378843.49735,-45.83,-59.123,0,0,0,-0.519590226040073,0.854415587991948,0,0,0,0,0,0,1753378816
1620,1753378843.514,-46.2071283548189,-67.2629981741156,0,0,0,-0.236356941578553,-0.971666298771153,0,0,0,0,0,0,1753378816,1753378843.50588,-45.83,-59.123,0,0,0,-0.519590226040073,0.854415587991948,0,0,0,0,0,0,1753378816
1621,1753378843.52239,-46.2071283548189,-67.2629981741156,0,0,0,-0.236356941578553,-0.971666298771153,0,0,0,0,0,0,1753378816,1753378843.51403,-45.83,-59.123,0,0,0,-0.519590226040073,0.854415587991948,0,0,0,0,0,0,1753378816
1622,1753378843.53118,-46.2071283548189,-67.2629981741156,0,0,0,-0.236356941578553,-0.971666298771153,0,0,0,0,0,0,1753378816,1753378843.52241,-45.83,-59.123,0,0,0,-0.519590226040073,0.854415587991948,0,0,0,0,0,0,1753378816
1623,1753378843.53934,-46.2071283548189,-67.2629981741156,0,0,0,-0.236356941578553,-0.971666298771153,0,0,0,0,0,0,1753378816,1753378843.53123,-45.83,-59.123,0,0,0,-0.519590226040073,0.854415587991948,0,0,0,0,0,0,1753378816
1624,1753378843.5476,-46.2071283548189,-67.2629981741156,0,0,0,-0.236356941578553,-0.971666298771153,0,0,0,0,0,0,1753378816,1753378843.53938,-45.83,-59.123,0,0,0,-0.519590226040073,0.854415587991948,0,0,0,0,0,0,1753378816
1625,1753378843.5558,-46.2071283548189,-67.2629981741156,0,0,0,-0.236356941578553,-0.971666298771153,0,0,0,0,0,0,1753378816,1753378843.54764,-45.83,-59.123,0,0,0,-0.519590226040073,0.854415587991948,0,0,0,0,0,0,1753378816
1626,1753378843.56409,-46.2071283548189,-67.2629981741156,0,0,0,-0.236356941578553,-0.971666298771153,0,0,0,0,0,0,1753378816,1753378843.55582,-45.83,-59.123,0,0,0,-0.519590226040073,0.854415587991948,0,0,0,0,0,0,1753378816
1627,1753378843.57245,-46.2071283548189,-67.2629981741156,0,0,0,-0.236356941578553,-0.971666298771153,0,0,0,0,0,0,1753378816,1753378843.56411,-45.83,-59.123,0,0,0,-0.519590226040073,0.854415587991948,0,0,0,0,0,0,1753378816
1628,1753378843.58078,-46.2071283548189,-67.2629981741156,0,0,0,-0.236356941578553,-0.971666298771153,0,0,0,0,0,0,1753378816,1753378843.57247,-45.83,-59.123,0,0,0,-0.519590226040073,0.854415587991948,0,0,0,0,0,0,1753378816
1629,1753378843.58904,-46.2071283548189,-67.2629981741156,0,0,0,-0.236356941578553,-0.971666298771153,0,0,0,0,0,0,1753378816,1753378843.58081,-45.83,-59.123,0,0,0,-0.519590226040073,0.854415587991948,0,0,0,0,0,0,1753378816
1630,1753378843.59737,-46.2071283548189,-67.2629981741156,0,0,0,-0.236356941578553,-0.971666298771153,0,0,0,0,0,0,1753378816,1753378843.58906,-45.83,-59.123,0,0,0,-0.519590226040073,0.854415587991948,0,0,0,0,0,0,1753378816
1631,1753378843.60565,-46.2071283548189,-67.2629981741156,0,0,0,-0.236356941578553,-0.971666298771153,0,0,0,0,0,0,1753378816,1753378843.5974,-45.83,-59.123,0,0,0,-0.519590226040073,0.854415587991948,0,0,0,0,0,0,1753378816
1632,1753378843.61437,-46.2071283548189,-67.2629981741156,0,0,0,-0.236356941578553,-0.971666298771153,0,0,0,0,0,0,1753378816,1753378843.60567,-45.83,-59.123,0,0,0,-0.519590226040073,0.854415587991948,0,0,0,0,0,0,1753378816
1633,1753378843.62315,-46.2071283548189,-67.2629981741156,0,0,0,-0.236356941578553,-0.971666298771153,0,0,0,0,0,0,1753378816,1753378843.61442,-45.83,-59.123,0,0,0,-0.519590226040073,0.854415587991948,0,0,0,0,0,0,1753378816
1634,1753378843.63084,-46.2071283548189,-67.2629981741156,0,0,0,-0.236356941578553,-0.971666298771153,0,0,0,0,0,0,1753378816,1753378843.6232,-45.83,-59.123,0,0,0,-0.519590226040073,0.854415587991948,0,0,0,0,0,0,1753378816
1635,1753378843.63904,-46.2071283548189,-67.2629981741156,0,0,0,-0.236356941578553,-0.971666298771153,0,0,0,0,0,0,1753378816,1753378843.63086,-45.83,-59.123,0,0,0,-0.519590226040073,0.854415587991948,0,0,0,0,0,0,1753378816
1636,1753378843.64737,-46.2071283548189,-67.2629981741156,0,0,0,-0.236356941578553,-0.971666298771153,0,0,0,0,0,0,1753378816,1753378843.63906,-45.83,-59.123,0,0,0,-0.519590226040073,0.854415587991948,0,0,0,0,0,0,1753378816
1637,1753378843.65572,-46.2071283548189,-67.2629981741156,0,0,0,-0.236356941578553,-0.971666298771153,0,0,0,0,0,0,1753378816,1753378843.64739,-45.83,-59.123,0,0,0,-0.519590226040073,0.854415587991948,0,0,0,0,0,0,1753378816
1638,1753378843.66432,-46.2071283548189,-67.2629981741156,0,0,0,-0.236356941578553,-0.971666298771153,0,0,0,0,0,0,1753378816,1753378843.65574,-45.83,-59.123,0,0,0,-0.519590226040073,0.854415587991948,0,0,0,0,0,0,1753378816
1639,1753378843.6729,-46.2071283548189,-67.2629981741156,0,0,0,-0.236356941578553,-0.971666298771153,0,0,0,0,0,0,1753378816,1753378843.66437,-45.83,-59.123,0,0,0,-0.519590226040073,0.854415587991948,0,0,0,0,0,0,1753378816
1640,1753378843.68098,-46.2071283548189,-67.2629981741156,0,0,0,-0.236356941578553,-0.971666298771153,0,0,0,0,0,0,1753378816,1753378843.67294,-45.83,-59.123,0,0,0,-0.519590226040073,0.854415587991948,0,0,0,0,0,0,1753378816
1641,1753378843.6893,-46.2071283548189,-67.2629981741156,0,0,0,-0.236356941578553,-0.971666298771153,0,0,0,0,0,0,1753378816,1753378843.68102,-45.83,-59.123,0,0,0,-0.519590226040073,0.854415587991948,0,0,0,0,0,0,1753378816
1642,1753378843.69763,-46.2071283548189,-67.2629981741156,0,0,0,-0.236356941578553,-0.971666298771153,0,0,0,0,0,0,1753378816,1753378843.68934,-45.83,-59.123,0,0,0,-0.519590226040073,0.854415587991948,0,0,0,0,0,0,1753378816
1643,1753378843.70596,-46.2071283548189,-67.2629981741156,0,0,0,-0.236356941578553,-0.971666298771153,0,0,0,0,0,0,1753378816,1753378843.69767,-45.83,-59.123,0,0,0,-0.519590226040073,0.854415587991948,0,0,0,0,0,0,1753378816
1644,1753378843.71427,-46.2071283548189,-67.2629981741156,0,0,0,-0.236356941578553,-0.971666298771153,0,0,0,0,0,0,1753378816,1753378843.706,-45.83,-59.123,0,0,0,-0.519590226040073,0.854415587991948,0,0,0,0,0,0,1753378816
1645,1753378843.72292,-46.2071283548189,-67.2629981741156,0,0,0,-0.236356941578553,-0.971666298771153,0,0,0,0,0,0,1753378816,1753378843.71433,-45.83,-59.123,0,0,0,-0.519590226040073,0.854415587991948,0,0,0,0,0,0,1753378816
1646,1753378843.73104,-46.2071283548189,-67.2629981741156,0,0,0,-0.236356941578553,-0.971666298771153,0,0,0,0,0,0,1753378816,1753378843.72296,-45.83,-59.123,0,0,0,-0.519590226040073,0.854415587991948,0,0,0,0,0,0,1753378816
1647,1753378843.73934,-46.2071283548189,-67.2629981741156,0,0,0,-0.236356941578553,-0.971666298771153,0,0,0,0,0,0,1753378816,1753378843.73108,-45.83,-59.123,0,0,0,-0.519590226040073,0.854415587991948,0,0,0,0,0,0,1753378816
1648,1753378843.74771,-46.2071283548189,-67.2629981741156,0,0,0,-0.236356941578553,-0.971666298771153,0,0,0,0,0,0,1753378816,1753378843.73939,-45.83,-59.123,0,0,0,-0.519590226040073,0.854415587991948,0,0,0,0,0,0,1753378816
1649,1753378843.75597,-46.2071283548189,-67.2629981741156,0,0,0,-0.236356941578553,-0.971666298771153,0,0,0,0,0,0,1753378816,1753378843.74775,-45.83,-59.123,0,0,0,-0.519590226040073,0.854415587991948,0,0,0,0,0,0,1753378816
1650,1753378843.76406,-46.2071283548189,-67.2629981741156,0,0,0,-0.236356941578553,-0.971666298771153,0,0,0,0,0,0,1753378816,1753378843.75601,-45.83,-59.123,0,0,0,-0.519590226040073,0.854415587991948,0,0,0,0,0,0,1753378816
1651,1753378843.77291,-46.2071283548189,-67.2629981741156,0,0,0,-0.236356941578553,-0.971666298771153,0,0,0,0,0,0,1753378816,1753378843.76409,-45.83,-59.123,0,0,0,-0.519590226040073,0.854415587991948,0,0,0,0,0,0,1753378816
1652,1753378843.78082,-46.2071283548189,-67.2629981741156,0,0,0,-0.236356941578553,-0.971666298771153,0,0,0,0,0,0,1753378816,1753378843.77295,-45.83,-59.123,0,0,0,-0.519590226040073,0.854415587991948,0,0,0,0,0,0,1753378816
1653,1753378843.78907,-46.2071283548189,-67.2629981741156,0,0,0,-0.236356941578553,-0.971666298771153,0,0,0,0,0,0,1753378816,1753378843.78084,-45.83,-59.123,0,0,0,-0.519590226040073,0.854415587991948,0,0,0,0,0,0,1753378816
1654,1753378843.79746,-46.2071283548189,-67.2629981741156,0,0,0,-0.236356941578553,-0.971666298771153,0,0,0,0,0,0,1753378816,1753378843.7891,-45.83,-59.123,0,0,0,-0.519590226040073,0.854415587991948,0,0,0,0,0,0,1753378816
1655,1753378843.80575,-46.2071283548189,-67.2629981741156,0,0,0,-0.236356941578553,-0.971666298771153,0,0,0,0,0,0,1753378816,1753378843.79748,-45.83,-59.123,0,0,0,-0.519590226040073,0.854415587991948,0,0,0,0,0,0,1753378816
1656,1753378843.81405,-46.2071283548189,-67.2629981741156,0,0,0,-0.236356941578553,-0.971666298771153,0,0,0,0,0,0,1753378816,1753378843.80578,-45.83,-59.123,0,0,0,-0.519590226040073,0.854415587991948,0,0,0,0,0,0,1753378816
1657,1753378843.82248,-46.2071283548189,-67.2629981741156,0,0,0,-0.236356941578553,-0.971666298771153,0,0,0,0,0,0,1753378816,1753378843.81407,-45.83,-59.123,0,0,0,-0.519590226040073,0.854415587991948,0,0,0,0,0,0,1753378816
1658,1753378843.83101,-46.2071283548189,-67.2629981741156,0,0,0,-0.236356941578553,-0.971666298771153,0,0,0,0,0,0,1753378816,1753378843.8225,-45.83,-59.123,0,0,0,-0.519590226040073,0.854415587991948,0,0,0,0,0,0,1753378816
1659,1753378843.83929,-46.2071283548189,-67.2629981741156,0,0,0,-0.236356941578553,-0.971666298771153,0,0,0,0,0,0,1753378816,1753378843.83104,-45.83,-59.123,0,0,0,-0.519590226040073,0.854415587991948,0,0,0,0,0,0,1753378816
1660,1753378843.84745,-46.2071283548189,-67.2629981741156,0,0,0,-0.236356941578553,-0.971666298771153,0,0,0,0,0,0,1753378816,1753378843.83931,-45.83,-59.123,0,0,0,-0.519590226040073,0.854415587991948,0,0,0,0,0,0,1753378816
1661,1753378843.85585,-46.2071283548189,-67.2629981741156,0,0,0,-0.236356941578553,-0.971666298771153,0,0,0,0,0,0,1753378816,1753378843.84747,-45.83,-59.123,0,0,0,-0.519590226040073,0.854415587991948,0,0,0,0,0,0,1753378816
1662,1753378843.86404,-46.2071283548189,-67.2629981741156,0,0,0,-0.236356941578553,-0.971666298771153,0,0,0,0,0,0,1753378816,1753378843.85588,-45.83,-59.123,0,0,0,-0.519590226040073,0.854415587991948,0,0,0,0,0,0,1753378816
1663,1753378843.87233,-46.2071283548189,-67.2629981741156,0,0,0,-0.236356941578553,-0.971666298771153,0,0,0,0,0,0,1753378816,1753378843.86407,-45.83,-59.123,0,0,0,-0.519590226040073,0.854415587991948,0,0,0,0,0,0,1753378816
1664,1753378843.88078,-46.2071283548189,-67.2629981741156,0,0,0,-0.236356941578553,-0.971666298771153,0,0,0,0,0,0,1753378816,1753378843.87235,-45.83,-59.123,0,0,0,-0.519590226040073,0.854415587991948,0,0,0,0,0,0,1753378816
1665,1753378843.8891,-46.2071283548189,-67.2629981741156,0,0,0,-0.236356941578553,-0.971666298771153,0,0,0,0,0,0,1753378816,1753378843.88081,-45.83,-59.123,0,0,0,-0.519590226040073,0.854415587991948,0,0,0,0,0,0,1753378816
1666,1753378843.89747,-46.2071283548189,-67.2629981741156,0,0,0,-0.236356941578553,-0.971666298771153,0,0,0,0,0,0,1753378816,1753378843.88912,-45.83,-59.123,0,0,0,-0.519590226040073,0.854415587991948,0,0,0,0,0,0,1753378816
1667,1753378843.90583,-46.2071283548189,-67.2629981741156,0,0,0,-0.236356941578553,-0.971666298771153,0,0,0,0,0,0,1753378816,1753378843.8975,-45.83,-59.123,0,0,0,-0.519590226040073,0.854415587991948,0,0,0,0,0,0,1753378816
