,ado6 timestamp,ado6_uvs_x,ado6_uvs_y,ado6_uvs_z,ado6_uvs_orientation_x,ado6_uvs_orientation_y,ado6_uvs_orientation_z,ado6_uvs_orientation_w,ado6_uvs_vx,ado6_uvs_vy,ado6_uvs_vz,ado6_uvs_wx,ado6_uvs_wy,ado6_uvs_wz,ado6_uvs time_s,ado7 timestamp,ado7_uvs_x,ado7_uvs_y,ado7_uvs_z,ado7_uvs_orientation_x,ado7_uvs_orientation_y,ado7_uvs_orientation_z,ado7_uvs_orientation_w,ado7_uvs_vx,ado7_uvs_vy,ado7_uvs_vz,ado7_uvs_wx,ado7_uvs_wy,ado7_uvs_wz,ado7_uvs time_s
0,1753378696.54225,13.67,-35.674,0,0,0,-0.973862533437364,0.227138208954282,3.5,0,0,0,0,0,1753378688,1753378696.54231,6.582,-45.685,0,0,0,-0.853375684333934,-0.521296404541207,0,0,0,0,0,0,1753378688
1,1753378696.55059,13.67,-35.674,0,0,0,-0.973862533437364,0.227138208954282,3.5,0,0,0,0,0,1753378688,1753378696.54231,6.582,-45.685,0,0,0,-0.853375684333934,-0.521296404541207,0,0,0,0,0,0,1753378688
2,1753378696.55885,13.67,-35.674,0,0,0,-0.973862533437364,0.227138208954282,3.5,0,0,0,0,0,1753378688,1753378696.55064,6.582,-45.685,0,0,0,-0.853375684333934,-0.521296404541207,0,0,0,0,0,0,1753378688
3,1753378696.56689,13.67,-35.674,0,0,0,-0.973862533437364,0.227138208954282,3.5,0,0,0,0,0,1753378688,1753378696.5589,6.582,-45.685,0,0,0,-0.853375684333934,-0.521296404541207,0,0,0,0,0,0,1753378688
4,1753378696.57521,13.67,-35.674,0,0,0,-0.973862533437364,0.227138208954282,3.5,0,0,0,0,0,1753378688,1753378696.56691,6.582,-45.685,0,0,0,-0.853375684333934,-0.521296404541207,0,0,0,0,0,0,1753378688
5,1753378696.58346,13.67,-35.674,0,0,0,-0.973862533437364,0.227138208954282,3.5,0,0,0,0,0,1753378688,1753378696.57524,6.582,-45.685,0,0,0,-0.853375684333934,-0.521296404541207,0,0,0,0,0,0,1753378688
6,1753378696.59186,13.67,-35.674,0,0,0,-0.973862533437364,0.227138208954282,3.5,0,0,0,0,0,1753378688,1753378696.58349,6.582,-45.685,0,0,0,-0.853375684333934,-0.521296404541207,0,0,0,0,0,0,1753378688
7,1753378696.6003,13.67,-35.674,0,0,0,-0.973862533437364,0.227138208954282,3.5,0,0,0,0,0,1753378688,1753378696.59188,6.582,-45.685,0,0,0,-0.853375684333934,-0.521296404541207,0,0,0,0,0,0,1753378688
8,1753378696.6085,13.67,-35.674,0,0,0,-0.973862533437364,0.227138208954282,3.5,0,0,0,0,0,1753378688,1753378696.60033,6.582,-45.685,0,0,0,-0.853375684333934,-0.521296404541207,0,0,0,0,0,0,1753378688
9,1753378696.61683,13.67,-35.674,0,0,0,-0.973862533437364,0.227138208954282,3.5,0,0,0,0,0,1753378688,1753378696.60852,6.582,-45.685,0,0,0,-0.853375684333934,-0.521296404541207,0,0,0,0,0,0,1753378688
10,1753378696.62543,13.67,-35.674,0,0,0,-0.973862533437364,0.227138208954282,3.5,0,0,0,0,0,1753378688,1753378696.61685,6.582,-45.685,0,0,0,-0.853375684333934,-0.521296404541207,0,0,0,0,0,0,1753378688
11,1753378696.63361,13.67,-35.674,0,0,0,-0.973862533437364,0.227138208954282,3.5,0,0,0,0,0,1753378688,1753378696.62548,6.582,-45.685,0,0,0,-0.853375684333934,-0.521296404541207,0,0,0,0,0,0,1753378688
12,1753378696.64223,13.67,-35.674,0,0,0,-0.973862533437364,0.227138208954282,3.5,0,0,0,0,0,1753378688,1753378696.63364,6.582,-45.685,0,0,0,-0.853375684333934,-0.521296404541207,0,0,0,0,0,0,1753378688
13,1753378696.65027,13.67,-35.674,0,0,0,-0.973862533437364,0.227138208954282,3.5,0,0,0,0,0,1753378688,1753378696.64228,6.582,-45.685,0,0,0,-0.853375684333934,-0.521296404541207,0,0,0,0,0,0,1753378688
14,1753378696.65856,13.67,-35.674,0,0,0,-0.973862533437364,0.227138208954282,3.5,0,0,0,0,0,1753378688,1753378696.6503,6.582,-45.685,0,0,0,-0.853375684333934,-0.521296404541207,0,0,0,0,0,0,1753378688
15,1753378696.66691,13.67,-35.674,0,0,0,-0.973862533437364,0.227138208954282,3.5,0,0,0,0,0,1753378688,1753378696.65859,6.582,-45.685,0,0,0,-0.853375684333934,-0.521296404541207,0,0,0,0,0,0,1753378688
16,1753378696.67517,13.67,-35.674,0,0,0,-0.973862533437364,0.227138208954282,3.5,0,0,0,0,0,1753378688,1753378696.66694,6.582,-45.685,0,0,0,-0.853375684333934,-0.521296404541207,0,0,0,0,0,0,1753378688
17,1753378696.68353,13.67,-35.674,0,0,0,-0.973862533437364,0.227138208954282,3.5,0,0,0,0,0,1753378688,1753378696.67519,6.582,-45.685,0,0,0,-0.853375684333934,-0.521296404541207,0,0,0,0,0,0,1753378688
18,1753378696.69206,13.67,-35.674,0,0,0,-0.973862533437364,0.227138208954282,3.5,0,0,0,0,0,1753378688,1753378696.68355,6.582,-45.685,0,0,0,-0.853375684333934,-0.521296404541207,0,0,0,0,0,0,1753378688
19,1753378696.70024,13.67,-35.674,0,0,0,-0.973862533437364,0.227138208954282,3.5,0,0,0,0,0,1753378688,1753378696.69209,6.582,-45.685,0,0,0,-0.853375684333934,-0.521296404541207,0,0,0,0,0,0,1753378688
20,1753378696.70897,13.67,-35.674,0,0,0,-0.973862533437364,0.227138208954282,3.5,0,0,0,0,0,1753378688,1753378696.70027,6.582,-45.685,0,0,0,-0.853375684333934,-0.521296404541207,0,0,0,0,0,0,1753378688
21,1753378696.71688,13.67,-35.674,0,0,0,-0.973862533437364,0.227138208954282,3.5,0,0,0,0,0,1753378688,1753378696.70901,6.582,-45.685,0,0,0,-0.853375684333934,-0.521296404541207,0,0,0,0,0,0,1753378688
22,1753378696.72517,13.67,-35.674,0,0,0,-0.973862533437364,0.227138208954282,3.5,0,0,0,0,0,1753378688,1753378696.71691,6.582,-45.685,0,0,0,-0.853375684333934,-0.521296404541207,0,0,0,0,0,0,1753378688
23,1753378696.73352,13.67,-35.674,0,0,0,-0.973862533437364,0.227138208954282,3.5,0,0,0,0,0,1753378688,1753378696.72519,6.582,-45.685,0,0,0,-0.853375684333934,-0.521296404541207,0,0,0,0,0,0,1753378688
24,1753378696.74192,13.67,-35.674,0,0,0,-0.973862533437364,0.227138208954282,3.5,0,0,0,0,0,1753378688,1753378696.73354,6.582,-45.685,0,0,0,-0.853375684333934,-0.521296404541207,0,0,0,0,0,0,1753378688
25,1753378696.75037,13.67,-35.674,0,0,0,-0.973862533437364,0.227138208954282,3.5,0,0,0,0,0,1753378688,1753378696.74194,6.582,-45.685,0,0,0,-0.853375684333934,-0.521296404541207,0,0,0,0,0,0,1753378688
26,1753378696.75857,13.67,-35.674,0,0,0,-0.973862533437364,0.227138208954282,3.5,0,0,0,0,0,1753378688,1753378696.75039,6.582,-45.685,0,0,0,-0.853375684333934,-0.521296404541207,0,0,0,0,0,0,1753378688
27,1753378696.76682,13.67,-35.674,0,0,0,-0.973862533437364,0.227138208954282,3.5,0,0,0,0,0,1753378688,1753378696.7586,6.582,-45.685,0,0,0,-0.853375684333934,-0.521296404541207,0,0,0,0,0,0,1753378688
28,1753378696.77514,13.67,-35.674,0,0,0,-0.973862533437364,0.227138208954282,3.5,0,0,0,0,0,1753378688,1753378696.76685,6.582,-45.685,0,0,0,-0.853375684333934,-0.521296404541207,0,0,0,0,0,0,1753378688
29,1753378696.78359,13.67,-35.674,0,0,0,-0.973862533437364,0.227138208954282,3.5,0,0,0,0,0,1753378688,1753378696.77517,6.582,-45.685,0,0,0,-0.853375684333934,-0.521296404541207,0,0,0,0,0,0,1753378688
30,1753378696.79196,13.67,-35.674,0,0,0,-0.973862533437364,0.227138208954282,3.5,0,0,0,0,0,1753378688,1753378696.78362,6.582,-45.685,0,0,0,-0.853375684333934,-0.521296404541207,0,0,0,0,0,0,1753378688
31,1753378696.80038,13.67,-35.674,0,0,0,-0.973862533437364,0.227138208954282,3.5,0,0,0,0,0,1753378688,1753378696.79199,6.582,-45.685,0,0,0,-0.853375684333934,-0.521296404541207,0,0,0,0,0,0,1753378688
32,1753378696.80852,13.67,-35.674,0,0,0,-0.973862533437364,0.227138208954282,3.5,0,0,0,0,0,1753378688,1753378696.8004,6.582,-45.685,0,0,0,-0.853375684333934,-0.521296404541207,0,0,0,0,0,0,1753378688
33,1753378696.81681,13.67,-35.674,0,0,0,-0.973862533437364,0.227138208954282,3.5,0,0,0,0,0,1753378688,1753378696.80855,6.582,-45.685,0,0,0,-0.853375684333934,-0.521296404541207,0,0,0,0,0,0,1753378688
34,1753378696.82517,13.67,-35.674,0,0,0,-0.973862533437364,0.227138208954282,3.5,0,0,0,0,0,1753378688,1753378696.81683,6.582,-45.685,0,0,0,-0.853375684333934,-0.521296404541207,0,0,0,0,0,0,1753378688
35,1753378696.83352,13.67,-35.674,0,0,0,-0.973862533437364,0.227138208954282,3.5,0,0,0,0,0,1753378688,1753378696.82519,6.582,-45.685,0,0,0,-0.853375684333934,-0.521296404541207,0,0,0,0,0,0,1753378688
36,1753378696.84202,13.67,-35.674,0,0,0,-0.973862533437364,0.227138208954282,3.5,0,0,0,0,0,1753378688,1753378696.83355,6.582,-45.685,0,0,0,-0.853375684333934,-0.521296404541207,0,0,0,0,0,0,1753378688
37,1753378696.85038,13.67,-35.674,0,0,0,-0.973862533437364,0.227138208954282,3.5,0,0,0,0,0,1753378688,1753378696.84205,6.582,-45.685,0,0,0,-0.853375684333934,-0.521296404541207,0,0,0,0,0,0,1753378688
38,1753378696.85855,13.67,-35.674,0,0,0,-0.973862533437364,0.227138208954282,3.5,0,0,0,0,0,1753378688,1753378696.85041,6.582,-45.685,0,0,0,-0.853375684333934,-0.521296404541207,0,0,0,0,0,0,1753378688
39,1753378696.86703,13.67,-35.674,0,0,0,-0.973862533437364,0.227138208954282,3.5,0,0,0,0,0,1753378688,1753378696.85858,6.582,-45.685,0,0,0,-0.853375684333934,-0.521296404541207,0,0,0,0,0,0,1753378688
40,1753378696.87514,13.67,-35.674,0,0,0,-0.973862533437364,0.227138208954282,3.5,0,0,0,0,0,1753378688,1753378696.86705,6.582,-45.685,0,0,0,-0.853375684333934,-0.521296404541207,0,0,0,0,0,0,1753378688
41,1753378696.88372,13.67,-35.674,0,0,0,-0.973862533437364,0.227138208954282,3.5,0,0,0,0,0,1753378688,1753378696.87517,6.582,-45.685,0,0,0,-0.853375684333934,-0.521296404541207,0,0,0,0,0,0,1753378688
42,1753378696.89235,13.67,-35.674,0,0,0,-0.973862533437364,0.227138208954282,3.5,0,0,0,0,0,1753378688,1753378696.88376,6.582,-45.685,0,0,0,-0.853375684333934,-0.521296404541207,0,0,0,0,0,0,1753378688
43,1753378696.90032,13.67,-35.674,0,0,0,-0.973862533437364,0.227138208954282,3.5,0,0,0,0,0,1753378688,1753378696.89237,6.582,-45.685,0,0,0,-0.853375684333934,-0.521296404541207,0,0,0,0,0,0,1753378688
44,1753378696.90851,13.67,-35.674,0,0,0,-0.973862533437364,0.227138208954282,3.5,0,0,0,0,0,1753378688,1753378696.90034,6.582,-45.685,0,0,0,-0.853375684333934,-0.521296404541207,0,0,0,0,0,0,1753378688
45,1753378696.91717,13.67,-35.674,0,0,0,-0.973862533437364,0.227138208954282,3.5,0,0,0,0,0,1753378688,1753378696.90853,6.582,-45.685,0,0,0,-0.853375684333934,-0.521296404541207,0,0,0,0,0,0,1753378688
46,1753378696.92544,13.67,-35.674,0,0,0,-0.973862533437364,0.227138208954282,3.5,0,0,0,0,0,1753378688,1753378696.91722,6.582,-45.685,0,0,0,-0.853375684333934,-0.521296404541207,0,0,0,0,0,0,1753378688
47,1753378696.93364,13.67,-35.674,0,0,0,-0.973862533437364,0.227138208954282,3.5,0,0,0,0,0,1753378688,1753378696.92548,6.582,-45.685,0,0,0,-0.853375684333934,-0.521296404541207,0,0,0,0,0,0,1753378688
48,1753378696.94205,13.67,-35.674,0,0,0,-0.973862533437364,0.227138208954282,3.5,0,0,0,0,0,1753378688,1753378696.93366,6.582,-45.685,0,0,0,-0.853375684333934,-0.521296404541207,0,0,0,0,0,0,1753378688
49,1753378696.95029,13.67,-35.674,0,0,0,-0.973862533437364,0.227138208954282,3.5,0,0,0,0,0,1753378688,1753378696.94208,6.582,-45.685,0,0,0,-0.853375684333934,-0.521296404541207,0,0,0,0,0,0,1753378688
50,1753378696.95876,13.67,-35.674,0,0,0,-0.973862533437364,0.227138208954282,3.5,0,0,0,0,0,1753378688,1753378696.95032,6.582,-45.685,0,0,0,-0.853375684333934,-0.521296404541207,0,0,0,0,0,0,1753378688
51,1753378696.9671,13.67,-35.674,0,0,0,-0.973862533437364,0.227138208954282,3.5,0,0,0,0,0,1753378688,1753378696.95879,6.582,-45.685,0,0,0,-0.853375684333934,-0.521296404541207,0,0,0,0,0,0,1753378688
52,1753378696.97541,13.67,-35.674,0,0,0,-0.973862533437364,0.227138208954282,3.5,0,0,0,0,0,1753378688,1753378696.96715,6.582,-45.685,0,0,0,-0.853375684333934,-0.521296404541207,0,0,0,0,0,0,1753378688
53,1753378696.9837,13.67,-35.674,0,0,0,-0.973862533437364,0.227138208954282,3.5,0,0,0,0,0,1753378688,1753378696.97545,6.582,-45.685,0,0,0,-0.853375684333934,-0.521296404541207,0,0,0,0,0,0,1753378688
54,1753378696.99183,13.67,-35.674,0,0,0,-0.973862533437364,0.227138208954282,3.5,0,0,0,0,0,1753378688,1753378696.98373,6.582,-45.685,0,0,0,-0.853375684333934,-0.521296404541207,0,0,0,0,0,0,1753378688
55,1753378697.00026,13.67,-35.674,0,0,0,-0.973862533437364,0.227138208954282,3.5,0,0,0,0,0,1753378688,1753378696.99185,6.582,-45.685,0,0,0,-0.853375684333934,-0.521296404541207,0,0,0,0,0,0,1753378688
56,1753378697.00859,13.67,-35.674,0,0,0,-0.973862533437364,0.227138208954282,3.5,0,0,0,0,0,1753378688,1753378697.00029,6.582,-45.685,0,0,0,-0.853375684333934,-0.521296404541207,0,0,0,0,0,0,1753378688
57,1753378697.01711,13.67,-35.674,0,0,0,-0.973862533437364,0.227138208954282,3.5,0,0,0,0,0,1753378688,1753378697.00861,6.582,-45.685,0,0,0,-0.853375684333934,-0.521296404541207,0,0,0,0,0,0,1753378688
58,1753378697.02517,13.67,-35.674,0,0,0,-0.973862533437364,0.227138208954282,3.5,0,0,0,0,0,1753378688,1753378697.01714,6.582,-45.685,0,0,0,-0.853375684333934,-0.521296404541207,0,0,0,0,0,0,1753378688
59,1753378697.03359,13.67,-35.674,0,0,0,-0.973862533437364,0.227138208954282,3.5,0,0,0,0,0,1753378688,1753378697.02519,6.582,-45.685,0,0,0,-0.853375684333934,-0.521296404541207,0,0,0,0,0,0,1753378688
60,1753378697.04229,13.67,-35.674,0,0,0,-0.973862533437364,0.227138208954282,3.5,0,0,0,0,0,1753378688,1753378697.03361,6.582,-45.685,0,0,0,-0.853375684333934,-0.521296404541207,0,0,0,0,0,0,1753378688
61,1753378697.05048,13.67,-35.674,0,0,0,-0.973862533437364,0.227138208954282,3.5,0,0,0,0,0,1753378688,1753378697.04231,6.582,-45.685,0,0,0,-0.853375684333934,-0.521296404541207,0,0,0,0,0,0,1753378688
62,1753378697.05849,13.67,-35.674,0,0,0,-0.973862533437364,0.227138208954282,3.5,0,0,0,0,0,1753378688,1753378697.0505,6.582,-45.685,0,0,0,-0.853375684333934,-0.521296404541207,0,0,0,0,0,0,1753378688
63,1753378697.06687,13.67,-35.674,0,0,0,-0.973862533437364,0.227138208954282,3.5,0,0,0,0,0,1753378688,1753378697.05851,6.582,-45.685,0,0,0,-0.853375684333934,-0.521296404541207,0,0,0,0,0,0,1753378688
64,1753378697.07517,13.67,-35.674,0,0,0,-0.973862533437364,0.227138208954282,3.5,0,0,0,0,0,1753378688,1753378697.06689,6.582,-45.685,0,0,0,-0.853375684333934,-0.521296404541207,0,0,0,0,0,0,1753378688
65,1753378697.08353,13.67,-35.674,0,0,0,-0.973862533437364,0.227138208954282,3.5,0,0,0,0,0,1753378688,1753378697.0752,6.582,-45.685,0,0,0,-0.853375684333934,-0.521296404541207,0,0,0,0,0,0,1753378688
66,1753378697.09216,13.67,-35.674,0,0,0,-0.973862533437364,0.227138208954282,3.5,0,0,0,0,0,1753378688,1753378697.08355,6.582,-45.685,0,0,0,-0.853375684333934,-0.521296404541207,0,0,0,0,0,0,1753378688
67,1753378697.10031,13.67,-35.674,0,0,0,-0.973862533437364,0.227138208954282,3.5,0,0,0,0,0,1753378688,1753378697.09218,6.582,-45.685,0,0,0,-0.853375684333934,-0.521296404541207,0,0,0,0,0,0,1753378688
68,1753378697.10885,13.67,-35.674,0,0,0,-0.973862533437364,0.227138208954282,3.5,0,0,0,0,0,1753378688,1753378697.10034,6.582,-45.685,0,0,0,-0.853375684333934,-0.521296404541207,0,0,0,0,0,0,1753378688
69,1753378697.11689,13.67,-35.674,0,0,0,-0.973862533437364,0.227138208954282,3.5,0,0,0,0,0,1753378688,1753378697.10889,6.582,-45.685,0,0,0,-0.853375684333934,-0.521296404541207,0,0,0,0,0,0,1753378688
70,1753378697.12512,13.67,-35.674,0,0,0,-0.973862533437364,0.227138208954282,3.5,0,0,0,0,0,1753378688,1753378697.11691,6.582,-45.685,0,0,0,-0.853375684333934,-0.521296404541207,0,0,0,0,0,0,1753378688
71,1753378697.13378,13.67,-35.674,0,0,0,-0.973862533437364,0.227138208954282,3.5,0,0,0,0,0,1753378688,1753378697.12514,6.582,-45.685,0,0,0,-0.853375684333934,-0.521296404541207,0,0,0,0,0,0,1753378688
72,1753378697.14256,13.67,-35.674,0,0,0,-0.973862533437364,0.227138208954282,3.5,0,0,0,0,0,1753378688,1753378697.13382,6.582,-45.685,0,0,0,-0.853375684333934,-0.521296404541207,0,0,0,0,0,0,1753378688
73,1753378697.15031,13.67,-35.674,0,0,0,-0.973862533437364,0.227138208954282,3.5,0,0,0,0,0,1753378688,1753378697.1426,6.582,-45.685,0,0,0,-0.853375684333934,-0.521296404541207,0,0,0,0,0,0,1753378688
74,1753378697.15866,13.67,-35.674,0,0,0,-0.973862533437364,0.227138208954282,3.5,0,0,0,0,0,1753378688,1753378697.15034,6.582,-45.685,0,0,0,-0.853375684333934,-0.521296404541207,0,0,0,0,0,0,1753378688
75,1753378697.16718,13.67,-35.674,0,0,0,-0.973862533437364,0.227138208954282,3.5,0,0,0,0,0,1753378688,1753378697.15868,6.582,-45.685,0,0,0,-0.853375684333934,-0.521296404541207,0,0,0,0,0,0,1753378688
76,1753378697.17544,13.67,-35.674,0,0,0,-0.973862533437364,0.227138208954282,3.5,0,0,0,0,0,1753378688,1753378697.16722,6.582,-45.685,0,0,0,-0.853375684333934,-0.521296404541207,0,0,0,0,0,0,1753378688
77,1753378697.18377,13.67,-35.674,0,0,0,-0.973862533437364,0.227138208954282,3.5,0,0,0,0,0,1753378688,1753378697.17549,6.582,-45.685,0,0,0,-0.853375684333934,-0.521296404541207,0,0,0,0,0,0,1753378688
78,1753378697.19209,13.67,-35.674,0,0,0,-0.973862533437364,0.227138208954282,3.5,0,0,0,0,0,1753378688,1753378697.18381,6.582,-45.685,0,0,0,-0.853375684333934,-0.521296404541207,0,0,0,0,0,0,1753378688
79,1753378697.20025,13.67,-35.674,0,0,0,-0.973862533437364,0.227138208954282,3.5,0,0,0,0,0,1753378688,1753378697.19213,6.582,-45.685,0,0,0,-0.853375684333934,-0.521296404541207,0,0,0,0,0,0,1753378688
80,1753378697.20852,13.67,-35.674,0,0,0,-0.973862533437364,0.227138208954282,3.5,0,0,0,0,0,1753378688,1753378697.20027,6.582,-45.685,0,0,0,-0.853375684333934,-0.521296404541207,0,0,0,0,0,0,1753378688
81,1753378697.21692,13.67,-35.674,0,0,0,-0.973862533437364,0.227138208954282,3.5,0,0,0,0,0,1753378688,1753378697.20854,6.582,-45.685,0,0,0,-0.853375684333934,-0.521296404541207,0,0,0,0,0,0,1753378688
82,1753378697.22525,13.67,-35.674,0,0,0,-0.973862533437364,0.227138208954282,3.5,0,0,0,0,0,1753378688,1753378697.21695,6.582,-45.685,0,0,0,-0.853375684333934,-0.521296404541207,0,0,0,0,0,0,1753378688
83,1753378697.23356,13.67,-35.674,0,0,0,-0.973862533437364,0.227138208954282,3.5,0,0,0,0,0,1753378688,1753378697.22528,6.582,-45.685,0,0,0,-0.853375684333934,-0.521296404541207,0,0,0,0,0,0,1753378688
84,1753378697.242,13.67,-35.674,0,0,0,-0.973862533437364,0.227138208954282,3.5,0,0,0,0,0,1753378688,1753378697.23358,6.582,-45.685,0,0,0,-0.853375684333934,-0.521296404541207,0,0,0,0,0,0,1753378688
85,1753378697.25031,13.67,-35.674,0,0,0,-0.973862533437364,0.227138208954282,3.5,0,0,0,0,0,1753378688,1753378697.24203,6.582,-45.685,0,0,0,-0.853375684333934,-0.521296404541207,0,0,0,0,0,0,1753378688
86,1753378697.25863,13.67,-35.674,0,0,0,-0.973862533437364,0.227138208954282,3.5,0,0,0,0,0,1753378688,1753378697.25034,6.582,-45.685,0,0,0,-0.853375684333934,-0.521296404541207,0,0,0,0,0,0,1753378688
87,1753378697.26686,13.67,-35.674,0,0,0,-0.973862533437364,0.227138208954282,3.5,0,0,0,0,0,1753378688,1753378697.25866,6.582,-45.685,0,0,0,-0.853375684333934,-0.521296404541207,0,0,0,0,0,0,1753378688
88,1753378697.27515,13.67,-35.674,0,0,0,-0.973862533437364,0.227138208954282,3.5,0,0,0,0,0,1753378688,1753378697.26688,6.582,-45.685,0,0,0,-0.853375684333934,-0.521296404541207,0,0,0,0,0,0,1753378688
89,1753378697.28352,13.67,-35.674,0,0,0,-0.973862533437364,0.227138208954282,3.5,0,0,0,0,0,1753378688,1753378697.27518,6.582,-45.685,0,0,0,-0.853375684333934,-0.521296404541207,0,0,0,0,0,0,1753378688
90,1753378697.29201,13.67,-35.674,0,0,0,-0.973862533437364,0.227138208954282,3.5,0,0,0,0,0,1753378688,1753378697.28354,6.582,-45.685,0,0,0,-0.853375684333934,-0.521296404541207,0,0,0,0,0,0,1753378688
91,1753378697.30032,13.67,-35.674,0,0,0,-0.973862533437364,0.227138208954282,3.5,0,0,0,0,0,1753378688,1753378697.29204,6.582,-45.685,0,0,0,-0.853375684333934,-0.521296404541207,0,0,0,0,0,0,1753378688
92,1753378697.30859,13.67,-35.674,0,0,0,-0.973862533437364,0.227138208954282,3.5,0,0,0,0,0,1753378688,1753378697.30035,6.582,-45.685,0,0,0,-0.853375684333934,-0.521296404541207,0,0,0,0,0,0,1753378688
93,1753378697.31703,13.67,-35.674,0,0,0,-0.973862533437364,0.227138208954282,3.5,0,0,0,0,0,1753378688,1753378697.30862,6.582,-45.685,0,0,0,-0.853375684333934,-0.521296404541207,0,0,0,0,0,0,1753378688
94,1753378697.32534,13.67,-35.674,0,0,0,-0.973862533437364,0.227138208954282,3.5,0,0,0,0,0,1753378688,1753378697.31707,6.582,-45.685,0,0,0,-0.853375684333934,-0.521296404541207,0,0,0,0,0,0,1753378688
95,1753378697.33388,13.67,-35.674,0,0,0,-0.973862533437364,0.227138208954282,3.5,0,0,0,0,0,1753378688,1753378697.32538,6.582,-45.685,0,0,0,-0.853375684333934,-0.521296404541207,0,0,0,0,0,0,1753378688
96,1753378697.34189,13.67,-35.674,0,0,0,-0.973862533437364,0.227138208954282,3.5,0,0,0,0,0,1753378688,1753378697.33392,6.582,-45.685,0,0,0,-0.853375684333934,-0.521296404541207,0,0,0,0,0,0,1753378688
97,1753378697.35031,13.67,-35.674,0,0,0,-0.973862533437364,0.227138208954282,3.5,0,0,0,0,0,1753378688,1753378697.34191,6.582,-45.685,0,0,0,-0.853375684333934,-0.521296404541207,0,0,0,0,0,0,1753378688
98,1753378697.35861,13.67,-35.674,0,0,0,-0.973862533437364,0.227138208954282,3.5,0,0,0,0,0,1753378688,1753378697.35033,6.582,-45.685,0,0,0,-0.853375684333934,-0.521296404541207,0,0,0,0,0,0,1753378688
99,1753378697.36709,13.67,-35.674,0,0,0,-0.973862533437364,0.227138208954282,3.5,0,0,0,0,0,1753378688,1753378697.35864,6.582,-45.685,0,0,0,-0.853375684333934,-0.521296404541207,0,0,0,0,0,0,1753378688
100,1753378697.37545,13.67,-35.674,0,0,0,-0.973862533437364,0.227138208954282,3.5,0,0,0,0,0,1753378688,1753378697.36713,6.582,-45.685,0,0,0,-0.853375684333934,-0.521296404541207,0,0,0,0,0,0,1753378688
101,1753378697.38398,13.67,-35.674,0,0,0,-0.973862533437364,0.227138208954282,3.5,0,0,0,0,0,1753378688,1753378697.37549,6.582,-45.685,0,0,0,-0.853375684333934,-0.521296404541207,0,0,0,0,0,0,1753378688
102,1753378697.39187,13.67,-35.674,0,0,0,-0.973862533437364,0.227138208954282,3.5,0,0,0,0,0,1753378688,1753378697.38401,6.582,-45.685,0,0,0,-0.853375684333934,-0.521296404541207,0,0,0,0,0,0,1753378688
103,1753378697.40033,13.67,-35.674,0,0,0,-0.973862533437364,0.227138208954282,3.5,0,0,0,0,0,1753378688,1753378697.39189,6.582,-45.685,0,0,0,-0.853375684333934,-0.521296404541207,0,0,0,0,0,0,1753378688
104,1753378697.40854,13.67,-35.674,0,0,0,-0.973862533437364,0.227138208954282,3.5,0,0,0,0,0,1753378688,1753378697.40036,6.582,-45.685,0,0,0,-0.853375684333934,-0.521296404541207,0,0,0,0,0,0,1753378688
105,1753378697.41687,13.67,-35.674,0,0,0,-0.973862533437364,0.227138208954282,3.5,0,0,0,0,0,1753378688,1753378697.40857,6.582,-45.685,0,0,0,-0.853375684333934,-0.521296404541207,0,0,0,0,0,0,1753378688
106,1753378697.42514,13.67,-35.674,0,0,0,-0.973862533437364,0.227138208954282,3.5,0,0,0,0,0,1753378688,1753378697.41689,6.582,-45.685,0,0,0,-0.853375684333934,-0.521296404541207,0,0,0,0,0,0,1753378688
107,1753378697.43352,13.67,-35.674,0,0,0,-0.973862533437364,0.227138208954282,3.5,0,0,0,0,0,1753378688,1753378697.42516,6.582,-45.685,0,0,0,-0.853375684333934,-0.521296404541207,0,0,0,0,0,0,1753378688
108,1753378697.44181,13.67,-35.674,0,0,0,-0.973862533437364,0.227138208954282,3.5,0,0,0,0,0,1753378688,1753378697.43354,6.582,-45.685,0,0,0,-0.853375684333934,-0.521296404541207,0,0,0,0,0,0,1753378688
109,1753378697.45033,13.67,-35.674,0,0,0,-0.973862533437364,0.227138208954282,3.5,0,0,0,0,0,1753378688,1753378697.44184,6.582,-45.685,0,0,0,-0.853375684333934,-0.521296404541207,0,0,0,0,0,0,1753378688
110,1753378697.45849,13.67,-35.674,0,0,0,-0.973862533437364,0.227138208954282,3.5,0,0,0,0,0,1753378688,1753378697.45036,6.582,-45.685,0,0,0,-0.853375684333934,-0.521296404541207,0,0,0,0,0,0,1753378688
111,1753378697.46713,13.67,-35.674,0,0,0,-0.973862533437364,0.227138208954282,3.5,0,0,0,0,0,1753378688,1753378697.45851,6.582,-45.685,0,0,0,-0.853375684333934,-0.521296404541207,0,0,0,0,0,0,1753378688
112,1753378697.47547,13.67,-35.674,0,0,0,-0.973862533437364,0.227138208954282,3.5,0,0,0,0,0,1753378688,1753378697.46717,6.582,-45.685,0,0,0,-0.853375684333934,-0.521296404541207,0,0,0,0,0,0,1753378688
113,1753378697.48381,13.67,-35.674,0,0,0,-0.973862533437364,0.227138208954282,3.5,0,0,0,0,0,1753378688,1753378697.47551,6.582,-45.685,0,0,0,-0.853375684333934,-0.521296404541207,0,0,0,0,0,0,1753378688
114,1753378697.49216,13.67,-35.674,0,0,0,-0.973862533437364,0.227138208954282,3.5,0,0,0,0,0,1753378688,1753378697.48386,6.582,-45.685,0,0,0,-0.853375684333934,-0.521296404541207,0,0,0,0,0,0,1753378688
115,1753378697.50026,13.67,-35.674,0,0,0,-0.973862533437364,0.227138208954282,3.5,0,0,0,0,0,1753378688,1753378697.4922,6.582,-45.685,0,0,0,-0.853375684333934,-0.521296404541207,0,0,0,0,0,0,1753378688
116,1753378697.50875,13.67,-35.674,0,0,0,-0.973862533437364,0.227138208954282,3.5,0,0,0,0,0,1753378688,1753378697.5003,6.582,-45.685,0,0,0,-0.853375684333934,-0.521296404541207,0,0,0,0,0,0,1753378688
117,1753378697.51696,13.67,-35.674,0,0,0,-0.973862533437364,0.227138208954282,3.5,0,0,0,0,0,1753378688,1753378697.50878,6.582,-45.685,0,0,0,-0.853375684333934,-0.521296404541207,0,0,0,0,0,0,1753378688
118,1753378697.52516,13.67,-35.674,0,0,0,-0.973862533437364,0.227138208954282,3.5,0,0,0,0,0,1753378688,1753378697.51699,6.582,-45.685,0,0,0,-0.853375684333934,-0.521296404541207,0,0,0,0,0,0,1753378688
119,1753378697.53394,13.67,-35.674,0,0,0,-0.973862533437364,0.227138208954282,3.5,0,0,0,0,0,1753378688,1753378697.52518,6.582,-45.685,0,0,0,-0.853375684333934,-0.521296404541207,0,0,0,0,0,0,1753378688
120,1753378697.54188,13.67,-35.674,0,0,0,-0.973862533437364,0.227138208954282,3.5,0,0,0,0,0,1753378688,1753378697.53398,6.582,-45.685,0,0,0,-0.853375684333934,-0.521296404541207,0,0,0,0,0,0,1753378688
121,1753378697.55032,13.67,-35.674,0,0,0,-0.973862533437364,0.227138208954282,3.5,0,0,0,0,0,1753378688,1753378697.5419,6.582,-45.685,0,0,0,-0.853375684333934,-0.521296404541207,0,0,0,0,0,0,1753378688
122,1753378697.55868,13.67,-35.674,0,0,0,-0.973862533437364,0.227138208954282,3.5,0,0,0,0,0,1753378688,1753378697.55034,6.582,-45.685,0,0,0,-0.853375684333934,-0.521296404541207,0,0,0,0,0,0,1753378688
123,1753378697.56715,13.67,-35.674,0,0,0,-0.973862533437364,0.227138208954282,3.5,0,0,0,0,0,1753378688,1753378697.5587,6.582,-45.685,0,0,0,-0.853375684333934,-0.521296404541207,0,0,0,0,0,0,1753378688
124,1753378697.57544,13.67,-35.674,0,0,0,-0.973862533437364,0.227138208954282,3.5,0,0,0,0,0,1753378688,1753378697.56719,6.582,-45.685,0,0,0,-0.853375684333934,-0.521296404541207,0,0,0,0,0,0,1753378688
125,1753378697.58379,13.67,-35.674,0,0,0,-0.973862533437364,0.227138208954282,3.5,0,0,0,0,0,1753378688,1753378697.57548,6.582,-45.685,0,0,0,-0.853375684333934,-0.521296404541207,0,0,0,0,0,0,1753378688
126,1753378697.59218,13.67,-35.674,0,0,0,-0.973862533437364,0.227138208954282,3.5,0,0,0,0,0,1753378688,1753378697.58384,6.582,-45.685,0,0,0,-0.853375684333934,-0.521296404541207,0,0,0,0,0,0,1753378688
127,1753378697.60056,13.67,-35.674,0,0,0,-0.973862533437364,0.227138208954282,3.5,0,0,0,0,0,1753378688,1753378697.59222,6.582,-45.685,0,0,0,-0.853375684333934,-0.521296404541207,0,0,0,0,0,0,1753378688
128,1753378697.60854,13.67,-35.674,0,0,0,-0.973862533437364,0.227138208954282,3.5,0,0,0,0,0,1753378688,1753378697.6006,6.582,-45.685,0,0,0,-0.853375684333934,-0.521296404541207,0,0,0,0,0,0,1753378688
129,1753378697.61715,13.67,-35.674,0,0,0,-0.973862533437364,0.227138208954282,3.5,0,0,0,0,0,1753378688,1753378697.60856,6.582,-45.685,0,0,0,-0.853375684333934,-0.521296404541207,0,0,0,0,0,0,1753378688
130,1753378697.62545,13.67,-35.674,0,0,0,-0.973862533437364,0.227138208954282,3.5,0,0,0,0,0,1753378688,1753378697.61717,6.582,-45.685,0,0,0,-0.853375684333934,-0.521296404541207,0,0,0,0,0,0,1753378688
131,1753378697.63373,13.67,-35.674,0,0,0,-0.973862533437364,0.227138208954282,3.5,0,0,0,0,0,1753378688,1753378697.62549,6.582,-45.685,0,0,0,-0.853375684333934,-0.521296404541207,0,0,0,0,0,0,1753378688
132,1753378697.64255,13.67,-35.674,0,0,0,-0.973862533437364,0.227138208954282,3.5,0,0,0,0,0,1753378688,1753378697.63377,6.582,-45.685,0,0,0,-0.853375684333934,-0.521296404541207,0,0,0,0,0,0,1753378688
133,1753378697.65058,13.67,-35.674,0,0,0,-0.973862533437364,0.227138208954282,3.5,0,0,0,0,0,1753378688,1753378697.64259,6.582,-45.685,0,0,0,-0.853375684333934,-0.521296404541207,0,0,0,0,0,0,1753378688
134,1753378697.65885,13.67,-35.674,0,0,0,-0.973862533437364,0.227138208954282,3.5,0,0,0,0,0,1753378688,1753378697.65062,6.582,-45.685,0,0,0,-0.853375684333934,-0.521296404541207,0,0,0,0,0,0,1753378688
135,1753378697.66707,13.67,-35.674,0,0,0,-0.973862533437364,0.227138208954282,3.5,0,0,0,0,0,1753378688,1753378697.6589,6.582,-45.685,0,0,0,-0.853375684333934,-0.521296404541207,0,0,0,0,0,0,1753378688
136,1753378697.67551,13.67,-35.674,0,0,0,-0.973862533437364,0.227138208954282,3.5,0,0,0,0,0,1753378688,1753378697.66711,6.582,-45.685,0,0,0,-0.853375684333934,-0.521296404541207,0,0,0,0,0,0,1753378688
137,1753378697.6835,13.67,-35.674,0,0,0,-0.973862533437364,0.227138208954282,3.5,0,0,0,0,0,1753378688,1753378697.67555,6.582,-45.685,0,0,0,-0.853375684333934,-0.521296404541207,0,0,0,0,0,0,1753378688
138,1753378697.69278,13.67,-35.674,0,0,0,-0.973862533437364,0.227138208954282,3.5,0,0,0,0,0,1753378688,1753378697.68352,6.582,-45.685,0,0,0,-0.853375684333934,-0.521296404541207,0,0,0,0,0,0,1753378688
139,1753378697.70058,13.67,-35.674,0,0,0,-0.973862533437364,0.227138208954282,3.5,0,0,0,0,0,1753378688,1753378697.69283,6.582,-45.685,0,0,0,-0.853375684333934,-0.521296404541207,0,0,0,0,0,0,1753378688
140,1753378697.70867,13.67,-35.674,0,0,0,-0.973862533437364,0.227138208954282,3.5,0,0,0,0,0,1753378688,1753378697.70061,6.582,-45.685,0,0,0,-0.853375684333934,-0.521296404541207,0,0,0,0,0,0,1753378688
141,1753378697.7169,13.67,-35.674,0,0,0,-0.973862533437364,0.227138208954282,3.5,0,0,0,0,0,1753378688,1753378697.7087,6.582,-45.685,0,0,0,-0.853375684333934,-0.521296404541207,0,0,0,0,0,0,1753378688
142,1753378697.72515,13.67,-35.674,0,0,0,-0.973862533437364,0.227138208954282,3.5,0,0,0,0,0,1753378688,1753378697.71692,6.582,-45.685,0,0,0,-0.853375684333934,-0.521296404541207,0,0,0,0,0,0,1753378688
143,1753378697.73386,13.67,-35.674,0,0,0,-0.973862533437364,0.227138208954282,3.5,0,0,0,0,0,1753378688,1753378697.72518,6.582,-45.685,0,0,0,-0.853375684333934,-0.521296404541207,0,0,0,0,0,0,1753378688
144,1753378697.74183,13.67,-35.674,0,0,0,-0.973862533437364,0.227138208954282,3.5,0,0,0,0,0,1753378688,1753378697.73391,6.582,-45.685,0,0,0,-0.853375684333934,-0.521296404541207,0,0,0,0,0,0,1753378688
145,1753378697.75029,13.67,-35.674,0,0,0,-0.973862533437364,0.227138208954282,3.5,0,0,0,0,0,1753378688,1753378697.74185,6.582,-45.685,0,0,0,-0.853375684333934,-0.521296404541207,0,0,0,0,0,0,1753378688
146,1753378697.75873,13.67,-35.674,0,0,0,-0.973862533437364,0.227138208954282,3.5,0,0,0,0,0,1753378688,1753378697.75032,6.582,-45.685,0,0,0,-0.853375684333934,-0.521296404541207,0,0,0,0,0,0,1753378688
147,1753378697.76685,13.67,-35.674,0,0,0,-0.973862533437364,0.227138208954282,3.5,0,0,0,0,0,1753378688,1753378697.75876,6.582,-45.685,0,0,0,-0.853375684333934,-0.521296404541207,0,0,0,0,0,0,1753378688
148,1753378697.77533,13.67,-35.674,0,0,0,-0.973862533437364,0.227138208954282,3.5,0,0,0,0,0,1753378688,1753378697.76687,6.582,-45.685,0,0,0,-0.853375684333934,-0.521296404541207,0,0,0,0,0,0,1753378688
149,1753378697.78378,13.67,-35.674,0,0,0,-0.973862533437364,0.227138208954282,3.5,0,0,0,0,0,1753378688,1753378697.77536,6.582,-45.685,0,0,0,-0.853375684333934,-0.521296404541207,0,0,0,0,0,0,1753378688
150,1753378697.7926,13.67,-35.674,0,0,0,-0.973862533437364,0.227138208954282,3.5,0,0,0,0,0,1753378688,1753378697.78382,6.582,-45.685,0,0,0,-0.853375684333934,-0.521296404541207,0,0,0,0,0,0,1753378688
151,1753378697.80058,13.67,-35.674,0,0,0,-0.973862533437364,0.227138208954282,3.5,0,0,0,0,0,1753378688,1753378697.79265,6.582,-45.685,0,0,0,-0.853375684333934,-0.521296404541207,0,0,0,0,0,0,1753378688
152,1753378697.80865,13.67,-35.674,0,0,0,-0.973862533437364,0.227138208954282,3.5,0,0,0,0,0,1753378688,1753378697.80061,6.582,-45.685,0,0,0,-0.853375684333934,-0.521296404541207,0,0,0,0,0,0,1753378688
153,1753378697.81687,13.67,-35.674,0,0,0,-0.973862533437364,0.227138208954282,3.5,0,0,0,0,0,1753378688,1753378697.80868,6.582,-45.685,0,0,0,-0.853375684333934,-0.521296404541207,0,0,0,0,0,0,1753378688
154,1753378697.82551,13.67,-35.674,0,0,0,-0.973862533437364,0.227138208954282,3.5,0,0,0,0,0,1753378688,1753378697.81689,6.582,-45.685,0,0,0,-0.853375684333934,-0.521296404541207,0,0,0,0,0,0,1753378688
155,1753378697.83368,13.67,-35.674,0,0,0,-0.973862533437364,0.227138208954282,3.5,0,0,0,0,0,1753378688,1753378697.82556,6.582,-45.685,0,0,0,-0.853375684333934,-0.521296404541207,0,0,0,0,0,0,1753378688
156,1753378697.84212,13.67,-35.674,0,0,0,-0.973862533437364,0.227138208954282,3.5,0,0,0,0,0,1753378688,1753378697.8337,6.582,-45.685,0,0,0,-0.853375684333934,-0.521296404541207,0,0,0,0,0,0,1753378688
157,1753378697.85034,13.67,-35.674,0,0,0,-0.973862533437364,0.227138208954282,3.5,0,0,0,0,0,1753378688,1753378697.84214,6.582,-45.685,0,0,0,-0.853375684333934,-0.521296404541207,0,0,0,0,0,0,1753378688
158,1753378697.8585,13.67,-35.674,0,0,0,-0.973862533437364,0.227138208954282,3.5,0,0,0,0,0,1753378688,1753378697.85037,6.582,-45.685,0,0,0,-0.853375684333934,-0.521296404541207,0,0,0,0,0,0,1753378688
159,1753378697.86692,13.67,-35.674,0,0,0,-0.973862533437364,0.227138208954282,3.5,0,0,0,0,0,1753378688,1753378697.85852,6.582,-45.685,0,0,0,-0.853375684333934,-0.521296404541207,0,0,0,0,0,0,1753378688
160,1753378697.87514,13.67,-35.674,0,0,0,-0.973862533437364,0.227138208954282,3.5,0,0,0,0,0,1753378688,1753378697.86694,6.582,-45.685,0,0,0,-0.853375684333934,-0.521296404541207,0,0,0,0,0,0,1753378688
161,1753378697.88367,13.67,-35.674,0,0,0,-0.973862533437364,0.227138208954282,3.5,0,0,0,0,0,1753378688,1753378697.87516,6.582,-45.685,0,0,0,-0.853375684333934,-0.521296404541207,0,0,0,0,0,0,1753378688
162,1753378697.89224,13.67,-35.674,0,0,0,-0.973862533437364,0.227138208954282,3.5,0,0,0,0,0,1753378688,1753378697.8837,6.582,-45.685,0,0,0,-0.853375684333934,-0.521296404541207,0,0,0,0,0,0,1753378688
163,1753378697.90056,13.67,-35.674,0,0,0,-0.973862533437364,0.227138208954282,3.5,0,0,0,0,0,1753378688,1753378697.89229,6.582,-45.685,0,0,0,-0.853375684333934,-0.521296404541207,0,0,0,0,0,0,1753378688
164,1753378697.90875,13.67,-35.674,0,0,0,-0.973862533437364,0.227138208954282,3.5,0,0,0,0,0,1753378688,1753378697.90059,6.582,-45.685,0,0,0,-0.853375684333934,-0.521296404541207,0,0,0,0,0,0,1753378688
165,1753378697.91708,13.67,-35.674,0,0,0,-0.973862533437364,0.227138208954282,3.5,0,0,0,0,0,1753378688,1753378697.90878,6.582,-45.685,0,0,0,-0.853375684333934,-0.521296404541207,0,0,0,0,0,0,1753378688
166,1753378697.92535,13.67,-35.674,0,0,0,-0.973862533437364,0.227138208954282,3.5,0,0,0,0,0,1753378688,1753378697.91712,6.582,-45.685,0,0,0,-0.853375684333934,-0.521296404541207,0,0,0,0,0,0,1753378688
167,1753378697.93359,13.67,-35.674,0,0,0,-0.973862533437364,0.227138208954282,3.5,0,0,0,0,0,1753378688,1753378697.92539,6.582,-45.685,0,0,0,-0.853375684333934,-0.521296404541207,0,0,0,0,0,0,1753378688
168,1753378697.94194,13.67,-35.674,0,0,0,-0.973862533437364,0.227138208954282,3.5,0,0,0,0,0,1753378688,1753378697.93361,6.582,-45.685,0,0,0,-0.853375684333934,-0.521296404541207,0,0,0,0,0,0,1753378688
169,1753378697.95053,13.67,-35.674,0,0,0,-0.973862533437364,0.227138208954282,3.5,0,0,0,0,0,1753378688,1753378697.94197,6.582,-45.685,0,0,0,-0.853375684333934,-0.521296404541207,0,0,0,0,0,0,1753378688
170,1753378697.95858,13.67,-35.674,0,0,0,-0.973862533437364,0.227138208954282,3.5,0,0,0,0,0,1753378688,1753378697.95056,6.582,-45.685,0,0,0,-0.853375684333934,-0.521296404541207,0,0,0,0,0,0,1753378688
171,1753378697.96684,13.67,-35.674,0,0,0,-0.973862533437364,0.227138208954282,3.5,0,0,0,0,0,1753378688,1753378697.95861,6.582,-45.685,0,0,0,-0.853375684333934,-0.521296404541207,0,0,0,0,0,0,1753378688
172,1753378697.97517,13.67,-35.674,0,0,0,-0.973862533437364,0.227138208954282,3.5,0,0,0,0,0,1753378688,1753378697.96686,6.582,-45.685,0,0,0,-0.853375684333934,-0.521296404541207,0,0,0,0,0,0,1753378688
173,1753378697.98365,13.67,-35.674,0,0,0,-0.973862533437364,0.227138208954282,3.5,0,0,0,0,0,1753378688,1753378697.97519,6.582,-45.685,0,0,0,-0.853375684333934,-0.521296404541207,0,0,0,0,0,0,1753378688
174,1753378697.99194,13.67,-35.674,0,0,0,-0.973862533437364,0.227138208954282,3.5,0,0,0,0,0,1753378688,1753378697.98367,6.582,-45.685,0,0,0,-0.853375684333934,-0.521296404541207,0,0,0,0,0,0,1753378688
175,1753378698.00033,13.67,-35.674,0,0,0,-0.973862533437364,0.227138208954282,3.5,0,0,0,0,0,1753378688,1753378697.99196,6.582,-45.685,0,0,0,-0.853375684333934,-0.521296404541207,0,0,0,0,0,0,1753378688
176,1753378698.00854,13.67,-35.674,0,0,0,-0.973862533437364,0.227138208954282,3.5,0,0,0,0,0,1753378688,1753378698.00036,6.582,-45.685,0,0,0,-0.853375684333934,-0.521296404541207,0,0,0,0,0,0,1753378688
177,1753378698.01727,13.67,-35.674,0,0,0,-0.973862533437364,0.227138208954282,3.5,0,0,0,0,0,1753378688,1753378698.00857,6.582,-45.685,0,0,0,-0.853375684333934,-0.521296404541207,0,0,0,0,0,0,1753378688
178,1753378698.02519,13.67,-35.674,0,0,0,-0.973862533437364,0.227138208954282,3.5,0,0,0,0,0,1753378688,1753378698.0173,6.582,-45.685,0,0,0,-0.853375684333934,-0.521296404541207,0,0,0,0,0,0,1753378688
179,1753378698.03363,13.67,-35.674,0,0,0,-0.973862533437364,0.227138208954282,3.5,0,0,0,0,0,1753378688,1753378698.02522,6.582,-45.685,0,0,0,-0.853375684333934,-0.521296404541207,0,0,0,0,0,0,1753378688
180,1753378698.04222,13.67,-35.674,0,0,0,-0.973862533437364,0.227138208954282,3.5,0,0,0,0,0,1753378688,1753378698.03366,6.582,-45.685,0,0,0,-0.853375684333934,-0.521296404541207,0,0,0,0,0,0,1753378688
181,1753378698.05026,13.67,-35.674,0,0,0,-0.973862533437364,0.227138208954282,3.5,0,0,0,0,0,1753378688,1753378698.04225,6.582,-45.685,0,0,0,-0.853375684333934,-0.521296404541207,0,0,0,0,0,0,1753378688
182,1753378698.05859,13.67,-35.674,0,0,0,-0.973862533437364,0.227138208954282,3.5,0,0,0,0,0,1753378688,1753378698.0503,6.582,-45.685,0,0,0,-0.853375684333934,-0.521296404541207,0,0,0,0,0,0,1753378688
183,1753378698.06689,13.67,-35.674,0,0,0,-0.973862533437364,0.227138208954282,3.5,0,0,0,0,0,1753378688,1753378698.05862,6.582,-45.685,0,0,0,-0.853375684333934,-0.521296404541207,0,0,0,0,0,0,1753378688
184,1753378698.07525,13.67,-35.674,0,0,0,-0.973862533437364,0.227138208954282,3.5,0,0,0,0,0,1753378688,1753378698.06692,6.582,-45.685,0,0,0,-0.853375684333934,-0.521296404541207,0,0,0,0,0,0,1753378688
185,1753378698.08352,13.67,-35.674,0,0,0,-0.973862533437364,0.227138208954282,3.5,0,0,0,0,0,1753378688,1753378698.07528,6.582,-45.685,0,0,0,-0.853375684333934,-0.521296404541207,0,0,0,0,0,0,1753378688
186,1753378698.09205,13.67,-35.674,0,0,0,-0.973862533437364,0.227138208954282,3.5,0,0,0,0,0,1753378688,1753378698.08355,6.582,-45.685,0,0,0,-0.853375684333934,-0.521296404541207,0,0,0,0,0,0,1753378688
187,1753378698.10034,13.67,-35.674,0,0,0,-0.973862533437364,0.227138208954282,3.5,0,0,0,0,0,1753378688,1753378698.09207,6.582,-45.685,0,0,0,-0.853375684333934,-0.521296404541207,0,0,0,0,0,0,1753378688
188,1753378698.10858,13.67,-35.674,0,0,0,-0.973862533437364,0.227138208954282,3.5,0,0,0,0,0,1753378688,1753378698.10037,6.582,-45.685,0,0,0,-0.853375684333934,-0.521296404541207,0,0,0,0,0,0,1753378688
189,1753378698.1173,13.67,-35.674,0,0,0,-0.973862533437364,0.227138208954282,3.5,0,0,0,0,0,1753378688,1753378698.1086,6.582,-45.685,0,0,0,-0.853375684333934,-0.521296404541207,0,0,0,0,0,0,1753378688
190,1753378698.12538,13.67,-35.674,0,0,0,-0.973862533437364,0.227138208954282,3.5,0,0,0,0,0,1753378688,1753378698.11735,6.582,-45.685,0,0,0,-0.853375684333934,-0.521296404541207,0,0,0,0,0,0,1753378688
191,1753378698.13366,13.67,-35.674,0,0,0,-0.973862533437364,0.227138208954282,3.5,0,0,0,0,0,1753378688,1753378698.12541,6.582,-45.685,0,0,0,-0.853375684333934,-0.521296404541207,0,0,0,0,0,0,1753378688
192,1753378698.14189,13.67,-35.674,0,0,0,-0.973862533437364,0.227138208954282,3.5,0,0,0,0,0,1753378688,1753378698.13369,6.582,-45.685,0,0,0,-0.853375684333934,-0.521296404541207,0,0,0,0,0,0,1753378688
193,1753378698.15038,13.67,-35.674,0,0,0,-0.973862533437364,0.227138208954282,3.5,0,0,0,0,0,1753378688,1753378698.14191,6.582,-45.685,0,0,0,-0.853375684333934,-0.521296404541207,0,0,0,0,0,0,1753378688
194,1753378698.15859,13.67,-35.674,0,0,0,-0.973862533437364,0.227138208954282,3.5,0,0,0,0,0,1753378688,1753378698.15041,6.582,-45.685,0,0,0,-0.853375684333934,-0.521296404541207,0,0,0,0,0,0,1753378688
195,1753378698.16688,13.67,-35.674,0,0,0,-0.973862533437364,0.227138208954282,3.5,0,0,0,0,0,1753378688,1753378698.15861,6.582,-45.685,0,0,0,-0.853375684333934,-0.521296404541207,0,0,0,0,0,0,1753378688
196,1753378698.17535,13.67,-35.674,0,0,0,-0.973862533437364,0.227138208954282,3.5,0,0,0,0,0,1753378688,1753378698.1669,6.582,-45.685,0,0,0,-0.853375684333934,-0.521296404541207,0,0,0,0,0,0,1753378688
197,1753378698.18387,13.67,-35.674,0,0,0,-0.973862533437364,0.227138208954282,3.5,0,0,0,0,0,1753378688,1753378698.17537,6.582,-45.685,0,0,0,-0.853375684333934,-0.521296404541207,0,0,0,0,0,0,1753378688
198,1753378698.1924,13.67,-35.674,0,0,0,-0.973862533437364,0.227138208954282,3.5,0,0,0,0,0,1753378688,1753378698.18392,6.582,-45.685,0,0,0,-0.853375684333934,-0.521296404541207,0,0,0,0,0,0,1753378688
199,1753378698.20036,13.67,-35.674,0,0,0,-0.973862533437364,0.227138208954282,3.5,0,0,0,0,0,1753378688,1753378698.19243,6.582,-45.685,0,0,0,-0.853375684333934,-0.521296404541207,0,0,0,0,0,0,1753378688
200,1753378698.20881,13.67,-35.674,0,0,0,-0.973862533437364,0.227138208954282,3.5,0,0,0,0,0,1753378688,1753378698.20039,6.582,-45.685,0,0,0,-0.853375684333934,-0.521296404541207,0,0,0,0,0,0,1753378688
201,1753378698.21718,13.67,-35.674,0,0,0,-0.973862533437364,0.227138208954282,3.5,0,0,0,0,0,1753378688,1753378698.20886,6.582,-45.685,0,0,0,-0.853375684333934,-0.521296404541207,0,0,0,0,0,0,1753378688
202,1753378698.22549,13.67,-35.674,0,0,0,-0.973862533437364,0.227138208954282,3.5,0,0,0,0,0,1753378688,1753378698.21722,6.582,-45.685,0,0,0,-0.853375684333934,-0.521296404541207,0,0,0,0,0,0,1753378688
203,1753378698.23353,13.67,-35.674,0,0,0,-0.973862533437364,0.227138208954282,3.5,0,0,0,0,0,1753378688,1753378698.22553,6.582,-45.685,0,0,0,-0.853375684333934,-0.521296404541207,0,0,0,0,0,0,1753378688
204,1753378698.24209,13.67,-35.674,0,0,0,-0.973862533437364,0.227138208954282,3.5,0,0,0,0,0,1753378688,1753378698.23356,6.582,-45.685,0,0,0,-0.853375684333934,-0.521296404541207,0,0,0,0,0,0,1753378688
205,1753378698.25031,13.67,-35.674,0,0,0,-0.973862533437364,0.227138208954282,3.5,0,0,0,0,0,1753378688,1753378698.24211,6.582,-45.685,0,0,0,-0.853375684333934,-0.521296404541207,0,0,0,0,0,0,1753378688
206,1753378698.25856,13.67,-35.674,0,0,0,-0.973862533437364,0.227138208954282,3.5,0,0,0,0,0,1753378688,1753378698.25034,6.582,-45.685,0,0,0,-0.853375684333934,-0.521296404541207,0,0,0,0,0,0,1753378688
207,1753378698.26683,13.67,-35.674,0,0,0,-0.973862533437364,0.227138208954282,3.5,0,0,0,0,0,1753378688,1753378698.25858,6.582,-45.685,0,0,0,-0.853375684333934,-0.521296404541207,0,0,0,0,0,0,1753378688
208,1753378698.27521,13.67,-35.674,0,0,0,-0.973862533437364,0.227138208954282,3.5,0,0,0,0,0,1753378688,1753378698.26685,6.582,-45.685,0,0,0,-0.853375684333934,-0.521296404541207,0,0,0,0,0,0,1753378688
209,1753378698.28351,13.67,-35.674,0,0,0,-0.973862533437364,0.227138208954282,3.5,0,0,0,0,0,1753378688,1753378698.27523,6.582,-45.685,0,0,0,-0.853375684333934,-0.521296404541207,0,0,0,0,0,0,1753378688
210,1753378698.29259,13.67,-35.674,0,0,0,-0.973862533437364,0.227138208954282,3.5,0,0,0,0,0,1753378688,1753378698.28353,6.582,-45.685,0,0,0,-0.853375684333934,-0.521296404541207,0,0,0,0,0,0,1753378688
211,1753378698.30059,13.67,-35.674,0,0,0,-0.973862533437364,0.227138208954282,3.5,0,0,0,0,0,1753378688,1753378698.29264,6.582,-45.685,0,0,0,-0.853375684333934,-0.521296404541207,0,0,0,0,0,0,1753378688
212,1753378698.30884,13.67,-35.674,0,0,0,-0.973862533437364,0.227138208954282,3.5,0,0,0,0,0,1753378688,1753378698.30063,6.582,-45.685,0,0,0,-0.853375684333934,-0.521296404541207,0,0,0,0,0,0,1753378688
213,1753378698.31732,13.67,-35.674,0,0,0,-0.973862533437364,0.227138208954282,3.5,0,0,0,0,0,1753378688,1753378698.30888,6.582,-45.685,0,0,0,-0.853375684333934,-0.521296404541207,0,0,0,0,0,0,1753378688
214,1753378698.32527,13.67,-35.674,0,0,0,-0.973862533437364,0.227138208954282,3.5,0,0,0,0,0,1753378688,1753378698.31736,6.582,-45.685,0,0,0,-0.853375684333934,-0.521296404541207,0,0,0,0,0,0,1753378688
215,1753378698.33384,13.67,-35.674,0,0,0,-0.973862533437364,0.227138208954282,3.5,0,0,0,0,0,1753378688,1753378698.3253,6.582,-45.685,0,0,0,-0.853375684333934,-0.521296404541207,0,0,0,0,0,0,1753378688
216,1753378698.34206,13.67,-35.674,0,0,0,-0.973862533437364,0.227138208954282,3.5,0,0,0,0,0,1753378688,1753378698.33387,6.582,-45.685,0,0,0,-0.853375684333934,-0.521296404541207,0,0,0,0,0,0,1753378688
217,1753378698.3507,13.67,-35.674,0,0,0,-0.973862533437364,0.227138208954282,3.5,0,0,0,0,0,1753378688,1753378698.34208,6.582,-45.685,0,0,0,-0.853375684333934,-0.521296404541207,0,0,0,0,0,0,1753378688
218,1753378698.3586,13.67,-35.674,0,0,0,-0.973862533437364,0.227138208954282,3.5,0,0,0,0,0,1753378688,1753378698.35073,6.582,-45.685,0,0,0,-0.853375684333934,-0.521296404541207,0,0,0,0,0,0,1753378688
219,1753378698.36689,13.67,-35.674,0,0,0,-0.973862533437364,0.227138208954282,3.5,0,0,0,0,0,1753378688,1753378698.35863,6.582,-45.685,0,0,0,-0.853375684333934,-0.521296404541207,0,0,0,0,0,0,1753378688
220,1753378698.37525,13.67,-35.674,0,0,0,-0.973862533437364,0.227138208954282,3.5,0,0,0,0,0,1753378688,1753378698.36692,6.582,-45.685,0,0,0,-0.853375684333934,-0.521296404541207,0,0,0,0,0,0,1753378688
221,1753378698.38351,13.67,-35.674,0,0,0,-0.973862533437364,0.227138208954282,3.5,0,0,0,0,0,1753378688,1753378698.37529,6.582,-45.685,0,0,0,-0.853375684333934,-0.521296404541207,0,0,0,0,0,0,1753378688
222,1753378698.392,13.67,-35.674,0,0,0,-0.973862533437364,0.227138208954282,3.5,0,0,0,0,0,1753378688,1753378698.38354,6.582,-45.685,0,0,0,-0.853375684333934,-0.521296404541207,0,0,0,0,0,0,1753378688
223,1753378698.40046,13.67,-35.674,0,0,0,-0.973862533437364,0.227138208954282,3.5,0,0,0,0,0,1753378688,1753378698.39202,6.582,-45.685,0,0,0,-0.853375684333934,-0.521296404541207,0,0,0,0,0,0,1753378688
224,1753378698.4086,13.67,-35.674,0,0,0,-0.973862533437364,0.227138208954282,3.5,0,0,0,0,0,1753378688,1753378698.40049,6.582,-45.685,0,0,0,-0.853375684333934,-0.521296404541207,0,0,0,0,0,0,1753378688
225,1753378698.41694,13.67,-35.674,0,0,0,-0.973862533437364,0.227138208954282,3.5,0,0,0,0,0,1753378688,1753378698.40863,6.582,-45.685,0,0,0,-0.853375684333934,-0.521296404541207,0,0,0,0,0,0,1753378688
226,1753378698.42534,13.67,-35.674,0,0,0,-0.973862533437364,0.227138208954282,3.5,0,0,0,0,0,1753378688,1753378698.41696,6.582,-45.685,0,0,0,-0.853375684333934,-0.521296404541207,0,0,0,0,0,0,1753378688
227,1753378698.43369,13.67,-35.674,0,0,0,-0.973862533437364,0.227138208954282,3.5,0,0,0,0,0,1753378688,1753378698.42537,6.582,-45.685,0,0,0,-0.853375684333934,-0.521296404541207,0,0,0,0,0,0,1753378688
228,1753378698.44186,13.67,-35.674,0,0,0,-0.973862533437364,0.227138208954282,3.5,0,0,0,0,0,1753378688,1753378698.43372,6.582,-45.685,0,0,0,-0.853375684333934,-0.521296404541207,0,0,0,0,0,0,1753378688
229,1753378698.45029,13.67,-35.674,0,0,0,-0.973862533437364,0.227138208954282,3.5,0,0,0,0,0,1753378688,1753378698.44188,6.582,-45.685,0,0,0,-0.853375684333934,-0.521296404541207,0,0,0,0,0,0,1753378688
230,1753378698.45849,13.67,-35.674,0,0,0,-0.973862533437364,0.227138208954282,3.5,0,0,0,0,0,1753378688,1753378698.45032,6.582,-45.685,0,0,0,-0.853375684333934,-0.521296404541207,0,0,0,0,0,0,1753378688
231,1753378698.46699,13.67,-35.674,0,0,0,-0.973862533437364,0.227138208954282,3.5,0,0,0,0,0,1753378688,1753378698.45852,6.582,-45.685,0,0,0,-0.853375684333934,-0.521296404541207,0,0,0,0,0,0,1753378688
232,1753378698.47525,13.67,-35.674,0,0,0,-0.973862533437364,0.227138208954282,3.5,0,0,0,0,0,1753378688,1753378698.46702,6.582,-45.685,0,0,0,-0.853375684333934,-0.521296404541207,0,0,0,0,0,0,1753378688
233,1753378698.48378,13.67,-35.674,0,0,0,-0.973862533437364,0.227138208954282,3.5,0,0,0,0,0,1753378688,1753378698.47527,6.582,-45.685,0,0,0,-0.853375684333934,-0.521296404541207,0,0,0,0,0,0,1753378688
234,1753378698.49219,13.67,-35.674,0,0,0,-0.973862533437364,0.227138208954282,3.5,0,0,0,0,0,1753378688,1753378698.48382,6.582,-45.685,0,0,0,-0.853375684333934,-0.521296404541207,0,0,0,0,0,0,1753378688
235,1753378698.50032,13.67,-35.674,0,0,0,-0.973862533437364,0.227138208954282,3.5,0,0,0,0,0,1753378688,1753378698.49223,6.582,-45.685,0,0,0,-0.853375684333934,-0.521296404541207,0,0,0,0,0,0,1753378688
236,1753378698.50854,13.67,-35.674,0,0,0,-0.973862533437364,0.227138208954282,3.5,0,0,0,0,0,1753378688,1753378698.50035,6.582,-45.685,0,0,0,-0.853375684333934,-0.521296404541207,0,0,0,0,0,0,1753378688
237,1753378698.51717,13.67,-35.674,0,0,0,-0.973862533437364,0.227138208954282,3.5,0,0,0,0,0,1753378688,1753378698.50857,6.582,-45.685,0,0,0,-0.853375684333934,-0.521296404541207,0,0,0,0,0,0,1753378688
238,1753378698.52553,13.67,-35.674,0,0,0,-0.973862533437364,0.227138208954282,3.5,0,0,0,0,0,1753378688,1753378698.51721,6.582,-45.685,0,0,0,-0.853375684333934,-0.521296404541207,0,0,0,0,0,0,1753378688
239,1753378698.53376,13.67,-35.674,0,0,0,-0.973862533437364,0.227138208954282,3.5,0,0,0,0,0,1753378688,1753378698.52557,6.582,-45.685,0,0,0,-0.853375684333934,-0.521296404541207,0,0,0,0,0,0,1753378688
240,1753378698.54229,13.67,-35.674,0,0,0,-0.973862533437364,0.227138208954282,3.5,0,0,0,0,0,1753378688,1753378698.5338,6.582,-45.685,0,0,0,-0.853375684333934,-0.521296404541207,0,0,0,0,0,0,1753378688
241,1753378698.55027,13.67,-35.674,0,0,0,-0.973862533437364,0.227138208954282,3.5,0,0,0,0,0,1753378688,1753378698.54234,6.582,-45.685,0,0,0,-0.853375684333934,-0.521296404541207,0,0,0,0,0,0,1753378688
242,1753378698.55897,13.67,-35.674,0,0,0,-0.973862533437364,0.227138208954282,3.5,0,0,0,0,0,1753378688,1753378698.5503,6.582,-45.685,0,0,0,-0.853375684333934,-0.521296404541207,0,0,0,0,0,0,1753378688
243,1753378698.56719,13.67,-35.674,0,0,0,-0.973862533437364,0.227138208954282,3.5,0,0,0,0,0,1753378688,1753378698.55902,6.582,-45.685,0,0,0,-0.853375684333934,-0.521296404541207,0,0,0,0,0,0,1753378688
244,1753378698.57573,13.67,-35.674,0,0,0,-0.973862533437364,0.227138208954282,3.5,0,0,0,0,0,1753378688,1753378698.56723,6.582,-45.685,0,0,0,-0.853375684333934,-0.521296404541207,0,0,0,0,0,0,1753378688
245,1753378698.58468,13.67,-35.674,0,0,0,-0.973862533437364,0.227138208954282,3.5,0,0,0,0,0,1753378688,1753378698.57579,6.582,-45.685,0,0,0,-0.853375684333934,-0.521296404541207,0,0,0,0,0,0,1753378688
246,1753378698.59236,13.67,-35.674,0,0,0,-0.973862533437364,0.227138208954282,3.5,0,0,0,0,0,1753378688,1753378698.58472,6.582,-45.685,0,0,0,-0.853375684333934,-0.521296404541207,0,0,0,0,0,0,1753378688
247,1753378698.6003,13.67,-35.674,0,0,0,-0.973862533437364,0.227138208954282,3.5,0,0,0,0,0,1753378688,1753378698.5924,6.582,-45.685,0,0,0,-0.853375684333934,-0.521296404541207,0,0,0,0,0,0,1753378688
248,1753378698.60861,13.67,-35.674,0,0,0,-0.973862533437364,0.227138208954282,3.5,0,0,0,0,0,1753378688,1753378698.60032,6.582,-45.685,0,0,0,-0.853375684333934,-0.521296404541207,0,0,0,0,0,0,1753378688
249,1753378698.61689,13.67,-35.674,0,0,0,-0.973862533437364,0.227138208954282,3.5,0,0,0,0,0,1753378688,1753378698.60864,6.582,-45.685,0,0,0,-0.853375684333934,-0.521296404541207,0,0,0,0,0,0,1753378688
250,1753378698.6254,13.67,-35.674,0,0,0,-0.973862533437364,0.227138208954282,3.5,0,0,0,0,0,1753378688,1753378698.61691,6.582,-45.685,0,0,0,-0.853375684333934,-0.521296404541207,0,0,0,0,0,0,1753378688
251,1753378698.63361,13.67,-35.674,0,0,0,-0.973862533437364,0.227138208954282,3.5,0,0,0,0,0,1753378688,1753378698.62543,6.582,-45.685,0,0,0,-0.853375684333934,-0.521296404541207,0,0,0,0,0,0,1753378688
252,1753378698.64266,13.67,-35.674,0,0,0,-0.973862533437364,0.227138208954282,3.5,0,0,0,0,0,1753378688,1753378698.63364,6.582,-45.685,0,0,0,-0.853375684333934,-0.521296404541207,0,0,0,0,0,0,1753378688
253,1753378698.65061,13.67,-35.674,0,0,0,-0.973862533437364,0.227138208954282,3.5,0,0,0,0,0,1753378688,1753378698.6427,6.582,-45.685,0,0,0,-0.853375684333934,-0.521296404541207,0,0,0,0,0,0,1753378688
254,1753378698.65855,13.67,-35.674,0,0,0,-0.973862533437364,0.227138208954282,3.5,0,0,0,0,0,1753378688,1753378698.65067,6.582,-45.685,0,0,0,-0.853375684333934,-0.521296404541207,0,0,0,0,0,0,1753378688
255,1753378698.66691,13.67,-35.674,0,0,0,-0.973862533437364,0.227138208954282,3.5,0,0,0,0,0,1753378688,1753378698.65858,6.582,-45.685,0,0,0,-0.853375684333934,-0.521296404541207,0,0,0,0,0,0,1753378688
256,1753378698.67514,13.67,-35.674,0,0,0,-0.973862533437364,0.227138208954282,3.5,0,0,0,0,0,1753378688,1753378698.66694,6.582,-45.685,0,0,0,-0.853375684333934,-0.521296404541207,0,0,0,0,0,0,1753378688
257,1753378698.68375,13.67,-35.674,0,0,0,-0.973862533437364,0.227138208954282,3.5,0,0,0,0,0,1753378688,1753378698.67516,6.582,-45.685,0,0,0,-0.853375684333934,-0.521296404541207,0,0,0,0,0,0,1753378688
258,1753378698.69258,13.67,-35.674,0,0,0,-0.973862533437364,0.227138208954282,3.5,0,0,0,0,0,1753378688,1753378698.68377,6.582,-45.685,0,0,0,-0.853375684333934,-0.521296404541207,0,0,0,0,0,0,1753378688
259,1753378698.70033,13.67,-35.674,0,0,0,-0.973862533437364,0.227138208954282,3.5,0,0,0,0,0,1753378688,1753378698.69263,6.582,-45.685,0,0,0,-0.853375684333934,-0.521296404541207,0,0,0,0,0,0,1753378688
260,1753378698.70874,13.67,-35.674,0,0,0,-0.973862533437364,0.227138208954282,3.5,0,0,0,0,0,1753378688,1753378698.70035,6.582,-45.685,0,0,0,-0.853375684333934,-0.521296404541207,0,0,0,0,0,0,1753378688
261,1753378698.71717,13.67,-35.674,0,0,0,-0.973862533437364,0.227138208954282,3.5,0,0,0,0,0,1753378688,1753378698.70877,6.582,-45.685,0,0,0,-0.853375684333934,-0.521296404541207,0,0,0,0,0,0,1753378688
262,1753378698.72516,13.67,-35.674,0,0,0,-0.973862533437364,0.227138208954282,3.5,0,0,0,0,0,1753378688,1753378698.71721,6.582,-45.685,0,0,0,-0.853375684333934,-0.521296404541207,0,0,0,0,0,0,1753378688
263,1753378698.73353,13.67,-35.674,0,0,0,-0.973862533437364,0.227138208954282,3.5,0,0,0,0,0,1753378688,1753378698.72519,6.582,-45.685,0,0,0,-0.853375684333934,-0.521296404541207,0,0,0,0,0,0,1753378688
264,1753378698.74217,13.67,-35.674,0,0,0,-0.973862533437364,0.227138208954282,3.5,0,0,0,0,0,1753378688,1753378698.73355,6.582,-45.685,0,0,0,-0.853375684333934,-0.521296404541207,0,0,0,0,0,0,1753378688
265,1753378698.75031,13.67,-35.674,0,0,0,-0.973862533437364,0.227138208954282,3.5,0,0,0,0,0,1753378688,1753378698.74219,6.582,-45.685,0,0,0,-0.853375684333934,-0.521296404541207,0,0,0,0,0,0,1753378688
266,1753378698.75856,13.67,-35.674,0,0,0,-0.973862533437364,0.227138208954282,3.5,0,0,0,0,0,1753378688,1753378698.75034,6.582,-45.685,0,0,0,-0.853375684333934,-0.521296404541207,0,0,0,0,0,0,1753378688
267,1753378698.76694,13.67,-35.674,0,0,0,-0.973862533437364,0.227138208954282,3.5,0,0,0,0,0,1753378688,1753378698.75859,6.582,-45.685,0,0,0,-0.853375684333934,-0.521296404541207,0,0,0,0,0,0,1753378688
268,1753378698.77528,13.67,-35.674,0,0,0,-0.973862533437364,0.227138208954282,3.5,0,0,0,0,0,1753378688,1753378698.76697,6.582,-45.685,0,0,0,-0.853375684333934,-0.521296404541207,0,0,0,0,0,0,1753378688
269,1753378698.78363,13.67,-35.674,0,0,0,-0.973862533437364,0.227138208954282,3.5,0,0,0,0,0,1753378688,1753378698.77531,6.582,-45.685,0,0,0,-0.853375684333934,-0.521296404541207,0,0,0,0,0,0,1753378688
270,1753378698.7922,13.67,-35.674,0,0,0,-0.973862533437364,0.227138208954282,3.5,0,0,0,0,0,1753378688,1753378698.78366,6.582,-45.685,0,0,0,-0.853375684333934,-0.521296404541207,0,0,0,0,0,0,1753378688
271,1753378698.80031,13.67,-35.674,0,0,0,-0.973862533437364,0.227138208954282,3.5,0,0,0,0,0,1753378688,1753378698.79223,6.582,-45.685,0,0,0,-0.853375684333934,-0.521296404541207,0,0,0,0,0,0,1753378688
272,1753378698.80881,13.67,-35.674,0,0,0,-0.973862533437364,0.227138208954282,3.5,0,0,0,0,0,1753378688,1753378698.80034,6.582,-45.685,0,0,0,-0.853375684333934,-0.521296404541207,0,0,0,0,0,0,1753378688
273,1753378698.81712,13.67,-35.674,0,0,0,-0.973862533437364,0.227138208954282,3.5,0,0,0,0,0,1753378688,1753378698.80885,6.582,-45.685,0,0,0,-0.853375684333934,-0.521296404541207,0,0,0,0,0,0,1753378688
274,1753378698.82548,13.67,-35.674,0,0,0,-0.973862533437364,0.227138208954282,3.5,0,0,0,0,0,1753378688,1753378698.81717,6.582,-45.685,0,0,0,-0.853375684333934,-0.521296404541207,0,0,0,0,0,0,1753378688
275,1753378698.8337,13.67,-35.674,0,0,0,-0.973862533437364,0.227138208954282,3.5,0,0,0,0,0,1753378688,1753378698.82552,6.582,-45.685,0,0,0,-0.853375684333934,-0.521296404541207,0,0,0,0,0,0,1753378688
276,1753378698.84221,13.67,-35.674,0,0,0,-0.973862533437364,0.227138208954282,3.5,0,0,0,0,0,1753378688,1753378698.83372,6.582,-45.685,0,0,0,-0.853375684333934,-0.521296404541207,0,0,0,0,0,0,1753378688
277,1753378698.85058,13.67,-35.674,0,0,0,-0.973862533437364,0.227138208954282,3.5,0,0,0,0,0,1753378688,1753378698.84226,6.582,-45.685,0,0,0,-0.853375684333934,-0.521296404541207,0,0,0,0,0,0,1753378688
278,1753378698.85879,13.67,-35.674,0,0,0,-0.973862533437364,0.227138208954282,3.5,0,0,0,0,0,1753378688,1753378698.85062,6.582,-45.685,0,0,0,-0.853375684333934,-0.521296404541207,0,0,0,0,0,0,1753378688
279,1753378698.86713,13.67,-35.674,0,0,0,-0.973862533437364,0.227138208954282,3.5,0,0,0,0,0,1753378688,1753378698.85884,6.582,-45.685,0,0,0,-0.853375684333934,-0.521296404541207,0,0,0,0,0,0,1753378688
280,1753378698.87524,13.67,-35.674,0,0,0,-0.973862533437364,0.227138208954282,3.5,0,0,0,0,0,1753378688,1753378698.86715,6.582,-45.685,0,0,0,-0.853375684333934,-0.521296404541207,0,0,0,0,0,0,1753378688
281,1753378698.88351,13.67,-35.674,0,0,0,-0.973862533437364,0.227138208954282,3.5,0,0,0,0,0,1753378688,1753378698.87526,6.582,-45.685,0,0,0,-0.853375684333934,-0.521296404541207,0,0,0,0,0,0,1753378688
282,1753378698.89197,13.67,-35.674,0,0,0,-0.973862533437364,0.227138208954282,3.5,0,0,0,0,0,1753378688,1753378698.88354,6.582,-45.685,0,0,0,-0.853375684333934,-0.521296404541207,0,0,0,0,0,0,1753378688
283,1753378698.90025,13.67,-35.674,0,0,0,-0.973862533437364,0.227138208954282,3.5,0,0,0,0,0,1753378688,1753378698.892,6.582,-45.685,0,0,0,-0.853375684333934,-0.521296404541207,0,0,0,0,0,0,1753378688
284,1753378698.90853,13.67,-35.674,0,0,0,-0.973862533437364,0.227138208954282,3.5,0,0,0,0,0,1753378688,1753378698.90029,6.582,-45.685,0,0,0,-0.853375684333934,-0.521296404541207,0,0,0,0,0,0,1753378688
285,1753378698.91682,13.67,-35.674,0,0,0,-0.973862533437364,0.227138208954282,3.5,0,0,0,0,0,1753378688,1753378698.90856,6.582,-45.685,0,0,0,-0.853375684333934,-0.521296404541207,0,0,0,0,0,0,1753378688
286,1753378698.92525,13.67,-35.674,0,0,0,-0.973862533437364,0.227138208954282,3.5,0,0,0,0,0,1753378688,1753378698.91685,6.582,-45.685,0,0,0,-0.853375684333934,-0.521296404541207,0,0,0,0,0,0,1753378688
287,1753378698.93355,13.67,-35.674,0,0,0,-0.973862533437364,0.227138208954282,3.5,0,0,0,0,0,1753378688,1753378698.92528,6.582,-45.685,0,0,0,-0.853375684333934,-0.521296404541207,0,0,0,0,0,0,1753378688
288,1753378698.94202,13.67,-35.674,0,0,0,-0.973862533437364,0.227138208954282,3.5,0,0,0,0,0,1753378688,1753378698.93358,6.582,-45.685,0,0,0,-0.853375684333934,-0.521296404541207,0,0,0,0,0,0,1753378688
289,1753378698.95067,13.67,-35.674,0,0,0,-0.973862533437364,0.227138208954282,3.5,0,0,0,0,0,1753378688,1753378698.94205,6.582,-45.685,0,0,0,-0.853375684333934,-0.521296404541207,0,0,0,0,0,0,1753378688
290,1753378698.95875,13.67,-35.674,0,0,0,-0.973862533437364,0.227138208954282,3.5,0,0,0,0,0,1753378688,1753378698.95071,6.582,-45.685,0,0,0,-0.853375684333934,-0.521296404541207,0,0,0,0,0,0,1753378688
291,1753378698.96692,13.67,-35.674,0,0,0,-0.973862533437364,0.227138208954282,3.5,0,0,0,0,0,1753378688,1753378698.95878,6.582,-45.685,0,0,0,-0.853375684333934,-0.521296404541207,0,0,0,0,0,0,1753378688
292,1753378698.97529,13.67,-35.674,0,0,0,-0.973862533437364,0.227138208954282,3.5,0,0,0,0,0,1753378688,1753378698.96694,6.582,-45.685,0,0,0,-0.853375684333934,-0.521296404541207,0,0,0,0,0,0,1753378688
293,1753378698.9837,13.67,-35.674,0,0,0,-0.973862533437364,0.227138208954282,3.5,0,0,0,0,0,1753378688,1753378698.97531,6.582,-45.685,0,0,0,-0.853375684333934,-0.521296404541207,0,0,0,0,0,0,1753378688
294,1753378698.99185,13.67,-35.674,0,0,0,-0.973862533437364,0.227138208954282,3.5,0,0,0,0,0,1753378688,1753378698.98373,6.582,-45.685,0,0,0,-0.853375684333934,-0.521296404541207,0,0,0,0,0,0,1753378688
295,1753378699.0003,13.67,-35.674,0,0,0,-0.973862533437364,0.227138208954282,3.5,0,0,0,0,0,1753378688,1753378698.99188,6.582,-45.685,0,0,0,-0.853375684333934,-0.521296404541207,0,0,0,0,0,0,1753378688
296,1753378699.00857,13.67,-35.674,0,0,0,-0.973862533437364,0.227138208954282,3.5,0,0,0,0,0,1753378688,1753378699.00032,6.582,-45.685,0,0,0,-0.853375684333934,-0.521296404541207,0,0,0,0,0,0,1753378688
297,1753378699.01689,13.67,-35.674,0,0,0,-0.973862533437364,0.227138208954282,3.5,0,0,0,0,0,1753378688,1753378699.00859,6.582,-45.685,0,0,0,-0.853375684333934,-0.521296404541207,0,0,0,0,0,0,1753378688
298,1753378699.02527,13.67,-35.674,0,0,0,-0.973862533437364,0.227138208954282,3.5,0,0,0,0,0,1753378688,1753378699.01692,6.582,-45.685,0,0,0,-0.853375684333934,-0.521296404541207,0,0,0,0,0,0,1753378688
299,1753378699.03363,13.67,-35.674,0,0,0,-0.973862533437364,0.227138208954282,3.5,0,0,0,0,0,1753378688,1753378699.02531,6.582,-45.685,0,0,0,-0.853375684333934,-0.521296404541207,0,0,0,0,0,0,1753378688
300,1753378699.04273,13.67,-35.674,0,0,0,-0.973862533437364,0.227138208954282,3.5,0,0,0,0,0,1753378688,1753378699.03365,6.582,-45.685,0,0,0,-0.853375684333934,-0.521296404541207,0,0,0,0,0,0,1753378688
301,1753378699.05055,13.67,-35.674,0,0,0,-0.973862533437364,0.227138208954282,3.5,0,0,0,0,0,1753378688,1753378699.04276,6.582,-45.685,0,0,0,-0.853375684333934,-0.521296404541207,0,0,0,0,0,0,1753378688
302,1753378699.05863,13.67,-35.674,0,0,0,-0.973862533437364,0.227138208954282,3.5,0,0,0,0,0,1753378688,1753378699.0506,6.582,-45.685,0,0,0,-0.853375684333934,-0.521296404541207,0,0,0,0,0,0,1753378688
303,1753378699.06694,13.67,-35.674,0,0,0,-0.973862533437364,0.227138208954282,3.5,0,0,0,0,0,1753378688,1753378699.05866,6.582,-45.685,0,0,0,-0.853375684333934,-0.521296404541207,0,0,0,0,0,0,1753378688
304,1753378699.07551,13.67,-35.674,0,0,0,-0.973862533437364,0.227138208954282,3.5,0,0,0,0,0,1753378688,1753378699.06697,6.582,-45.685,0,0,0,-0.853375684333934,-0.521296404541207,0,0,0,0,0,0,1753378688
305,1753378699.08432,13.67,-35.674,0,0,0,-0.973862533437364,0.227138208954282,3.5,0,0,0,0,0,1753378688,1753378699.07553,6.582,-45.685,0,0,0,-0.853375684333934,-0.521296404541207,0,0,0,0,0,0,1753378688
306,1753378699.09183,13.67,-35.674,0,0,0,-0.973862533437364,0.227138208954282,3.5,0,0,0,0,0,1753378688,1753378699.08436,6.582,-45.685,0,0,0,-0.853375684333934,-0.521296404541207,0,0,0,0,0,0,1753378688
307,1753378699.1003,13.67,-35.674,0,0,0,-0.973862533437364,0.227138208954282,3.5,0,0,0,0,0,1753378688,1753378699.09186,6.582,-45.685,0,0,0,-0.853375684333934,-0.521296404541207,0,0,0,0,0,0,1753378688
308,1753378699.10857,13.67,-35.674,0,0,0,-0.973862533437364,0.227138208954282,3.5,0,0,0,0,0,1753378688,1753378699.10033,6.582,-45.685,0,0,0,-0.853375684333934,-0.521296404541207,0,0,0,0,0,0,1753378688
309,1753378699.11692,13.67,-35.674,0,0,0,-0.973862533437364,0.227138208954282,3.5,0,0,0,0,0,1753378688,1753378699.10859,6.582,-45.685,0,0,0,-0.853375684333934,-0.521296404541207,0,0,0,0,0,0,1753378688
310,1753378699.12536,13.67,-35.674,0,0,0,-0.973862533437364,0.227138208954282,3.5,0,0,0,0,0,1753378688,1753378699.11694,6.582,-45.685,0,0,0,-0.853375684333934,-0.521296404541207,0,0,0,0,0,0,1753378688
311,1753378699.13357,13.67,-35.674,0,0,0,-0.973862533437364,0.227138208954282,3.5,0,0,0,0,0,1753378688,1753378699.12539,6.582,-45.685,0,0,0,-0.853375684333934,-0.521296404541207,0,0,0,0,0,0,1753378688
312,1753378699.14193,13.67,-35.674,0,0,0,-0.973862533437364,0.227138208954282,3.5,0,0,0,0,0,1753378688,1753378699.1336,6.582,-45.685,0,0,0,-0.853375684333934,-0.521296404541207,0,0,0,0,0,0,1753378688
313,1753378699.15035,13.67,-35.674,0,0,0,-0.973862533437364,0.227138208954282,3.5,0,0,0,0,0,1753378688,1753378699.14196,6.582,-45.685,0,0,0,-0.853375684333934,-0.521296404541207,0,0,0,0,0,0,1753378688
314,1753378699.15866,13.67,-35.674,0,0,0,-0.973862533437364,0.227138208954282,3.5,0,0,0,0,0,1753378688,1753378699.15037,6.582,-45.685,0,0,0,-0.853375684333934,-0.521296404541207,0,0,0,0,0,0,1753378688
315,1753378699.16713,13.67,-35.674,0,0,0,-0.973862533437364,0.227138208954282,3.5,0,0,0,0,0,1753378688,1753378699.15869,6.582,-45.685,0,0,0,-0.853375684333934,-0.521296404541207,0,0,0,0,0,0,1753378688
316,1753378699.17555,13.67,-35.674,0,0,0,-0.973862533437364,0.227138208954282,3.5,0,0,0,0,0,1753378688,1753378699.16716,6.582,-45.685,0,0,0,-0.853375684333934,-0.521296404541207,0,0,0,0,0,0,1753378688
317,1753378699.18364,13.67,-35.674,0,0,0,-0.973862533437364,0.227138208954282,3.5,0,0,0,0,0,1753378688,1753378699.17559,6.582,-45.685,0,0,0,-0.853375684333934,-0.521296404541207,0,0,0,0,0,0,1753378688
318,1753378699.19222,13.67,-35.674,0,0,0,-0.973862533437364,0.227138208954282,3.5,0,0,0,0,0,1753378688,1753378699.18366,6.582,-45.685,0,0,0,-0.853375684333934,-0.521296404541207,0,0,0,0,0,0,1753378688
319,1753378699.20057,13.67,-35.674,0,0,0,-0.973862533437364,0.227138208954282,3.5,0,0,0,0,0,1753378688,1753378699.19227,6.582,-45.685,0,0,0,-0.853375684333934,-0.521296404541207,0,0,0,0,0,0,1753378688
320,1753378699.20883,13.67,-35.674,0,0,0,-0.973862533437364,0.227138208954282,3.5,0,0,0,0,0,1753378688,1753378699.20061,6.582,-45.685,0,0,0,-0.853375684333934,-0.521296404541207,0,0,0,0,0,0,1753378688
321,1753378699.21697,13.67,-35.674,0,0,0,-0.973862533437364,0.227138208954282,3.5,0,0,0,0,0,1753378688,1753378699.20888,6.582,-45.685,0,0,0,-0.853375684333934,-0.521296404541207,0,0,0,0,0,0,1753378688
322,1753378699.22565,13.67,-35.674,0,0,0,-0.973862533437364,0.227138208954282,3.5,0,0,0,0,0,1753378688,1753378699.217,6.582,-45.685,0,0,0,-0.853375684333934,-0.521296404541207,0,0,0,0,0,0,1753378688
323,1753378699.2338,13.67,-35.674,0,0,0,-0.973862533437364,0.227138208954282,3.5,0,0,0,0,0,1753378688,1753378699.2257,6.582,-45.685,0,0,0,-0.853375684333934,-0.521296404541207,0,0,0,0,0,0,1753378688
324,1753378699.24195,13.67,-35.674,0,0,0,-0.973862533437364,0.227138208954282,3.5,0,0,0,0,0,1753378688,1753378699.23385,6.582,-45.685,0,0,0,-0.853375684333934,-0.521296404541207,0,0,0,0,0,0,1753378688
325,1753378699.25026,13.67,-35.674,0,0,0,-0.973862533437364,0.227138208954282,3.5,0,0,0,0,0,1753378688,1753378699.24198,6.582,-45.685,0,0,0,-0.853375684333934,-0.521296404541207,0,0,0,0,0,0,1753378688
326,1753378699.25859,13.67,-35.674,0,0,0,-0.973862533437364,0.227138208954282,3.5,0,0,0,0,0,1753378688,1753378699.25029,6.582,-45.685,0,0,0,-0.853375684333934,-0.521296404541207,0,0,0,0,0,0,1753378688
327,1753378699.2669,13.67,-35.674,0,0,0,-0.973862533437364,0.227138208954282,3.5,0,0,0,0,0,1753378688,1753378699.25861,6.582,-45.685,0,0,0,-0.853375684333934,-0.521296404541207,0,0,0,0,0,0,1753378688
328,1753378699.27514,13.67,-35.674,0,0,0,-0.973862533437364,0.227138208954282,3.5,0,0,0,0,0,1753378688,1753378699.26693,6.582,-45.685,0,0,0,-0.853375684333934,-0.521296404541207,0,0,0,0,0,0,1753378688
329,1753378699.28379,13.67,-35.674,0,0,0,-0.973862533437364,0.227138208954282,3.5,0,0,0,0,0,1753378688,1753378699.27517,6.582,-45.685,0,0,0,-0.853375684333934,-0.521296404541207,0,0,0,0,0,0,1753378688
330,1753378699.29217,13.67,-35.674,0,0,0,-0.973862533437364,0.227138208954282,3.5,0,0,0,0,0,1753378688,1753378699.28383,6.582,-45.685,0,0,0,-0.853375684333934,-0.521296404541207,0,0,0,0,0,0,1753378688
331,1753378699.30056,13.67,-35.674,0,0,0,-0.973862533437364,0.227138208954282,3.5,0,0,0,0,0,1753378688,1753378699.29221,6.582,-45.685,0,0,0,-0.853375684333934,-0.521296404541207,0,0,0,0,0,0,1753378688
332,1753378699.30883,13.67,-35.674,0,0,0,-0.973862533437364,0.227138208954282,3.5,0,0,0,0,0,1753378688,1753378699.30059,6.582,-45.685,0,0,0,-0.853375684333934,-0.521296404541207,0,0,0,0,0,0,1753378688
333,1753378699.3171,13.67,-35.674,0,0,0,-0.973862533437364,0.227138208954282,3.5,0,0,0,0,0,1753378688,1753378699.30887,6.582,-45.685,0,0,0,-0.853375684333934,-0.521296404541207,0,0,0,0,0,0,1753378688
334,1753378699.32546,13.67,-35.674,0,0,0,-0.973862533437364,0.227138208954282,3.5,0,0,0,0,0,1753378688,1753378699.31715,6.582,-45.685,0,0,0,-0.853375684333934,-0.521296404541207,0,0,0,0,0,0,1753378688
335,1753378699.33382,13.67,-35.674,0,0,0,-0.973862533437364,0.227138208954282,3.5,0,0,0,0,0,1753378688,1753378699.3255,6.582,-45.685,0,0,0,-0.853375684333934,-0.521296404541207,0,0,0,0,0,0,1753378688
336,1753378699.34303,13.67,-35.674,0,0,0,-0.973862533437364,0.227138208954282,3.5,0,0,0,0,0,1753378688,1753378699.33387,6.582,-45.685,0,0,0,-0.853375684333934,-0.521296404541207,0,0,0,0,0,0,1753378688
337,1753378699.35189,13.67,-35.674,0,0,0,-0.973862533437364,0.227138208954282,3.5,0,0,0,0,0,1753378688,1753378699.34314,6.582,-45.685,0,0,0,-0.853375684333934,-0.521296404541207,0,0,0,0,0,0,1753378688
338,1753378699.35874,13.67,-35.674,0,0,0,-0.973862533437364,0.227138208954282,3.5,0,0,0,0,0,1753378688,1753378699.35201,6.582,-45.685,0,0,0,-0.853375684333934,-0.521296404541207,0,0,0,0,0,0,1753378688
339,1753378699.36715,13.67,-35.674,0,0,0,-0.973862533437364,0.227138208954282,3.5,0,0,0,0,0,1753378688,1753378699.35877,6.582,-45.685,0,0,0,-0.853375684333934,-0.521296404541207,0,0,0,0,0,0,1753378688
340,1753378699.37521,13.67,-35.674,0,0,0,-0.973862533437364,0.227138208954282,3.5,0,0,0,0,0,1753378688,1753378699.3672,6.582,-45.685,0,0,0,-0.853375684333934,-0.521296404541207,0,0,0,0,0,0,1753378688
341,1753378699.38363,13.67,-35.674,0,0,0,-0.973862533437364,0.227138208954282,3.5,0,0,0,0,0,1753378688,1753378699.37524,6.582,-45.685,0,0,0,-0.853375684333934,-0.521296404541207,0,0,0,0,0,0,1753378688
342,1753378699.39258,13.67,-35.674,0,0,0,-0.973862533437364,0.227138208954282,3.5,0,0,0,0,0,1753378688,1753378699.38365,6.582,-45.685,0,0,0,-0.853375684333934,-0.521296404541207,0,0,0,0,0,0,1753378688
343,1753378699.40065,13.67,-35.674,0,0,0,-0.973862533437364,0.227138208954282,3.5,0,0,0,0,0,1753378688,1753378699.39263,6.582,-45.685,0,0,0,-0.853375684333934,-0.521296404541207,0,0,0,0,0,0,1753378688
344,1753378699.40884,13.67,-35.674,0,0,0,-0.973862533437364,0.227138208954282,3.5,0,0,0,0,0,1753378688,1753378699.40068,6.582,-45.685,0,0,0,-0.853375684333934,-0.521296404541207,0,0,0,0,0,0,1753378688
345,1753378699.41688,13.67,-35.674,0,0,0,-0.973862533437364,0.227138208954282,3.5,0,0,0,0,0,1753378688,1753378699.40889,6.582,-45.685,0,0,0,-0.853375684333934,-0.521296404541207,0,0,0,0,0,0,1753378688
346,1753378699.42554,13.67,-35.674,0,0,0,-0.973862533437364,0.227138208954282,3.5,0,0,0,0,0,1753378688,1753378699.4169,6.582,-45.685,0,0,0,-0.853375684333934,-0.521296404541207,0,0,0,0,0,0,1753378688
347,1753378699.43376,13.67,-35.674,0,0,0,-0.973862533437364,0.227138208954282,3.5,0,0,0,0,0,1753378688,1753378699.42558,6.582,-45.685,0,0,0,-0.853375684333934,-0.521296404541207,0,0,0,0,0,0,1753378688
348,1753378699.4423,13.67,-35.674,0,0,0,-0.973862533437364,0.227138208954282,3.5,0,0,0,0,0,1753378688,1753378699.4338,6.582,-45.685,0,0,0,-0.853375684333934,-0.521296404541207,0,0,0,0,0,0,1753378688
349,1753378699.45028,13.67,-35.674,0,0,0,-0.973862533437364,0.227138208954282,3.5,0,0,0,0,0,1753378688,1753378699.44232,6.582,-45.685,0,0,0,-0.853375684333934,-0.521296404541207,0,0,0,0,0,0,1753378688
350,1753378699.45885,13.67,-35.674,0,0,0,-0.973862533437364,0.227138208954282,3.5,0,0,0,0,0,1753378688,1753378699.4503,6.582,-45.685,0,0,0,-0.853375684333934,-0.521296404541207,0,0,0,0,0,0,1753378688
351,1753378699.46694,13.67,-35.674,0,0,0,-0.973862533437364,0.227138208954282,3.5,0,0,0,0,0,1753378688,1753378699.4589,6.582,-45.685,0,0,0,-0.853375684333934,-0.521296404541207,0,0,0,0,0,0,1753378688
352,1753378699.47515,13.67,-35.674,0,0,0,-0.973862533437364,0.227138208954282,3.5,0,0,0,0,0,1753378688,1753378699.46696,6.582,-45.685,0,0,0,-0.853375684333934,-0.521296404541207,0,0,0,0,0,0,1753378688
353,1753378699.48349,13.67,-35.674,0,0,0,-0.973862533437364,0.227138208954282,3.5,0,0,0,0,0,1753378688,1753378699.47517,6.582,-45.685,0,0,0,-0.853375684333934,-0.521296404541207,0,0,0,0,0,0,1753378688
354,1753378699.49197,13.67,-35.674,0,0,0,-0.973862533437364,0.227138208954282,3.5,0,0,0,0,0,1753378688,1753378699.48351,6.582,-45.685,0,0,0,-0.853375684333934,-0.521296404541207,0,0,0,0,0,0,1753378688
355,1753378699.50037,13.67,-35.674,0,0,0,-0.973862533437364,0.227138208954282,3.5,0,0,0,0,0,1753378688,1753378699.492,6.582,-45.685,0,0,0,-0.853375684333934,-0.521296404541207,0,0,0,0,0,0,1753378688
356,1753378699.50869,13.67,-35.674,0,0,0,-0.973862533437364,0.227138208954282,3.5,0,0,0,0,0,1753378688,1753378699.50039,6.582,-45.685,0,0,0,-0.853375684333934,-0.521296404541207,0,0,0,0,0,0,1753378688
357,1753378699.51693,13.67,-35.674,0,0,0,-0.973862533437364,0.227138208954282,3.5,0,0,0,0,0,1753378688,1753378699.50872,6.582,-45.685,0,0,0,-0.853375684333934,-0.521296404541207,0,0,0,0,0,0,1753378688
358,1753378699.52543,13.67,-35.674,0,0,0,-0.973862533437364,0.227138208954282,3.5,0,0,0,0,0,1753378688,1753378699.51696,6.582,-45.685,0,0,0,-0.853375684333934,-0.521296404541207,0,0,0,0,0,0,1753378688
359,1753378699.53378,13.67,-35.674,0,0,0,-0.973862533437364,0.227138208954282,3.5,0,0,0,0,0,1753378688,1753378699.52545,6.582,-45.685,0,0,0,-0.853375684333934,-0.521296404541207,0,0,0,0,0,0,1753378688
360,1753378699.54196,13.67,-35.674,0,0,0,-0.973862533437364,0.227138208954282,3.5,0,0,0,0,0,1753378688,1753378699.53382,6.582,-45.685,0,0,0,-0.853375684333934,-0.521296404541207,0,0,0,0,0,0,1753378688
361,1753378699.55035,13.67,-35.674,0,0,0,-0.973862533437364,0.227138208954282,3.5,0,0,0,0,0,1753378688,1753378699.54199,6.582,-45.685,0,0,0,-0.853375684333934,-0.521296404541207,0,0,0,0,0,0,1753378688
362,1753378699.55884,13.67,-35.674,0,0,0,-0.973862533437364,0.227138208954282,3.5,0,0,0,0,0,1753378688,1753378699.55037,6.582,-45.685,0,0,0,-0.853375684333934,-0.521296404541207,0,0,0,0,0,0,1753378688
363,1753378699.5669,13.67,-35.674,0,0,0,-0.973862533437364,0.227138208954282,3.5,0,0,0,0,0,1753378688,1753378699.55888,6.582,-45.685,0,0,0,-0.853375684333934,-0.521296404541207,0,0,0,0,0,0,1753378688
364,1753378699.57556,13.67,-35.674,0,0,0,-0.973862533437364,0.227138208954282,3.5,0,0,0,0,0,1753378688,1753378699.56693,6.582,-45.685,0,0,0,-0.853375684333934,-0.521296404541207,0,0,0,0,0,0,1753378688
365,1753378699.58351,13.67,-35.674,0,0,0,-0.973862533437364,0.227138208954282,3.5,0,0,0,0,0,1753378688,1753378699.5756,6.582,-45.685,0,0,0,-0.853375684333934,-0.521296404541207,0,0,0,0,0,0,1753378688
366,1753378699.59199,13.67,-35.674,0,0,0,-0.973862533437364,0.227138208954282,3.5,0,0,0,0,0,1753378688,1753378699.58354,6.582,-45.685,0,0,0,-0.853375684333934,-0.521296404541207,0,0,0,0,0,0,1753378688
367,1753378699.60061,13.67,-35.674,0,0,0,-0.973862533437364,0.227138208954282,3.5,0,0,0,0,0,1753378688,1753378699.59202,6.582,-45.685,0,0,0,-0.853375684333934,-0.521296404541207,0,0,0,0,0,0,1753378688
368,1753378699.60882,13.67,-35.674,0,0,0,-0.973862533437364,0.227138208954282,3.5,0,0,0,0,0,1753378688,1753378699.60065,6.582,-45.685,0,0,0,-0.853375684333934,-0.521296404541207,0,0,0,0,0,0,1753378688
369,1753378699.61688,13.67,-35.674,0,0,0,-0.973862533437364,0.227138208954282,3.5,0,0,0,0,0,1753378688,1753378699.60885,6.582,-45.685,0,0,0,-0.853375684333934,-0.521296404541207,0,0,0,0,0,0,1753378688
370,1753378699.62552,13.67,-35.674,0,0,0,-0.973862533437364,0.227138208954282,3.5,0,0,0,0,0,1753378688,1753378699.61691,6.582,-45.685,0,0,0,-0.853375684333934,-0.521296404541207,0,0,0,0,0,0,1753378688
371,1753378699.63347,13.67,-35.674,0,0,0,-0.973862533437364,0.227138208954282,3.5,0,0,0,0,0,1753378688,1753378699.62557,6.582,-45.685,0,0,0,-0.853375684333934,-0.521296404541207,0,0,0,0,0,0,1753378688
372,1753378699.64197,13.67,-35.674,0,0,0,-0.973862533437364,0.227138208954282,3.5,0,0,0,0,0,1753378688,1753378699.63349,6.582,-45.685,0,0,0,-0.853375684333934,-0.521296404541207,0,0,0,0,0,0,1753378688
373,1753378699.6503,13.67,-35.674,0,0,0,-0.973862533437364,0.227138208954282,3.5,0,0,0,0,0,1753378688,1753378699.64199,6.582,-45.685,0,0,0,-0.853375684333934,-0.521296404541207,0,0,0,0,0,0,1753378688
374,1753378699.65864,13.67,-35.674,0,0,0,-0.973862533437364,0.227138208954282,3.5,0,0,0,0,0,1753378688,1753378699.65038,6.582,-45.685,0,0,0,-0.853375684333934,-0.521296404541207,0,0,0,0,0,0,1753378688
375,1753378699.66722,13.67,-35.674,0,0,0,-0.973862533437364,0.227138208954282,3.5,0,0,0,0,0,1753378688,1753378699.65866,6.582,-45.685,0,0,0,-0.853375684333934,-0.521296404541207,0,0,0,0,0,0,1753378688
376,1753378699.67549,13.67,-35.674,0,0,0,-0.973862533437364,0.227138208954282,3.5,0,0,0,0,0,1753378688,1753378699.66726,6.582,-45.685,0,0,0,-0.853375684333934,-0.521296404541207,0,0,0,0,0,0,1753378688
377,1753378699.68375,13.67,-35.674,0,0,0,-0.973862533437364,0.227138208954282,3.5,0,0,0,0,0,1753378688,1753378699.67553,6.582,-45.685,0,0,0,-0.853375684333934,-0.521296404541207,0,0,0,0,0,0,1753378688
378,1753378699.69256,13.67,-35.674,0,0,0,-0.973862533437364,0.227138208954282,3.5,0,0,0,0,0,1753378688,1753378699.6838,6.582,-45.685,0,0,0,-0.853375684333934,-0.521296404541207,0,0,0,0,0,0,1753378688
379,1753378699.7006,13.67,-35.674,0,0,0,-0.973862533437364,0.227138208954282,3.5,0,0,0,0,0,1753378688,1753378699.69259,6.582,-45.685,0,0,0,-0.853375684333934,-0.521296404541207,0,0,0,0,0,0,1753378688
380,1753378699.70862,13.67,-35.674,0,0,0,-0.973862533437364,0.227138208954282,3.5,0,0,0,0,0,1753378688,1753378699.70065,6.582,-45.685,0,0,0,-0.853375684333934,-0.521296404541207,0,0,0,0,0,0,1753378688
381,1753378699.71691,13.67,-35.674,0,0,0,-0.973862533437364,0.227138208954282,3.5,0,0,0,0,0,1753378688,1753378699.70865,6.582,-45.685,0,0,0,-0.853375684333934,-0.521296404541207,0,0,0,0,0,0,1753378688
382,1753378699.72519,13.67,-35.674,0,0,0,-0.973862533437364,0.227138208954282,3.5,0,0,0,0,0,1753378688,1753378699.71693,6.582,-45.685,0,0,0,-0.853375684333934,-0.521296404541207,0,0,0,0,0,0,1753378688
383,1753378699.73352,13.67,-35.674,0,0,0,-0.973862533437364,0.227138208954282,3.5,0,0,0,0,0,1753378688,1753378699.72522,6.582,-45.685,0,0,0,-0.853375684333934,-0.521296404541207,0,0,0,0,0,0,1753378688
384,1753378699.74211,13.67,-35.674,0,0,0,-0.973862533437364,0.227138208954282,3.5,0,0,0,0,0,1753378688,1753378699.73354,6.582,-45.685,0,0,0,-0.853375684333934,-0.521296404541207,0,0,0,0,0,0,1753378688
385,1753378699.75032,13.67,-35.674,0,0,0,-0.973862533437364,0.227138208954282,3.5,0,0,0,0,0,1753378688,1753378699.74214,6.582,-45.685,0,0,0,-0.853375684333934,-0.521296404541207,0,0,0,0,0,0,1753378688
386,1753378699.75861,13.67,-35.674,0,0,0,-0.973862533437364,0.227138208954282,3.5,0,0,0,0,0,1753378688,1753378699.75034,6.582,-45.685,0,0,0,-0.853375684333934,-0.521296404541207,0,0,0,0,0,0,1753378688
387,1753378699.7669,13.67,-35.674,0,0,0,-0.973862533437364,0.227138208954282,3.5,0,0,0,0,0,1753378688,1753378699.75864,6.582,-45.685,0,0,0,-0.853375684333934,-0.521296404541207,0,0,0,0,0,0,1753378688
388,1753378699.77522,13.67,-35.674,0,0,0,-0.973862533437364,0.227138208954282,3.5,0,0,0,0,0,1753378688,1753378699.76693,6.582,-45.685,0,0,0,-0.853375684333934,-0.521296404541207,0,0,0,0,0,0,1753378688
389,1753378699.78362,13.67,-35.674,0,0,0,-0.973862533437364,0.227138208954282,3.5,0,0,0,0,0,1753378688,1753378699.77524,6.582,-45.685,0,0,0,-0.853375684333934,-0.521296404541207,0,0,0,0,0,0,1753378688
390,1753378699.79203,13.67,-35.674,0,0,0,-0.973862533437364,0.227138208954282,3.5,0,0,0,0,0,1753378688,1753378699.78364,6.582,-45.685,0,0,0,-0.853375684333934,-0.521296404541207,0,0,0,0,0,0,1753378688
391,1753378699.80032,13.67,-35.674,0,0,0,-0.973862533437364,0.227138208954282,3.5,0,0,0,0,0,1753378688,1753378699.79207,6.582,-45.685,0,0,0,-0.853375684333934,-0.521296404541207,0,0,0,0,0,0,1753378688
392,1753378699.80853,13.67,-35.674,0,0,0,-0.973862533437364,0.227138208954282,3.5,0,0,0,0,0,1753378688,1753378699.80034,6.582,-45.685,0,0,0,-0.853375684333934,-0.521296404541207,0,0,0,0,0,0,1753378688
393,1753378699.8169,13.67,-35.674,0,0,0,-0.973862533437364,0.227138208954282,3.5,0,0,0,0,0,1753378688,1753378699.80856,6.582,-45.685,0,0,0,-0.853375684333934,-0.521296404541207,0,0,0,0,0,0,1753378688
394,1753378699.82536,13.67,-35.674,0,0,0,-0.973862533437364,0.227138208954282,3.5,0,0,0,0,0,1753378688,1753378699.81692,6.582,-45.685,0,0,0,-0.853375684333934,-0.521296404541207,0,0,0,0,0,0,1753378688
395,1753378699.83359,13.67,-35.674,0,0,0,-0.973862533437364,0.227138208954282,3.5,0,0,0,0,0,1753378688,1753378699.82539,6.582,-45.685,0,0,0,-0.853375684333934,-0.521296404541207,0,0,0,0,0,0,1753378688
396,1753378699.84256,13.67,-35.674,0,0,0,-0.973862533437364,0.227138208954282,3.5,0,0,0,0,0,1753378688,1753378699.83362,6.582,-45.685,0,0,0,-0.853375684333934,-0.521296404541207,0,0,0,0,0,0,1753378688
397,1753378699.85025,13.67,-35.674,0,0,0,-0.973862533437364,0.227138208954282,3.5,0,0,0,0,0,1753378688,1753378699.8426,6.582,-45.685,0,0,0,-0.853375684333934,-0.521296404541207,0,0,0,0,0,0,1753378688
398,1753378699.85887,13.67,-35.674,0,0,0,-0.973862533437364,0.227138208954282,3.5,0,0,0,0,0,1753378688,1753378699.85028,6.582,-45.685,0,0,0,-0.853375684333934,-0.521296404541207,0,0,0,0,0,0,1753378688
399,1753378699.86711,13.67,-35.674,0,0,0,-0.973862533437364,0.227138208954282,3.5,0,0,0,0,0,1753378688,1753378699.85891,6.582,-45.685,0,0,0,-0.853375684333934,-0.521296404541207,0,0,0,0,0,0,1753378688
400,1753378699.87535,13.67,-35.674,0,0,0,-0.973862533437364,0.227138208954282,3.5,0,0,0,0,0,1753378688,1753378699.86716,6.582,-45.685,0,0,0,-0.853375684333934,-0.521296404541207,0,0,0,0,0,0,1753378688
401,1753378699.88376,13.67,-35.674,0,0,0,-0.973862533437364,0.227138208954282,3.5,0,0,0,0,0,1753378688,1753378699.87537,6.582,-45.685,0,0,0,-0.853375684333934,-0.521296404541207,0,0,0,0,0,0,1753378688
402,1753378699.892,13.67,-35.674,0,0,0,-0.973862533437364,0.227138208954282,3.5,0,0,0,0,0,1753378688,1753378699.88379,6.582,-45.685,0,0,0,-0.853375684333934,-0.521296404541207,0,0,0,0,0,0,1753378688
403,1753378699.90029,13.67,-35.674,0,0,0,-0.973862533437364,0.227138208954282,3.5,0,0,0,0,0,1753378688,1753378699.89203,6.582,-45.685,0,0,0,-0.853375684333934,-0.521296404541207,0,0,0,0,0,0,1753378688
404,1753378699.90884,13.67,-35.674,0,0,0,-0.973862533437364,0.227138208954282,3.5,0,0,0,0,0,1753378688,1753378699.90032,6.582,-45.685,0,0,0,-0.853375684333934,-0.521296404541207,0,0,0,0,0,0,1753378688
405,1753378699.91712,13.67,-35.674,0,0,0,-0.973862533437364,0.227138208954282,3.5,0,0,0,0,0,1753378688,1753378699.90889,6.582,-45.685,0,0,0,-0.853375684333934,-0.521296404541207,0,0,0,0,0,0,1753378688
406,1753378699.92521,13.67,-35.674,0,0,0,-0.973862533437364,0.227138208954282,3.5,0,0,0,0,0,1753378688,1753378699.91717,6.582,-45.685,0,0,0,-0.853375684333934,-0.521296404541207,0,0,0,0,0,0,1753378688
407,1753378699.93352,13.67,-35.674,0,0,0,-0.973862533437364,0.227138208954282,3.5,0,0,0,0,0,1753378688,1753378699.92524,6.582,-45.685,0,0,0,-0.853375684333934,-0.521296404541207,0,0,0,0,0,0,1753378688
408,1753378699.94217,13.67,-35.674,0,0,0,-0.973862533437364,0.227138208954282,3.5,0,0,0,0,0,1753378688,1753378699.93354,6.582,-45.685,0,0,0,-0.853375684333934,-0.521296404541207,0,0,0,0,0,0,1753378688
409,1753378699.95025,13.67,-35.674,0,0,0,-0.973862533437364,0.227138208954282,3.5,0,0,0,0,0,1753378688,1753378699.94222,6.582,-45.685,0,0,0,-0.853375684333934,-0.521296404541207,0,0,0,0,0,0,1753378688
410,1753378699.95858,13.67,-35.674,0,0,0,-0.973862533437364,0.227138208954282,3.5,0,0,0,0,0,1753378688,1753378699.95029,6.582,-45.685,0,0,0,-0.853375684333934,-0.521296404541207,0,0,0,0,0,0,1753378688
411,1753378699.96692,13.67,-35.674,0,0,0,-0.973862533437364,0.227138208954282,3.5,0,0,0,0,0,1753378688,1753378699.95861,6.582,-45.685,0,0,0,-0.853375684333934,-0.521296404541207,0,0,0,0,0,0,1753378688
412,1753378699.9752,13.67,-35.674,0,0,0,-0.973862533437364,0.227138208954282,3.5,0,0,0,0,0,1753378688,1753378699.96694,6.582,-45.685,0,0,0,-0.853375684333934,-0.521296404541207,0,0,0,0,0,0,1753378688
413,1753378699.9835,13.67,-35.674,0,0,0,-0.973862533437364,0.227138208954282,3.5,0,0,0,0,0,1753378688,1753378699.97523,6.582,-45.685,0,0,0,-0.853375684333934,-0.521296404541207,0,0,0,0,0,0,1753378688
414,1753378699.99226,13.67,-35.674,0,0,0,-0.973862533437364,0.227138208954282,3.5,0,0,0,0,0,1753378688,1753378699.98353,6.582,-45.685,0,0,0,-0.853375684333934,-0.521296404541207,0,0,0,0,0,0,1753378688
415,1753378700.00024,13.67,-35.674,0,0,0,-0.973862533437364,0.227138208954282,3.5,0,0,0,0,0,1753378688,1753378699.99231,6.582,-45.685,0,0,0,-0.853375684333934,-0.521296404541207,0,0,0,0,0,0,1753378688
416,1753378700.00878,13.67,-35.674,0,0,0,-0.973862533437364,0.227138208954282,3.5,0,0,0,0,0,1753378688,1753378700.00026,6.582,-45.685,0,0,0,-0.853375684333934,-0.521296404541207,0,0,0,0,0,0,1753378688
417,1753378700.01721,13.67,-35.674,0,0,0,-0.973862533437364,0.227138208954282,3.5,0,0,0,0,0,1753378688,1753378700.00882,6.582,-45.685,0,0,0,-0.853375684333934,-0.521296404541207,0,0,0,0,0,0,1753378688
418,1753378700.02543,13.67,-35.674,0,0,0,-0.973862533437364,0.227138208954282,3.5,0,0,0,0,0,1753378688,1753378700.01726,6.582,-45.685,0,0,0,-0.853375684333934,-0.521296404541207,0,0,0,0,0,0,1753378688
419,1753378700.03402,13.67,-35.674,0,0,0,-0.973862533437364,0.227138208954282,3.5,0,0,0,0,0,1753378688,1753378700.02547,6.582,-45.685,0,0,0,-0.853375684333934,-0.521296404541207,0,0,0,0,0,0,1753378688
420,1753378700.04218,13.67,-35.674,0,0,0,-0.973862533437364,0.227138208954282,3.5,0,0,0,0,0,1753378688,1753378700.03406,6.582,-45.685,0,0,0,-0.853375684333934,-0.521296404541207,0,0,0,0,0,0,1753378688
421,1753378700.05027,13.67,-35.674,0,0,0,-0.973862533437364,0.227138208954282,3.5,0,0,0,0,0,1753378688,1753378700.0422,6.582,-45.685,0,0,0,-0.853375684333934,-0.521296404541207,0,0,0,0,0,0,1753378688
422,1753378700.05857,13.67,-35.674,0,0,0,-0.973862533437364,0.227138208954282,3.5,0,0,0,0,0,1753378688,1753378700.0503,6.582,-45.685,0,0,0,-0.853375684333934,-0.521296404541207,0,0,0,0,0,0,1753378688
423,1753378700.06694,13.67,-35.674,0,0,0,-0.973862533437364,0.227138208954282,3.5,0,0,0,0,0,1753378688,1753378700.05859,6.582,-45.685,0,0,0,-0.853375684333934,-0.521296404541207,0,0,0,0,0,0,1753378688
424,1753378700.07523,13.67,-35.674,0,0,0,-0.973862533437364,0.227138208954282,3.5,0,0,0,0,0,1753378688,1753378700.06697,6.582,-45.685,0,0,0,-0.853375684333934,-0.521296404541207,0,0,0,0,0,0,1753378688
425,1753378700.08374,13.67,-35.674,0,0,0,-0.973862533437364,0.227138208954282,3.5,0,0,0,0,0,1753378688,1753378700.07526,6.582,-45.685,0,0,0,-0.853375684333934,-0.521296404541207,0,0,0,0,0,0,1753378688
426,1753378700.09218,13.67,-35.674,0,0,0,-0.973862533437364,0.227138208954282,3.5,0,0,0,0,0,1753378688,1753378700.08378,6.582,-45.685,0,0,0,-0.853375684333934,-0.521296404541207,0,0,0,0,0,0,1753378688
427,1753378700.10061,13.67,-35.674,0,0,0,-0.973862533437364,0.227138208954282,3.5,0,0,0,0,0,1753378688,1753378700.09222,6.582,-45.685,0,0,0,-0.853375684333934,-0.521296404541207,0,0,0,0,0,0,1753378688
428,1753378700.10853,13.67,-35.674,0,0,0,-0.973862533437364,0.227138208954282,3.5,0,0,0,0,0,1753378688,1753378700.10064,6.582,-45.685,0,0,0,-0.853375684333934,-0.521296404541207,0,0,0,0,0,0,1753378688
429,1753378700.11711,13.67,-35.674,0,0,0,-0.973862533437364,0.227138208954282,3.5,0,0,0,0,0,1753378688,1753378700.10856,6.582,-45.685,0,0,0,-0.853375684333934,-0.521296404541207,0,0,0,0,0,0,1753378688
430,1753378700.12521,13.67,-35.674,0,0,0,-0.973862533437364,0.227138208954282,3.5,0,0,0,0,0,1753378688,1753378700.11715,6.582,-45.685,0,0,0,-0.853375684333934,-0.521296404541207,0,0,0,0,0,0,1753378688
431,1753378700.1336,13.67,-35.674,0,0,0,-0.973862533437364,0.227138208954282,3.5,0,0,0,0,0,1753378688,1753378700.12525,6.582,-45.685,0,0,0,-0.853375684333934,-0.521296404541207,0,0,0,0,0,0,1753378688
432,1753378700.14189,13.67,-35.674,0,0,0,-0.973862533437364,0.227138208954282,3.5,0,0,0,0,0,1753378688,1753378700.13362,6.582,-45.685,0,0,0,-0.853375684333934,-0.521296404541207,0,0,0,0,0,0,1753378688
433,1753378700.15052,13.67,-35.674,0,0,0,-0.973862533437364,0.227138208954282,3.5,0,0,0,0,0,1753378688,1753378700.14192,6.582,-45.685,0,0,0,-0.853375684333934,-0.521296404541207,0,0,0,0,0,0,1753378688
434,1753378700.15866,13.67,-35.674,0,0,0,-0.973862533437364,0.227138208954282,3.5,0,0,0,0,0,1753378688,1753378700.15056,6.582,-45.685,0,0,0,-0.853375684333934,-0.521296404541207,0,0,0,0,0,0,1753378688
435,1753378700.16689,13.67,-35.674,0,0,0,-0.973862533437364,0.227138208954282,3.5,0,0,0,0,0,1753378688,1753378700.15868,6.582,-45.685,0,0,0,-0.853375684333934,-0.521296404541207,0,0,0,0,0,0,1753378688
436,1753378700.17533,13.67,-35.674,0,0,0,-0.973862533437364,0.227138208954282,3.5,0,0,0,0,0,1753378688,1753378700.16691,6.582,-45.685,0,0,0,-0.853375684333934,-0.521296404541207,0,0,0,0,0,0,1753378688
437,1753378700.18349,13.67,-35.674,0,0,0,-0.973862533437364,0.227138208954282,3.5,0,0,0,0,0,1753378688,1753378700.17535,6.582,-45.685,0,0,0,-0.853375684333934,-0.521296404541207,0,0,0,0,0,0,1753378688
438,1753378700.19208,13.67,-35.674,0,0,0,-0.973862533437364,0.227138208954282,3.5,0,0,0,0,0,1753378688,1753378700.18351,6.582,-45.685,0,0,0,-0.853375684333934,-0.521296404541207,0,0,0,0,0,0,1753378688
439,1753378700.20029,13.67,-35.674,0,0,0,-0.973862533437364,0.227138208954282,3.5,0,0,0,0,0,1753378688,1753378700.1921,6.582,-45.685,0,0,0,-0.853375684333934,-0.521296404541207,0,0,0,0,0,0,1753378688
440,1753378700.20859,13.67,-35.674,0,0,0,-0.973862533437364,0.227138208954282,3.5,0,0,0,0,0,1753378688,1753378700.20032,6.582,-45.685,0,0,0,-0.853375684333934,-0.521296404541207,0,0,0,0,0,0,1753378688
441,1753378700.2169,13.67,-35.674,0,0,0,-0.973862533437364,0.227138208954282,3.5,0,0,0,0,0,1753378688,1753378700.20862,6.582,-45.685,0,0,0,-0.853375684333934,-0.521296404541207,0,0,0,0,0,0,1753378688
442,1753378700.22518,13.67,-35.674,0,0,0,-0.973862533437364,0.227138208954282,3.5,0,0,0,0,0,1753378688,1753378700.21692,6.582,-45.685,0,0,0,-0.853375684333934,-0.521296404541207,0,0,0,0,0,0,1753378688
443,1753378700.23351,13.67,-35.674,0,0,0,-0.973862533437364,0.227138208954282,3.5,0,0,0,0,0,1753378688,1753378700.2252,6.582,-45.685,0,0,0,-0.853375684333934,-0.521296404541207,0,0,0,0,0,0,1753378688
444,1753378700.24212,13.67,-35.674,0,0,0,-0.973862533437364,0.227138208954282,3.5,0,0,0,0,0,1753378688,1753378700.23353,6.582,-45.685,0,0,0,-0.853375684333934,-0.521296404541207,0,0,0,0,0,0,1753378688
445,1753378700.2503,13.67,-35.674,0,0,0,-0.973862533437364,0.227138208954282,3.5,0,0,0,0,0,1753378688,1753378700.24214,6.582,-45.685,0,0,0,-0.853375684333934,-0.521296404541207,0,0,0,0,0,0,1753378688
446,1753378700.25871,13.67,-35.674,0,0,0,-0.973862533437364,0.227138208954282,3.5,0,0,0,0,0,1753378688,1753378700.25033,6.582,-45.685,0,0,0,-0.853375684333934,-0.521296404541207,0,0,0,0,0,0,1753378688
447,1753378700.26692,13.67,-35.674,0,0,0,-0.973862533437364,0.227138208954282,3.5,0,0,0,0,0,1753378688,1753378700.25875,6.582,-45.685,0,0,0,-0.853375684333934,-0.521296404541207,0,0,0,0,0,0,1753378688
448,1753378700.27518,13.67,-35.674,0,0,0,-0.973862533437364,0.227138208954282,3.5,0,0,0,0,0,1753378688,1753378700.26694,6.582,-45.685,0,0,0,-0.853375684333934,-0.521296404541207,0,0,0,0,0,0,1753378688
449,1753378700.28347,13.67,-35.674,0,0,0,-0.973862533437364,0.227138208954282,3.5,0,0,0,0,0,1753378688,1753378700.2752,6.582,-45.685,0,0,0,-0.853375684333934,-0.521296404541207,0,0,0,0,0,0,1753378688
450,1753378700.29203,13.67,-35.674,0,0,0,-0.973862533437364,0.227138208954282,3.5,0,0,0,0,0,1753378688,1753378700.28349,6.582,-45.685,0,0,0,-0.853375684333934,-0.521296404541207,0,0,0,0,0,0,1753378688
451,1753378700.30041,13.67,-35.674,0,0,0,-0.973862533437364,0.227138208954282,3.5,0,0,0,0,0,1753378688,1753378700.29206,6.582,-45.685,0,0,0,-0.853375684333934,-0.521296404541207,0,0,0,0,0,0,1753378688
452,1753378700.3089,13.67,-35.674,0,0,0,-0.973862533437364,0.227138208954282,3.5,0,0,0,0,0,1753378688,1753378700.30043,6.582,-45.685,0,0,0,-0.853375684333934,-0.521296404541207,0,0,0,0,0,0,1753378688
453,1753378700.3169,13.67,-35.674,0,0,0,-0.973862533437364,0.227138208954282,3.5,0,0,0,0,0,1753378688,1753378700.30894,6.582,-45.685,0,0,0,-0.853375684333934,-0.521296404541207,0,0,0,0,0,0,1753378688
454,1753378700.32529,13.67,-35.674,0,0,0,-0.973862533437364,0.227138208954282,3.5,0,0,0,0,0,1753378688,1753378700.31692,6.582,-45.685,0,0,0,-0.853375684333934,-0.521296404541207,0,0,0,0,0,0,1753378688
455,1753378700.33354,13.67,-35.674,0,0,0,-0.973862533437364,0.227138208954282,3.5,0,0,0,0,0,1753378688,1753378700.32532,6.582,-45.685,0,0,0,-0.853375684333934,-0.521296404541207,0,0,0,0,0,0,1753378688
456,1753378700.3419,13.67,-35.674,0,0,0,-0.973862533437364,0.227138208954282,3.5,0,0,0,0,0,1753378688,1753378700.33356,6.582,-45.685,0,0,0,-0.853375684333934,-0.521296404541207,0,0,0,0,0,0,1753378688
457,1753378700.3503,13.67,-35.674,0,0,0,-0.973862533437364,0.227138208954282,3.5,0,0,0,0,0,1753378688,1753378700.34192,6.582,-45.685,0,0,0,-0.853375684333934,-0.521296404541207,0,0,0,0,0,0,1753378688
458,1753378700.35854,13.67,-35.674,0,0,0,-0.973862533437364,0.227138208954282,3.5,0,0,0,0,0,1753378688,1753378700.35033,6.582,-45.685,0,0,0,-0.853375684333934,-0.521296404541207,0,0,0,0,0,0,1753378688
459,1753378700.3669,13.67,-35.674,0,0,0,-0.973862533437364,0.227138208954282,3.5,0,0,0,0,0,1753378688,1753378700.35856,6.582,-45.685,0,0,0,-0.853375684333934,-0.521296404541207,0,0,0,0,0,0,1753378688
460,1753378700.37549,13.67,-35.674,0,0,0,-0.973862533437364,0.227138208954282,3.5,0,0,0,0,0,1753378688,1753378700.36693,6.582,-45.685,0,0,0,-0.853375684333934,-0.521296404541207,0,0,0,0,0,0,1753378688
461,1753378700.38384,13.67,-35.674,0,0,0,-0.973862533437364,0.227138208954282,3.5,0,0,0,0,0,1753378688,1753378700.37555,6.582,-45.685,0,0,0,-0.853375684333934,-0.521296404541207,0,0,0,0,0,0,1753378688
462,1753378700.39211,13.67,-35.674,0,0,0,-0.973862533437364,0.227138208954282,3.5,0,0,0,0,0,1753378688,1753378700.38389,6.582,-45.685,0,0,0,-0.853375684333934,-0.521296404541207,0,0,0,0,0,0,1753378688
463,1753378700.40032,13.67,-35.674,0,0,0,-0.973862533437364,0.227138208954282,3.5,0,0,0,0,0,1753378688,1753378700.39213,6.582,-45.685,0,0,0,-0.853375684333934,-0.521296404541207,0,0,0,0,0,0,1753378688
464,1753378700.40853,13.67,-35.674,0,0,0,-0.973862533437364,0.227138208954282,3.5,0,0,0,0,0,1753378688,1753378700.40034,6.582,-45.685,0,0,0,-0.853375684333934,-0.521296404541207,0,0,0,0,0,0,1753378688
465,1753378700.41714,13.67,-35.674,0,0,0,-0.973862533437364,0.227138208954282,3.5,0,0,0,0,0,1753378688,1753378700.40855,6.582,-45.685,0,0,0,-0.853375684333934,-0.521296404541207,0,0,0,0,0,0,1753378688
466,1753378700.42557,13.67,-35.674,0,0,0,-0.973862533437364,0.227138208954282,3.5,0,0,0,0,0,1753378688,1753378700.41717,6.582,-45.685,0,0,0,-0.853375684333934,-0.521296404541207,0,0,0,0,0,0,1753378688
467,1753378700.43352,13.67,-35.674,0,0,0,-0.973862533437364,0.227138208954282,3.5,0,0,0,0,0,1753378688,1753378700.42561,6.582,-45.685,0,0,0,-0.853375684333934,-0.521296404541207,0,0,0,0,0,0,1753378688
468,1753378700.44211,13.67,-35.674,0,0,0,-0.973862533437364,0.227138208954282,3.5,0,0,0,0,0,1753378688,1753378700.43354,6.582,-45.685,0,0,0,-0.853375684333934,-0.521296404541207,0,0,0,0,0,0,1753378688
469,1753378700.45057,13.67,-35.674,0,0,0,-0.973862533437364,0.227138208954282,3.5,0,0,0,0,0,1753378688,1753378700.44215,6.582,-45.685,0,0,0,-0.853375684333934,-0.521296404541207,0,0,0,0,0,0,1753378688
470,1753378700.45853,13.67,-35.674,0,0,0,-0.973862533437364,0.227138208954282,3.5,0,0,0,0,0,1753378688,1753378700.45061,6.582,-45.685,0,0,0,-0.853375684333934,-0.521296404541207,0,0,0,0,0,0,1753378688
471,1753378700.46691,13.67,-35.674,0,0,0,-0.973862533437364,0.227138208954282,3.5,0,0,0,0,0,1753378688,1753378700.45855,6.582,-45.685,0,0,0,-0.853375684333934,-0.521296404541207,0,0,0,0,0,0,1753378688
472,1753378700.47521,13.67,-35.674,0,0,0,-0.973862533437364,0.227138208954282,3.5,0,0,0,0,0,1753378688,1753378700.46694,6.582,-45.685,0,0,0,-0.853375684333934,-0.521296404541207,0,0,0,0,0,0,1753378688
473,1753378700.48352,13.67,-35.674,0,0,0,-0.973862533437364,0.227138208954282,3.5,0,0,0,0,0,1753378688,1753378700.47524,6.582,-45.685,0,0,0,-0.853375684333934,-0.521296404541207,0,0,0,0,0,0,1753378688
474,1753378700.49205,13.67,-35.674,0,0,0,-0.973862533437364,0.227138208954282,3.5,0,0,0,0,0,1753378688,1753378700.48355,6.582,-45.685,0,0,0,-0.853375684333934,-0.521296404541207,0,0,0,0,0,0,1753378688
475,1753378700.50027,13.67,-35.674,0,0,0,-0.973862533437364,0.227138208954282,3.5,0,0,0,0,0,1753378688,1753378700.49207,6.582,-45.685,0,0,0,-0.853375684333934,-0.521296404541207,0,0,0,0,0,0,1753378688
476,1753378700.50857,13.67,-35.674,0,0,0,-0.973862533437364,0.227138208954282,3.5,0,0,0,0,0,1753378688,1753378700.5003,6.582,-45.685,0,0,0,-0.853375684333934,-0.521296404541207,0,0,0,0,0,0,1753378688
477,1753378700.51716,13.67,-35.674,0,0,0,-0.973862533437364,0.227138208954282,3.5,0,0,0,0,0,1753378688,1753378700.50859,6.582,-45.685,0,0,0,-0.853375684333934,-0.521296404541207,0,0,0,0,0,0,1753378688
478,1753378700.5252,13.67,-35.674,0,0,0,-0.973862533437364,0.227138208954282,3.5,0,0,0,0,0,1753378688,1753378700.5172,6.582,-45.685,0,0,0,-0.853375684333934,-0.521296404541207,0,0,0,0,0,0,1753378688
479,1753378700.53361,13.67,-35.674,0,0,0,-0.973862533437364,0.227138208954282,3.5,0,0,0,0,0,1753378688,1753378700.52522,6.582,-45.685,0,0,0,-0.853375684333934,-0.521296404541207,0,0,0,0,0,0,1753378688
480,1753378700.54221,13.67,-35.674,0,0,0,-0.973862533437364,0.227138208954282,3.5,0,0,0,0,0,1753378688,1753378700.53363,6.582,-45.685,0,0,0,-0.853375684333934,-0.521296404541207,0,0,0,0,0,0,1753378688
481,1753378700.55031,13.67,-35.674,0,0,0,-0.973862533437364,0.227138208954282,3.5,0,0,0,0,0,1753378688,1753378700.54223,6.582,-45.685,0,0,0,-0.853375684333934,-0.521296404541207,0,0,0,0,0,0,1753378688
482,1753378700.55863,13.67,-35.674,0,0,0,-0.973862533437364,0.227138208954282,3.5,0,0,0,0,0,1753378688,1753378700.55033,6.582,-45.685,0,0,0,-0.853375684333934,-0.521296404541207,0,0,0,0,0,0,1753378688
483,1753378700.56723,13.67,-35.674,0,0,0,-0.973862533437364,0.227138208954282,3.5,0,0,0,0,0,1753378688,1753378700.55865,6.582,-45.685,0,0,0,-0.853375684333934,-0.521296404541207,0,0,0,0,0,0,1753378688
484,1753378700.57523,13.67,-35.674,0,0,0,-0.973862533437364,0.227138208954282,3.5,0,0,0,0,0,1753378688,1753378700.56727,6.582,-45.685,0,0,0,-0.853375684333934,-0.521296404541207,0,0,0,0,0,0,1753378688
485,1753378700.58353,13.67,-35.674,0,0,0,-0.973862533437364,0.227138208954282,3.5,0,0,0,0,0,1753378688,1753378700.57525,6.582,-45.685,0,0,0,-0.853375684333934,-0.521296404541207,0,0,0,0,0,0,1753378688
486,1753378700.59263,13.67,-35.674,0,0,0,-0.973862533437364,0.227138208954282,3.5,0,0,0,0,0,1753378688,1753378700.58356,6.582,-45.685,0,0,0,-0.853375684333934,-0.521296404541207,0,0,0,0,0,0,1753378688
487,1753378700.60044,13.67,-35.674,0,0,0,-0.973862533437364,0.227138208954282,3.5,0,0,0,0,0,1753378688,1753378700.59267,6.582,-45.685,0,0,0,-0.853375684333934,-0.521296404541207,0,0,0,0,0,0,1753378688
488,1753378700.60871,13.67,-35.674,0,0,0,-0.973862533437364,0.227138208954282,3.5,0,0,0,0,0,1753378688,1753378700.60047,6.582,-45.685,0,0,0,-0.853375684333934,-0.521296404541207,0,0,0,0,0,0,1753378688
489,1753378700.61716,13.67,-35.674,0,0,0,-0.973862533437364,0.227138208954282,3.5,0,0,0,0,0,1753378688,1753378700.60873,6.582,-45.685,0,0,0,-0.853375684333934,-0.521296404541207,0,0,0,0,0,0,1753378688
490,1753378700.62533,13.67,-35.674,0,0,0,-0.973862533437364,0.227138208954282,3.5,0,0,0,0,0,1753378688,1753378700.6172,6.582,-45.685,0,0,0,-0.853375684333934,-0.521296404541207,0,0,0,0,0,0,1753378688
491,1753378700.63361,13.67,-35.674,0,0,0,-0.973862533437364,0.227138208954282,3.5,0,0,0,0,0,1753378688,1753378700.62535,6.582,-45.685,0,0,0,-0.853375684333934,-0.521296404541207,0,0,0,0,0,0,1753378688
492,1753378700.64205,13.67,-35.674,0,0,0,-0.973862533437364,0.227138208954282,3.5,0,0,0,0,0,1753378688,1753378700.63363,6.582,-45.685,0,0,0,-0.853375684333934,-0.521296404541207,0,0,0,0,0,0,1753378688
493,1753378700.65028,13.67,-35.674,0,0,0,-0.973862533437364,0.227138208954282,3.5,0,0,0,0,0,1753378688,1753378700.64207,6.582,-45.685,0,0,0,-0.853375684333934,-0.521296404541207,0,0,0,0,0,0,1753378688
494,1753378700.65856,13.67,-35.674,0,0,0,-0.973862533437364,0.227138208954282,3.5,0,0,0,0,0,1753378688,1753378700.65031,6.582,-45.685,0,0,0,-0.853375684333934,-0.521296404541207,0,0,0,0,0,0,1753378688
495,1753378700.66716,13.67,-35.674,0,0,0,-0.973862533437364,0.227138208954282,3.5,0,0,0,0,0,1753378688,1753378700.65858,6.582,-45.685,0,0,0,-0.853375684333934,-0.521296404541207,0,0,0,0,0,0,1753378688
496,1753378700.6754,13.67,-35.674,0,0,0,-0.973862533437364,0.227138208954282,3.5,0,0,0,0,0,1753378688,1753378700.66718,6.582,-45.685,0,0,0,-0.853375684333934,-0.521296404541207,0,0,0,0,0,0,1753378688
497,1753378700.6835,13.67,-35.674,0,0,0,-0.973862533437364,0.227138208954282,3.5,0,0,0,0,0,1753378688,1753378700.67542,6.582,-45.685,0,0,0,-0.853375684333934,-0.521296404541207,0,0,0,0,0,0,1753378688
498,1753378700.69213,13.67,-35.674,0,0,0,-0.973862533437364,0.227138208954282,3.5,0,0,0,0,0,1753378688,1753378700.68352,6.582,-45.685,0,0,0,-0.853375684333934,-0.521296404541207,0,0,0,0,0,0,1753378688
499,1753378700.70056,13.67,-35.674,0,0,0,-0.973862533437364,0.227138208954282,3.5,0,0,0,0,0,1753378688,1753378700.69215,6.582,-45.685,0,0,0,-0.853375684333934,-0.521296404541207,0,0,0,0,0,0,1753378688
500,1753378700.70862,13.67,-35.674,0,0,0,-0.973862533437364,0.227138208954282,3.5,0,0,0,0,0,1753378688,1753378700.70058,6.582,-45.685,0,0,0,-0.853375684333934,-0.521296404541207,0,0,0,0,0,0,1753378688
501,1753378700.71717,13.67,-35.674,0,0,0,-0.973862533437364,0.227138208954282,3.5,0,0,0,0,0,1753378688,1753378700.70865,6.582,-45.685,0,0,0,-0.853375684333934,-0.521296404541207,0,0,0,0,0,0,1753378688
502,1753378700.72536,13.67,-35.674,0,0,0,-0.973862533437364,0.227138208954282,3.5,0,0,0,0,0,1753378688,1753378700.7172,6.582,-45.685,0,0,0,-0.853375684333934,-0.521296404541207,0,0,0,0,0,0,1753378688
503,1753378700.73359,13.67,-35.674,0,0,0,-0.973862533437364,0.227138208954282,3.5,0,0,0,0,0,1753378688,1753378700.72539,6.582,-45.685,0,0,0,-0.853375684333934,-0.521296404541207,0,0,0,0,0,0,1753378688
504,1753378700.74188,13.67,-35.674,0,0,0,-0.973862533437364,0.227138208954282,3.5,0,0,0,0,0,1753378688,1753378700.73362,6.582,-45.685,0,0,0,-0.853375684333934,-0.521296404541207,0,0,0,0,0,0,1753378688
505,1753378700.75025,13.67,-35.674,0,0,0,-0.973862533437364,0.227138208954282,3.5,0,0,0,0,0,1753378688,1753378700.74191,6.582,-45.685,0,0,0,-0.853375684333934,-0.521296404541207,0,0,0,0,0,0,1753378688
506,1753378700.75858,13.67,-35.674,0,0,0,-0.973862533437364,0.227138208954282,3.5,0,0,0,0,0,1753378688,1753378700.75027,6.582,-45.685,0,0,0,-0.853375684333934,-0.521296404541207,0,0,0,0,0,0,1753378688
507,1753378700.76697,13.67,-35.674,0,0,0,-0.973862533437364,0.227138208954282,3.5,0,0,0,0,0,1753378688,1753378700.7586,6.582,-45.685,0,0,0,-0.853375684333934,-0.521296404541207,0,0,0,0,0,0,1753378688
508,1753378700.77527,13.67,-35.674,0,0,0,-0.973862533437364,0.227138208954282,3.5,0,0,0,0,0,1753378688,1753378700.767,6.582,-45.685,0,0,0,-0.853375684333934,-0.521296404541207,0,0,0,0,0,0,1753378688
509,1753378700.78347,13.67,-35.674,0,0,0,-0.973862533437364,0.227138208954282,3.5,0,0,0,0,0,1753378688,1753378700.77531,6.582,-45.685,0,0,0,-0.853375684333934,-0.521296404541207,0,0,0,0,0,0,1753378688
510,1753378700.79224,13.67,-35.674,0,0,0,-0.973862533437364,0.227138208954282,3.5,0,0,0,0,0,1753378688,1753378700.7835,6.582,-45.685,0,0,0,-0.853375684333934,-0.521296404541207,0,0,0,0,0,0,1753378688
511,1753378700.80056,13.67,-35.674,0,0,0,-0.973862533437364,0.227138208954282,3.5,0,0,0,0,0,1753378688,1753378700.79229,6.582,-45.685,0,0,0,-0.853375684333934,-0.521296404541207,0,0,0,0,0,0,1753378688
512,1753378700.80899,13.67,-35.674,0,0,0,-0.973862533437364,0.227138208954282,3.5,0,0,0,0,0,1753378688,1753378700.80059,6.582,-45.685,0,0,0,-0.853375684333934,-0.521296404541207,0,0,0,0,0,0,1753378688
513,1753378700.81723,13.67,-35.674,0,0,0,-0.973862533437364,0.227138208954282,3.5,0,0,0,0,0,1753378688,1753378700.80904,6.582,-45.685,0,0,0,-0.853375684333934,-0.521296404541207,0,0,0,0,0,0,1753378688
514,1753378700.82576,13.67,-35.674,0,0,0,-0.973862533437364,0.227138208954282,3.5,0,0,0,0,0,1753378688,1753378700.81729,6.582,-45.685,0,0,0,-0.853375684333934,-0.521296404541207,0,0,0,0,0,0,1753378688
515,1753378700.83382,13.67,-35.674,0,0,0,-0.973862533437364,0.227138208954282,3.5,0,0,0,0,0,1753378688,1753378700.82582,6.582,-45.685,0,0,0,-0.853375684333934,-0.521296404541207,0,0,0,0,0,0,1753378688
516,1753378700.84266,13.67,-35.674,0,0,0,-0.973862533437364,0.227138208954282,3.5,0,0,0,0,0,1753378688,1753378700.83386,6.582,-45.685,0,0,0,-0.853375684333934,-0.521296404541207,0,0,0,0,0,0,1753378688
517,1753378700.85054,13.67,-35.674,0,0,0,-0.973862533437364,0.227138208954282,3.5,0,0,0,0,0,1753378688,1753378700.8427,6.582,-45.685,0,0,0,-0.853375684333934,-0.521296404541207,0,0,0,0,0,0,1753378688
518,1753378700.85865,13.67,-35.674,0,0,0,-0.973862533437364,0.227138208954282,3.5,0,0,0,0,0,1753378688,1753378700.85057,6.582,-45.685,0,0,0,-0.853375684333934,-0.521296404541207,0,0,0,0,0,0,1753378688
519,1753378700.8672,13.67,-35.674,0,0,0,-0.973862533437364,0.227138208954282,3.5,0,0,0,0,0,1753378688,1753378700.85868,6.582,-45.685,0,0,0,-0.853375684333934,-0.521296404541207,0,0,0,0,0,0,1753378688
520,1753378700.87564,13.67,-35.674,0,0,0,-0.973862533437364,0.227138208954282,3.5,0,0,0,0,0,1753378688,1753378700.86724,6.582,-45.685,0,0,0,-0.853375684333934,-0.521296404541207,0,0,0,0,0,0,1753378688
521,1753378700.88374,13.67,-35.674,0,0,0,-0.973862533437364,0.227138208954282,3.5,0,0,0,0,0,1753378688,1753378700.87569,6.582,-45.685,0,0,0,-0.853375684333934,-0.521296404541207,0,0,0,0,0,0,1753378688
522,1753378700.89213,13.67,-35.674,0,0,0,-0.973862533437364,0.227138208954282,3.5,0,0,0,0,0,1753378688,1753378700.88378,6.582,-45.685,0,0,0,-0.853375684333934,-0.521296404541207,0,0,0,0,0,0,1753378688
523,1753378700.90059,13.67,-35.674,0,0,0,-0.973862533437364,0.227138208954282,3.5,0,0,0,0,0,1753378688,1753378700.89217,6.582,-45.685,0,0,0,-0.853375684333934,-0.521296404541207,0,0,0,0,0,0,1753378688
524,1753378700.90935,13.6440475705147,-35.6873103661953,0,0,0,-0.973862533437364,0.227138208954282,3.5,0,0,0,0,0,1753378688,1753378700.90063,6.582,-45.685,0,0,0,-0.853375684333934,-0.521296404541207,0,0,0,0,0,0,1753378688
525,1753378700.91701,13.6180951410293,-35.7006207323906,0,0,0,-0.973862533437364,0.227138208954282,3.5,0,0,0,0,0,1753378688,1753378700.90938,6.582,-45.685,0,0,0,-0.853375684333934,-0.521296404541207,0,0,0,0,0,0,1753378688
526,1753378700.92535,13.5921427115439,-35.7139310985858,0,0,0,-0.973862533437364,0.227138208954282,3.5,0,0,0,0,0,1753378688,1753378700.91704,6.582,-45.685,0,0,0,-0.853375684333934,-0.521296404541207,0,0,0,0,0,0,1753378688
527,1753378700.93388,13.5661902820586,-35.7272414647811,0,0,0,-0.973862533437364,0.227138208954282,3.5,0,0,0,0,0,1753378688,1753378700.92538,6.582,-45.685,0,0,0,-0.853375684333934,-0.521296404541207,0,0,0,0,0,0,1753378688
528,1753378700.94262,13.5402378525732,-35.7405518309764,0,0,0,-0.973862533437364,0.227138208954282,3.5,0,0,0,0,0,1753378688,1753378700.93392,6.582,-45.685,0,0,0,-0.853375684333934,-0.521296404541207,0,0,0,0,0,0,1753378688
529,1753378700.95061,13.5142854230879,-35.7538621971717,0,0,0,-0.973862533437364,0.227138208954282,3.5,0,0,0,0,0,1753378688,1753378700.94266,6.582,-45.685,0,0,0,-0.853375684333934,-0.521296404541207,0,0,0,0,0,0,1753378688
530,1753378700.95876,13.4883329936025,-35.7671725633669,0,0,0,-0.973862533437364,0.227138208954282,3.5,0,0,0,0,0,1753378688,1753378700.95066,6.582,-45.685,0,0,0,-0.853375684333934,-0.521296404541207,0,0,0,0,0,0,1753378688
531,1753378700.9672,13.4623805641172,-35.7804829295622,0,0,0,-0.973862533437364,0.227138208954282,3.5,0,0,0,0,0,1753378688,1753378700.95878,6.582,-45.685,0,0,0,-0.853375684333934,-0.521296404541207,0,0,0,0,0,0,1753378688
532,1753378700.97534,13.4364281346318,-35.7937932957575,0,0,0,-0.973862533437364,0.227138208954282,3.5,0,0,0,0,0,1753378688,1753378700.96724,6.582,-45.685,0,0,0,-0.853375684333934,-0.521296404541207,0,0,0,0,0,0,1753378688
533,1753378700.98368,13.4104757051465,-35.8071036619528,0,0,0,-0.973862533437364,0.227138208954282,3.5,0,0,0,0,0,1753378688,1753378700.97537,6.582,-45.685,0,0,0,-0.853375684333934,-0.521296404541207,0,0,0,0,0,0,1753378688
534,1753378700.99232,13.3845232756611,-35.820414028148,0,0,0,-0.973862533437364,0.227138208954282,3.5,0,0,0,0,0,1753378688,1753378700.98371,6.582,-45.685,0,0,0,-0.853375684333934,-0.521296404541207,0,0,0,0,0,0,1753378688
535,1753378701.00059,13.3585708461758,-35.8337243943433,0,0,0,-0.973862533437364,0.227138208954282,3.5,0,0,0,0,0,1753378688,1753378700.99236,6.582,-45.685,0,0,0,-0.853375684333934,-0.521296404541207,0,0,0,0,0,0,1753378688
536,1753378701.00874,13.3326184166904,-35.8470347605386,0,0,0,-0.973862533437364,0.227138208954282,3.5,0,0,0,0,0,1753378688,1753378701.00063,6.582,-45.685,0,0,0,-0.853375684333934,-0.521296404541207,0,0,0,0,0,0,1753378688
537,1753378701.01708,13.3066659872051,-35.8603451267339,0,0,0,-0.973862533437364,0.227138208954282,3.5,0,0,0,0,0,1753378688,1753378701.00877,6.582,-45.685,0,0,0,-0.853375684333934,-0.521296404541207,0,0,0,0,0,0,1753378688
538,1753378701.02555,13.2807135577197,-35.8736554929292,0,0,0,-0.973862533437364,0.227138208954282,3.5,0,0,0,0,0,1753378688,1753378701.0171,6.582,-45.685,0,0,0,-0.853375684333934,-0.521296404541207,0,0,0,0,0,0,1753378688
539,1753378701.0337,13.2547611282344,-35.8869658591244,0,0,0,-0.973862533437364,0.227138208954282,3.5,0,0,0,0,0,1753378688,1753378701.02559,6.582,-45.685,0,0,0,-0.853375684333934,-0.521296404541207,0,0,0,0,0,0,1753378688
540,1753378701.042,13.228808698749,-35.9002762253197,0,0,0,-0.973862533437364,0.227138208954282,3.5,0,0,0,0,0,1753378688,1753378701.03372,6.582,-45.685,0,0,0,-0.853375684333934,-0.521296404541207,0,0,0,0,0,0,1753378688
541,1753378701.05044,13.2028562692637,-35.913586591515,0,0,0,-0.973862533437364,0.227138208954282,3.5,0,0,0,0,0,1753378688,1753378701.04202,6.582,-45.685,0,0,0,-0.853375684333934,-0.521296404541207,0,0,0,0,0,0,1753378688
542,1753378701.05873,13.1769038397783,-35.9268969577103,0,0,0,-0.973862533437364,0.227138208954282,3.5,0,0,0,0,0,1753378688,1753378701.05046,6.582,-45.685,0,0,0,-0.853375684333934,-0.521296404541207,0,0,0,0,0,0,1753378688
543,1753378701.06707,13.150951410293,-35.9402073239055,0,0,0,-0.973862533437364,0.227138208954282,3.5,0,0,0,0,0,1753378688,1753378701.05876,6.582,-45.685,0,0,0,-0.853375684333934,-0.521296404541207,0,0,0,0,0,0,1753378688
544,1753378701.07533,13.1249989808076,-35.9535176901008,0,0,0,-0.973862533437364,0.227138208954282,3.5,0,0,0,0,0,1753378688,1753378701.0671,6.582,-45.685,0,0,0,-0.853375684333934,-0.521296404541207,0,0,0,0,0,0,1753378688
545,1753378701.08361,13.0990465513223,-35.9668280562961,0,0,0,-0.973862533437364,0.227138208954282,3.5,0,0,0,0,0,1753378688,1753378701.07536,6.582,-45.685,0,0,0,-0.853375684333934,-0.521296404541207,0,0,0,0,0,0,1753378688
546,1753378701.0924,13.0730941218369,-35.9801384224914,0,0,0,-0.973862533437364,0.227138208954282,3.5,0,0,0,0,0,1753378688,1753378701.08364,6.582,-45.685,0,0,0,-0.853375684333934,-0.521296404541207,0,0,0,0,0,0,1753378688
547,1753378701.10074,13.0471416923516,-35.9934487886867,0,0,0,-0.973862533437364,0.227138208954282,3.5,0,0,0,0,0,1753378688,1753378701.09242,6.582,-45.685,0,0,0,-0.853375684333934,-0.521296404541207,0,0,0,0,0,0,1753378688
548,1753378701.10874,13.0211892628662,-36.0067591548819,0,0,0,-0.973862533437364,0.227138208954282,3.5,0,0,0,0,0,1753378688,1753378701.10078,6.582,-45.685,0,0,0,-0.853375684333934,-0.521296404541207,0,0,0,0,0,0,1753378688
549,1753378701.11699,12.9952368333809,-36.0200695210772,0,0,0,-0.973862533437364,0.227138208954282,3.5,0,0,0,0,0,1753378688,1753378701.10877,6.582,-45.685,0,0,0,-0.853375684333934,-0.521296404541207,0,0,0,0,0,0,1753378688
550,1753378701.12537,12.9692844038955,-36.0333798872725,0,0,0,-0.973862533437364,0.227138208954282,3.5,0,0,0,0,0,1753378688,1753378701.11701,6.582,-45.685,0,0,0,-0.853375684333934,-0.521296404541207,0,0,0,0,0,0,1753378688
551,1753378701.13359,12.9433319744102,-36.0466902534678,0,0,0,-0.973862533437364,0.227138208954282,3.5,0,0,0,0,0,1753378688,1753378701.1254,6.582,-45.685,0,0,0,-0.853375684333934,-0.521296404541207,0,0,0,0,0,0,1753378688
552,1753378701.142,12.9173795449248,-36.060000619663,0,0,0,-0.973862533437364,0.227138208954282,3.5,0,0,0,0,0,1753378688,1753378701.13361,6.582,-45.685,0,0,0,-0.853375684333934,-0.521296404541207,0,0,0,0,0,0,1753378688
553,1753378701.15063,12.8914271154395,-36.0733109858583,0,0,0,-0.973862533437364,0.227138208954282,3.5,0,0,0,0,0,1753378688,1753378701.14203,6.582,-45.685,0,0,0,-0.853375684333934,-0.521296404541207,0,0,0,0,0,0,1753378688
554,1753378701.159,12.8654746859541,-36.0866213520536,0,0,0,-0.973862533437364,0.227138208954282,3.5,0,0,0,0,0,1753378688,1753378701.15066,6.582,-45.685,0,0,0,-0.853375684333934,-0.521296404541207,0,0,0,0,0,0,1753378688
555,1753378701.16737,12.8395222564688,-36.0999317182489,0,0,0,-0.973862533437364,0.227138208954282,3.5,0,0,0,0,0,1753378688,1753378701.15904,6.582,-45.685,0,0,0,-0.853375684333934,-0.521296404541207,0,0,0,0,0,0,1753378688
556,1753378701.17557,12.8135698269834,-36.1132420844442,0,0,0,-0.973862533437364,0.227138208954282,3.5,0,0,0,0,0,1753378688,1753378701.16742,6.582,-45.685,0,0,0,-0.853375684333934,-0.521296404541207,0,0,0,0,0,0,1753378688
557,1753378701.1839,12.7876173974981,-36.1265524506394,0,0,0,-0.973862533437364,0.227138208954282,3.5,0,0,0,0,0,1753378688,1753378701.17561,6.582,-45.685,0,0,0,-0.853375684333934,-0.521296404541207,0,0,0,0,0,0,1753378688
558,1753378701.19267,12.7616649680127,-36.1398628168347,0,0,0,-0.973862533437364,0.227138208954282,3.5,0,0,0,0,0,1753378688,1753378701.18395,6.582,-45.685,0,0,0,-0.853375684333934,-0.521296404541207,0,0,0,0,0,0,1753378688
559,1753378701.20074,12.7357125385274,-36.15317318303,0,0,0,-0.973862533437364,0.227138208954282,3.5,0,0,0,0,0,1753378688,1753378701.19272,6.582,-45.685,0,0,0,-0.853375684333934,-0.521296404541207,0,0,0,0,0,0,1753378688
560,1753378701.20906,12.709760109042,-36.1664835492253,0,0,0,-0.973862533437364,0.227138208954282,3.5,0,0,0,0,0,1753378688,1753378701.20076,6.582,-45.685,0,0,0,-0.853375684333934,-0.521296404541207,0,0,0,0,0,0,1753378688
561,1753378701.21729,12.6838076795567,-36.1797939154205,0,0,0,-0.973862533437364,0.227138208954282,3.5,0,0,0,0,0,1753378688,1753378701.20911,6.582,-45.685,0,0,0,-0.853375684333934,-0.521296404541207,0,0,0,0,0,0,1753378688
562,1753378701.22549,12.6578552500713,-36.1931042816158,0,0,0,-0.973862533437364,0.227138208954282,3.5,0,0,0,0,0,1753378688,1753378701.21733,6.582,-45.685,0,0,0,-0.853375684333934,-0.521296404541207,0,0,0,0,0,0,1753378688
563,1753378701.23369,12.631902820586,-36.2064146478111,0,0,0,-0.973862533437364,0.227138208954282,3.5,0,0,0,0,0,1753378688,1753378701.22554,6.582,-45.685,0,0,0,-0.853375684333934,-0.521296404541207,0,0,0,0,0,0,1753378688
564,1753378701.24238,12.6059503911006,-36.2197250140064,0,0,0,-0.973862533437364,0.227138208954282,3.5,0,0,0,0,0,1753378688,1753378701.23373,6.582,-45.685,0,0,0,-0.853375684333934,-0.521296404541207,0,0,0,0,0,0,1753378688
565,1753378701.25038,12.5799979616153,-36.2330353802016,0,0,0,-0.973862533437364,0.227138208954282,3.5,0,0,0,0,0,1753378688,1753378701.24241,6.582,-45.685,0,0,0,-0.853375684333934,-0.521296404541207,0,0,0,0,0,0,1753378688
566,1753378701.25872,12.5540455321299,-36.2463457463969,0,0,0,-0.973862533437364,0.227138208954282,3.5,0,0,0,0,0,1753378688,1753378701.2504,6.582,-45.685,0,0,0,-0.853375684333934,-0.521296404541207,0,0,0,0,0,0,1753378688
567,1753378701.26696,12.5280931026446,-36.2596561125922,0,0,0,-0.973862533437364,0.227138208954282,3.5,0,0,0,0,0,1753378688,1753378701.25875,6.582,-45.685,0,0,0,-0.853375684333934,-0.521296404541207,0,0,0,0,0,0,1753378688
568,1753378701.27551,12.5021406731592,-36.2729664787875,0,0,0,-0.973862533437364,0.227138208954282,3.5,0,0,0,0,0,1753378688,1753378701.26699,6.582,-45.685,0,0,0,-0.853375684333934,-0.521296404541207,0,0,0,0,0,0,1753378688
569,1753378701.28396,12.4761882436739,-36.2862768449828,0,0,0,-0.973862533437364,0.227138208954282,3.5,0,0,0,0,0,1753378688,1753378701.27556,6.582,-45.685,0,0,0,-0.853375684333934,-0.521296404541207,0,0,0,0,0,0,1753378688
570,1753378701.29222,12.4502358141885,-36.299587211178,0,0,0,-0.973862533437364,0.227138208954282,3.5,0,0,0,0,0,1753378688,1753378701.28401,6.582,-45.685,0,0,0,-0.853375684333934,-0.521296404541207,0,0,0,0,0,0,1753378688
571,1753378701.30074,12.4242833847032,-36.3128975773733,0,0,0,-0.973862533437364,0.227138208954282,3.5,0,0,0,0,0,1753378688,1753378701.29225,6.582,-45.685,0,0,0,-0.853375684333934,-0.521296404541207,0,0,0,0,0,0,1753378688
572,1753378701.30905,12.3983309552178,-36.3262079435686,0,0,0,-0.973862533437364,0.227138208954282,3.5,0,0,0,0,0,1753378688,1753378701.30078,6.582,-45.685,0,0,0,-0.853375684333934,-0.521296404541207,0,0,0,0,0,0,1753378688
573,1753378701.31802,12.3723785257325,-36.3395183097639,0,0,0,-0.973862533437364,0.227138208954282,3.5,0,0,0,0,0,1753378688,1753378701.3091,6.582,-45.685,0,0,0,-0.853375684333934,-0.521296404541207,0,0,0,0,0,0,1753378688
574,1753378701.32565,12.3464260962471,-36.3528286759591,0,0,0,-0.973862533437364,0.227138208954282,3.5,0,0,0,0,0,1753378688,1753378701.31805,6.582,-45.685,0,0,0,-0.853375684333934,-0.521296404541207,0,0,0,0,0,0,1753378688
575,1753378701.33388,12.3204736667618,-36.3661390421544,0,0,0,-0.973862533437364,0.227138208954282,3.5,0,0,0,0,0,1753378688,1753378701.32569,6.582,-45.685,0,0,0,-0.853375684333934,-0.521296404541207,0,0,0,0,0,0,1753378688
576,1753378701.34229,12.2945212372764,-36.3794494083497,0,0,0,-0.973862533437364,0.227138208954282,3.5,0,0,0,0,0,1753378688,1753378701.3339,6.582,-45.685,0,0,0,-0.853375684333934,-0.521296404541207,0,0,0,0,0,0,1753378688
577,1753378701.35038,12.2685688077911,-36.392759774545,0,0,0,-0.973862533437364,0.227138208954282,3.5,0,0,0,0,0,1753378688,1753378701.34234,6.582,-45.685,0,0,0,-0.853375684333934,-0.521296404541207,0,0,0,0,0,0,1753378688
578,1753378701.35867,12.2426163783057,-36.4060701407403,0,0,0,-0.973862533437364,0.227138208954282,3.5,0,0,0,0,0,1753378688,1753378701.35041,6.582,-45.685,0,0,0,-0.853375684333934,-0.521296404541207,0,0,0,0,0,0,1753378688
579,1753378701.36729,12.2166639488204,-36.4193805069355,0,0,0,-0.973862533437364,0.227138208954282,3.5,0,0,0,0,0,1753378688,1753378701.3587,6.582,-45.685,0,0,0,-0.853375684333934,-0.521296404541207,0,0,0,0,0,0,1753378688
580,1753378701.37533,12.190711519335,-36.4326908731308,0,0,0,-0.973862533437364,0.227138208954282,3.5,0,0,0,0,0,1753378688,1753378701.36732,6.582,-45.685,0,0,0,-0.853375684333934,-0.521296404541207,0,0,0,0,0,0,1753378688
581,1753378701.38378,12.1647590898497,-36.4460012393261,0,0,0,-0.973862533437364,0.227138208954282,3.5,0,0,0,0,0,1753378688,1753378701.37536,6.582,-45.685,0,0,0,-0.853375684333934,-0.521296404541207,0,0,0,0,0,0,1753378688
582,1753378701.3922,12.1388066603643,-36.4593116055214,0,0,0,-0.973862533437364,0.227138208954282,3.5,0,0,0,0,0,1753378688,1753378701.38392,6.582,-45.685,0,0,0,-0.853375684333934,-0.521296404541207,0,0,0,0,0,0,1753378688
583,1753378701.40056,12.112854230879,-36.4726219717166,0,0,0,-0.973862533437364,0.227138208954282,3.5,0,0,0,0,0,1753378688,1753378701.39222,6.582,-45.685,0,0,0,-0.853375684333934,-0.521296404541207,0,0,0,0,0,0,1753378688
584,1753378701.40888,12.0869018013936,-36.4859323379119,0,0,0,-0.973862533437364,0.227138208954282,3.5,0,0,0,0,0,1753378688,1753378701.40059,6.582,-45.685,0,0,0,-0.853375684333934,-0.521296404541207,0,0,0,0,0,0,1753378688
585,1753378701.41707,12.0609493719083,-36.4992427041072,0,0,0,-0.973862533437364,0.227138208954282,3.5,0,0,0,0,0,1753378688,1753378701.40893,6.582,-45.685,0,0,0,-0.853375684333934,-0.521296404541207,0,0,0,0,0,0,1753378688
586,1753378701.42525,12.0349969424229,-36.5125530703025,0,0,0,-0.973862533437364,0.227138208954282,3.5,0,0,0,0,0,1753378688,1753378701.4171,6.582,-45.685,0,0,0,-0.853375684333934,-0.521296404541207,0,0,0,0,0,0,1753378688
587,1753378701.43359,12.0090445129376,-36.5258634364978,0,0,0,-0.973862533437364,0.227138208954282,3.5,0,0,0,0,0,1753378688,1753378701.42529,6.582,-45.685,0,0,0,-0.853375684333934,-0.521296404541207,0,0,0,0,0,0,1753378688
588,1753378701.4428,11.9830920834522,-36.539173802693,0,0,0,-0.973862533437364,0.227138208954282,3.5,0,0,0,0,0,1753378688,1753378701.43362,6.582,-45.685,0,0,0,-0.853375684333934,-0.521296404541207,0,0,0,0,0,0,1753378688
589,1753378701.45043,11.9571396539669,-36.5524841688883,0,0,0,-0.973862533437364,0.227138208954282,3.5,0,0,0,0,0,1753378688,1753378701.44283,6.582,-45.685,0,0,0,-0.853375684333934,-0.521296404541207,0,0,0,0,0,0,1753378688
590,1753378701.45884,11.9311872244815,-36.5657945350836,0,0,0,-0.973862533437364,0.227138208954282,3.5,0,0,0,0,0,1753378688,1753378701.45045,6.582,-45.685,0,0,0,-0.853375684333934,-0.521296404541207,0,0,0,0,0,0,1753378688
591,1753378701.46735,11.9052347949962,-36.5791049012789,0,0,0,-0.973862533437364,0.227138208954282,3.5,0,0,0,0,0,1753378688,1753378701.45887,6.582,-45.685,0,0,0,-0.853375684333934,-0.521296404541207,0,0,0,0,0,0,1753378688
592,1753378701.4759,11.8792823655108,-36.5924152674741,0,0,0,-0.973862533437364,0.227138208954282,3.5,0,0,0,0,0,1753378688,1753378701.4674,6.582,-45.685,0,0,0,-0.853375684333934,-0.521296404541207,0,0,0,0,0,0,1753378688
593,1753378701.48456,11.8533299360255,-36.6057256336694,0,0,0,-0.973862533437364,0.227138208954282,3.5,0,0,0,0,0,1753378688,1753378701.47598,6.582,-45.685,0,0,0,-0.853375684333934,-0.521296404541207,0,0,0,0,0,0,1753378688
594,1753378701.49273,11.8273775065401,-36.6190359998647,0,0,0,-0.973862533437364,0.227138208954282,3.5,0,0,0,0,0,1753378688,1753378701.48459,6.582,-45.685,0,0,0,-0.853375684333934,-0.521296404541207,0,0,0,0,0,0,1753378688
595,1753378701.50086,11.8014250770548,-36.63234636606,0,0,0,-0.973862533437364,0.227138208954282,3.5,0,0,0,0,0,1753378688,1753378701.4928,6.582,-45.685,0,0,0,-0.853375684333934,-0.521296404541207,0,0,0,0,0,0,1753378688
596,1753378701.50871,11.7754726475694,-36.6456567322552,0,0,0,-0.973862533437364,0.227138208954282,3.5,0,0,0,0,0,1753378688,1753378701.5009,6.582,-45.685,0,0,0,-0.853375684333934,-0.521296404541207,0,0,0,0,0,0,1753378688
597,1753378701.51719,11.7495202180841,-36.6589670984505,0,0,0,-0.973862533437364,0.227138208954282,3.5,0,0,0,0,0,1753378688,1753378701.50874,6.582,-45.685,0,0,0,-0.853375684333934,-0.521296404541207,0,0,0,0,0,0,1753378688
598,1753378701.52563,11.7235677885987,-36.6722774646458,0,0,0,-0.973862533437364,0.227138208954282,3.5,0,0,0,0,0,1753378688,1753378701.51724,6.582,-45.685,0,0,0,-0.853375684333934,-0.521296404541207,0,0,0,0,0,0,1753378688
599,1753378701.53385,11.6976153591134,-36.6855878308411,0,0,0,-0.973862533437364,0.227138208954282,3.5,0,0,0,0,0,1753378688,1753378701.52568,6.582,-45.685,0,0,0,-0.853375684333934,-0.521296404541207,0,0,0,0,0,0,1753378688
600,1753378701.54225,11.671662929628,-36.6988981970364,0,0,0,-0.973862533437364,0.227138208954282,3.5,0,0,0,0,0,1753378688,1753378701.5339,6.582,-45.685,0,0,0,-0.853375684333934,-0.521296404541207,0,0,0,0,0,0,1753378688
601,1753378701.55042,11.6457105001427,-36.7122085632316,0,0,0,-0.973862533437364,0.227138208954282,3.5,0,0,0,0,0,1753378688,1753378701.5423,6.582,-45.685,0,0,0,-0.853375684333934,-0.521296404541207,0,0,0,0,0,0,1753378688
602,1753378701.55864,11.6197580706573,-36.7255189294269,0,0,0,-0.973862533437364,0.227138208954282,3.5,0,0,0,0,0,1753378688,1753378701.55044,6.582,-45.685,0,0,0,-0.853375684333934,-0.521296404541207,0,0,0,0,0,0,1753378688
603,1753378701.56722,11.593805641172,-36.7388292956222,0,0,0,-0.973862533437364,0.227138208954282,3.5,0,0,0,0,0,1753378688,1753378701.55866,6.582,-45.685,0,0,0,-0.853375684333934,-0.521296404541207,0,0,0,0,0,0,1753378688
604,1753378701.57542,11.5678532116866,-36.7521396618175,0,0,0,-0.973862533437364,0.227138208954282,3.5,0,0,0,0,0,1753378688,1753378701.56726,6.582,-45.685,0,0,0,-0.853375684333934,-0.521296404541207,0,0,0,0,0,0,1753378688
605,1753378701.58359,11.5419007822013,-36.7654500280127,0,0,0,-0.973862533437364,0.227138208954282,3.5,0,0,0,0,0,1753378688,1753378701.57545,6.582,-45.685,0,0,0,-0.853375684333934,-0.521296404541207,0,0,0,0,0,0,1753378688
606,1753378701.59267,11.5159483527159,-36.778760394208,0,0,0,-0.973862533437364,0.227138208954282,3.5,0,0,0,0,0,1753378688,1753378701.58361,6.582,-45.685,0,0,0,-0.853375684333934,-0.521296404541207,0,0,0,0,0,0,1753378688
607,1753378701.60071,11.4899959232306,-36.7920707604033,0,0,0,-0.973862533437364,0.227138208954282,3.5,0,0,0,0,0,1753378688,1753378701.59272,6.582,-45.685,0,0,0,-0.853375684333934,-0.521296404541207,0,0,0,0,0,0,1753378688
608,1753378701.60867,11.4640434937452,-36.8053811265986,0,0,0,-0.973862533437364,0.227138208954282,3.5,0,0,0,0,0,1753378688,1753378701.60075,6.582,-45.685,0,0,0,-0.853375684333934,-0.521296404541207,0,0,0,0,0,0,1753378688
609,1753378701.61703,11.4380910642599,-36.8186914927939,0,0,0,-0.973862533437364,0.227138208954282,3.5,0,0,0,0,0,1753378688,1753378701.6087,6.582,-45.685,0,0,0,-0.853375684333934,-0.521296404541207,0,0,0,0,0,0,1753378688
610,1753378701.62546,11.4121386347745,-36.8320018589891,0,0,0,-0.973862533437364,0.227138208954282,3.5,0,0,0,0,0,1753378688,1753378701.61706,6.582,-45.685,0,0,0,-0.853375684333934,-0.521296404541207,0,0,0,0,0,0,1753378688
611,1753378701.63359,11.3861862052891,-36.8453122251844,0,0,0,-0.973862533437364,0.227138208954282,3.5,0,0,0,0,0,1753378688,1753378701.62548,6.582,-45.685,0,0,0,-0.853375684333934,-0.521296404541207,0,0,0,0,0,0,1753378688
612,1753378701.64224,11.3602337758038,-36.8586225913797,0,0,0,-0.973862533437364,0.227138208954282,3.5,0,0,0,0,0,1753378688,1753378701.63362,6.582,-45.685,0,0,0,-0.853375684333934,-0.521296404541207,0,0,0,0,0,0,1753378688
613,1753378701.65039,11.3342813463184,-36.871932957575,0,0,0,-0.973862533437364,0.227138208954282,3.5,0,0,0,0,0,1753378688,1753378701.64228,6.582,-45.685,0,0,0,-0.853375684333934,-0.521296404541207,0,0,0,0,0,0,1753378688
614,1753378701.65863,11.3083289168331,-36.8852433237702,0,0,0,-0.973862533437364,0.227138208954282,3.5,0,0,0,0,0,1753378688,1753378701.65042,6.582,-45.685,0,0,0,-0.853375684333934,-0.521296404541207,0,0,0,0,0,0,1753378688
615,1753378701.66692,11.2823764873477,-36.8985536899655,0,0,0,-0.973862533437364,0.227138208954282,3.5,0,0,0,0,0,1753378688,1753378701.65866,6.582,-45.685,0,0,0,-0.853375684333934,-0.521296404541207,0,0,0,0,0,0,1753378688
616,1753378701.67533,11.2564240578624,-36.9118640561608,0,0,0,-0.973862533437364,0.227138208954282,3.5,0,0,0,0,0,1753378688,1753378701.66694,6.582,-45.685,0,0,0,-0.853375684333934,-0.521296404541207,0,0,0,0,0,0,1753378688
617,1753378701.68372,11.230471628377,-36.9251744223561,0,0,0,-0.973862533437364,0.227138208954282,3.5,0,0,0,0,0,1753378688,1753378701.67535,6.582,-45.685,0,0,0,-0.853375684333934,-0.521296404541207,0,0,0,0,0,0,1753378688
618,1753378701.69219,11.2045191988917,-36.9384847885514,0,0,0,-0.973862533437364,0.227138208954282,3.5,0,0,0,0,0,1753378688,1753378701.68375,6.582,-45.685,0,0,0,-0.853375684333934,-0.521296404541207,0,0,0,0,0,0,1753378688
619,1753378701.70037,11.1785667694063,-36.9517951547466,0,0,0,-0.973862533437364,0.227138208954282,3.5,0,0,0,0,0,1753378688,1753378701.69222,6.582,-45.685,0,0,0,-0.853375684333934,-0.521296404541207,0,0,0,0,0,0,1753378688
620,1753378701.70869,11.152614339921,-36.9651055209419,0,0,0,-0.973862533437364,0.227138208954282,3.5,0,0,0,0,0,1753378688,1753378701.70039,6.582,-45.685,0,0,0,-0.853375684333934,-0.521296404541207,0,0,0,0,0,0,1753378688
621,1753378701.71697,11.1266619104356,-36.9784158871372,0,0,0,-0.973862533437364,0.227138208954282,3.5,0,0,0,0,0,1753378688,1753378701.70873,6.582,-45.685,0,0,0,-0.853375684333934,-0.521296404541207,0,0,0,0,0,0,1753378688
622,1753378701.72567,11.1007094809503,-36.9917262533325,0,0,0,-0.973862533437364,0.227138208954282,3.5,0,0,0,0,0,1753378688,1753378701.717,6.582,-45.685,0,0,0,-0.853375684333934,-0.521296404541207,0,0,0,0,0,0,1753378688
623,1753378701.73391,11.0747570514649,-37.0050366195277,0,0,0,-0.973862533437364,0.227138208954282,3.5,0,0,0,0,0,1753378688,1753378701.72572,6.582,-45.685,0,0,0,-0.853375684333934,-0.521296404541207,0,0,0,0,0,0,1753378688
624,1753378701.74221,11.0488046219796,-37.018346985723,0,0,0,-0.973862533437364,0.227138208954282,3.5,0,0,0,0,0,1753378688,1753378701.73394,6.582,-45.685,0,0,0,-0.853375684333934,-0.521296404541207,0,0,0,0,0,0,1753378688
625,1753378701.75044,11.0228521924942,-37.0316573519183,0,0,0,-0.973862533437364,0.227138208954282,3.5,0,0,0,0,0,1753378688,1753378701.74224,6.582,-45.685,0,0,0,-0.853375684333934,-0.521296404541207,0,0,0,0,0,0,1753378688
626,1753378701.75861,10.9968997630089,-37.0449677181136,0,0,0,-0.973862533437364,0.227138208954282,3.5,0,0,0,0,0,1753378688,1753378701.75047,6.582,-45.685,0,0,0,-0.853375684333934,-0.521296404541207,0,0,0,0,0,0,1753378688
627,1753378701.76705,10.9709473335235,-37.0582780843088,0,0,0,-0.973862533437364,0.227138208954282,3.5,0,0,0,0,0,1753378688,1753378701.75864,6.582,-45.685,0,0,0,-0.853375684333934,-0.521296404541207,0,0,0,0,0,0,1753378688
628,1753378701.77532,10.9449949040382,-37.0715884505041,0,0,0,-0.973862533437364,0.227138208954282,3.5,0,0,0,0,0,1753378688,1753378701.76708,6.582,-45.685,0,0,0,-0.853375684333934,-0.521296404541207,0,0,0,0,0,0,1753378688
629,1753378701.78359,10.9190424745528,-37.0848988166994,0,0,0,-0.973862533437364,0.227138208954282,3.5,0,0,0,0,0,1753378688,1753378701.77535,6.582,-45.685,0,0,0,-0.853375684333934,-0.521296404541207,0,0,0,0,0,0,1753378688
630,1753378701.79226,10.8930900450675,-37.0982091828947,0,0,0,-0.973862533437364,0.227138208954282,3.5,0,0,0,0,0,1753378688,1753378701.78367,6.582,-45.685,0,0,0,-0.853375684333934,-0.521296404541207,0,0,0,0,0,0,1753378688
631,1753378701.80037,10.8671376155821,-37.11151954909,0,0,0,-0.973862533437364,0.227138208954282,3.5,0,0,0,0,0,1753378688,1753378701.79229,6.582,-45.685,0,0,0,-0.853375684333934,-0.521296404541207,0,0,0,0,0,0,1753378688
632,1753378701.80868,10.8411851860968,-37.1248299152852,0,0,0,-0.973862533437364,0.227138208954282,3.5,0,0,0,0,0,1753378688,1753378701.8004,6.582,-45.685,0,0,0,-0.853375684333934,-0.521296404541207,0,0,0,0,0,0,1753378688
633,1753378701.81706,10.8152327566114,-37.1381402814805,0,0,0,-0.973862533437364,0.227138208954282,3.5,0,0,0,0,0,1753378688,1753378701.80871,6.582,-45.685,0,0,0,-0.853375684333934,-0.521296404541207,0,0,0,0,0,0,1753378688
634,1753378701.82552,10.7892803271261,-37.1514506476758,0,0,0,-0.973862533437364,0.227138208954282,3.5,0,0,0,0,0,1753378688,1753378701.8171,6.582,-45.685,0,0,0,-0.853375684333934,-0.521296404541207,0,0,0,0,0,0,1753378688
635,1753378701.83361,10.7633278976407,-37.1647610138711,0,0,0,-0.973862533437364,0.227138208954282,3.5,0,0,0,0,0,1753378688,1753378701.82556,6.582,-45.685,0,0,0,-0.853375684333934,-0.521296404541207,0,0,0,0,0,0,1753378688
636,1753378701.84227,10.7373754681554,-37.1780713800663,0,0,0,-0.973862533437364,0.227138208954282,3.5,0,0,0,0,0,1753378688,1753378701.83364,6.582,-45.685,0,0,0,-0.853375684333934,-0.521296404541207,0,0,0,0,0,0,1753378688
637,1753378701.85041,10.71142303867,-37.1913817462616,0,0,0,-0.973862533437364,0.227138208954282,3.5,0,0,0,0,0,1753378688,1753378701.8423,6.582,-45.685,0,0,0,-0.853375684333934,-0.521296404541207,0,0,0,0,0,0,1753378688
638,1753378701.85866,10.6854706091847,-37.2046921124569,0,0,0,-0.973862533437364,0.227138208954282,3.5,0,0,0,0,0,1753378688,1753378701.85045,6.582,-45.685,0,0,0,-0.853375684333934,-0.521296404541207,0,0,0,0,0,0,1753378688
639,1753378701.86692,10.6595181796993,-37.2180024786522,0,0,0,-0.973862533437364,0.227138208954282,3.5,0,0,0,0,0,1753378688,1753378701.85869,6.582,-45.685,0,0,0,-0.853375684333934,-0.521296404541207,0,0,0,0,0,0,1753378688
640,1753378701.87525,10.633565750214,-37.2313128448474,0,0,0,-0.973862533437364,0.227138208954282,3.5,0,0,0,0,0,1753378688,1753378701.86695,6.582,-45.685,0,0,0,-0.853375684333934,-0.521296404541207,0,0,0,0,0,0,1753378688
641,1753378701.88355,10.6076133207286,-37.2446232110427,0,0,0,-0.973862533437364,0.227138208954282,3.5,0,0,0,0,0,1753378688,1753378701.87528,6.582,-45.685,0,0,0,-0.853375684333934,-0.521296404541207,0,0,0,0,0,0,1753378688
642,1753378701.89211,10.5816608912433,-37.257933577238,0,0,0,-0.973862533437364,0.227138208954282,3.5,0,0,0,0,0,1753378688,1753378701.88358,6.582,-45.685,0,0,0,-0.853375684333934,-0.521296404541207,0,0,0,0,0,0,1753378688
643,1753378701.90031,10.5557084617579,-37.2712439434333,0,0,0,-0.973862533437364,0.227138208954282,3.5,0,0,0,0,0,1753378688,1753378701.89214,6.582,-45.685,0,0,0,-0.853375684333934,-0.521296404541207,0,0,0,0,0,0,1753378688
644,1753378701.90863,10.5297560322726,-37.2845543096286,0,0,0,-0.973862533437364,0.227138208954282,3.5,0,0,0,0,0,1753378688,1753378701.90034,6.582,-45.685,0,0,0,-0.853375684333934,-0.521296404541207,0,0,0,0,0,0,1753378688
645,1753378701.91698,10.5038036027872,-37.2978646758238,0,0,0,-0.973862533437364,0.227138208954282,3.5,0,0,0,0,0,1753378688,1753378701.90866,6.582,-45.685,0,0,0,-0.853375684333934,-0.521296404541207,0,0,0,0,0,0,1753378688
646,1753378701.92529,10.4778511733019,-37.3111750420191,0,0,0,-0.973862533437364,0.227138208954282,3.5,0,0,0,0,0,1753378688,1753378701.91701,6.582,-45.685,0,0,0,-0.853375684333934,-0.521296404541207,0,0,0,0,0,0,1753378688
647,1753378701.93366,10.4518987438165,-37.3244854082144,0,0,0,-0.973862533437364,0.227138208954282,3.5,0,0,0,0,0,1753378688,1753378701.92532,6.582,-45.685,0,0,0,-0.853375684333934,-0.521296404541207,0,0,0,0,0,0,1753378688
648,1753378701.94197,10.4259463143312,-37.3377957744097,0,0,0,-0.973862533437364,0.227138208954282,3.5,0,0,0,0,0,1753378688,1753378701.93368,6.582,-45.685,0,0,0,-0.853375684333934,-0.521296404541207,0,0,0,0,0,0,1753378688
649,1753378701.95041,10.3999938848458,-37.3511061406049,0,0,0,-0.973862533437364,0.227138208954282,3.5,0,0,0,0,0,1753378688,1753378701.942,6.582,-45.685,0,0,0,-0.853375684333934,-0.521296404541207,0,0,0,0,0,0,1753378688
650,1753378701.95865,10.3740414553605,-37.3644165068002,0,0,0,-0.973862533437364,0.227138208954282,3.5,0,0,0,0,0,1753378688,1753378701.95044,6.582,-45.685,0,0,0,-0.853375684333934,-0.521296404541207,0,0,0,0,0,0,1753378688
651,1753378701.96698,10.3480890258751,-37.3777268729955,0,0,0,-0.973862533437364,0.227138208954282,3.5,0,0,0,0,0,1753378688,1753378701.95868,6.582,-45.685,0,0,0,-0.853375684333934,-0.521296404541207,0,0,0,0,0,0,1753378688
652,1753378701.97534,10.3221365963898,-37.3910372391908,0,0,0,-0.973862533437364,0.227138208954282,3.5,0,0,0,0,0,1753378688,1753378701.96701,6.582,-45.685,0,0,0,-0.853375684333934,-0.521296404541207,0,0,0,0,0,0,1753378688
653,1753378701.98361,10.2961841669044,-37.4043476053861,0,0,0,-0.973862533437364,0.227138208954282,3.5,0,0,0,0,0,1753378688,1753378701.97537,6.582,-45.685,0,0,0,-0.853375684333934,-0.521296404541207,0,0,0,0,0,0,1753378688
654,1753378701.99211,10.2702317374191,-37.4176579715813,0,0,0,-0.973862533437364,0.227138208954282,3.5,0,0,0,0,0,1753378688,1753378701.98364,6.582,-45.685,0,0,0,-0.853375684333934,-0.521296404541207,0,0,0,0,0,0,1753378688
655,1753378702.00039,10.2442793079337,-37.4309683377766,0,0,0,-0.973862533437364,0.227138208954282,3.5,0,0,0,0,0,1753378688,1753378701.99213,6.582,-45.685,0,0,0,-0.853375684333934,-0.521296404541207,0,0,0,0,0,0,1753378688
656,1753378702.00864,10.2183268784484,-37.4442787039719,0,0,0,-0.973862533437364,0.227138208954282,3.5,0,0,0,0,0,1753378688,1753378702.00042,6.582,-45.685,0,0,0,-0.853375684333934,-0.521296404541207,0,0,0,0,0,0,1753378688
657,1753378702.01694,10.192374448963,-37.4575890701672,0,0,0,-0.973862533437364,0.227138208954282,3.5,0,0,0,0,0,1753378688,1753378702.00866,6.582,-45.685,0,0,0,-0.853375684333934,-0.521296404541207,0,0,0,0,0,0,1753378688
658,1753378702.02532,10.1664220194777,-37.4708994363624,0,0,0,-0.973862533437364,0.227138208954282,3.5,0,0,0,0,0,1753378688,1753378702.01697,6.582,-45.685,0,0,0,-0.853375684333934,-0.521296404541207,0,0,0,0,0,0,1753378688
659,1753378702.03361,10.1404695899923,-37.4842098025577,0,0,0,-0.973862533437364,0.227138208954282,3.5,0,0,0,0,0,1753378688,1753378702.02535,6.582,-45.685,0,0,0,-0.853375684333934,-0.521296404541207,0,0,0,0,0,0,1753378688
660,1753378702.04219,10.114517160507,-37.497520168753,0,0,0,-0.973862533437364,0.227138208954282,3.5,0,0,0,0,0,1753378688,1753378702.03364,6.582,-45.685,0,0,0,-0.853375684333934,-0.521296404541207,0,0,0,0,0,0,1753378688
661,1753378702.05036,10.0885647310216,-37.5108305349483,0,0,0,-0.973862533437364,0.227138208954282,3.5,0,0,0,0,0,1753378688,1753378702.04221,6.582,-45.685,0,0,0,-0.853375684333934,-0.521296404541207,0,0,0,0,0,0,1753378688
662,1753378702.05896,10.0626123015363,-37.5241409011436,0,0,0,-0.973862533437364,0.227138208954282,3.5,0,0,0,0,0,1753378688,1753378702.05041,6.582,-45.685,0,0,0,-0.853375684333934,-0.521296404541207,0,0,0,0,0,0,1753378688
663,1753378702.06735,10.0366598720509,-37.5374512673388,0,0,0,-0.973862533437364,0.227138208954282,3.5,0,0,0,0,0,1753378688,1753378702.05901,6.582,-45.685,0,0,0,-0.853375684333934,-0.521296404541207,0,0,0,0,0,0,1753378688
664,1753378702.07529,10.0107074425656,-37.5507616335341,0,0,0,-0.973862533437364,0.227138208954282,3.5,0,0,0,0,0,1753378688,1753378702.0674,6.582,-45.685,0,0,0,-0.853375684333934,-0.521296404541207,0,0,0,0,0,0,1753378688
665,1753378702.08368,9.98475501308022,-37.5640719997294,0,0,0,-0.973862533437364,0.227138208954282,3.5,0,0,0,0,0,1753378688,1753378702.07532,6.582,-45.685,0,0,0,-0.853375684333934,-0.521296404541207,0,0,0,0,0,0,1753378688
666,1753378702.09226,9.95880258359487,-37.5773823659247,0,0,0,-0.973862533437364,0.227138208954282,3.5,0,0,0,0,0,1753378688,1753378702.08372,6.582,-45.685,0,0,0,-0.853375684333934,-0.521296404541207,0,0,0,0,0,0,1753378688
667,1753378702.10052,9.93285015410951,-37.5906927321199,0,0,0,-0.973862533437364,0.227138208954282,3.5,0,0,0,0,0,1753378688,1753378702.0923,6.582,-45.685,0,0,0,-0.853375684333934,-0.521296404541207,0,0,0,0,0,0,1753378688
668,1753378702.10887,9.90689772462416,-37.6040030983152,0,0,0,-0.973862533437364,0.227138208954282,3.5,0,0,0,0,0,1753378688,1753378702.10067,6.582,-45.685,0,0,0,-0.853375684333934,-0.521296404541207,0,0,0,0,0,0,1753378688
669,1753378702.1171,9.88094529513881,-37.6173134645105,0,0,0,-0.973862533437364,0.227138208954282,3.5,0,0,0,0,0,1753378688,1753378702.10891,6.582,-45.685,0,0,0,-0.853375684333934,-0.521296404541207,0,0,0,0,0,0,1753378688
670,1753378702.12532,9.85499286565346,-37.6306238307058,0,0,0,-0.973862533437364,0.227138208954282,3.5,0,0,0,0,0,1753378688,1753378702.11713,6.582,-45.685,0,0,0,-0.853375684333934,-0.521296404541207,0,0,0,0,0,0,1753378688
671,1753378702.13377,9.82904043616811,-37.643934196901,0,0,0,-0.973862533437364,0.227138208954282,3.5,0,0,0,0,0,1753378688,1753378702.12535,6.582,-45.685,0,0,0,-0.853375684333934,-0.521296404541207,0,0,0,0,0,0,1753378688
672,1753378702.14206,9.80308800668276,-37.6572445630963,0,0,0,-0.973862533437364,0.227138208954282,3.5,0,0,0,0,0,1753378688,1753378702.13379,6.582,-45.685,0,0,0,-0.853375684333934,-0.521296404541207,0,0,0,0,0,0,1753378688
673,1753378702.15069,9.77713557719741,-37.6705549292916,0,0,0,-0.973862533437364,0.227138208954282,3.5,0,0,0,0,0,1753378688,1753378702.14209,6.582,-45.685,0,0,0,-0.853375684333934,-0.521296404541207,0,0,0,0,0,0,1753378688
674,1753378702.15897,9.75118314771206,-37.6838652954869,0,0,0,-0.973862533437364,0.227138208954282,3.5,0,0,0,0,0,1753378688,1753378702.15074,6.582,-45.685,0,0,0,-0.853375684333934,-0.521296404541207,0,0,0,0,0,0,1753378688
675,1753378702.16724,9.72523071822671,-37.6971756616822,0,0,0,-0.973862533437364,0.227138208954282,3.5,0,0,0,0,0,1753378688,1753378702.15901,6.582,-45.685,0,0,0,-0.853375684333934,-0.521296404541207,0,0,0,0,0,0,1753378688
676,1753378702.1755,9.69927828874136,-37.7104860278774,0,0,0,-0.973862533437364,0.227138208954282,3.5,0,0,0,0,0,1753378688,1753378702.1673,6.582,-45.685,0,0,0,-0.853375684333934,-0.521296404541207,0,0,0,0,0,0,1753378688
677,1753378702.18378,9.67332585925601,-37.7237963940727,0,0,0,-0.973862533437364,0.227138208954282,3.5,0,0,0,0,0,1753378688,1753378702.17554,6.582,-45.685,0,0,0,-0.853375684333934,-0.521296404541207,0,0,0,0,0,0,1753378688
678,1753378702.19209,9.64737342977066,-37.737106760268,0,0,0,-0.973862533437364,0.227138208954282,3.5,0,0,0,0,0,1753378688,1753378702.1838,6.582,-45.685,0,0,0,-0.853375684333934,-0.521296404541207,0,0,0,0,0,0,1753378688
679,1753378702.20081,9.62142100028531,-37.7504171264633,0,0,0,-0.973862533437364,0.227138208954282,3.5,0,0,0,0,0,1753378688,1753378702.19212,6.582,-45.685,0,0,0,-0.853375684333934,-0.521296404541207,0,0,0,0,0,0,1753378688
680,1753378702.20858,9.59546857079996,-37.7637274926585,0,0,0,-0.973862533437364,0.227138208954282,3.5,0,0,0,0,0,1753378688,1753378702.20085,6.582,-45.685,0,0,0,-0.853375684333934,-0.521296404541207,0,0,0,0,0,0,1753378688
681,1753378702.21774,9.56951614131461,-37.7770378588538,0,0,0,-0.973862533437364,0.227138208954282,3.5,0,0,0,0,0,1753378688,1753378702.20861,6.582,-45.685,0,0,0,-0.853375684333934,-0.521296404541207,0,0,0,0,0,0,1753378688
682,1753378702.22539,9.54356371182926,-37.7903482250491,0,0,0,-0.973862533437364,0.227138208954282,3.5,0,0,0,0,0,1753378688,1753378702.21779,6.582,-45.685,0,0,0,-0.853375684333934,-0.521296404541207,0,0,0,0,0,0,1753378688
683,1753378702.23361,9.51761128234391,-37.8036585912444,0,0,0,-0.973862533437364,0.227138208954282,3.5,0,0,0,0,0,1753378688,1753378702.22541,6.582,-45.685,0,0,0,-0.853375684333934,-0.521296404541207,0,0,0,0,0,0,1753378688
684,1753378702.24196,9.49165885285855,-37.8169689574397,0,0,0,-0.973862533437364,0.227138208954282,3.5,0,0,0,0,0,1753378688,1753378702.23364,6.582,-45.685,0,0,0,-0.853375684333934,-0.521296404541207,0,0,0,0,0,0,1753378688
685,1753378702.25036,9.4657064233732,-37.8302793236349,0,0,0,-0.973862533437364,0.227138208954282,3.5,0,0,0,0,0,1753378688,1753378702.24199,6.582,-45.685,0,0,0,-0.853375684333934,-0.521296404541207,0,0,0,0,0,0,1753378688
686,1753378702.25871,9.43975399388785,-37.8435896898302,0,0,0,-0.973862533437364,0.227138208954282,3.5,0,0,0,0,0,1753378688,1753378702.25039,6.582,-45.685,0,0,0,-0.853375684333934,-0.521296404541207,0,0,0,0,0,0,1753378688
687,1753378702.267,9.4138015644025,-37.8569000560255,0,0,0,-0.973862533437364,0.227138208954282,3.5,0,0,0,0,0,1753378688,1753378702.25874,6.582,-45.685,0,0,0,-0.853375684333934,-0.521296404541207,0,0,0,0,0,0,1753378688
688,1753378702.27536,9.38784913491715,-37.8702104222208,0,0,0,-0.973862533437364,0.227138208954282,3.5,0,0,0,0,0,1753378688,1753378702.26703,6.582,-45.685,0,0,0,-0.853375684333934,-0.521296404541207,0,0,0,0,0,0,1753378688
689,1753378702.28384,9.3618967054318,-37.883520788416,0,0,0,-0.973862533437364,0.227138208954282,3.5,0,0,0,0,0,1753378688,1753378702.27539,6.582,-45.685,0,0,0,-0.853375684333934,-0.521296404541207,0,0,0,0,0,0,1753378688
690,1753378702.29262,9.33594427594645,-37.8968311546113,0,0,0,-0.973862533437364,0.227138208954282,3.5,0,0,0,0,0,1753378688,1753378702.28388,6.582,-45.685,0,0,0,-0.853375684333934,-0.521296404541207,0,0,0,0,0,0,1753378688
691,1753378702.30075,9.3099918464611,-37.9101415208066,0,0,0,-0.973862533437364,0.227138208954282,3.5,0,0,0,0,0,1753378688,1753378702.29267,6.582,-45.685,0,0,0,-0.853375684333934,-0.521296404541207,0,0,0,0,0,0,1753378688
692,1753378702.30884,9.28403941697575,-37.9234518870019,0,0,0,-0.973862533437364,0.227138208954282,3.5,0,0,0,0,0,1753378688,1753378702.3008,6.582,-45.685,0,0,0,-0.853375684333934,-0.521296404541207,0,0,0,0,0,0,1753378688
693,1753378702.31701,9.2580869874904,-37.9367622531972,0,0,0,-0.973862533437364,0.227138208954282,3.5,0,0,0,0,0,1753378688,1753378702.30887,6.582,-45.685,0,0,0,-0.853375684333934,-0.521296404541207,0,0,0,0,0,0,1753378688
694,1753378702.3253,9.23213455800505,-37.9500726193924,0,0,0,-0.973862533437364,0.227138208954282,3.5,0,0,0,0,0,1753378688,1753378702.31704,6.582,-45.685,0,0,0,-0.853375684333934,-0.521296404541207,0,0,0,0,0,0,1753378688
695,1753378702.33369,9.2061821285197,-37.9633829855877,0,0,0,-0.973862533437364,0.227138208954282,3.5,0,0,0,0,0,1753378688,1753378702.32533,6.582,-45.685,0,0,0,-0.853375684333934,-0.521296404541207,0,0,0,0,0,0,1753378688
696,1753378702.34229,9.18022969903435,-37.976693351783,0,0,0,-0.973862533437364,0.227138208954282,3.5,0,0,0,0,0,1753378688,1753378702.33372,6.582,-45.685,0,0,0,-0.853375684333934,-0.521296404541207,0,0,0,0,0,0,1753378688
697,1753378702.35206,9.154277269549,-37.9900037179783,0,0,0,-0.973862533437364,0.227138208954282,3.5,0,0,0,0,0,1753378688,1753378702.34232,6.582,-45.685,0,0,0,-0.853375684333934,-0.521296404541207,0,0,0,0,0,0,1753378688
698,1753378702.36063,9.12832484006365,-38.0033140841735,0,0,0,-0.973862533437364,0.227138208954282,3.5,0,0,0,0,0,1753378688,1753378702.3522,6.582,-45.685,0,0,0,-0.853375684333934,-0.521296404541207,0,0,0,0,0,0,1753378688
699,1753378702.36966,9.1023724105783,-38.0166244503688,0,0,0,-0.973862533437364,0.227138208954282,3.5,0,0,0,0,0,1753378688,1753378702.36076,6.582,-45.685,0,0,0,-0.853375684333934,-0.521296404541207,0,0,0,0,0,0,1753378688
700,1753378702.37565,9.07641998109295,-38.0299348165641,0,0,0,-0.973862533437364,0.227138208954282,3.5,0,0,0,0,0,1753378688,1753378702.36975,6.582,-45.685,0,0,0,-0.853375684333934,-0.521296404541207,0,0,0,0,0,0,1753378688
701,1753378702.38443,9.05046755160759,-38.0432451827594,0,0,0,-0.973862533437364,0.227138208954282,3.5,0,0,0,0,0,1753378688,1753378702.3757,6.582,-45.685,0,0,0,-0.853375684333934,-0.521296404541207,0,0,0,0,0,0,1753378688
702,1753378702.39224,9.02451512212224,-38.0565555489546,0,0,0,-0.973862533437364,0.227138208954282,3.5,0,0,0,0,0,1753378688,1753378702.38449,6.582,-45.685,0,0,0,-0.853375684333934,-0.521296404541207,0,0,0,0,0,0,1753378688
703,1753378702.40044,8.99856269263689,-38.0698659151499,0,0,0,-0.973862533437364,0.227138208954282,3.5,0,0,0,0,0,1753378688,1753378702.39227,6.582,-45.685,0,0,0,-0.853375684333934,-0.521296404541207,0,0,0,0,0,0,1753378688
704,1753378702.40866,8.97261026315154,-38.0831762813452,0,0,0,-0.973862533437364,0.227138208954282,3.5,0,0,0,0,0,1753378688,1753378702.40047,6.582,-45.685,0,0,0,-0.853375684333934,-0.521296404541207,0,0,0,0,0,0,1753378688
705,1753378702.41702,8.94665783366619,-38.0964866475405,0,0,0,-0.973862533437364,0.227138208954282,3.5,0,0,0,0,0,1753378688,1753378702.40869,6.582,-45.685,0,0,0,-0.853375684333934,-0.521296404541207,0,0,0,0,0,0,1753378688
706,1753378702.42536,8.92070540418084,-38.1097970137358,0,0,0,-0.973862533437364,0.227138208954282,3.5,0,0,0,0,0,1753378688,1753378702.41704,6.582,-45.685,0,0,0,-0.853375684333934,-0.521296404541207,0,0,0,0,0,0,1753378688
707,1753378702.43364,8.89475297469549,-38.123107379931,0,0,0,-0.973862533437364,0.227138208954282,3.5,0,0,0,0,0,1753378688,1753378702.42538,6.582,-45.685,0,0,0,-0.853375684333934,-0.521296404541207,0,0,0,0,0,0,1753378688
708,1753378702.44233,8.86880054521014,-38.1364177461263,0,0,0,-0.973862533437364,0.227138208954282,3.5,0,0,0,0,0,1753378688,1753378702.43371,6.582,-45.685,0,0,0,-0.853375684333934,-0.521296404541207,0,0,0,0,0,0,1753378688
709,1753378702.4507,8.84284811572479,-38.1497281123216,0,0,0,-0.973862533437364,0.227138208954282,3.5,0,0,0,0,0,1753378688,1753378702.44235,6.582,-45.685,0,0,0,-0.853375684333934,-0.521296404541207,0,0,0,0,0,0,1753378688
710,1753378702.45889,8.81689568623944,-38.1630384785169,0,0,0,-0.973862533437364,0.227138208954282,3.5,0,0,0,0,0,1753378688,1753378702.45073,6.582,-45.685,0,0,0,-0.853375684333934,-0.521296404541207,0,0,0,0,0,0,1753378688
711,1753378702.46695,8.79094325675409,-38.1763488447121,0,0,0,-0.973862533437364,0.227138208954282,3.5,0,0,0,0,0,1753378688,1753378702.45893,6.582,-45.685,0,0,0,-0.853375684333934,-0.521296404541207,0,0,0,0,0,0,1753378688
712,1753378702.47554,8.76499082726874,-38.1896592109074,0,0,0,-0.973862533437364,0.227138208954282,3.5,0,0,0,0,0,1753378688,1753378702.46697,6.582,-45.685,0,0,0,-0.853375684333934,-0.521296404541207,0,0,0,0,0,0,1753378688
713,1753378702.48358,8.73903839778339,-38.2029695771027,0,0,0,-0.973862533437364,0.227138208954282,3.5,0,0,0,0,0,1753378688,1753378702.47557,6.582,-45.685,0,0,0,-0.853375684333934,-0.521296404541207,0,0,0,0,0,0,1753378688
714,1753378702.4926,8.71308596829804,-38.216279943298,0,0,0,-0.973862533437364,0.227138208954282,3.5,0,0,0,0,0,1753378688,1753378702.48361,6.582,-45.685,0,0,0,-0.853375684333934,-0.521296404541207,0,0,0,0,0,0,1753378688
715,1753378702.50069,8.68713353881269,-38.2295903094933,0,0,0,-0.973862533437364,0.227138208954282,3.5,0,0,0,0,0,1753378688,1753378702.49264,6.582,-45.685,0,0,0,-0.853375684333934,-0.521296404541207,0,0,0,0,0,0,1753378688
716,1753378702.50886,8.66118110932734,-38.2429006756885,0,0,0,-0.973862533437364,0.227138208954282,3.5,0,0,0,0,0,1753378688,1753378702.50074,6.582,-45.685,0,0,0,-0.853375684333934,-0.521296404541207,0,0,0,0,0,0,1753378688
717,1753378702.51726,8.63522867984199,-38.2562110418838,0,0,0,-0.973862533437364,0.227138208954282,3.5,0,0,0,0,0,1753378688,1753378702.5089,6.582,-45.685,0,0,0,-0.853375684333934,-0.521296404541207,0,0,0,0,0,0,1753378688
718,1753378702.52529,8.60927625035663,-38.2695214080791,0,0,0,-0.973862533437364,0.227138208954282,3.5,0,0,0,0,0,1753378688,1753378702.51731,6.582,-45.685,0,0,0,-0.853375684333934,-0.521296404541207,0,0,0,0,0,0,1753378688
719,1753378702.53359,8.58332382087128,-38.2828317742744,0,0,0,-0.973862533437364,0.227138208954282,3.5,0,0,0,0,0,1753378688,1753378702.52532,6.582,-45.685,0,0,0,-0.853375684333934,-0.521296404541207,0,0,0,0,0,0,1753378688
720,1753378702.54267,8.55737139138593,-38.2961421404696,0,0,0,-0.973862533437364,0.227138208954282,3.5,0,0,0,0,0,1753378688,1753378702.53362,6.582,-45.685,0,0,0,-0.853375684333934,-0.521296404541207,0,0,0,0,0,0,1753378688
721,1753378702.55039,8.53141896190058,-38.3094525066649,0,0,0,-0.973862533437364,0.227138208954282,3.5,0,0,0,0,0,1753378688,1753378702.54269,6.582,-45.685,0,0,0,-0.853375684333934,-0.521296404541207,0,0,0,0,0,0,1753378688
722,1753378702.55892,8.50546653241523,-38.3227628728602,0,0,0,-0.973862533437364,0.227138208954282,3.5,0,0,0,0,0,1753378688,1753378702.55041,6.582,-45.685,0,0,0,-0.853375684333934,-0.521296404541207,0,0,0,0,0,0,1753378688
723,1753378702.56707,8.47951410292988,-38.3360732390555,0,0,0,-0.973862533437364,0.227138208954282,3.5,0,0,0,0,0,1753378688,1753378702.55896,6.582,-45.685,0,0,0,-0.853375684333934,-0.521296404541207,0,0,0,0,0,0,1753378688
724,1753378702.57529,8.45356167344453,-38.3493836052507,0,0,0,-0.973862533437364,0.227138208954282,3.5,0,0,0,0,0,1753378688,1753378702.56709,6.582,-45.685,0,0,0,-0.853375684333934,-0.521296404541207,0,0,0,0,0,0,1753378688
725,1753378702.58372,8.42760924395918,-38.362693971446,0,0,0,-0.973862533437364,0.227138208954282,3.5,0,0,0,0,0,1753378688,1753378702.57532,6.582,-45.685,0,0,0,-0.853375684333934,-0.521296404541207,0,0,0,0,0,0,1753378688
726,1753378702.59215,8.40165681447383,-38.3760043376413,0,0,0,-0.973862533437364,0.227138208954282,3.5,0,0,0,0,0,1753378688,1753378702.58375,6.582,-45.685,0,0,0,-0.853375684333934,-0.521296404541207,0,0,0,0,0,0,1753378688
727,1753378702.6004,8.37570438498848,-38.3893147038366,0,0,0,-0.973862533437364,0.227138208954282,3.5,0,0,0,0,0,1753378688,1753378702.59218,6.582,-45.685,0,0,0,-0.853375684333934,-0.521296404541207,0,0,0,0,0,0,1753378688
728,1753378702.60864,8.34975195550313,-38.4026250700319,0,0,0,-0.973862533437364,0.227138208954282,3.5,0,0,0,0,0,1753378688,1753378702.60043,6.582,-45.685,0,0,0,-0.853375684333934,-0.521296404541207,0,0,0,0,0,0,1753378688
729,1753378702.61722,8.32379952601778,-38.4159354362271,0,0,0,-0.973862533437364,0.227138208954282,3.5,0,0,0,0,0,1753378688,1753378702.60867,6.582,-45.685,0,0,0,-0.853375684333934,-0.521296404541207,0,0,0,0,0,0,1753378688
730,1753378702.62553,8.29784709653243,-38.4292458024224,0,0,0,-0.973862533437364,0.227138208954282,3.5,0,0,0,0,0,1753378688,1753378702.61726,6.582,-45.685,0,0,0,-0.853375684333934,-0.521296404541207,0,0,0,0,0,0,1753378688
731,1753378702.63363,8.27189466704708,-38.4425561686177,0,0,0,-0.973862533437364,0.227138208954282,3.5,0,0,0,0,0,1753378688,1753378702.62557,6.582,-45.685,0,0,0,-0.853375684333934,-0.521296404541207,0,0,0,0,0,0,1753378688
732,1753378702.64187,8.24594223756173,-38.455866534813,0,0,0,-0.973862533437364,0.227138208954282,3.5,0,0,0,0,0,1753378688,1753378702.63366,6.582,-45.685,0,0,0,-0.853375684333934,-0.521296404541207,0,0,0,0,0,0,1753378688
733,1753378702.65041,8.21998980807638,-38.4691769010082,0,0,0,-0.973862533437364,0.227138208954282,3.5,0,0,0,0,0,1753378688,1753378702.6419,6.582,-45.685,0,0,0,-0.853375684333934,-0.521296404541207,0,0,0,0,0,0,1753378688
734,1753378702.65868,8.19403737859103,-38.4824872672035,0,0,0,-0.973862533437364,0.227138208954282,3.5,0,0,0,0,0,1753378688,1753378702.65043,6.582,-45.685,0,0,0,-0.853375684333934,-0.521296404541207,0,0,0,0,0,0,1753378688
735,1753378702.6672,8.16808494910567,-38.4957976333988,0,0,0,-0.973862533437364,0.227138208954282,3.5,0,0,0,0,0,1753378688,1753378702.6587,6.582,-45.685,0,0,0,-0.853375684333934,-0.521296404541207,0,0,0,0,0,0,1753378688
736,1753378702.67532,8.14213251962032,-38.5091079995941,0,0,0,-0.973862533437364,0.227138208954282,3.5,0,0,0,0,0,1753378688,1753378702.66724,6.582,-45.685,0,0,0,-0.853375684333934,-0.521296404541207,0,0,0,0,0,0,1753378688
737,1753378702.68378,8.11618009013497,-38.5224183657894,0,0,0,-0.973862533437364,0.227138208954282,3.5,0,0,0,0,0,1753378688,1753378702.67535,6.582,-45.685,0,0,0,-0.853375684333934,-0.521296404541207,0,0,0,0,0,0,1753378688
738,1753378702.69197,8.09022766064962,-38.5357287319846,0,0,0,-0.973862533437364,0.227138208954282,3.5,0,0,0,0,0,1753378688,1753378702.6838,6.582,-45.685,0,0,0,-0.853375684333934,-0.521296404541207,0,0,0,0,0,0,1753378688
739,1753378702.70039,8.06427523116427,-38.5490390981799,0,0,0,-0.973862533437364,0.227138208954282,3.5,0,0,0,0,0,1753378688,1753378702.692,6.582,-45.685,0,0,0,-0.853375684333934,-0.521296404541207,0,0,0,0,0,0,1753378688
740,1753378702.70866,8.03832280167892,-38.5623494643752,0,0,0,-0.973862533437364,0.227138208954282,3.5,0,0,0,0,0,1753378688,1753378702.70042,6.582,-45.685,0,0,0,-0.853375684333934,-0.521296404541207,0,0,0,0,0,0,1753378688
741,1753378702.71722,8.01237037219357,-38.5756598305705,0,0,0,-0.973862533437364,0.227138208954282,3.5,0,0,0,0,0,1753378688,1753378702.70868,6.582,-45.685,0,0,0,-0.853375684333934,-0.521296404541207,0,0,0,0,0,0,1753378688
742,1753378702.72571,7.98641794270822,-38.5889701967657,0,0,0,-0.973862533437364,0.227138208954282,3.5,0,0,0,0,0,1753378688,1753378702.71725,6.582,-45.685,0,0,0,-0.853375684333934,-0.521296404541207,0,0,0,0,0,0,1753378688
743,1753378702.7337,7.96046551322287,-38.602280562961,0,0,0,-0.973862533437364,0.227138208954282,3.5,0,0,0,0,0,1753378688,1753378702.72575,6.582,-45.685,0,0,0,-0.853375684333934,-0.521296404541207,0,0,0,0,0,0,1753378688
744,1753378702.74233,7.93451308373752,-38.6155909291563,0,0,0,-0.973862533437364,0.227138208954282,3.5,0,0,0,0,0,1753378688,1753378702.73373,6.582,-45.685,0,0,0,-0.853375684333934,-0.521296404541207,0,0,0,0,0,0,1753378688
745,1753378702.75058,7.90856065425217,-38.6289012953516,0,0,0,-0.973862533437364,0.227138208954282,3.5,0,0,0,0,0,1753378688,1753378702.74237,6.582,-45.685,0,0,0,-0.853375684333934,-0.521296404541207,0,0,0,0,0,0,1753378688
746,1753378702.75891,7.88260822476682,-38.6422116615469,0,0,0,-0.973862533437364,0.227138208954282,3.5,0,0,0,0,0,1753378688,1753378702.7506,6.582,-45.685,0,0,0,-0.853375684333934,-0.521296404541207,0,0,0,0,0,0,1753378688
747,1753378702.76718,7.85665579528147,-38.6555220277421,0,0,0,-0.973862533437364,0.227138208954282,3.5,0,0,0,0,0,1753378688,1753378702.75895,6.582,-45.685,0,0,0,-0.853375684333934,-0.521296404541207,0,0,0,0,0,0,1753378688
748,1753378702.77548,7.83070336579612,-38.6688323939374,0,0,0,-0.973862533437364,0.227138208954282,3.5,0,0,0,0,0,1753378688,1753378702.76722,6.582,-45.685,0,0,0,-0.853375684333934,-0.521296404541207,0,0,0,0,0,0,1753378688
749,1753378702.78394,7.80475093631077,-38.6821427601327,0,0,0,-0.973862533437364,0.227138208954282,3.5,0,0,0,0,0,1753378688,1753378702.77552,6.582,-45.685,0,0,0,-0.853375684333934,-0.521296404541207,0,0,0,0,0,0,1753378688
750,1753378702.792,7.77879850682542,-38.695453126328,0,0,0,-0.973862533437364,0.227138208954282,3.5,0,0,0,0,0,1753378688,1753378702.78396,6.582,-45.685,0,0,0,-0.853375684333934,-0.521296404541207,0,0,0,0,0,0,1753378688
751,1753378702.80056,7.75284607734007,-38.7087634925232,0,0,0,-0.973862533437364,0.227138208954282,3.5,0,0,0,0,0,1753378688,1753378702.79202,6.582,-45.685,0,0,0,-0.853375684333934,-0.521296404541207,0,0,0,0,0,0,1753378688
752,1753378702.80891,7.72689364785471,-38.7220738587185,0,0,0,-0.973862533437364,0.227138208954282,3.5,0,0,0,0,0,1753378688,1753378702.80059,6.582,-45.685,0,0,0,-0.853375684333934,-0.521296404541207,0,0,0,0,0,0,1753378688
753,1753378702.81716,7.70094121836936,-38.7353842249138,0,0,0,-0.973862533437364,0.227138208954282,3.5,0,0,0,0,0,1753378688,1753378702.80893,6.582,-45.685,0,0,0,-0.853375684333934,-0.521296404541207,0,0,0,0,0,0,1753378688
754,1753378702.82534,7.67498878888401,-38.7486945911091,0,0,0,-0.973862533437364,0.227138208954282,3.5,0,0,0,0,0,1753378688,1753378702.81719,6.582,-45.685,0,0,0,-0.853375684333934,-0.521296404541207,0,0,0,0,0,0,1753378688
755,1753378702.8338,7.64903635939866,-38.7620049573043,0,0,0,-0.973862533437364,0.227138208954282,3.5,0,0,0,0,0,1753378688,1753378702.82537,6.582,-45.685,0,0,0,-0.853375684333934,-0.521296404541207,0,0,0,0,0,0,1753378688
756,1753378702.84216,7.62308392991331,-38.7753153234996,0,0,0,-0.973862533437364,0.227138208954282,3.5,0,0,0,0,0,1753378688,1753378702.83383,6.582,-45.685,0,0,0,-0.853375684333934,-0.521296404541207,0,0,0,0,0,0,1753378688
757,1753378702.85034,7.59713150042796,-38.7886256896949,0,0,0,-0.973862533437364,0.227138208954282,3.5,0,0,0,0,0,1753378688,1753378702.84219,6.582,-45.685,0,0,0,-0.853375684333934,-0.521296404541207,0,0,0,0,0,0,1753378688
758,1753378702.85867,7.57117907094261,-38.8019360558902,0,0,0,-0.973862533437364,0.227138208954282,3.5,0,0,0,0,0,1753378688,1753378702.85036,6.582,-45.685,0,0,0,-0.853375684333934,-0.521296404541207,0,0,0,0,0,0,1753378688
759,1753378702.86694,7.54522664145726,-38.8152464220855,0,0,0,-0.973862533437364,0.227138208954282,3.5,0,0,0,0,0,1753378688,1753378702.8587,6.582,-45.685,0,0,0,-0.853375684333934,-0.521296404541207,0,0,0,0,0,0,1753378688
760,1753378702.8753,7.51927421197191,-38.8285567882807,0,0,0,-0.973862533437364,0.227138208954282,3.5,0,0,0,0,0,1753378688,1753378702.86697,6.582,-45.685,0,0,0,-0.853375684333934,-0.521296404541207,0,0,0,0,0,0,1753378688
761,1753378702.88359,7.49332178248656,-38.841867154476,0,0,0,-0.973862533437364,0.227138208954282,0,0,0,0,0,0,1753378688,1753378702.87533,6.582,-45.685,0,0,0,-0.853375684333934,-0.521296404541207,0,0,0,0,0,0,1753378688
762,1753378702.89238,7.46736935300121,-38.8551775206713,0,0,0,-0.973862533437364,0.227138208954282,0,0,0,0,0,0,1753378688,1753378702.88362,6.582,-45.685,0,0,0,-0.853375684333934,-0.521296404541207,0,0,0,0,0,0,1753378688
763,1753378702.9004,7.44141692351586,-38.8684878868666,0,0,0,-0.973862533437364,0.227138208954282,0,0,0,0,0,0,1753378688,1753378702.89241,6.582,-45.685,0,0,0,-0.853375684333934,-0.521296404541207,0,0,0,0,0,0,1753378688
764,1753378702.90874,7.41546449403051,-38.8817982530618,0,0,0,-0.973862533437364,0.227138208954282,0,0,0,0,0,0,1753378688,1753378702.90043,6.582,-45.685,0,0,0,-0.853375684333934,-0.521296404541207,0,0,0,0,0,0,1753378688
765,1753378702.91727,7.38951206454516,-38.8951086192571,0,0,0,-0.973862533437364,0.227138208954282,0,0,0,0,0,0,1753378688,1753378702.90876,6.582,-45.685,0,0,0,-0.853375684333934,-0.521296404541207,0,0,0,0,0,0,1753378688
766,1753378702.92551,7.36355963505981,-38.9084189854524,0,0,0,-0.973862533437364,0.227138208954282,0,0,0,0,0,0,1753378688,1753378702.91732,6.582,-45.685,0,0,0,-0.853375684333934,-0.521296404541207,0,0,0,0,0,0,1753378688
767,1753378702.93387,7.33760720557446,-38.9217293516477,0,0,0,-0.973862533437364,0.227138208954282,0,0,0,0,0,0,1753378688,1753378702.92556,6.582,-45.685,0,0,0,-0.853375684333934,-0.521296404541207,0,0,0,0,0,0,1753378688
768,1753378702.94208,7.31165477608911,-38.935039717843,0,0,0,-0.973862533437364,0.227138208954282,0,0,0,0,0,0,1753378688,1753378702.9339,6.582,-45.685,0,0,0,-0.853375684333934,-0.521296404541207,0,0,0,0,0,0,1753378688
769,1753378702.9503,7.28570234660375,-38.9483500840382,0,0,0,-0.973862533437364,0.227138208954282,0,0,0,0,0,0,1753378688,1753378702.9421,6.582,-45.685,0,0,0,-0.853375684333934,-0.521296404541207,0,0,0,0,0,0,1753378688
770,1753378702.95881,7.2597499171184,-38.9616604502335,0,0,0,-0.973862533437364,0.227138208954282,0,0,0,0,0,0,1753378688,1753378702.95033,6.582,-45.685,0,0,0,-0.853375684333934,-0.521296404541207,0,0,0,0,0,0,1753378688
771,1753378702.96708,7.23379748763305,-38.9749708164288,0,0,0,-0.973862533437364,0.227138208954282,0,0,0,0,0,0,1753378688,1753378702.95884,6.582,-45.685,0,0,0,-0.853375684333934,-0.521296404541207,0,0,0,0,0,0,1753378688
