,ado6 timestamp,ado6_uvs_x,ado6_uvs_y,ado6_uvs_z,ado6_uvs_orientation_x,ado6_uvs_orientation_y,ado6_uvs_orientation_z,ado6_uvs_orientation_w,ado6_uvs_vx,ado6_uvs_vy,ado6_uvs_vz,ado6_uvs_wx,ado6_uvs_wy,ado6_uvs_wz,ado6_uvs time_s,ado7 timestamp,ado7_uvs_x,ado7_uvs_y,ado7_uvs_z,ado7_uvs_orientation_x,ado7_uvs_orientation_y,ado7_uvs_orientation_z,ado7_uvs_orientation_w,ado7_uvs_vx,ado7_uvs_vy,ado7_uvs_vz,ado7_uvs_wx,ado7_uvs_wy,ado7_uvs_wz,ado7_uvs time_s
0,1753378571.5129,-1.089,-24.773,0,0,0,-0.519590226040073,0.854415587991948,3.5,0,0,0,0,0,1753378560,1753378571.51294,100,100,0,0,0,0,1,0,0,0,0,0,0,1753378560
1,1753378571.52171,-1.089,-24.773,0,0,0,-0.519590226040073,0.854415587991948,3.5,0,0,0,0,0,1753378560,1753378571.51294,100,100,0,0,0,0,1,0,0,0,0,0,0,1753378560
2,1753378571.52944,-1.089,-24.773,0,0,0,-0.519590226040073,0.854415587991948,3.5,0,0,0,0,0,1753378560,1753378571.52173,100,100,0,0,0,0,1,0,0,0,0,0,0,1753378560
3,1753378571.53772,-1.089,-24.773,0,0,0,-0.519590226040073,0.854415587991948,3.5,0,0,0,0,0,1753378560,1753378571.52947,100,100,0,0,0,0,1,0,0,0,0,0,0,1753378560
4,1753378571.54599,-1.089,-24.773,0,0,0,-0.519590226040073,0.854415587991948,3.5,0,0,0,0,0,1753378560,1753378571.53774,100,100,0,0,0,0,1,0,0,0,0,0,0,1753378560
5,1753378571.55456,-1.089,-24.773,0,0,0,-0.519590226040073,0.854415587991948,3.5,0,0,0,0,0,1753378560,1753378571.54602,100,100,0,0,0,0,1,0,0,0,0,0,0,1753378560
6,1753378571.56278,-1.089,-24.773,0,0,0,-0.519590226040073,0.854415587991948,3.5,0,0,0,0,0,1753378560,1753378571.55461,100,100,0,0,0,0,1,0,0,0,0,0,0,1753378560
7,1753378571.57124,-1.089,-24.773,0,0,0,-0.519590226040073,0.854415587991948,3.5,0,0,0,0,0,1753378560,1753378571.56282,100,100,0,0,0,0,1,0,0,0,0,0,0,1753378560
8,1753378571.5794,-1.089,-24.773,0,0,0,-0.519590226040073,0.854415587991948,3.5,0,0,0,0,0,1753378560,1753378571.57127,100,100,0,0,0,0,1,0,0,0,0,0,0,1753378560
9,1753378571.58809,-1.089,-24.773,0,0,0,-0.519590226040073,0.854415587991948,3.5,0,0,0,0,0,1753378560,1753378571.57942,100,100,0,0,0,0,1,0,0,0,0,0,0,1753378560
10,1753378571.59598,-1.089,-24.773,0,0,0,-0.519590226040073,0.854415587991948,3.5,0,0,0,0,0,1753378560,1753378571.58814,100,100,0,0,0,0,1,0,0,0,0,0,0,1753378560
11,1753378571.60438,-1.089,-24.773,0,0,0,-0.519590226040073,0.854415587991948,3.5,0,0,0,0,0,1753378560,1753378571.596,100,100,0,0,0,0,1,0,0,0,0,0,0,1753378560
12,1753378571.61261,-1.089,-24.773,0,0,0,-0.519590226040073,0.854415587991948,3.5,0,0,0,0,0,1753378560,1753378571.60441,100,100,0,0,0,0,1,0,0,0,0,0,0,1753378560
13,1753378571.62105,-1.089,-24.773,0,0,0,-0.519590226040073,0.854415587991948,3.5,0,0,0,0,0,1753378560,1753378571.61263,100,100,0,0,0,0,1,0,0,0,0,0,0,1753378560
14,1753378571.62948,-1.089,-24.773,0,0,0,-0.519590226040073,0.854415587991948,3.5,0,0,0,0,0,1753378560,1753378571.62108,100,100,0,0,0,0,1,0,0,0,0,0,0,1753378560
15,1753378571.63775,-1.089,-24.773,0,0,0,-0.519590226040073,0.854415587991948,3.5,0,0,0,0,0,1753378560,1753378571.62951,100,100,0,0,0,0,1,0,0,0,0,0,0,1753378560
16,1753378571.646,-1.089,-24.773,0,0,0,-0.519590226040073,0.854415587991948,3.5,0,0,0,0,0,1753378560,1753378571.63778,100,100,0,0,0,0,1,0,0,0,0,0,0,1753378560
17,1753378571.65441,-1.089,-24.773,0,0,0,-0.519590226040073,0.854415587991948,3.5,0,0,0,0,0,1753378560,1753378571.64603,100,100,0,0,0,0,1,0,0,0,0,0,0,1753378560
18,1753378571.6626,-1.089,-24.773,0,0,0,-0.519590226040073,0.854415587991948,3.5,0,0,0,0,0,1753378560,1753378571.65444,100,100,0,0,0,0,1,0,0,0,0,0,0,1753378560
19,1753378571.67105,-1.089,-24.773,0,0,0,-0.519590226040073,0.854415587991948,3.5,0,0,0,0,0,1753378560,1753378571.66262,100,100,0,0,0,0,1,0,0,0,0,0,0,1753378560
20,1753378571.67933,-1.089,-24.773,0,0,0,-0.519590226040073,0.854415587991948,3.5,0,0,0,0,0,1753378560,1753378571.67108,100,100,0,0,0,0,1,0,0,0,0,0,0,1753378560
21,1753378571.68803,-1.089,-24.773,0,0,0,-0.519590226040073,0.854415587991948,3.5,0,0,0,0,0,1753378560,1753378571.67935,100,100,0,0,0,0,1,0,0,0,0,0,0,1753378560
22,1753378571.69631,-1.089,-24.773,0,0,0,-0.519590226040073,0.854415587991948,3.5,0,0,0,0,0,1753378560,1753378571.68807,100,100,0,0,0,0,1,0,0,0,0,0,0,1753378560
23,1753378571.70455,-1.089,-24.773,0,0,0,-0.519590226040073,0.854415587991948,3.5,0,0,0,0,0,1753378560,1753378571.69635,100,100,0,0,0,0,1,0,0,0,0,0,0,1753378560
24,1753378571.71288,-1.089,-24.773,0,0,0,-0.519590226040073,0.854415587991948,3.5,0,0,0,0,0,1753378560,1753378571.70459,100,100,0,0,0,0,1,0,0,0,0,0,0,1753378560
25,1753378571.72135,-1.089,-24.773,0,0,0,-0.519590226040073,0.854415587991948,3.5,0,0,0,0,0,1753378560,1753378571.71292,100,100,0,0,0,0,1,0,0,0,0,0,0,1753378560
26,1753378571.72936,-1.089,-24.773,0,0,0,-0.519590226040073,0.854415587991948,3.5,0,0,0,0,0,1753378560,1753378571.7214,100,100,0,0,0,0,1,0,0,0,0,0,0,1753378560
27,1753378571.73809,-1.089,-24.773,0,0,0,-0.519590226040073,0.854415587991948,3.5,0,0,0,0,0,1753378560,1753378571.72939,100,100,0,0,0,0,1,0,0,0,0,0,0,1753378560
28,1753378571.74617,-1.089,-24.773,0,0,0,-0.519590226040073,0.854415587991948,3.5,0,0,0,0,0,1753378560,1753378571.73813,100,100,0,0,0,0,1,0,0,0,0,0,0,1753378560
29,1753378571.75451,-1.089,-24.773,0,0,0,-0.519590226040073,0.854415587991948,3.5,0,0,0,0,0,1753378560,1753378571.74621,100,100,0,0,0,0,1,0,0,0,0,0,0,1753378560
30,1753378571.76262,-1.089,-24.773,0,0,0,-0.519590226040073,0.854415587991948,3.5,0,0,0,0,0,1753378560,1753378571.75454,100,100,0,0,0,0,1,0,0,0,0,0,0,1753378560
31,1753378571.77106,-1.089,-24.773,0,0,0,-0.519590226040073,0.854415587991948,3.5,0,0,0,0,0,1753378560,1753378571.76265,100,100,0,0,0,0,1,0,0,0,0,0,0,1753378560
32,1753378571.77949,-1.089,-24.773,0,0,0,-0.519590226040073,0.854415587991948,3.5,0,0,0,0,0,1753378560,1753378571.77108,100,100,0,0,0,0,1,0,0,0,0,0,0,1753378560
33,1753378571.78797,-1.089,-24.773,0,0,0,-0.519590226040073,0.854415587991948,3.5,0,0,0,0,0,1753378560,1753378571.77951,100,100,0,0,0,0,1,0,0,0,0,0,0,1753378560
34,1753378571.79617,-1.089,-24.773,0,0,0,-0.519590226040073,0.854415587991948,3.5,0,0,0,0,0,1753378560,1753378571.788,100,100,0,0,0,0,1,0,0,0,0,0,0,1753378560
35,1753378571.80457,-1.089,-24.773,0,0,0,-0.519590226040073,0.854415587991948,3.5,0,0,0,0,0,1753378560,1753378571.7962,100,100,0,0,0,0,1,0,0,0,0,0,0,1753378560
36,1753378571.81286,-1.089,-24.773,0,0,0,-0.519590226040073,0.854415587991948,3.5,0,0,0,0,0,1753378560,1753378571.80459,100,100,0,0,0,0,1,0,0,0,0,0,0,1753378560
37,1753378571.82135,-1.089,-24.773,0,0,0,-0.519590226040073,0.854415587991948,3.5,0,0,0,0,0,1753378560,1753378571.8129,100,100,0,0,0,0,1,0,0,0,0,0,0,1753378560
38,1753378571.82971,-1.089,-24.773,0,0,0,-0.519590226040073,0.854415587991948,3.5,0,0,0,0,0,1753378560,1753378571.8214,100,100,0,0,0,0,1,0,0,0,0,0,0,1753378560
39,1753378571.8381,-1.089,-24.773,0,0,0,-0.519590226040073,0.854415587991948,3.5,0,0,0,0,0,1753378560,1753378571.82975,100,100,0,0,0,0,1,0,0,0,0,0,0,1753378560
40,1753378571.84624,-1.089,-24.773,0,0,0,-0.519590226040073,0.854415587991948,3.5,0,0,0,0,0,1753378560,1753378571.83814,100,100,0,0,0,0,1,0,0,0,0,0,0,1753378560
41,1753378571.85455,-1.089,-24.773,0,0,0,-0.519590226040073,0.854415587991948,3.5,0,0,0,0,0,1753378560,1753378571.84629,100,100,0,0,0,0,1,0,0,0,0,0,0,1753378560
42,1753378571.86311,-1.089,-24.773,0,0,0,-0.519590226040073,0.854415587991948,3.5,0,0,0,0,0,1753378560,1753378571.85459,100,100,0,0,0,0,1,0,0,0,0,0,0,1753378560
43,1753378571.87111,-1.089,-24.773,0,0,0,-0.519590226040073,0.854415587991948,3.5,0,0,0,0,0,1753378560,1753378571.86316,100,100,0,0,0,0,1,0,0,0,0,0,0,1753378560
44,1753378571.87993,-1.089,-24.773,0,0,0,-0.519590226040073,0.854415587991948,3.5,0,0,0,0,0,1753378560,1753378571.87114,100,100,0,0,0,0,1,0,0,0,0,0,0,1753378560
45,1753378571.88781,-1.089,-24.773,0,0,0,-0.519590226040073,0.854415587991948,3.5,0,0,0,0,0,1753378560,1753378571.87999,100,100,0,0,0,0,1,0,0,0,0,0,0,1753378560
46,1753378571.89626,-1.089,-24.773,0,0,0,-0.519590226040073,0.854415587991948,3.5,0,0,0,0,0,1753378560,1753378571.88784,100,100,0,0,0,0,1,0,0,0,0,0,0,1753378560
47,1753378571.90456,-1.089,-24.773,0,0,0,-0.519590226040073,0.854415587991948,3.5,0,0,0,0,0,1753378560,1753378571.89631,100,100,0,0,0,0,1,0,0,0,0,0,0,1753378560
48,1753378571.91257,-1.089,-24.773,0,0,0,-0.519590226040073,0.854415587991948,3.5,0,0,0,0,0,1753378560,1753378571.90459,100,100,0,0,0,0,1,0,0,0,0,0,0,1753378560
49,1753378571.92111,-1.089,-24.773,0,0,0,-0.519590226040073,0.854415587991948,3.5,0,0,0,0,0,1753378560,1753378571.9126,100,100,0,0,0,0,1,0,0,0,0,0,0,1753378560
50,1753378571.92948,-1.089,-24.773,0,0,0,-0.519590226040073,0.854415587991948,3.5,0,0,0,0,0,1753378560,1753378571.92113,100,100,0,0,0,0,1,0,0,0,0,0,0,1753378560
51,1753378571.93789,-1.089,-24.773,0,0,0,-0.519590226040073,0.854415587991948,3.5,0,0,0,0,0,1753378560,1753378571.92953,100,100,0,0,0,0,1,0,0,0,0,0,0,1753378560
52,1753378571.94612,-1.089,-24.773,0,0,0,-0.519590226040073,0.854415587991948,3.5,0,0,0,0,0,1753378560,1753378571.93792,100,100,0,0,0,0,1,0,0,0,0,0,0,1753378560
53,1753378571.95464,-1.089,-24.773,0,0,0,-0.519590226040073,0.854415587991948,3.5,0,0,0,0,0,1753378560,1753378571.94615,100,100,0,0,0,0,1,0,0,0,0,0,0,1753378560
54,1753378571.96266,-1.089,-24.773,0,0,0,-0.519590226040073,0.854415587991948,3.5,0,0,0,0,0,1753378560,1753378571.9547,100,100,0,0,0,0,1,0,0,0,0,0,0,1753378560
55,1753378571.97109,-1.089,-24.773,0,0,0,-0.519590226040073,0.854415587991948,3.5,0,0,0,0,0,1753378560,1753378571.96269,100,100,0,0,0,0,1,0,0,0,0,0,0,1753378560
56,1753378571.97939,-1.089,-24.773,0,0,0,-0.519590226040073,0.854415587991948,3.5,0,0,0,0,0,1753378560,1753378571.97112,100,100,0,0,0,0,1,0,0,0,0,0,0,1753378560
57,1753378571.98811,-1.089,-24.773,0,0,0,-0.519590226040073,0.854415587991948,3.5,0,0,0,0,0,1753378560,1753378571.97942,100,100,0,0,0,0,1,0,0,0,0,0,0,1753378560
58,1753378571.99604,-1.089,-24.773,0,0,0,-0.519590226040073,0.854415587991948,3.5,0,0,0,0,0,1753378560,1753378571.98814,100,100,0,0,0,0,1,0,0,0,0,0,0,1753378560
59,1753378572.0045,-1.089,-24.773,0,0,0,-0.519590226040073,0.854415587991948,3.5,0,0,0,0,0,1753378560,1753378571.99606,100,100,0,0,0,0,1,0,0,0,0,0,0,1753378560
60,1753378572.01261,-1.089,-24.773,0,0,0,-0.519590226040073,0.854415587991948,3.5,0,0,0,0,0,1753378560,1753378572.00453,100,100,0,0,0,0,1,0,0,0,0,0,0,1753378560
61,1753378572.02128,-1.089,-24.773,0,0,0,-0.519590226040073,0.854415587991948,3.5,0,0,0,0,0,1753378560,1753378572.01264,100,100,0,0,0,0,1,0,0,0,0,0,0,1753378560
62,1753378572.02966,-1.089,-24.773,0,0,0,-0.519590226040073,0.854415587991948,3.5,0,0,0,0,0,1753378560,1753378572.02132,100,100,0,0,0,0,1,0,0,0,0,0,0,1753378560
63,1753378572.03783,-1.089,-24.773,0,0,0,-0.519590226040073,0.854415587991948,3.5,0,0,0,0,0,1753378560,1753378572.0297,100,100,0,0,0,0,1,0,0,0,0,0,0,1753378560
64,1753378572.04601,-1.089,-24.773,0,0,0,-0.519590226040073,0.854415587991948,3.5,0,0,0,0,0,1753378560,1753378572.03785,100,100,0,0,0,0,1,0,0,0,0,0,0,1753378560
65,1753378572.05467,-1.089,-24.773,0,0,0,-0.519590226040073,0.854415587991948,3.5,0,0,0,0,0,1753378560,1753378572.04603,100,100,0,0,0,0,1,0,0,0,0,0,0,1753378560
66,1753378572.06284,-1.089,-24.773,0,0,0,-0.519590226040073,0.854415587991948,3.5,0,0,0,0,0,1753378560,1753378572.05472,100,100,0,0,0,0,1,0,0,0,0,0,0,1753378560
67,1753378572.0715,-1.089,-24.773,0,0,0,-0.519590226040073,0.854415587991948,3.5,0,0,0,0,0,1753378560,1753378572.06288,100,100,0,0,0,0,1,0,0,0,0,0,0,1753378560
68,1753378572.07968,-1.089,-24.773,0,0,0,-0.519590226040073,0.854415587991948,3.5,0,0,0,0,0,1753378560,1753378572.07155,100,100,0,0,0,0,1,0,0,0,0,0,0,1753378560
69,1753378572.0881,-1.089,-24.773,0,0,0,-0.519590226040073,0.854415587991948,3.5,0,0,0,0,0,1753378560,1753378572.07973,100,100,0,0,0,0,1,0,0,0,0,0,0,1753378560
70,1753378572.09597,-1.089,-24.773,0,0,0,-0.519590226040073,0.854415587991948,3.5,0,0,0,0,0,1753378560,1753378572.08815,100,100,0,0,0,0,1,0,0,0,0,0,0,1753378560
71,1753378572.10437,-1.089,-24.773,0,0,0,-0.519590226040073,0.854415587991948,3.5,0,0,0,0,0,1753378560,1753378572.09599,100,100,0,0,0,0,1,0,0,0,0,0,0,1753378560
72,1753378572.1133,-1.089,-24.773,0,0,0,-0.519590226040073,0.854415587991948,3.5,0,0,0,0,0,1753378560,1753378572.1044,100,100,0,0,0,0,1,0,0,0,0,0,0,1753378560
73,1753378572.12115,-1.089,-24.773,0,0,0,-0.519590226040073,0.854415587991948,3.5,0,0,0,0,0,1753378560,1753378572.11339,100,100,0,0,0,0,1,0,0,0,0,0,0,1753378560
74,1753378572.12953,-1.089,-24.773,0,0,0,-0.519590226040073,0.854415587991948,3.5,0,0,0,0,0,1753378560,1753378572.12117,100,100,0,0,0,0,1,0,0,0,0,0,0,1753378560
75,1753378572.13808,-1.089,-24.773,0,0,0,-0.519590226040073,0.854415587991948,3.5,0,0,0,0,0,1753378560,1753378572.12956,100,100,0,0,0,0,1,0,0,0,0,0,0,1753378560
76,1753378572.1462,-1.089,-24.773,0,0,0,-0.519590226040073,0.854415587991948,3.5,0,0,0,0,0,1753378560,1753378572.13811,100,100,0,0,0,0,1,0,0,0,0,0,0,1753378560
77,1753378572.15444,-1.089,-24.773,0,0,0,-0.519590226040073,0.854415587991948,3.5,0,0,0,0,0,1753378560,1753378572.14625,100,100,0,0,0,0,1,0,0,0,0,0,0,1753378560
78,1753378572.16259,-1.089,-24.773,0,0,0,-0.519590226040073,0.854415587991948,3.5,0,0,0,0,0,1753378560,1753378572.15446,100,100,0,0,0,0,1,0,0,0,0,0,0,1753378560
79,1753378572.17116,-1.089,-24.773,0,0,0,-0.519590226040073,0.854415587991948,3.5,0,0,0,0,0,1753378560,1753378572.16262,100,100,0,0,0,0,1,0,0,0,0,0,0,1753378560
80,1753378572.17943,-1.089,-24.773,0,0,0,-0.519590226040073,0.854415587991948,3.5,0,0,0,0,0,1753378560,1753378572.1712,100,100,0,0,0,0,1,0,0,0,0,0,0,1753378560
81,1753378572.18819,-1.089,-24.773,0,0,0,-0.519590226040073,0.854415587991948,3.5,0,0,0,0,0,1753378560,1753378572.17946,100,100,0,0,0,0,1,0,0,0,0,0,0,1753378560
82,1753378572.196,-1.089,-24.773,0,0,0,-0.519590226040073,0.854415587991948,3.5,0,0,0,0,0,1753378560,1753378572.18822,100,100,0,0,0,0,1,0,0,0,0,0,0,1753378560
83,1753378572.2049,-1.089,-24.773,0,0,0,-0.519590226040073,0.854415587991948,3.5,0,0,0,0,0,1753378560,1753378572.19603,100,100,0,0,0,0,1,0,0,0,0,0,0,1753378560
84,1753378572.21259,-1.089,-24.773,0,0,0,-0.519590226040073,0.854415587991948,3.5,0,0,0,0,0,1753378560,1753378572.20496,100,100,0,0,0,0,1,0,0,0,0,0,0,1753378560
85,1753378572.22108,-1.089,-24.773,0,0,0,-0.519590226040073,0.854415587991948,3.5,0,0,0,0,0,1753378560,1753378572.21262,100,100,0,0,0,0,1,0,0,0,0,0,0,1753378560
86,1753378572.2295,-1.089,-24.773,0,0,0,-0.519590226040073,0.854415587991948,3.5,0,0,0,0,0,1753378560,1753378572.22111,100,100,0,0,0,0,1,0,0,0,0,0,0,1753378560
87,1753378572.23784,-1.089,-24.773,0,0,0,-0.519590226040073,0.854415587991948,3.5,0,0,0,0,0,1753378560,1753378572.22954,100,100,0,0,0,0,1,0,0,0,0,0,0,1753378560
88,1753378572.24594,-1.089,-24.773,0,0,0,-0.519590226040073,0.854415587991948,3.5,0,0,0,0,0,1753378560,1753378572.23786,100,100,0,0,0,0,1,0,0,0,0,0,0,1753378560
89,1753378572.25448,-1.089,-24.773,0,0,0,-0.519590226040073,0.854415587991948,3.5,0,0,0,0,0,1753378560,1753378572.24596,100,100,0,0,0,0,1,0,0,0,0,0,0,1753378560
90,1753378572.26262,-1.089,-24.773,0,0,0,-0.519590226040073,0.854415587991948,3.5,0,0,0,0,0,1753378560,1753378572.2545,100,100,0,0,0,0,1,0,0,0,0,0,0,1753378560
91,1753378572.27107,-1.089,-24.773,0,0,0,-0.519590226040073,0.854415587991948,3.5,0,0,0,0,0,1753378560,1753378572.26264,100,100,0,0,0,0,1,0,0,0,0,0,0,1753378560
92,1753378572.27929,-1.089,-24.773,0,0,0,-0.519590226040073,0.854415587991948,3.5,0,0,0,0,0,1753378560,1753378572.27109,100,100,0,0,0,0,1,0,0,0,0,0,0,1753378560
93,1753378572.28775,-1.089,-24.773,0,0,0,-0.519590226040073,0.854415587991948,3.5,0,0,0,0,0,1753378560,1753378572.27932,100,100,0,0,0,0,1,0,0,0,0,0,0,1753378560
94,1753378572.29598,-1.089,-24.773,0,0,0,-0.519590226040073,0.854415587991948,3.5,0,0,0,0,0,1753378560,1753378572.28778,100,100,0,0,0,0,1,0,0,0,0,0,0,1753378560
95,1753378572.30455,-1.089,-24.773,0,0,0,-0.519590226040073,0.854415587991948,3.5,0,0,0,0,0,1753378560,1753378572.296,100,100,0,0,0,0,1,0,0,0,0,0,0,1753378560
96,1753378572.31285,-1.089,-24.773,0,0,0,-0.519590226040073,0.854415587991948,3.5,0,0,0,0,0,1753378560,1753378572.3046,100,100,0,0,0,0,1,0,0,0,0,0,0,1753378560
97,1753378572.32127,-1.089,-24.773,0,0,0,-0.519590226040073,0.854415587991948,3.5,0,0,0,0,0,1753378560,1753378572.3129,100,100,0,0,0,0,1,0,0,0,0,0,0,1753378560
98,1753378572.3294,-1.089,-24.773,0,0,0,-0.519590226040073,0.854415587991948,3.5,0,0,0,0,0,1753378560,1753378572.32131,100,100,0,0,0,0,1,0,0,0,0,0,0,1753378560
99,1753378572.33785,-1.089,-24.773,0,0,0,-0.519590226040073,0.854415587991948,3.5,0,0,0,0,0,1753378560,1753378572.32943,100,100,0,0,0,0,1,0,0,0,0,0,0,1753378560
100,1753378572.346,-1.089,-24.773,0,0,0,-0.519590226040073,0.854415587991948,3.5,0,0,0,0,0,1753378560,1753378572.33787,100,100,0,0,0,0,1,0,0,0,0,0,0,1753378560
101,1753378572.3544,-1.089,-24.773,0,0,0,-0.519590226040073,0.854415587991948,3.5,0,0,0,0,0,1753378560,1753378572.34602,100,100,0,0,0,0,1,0,0,0,0,0,0,1753378560
102,1753378572.36255,-1.089,-24.773,0,0,0,-0.519590226040073,0.854415587991948,3.5,0,0,0,0,0,1753378560,1753378572.35443,100,100,0,0,0,0,1,0,0,0,0,0,0,1753378560
103,1753378572.37105,-1.089,-24.773,0,0,0,-0.519590226040073,0.854415587991948,3.5,0,0,0,0,0,1753378560,1753378572.36257,100,100,0,0,0,0,1,0,0,0,0,0,0,1753378560
104,1753378572.37951,-1.089,-24.773,0,0,0,-0.519590226040073,0.854415587991948,3.5,0,0,0,0,0,1753378560,1753378572.37108,100,100,0,0,0,0,1,0,0,0,0,0,0,1753378560
105,1753378572.38776,-1.089,-24.773,0,0,0,-0.519590226040073,0.854415587991948,3.5,0,0,0,0,0,1753378560,1753378572.37954,100,100,0,0,0,0,1,0,0,0,0,0,0,1753378560
106,1753378572.39604,-1.089,-24.773,0,0,0,-0.519590226040073,0.854415587991948,3.5,0,0,0,0,0,1753378560,1753378572.38778,100,100,0,0,0,0,1,0,0,0,0,0,0,1753378560
107,1753378572.40433,-1.089,-24.773,0,0,0,-0.519590226040073,0.854415587991948,3.5,0,0,0,0,0,1753378560,1753378572.39607,100,100,0,0,0,0,1,0,0,0,0,0,0,1753378560
108,1753378572.41261,-1.089,-24.773,0,0,0,-0.519590226040073,0.854415587991948,3.5,0,0,0,0,0,1753378560,1753378572.40435,100,100,0,0,0,0,1,0,0,0,0,0,0,1753378560
109,1753378572.42109,-1.089,-24.773,0,0,0,-0.519590226040073,0.854415587991948,3.5,0,0,0,0,0,1753378560,1753378572.41264,100,100,0,0,0,0,1,0,0,0,0,0,0,1753378560
110,1753378572.42938,-1.089,-24.773,0,0,0,-0.519590226040073,0.854415587991948,3.5,0,0,0,0,0,1753378560,1753378572.42112,100,100,0,0,0,0,1,0,0,0,0,0,0,1753378560
111,1753378572.43778,-1.089,-24.773,0,0,0,-0.519590226040073,0.854415587991948,3.5,0,0,0,0,0,1753378560,1753378572.4294,100,100,0,0,0,0,1,0,0,0,0,0,0,1753378560
112,1753378572.446,-1.089,-24.773,0,0,0,-0.519590226040073,0.854415587991948,3.5,0,0,0,0,0,1753378560,1753378572.43781,100,100,0,0,0,0,1,0,0,0,0,0,0,1753378560
113,1753378572.45445,-1.089,-24.773,0,0,0,-0.519590226040073,0.854415587991948,3.5,0,0,0,0,0,1753378560,1753378572.44603,100,100,0,0,0,0,1,0,0,0,0,0,0,1753378560
114,1753378572.4626,-1.089,-24.773,0,0,0,-0.519590226040073,0.854415587991948,3.5,0,0,0,0,0,1753378560,1753378572.45448,100,100,0,0,0,0,1,0,0,0,0,0,0,1753378560
115,1753378572.47107,-1.089,-24.773,0,0,0,-0.519590226040073,0.854415587991948,3.5,0,0,0,0,0,1753378560,1753378572.46263,100,100,0,0,0,0,1,0,0,0,0,0,0,1753378560
116,1753378572.47944,-1.089,-24.773,0,0,0,-0.519590226040073,0.854415587991948,3.5,0,0,0,0,0,1753378560,1753378572.4711,100,100,0,0,0,0,1,0,0,0,0,0,0,1753378560
117,1753378572.48778,-1.089,-24.773,0,0,0,-0.519590226040073,0.854415587991948,3.5,0,0,0,0,0,1753378560,1753378572.47947,100,100,0,0,0,0,1,0,0,0,0,0,0,1753378560
118,1753378572.49599,-1.089,-24.773,0,0,0,-0.519590226040073,0.854415587991948,3.5,0,0,0,0,0,1753378560,1753378572.4878,100,100,0,0,0,0,1,0,0,0,0,0,0,1753378560
119,1753378572.5044,-1.089,-24.773,0,0,0,-0.519590226040073,0.854415587991948,3.5,0,0,0,0,0,1753378560,1753378572.49602,100,100,0,0,0,0,1,0,0,0,0,0,0,1753378560
120,1753378572.51258,-1.089,-24.773,0,0,0,-0.519590226040073,0.854415587991948,3.5,0,0,0,0,0,1753378560,1753378572.50443,100,100,0,0,0,0,1,0,0,0,0,0,0,1753378560
121,1753378572.52106,-1.089,-24.773,0,0,0,-0.519590226040073,0.854415587991948,3.5,0,0,0,0,0,1753378560,1753378572.5126,100,100,0,0,0,0,1,0,0,0,0,0,0,1753378560
122,1753378572.52937,-1.089,-24.773,0,0,0,-0.519590226040073,0.854415587991948,3.5,0,0,0,0,0,1753378560,1753378572.52109,100,100,0,0,0,0,1,0,0,0,0,0,0,1753378560
123,1753378572.53775,-1.089,-24.773,0,0,0,-0.519590226040073,0.854415587991948,3.5,0,0,0,0,0,1753378560,1753378572.5294,100,100,0,0,0,0,1,0,0,0,0,0,0,1753378560
124,1753378572.54621,-1.089,-24.773,0,0,0,-0.519590226040073,0.854415587991948,3.5,0,0,0,0,0,1753378560,1753378572.53777,100,100,0,0,0,0,1,0,0,0,0,0,0,1753378560
125,1753378572.55454,-1.089,-24.773,0,0,0,-0.519590226040073,0.854415587991948,3.5,0,0,0,0,0,1753378560,1753378572.54624,100,100,0,0,0,0,1,0,0,0,0,0,0,1753378560
126,1753378572.56281,-1.089,-24.773,0,0,0,-0.519590226040073,0.854415587991948,3.5,0,0,0,0,0,1753378560,1753378572.55457,100,100,0,0,0,0,1,0,0,0,0,0,0,1753378560
127,1753378572.57165,-1.089,-24.773,0,0,0,-0.519590226040073,0.854415587991948,3.5,0,0,0,0,0,1753378560,1753378572.56284,100,100,0,0,0,0,1,0,0,0,0,0,0,1753378560
128,1753378572.57952,-1.089,-24.773,0,0,0,-0.519590226040073,0.854415587991948,3.5,0,0,0,0,0,1753378560,1753378572.57168,100,100,0,0,0,0,1,0,0,0,0,0,0,1753378560
129,1753378572.58841,-1.089,-24.773,0,0,0,-0.519590226040073,0.854415587991948,3.5,0,0,0,0,0,1753378560,1753378572.57956,100,100,0,0,0,0,1,0,0,0,0,0,0,1753378560
130,1753378572.59638,-1.089,-24.773,0,0,0,-0.519590226040073,0.854415587991948,3.5,0,0,0,0,0,1753378560,1753378572.58846,100,100,0,0,0,0,1,0,0,0,0,0,0,1753378560
131,1753378572.60465,-1.089,-24.773,0,0,0,-0.519590226040073,0.854415587991948,3.5,0,0,0,0,0,1753378560,1753378572.59642,100,100,0,0,0,0,1,0,0,0,0,0,0,1753378560
132,1753378572.61279,-1.089,-24.773,0,0,0,-0.519590226040073,0.854415587991948,3.5,0,0,0,0,0,1753378560,1753378572.60468,100,100,0,0,0,0,1,0,0,0,0,0,0,1753378560
133,1753378572.62151,-1.089,-24.773,0,0,0,-0.519590226040073,0.854415587991948,3.5,0,0,0,0,0,1753378560,1753378572.61282,100,100,0,0,0,0,1,0,0,0,0,0,0,1753378560
134,1753378572.62975,-1.089,-24.773,0,0,0,-0.519590226040073,0.854415587991948,3.5,0,0,0,0,0,1753378560,1753378572.62157,100,100,0,0,0,0,1,0,0,0,0,0,0,1753378560
135,1753378572.638,-1.089,-24.773,0,0,0,-0.519590226040073,0.854415587991948,3.5,0,0,0,0,0,1753378560,1753378572.62979,100,100,0,0,0,0,1,0,0,0,0,0,0,1753378560
136,1753378572.6466,-1.089,-24.773,0,0,0,-0.519590226040073,0.854415587991948,3.5,0,0,0,0,0,1753378560,1753378572.63805,100,100,0,0,0,0,1,0,0,0,0,0,0,1753378560
137,1753378572.65561,-1.089,-24.773,0,0,0,-0.519590226040073,0.854415587991948,3.5,0,0,0,0,0,1753378560,1753378572.64663,100,100,0,0,0,0,1,0,0,0,0,0,0,1753378560
138,1753378572.66329,-1.089,-24.773,0,0,0,-0.519590226040073,0.854415587991948,3.5,0,0,0,0,0,1753378560,1753378572.65568,100,100,0,0,0,0,1,0,0,0,0,0,0,1753378560
139,1753378572.6728,-1.089,-24.773,0,0,0,-0.519590226040073,0.854415587991948,3.5,0,0,0,0,0,1753378560,1753378572.66335,100,100,0,0,0,0,1,0,0,0,0,0,0,1753378560
140,1753378572.67943,-1.089,-24.773,0,0,0,-0.519590226040073,0.854415587991948,3.5,0,0,0,0,0,1753378560,1753378572.67302,100,100,0,0,0,0,1,0,0,0,0,0,0,1753378560
141,1753378572.68836,-1.089,-24.773,0,0,0,-0.519590226040073,0.854415587991948,3.5,0,0,0,0,0,1753378560,1753378572.67946,100,100,0,0,0,0,1,0,0,0,0,0,0,1753378560
142,1753378572.6961,-1.089,-24.773,0,0,0,-0.519590226040073,0.854415587991948,3.5,0,0,0,0,0,1753378560,1753378572.6884,100,100,0,0,0,0,1,0,0,0,0,0,0,1753378560
143,1753378572.70486,-1.089,-24.773,0,0,0,-0.519590226040073,0.854415587991948,3.5,0,0,0,0,0,1753378560,1753378572.69613,100,100,0,0,0,0,1,0,0,0,0,0,0,1753378560
144,1753378572.71285,-1.089,-24.773,0,0,0,-0.519590226040073,0.854415587991948,3.5,0,0,0,0,0,1753378560,1753378572.70492,100,100,0,0,0,0,1,0,0,0,0,0,0,1753378560
145,1753378572.7212,-1.089,-24.773,0,0,0,-0.519590226040073,0.854415587991948,3.5,0,0,0,0,0,1753378560,1753378572.71289,100,100,0,0,0,0,1,0,0,0,0,0,0,1753378560
146,1753378572.72967,-1.089,-24.773,0,0,0,-0.519590226040073,0.854415587991948,3.5,0,0,0,0,0,1753378560,1753378572.72123,100,100,0,0,0,0,1,0,0,0,0,0,0,1753378560
147,1753378572.73801,-1.089,-24.773,0,0,0,-0.519590226040073,0.854415587991948,3.5,0,0,0,0,0,1753378560,1753378572.72972,100,100,0,0,0,0,1,0,0,0,0,0,0,1753378560
148,1753378572.74603,-1.089,-24.773,0,0,0,-0.519590226040073,0.854415587991948,3.5,0,0,0,0,0,1753378560,1753378572.73804,100,100,0,0,0,0,1,0,0,0,0,0,0,1753378560
149,1753378572.75465,-1.089,-24.773,0,0,0,-0.519590226040073,0.854415587991948,3.5,0,0,0,0,0,1753378560,1753378572.74606,100,100,0,0,0,0,1,0,0,0,0,0,0,1753378560
150,1753378572.76282,-1.089,-24.773,0,0,0,-0.519590226040073,0.854415587991948,3.5,0,0,0,0,0,1753378560,1753378572.75468,100,100,0,0,0,0,1,0,0,0,0,0,0,1753378560
151,1753378572.77172,-1.089,-24.773,0,0,0,-0.519590226040073,0.854415587991948,3.5,0,0,0,0,0,1753378560,1753378572.76286,100,100,0,0,0,0,1,0,0,0,0,0,0,1753378560
152,1753378572.7794,-1.089,-24.773,0,0,0,-0.519590226040073,0.854415587991948,3.5,0,0,0,0,0,1753378560,1753378572.77175,100,100,0,0,0,0,1,0,0,0,0,0,0,1753378560
153,1753378572.78787,-1.089,-24.773,0,0,0,-0.519590226040073,0.854415587991948,3.5,0,0,0,0,0,1753378560,1753378572.77942,100,100,0,0,0,0,1,0,0,0,0,0,0,1753378560
154,1753378572.79602,-1.089,-24.773,0,0,0,-0.519590226040073,0.854415587991948,3.5,0,0,0,0,0,1753378560,1753378572.78789,100,100,0,0,0,0,1,0,0,0,0,0,0,1753378560
155,1753378572.80445,-1.089,-24.773,0,0,0,-0.519590226040073,0.854415587991948,3.5,0,0,0,0,0,1753378560,1753378572.79605,100,100,0,0,0,0,1,0,0,0,0,0,0,1753378560
156,1753378572.81261,-1.089,-24.773,0,0,0,-0.519590226040073,0.854415587991948,3.5,0,0,0,0,0,1753378560,1753378572.80448,100,100,0,0,0,0,1,0,0,0,0,0,0,1753378560
157,1753378572.82118,-1.089,-24.773,0,0,0,-0.519590226040073,0.854415587991948,3.5,0,0,0,0,0,1753378560,1753378572.81264,100,100,0,0,0,0,1,0,0,0,0,0,0,1753378560
158,1753378572.82941,-1.089,-24.773,0,0,0,-0.519590226040073,0.854415587991948,3.5,0,0,0,0,0,1753378560,1753378572.82121,100,100,0,0,0,0,1,0,0,0,0,0,0,1753378560
159,1753378572.83786,-1.089,-24.773,0,0,0,-0.519590226040073,0.854415587991948,3.5,0,0,0,0,0,1753378560,1753378572.82944,100,100,0,0,0,0,1,0,0,0,0,0,0,1753378560
160,1753378572.84598,-1.089,-24.773,0,0,0,-0.519590226040073,0.854415587991948,3.5,0,0,0,0,0,1753378560,1753378572.83789,100,100,0,0,0,0,1,0,0,0,0,0,0,1753378560
161,1753378572.8547,-1.089,-24.773,0,0,0,-0.519590226040073,0.854415587991948,3.5,0,0,0,0,0,1753378560,1753378572.84601,100,100,0,0,0,0,1,0,0,0,0,0,0,1753378560
162,1753378572.86259,-1.089,-24.773,0,0,0,-0.519590226040073,0.854415587991948,3.5,0,0,0,0,0,1753378560,1753378572.85474,100,100,0,0,0,0,1,0,0,0,0,0,0,1753378560
163,1753378572.8711,-1.089,-24.773,0,0,0,-0.519590226040073,0.854415587991948,3.5,0,0,0,0,0,1753378560,1753378572.86261,100,100,0,0,0,0,1,0,0,0,0,0,0,1753378560
164,1753378572.87947,-1.089,-24.773,0,0,0,-0.519590226040073,0.854415587991948,3.5,0,0,0,0,0,1753378560,1753378572.87113,100,100,0,0,0,0,1,0,0,0,0,0,0,1753378560
165,1753378572.88793,-1.089,-24.773,0,0,0,-0.519590226040073,0.854415587991948,3.5,0,0,0,0,0,1753378560,1753378572.8795,100,100,0,0,0,0,1,0,0,0,0,0,0,1753378560
166,1753378572.89606,-1.089,-24.773,0,0,0,-0.519590226040073,0.854415587991948,3.5,0,0,0,0,0,1753378560,1753378572.88796,100,100,0,0,0,0,1,0,0,0,0,0,0,1753378560
167,1753378572.905,-1.089,-24.773,0,0,0,-0.519590226040073,0.854415587991948,3.5,0,0,0,0,0,1753378560,1753378572.89609,100,100,0,0,0,0,1,0,0,0,0,0,0,1753378560
168,1753378572.91309,-1.089,-24.773,0,0,0,-0.519590226040073,0.854415587991948,3.5,0,0,0,0,0,1753378560,1753378572.90504,100,100,0,0,0,0,1,0,0,0,0,0,0,1753378560
169,1753378572.92123,-1.089,-24.773,0,0,0,-0.519590226040073,0.854415587991948,3.5,0,0,0,0,0,1753378560,1753378572.91313,100,100,0,0,0,0,1,0,0,0,0,0,0,1753378560
170,1753378572.92941,-1.089,-24.773,0,0,0,-0.519590226040073,0.854415587991948,3.5,0,0,0,0,0,1753378560,1753378572.92127,100,100,0,0,0,0,1,0,0,0,0,0,0,1753378560
171,1753378572.93818,-1.089,-24.773,0,0,0,-0.519590226040073,0.854415587991948,3.5,0,0,0,0,0,1753378560,1753378572.92944,100,100,0,0,0,0,1,0,0,0,0,0,0,1753378560
172,1753378572.94631,-1.089,-24.773,0,0,0,-0.519590226040073,0.854415587991948,3.5,0,0,0,0,0,1753378560,1753378572.9382,100,100,0,0,0,0,1,0,0,0,0,0,0,1753378560
173,1753378572.95504,-1.089,-24.773,0,0,0,-0.519590226040073,0.854415587991948,3.5,0,0,0,0,0,1753378560,1753378572.94635,100,100,0,0,0,0,1,0,0,0,0,0,0,1753378560
174,1753378572.96263,-1.089,-24.773,0,0,0,-0.519590226040073,0.854415587991948,3.5,0,0,0,0,0,1753378560,1753378572.95511,100,100,0,0,0,0,1,0,0,0,0,0,0,1753378560
175,1753378572.9711,-1.089,-24.773,0,0,0,-0.519590226040073,0.854415587991948,3.5,0,0,0,0,0,1753378560,1753378572.96266,100,100,0,0,0,0,1,0,0,0,0,0,0,1753378560
176,1753378572.97951,-1.089,-24.773,0,0,0,-0.519590226040073,0.854415587991948,3.5,0,0,0,0,0,1753378560,1753378572.97113,100,100,0,0,0,0,1,0,0,0,0,0,0,1753378560
177,1753378572.98806,-1.089,-24.773,0,0,0,-0.519590226040073,0.854415587991948,3.5,0,0,0,0,0,1753378560,1753378572.97954,100,100,0,0,0,0,1,0,0,0,0,0,0,1753378560
178,1753378572.99629,-1.089,-24.773,0,0,0,-0.519590226040073,0.854415587991948,3.5,0,0,0,0,0,1753378560,1753378572.98811,100,100,0,0,0,0,1,0,0,0,0,0,0,1753378560
179,1753378573.00428,-1.089,-24.773,0,0,0,-0.519590226040073,0.854415587991948,3.5,0,0,0,0,0,1753378560,1753378572.99634,100,100,0,0,0,0,1,0,0,0,0,0,0,1753378560
180,1753378573.01326,-1.089,-24.773,0,0,0,-0.519590226040073,0.854415587991948,3.5,0,0,0,0,0,1753378560,1753378573.00431,100,100,0,0,0,0,1,0,0,0,0,0,0,1753378560
181,1753378573.02323,-1.089,-24.773,0,0,0,-0.519590226040073,0.854415587991948,3.5,0,0,0,0,0,1753378560,1753378573.01336,100,100,0,0,0,0,1,0,0,0,0,0,0,1753378560
182,1753378573.03174,-1.089,-24.773,0,0,0,-0.519590226040073,0.854415587991948,3.5,0,0,0,0,0,1753378560,1753378573.02339,100,100,0,0,0,0,1,0,0,0,0,0,0,1753378560
183,1753378573.03927,-1.089,-24.773,0,0,0,-0.519590226040073,0.854415587991948,3.5,0,0,0,0,0,1753378560,1753378573.03187,100,100,0,0,0,0,1,0,0,0,0,0,0,1753378560
184,1753378573.04689,-1.089,-24.773,0,0,0,-0.519590226040073,0.854415587991948,3.5,0,0,0,0,0,1753378560,1753378573.03942,100,100,0,0,0,0,1,0,0,0,0,0,0,1753378560
185,1753378573.05492,-1.089,-24.773,0,0,0,-0.519590226040073,0.854415587991948,3.5,0,0,0,0,0,1753378560,1753378573.04697,100,100,0,0,0,0,1,0,0,0,0,0,0,1753378560
186,1753378573.06412,-1.089,-24.773,0,0,0,-0.519590226040073,0.854415587991948,3.5,0,0,0,0,0,1753378560,1753378573.05499,100,100,0,0,0,0,1,0,0,0,0,0,0,1753378560
187,1753378573.07173,-1.089,-24.773,0,0,0,-0.519590226040073,0.854415587991948,3.5,0,0,0,0,0,1753378560,1753378573.06418,100,100,0,0,0,0,1,0,0,0,0,0,0,1753378560
188,1753378573.07951,-1.089,-24.773,0,0,0,-0.519590226040073,0.854415587991948,3.5,0,0,0,0,0,1753378560,1753378573.07178,100,100,0,0,0,0,1,0,0,0,0,0,0,1753378560
189,1753378573.0881,-1.089,-24.773,0,0,0,-0.519590226040073,0.854415587991948,3.5,0,0,0,0,0,1753378560,1753378573.07953,100,100,0,0,0,0,1,0,0,0,0,0,0,1753378560
190,1753378573.096,-1.089,-24.773,0,0,0,-0.519590226040073,0.854415587991948,3.5,0,0,0,0,0,1753378560,1753378573.08818,100,100,0,0,0,0,1,0,0,0,0,0,0,1753378560
191,1753378573.1045,-1.089,-24.773,0,0,0,-0.519590226040073,0.854415587991948,3.5,0,0,0,0,0,1753378560,1753378573.09602,100,100,0,0,0,0,1,0,0,0,0,0,0,1753378560
192,1753378573.11294,-1.089,-24.773,0,0,0,-0.519590226040073,0.854415587991948,3.5,0,0,0,0,0,1753378560,1753378573.10452,100,100,0,0,0,0,1,0,0,0,0,0,0,1753378560
193,1753378573.1212,-1.089,-24.773,0,0,0,-0.519590226040073,0.854415587991948,3.5,0,0,0,0,0,1753378560,1753378573.11297,100,100,0,0,0,0,1,0,0,0,0,0,0,1753378560
194,1753378573.12946,-1.089,-24.773,0,0,0,-0.519590226040073,0.854415587991948,3.5,0,0,0,0,0,1753378560,1753378573.12124,100,100,0,0,0,0,1,0,0,0,0,0,0,1753378560
195,1753378573.13774,-1.089,-24.773,0,0,0,-0.519590226040073,0.854415587991948,3.5,0,0,0,0,0,1753378560,1753378573.12949,100,100,0,0,0,0,1,0,0,0,0,0,0,1753378560
196,1753378573.14608,-1.089,-24.773,0,0,0,-0.519590226040073,0.854415587991948,3.5,0,0,0,0,0,1753378560,1753378573.13776,100,100,0,0,0,0,1,0,0,0,0,0,0,1753378560
197,1753378573.15442,-1.089,-24.773,0,0,0,-0.519590226040073,0.854415587991948,3.5,0,0,0,0,0,1753378560,1753378573.14612,100,100,0,0,0,0,1,0,0,0,0,0,0,1753378560
198,1753378573.16285,-1.089,-24.773,0,0,0,-0.519590226040073,0.854415587991948,3.5,0,0,0,0,0,1753378560,1753378573.15445,100,100,0,0,0,0,1,0,0,0,0,0,0,1753378560
199,1753378573.17138,-1.089,-24.773,0,0,0,-0.519590226040073,0.854415587991948,3.5,0,0,0,0,0,1753378560,1753378573.1629,100,100,0,0,0,0,1,0,0,0,0,0,0,1753378560
200,1753378573.17963,-1.089,-24.773,0,0,0,-0.519590226040073,0.854415587991948,3.5,0,0,0,0,0,1753378560,1753378573.17143,100,100,0,0,0,0,1,0,0,0,0,0,0,1753378560
201,1753378573.18779,-1.089,-24.773,0,0,0,-0.519590226040073,0.854415587991948,3.5,0,0,0,0,0,1753378560,1753378573.17966,100,100,0,0,0,0,1,0,0,0,0,0,0,1753378560
202,1753378573.19593,-1.089,-24.773,0,0,0,-0.519590226040073,0.854415587991948,3.5,0,0,0,0,0,1753378560,1753378573.18782,100,100,0,0,0,0,1,0,0,0,0,0,0,1753378560
203,1753378573.20467,-1.089,-24.773,0,0,0,-0.519590226040073,0.854415587991948,3.5,0,0,0,0,0,1753378560,1753378573.19596,100,100,0,0,0,0,1,0,0,0,0,0,0,1753378560
204,1753378573.21258,-1.089,-24.773,0,0,0,-0.519590226040073,0.854415587991948,3.5,0,0,0,0,0,1753378560,1753378573.2047,100,100,0,0,0,0,1,0,0,0,0,0,0,1753378560
205,1753378573.22144,-1.089,-24.773,0,0,0,-0.519590226040073,0.854415587991948,3.5,0,0,0,0,0,1753378560,1753378573.2126,100,100,0,0,0,0,1,0,0,0,0,0,0,1753378560
206,1753378573.22957,-1.089,-24.773,0,0,0,-0.519590226040073,0.854415587991948,3.5,0,0,0,0,0,1753378560,1753378573.22147,100,100,0,0,0,0,1,0,0,0,0,0,0,1753378560
207,1753378573.23776,-1.089,-24.773,0,0,0,-0.519590226040073,0.854415587991948,3.5,0,0,0,0,0,1753378560,1753378573.2296,100,100,0,0,0,0,1,0,0,0,0,0,0,1753378560
208,1753378573.24593,-1.089,-24.773,0,0,0,-0.519590226040073,0.854415587991948,3.5,0,0,0,0,0,1753378560,1753378573.23779,100,100,0,0,0,0,1,0,0,0,0,0,0,1753378560
209,1753378573.25441,-1.089,-24.773,0,0,0,-0.519590226040073,0.854415587991948,3.5,0,0,0,0,0,1753378560,1753378573.24596,100,100,0,0,0,0,1,0,0,0,0,0,0,1753378560
210,1753378573.26255,-1.089,-24.773,0,0,0,-0.519590226040073,0.854415587991948,3.5,0,0,0,0,0,1753378560,1753378573.25443,100,100,0,0,0,0,1,0,0,0,0,0,0,1753378560
211,1753378573.27105,-1.089,-24.773,0,0,0,-0.519590226040073,0.854415587991948,3.5,0,0,0,0,0,1753378560,1753378573.26257,100,100,0,0,0,0,1,0,0,0,0,0,0,1753378560
212,1753378573.27936,-1.089,-24.773,0,0,0,-0.519590226040073,0.854415587991948,3.5,0,0,0,0,0,1753378560,1753378573.27107,100,100,0,0,0,0,1,0,0,0,0,0,0,1753378560
213,1753378573.28778,-1.089,-24.773,0,0,0,-0.519590226040073,0.854415587991948,3.5,0,0,0,0,0,1753378560,1753378573.27938,100,100,0,0,0,0,1,0,0,0,0,0,0,1753378560
214,1753378573.29589,-1.089,-24.773,0,0,0,-0.519590226040073,0.854415587991948,3.5,0,0,0,0,0,1753378560,1753378573.2878,100,100,0,0,0,0,1,0,0,0,0,0,0,1753378560
215,1753378573.30458,-1.089,-24.773,0,0,0,-0.519590226040073,0.854415587991948,3.5,0,0,0,0,0,1753378560,1753378573.29592,100,100,0,0,0,0,1,0,0,0,0,0,0,1753378560
216,1753378573.31281,-1.089,-24.773,0,0,0,-0.519590226040073,0.854415587991948,3.5,0,0,0,0,0,1753378560,1753378573.30462,100,100,0,0,0,0,1,0,0,0,0,0,0,1753378560
217,1753378573.32134,-1.089,-24.773,0,0,0,-0.519590226040073,0.854415587991948,3.5,0,0,0,0,0,1753378560,1753378573.31285,100,100,0,0,0,0,1,0,0,0,0,0,0,1753378560
218,1753378573.32962,-1.089,-24.773,0,0,0,-0.519590226040073,0.854415587991948,3.5,0,0,0,0,0,1753378560,1753378573.32138,100,100,0,0,0,0,1,0,0,0,0,0,0,1753378560
219,1753378573.33934,-1.089,-24.773,0,0,0,-0.519590226040073,0.854415587991948,3.5,0,0,0,0,0,1753378560,1753378573.32966,100,100,0,0,0,0,1,0,0,0,0,0,0,1753378560
220,1753378573.34621,-1.089,-24.773,0,0,0,-0.519590226040073,0.854415587991948,3.5,0,0,0,0,0,1753378560,1753378573.3394,100,100,0,0,0,0,1,0,0,0,0,0,0,1753378560
221,1753378573.3544,-1.089,-24.773,0,0,0,-0.519590226040073,0.854415587991948,3.5,0,0,0,0,0,1753378560,1753378573.34625,100,100,0,0,0,0,1,0,0,0,0,0,0,1753378560
222,1753378573.36266,-1.089,-24.773,0,0,0,-0.519590226040073,0.854415587991948,3.5,0,0,0,0,0,1753378560,1753378573.35443,100,100,0,0,0,0,1,0,0,0,0,0,0,1753378560
223,1753378573.37107,-1.089,-24.773,0,0,0,-0.519590226040073,0.854415587991948,3.5,0,0,0,0,0,1753378560,1753378573.36269,100,100,0,0,0,0,1,0,0,0,0,0,0,1753378560
224,1753378573.3794,-1.089,-24.773,0,0,0,-0.519590226040073,0.854415587991948,3.5,0,0,0,0,0,1753378560,1753378573.3711,100,100,0,0,0,0,1,0,0,0,0,0,0,1753378560
225,1753378573.38775,-1.089,-24.773,0,0,0,-0.519590226040073,0.854415587991948,3.5,0,0,0,0,0,1753378560,1753378573.37942,100,100,0,0,0,0,1,0,0,0,0,0,0,1753378560
226,1753378573.39588,-1.089,-24.773,0,0,0,-0.519590226040073,0.854415587991948,3.5,0,0,0,0,0,1753378560,1753378573.38777,100,100,0,0,0,0,1,0,0,0,0,0,0,1753378560
227,1753378573.40438,-1.089,-24.773,0,0,0,-0.519590226040073,0.854415587991948,3.5,0,0,0,0,0,1753378560,1753378573.3959,100,100,0,0,0,0,1,0,0,0,0,0,0,1753378560
228,1753378573.41258,-1.089,-24.773,0,0,0,-0.519590226040073,0.854415587991948,3.5,0,0,0,0,0,1753378560,1753378573.40441,100,100,0,0,0,0,1,0,0,0,0,0,0,1753378560
229,1753378573.42137,-1.089,-24.773,0,0,0,-0.519590226040073,0.854415587991948,3.5,0,0,0,0,0,1753378560,1753378573.4126,100,100,0,0,0,0,1,0,0,0,0,0,0,1753378560
230,1753378573.42935,-1.089,-24.773,0,0,0,-0.519590226040073,0.854415587991948,3.5,0,0,0,0,0,1753378560,1753378573.42141,100,100,0,0,0,0,1,0,0,0,0,0,0,1753378560
231,1753378573.43784,-1.089,-24.773,0,0,0,-0.519590226040073,0.854415587991948,3.5,0,0,0,0,0,1753378560,1753378573.42938,100,100,0,0,0,0,1,0,0,0,0,0,0,1753378560
232,1753378573.44603,-1.089,-24.773,0,0,0,-0.519590226040073,0.854415587991948,3.5,0,0,0,0,0,1753378560,1753378573.43787,100,100,0,0,0,0,1,0,0,0,0,0,0,1753378560
233,1753378573.45444,-1.089,-24.773,0,0,0,-0.519590226040073,0.854415587991948,3.5,0,0,0,0,0,1753378560,1753378573.44606,100,100,0,0,0,0,1,0,0,0,0,0,0,1753378560
234,1753378573.46261,-1.089,-24.773,0,0,0,-0.519590226040073,0.854415587991948,3.5,0,0,0,0,0,1753378560,1753378573.45446,100,100,0,0,0,0,1,0,0,0,0,0,0,1753378560
235,1753378573.47106,-1.089,-24.773,0,0,0,-0.519590226040073,0.854415587991948,3.5,0,0,0,0,0,1753378560,1753378573.46263,100,100,0,0,0,0,1,0,0,0,0,0,0,1753378560
236,1753378573.47941,-1.089,-24.773,0,0,0,-0.519590226040073,0.854415587991948,3.5,0,0,0,0,0,1753378560,1753378573.47108,100,100,0,0,0,0,1,0,0,0,0,0,0,1753378560
237,1753378573.48778,-1.089,-24.773,0,0,0,-0.519590226040073,0.854415587991948,3.5,0,0,0,0,0,1753378560,1753378573.47943,100,100,0,0,0,0,1,0,0,0,0,0,0,1753378560
238,1753378573.49619,-1.089,-24.773,0,0,0,-0.519590226040073,0.854415587991948,3.5,0,0,0,0,0,1753378560,1753378573.48781,100,100,0,0,0,0,1,0,0,0,0,0,0,1753378560
239,1753378573.50455,-1.089,-24.773,0,0,0,-0.519590226040073,0.854415587991948,3.5,0,0,0,0,0,1753378560,1753378573.49623,100,100,0,0,0,0,1,0,0,0,0,0,0,1753378560
240,1753378573.5126,-1.089,-24.773,0,0,0,-0.519590226040073,0.854415587991948,3.5,0,0,0,0,0,1753378560,1753378573.50458,100,100,0,0,0,0,1,0,0,0,0,0,0,1753378560
241,1753378573.52125,-1.089,-24.773,0,0,0,-0.519590226040073,0.854415587991948,3.5,0,0,0,0,0,1753378560,1753378573.51262,100,100,0,0,0,0,1,0,0,0,0,0,0,1753378560
242,1753378573.52937,-1.089,-24.773,0,0,0,-0.519590226040073,0.854415587991948,3.5,0,0,0,0,0,1753378560,1753378573.52132,100,100,0,0,0,0,1,0,0,0,0,0,0,1753378560
243,1753378573.53782,-1.089,-24.773,0,0,0,-0.519590226040073,0.854415587991948,3.5,0,0,0,0,0,1753378560,1753378573.5294,100,100,0,0,0,0,1,0,0,0,0,0,0,1753378560
244,1753378573.546,-1.089,-24.773,0,0,0,-0.519590226040073,0.854415587991948,3.5,0,0,0,0,0,1753378560,1753378573.53784,100,100,0,0,0,0,1,0,0,0,0,0,0,1753378560
245,1753378573.55439,-1.089,-24.773,0,0,0,-0.519590226040073,0.854415587991948,3.5,0,0,0,0,0,1753378560,1753378573.54603,100,100,0,0,0,0,1,0,0,0,0,0,0,1753378560
246,1753378573.56262,-1.089,-24.773,0,0,0,-0.519590226040073,0.854415587991948,3.5,0,0,0,0,0,1753378560,1753378573.55442,100,100,0,0,0,0,1,0,0,0,0,0,0,1753378560
247,1753378573.5711,-1.089,-24.773,0,0,0,-0.519590226040073,0.854415587991948,3.5,0,0,0,0,0,1753378560,1753378573.56264,100,100,0,0,0,0,1,0,0,0,0,0,0,1753378560
248,1753378573.57936,-1.089,-24.773,0,0,0,-0.519590226040073,0.854415587991948,3.5,0,0,0,0,0,1753378560,1753378573.57113,100,100,0,0,0,0,1,0,0,0,0,0,0,1753378560
249,1753378573.58781,-1.089,-24.773,0,0,0,-0.519590226040073,0.854415587991948,3.5,0,0,0,0,0,1753378560,1753378573.57939,100,100,0,0,0,0,1,0,0,0,0,0,0,1753378560
250,1753378573.59593,-1.089,-24.773,0,0,0,-0.519590226040073,0.854415587991948,3.5,0,0,0,0,0,1753378560,1753378573.58783,100,100,0,0,0,0,1,0,0,0,0,0,0,1753378560
251,1753378573.60437,-1.089,-24.773,0,0,0,-0.519590226040073,0.854415587991948,3.5,0,0,0,0,0,1753378560,1753378573.59595,100,100,0,0,0,0,1,0,0,0,0,0,0,1753378560
252,1753378573.61259,-1.089,-24.773,0,0,0,-0.519590226040073,0.854415587991948,3.5,0,0,0,0,0,1753378560,1753378573.6044,100,100,0,0,0,0,1,0,0,0,0,0,0,1753378560
253,1753378573.62102,-1.089,-24.773,0,0,0,-0.519590226040073,0.854415587991948,3.5,0,0,0,0,0,1753378560,1753378573.61262,100,100,0,0,0,0,1,0,0,0,0,0,0,1753378560
254,1753378573.62931,-1.089,-24.773,0,0,0,-0.519590226040073,0.854415587991948,3.5,0,0,0,0,0,1753378560,1753378573.62105,100,100,0,0,0,0,1,0,0,0,0,0,0,1753378560
255,1753378573.63787,-1.089,-24.773,0,0,0,-0.519590226040073,0.854415587991948,3.5,0,0,0,0,0,1753378560,1753378573.62933,100,100,0,0,0,0,1,0,0,0,0,0,0,1753378560
256,1753378573.64596,-1.089,-24.773,0,0,0,-0.519590226040073,0.854415587991948,3.5,0,0,0,0,0,1753378560,1753378573.63789,100,100,0,0,0,0,1,0,0,0,0,0,0,1753378560
257,1753378573.65453,-1.089,-24.773,0,0,0,-0.519590226040073,0.854415587991948,3.5,0,0,0,0,0,1753378560,1753378573.64598,100,100,0,0,0,0,1,0,0,0,0,0,0,1753378560
258,1753378573.6628,-1.089,-24.773,0,0,0,-0.519590226040073,0.854415587991948,3.5,0,0,0,0,0,1753378560,1753378573.65456,100,100,0,0,0,0,1,0,0,0,0,0,0,1753378560
259,1753378573.67121,-1.089,-24.773,0,0,0,-0.519590226040073,0.854415587991948,3.5,0,0,0,0,0,1753378560,1753378573.66283,100,100,0,0,0,0,1,0,0,0,0,0,0,1753378560
260,1753378573.6793,-1.089,-24.773,0,0,0,-0.519590226040073,0.854415587991948,3.5,0,0,0,0,0,1753378560,1753378573.67124,100,100,0,0,0,0,1,0,0,0,0,0,0,1753378560
261,1753378573.68774,-1.089,-24.773,0,0,0,-0.519590226040073,0.854415587991948,3.5,0,0,0,0,0,1753378560,1753378573.67933,100,100,0,0,0,0,1,0,0,0,0,0,0,1753378560
262,1753378573.69602,-1.089,-24.773,0,0,0,-0.519590226040073,0.854415587991948,3.5,0,0,0,0,0,1753378560,1753378573.68777,100,100,0,0,0,0,1,0,0,0,0,0,0,1753378560
263,1753378573.70436,-1.089,-24.773,0,0,0,-0.519590226040073,0.854415587991948,3.5,0,0,0,0,0,1753378560,1753378573.69604,100,100,0,0,0,0,1,0,0,0,0,0,0,1753378560
264,1753378573.71264,-1.089,-24.773,0,0,0,-0.519590226040073,0.854415587991948,3.5,0,0,0,0,0,1753378560,1753378573.70439,100,100,0,0,0,0,1,0,0,0,0,0,0,1753378560
265,1753378573.72109,-1.089,-24.773,0,0,0,-0.519590226040073,0.854415587991948,3.5,0,0,0,0,0,1753378560,1753378573.71266,100,100,0,0,0,0,1,0,0,0,0,0,0,1753378560
266,1753378573.72931,-1.089,-24.773,0,0,0,-0.519590226040073,0.854415587991948,3.5,0,0,0,0,0,1753378560,1753378573.72112,100,100,0,0,0,0,1,0,0,0,0,0,0,1753378560
267,1753378573.73779,-1.089,-24.773,0,0,0,-0.519590226040073,0.854415587991948,3.5,0,0,0,0,0,1753378560,1753378573.72933,100,100,0,0,0,0,1,0,0,0,0,0,0,1753378560
268,1753378573.74602,-1.089,-24.773,0,0,0,-0.519590226040073,0.854415587991948,3.5,0,0,0,0,0,1753378560,1753378573.73781,100,100,0,0,0,0,1,0,0,0,0,0,0,1753378560
269,1753378573.75439,-1.089,-24.773,0,0,0,-0.519590226040073,0.854415587991948,3.5,0,0,0,0,0,1753378560,1753378573.74604,100,100,0,0,0,0,1,0,0,0,0,0,0,1753378560
270,1753378573.7626,-1.089,-24.773,0,0,0,-0.519590226040073,0.854415587991948,3.5,0,0,0,0,0,1753378560,1753378573.75442,100,100,0,0,0,0,1,0,0,0,0,0,0,1753378560
271,1753378573.77113,-1.089,-24.773,0,0,0,-0.519590226040073,0.854415587991948,3.5,0,0,0,0,0,1753378560,1753378573.76262,100,100,0,0,0,0,1,0,0,0,0,0,0,1753378560
272,1753378573.77949,-1.089,-24.773,0,0,0,-0.519590226040073,0.854415587991948,3.5,0,0,0,0,0,1753378560,1753378573.77116,100,100,0,0,0,0,1,0,0,0,0,0,0,1753378560
273,1753378573.78806,-1.089,-24.773,0,0,0,-0.519590226040073,0.854415587991948,3.5,0,0,0,0,0,1753378560,1753378573.77952,100,100,0,0,0,0,1,0,0,0,0,0,0,1753378560
274,1753378573.79601,-1.089,-24.773,0,0,0,-0.519590226040073,0.854415587991948,3.5,0,0,0,0,0,1753378560,1753378573.78811,100,100,0,0,0,0,1,0,0,0,0,0,0,1753378560
275,1753378573.80492,-1.089,-24.773,0,0,0,-0.519590226040073,0.854415587991948,3.5,0,0,0,0,0,1753378560,1753378573.79604,100,100,0,0,0,0,1,0,0,0,0,0,0,1753378560
276,1753378573.81256,-1.089,-24.773,0,0,0,-0.519590226040073,0.854415587991948,3.5,0,0,0,0,0,1753378560,1753378573.80494,100,100,0,0,0,0,1,0,0,0,0,0,0,1753378560
277,1753378573.82105,-1.089,-24.773,0,0,0,-0.519590226040073,0.854415587991948,3.5,0,0,0,0,0,1753378560,1753378573.81259,100,100,0,0,0,0,1,0,0,0,0,0,0,1753378560
278,1753378573.82937,-1.089,-24.773,0,0,0,-0.519590226040073,0.854415587991948,3.5,0,0,0,0,0,1753378560,1753378573.82107,100,100,0,0,0,0,1,0,0,0,0,0,0,1753378560
279,1753378573.83783,-1.089,-24.773,0,0,0,-0.519590226040073,0.854415587991948,3.5,0,0,0,0,0,1753378560,1753378573.8294,100,100,0,0,0,0,1,0,0,0,0,0,0,1753378560
280,1753378573.84595,-1.089,-24.773,0,0,0,-0.519590226040073,0.854415587991948,3.5,0,0,0,0,0,1753378560,1753378573.83786,100,100,0,0,0,0,1,0,0,0,0,0,0,1753378560
281,1753378573.85471,-1.089,-24.773,0,0,0,-0.519590226040073,0.854415587991948,3.5,0,0,0,0,0,1753378560,1753378573.84597,100,100,0,0,0,0,1,0,0,0,0,0,0,1753378560
282,1753378573.86283,-1.089,-24.773,0,0,0,-0.519590226040073,0.854415587991948,3.5,0,0,0,0,0,1753378560,1753378573.85476,100,100,0,0,0,0,1,0,0,0,0,0,0,1753378560
283,1753378573.87113,-1.089,-24.773,0,0,0,-0.519590226040073,0.854415587991948,3.5,0,0,0,0,0,1753378560,1753378573.86287,100,100,0,0,0,0,1,0,0,0,0,0,0,1753378560
284,1753378573.87942,-1.089,-24.773,0,0,0,-0.519590226040073,0.854415587991948,3.5,0,0,0,0,0,1753378560,1753378573.87115,100,100,0,0,0,0,1,0,0,0,0,0,0,1753378560
285,1753378573.88818,-1.089,-24.773,0,0,0,-0.519590226040073,0.854415587991948,3.5,0,0,0,0,0,1753378560,1753378573.87944,100,100,0,0,0,0,1,0,0,0,0,0,0,1753378560
286,1753378573.89633,-1.089,-24.773,0,0,0,-0.519590226040073,0.854415587991948,3.5,0,0,0,0,0,1753378560,1753378573.88823,100,100,0,0,0,0,1,0,0,0,0,0,0,1753378560
287,1753378573.90493,-1.089,-24.773,0,0,0,-0.519590226040073,0.854415587991948,3.5,0,0,0,0,0,1753378560,1753378573.89637,100,100,0,0,0,0,1,0,0,0,0,0,0,1753378560
288,1753378573.91338,-1.089,-24.773,0,0,0,-0.519590226040073,0.854415587991948,3.5,0,0,0,0,0,1753378560,1753378573.90499,100,100,0,0,0,0,1,0,0,0,0,0,0,1753378560
289,1753378573.92162,-1.089,-24.773,0,0,0,-0.519590226040073,0.854415587991948,3.5,0,0,0,0,0,1753378560,1753378573.91343,100,100,0,0,0,0,1,0,0,0,0,0,0,1753378560
290,1753378573.92941,-1.089,-24.773,0,0,0,-0.519590226040073,0.854415587991948,3.5,0,0,0,0,0,1753378560,1753378573.92168,100,100,0,0,0,0,1,0,0,0,0,0,0,1753378560
291,1753378573.93782,-1.089,-24.773,0,0,0,-0.519590226040073,0.854415587991948,3.5,0,0,0,0,0,1753378560,1753378573.92944,100,100,0,0,0,0,1,0,0,0,0,0,0,1753378560
292,1753378573.94618,-1.089,-24.773,0,0,0,-0.519590226040073,0.854415587991948,3.5,0,0,0,0,0,1753378560,1753378573.93785,100,100,0,0,0,0,1,0,0,0,0,0,0,1753378560
293,1753378573.95448,-1.089,-24.773,0,0,0,-0.519590226040073,0.854415587991948,3.5,0,0,0,0,0,1753378560,1753378573.94622,100,100,0,0,0,0,1,0,0,0,0,0,0,1753378560
294,1753378573.96256,-1.089,-24.773,0,0,0,-0.519590226040073,0.854415587991948,3.5,0,0,0,0,0,1753378560,1753378573.9545,100,100,0,0,0,0,1,0,0,0,0,0,0,1753378560
295,1753378573.97112,-1.089,-24.773,0,0,0,-0.519590226040073,0.854415587991948,3.5,0,0,0,0,0,1753378560,1753378573.96258,100,100,0,0,0,0,1,0,0,0,0,0,0,1753378560
296,1753378573.9794,-1.089,-24.773,0,0,0,-0.519590226040073,0.854415587991948,3.5,0,0,0,0,0,1753378560,1753378573.97115,100,100,0,0,0,0,1,0,0,0,0,0,0,1753378560
297,1753378573.98791,-1.089,-24.773,0,0,0,-0.519590226040073,0.854415587991948,3.5,0,0,0,0,0,1753378560,1753378573.97942,100,100,0,0,0,0,1,0,0,0,0,0,0,1753378560
298,1753378573.99616,-1.089,-24.773,0,0,0,-0.519590226040073,0.854415587991948,3.5,0,0,0,0,0,1753378560,1753378573.98793,100,100,0,0,0,0,1,0,0,0,0,0,0,1753378560
299,1753378574.00481,-1.089,-24.773,0,0,0,-0.519590226040073,0.854415587991948,3.5,0,0,0,0,0,1753378560,1753378573.99619,100,100,0,0,0,0,1,0,0,0,0,0,0,1753378560
300,1753378574.0128,-1.089,-24.773,0,0,0,-0.519590226040073,0.854415587991948,3.5,0,0,0,0,0,1753378560,1753378574.00486,100,100,0,0,0,0,1,0,0,0,0,0,0,1753378560
301,1753378574.02136,-1.089,-24.773,0,0,0,-0.519590226040073,0.854415587991948,3.5,0,0,0,0,0,1753378560,1753378574.01285,100,100,0,0,0,0,1,0,0,0,0,0,0,1753378560
302,1753378574.02941,-1.089,-24.773,0,0,0,-0.519590226040073,0.854415587991948,3.5,0,0,0,0,0,1753378560,1753378574.0214,100,100,0,0,0,0,1,0,0,0,0,0,0,1753378560
303,1753378574.03778,-1.089,-24.773,0,0,0,-0.519590226040073,0.854415587991948,3.5,0,0,0,0,0,1753378560,1753378574.02944,100,100,0,0,0,0,1,0,0,0,0,0,0,1753378560
304,1753378574.04592,-1.089,-24.773,0,0,0,-0.519590226040073,0.854415587991948,3.5,0,0,0,0,0,1753378560,1753378574.03781,100,100,0,0,0,0,1,0,0,0,0,0,0,1753378560
305,1753378574.05439,-1.089,-24.773,0,0,0,-0.519590226040073,0.854415587991948,3.5,0,0,0,0,0,1753378560,1753378574.04595,100,100,0,0,0,0,1,0,0,0,0,0,0,1753378560
306,1753378574.06269,-1.089,-24.773,0,0,0,-0.519590226040073,0.854415587991948,3.5,0,0,0,0,0,1753378560,1753378574.05442,100,100,0,0,0,0,1,0,0,0,0,0,0,1753378560
307,1753378574.0712,-1.089,-24.773,0,0,0,-0.519590226040073,0.854415587991948,3.5,0,0,0,0,0,1753378560,1753378574.06272,100,100,0,0,0,0,1,0,0,0,0,0,0,1753378560
308,1753378574.07937,-1.089,-24.773,0,0,0,-0.519590226040073,0.854415587991948,3.5,0,0,0,0,0,1753378560,1753378574.07124,100,100,0,0,0,0,1,0,0,0,0,0,0,1753378560
309,1753378574.08785,-1.089,-24.773,0,0,0,-0.519590226040073,0.854415587991948,3.5,0,0,0,0,0,1753378560,1753378574.07939,100,100,0,0,0,0,1,0,0,0,0,0,0,1753378560
310,1753378574.09623,-1.089,-24.773,0,0,0,-0.519590226040073,0.854415587991948,3.5,0,0,0,0,0,1753378560,1753378574.08788,100,100,0,0,0,0,1,0,0,0,0,0,0,1753378560
311,1753378574.10463,-1.089,-24.773,0,0,0,-0.519590226040073,0.854415587991948,3.5,0,0,0,0,0,1753378560,1753378574.09625,100,100,0,0,0,0,1,0,0,0,0,0,0,1753378560
312,1753378574.11288,-1.089,-24.773,0,0,0,-0.519590226040073,0.854415587991948,3.5,0,0,0,0,0,1753378560,1753378574.10467,100,100,0,0,0,0,1,0,0,0,0,0,0,1753378560
313,1753378574.12119,-1.089,-24.773,0,0,0,-0.519590226040073,0.854415587991948,3.5,0,0,0,0,0,1753378560,1753378574.11292,100,100,0,0,0,0,1,0,0,0,0,0,0,1753378560
314,1753378574.12964,-1.089,-24.773,0,0,0,-0.519590226040073,0.854415587991948,3.5,0,0,0,0,0,1753378560,1753378574.12122,100,100,0,0,0,0,1,0,0,0,0,0,0,1753378560
315,1753378574.13777,-1.089,-24.773,0,0,0,-0.519590226040073,0.854415587991948,3.5,0,0,0,0,0,1753378560,1753378574.12967,100,100,0,0,0,0,1,0,0,0,0,0,0,1753378560
316,1753378574.14602,-1.089,-24.773,0,0,0,-0.519590226040073,0.854415587991948,3.5,0,0,0,0,0,1753378560,1753378574.1378,100,100,0,0,0,0,1,0,0,0,0,0,0,1753378560
317,1753378574.15521,-1.089,-24.773,0,0,0,-0.519590226040073,0.854415587991948,3.5,0,0,0,0,0,1753378560,1753378574.14605,100,100,0,0,0,0,1,0,0,0,0,0,0,1753378560
318,1753378574.16293,-1.089,-24.773,0,0,0,-0.519590226040073,0.854415587991948,3.5,0,0,0,0,0,1753378560,1753378574.1553,100,100,0,0,0,0,1,0,0,0,0,0,0,1753378560
319,1753378574.17124,-1.089,-24.773,0,0,0,-0.519590226040073,0.854415587991948,3.5,0,0,0,0,0,1753378560,1753378574.16297,100,100,0,0,0,0,1,0,0,0,0,0,0,1753378560
320,1753378574.1795,-1.089,-24.773,0,0,0,-0.519590226040073,0.854415587991948,3.5,0,0,0,0,0,1753378560,1753378574.17132,100,100,0,0,0,0,1,0,0,0,0,0,0,1753378560
321,1753378574.18776,-1.089,-24.773,0,0,0,-0.519590226040073,0.854415587991948,3.5,0,0,0,0,0,1753378560,1753378574.17953,100,100,0,0,0,0,1,0,0,0,0,0,0,1753378560
322,1753378574.19599,-1.089,-24.773,0,0,0,-0.519590226040073,0.854415587991948,3.5,0,0,0,0,0,1753378560,1753378574.18779,100,100,0,0,0,0,1,0,0,0,0,0,0,1753378560
323,1753378574.20459,-1.089,-24.773,0,0,0,-0.519590226040073,0.854415587991948,3.5,0,0,0,0,0,1753378560,1753378574.19601,100,100,0,0,0,0,1,0,0,0,0,0,0,1753378560
324,1753378574.21263,-1.089,-24.773,0,0,0,-0.519590226040073,0.854415587991948,3.5,0,0,0,0,0,1753378560,1753378574.20461,100,100,0,0,0,0,1,0,0,0,0,0,0,1753378560
325,1753378574.2212,-1.089,-24.773,0,0,0,-0.519590226040073,0.854415587991948,3.5,0,0,0,0,0,1753378560,1753378574.21266,100,100,0,0,0,0,1,0,0,0,0,0,0,1753378560
326,1753378574.22936,-1.089,-24.773,0,0,0,-0.519590226040073,0.854415587991948,3.5,0,0,0,0,0,1753378560,1753378574.22123,100,100,0,0,0,0,1,0,0,0,0,0,0,1753378560
327,1753378574.2378,-1.089,-24.773,0,0,0,-0.519590226040073,0.854415587991948,3.5,0,0,0,0,0,1753378560,1753378574.22939,100,100,0,0,0,0,1,0,0,0,0,0,0,1753378560
328,1753378574.24602,-1.089,-24.773,0,0,0,-0.519590226040073,0.854415587991948,3.5,0,0,0,0,0,1753378560,1753378574.23783,100,100,0,0,0,0,1,0,0,0,0,0,0,1753378560
329,1753378574.25441,-1.089,-24.773,0,0,0,-0.519590226040073,0.854415587991948,3.5,0,0,0,0,0,1753378560,1753378574.24605,100,100,0,0,0,0,1,0,0,0,0,0,0,1753378560
330,1753378574.26262,-1.089,-24.773,0,0,0,-0.519590226040073,0.854415587991948,3.5,0,0,0,0,0,1753378560,1753378574.25443,100,100,0,0,0,0,1,0,0,0,0,0,0,1753378560
331,1753378574.2711,-1.089,-24.773,0,0,0,-0.519590226040073,0.854415587991948,3.5,0,0,0,0,0,1753378560,1753378574.26264,100,100,0,0,0,0,1,0,0,0,0,0,0,1753378560
332,1753378574.27941,-1.089,-24.773,0,0,0,-0.519590226040073,0.854415587991948,3.5,0,0,0,0,0,1753378560,1753378574.27113,100,100,0,0,0,0,1,0,0,0,0,0,0,1753378560
333,1753378574.28794,-1.089,-24.773,0,0,0,-0.519590226040073,0.854415587991948,3.5,0,0,0,0,0,1753378560,1753378574.27944,100,100,0,0,0,0,1,0,0,0,0,0,0,1753378560
334,1753378574.296,-1.089,-24.773,0,0,0,-0.519590226040073,0.854415587991948,3.5,0,0,0,0,0,1753378560,1753378574.28796,100,100,0,0,0,0,1,0,0,0,0,0,0,1753378560
335,1753378574.30468,-1.089,-24.773,0,0,0,-0.519590226040073,0.854415587991948,3.5,0,0,0,0,0,1753378560,1753378574.29602,100,100,0,0,0,0,1,0,0,0,0,0,0,1753378560
336,1753378574.31284,-1.089,-24.773,0,0,0,-0.519590226040073,0.854415587991948,3.5,0,0,0,0,0,1753378560,1753378574.30473,100,100,0,0,0,0,1,0,0,0,0,0,0,1753378560
337,1753378574.32179,-1.089,-24.773,0,0,0,-0.519590226040073,0.854415587991948,3.5,0,0,0,0,0,1753378560,1753378574.31288,100,100,0,0,0,0,1,0,0,0,0,0,0,1753378560
338,1753378574.3294,-1.089,-24.773,0,0,0,-0.519590226040073,0.854415587991948,3.5,0,0,0,0,0,1753378560,1753378574.32185,100,100,0,0,0,0,1,0,0,0,0,0,0,1753378560
339,1753378574.33832,-1.089,-24.773,0,0,0,-0.519590226040073,0.854415587991948,3.5,0,0,0,0,0,1753378560,1753378574.32943,100,100,0,0,0,0,1,0,0,0,0,0,0,1753378560
340,1753378574.3459,-1.089,-24.773,0,0,0,-0.519590226040073,0.854415587991948,3.5,0,0,0,0,0,1753378560,1753378574.33836,100,100,0,0,0,0,1,0,0,0,0,0,0,1753378560
341,1753378574.35477,-1.089,-24.773,0,0,0,-0.519590226040073,0.854415587991948,3.5,0,0,0,0,0,1753378560,1753378574.34592,100,100,0,0,0,0,1,0,0,0,0,0,0,1753378560
342,1753378574.36263,-1.089,-24.773,0,0,0,-0.519590226040073,0.854415587991948,3.5,0,0,0,0,0,1753378560,1753378574.35479,100,100,0,0,0,0,1,0,0,0,0,0,0,1753378560
343,1753378574.37109,-1.089,-24.773,0,0,0,-0.519590226040073,0.854415587991948,3.5,0,0,0,0,0,1753378560,1753378574.36269,100,100,0,0,0,0,1,0,0,0,0,0,0,1753378560
344,1753378574.37936,-1.089,-24.773,0,0,0,-0.519590226040073,0.854415587991948,3.5,0,0,0,0,0,1753378560,1753378574.37112,100,100,0,0,0,0,1,0,0,0,0,0,0,1753378560
345,1753378574.38779,-1.089,-24.773,0,0,0,-0.519590226040073,0.854415587991948,3.5,0,0,0,0,0,1753378560,1753378574.37939,100,100,0,0,0,0,1,0,0,0,0,0,0,1753378560
346,1753378574.39594,-1.089,-24.773,0,0,0,-0.519590226040073,0.854415587991948,3.5,0,0,0,0,0,1753378560,1753378574.38782,100,100,0,0,0,0,1,0,0,0,0,0,0,1753378560
347,1753378574.40523,-1.089,-24.773,0,0,0,-0.519590226040073,0.854415587991948,3.5,0,0,0,0,0,1753378560,1753378574.39596,100,100,0,0,0,0,1,0,0,0,0,0,0,1753378560
348,1753378574.41291,-1.089,-24.773,0,0,0,-0.519590226040073,0.854415587991948,3.5,0,0,0,0,0,1753378560,1753378574.4053,100,100,0,0,0,0,1,0,0,0,0,0,0,1753378560
349,1753378574.42106,-1.089,-24.773,0,0,0,-0.519590226040073,0.854415587991948,3.5,0,0,0,0,0,1753378560,1753378574.41294,100,100,0,0,0,0,1,0,0,0,0,0,0,1753378560
350,1753378574.42934,-1.089,-24.773,0,0,0,-0.519590226040073,0.854415587991948,3.5,0,0,0,0,0,1753378560,1753378574.42108,100,100,0,0,0,0,1,0,0,0,0,0,0,1753378560
351,1753378574.43865,-1.089,-24.773,0,0,0,-0.519590226040073,0.854415587991948,3.5,0,0,0,0,0,1753378560,1753378574.42936,100,100,0,0,0,0,1,0,0,0,0,0,0,1753378560
352,1753378574.4459,-1.089,-24.773,0,0,0,-0.519590226040073,0.854415587991948,3.5,0,0,0,0,0,1753378560,1753378574.4387,100,100,0,0,0,0,1,0,0,0,0,0,0,1753378560
353,1753378574.45468,-1.089,-24.773,0,0,0,-0.519590226040073,0.854415587991948,3.5,0,0,0,0,0,1753378560,1753378574.44593,100,100,0,0,0,0,1,0,0,0,0,0,0,1753378560
354,1753378574.46305,-1.089,-24.773,0,0,0,-0.519590226040073,0.854415587991948,3.5,0,0,0,0,0,1753378560,1753378574.4547,100,100,0,0,0,0,1,0,0,0,0,0,0,1753378560
355,1753378574.47139,-1.089,-24.773,0,0,0,-0.519590226040073,0.854415587991948,3.5,0,0,0,0,0,1753378560,1753378574.4631,100,100,0,0,0,0,1,0,0,0,0,0,0,1753378560
356,1753378574.4794,-1.089,-24.773,0,0,0,-0.519590226040073,0.854415587991948,3.5,0,0,0,0,0,1753378560,1753378574.47142,100,100,0,0,0,0,1,0,0,0,0,0,0,1753378560
357,1753378574.48777,-1.089,-24.773,0,0,0,-0.519590226040073,0.854415587991948,3.5,0,0,0,0,0,1753378560,1753378574.47942,100,100,0,0,0,0,1,0,0,0,0,0,0,1753378560
358,1753378574.49621,-1.089,-24.773,0,0,0,-0.519590226040073,0.854415587991948,3.5,0,0,0,0,0,1753378560,1753378574.4878,100,100,0,0,0,0,1,0,0,0,0,0,0,1753378560
359,1753378574.50459,-1.089,-24.773,0,0,0,-0.519590226040073,0.854415587991948,3.5,0,0,0,0,0,1753378560,1753378574.49623,100,100,0,0,0,0,1,0,0,0,0,0,0,1753378560
360,1753378574.51259,-1.089,-24.773,0,0,0,-0.519590226040073,0.854415587991948,3.5,0,0,0,0,0,1753378560,1753378574.50463,100,100,0,0,0,0,1,0,0,0,0,0,0,1753378560
361,1753378574.52109,-1.089,-24.773,0,0,0,-0.519590226040073,0.854415587991948,3.5,0,0,0,0,0,1753378560,1753378574.51262,100,100,0,0,0,0,1,0,0,0,0,0,0,1753378560
362,1753378574.52942,-1.089,-24.773,0,0,0,-0.519590226040073,0.854415587991948,3.5,0,0,0,0,0,1753378560,1753378574.52111,100,100,0,0,0,0,1,0,0,0,0,0,0,1753378560
363,1753378574.5378,-1.089,-24.773,0,0,0,-0.519590226040073,0.854415587991948,3.5,0,0,0,0,0,1753378560,1753378574.52945,100,100,0,0,0,0,1,0,0,0,0,0,0,1753378560
364,1753378574.54592,-1.089,-24.773,0,0,0,-0.519590226040073,0.854415587991948,3.5,0,0,0,0,0,1753378560,1753378574.53783,100,100,0,0,0,0,1,0,0,0,0,0,0,1753378560
365,1753378574.55439,-1.089,-24.773,0,0,0,-0.519590226040073,0.854415587991948,3.5,0,0,0,0,0,1753378560,1753378574.54594,100,100,0,0,0,0,1,0,0,0,0,0,0,1753378560
366,1753378574.56285,-1.089,-24.773,0,0,0,-0.519590226040073,0.854415587991948,3.5,0,0,0,0,0,1753378560,1753378574.55442,100,100,0,0,0,0,1,0,0,0,0,0,0,1753378560
367,1753378574.57107,-1.089,-24.773,0,0,0,-0.519590226040073,0.854415587991948,3.5,0,0,0,0,0,1753378560,1753378574.56287,100,100,0,0,0,0,1,0,0,0,0,0,0,1753378560
368,1753378574.57962,-1.089,-24.773,0,0,0,-0.519590226040073,0.854415587991948,3.5,0,0,0,0,0,1753378560,1753378574.5711,100,100,0,0,0,0,1,0,0,0,0,0,0,1753378560
369,1753378574.58806,-1.089,-24.773,0,0,0,-0.519590226040073,0.854415587991948,3.5,0,0,0,0,0,1753378560,1753378574.57967,100,100,0,0,0,0,1,0,0,0,0,0,0,1753378560
370,1753378574.59626,-1.089,-24.773,0,0,0,-0.519590226040073,0.854415587991948,3.5,0,0,0,0,0,1753378560,1753378574.5881,100,100,0,0,0,0,1,0,0,0,0,0,0,1753378560
371,1753378574.60474,-1.089,-24.773,0,0,0,-0.519590226040073,0.854415587991948,3.5,0,0,0,0,0,1753378560,1753378574.59631,100,100,0,0,0,0,1,0,0,0,0,0,0,1753378560
372,1753378574.61262,-1.089,-24.773,0,0,0,-0.519590226040073,0.854415587991948,3.5,0,0,0,0,0,1753378560,1753378574.60487,100,100,0,0,0,0,1,0,0,0,0,0,0,1753378560
373,1753378574.62111,-1.089,-24.773,0,0,0,-0.519590226040073,0.854415587991948,3.5,0,0,0,0,0,1753378560,1753378574.61264,100,100,0,0,0,0,1,0,0,0,0,0,0,1753378560
374,1753378574.62933,-1.089,-24.773,0,0,0,-0.519590226040073,0.854415587991948,3.5,0,0,0,0,0,1753378560,1753378574.62114,100,100,0,0,0,0,1,0,0,0,0,0,0,1753378560
375,1753378574.63798,-1.089,-24.773,0,0,0,-0.519590226040073,0.854415587991948,3.5,0,0,0,0,0,1753378560,1753378574.62935,100,100,0,0,0,0,1,0,0,0,0,0,0,1753378560
376,1753378574.646,-1.089,-24.773,0,0,0,-0.519590226040073,0.854415587991948,3.5,0,0,0,0,0,1753378560,1753378574.638,100,100,0,0,0,0,1,0,0,0,0,0,0,1753378560
377,1753378574.65469,-1.089,-24.773,0,0,0,-0.519590226040073,0.854415587991948,3.5,0,0,0,0,0,1753378560,1753378574.64602,100,100,0,0,0,0,1,0,0,0,0,0,0,1753378560
378,1753378574.6627,-1.089,-24.773,0,0,0,-0.519590226040073,0.854415587991948,3.5,0,0,0,0,0,1753378560,1753378574.65474,100,100,0,0,0,0,1,0,0,0,0,0,0,1753378560
379,1753378574.67106,-1.089,-24.773,0,0,0,-0.519590226040073,0.854415587991948,3.5,0,0,0,0,0,1753378560,1753378574.66273,100,100,0,0,0,0,1,0,0,0,0,0,0,1753378560
380,1753378574.67933,-1.089,-24.773,0,0,0,-0.519590226040073,0.854415587991948,3.5,0,0,0,0,0,1753378560,1753378574.67109,100,100,0,0,0,0,1,0,0,0,0,0,0,1753378560
381,1753378574.68776,-1.089,-24.773,0,0,0,-0.519590226040073,0.854415587991948,3.5,0,0,0,0,0,1753378560,1753378574.67935,100,100,0,0,0,0,1,0,0,0,0,0,0,1753378560
382,1753378574.69601,-1.089,-24.773,0,0,0,-0.519590226040073,0.854415587991948,3.5,0,0,0,0,0,1753378560,1753378574.68778,100,100,0,0,0,0,1,0,0,0,0,0,0,1753378560
383,1753378574.70485,-1.089,-24.773,0,0,0,-0.519590226040073,0.854415587991948,3.5,0,0,0,0,0,1753378560,1753378574.69604,100,100,0,0,0,0,1,0,0,0,0,0,0,1753378560
384,1753378574.71321,-1.089,-24.773,0,0,0,-0.519590226040073,0.854415587991948,3.5,0,0,0,0,0,1753378560,1753378574.70487,100,100,0,0,0,0,1,0,0,0,0,0,0,1753378560
385,1753378574.72108,-1.089,-24.773,0,0,0,-0.519590226040073,0.854415587991948,3.5,0,0,0,0,0,1753378560,1753378574.71324,100,100,0,0,0,0,1,0,0,0,0,0,0,1753378560
386,1753378574.72946,-1.089,-24.773,0,0,0,-0.519590226040073,0.854415587991948,3.5,0,0,0,0,0,1753378560,1753378574.7211,100,100,0,0,0,0,1,0,0,0,0,0,0,1753378560
387,1753378574.73798,-1.089,-24.773,0,0,0,-0.519590226040073,0.854415587991948,3.5,0,0,0,0,0,1753378560,1753378574.72948,100,100,0,0,0,0,1,0,0,0,0,0,0,1753378560
388,1753378574.74593,-1.089,-24.773,0,0,0,-0.519590226040073,0.854415587991948,3.5,0,0,0,0,0,1753378560,1753378574.738,100,100,0,0,0,0,1,0,0,0,0,0,0,1753378560
389,1753378574.75442,-1.089,-24.773,0,0,0,-0.519590226040073,0.854415587991948,3.5,0,0,0,0,0,1753378560,1753378574.74595,100,100,0,0,0,0,1,0,0,0,0,0,0,1753378560
390,1753378574.76256,-1.089,-24.773,0,0,0,-0.519590226040073,0.854415587991948,3.5,0,0,0,0,0,1753378560,1753378574.75444,100,100,0,0,0,0,1,0,0,0,0,0,0,1753378560
391,1753378574.77112,-1.089,-24.773,0,0,0,-0.519590226040073,0.854415587991948,3.5,0,0,0,0,0,1753378560,1753378574.76258,100,100,0,0,0,0,1,0,0,0,0,0,0,1753378560
392,1753378574.7794,-1.089,-24.773,0,0,0,-0.519590226040073,0.854415587991948,3.5,0,0,0,0,0,1753378560,1753378574.77115,100,100,0,0,0,0,1,0,0,0,0,0,0,1753378560
393,1753378574.78771,-1.089,-24.773,0,0,0,-0.519590226040073,0.854415587991948,3.5,0,0,0,0,0,1753378560,1753378574.77943,100,100,0,0,0,0,1,0,0,0,0,0,0,1753378560
394,1753378574.79599,-1.089,-24.773,0,0,0,-0.519590226040073,0.854415587991948,3.5,0,0,0,0,0,1753378560,1753378574.78773,100,100,0,0,0,0,1,0,0,0,0,0,0,1753378560
395,1753378574.80439,-1.089,-24.773,0,0,0,-0.519590226040073,0.854415587991948,3.5,0,0,0,0,0,1753378560,1753378574.79602,100,100,0,0,0,0,1,0,0,0,0,0,0,1753378560
396,1753378574.8128,-1.089,-24.773,0,0,0,-0.519590226040073,0.854415587991948,3.5,0,0,0,0,0,1753378560,1753378574.80449,100,100,0,0,0,0,1,0,0,0,0,0,0,1753378560
397,1753378574.82118,-1.089,-24.773,0,0,0,-0.519590226040073,0.854415587991948,3.5,0,0,0,0,0,1753378560,1753378574.81283,100,100,0,0,0,0,1,0,0,0,0,0,0,1753378560
398,1753378574.8294,-1.089,-24.773,0,0,0,-0.519590226040073,0.854415587991948,3.5,0,0,0,0,0,1753378560,1753378574.82121,100,100,0,0,0,0,1,0,0,0,0,0,0,1753378560
399,1753378574.83782,-1.089,-24.773,0,0,0,-0.519590226040073,0.854415587991948,3.5,0,0,0,0,0,1753378560,1753378574.82943,100,100,0,0,0,0,1,0,0,0,0,0,0,1753378560
400,1753378574.84618,-1.089,-24.773,0,0,0,-0.519590226040073,0.854415587991948,3.5,0,0,0,0,0,1753378560,1753378574.83785,100,100,0,0,0,0,1,0,0,0,0,0,0,1753378560
401,1753378574.85498,-1.089,-24.773,0,0,0,-0.519590226040073,0.854415587991948,3.5,0,0,0,0,0,1753378560,1753378574.84623,100,100,0,0,0,0,1,0,0,0,0,0,0,1753378560
402,1753378574.86283,-1.089,-24.773,0,0,0,-0.519590226040073,0.854415587991948,3.5,0,0,0,0,0,1753378560,1753378574.85503,100,100,0,0,0,0,1,0,0,0,0,0,0,1753378560
403,1753378574.87136,-1.089,-24.773,0,0,0,-0.519590226040073,0.854415587991948,3.5,0,0,0,0,0,1753378560,1753378574.86287,100,100,0,0,0,0,1,0,0,0,0,0,0,1753378560
404,1753378574.87936,-1.089,-24.773,0,0,0,-0.519590226040073,0.854415587991948,3.5,0,0,0,0,0,1753378560,1753378574.8714,100,100,0,0,0,0,1,0,0,0,0,0,0,1753378560
405,1753378574.88776,-1.089,-24.773,0,0,0,-0.519590226040073,0.854415587991948,3.5,0,0,0,0,0,1753378560,1753378574.87939,100,100,0,0,0,0,1,0,0,0,0,0,0,1753378560
406,1753378574.89627,-1.089,-24.773,0,0,0,-0.519590226040073,0.854415587991948,3.5,0,0,0,0,0,1753378560,1753378574.88779,100,100,0,0,0,0,1,0,0,0,0,0,0,1753378560
407,1753378574.90469,-1.089,-24.773,0,0,0,-0.519590226040073,0.854415587991948,3.5,0,0,0,0,0,1753378560,1753378574.89633,100,100,0,0,0,0,1,0,0,0,0,0,0,1753378560
408,1753378574.91262,-1.089,-24.773,0,0,0,-0.519590226040073,0.854415587991948,3.5,0,0,0,0,0,1753378560,1753378574.90474,100,100,0,0,0,0,1,0,0,0,0,0,0,1753378560
409,1753378574.92116,-1.089,-24.773,0,0,0,-0.519590226040073,0.854415587991948,3.5,0,0,0,0,0,1753378560,1753378574.91264,100,100,0,0,0,0,1,0,0,0,0,0,0,1753378560
410,1753378574.92939,-1.089,-24.773,0,0,0,-0.519590226040073,0.854415587991948,3.5,0,0,0,0,0,1753378560,1753378574.92119,100,100,0,0,0,0,1,0,0,0,0,0,0,1753378560
411,1753378574.93795,-1.089,-24.773,0,0,0,-0.519590226040073,0.854415587991948,3.5,0,0,0,0,0,1753378560,1753378574.92941,100,100,0,0,0,0,1,0,0,0,0,0,0,1753378560
412,1753378574.94593,-1.089,-24.773,0,0,0,-0.519590226040073,0.854415587991948,3.5,0,0,0,0,0,1753378560,1753378574.93797,100,100,0,0,0,0,1,0,0,0,0,0,0,1753378560
413,1753378574.95437,-1.089,-24.773,0,0,0,-0.519590226040073,0.854415587991948,3.5,0,0,0,0,0,1753378560,1753378574.94595,100,100,0,0,0,0,1,0,0,0,0,0,0,1753378560
414,1753378574.96255,-1.089,-24.773,0,0,0,-0.519590226040073,0.854415587991948,3.5,0,0,0,0,0,1753378560,1753378574.9544,100,100,0,0,0,0,1,0,0,0,0,0,0,1753378560
415,1753378574.97127,-1.089,-24.773,0,0,0,-0.519590226040073,0.854415587991948,3.5,0,0,0,0,0,1753378560,1753378574.96257,100,100,0,0,0,0,1,0,0,0,0,0,0,1753378560
416,1753378574.97932,-1.089,-24.773,0,0,0,-0.519590226040073,0.854415587991948,3.5,0,0,0,0,0,1753378560,1753378574.9713,100,100,0,0,0,0,1,0,0,0,0,0,0,1753378560
417,1753378574.98782,-1.089,-24.773,0,0,0,-0.519590226040073,0.854415587991948,3.5,0,0,0,0,0,1753378560,1753378574.97934,100,100,0,0,0,0,1,0,0,0,0,0,0,1753378560
418,1753378574.99616,-1.089,-24.773,0,0,0,-0.519590226040073,0.854415587991948,3.5,0,0,0,0,0,1753378560,1753378574.98785,100,100,0,0,0,0,1,0,0,0,0,0,0,1753378560
419,1753378575.00442,-1.089,-24.773,0,0,0,-0.519590226040073,0.854415587991948,3.5,0,0,0,0,0,1753378560,1753378574.99619,100,100,0,0,0,0,1,0,0,0,0,0,0,1753378560
420,1753378575.01256,-1.089,-24.773,0,0,0,-0.519590226040073,0.854415587991948,3.5,0,0,0,0,0,1753378560,1753378575.00445,100,100,0,0,0,0,1,0,0,0,0,0,0,1753378560
421,1753378575.02107,-1.089,-24.773,0,0,0,-0.519590226040073,0.854415587991948,3.5,0,0,0,0,0,1753378560,1753378575.01259,100,100,0,0,0,0,1,0,0,0,0,0,0,1753378560
422,1753378575.02936,-1.089,-24.773,0,0,0,-0.519590226040073,0.854415587991948,3.5,0,0,0,0,0,1753378560,1753378575.0211,100,100,0,0,0,0,1,0,0,0,0,0,0,1753378560
423,1753378575.03779,-1.089,-24.773,0,0,0,-0.519590226040073,0.854415587991948,3.5,0,0,0,0,0,1753378560,1753378575.02938,100,100,0,0,0,0,1,0,0,0,0,0,0,1753378560
424,1753378575.04599,-1.089,-24.773,0,0,0,-0.519590226040073,0.854415587991948,3.5,0,0,0,0,0,1753378560,1753378575.03781,100,100,0,0,0,0,1,0,0,0,0,0,0,1753378560
425,1753378575.05442,-1.089,-24.773,0,0,0,-0.519590226040073,0.854415587991948,3.5,0,0,0,0,0,1753378560,1753378575.04601,100,100,0,0,0,0,1,0,0,0,0,0,0,1753378560
426,1753378575.06261,-1.089,-24.773,0,0,0,-0.519590226040073,0.854415587991948,3.5,0,0,0,0,0,1753378560,1753378575.05445,100,100,0,0,0,0,1,0,0,0,0,0,0,1753378560
427,1753378575.07116,-1.089,-24.773,0,0,0,-0.519590226040073,0.854415587991948,3.5,0,0,0,0,0,1753378560,1753378575.06263,100,100,0,0,0,0,1,0,0,0,0,0,0,1753378560
428,1753378575.07935,-1.089,-24.773,0,0,0,-0.519590226040073,0.854415587991948,3.5,0,0,0,0,0,1753378560,1753378575.07119,100,100,0,0,0,0,1,0,0,0,0,0,0,1753378560
429,1753378575.08784,-1.089,-24.773,0,0,0,-0.519590226040073,0.854415587991948,3.5,0,0,0,0,0,1753378560,1753378575.07938,100,100,0,0,0,0,1,0,0,0,0,0,0,1753378560
430,1753378575.09609,-1.089,-24.773,0,0,0,-0.519590226040073,0.854415587991948,3.5,0,0,0,0,0,1753378560,1753378575.08787,100,100,0,0,0,0,1,0,0,0,0,0,0,1753378560
431,1753378575.10456,-1.089,-24.773,0,0,0,-0.519590226040073,0.854415587991948,3.5,0,0,0,0,0,1753378560,1753378575.09612,100,100,0,0,0,0,1,0,0,0,0,0,0,1753378560
432,1753378575.11295,-1.089,-24.773,0,0,0,-0.519590226040073,0.854415587991948,3.5,0,0,0,0,0,1753378560,1753378575.1046,100,100,0,0,0,0,1,0,0,0,0,0,0,1753378560
433,1753378575.12115,-1.089,-24.773,0,0,0,-0.519590226040073,0.854415587991948,3.5,0,0,0,0,0,1753378560,1753378575.11299,100,100,0,0,0,0,1,0,0,0,0,0,0,1753378560
434,1753378575.12948,-1.089,-24.773,0,0,0,-0.519590226040073,0.854415587991948,3.5,0,0,0,0,0,1753378560,1753378575.12118,100,100,0,0,0,0,1,0,0,0,0,0,0,1753378560
435,1753378575.13775,-1.089,-24.773,0,0,0,-0.519590226040073,0.854415587991948,3.5,0,0,0,0,0,1753378560,1753378575.12951,100,100,0,0,0,0,1,0,0,0,0,0,0,1753378560
436,1753378575.14599,-1.089,-24.773,0,0,0,-0.519590226040073,0.854415587991948,3.5,0,0,0,0,0,1753378560,1753378575.13778,100,100,0,0,0,0,1,0,0,0,0,0,0,1753378560
437,1753378575.1544,-1.089,-24.773,0,0,0,-0.519590226040073,0.854415587991948,3.5,0,0,0,0,0,1753378560,1753378575.14602,100,100,0,0,0,0,1,0,0,0,0,0,0,1753378560
438,1753378575.16264,-1.089,-24.773,0,0,0,-0.519590226040073,0.854415587991948,3.5,0,0,0,0,0,1753378560,1753378575.15442,100,100,0,0,0,0,1,0,0,0,0,0,0,1753378560
439,1753378575.17122,-1.089,-24.773,0,0,0,-0.519590226040073,0.854415587991948,3.5,0,0,0,0,0,1753378560,1753378575.16266,100,100,0,0,0,0,1,0,0,0,0,0,0,1753378560
440,1753378575.17968,-1.089,-24.773,0,0,0,-0.519590226040073,0.854415587991948,3.5,0,0,0,0,0,1753378560,1753378575.17129,100,100,0,0,0,0,1,0,0,0,0,0,0,1753378560
441,1753378575.18802,-1.089,-24.773,0,0,0,-0.519590226040073,0.854415587991948,3.5,0,0,0,0,0,1753378560,1753378575.17973,100,100,0,0,0,0,1,0,0,0,0,0,0,1753378560
442,1753378575.19618,-1.089,-24.773,0,0,0,-0.519590226040073,0.854415587991948,3.5,0,0,0,0,0,1753378560,1753378575.18807,100,100,0,0,0,0,1,0,0,0,0,0,0,1753378560
443,1753378575.20458,-1.089,-24.773,0,0,0,-0.519590226040073,0.854415587991948,3.5,0,0,0,0,0,1753378560,1753378575.19622,100,100,0,0,0,0,1,0,0,0,0,0,0,1753378560
444,1753378575.21284,-1.089,-24.773,0,0,0,-0.519590226040073,0.854415587991948,3.5,0,0,0,0,0,1753378560,1753378575.20463,100,100,0,0,0,0,1,0,0,0,0,0,0,1753378560
445,1753378575.22118,-1.089,-24.773,0,0,0,-0.519590226040073,0.854415587991948,3.5,0,0,0,0,0,1753378560,1753378575.21288,100,100,0,0,0,0,1,0,0,0,0,0,0,1753378560
446,1753378575.22938,-1.089,-24.773,0,0,0,-0.519590226040073,0.854415587991948,3.5,0,0,0,0,0,1753378560,1753378575.22121,100,100,0,0,0,0,1,0,0,0,0,0,0,1753378560
447,1753378575.23776,-1.089,-24.773,0,0,0,-0.519590226040073,0.854415587991948,3.5,0,0,0,0,0,1753378560,1753378575.2294,100,100,0,0,0,0,1,0,0,0,0,0,0,1753378560
448,1753378575.24597,-1.089,-24.773,0,0,0,-0.519590226040073,0.854415587991948,3.5,0,0,0,0,0,1753378560,1753378575.23779,100,100,0,0,0,0,1,0,0,0,0,0,0,1753378560
449,1753378575.25435,-1.089,-24.773,0,0,0,-0.519590226040073,0.854415587991948,3.5,0,0,0,0,0,1753378560,1753378575.246,100,100,0,0,0,0,1,0,0,0,0,0,0,1753378560
450,1753378575.2627,-1.089,-24.773,0,0,0,-0.519590226040073,0.854415587991948,3.5,0,0,0,0,0,1753378560,1753378575.25438,100,100,0,0,0,0,1,0,0,0,0,0,0,1753378560
451,1753378575.27159,-1.089,-24.773,0,0,0,-0.519590226040073,0.854415587991948,3.5,0,0,0,0,0,1753378560,1753378575.26273,100,100,0,0,0,0,1,0,0,0,0,0,0,1753378560
452,1753378575.27954,-1.089,-24.773,0,0,0,-0.519590226040073,0.854415587991948,3.5,0,0,0,0,0,1753378560,1753378575.27163,100,100,0,0,0,0,1,0,0,0,0,0,0,1753378560
453,1753378575.28826,-1.089,-24.773,0,0,0,-0.519590226040073,0.854415587991948,3.5,0,0,0,0,0,1753378560,1753378575.27958,100,100,0,0,0,0,1,0,0,0,0,0,0,1753378560
454,1753378575.29623,-1.089,-24.773,0,0,0,-0.519590226040073,0.854415587991948,3.5,0,0,0,0,0,1753378560,1753378575.28828,100,100,0,0,0,0,1,0,0,0,0,0,0,1753378560
455,1753378575.30469,-1.089,-24.773,0,0,0,-0.519590226040073,0.854415587991948,3.5,0,0,0,0,0,1753378560,1753378575.29627,100,100,0,0,0,0,1,0,0,0,0,0,0,1753378560
456,1753378575.31299,-1.089,-24.773,0,0,0,-0.519590226040073,0.854415587991948,3.5,0,0,0,0,0,1753378560,1753378575.30476,100,100,0,0,0,0,1,0,0,0,0,0,0,1753378560
457,1753378575.3214,-1.089,-24.773,0,0,0,-0.519590226040073,0.854415587991948,3.5,0,0,0,0,0,1753378560,1753378575.31304,100,100,0,0,0,0,1,0,0,0,0,0,0,1753378560
458,1753378575.32963,-1.089,-24.773,0,0,0,-0.519590226040073,0.854415587991948,3.5,0,0,0,0,0,1753378560,1753378575.32145,100,100,0,0,0,0,1,0,0,0,0,0,0,1753378560
459,1753378575.33826,-1.089,-24.773,0,0,0,-0.519590226040073,0.854415587991948,3.5,0,0,0,0,0,1753378560,1753378575.32967,100,100,0,0,0,0,1,0,0,0,0,0,0,1753378560
460,1753378575.34601,-1.089,-24.773,0,0,0,-0.519590226040073,0.854415587991948,3.5,0,0,0,0,0,1753378560,1753378575.33837,100,100,0,0,0,0,1,0,0,0,0,0,0,1753378560
461,1753378575.35448,-1.089,-24.773,0,0,0,-0.519590226040073,0.854415587991948,3.5,0,0,0,0,0,1753378560,1753378575.34603,100,100,0,0,0,0,1,0,0,0,0,0,0,1753378560
462,1753378575.36261,-1.089,-24.773,0,0,0,-0.519590226040073,0.854415587991948,3.5,0,0,0,0,0,1753378560,1753378575.35451,100,100,0,0,0,0,1,0,0,0,0,0,0,1753378560
463,1753378575.37105,-1.089,-24.773,0,0,0,-0.519590226040073,0.854415587991948,3.5,0,0,0,0,0,1753378560,1753378575.36264,100,100,0,0,0,0,1,0,0,0,0,0,0,1753378560
464,1753378575.37946,-1.089,-24.773,0,0,0,-0.519590226040073,0.854415587991948,3.5,0,0,0,0,0,1753378560,1753378575.37107,100,100,0,0,0,0,1,0,0,0,0,0,0,1753378560
465,1753378575.3878,-1.089,-24.773,0,0,0,-0.519590226040073,0.854415587991948,3.5,0,0,0,0,0,1753378560,1753378575.37949,100,100,0,0,0,0,1,0,0,0,0,0,0,1753378560
466,1753378575.39628,-1.089,-24.773,0,0,0,-0.519590226040073,0.854415587991948,3.5,0,0,0,0,0,1753378560,1753378575.38783,100,100,0,0,0,0,1,0,0,0,0,0,0,1753378560
467,1753378575.40533,-1.089,-24.773,0,0,0,-0.519590226040073,0.854415587991948,3.5,0,0,0,0,0,1753378560,1753378575.39633,100,100,0,0,0,0,1,0,0,0,0,0,0,1753378560
468,1753378575.41326,-1.089,-24.773,0,0,0,-0.519590226040073,0.854415587991948,3.5,0,0,0,0,0,1753378560,1753378575.40541,100,100,0,0,0,0,1,0,0,0,0,0,0,1753378560
469,1753378575.42117,-1.089,-24.773,0,0,0,-0.519590226040073,0.854415587991948,3.5,0,0,0,0,0,1753378560,1753378575.41331,100,100,0,0,0,0,1,0,0,0,0,0,0,1753378560
470,1753378575.4295,-1.089,-24.773,0,0,0,-0.519590226040073,0.854415587991948,3.5,0,0,0,0,0,1753378560,1753378575.4212,100,100,0,0,0,0,1,0,0,0,0,0,0,1753378560
471,1753378575.43775,-1.089,-24.773,0,0,0,-0.519590226040073,0.854415587991948,3.5,0,0,0,0,0,1753378560,1753378575.42953,100,100,0,0,0,0,1,0,0,0,0,0,0,1753378560
472,1753378575.44597,-1.089,-24.773,0,0,0,-0.519590226040073,0.854415587991948,3.5,0,0,0,0,0,1753378560,1753378575.4378,100,100,0,0,0,0,1,0,0,0,0,0,0,1753378560
473,1753378575.45434,-1.089,-24.773,0,0,0,-0.519590226040073,0.854415587991948,3.5,0,0,0,0,0,1753378560,1753378575.446,100,100,0,0,0,0,1,0,0,0,0,0,0,1753378560
474,1753378575.46258,-1.089,-24.773,0,0,0,-0.519590226040073,0.854415587991948,3.5,0,0,0,0,0,1753378560,1753378575.45437,100,100,0,0,0,0,1,0,0,0,0,0,0,1753378560
475,1753378575.47106,-1.089,-24.773,0,0,0,-0.519590226040073,0.854415587991948,3.5,0,0,0,0,0,1753378560,1753378575.4626,100,100,0,0,0,0,1,0,0,0,0,0,0,1753378560
476,1753378575.4794,-1.089,-24.773,0,0,0,-0.519590226040073,0.854415587991948,3.5,0,0,0,0,0,1753378560,1753378575.47109,100,100,0,0,0,0,1,0,0,0,0,0,0,1753378560
477,1753378575.48788,-1.089,-24.773,0,0,0,-0.519590226040073,0.854415587991948,3.5,0,0,0,0,0,1753378560,1753378575.47943,100,100,0,0,0,0,1,0,0,0,0,0,0,1753378560
478,1753378575.49614,-1.089,-24.773,0,0,0,-0.519590226040073,0.854415587991948,3.5,0,0,0,0,0,1753378560,1753378575.48792,100,100,0,0,0,0,1,0,0,0,0,0,0,1753378560
479,1753378575.50448,-1.089,-24.773,0,0,0,-0.519590226040073,0.854415587991948,3.5,0,0,0,0,0,1753378560,1753378575.49618,100,100,0,0,0,0,1,0,0,0,0,0,0,1753378560
480,1753378575.51266,-1.089,-24.773,0,0,0,-0.519590226040073,0.854415587991948,3.5,0,0,0,0,0,1753378560,1753378575.50451,100,100,0,0,0,0,1,0,0,0,0,0,0,1753378560
481,1753378575.52113,-1.089,-24.773,0,0,0,-0.519590226040073,0.854415587991948,3.5,0,0,0,0,0,1753378560,1753378575.51268,100,100,0,0,0,0,1,0,0,0,0,0,0,1753378560
482,1753378575.52948,-1.089,-24.773,0,0,0,-0.519590226040073,0.854415587991948,3.5,0,0,0,0,0,1753378560,1753378575.52116,100,100,0,0,0,0,1,0,0,0,0,0,0,1753378560
483,1753378575.53821,-1.089,-24.773,0,0,0,-0.519590226040073,0.854415587991948,3.5,0,0,0,0,0,1753378560,1753378575.52951,100,100,0,0,0,0,1,0,0,0,0,0,0,1753378560
484,1753378575.54601,-1.089,-24.773,0,0,0,-0.519590226040073,0.854415587991948,3.5,0,0,0,0,0,1753378560,1753378575.53823,100,100,0,0,0,0,1,0,0,0,0,0,0,1753378560
485,1753378575.55441,-1.089,-24.773,0,0,0,-0.519590226040073,0.854415587991948,3.5,0,0,0,0,0,1753378560,1753378575.54603,100,100,0,0,0,0,1,0,0,0,0,0,0,1753378560
486,1753378575.56258,-1.089,-24.773,0,0,0,-0.519590226040073,0.854415587991948,3.5,0,0,0,0,0,1753378560,1753378575.55444,100,100,0,0,0,0,1,0,0,0,0,0,0,1753378560
487,1753378575.57106,-1.089,-24.773,0,0,0,-0.519590226040073,0.854415587991948,3.5,0,0,0,0,0,1753378560,1753378575.5626,100,100,0,0,0,0,1,0,0,0,0,0,0,1753378560
488,1753378575.57931,-1.089,-24.773,0,0,0,-0.519590226040073,0.854415587991948,3.5,0,0,0,0,0,1753378560,1753378575.57109,100,100,0,0,0,0,1,0,0,0,0,0,0,1753378560
489,1753378575.58778,-1.089,-24.773,0,0,0,-0.519590226040073,0.854415587991948,3.5,0,0,0,0,0,1753378560,1753378575.57933,100,100,0,0,0,0,1,0,0,0,0,0,0,1753378560
490,1753378575.59594,-1.089,-24.773,0,0,0,-0.519590226040073,0.854415587991948,3.5,0,0,0,0,0,1753378560,1753378575.5878,100,100,0,0,0,0,1,0,0,0,0,0,0,1753378560
491,1753378575.60443,-1.089,-24.773,0,0,0,-0.519590226040073,0.854415587991948,3.5,0,0,0,0,0,1753378560,1753378575.59597,100,100,0,0,0,0,1,0,0,0,0,0,0,1753378560
492,1753378575.61262,-1.089,-24.773,0,0,0,-0.519590226040073,0.854415587991948,3.5,0,0,0,0,0,1753378560,1753378575.60446,100,100,0,0,0,0,1,0,0,0,0,0,0,1753378560
493,1753378575.62105,-1.089,-24.773,0,0,0,-0.519590226040073,0.854415587991948,3.5,0,0,0,0,0,1753378560,1753378575.61264,100,100,0,0,0,0,1,0,0,0,0,0,0,1753378560
494,1753378575.62933,-1.089,-24.773,0,0,0,-0.519590226040073,0.854415587991948,3.5,0,0,0,0,0,1753378560,1753378575.62107,100,100,0,0,0,0,1,0,0,0,0,0,0,1753378560
495,1753378575.63799,-1.089,-24.773,0,0,0,-0.519590226040073,0.854415587991948,3.5,0,0,0,0,0,1753378560,1753378575.62936,100,100,0,0,0,0,1,0,0,0,0,0,0,1753378560
496,1753378575.646,-1.089,-24.773,0,0,0,-0.519590226040073,0.854415587991948,3.5,0,0,0,0,0,1753378560,1753378575.63804,100,100,0,0,0,0,1,0,0,0,0,0,0,1753378560
497,1753378575.65468,-1.089,-24.773,0,0,0,-0.519590226040073,0.854415587991948,3.5,0,0,0,0,0,1753378560,1753378575.64602,100,100,0,0,0,0,1,0,0,0,0,0,0,1753378560
498,1753378575.66258,-1.089,-24.773,0,0,0,-0.519590226040073,0.854415587991948,3.5,0,0,0,0,0,1753378560,1753378575.65472,100,100,0,0,0,0,1,0,0,0,0,0,0,1753378560
499,1753378575.67108,-1.089,-24.773,0,0,0,-0.519590226040073,0.854415587991948,3.5,0,0,0,0,0,1753378560,1753378575.6626,100,100,0,0,0,0,1,0,0,0,0,0,0,1753378560
500,1753378575.6795,-1.089,-24.773,0,0,0,-0.519590226040073,0.854415587991948,3.5,0,0,0,0,0,1753378560,1753378575.67111,100,100,0,0,0,0,1,0,0,0,0,0,0,1753378560
501,1753378575.68777,-1.089,-24.773,0,0,0,-0.519590226040073,0.854415587991948,3.5,0,0,0,0,0,1753378560,1753378575.67952,100,100,0,0,0,0,1,0,0,0,0,0,0,1753378560
502,1753378575.69598,-1.089,-24.773,0,0,0,-0.519590226040073,0.854415587991948,3.5,0,0,0,0,0,1753378560,1753378575.68779,100,100,0,0,0,0,1,0,0,0,0,0,0,1753378560
503,1753378575.70553,-1.089,-24.773,0,0,0,-0.519590226040073,0.854415587991948,3.5,0,0,0,0,0,1753378560,1753378575.696,100,100,0,0,0,0,1,0,0,0,0,0,0,1753378560
504,1753378575.71286,-1.089,-24.773,0,0,0,-0.519590226040073,0.854415587991948,3.5,0,0,0,0,0,1753378560,1753378575.7056,100,100,0,0,0,0,1,0,0,0,0,0,0,1753378560
505,1753378575.72166,-1.089,-24.773,0,0,0,-0.519590226040073,0.854415587991948,3.5,0,0,0,0,0,1753378560,1753378575.7129,100,100,0,0,0,0,1,0,0,0,0,0,0,1753378560
506,1753378575.72964,-1.089,-24.773,0,0,0,-0.519590226040073,0.854415587991948,3.5,0,0,0,0,0,1753378560,1753378575.72171,100,100,0,0,0,0,1,0,0,0,0,0,0,1753378560
507,1753378575.73792,-1.089,-24.773,0,0,0,-0.519590226040073,0.854415587991948,3.5,0,0,0,0,0,1753378560,1753378575.72968,100,100,0,0,0,0,1,0,0,0,0,0,0,1753378560
508,1753378575.746,-1.089,-24.773,0,0,0,-0.519590226040073,0.854415587991948,3.5,0,0,0,0,0,1753378560,1753378575.73795,100,100,0,0,0,0,1,0,0,0,0,0,0,1753378560
509,1753378575.75471,-1.089,-24.773,0,0,0,-0.519590226040073,0.854415587991948,3.5,0,0,0,0,0,1753378560,1753378575.74603,100,100,0,0,0,0,1,0,0,0,0,0,0,1753378560
510,1753378575.76285,-1.089,-24.773,0,0,0,-0.519590226040073,0.854415587991948,3.5,0,0,0,0,0,1753378560,1753378575.75475,100,100,0,0,0,0,1,0,0,0,0,0,0,1753378560
511,1753378575.77137,-1.089,-24.773,0,0,0,-0.519590226040073,0.854415587991948,3.5,0,0,0,0,0,1753378560,1753378575.76289,100,100,0,0,0,0,1,0,0,0,0,0,0,1753378560
512,1753378575.77956,-1.089,-24.773,0,0,0,-0.519590226040073,0.854415587991948,3.5,0,0,0,0,0,1753378560,1753378575.77142,100,100,0,0,0,0,1,0,0,0,0,0,0,1753378560
513,1753378575.7879,-1.089,-24.773,0,0,0,-0.519590226040073,0.854415587991948,3.5,0,0,0,0,0,1753378560,1753378575.77958,100,100,0,0,0,0,1,0,0,0,0,0,0,1753378560
514,1753378575.79623,-1.089,-24.773,0,0,0,-0.519590226040073,0.854415587991948,3.5,0,0,0,0,0,1753378560,1753378575.78793,100,100,0,0,0,0,1,0,0,0,0,0,0,1753378560
515,1753378575.80459,-1.089,-24.773,0,0,0,-0.519590226040073,0.854415587991948,3.5,0,0,0,0,0,1753378560,1753378575.79627,100,100,0,0,0,0,1,0,0,0,0,0,0,1753378560
516,1753378575.81261,-1.089,-24.773,0,0,0,-0.519590226040073,0.854415587991948,3.5,0,0,0,0,0,1753378560,1753378575.80462,100,100,0,0,0,0,1,0,0,0,0,0,0,1753378560
517,1753378575.82152,-1.089,-24.773,0,0,0,-0.519590226040073,0.854415587991948,3.5,0,0,0,0,0,1753378560,1753378575.81263,100,100,0,0,0,0,1,0,0,0,0,0,0,1753378560
518,1753378575.82965,-1.089,-24.773,0,0,0,-0.519590226040073,0.854415587991948,3.5,0,0,0,0,0,1753378560,1753378575.82158,100,100,0,0,0,0,1,0,0,0,0,0,0,1753378560
519,1753378575.83811,-1.089,-24.773,0,0,0,-0.519590226040073,0.854415587991948,3.5,0,0,0,0,0,1753378560,1753378575.82969,100,100,0,0,0,0,1,0,0,0,0,0,0,1753378560
520,1753378575.84624,-1.089,-24.773,0,0,0,-0.519590226040073,0.854415587991948,3.5,0,0,0,0,0,1753378560,1753378575.83816,100,100,0,0,0,0,1,0,0,0,0,0,0,1753378560
521,1753378575.8552,-1.089,-24.773,0,0,0,-0.519590226040073,0.854415587991948,3.5,0,0,0,0,0,1753378560,1753378575.84629,100,100,0,0,0,0,1,0,0,0,0,0,0,1753378560
522,1753378575.8626,-1.089,-24.773,0,0,0,-0.519590226040073,0.854415587991948,3.5,0,0,0,0,0,1753378560,1753378575.85531,100,100,0,0,0,0,1,0,0,0,0,0,0,1753378560
523,1753378575.87111,-1.089,-24.773,0,0,0,-0.519590226040073,0.854415587991948,3.5,0,0,0,0,0,1753378560,1753378575.86263,100,100,0,0,0,0,1,0,0,0,0,0,0,1753378560
524,1753378575.8796,-1.089,-24.773,0,0,0,-0.519590226040073,0.854415587991948,3.5,0,0,0,0,0,1753378560,1753378575.87114,100,100,0,0,0,0,1,0,0,0,0,0,0,1753378560
525,1753378575.88802,-1.089,-24.773,0,0,0,-0.519590226040073,0.854415587991948,3.5,0,0,0,0,0,1753378560,1753378575.87965,100,100,0,0,0,0,1,0,0,0,0,0,0,1753378560
526,1753378575.89634,-1.089,-24.773,0,0,0,-0.519590226040073,0.854415587991948,3.5,0,0,0,0,0,1753378560,1753378575.88807,100,100,0,0,0,0,1,0,0,0,0,0,0,1753378560
527,1753378575.90445,-1.089,-24.773,0,0,0,-0.519590226040073,0.854415587991948,3.5,0,0,0,0,0,1753378560,1753378575.89639,100,100,0,0,0,0,1,0,0,0,0,0,0,1753378560
528,1753378575.91259,-1.089,-24.773,0,0,0,-0.519590226040073,0.854415587991948,3.5,0,0,0,0,0,1753378560,1753378575.90448,100,100,0,0,0,0,1,0,0,0,0,0,0,1753378560
529,1753378575.92121,-1.089,-24.773,0,0,0,-0.519590226040073,0.854415587991948,3.5,0,0,0,0,0,1753378560,1753378575.91261,100,100,0,0,0,0,1,0,0,0,0,0,0,1753378560
530,1753378575.92945,-1.089,-24.773,0,0,0,-0.519590226040073,0.854415587991948,3.5,0,0,0,0,0,1753378560,1753378575.92124,100,100,0,0,0,0,1,0,0,0,0,0,0,1753378560
531,1753378575.93804,-1.089,-24.773,0,0,0,-0.519590226040073,0.854415587991948,3.5,0,0,0,0,0,1753378560,1753378575.92948,100,100,0,0,0,0,1,0,0,0,0,0,0,1753378560
532,1753378575.94599,-1.089,-24.773,0,0,0,-0.519590226040073,0.854415587991948,3.5,0,0,0,0,0,1753378560,1753378575.93808,100,100,0,0,0,0,1,0,0,0,0,0,0,1753378560
533,1753378575.95548,-1.089,-24.773,0,0,0,-0.519590226040073,0.854415587991948,3.5,0,0,0,0,0,1753378560,1753378575.94601,100,100,0,0,0,0,1,0,0,0,0,0,0,1753378560
534,1753378575.9627,-1.089,-24.773,0,0,0,-0.519590226040073,0.854415587991948,3.5,0,0,0,0,0,1753378560,1753378575.95555,100,100,0,0,0,0,1,0,0,0,0,0,0,1753378560
535,1753378575.97109,-1.089,-24.773,0,0,0,-0.519590226040073,0.854415587991948,3.5,0,0,0,0,0,1753378560,1753378575.96272,100,100,0,0,0,0,1,0,0,0,0,0,0,1753378560
536,1753378575.97947,-1.089,-24.773,0,0,0,-0.519590226040073,0.854415587991948,3.5,0,0,0,0,0,1753378560,1753378575.97112,100,100,0,0,0,0,1,0,0,0,0,0,0,1753378560
537,1753378575.98794,-1.089,-24.773,0,0,0,-0.519590226040073,0.854415587991948,3.5,0,0,0,0,0,1753378560,1753378575.9795,100,100,0,0,0,0,1,0,0,0,0,0,0,1753378560
538,1753378575.99642,-1.089,-24.773,0,0,0,-0.519590226040073,0.854415587991948,3.5,0,0,0,0,0,1753378560,1753378575.98797,100,100,0,0,0,0,1,0,0,0,0,0,0,1753378560
539,1753378576.00484,-1.089,-24.773,0,0,0,-0.519590226040073,0.854415587991948,3.5,0,0,0,0,0,1753378560,1753378575.99647,100,100,0,0,0,0,1,0,0,0,0,0,0,1753378560
540,1753378576.01331,-1.089,-24.773,0,0,0,-0.519590226040073,0.854415587991948,3.5,0,0,0,0,0,1753378560,1753378576.00492,100,100,0,0,0,0,1,0,0,0,0,0,0,1753378560
541,1753378576.02214,-1.089,-24.773,0,0,0,-0.519590226040073,0.854415587991948,3.5,0,0,0,0,0,1753378560,1753378576.01337,100,100,0,0,0,0,1,0,0,0,0,0,0,1753378560
542,1753378576.02938,-1.089,-24.773,0,0,0,-0.519590226040073,0.854415587991948,3.5,0,0,0,0,0,1753378560,1753378576.02227,100,100,0,0,0,0,1,0,0,0,0,0,0,1753378560
543,1753378576.03784,-1.089,-24.773,0,0,0,-0.519590226040073,0.854415587991948,3.5,0,0,0,0,0,1753378560,1753378576.02941,100,100,0,0,0,0,1,0,0,0,0,0,0,1753378560
544,1753378576.04618,-1.089,-24.773,0,0,0,-0.519590226040073,0.854415587991948,3.5,0,0,0,0,0,1753378560,1753378576.03787,100,100,0,0,0,0,1,0,0,0,0,0,0,1753378560
545,1753378576.05465,-1.089,-24.773,0,0,0,-0.519590226040073,0.854415587991948,3.5,0,0,0,0,0,1753378560,1753378576.04622,100,100,0,0,0,0,1,0,0,0,0,0,0,1753378560
546,1753378576.06264,-1.089,-24.773,0,0,0,-0.519590226040073,0.854415587991948,3.5,0,0,0,0,0,1753378560,1753378576.05469,100,100,0,0,0,0,1,0,0,0,0,0,0,1753378560
547,1753378576.07107,-1.089,-24.773,0,0,0,-0.519590226040073,0.854415587991948,3.5,0,0,0,0,0,1753378560,1753378576.06266,100,100,0,0,0,0,1,0,0,0,0,0,0,1753378560
548,1753378576.0794,-1.089,-24.773,0,0,0,-0.519590226040073,0.854415587991948,3.5,0,0,0,0,0,1753378560,1753378576.0711,100,100,0,0,0,0,1,0,0,0,0,0,0,1753378560
549,1753378576.08784,-1.089,-24.773,0,0,0,-0.519590226040073,0.854415587991948,3.5,0,0,0,0,0,1753378560,1753378576.07943,100,100,0,0,0,0,1,0,0,0,0,0,0,1753378560
550,1753378576.09598,-1.089,-24.773,0,0,0,-0.519590226040073,0.854415587991948,3.5,0,0,0,0,0,1753378560,1753378576.08787,100,100,0,0,0,0,1,0,0,0,0,0,0,1753378560
551,1753378576.10465,-1.089,-24.773,0,0,0,-0.519590226040073,0.854415587991948,3.5,0,0,0,0,0,1753378560,1753378576.096,100,100,0,0,0,0,1,0,0,0,0,0,0,1753378560
552,1753378576.11262,-1.089,-24.773,0,0,0,-0.519590226040073,0.854415587991948,3.5,0,0,0,0,0,1753378560,1753378576.1047,100,100,0,0,0,0,1,0,0,0,0,0,0,1753378560
553,1753378576.12105,-1.089,-24.773,0,0,0,-0.519590226040073,0.854415587991948,3.5,0,0,0,0,0,1753378560,1753378576.11265,100,100,0,0,0,0,1,0,0,0,0,0,0,1753378560
554,1753378576.12943,-1.089,-24.773,0,0,0,-0.519590226040073,0.854415587991948,3.5,0,0,0,0,0,1753378560,1753378576.12108,100,100,0,0,0,0,1,0,0,0,0,0,0,1753378560
555,1753378576.13773,-1.089,-24.773,0,0,0,-0.519590226040073,0.854415587991948,3.5,0,0,0,0,0,1753378560,1753378576.12946,100,100,0,0,0,0,1,0,0,0,0,0,0,1753378560
556,1753378576.14595,-1.089,-24.773,0,0,0,-0.519590226040073,0.854415587991948,3.5,0,0,0,0,0,1753378560,1753378576.13776,100,100,0,0,0,0,1,0,0,0,0,0,0,1753378560
557,1753378576.15458,-1.089,-24.773,0,0,0,-0.519590226040073,0.854415587991948,3.5,0,0,0,0,0,1753378560,1753378576.14597,100,100,0,0,0,0,1,0,0,0,0,0,0,1753378560
558,1753378576.16263,-1.089,-24.773,0,0,0,-0.519590226040073,0.854415587991948,3.5,0,0,0,0,0,1753378560,1753378576.15462,100,100,0,0,0,0,1,0,0,0,0,0,0,1753378560
559,1753378576.17106,-1.089,-24.773,0,0,0,-0.519590226040073,0.854415587991948,3.5,0,0,0,0,0,1753378560,1753378576.16266,100,100,0,0,0,0,1,0,0,0,0,0,0,1753378560
560,1753378576.17951,-1.089,-24.773,0,0,0,-0.519590226040073,0.854415587991948,3.5,0,0,0,0,0,1753378560,1753378576.17109,100,100,0,0,0,0,1,0,0,0,0,0,0,1753378560
561,1753378576.18797,-1.089,-24.773,0,0,0,-0.519590226040073,0.854415587991948,3.5,0,0,0,0,0,1753378560,1753378576.17954,100,100,0,0,0,0,1,0,0,0,0,0,0,1753378560
562,1753378576.19616,-1.089,-24.773,0,0,0,-0.519590226040073,0.854415587991948,3.5,0,0,0,0,0,1753378560,1753378576.188,100,100,0,0,0,0,1,0,0,0,0,0,0,1753378560
563,1753378576.20446,-1.089,-24.773,0,0,0,-0.519590226040073,0.854415587991948,3.5,0,0,0,0,0,1753378560,1753378576.19619,100,100,0,0,0,0,1,0,0,0,0,0,0,1753378560
564,1753378576.21259,-1.089,-24.773,0,0,0,-0.519590226040073,0.854415587991948,3.5,0,0,0,0,0,1753378560,1753378576.20448,100,100,0,0,0,0,1,0,0,0,0,0,0,1753378560
565,1753378576.22109,-1.089,-24.773,0,0,0,-0.519590226040073,0.854415587991948,3.5,0,0,0,0,0,1753378560,1753378576.21262,100,100,0,0,0,0,1,0,0,0,0,0,0,1753378560
566,1753378576.22968,-1.089,-24.773,0,0,0,-0.519590226040073,0.854415587991948,3.5,0,0,0,0,0,1753378560,1753378576.22112,100,100,0,0,0,0,1,0,0,0,0,0,0,1753378560
567,1753378576.23806,-1.089,-24.773,0,0,0,-0.519590226040073,0.854415587991948,3.5,0,0,0,0,0,1753378560,1753378576.22972,100,100,0,0,0,0,1,0,0,0,0,0,0,1753378560
568,1753378576.24624,-1.089,-24.773,0,0,0,-0.519590226040073,0.854415587991948,3.5,0,0,0,0,0,1753378560,1753378576.23811,100,100,0,0,0,0,1,0,0,0,0,0,0,1753378560
569,1753378576.25456,-1.089,-24.773,0,0,0,-0.519590226040073,0.854415587991948,3.5,0,0,0,0,0,1753378560,1753378576.2463,100,100,0,0,0,0,1,0,0,0,0,0,0,1753378560
570,1753378576.26256,-1.089,-24.773,0,0,0,-0.519590226040073,0.854415587991948,3.5,0,0,0,0,0,1753378560,1753378576.25459,100,100,0,0,0,0,1,0,0,0,0,0,0,1753378560
571,1753378576.27118,-1.089,-24.773,0,0,0,-0.519590226040073,0.854415587991948,3.5,0,0,0,0,0,1753378560,1753378576.26259,100,100,0,0,0,0,1,0,0,0,0,0,0,1753378560
572,1753378576.27935,-1.089,-24.773,0,0,0,-0.519590226040073,0.854415587991948,3.5,0,0,0,0,0,1753378560,1753378576.27121,100,100,0,0,0,0,1,0,0,0,0,0,0,1753378560
573,1753378576.28779,-1.089,-24.773,0,0,0,-0.519590226040073,0.854415587991948,3.5,0,0,0,0,0,1753378560,1753378576.27938,100,100,0,0,0,0,1,0,0,0,0,0,0,1753378560
574,1753378576.29602,-1.089,-24.773,0,0,0,-0.519590226040073,0.854415587991948,3.5,0,0,0,0,0,1753378560,1753378576.28782,100,100,0,0,0,0,1,0,0,0,0,0,0,1753378560
575,1753378576.30439,-1.089,-24.773,0,0,0,-0.519590226040073,0.854415587991948,3.5,0,0,0,0,0,1753378560,1753378576.29605,100,100,0,0,0,0,1,0,0,0,0,0,0,1753378560
576,1753378576.31291,-1.089,-24.773,0,0,0,-0.519590226040073,0.854415587991948,3.5,0,0,0,0,0,1753378560,1753378576.30442,100,100,0,0,0,0,1,0,0,0,0,0,0,1753378560
577,1753378576.3213,-1.089,-24.773,0,0,0,-0.519590226040073,0.854415587991948,3.5,0,0,0,0,0,1753378560,1753378576.31296,100,100,0,0,0,0,1,0,0,0,0,0,0,1753378560
578,1753378576.32937,-1.089,-24.773,0,0,0,-0.519590226040073,0.854415587991948,3.5,0,0,0,0,0,1753378560,1753378576.32133,100,100,0,0,0,0,1,0,0,0,0,0,0,1753378560
579,1753378576.3386,-1.089,-24.773,0,0,0,-0.519590226040073,0.854415587991948,3.5,0,0,0,0,0,1753378560,1753378576.3294,100,100,0,0,0,0,1,0,0,0,0,0,0,1753378560
580,1753378576.34626,-1.089,-24.773,0,0,0,-0.519590226040073,0.854415587991948,3.5,0,0,0,0,0,1753378560,1753378576.33867,100,100,0,0,0,0,1,0,0,0,0,0,0,1753378560
581,1753378576.3547,-1.089,-24.773,0,0,0,-0.519590226040073,0.854415587991948,3.5,0,0,0,0,0,1753378560,1753378576.34631,100,100,0,0,0,0,1,0,0,0,0,0,0,1753378560
582,1753378576.3626,-1.089,-24.773,0,0,0,-0.519590226040073,0.854415587991948,3.5,0,0,0,0,0,1753378560,1753378576.35474,100,100,0,0,0,0,1,0,0,0,0,0,0,1753378560
583,1753378576.37106,-1.089,-24.773,0,0,0,-0.519590226040073,0.854415587991948,3.5,0,0,0,0,0,1753378560,1753378576.36262,100,100,0,0,0,0,1,0,0,0,0,0,0,1753378560
584,1753378576.37925,-1.089,-24.773,0,0,0,-0.519590226040073,0.854415587991948,3.5,0,0,0,0,0,1753378560,1753378576.37109,100,100,0,0,0,0,1,0,0,0,0,0,0,1753378560
585,1753378576.38774,-1.089,-24.773,0,0,0,-0.519590226040073,0.854415587991948,3.5,0,0,0,0,0,1753378560,1753378576.37927,100,100,0,0,0,0,1,0,0,0,0,0,0,1753378560
586,1753378576.39622,-1.089,-24.773,0,0,0,-0.519590226040073,0.854415587991948,3.5,0,0,0,0,0,1753378560,1753378576.38776,100,100,0,0,0,0,1,0,0,0,0,0,0,1753378560
587,1753378576.40458,-1.089,-24.773,0,0,0,-0.519590226040073,0.854415587991948,3.5,0,0,0,0,0,1753378560,1753378576.39627,100,100,0,0,0,0,1,0,0,0,0,0,0,1753378560
588,1753378576.41259,-1.089,-24.773,0,0,0,-0.519590226040073,0.854415587991948,3.5,0,0,0,0,0,1753378560,1753378576.4046,100,100,0,0,0,0,1,0,0,0,0,0,0,1753378560
589,1753378576.42113,-1.089,-24.773,0,0,0,-0.519590226040073,0.854415587991948,3.5,0,0,0,0,0,1753378560,1753378576.41261,100,100,0,0,0,0,1,0,0,0,0,0,0,1753378560
590,1753378576.42927,-1.089,-24.773,0,0,0,-0.519590226040073,0.854415587991948,3.5,0,0,0,0,0,1753378560,1753378576.42115,100,100,0,0,0,0,1,0,0,0,0,0,0,1753378560
591,1753378576.43774,-1.089,-24.773,0,0,0,-0.519590226040073,0.854415587991948,3.5,0,0,0,0,0,1753378560,1753378576.42929,100,100,0,0,0,0,1,0,0,0,0,0,0,1753378560
592,1753378576.44624,-1.089,-24.773,0,0,0,-0.519590226040073,0.854415587991948,3.5,0,0,0,0,0,1753378560,1753378576.43776,100,100,0,0,0,0,1,0,0,0,0,0,0,1753378560
593,1753378576.45458,-1.089,-24.773,0,0,0,-0.519590226040073,0.854415587991948,3.5,0,0,0,0,0,1753378560,1753378576.44629,100,100,0,0,0,0,1,0,0,0,0,0,0,1753378560
594,1753378576.46296,-1.089,-24.773,0,0,0,-0.519590226040073,0.854415587991948,3.5,0,0,0,0,0,1753378560,1753378576.45462,100,100,0,0,0,0,1,0,0,0,0,0,0,1753378560
595,1753378576.47168,-1.089,-24.773,0,0,0,-0.519590226040073,0.854415587991948,3.5,0,0,0,0,0,1753378560,1753378576.46301,100,100,0,0,0,0,1,0,0,0,0,0,0,1753378560
596,1753378576.47962,-1.089,-24.773,0,0,0,-0.519590226040073,0.854415587991948,3.5,0,0,0,0,0,1753378560,1753378576.47175,100,100,0,0,0,0,1,0,0,0,0,0,0,1753378560
597,1753378576.48805,-1.089,-24.773,0,0,0,-0.519590226040073,0.854415587991948,3.5,0,0,0,0,0,1753378560,1753378576.47966,100,100,0,0,0,0,1,0,0,0,0,0,0,1753378560
598,1753378576.49596,-1.089,-24.773,0,0,0,-0.519590226040073,0.854415587991948,3.5,0,0,0,0,0,1753378560,1753378576.4881,100,100,0,0,0,0,1,0,0,0,0,0,0,1753378560
599,1753378576.50455,-1.089,-24.773,0,0,0,-0.519590226040073,0.854415587991948,3.5,0,0,0,0,0,1753378560,1753378576.49599,100,100,0,0,0,0,1,0,0,0,0,0,0,1753378560
600,1753378576.51277,-1.089,-24.773,0,0,0,-0.519590226040073,0.854415587991948,3.5,0,0,0,0,0,1753378560,1753378576.50458,100,100,0,0,0,0,1,0,0,0,0,0,0,1753378560
601,1753378576.52115,-1.089,-24.773,0,0,0,-0.519590226040073,0.854415587991948,3.5,0,0,0,0,0,1753378560,1753378576.51279,100,100,0,0,0,0,1,0,0,0,0,0,0,1753378560
602,1753378576.52949,-1.089,-24.773,0,0,0,-0.519590226040073,0.854415587991948,3.5,0,0,0,0,0,1753378560,1753378576.52118,100,100,0,0,0,0,1,0,0,0,0,0,0,1753378560
603,1753378576.53773,-1.089,-24.773,0,0,0,-0.519590226040073,0.854415587991948,3.5,0,0,0,0,0,1753378560,1753378576.52952,100,100,0,0,0,0,1,0,0,0,0,0,0,1753378560
604,1753378576.54592,-1.089,-24.773,0,0,0,-0.519590226040073,0.854415587991948,3.5,0,0,0,0,0,1753378560,1753378576.53775,100,100,0,0,0,0,1,0,0,0,0,0,0,1753378560
605,1753378576.55437,-1.089,-24.773,0,0,0,-0.519590226040073,0.854415587991948,3.5,0,0,0,0,0,1753378560,1753378576.54595,100,100,0,0,0,0,1,0,0,0,0,0,0,1753378560
606,1753378576.56257,-1.089,-24.773,0,0,0,-0.519590226040073,0.854415587991948,3.5,0,0,0,0,0,1753378560,1753378576.55439,100,100,0,0,0,0,1,0,0,0,0,0,0,1753378560
607,1753378576.57114,-1.089,-24.773,0,0,0,-0.519590226040073,0.854415587991948,3.5,0,0,0,0,0,1753378560,1753378576.56259,100,100,0,0,0,0,1,0,0,0,0,0,0,1753378560
608,1753378576.57933,-1.089,-24.773,0,0,0,-0.519590226040073,0.854415587991948,3.5,0,0,0,0,0,1753378560,1753378576.57116,100,100,0,0,0,0,1,0,0,0,0,0,0,1753378560
609,1753378576.58775,-1.089,-24.773,0,0,0,-0.519590226040073,0.854415587991948,3.5,0,0,0,0,0,1753378560,1753378576.57935,100,100,0,0,0,0,1,0,0,0,0,0,0,1753378560
610,1753378576.59598,-1.089,-24.773,0,0,0,-0.519590226040073,0.854415587991948,3.5,0,0,0,0,0,1753378560,1753378576.58778,100,100,0,0,0,0,1,0,0,0,0,0,0,1753378560
611,1753378576.60474,-1.089,-24.773,0,0,0,-0.519590226040073,0.854415587991948,3.5,0,0,0,0,0,1753378560,1753378576.59601,100,100,0,0,0,0,1,0,0,0,0,0,0,1753378560
612,1753378576.61282,-1.089,-24.773,0,0,0,-0.519590226040073,0.854415587991948,3.5,0,0,0,0,0,1753378560,1753378576.60479,100,100,0,0,0,0,1,0,0,0,0,0,0,1753378560
613,1753378576.62131,-1.089,-24.773,0,0,0,-0.519590226040073,0.854415587991948,3.5,0,0,0,0,0,1753378560,1753378576.61286,100,100,0,0,0,0,1,0,0,0,0,0,0,1753378560
614,1753378576.62931,-1.089,-24.773,0,0,0,-0.519590226040073,0.854415587991948,3.5,0,0,0,0,0,1753378560,1753378576.62135,100,100,0,0,0,0,1,0,0,0,0,0,0,1753378560
615,1753378576.63774,-1.089,-24.773,0,0,0,-0.519590226040073,0.854415587991948,3.5,0,0,0,0,0,1753378560,1753378576.62933,100,100,0,0,0,0,1,0,0,0,0,0,0,1753378560
616,1753378576.64639,-1.089,-24.773,0,0,0,-0.519590226040073,0.854415587991948,3.5,0,0,0,0,0,1753378560,1753378576.63777,100,100,0,0,0,0,1,0,0,0,0,0,0,1753378560
617,1753378576.65463,-1.089,-24.773,0,0,0,-0.519590226040073,0.854415587991948,3.5,0,0,0,0,0,1753378560,1753378576.64642,100,100,0,0,0,0,1,0,0,0,0,0,0,1753378560
618,1753378576.66259,-1.089,-24.773,0,0,0,-0.519590226040073,0.854415587991948,3.5,0,0,0,0,0,1753378560,1753378576.65468,100,100,0,0,0,0,1,0,0,0,0,0,0,1753378560
619,1753378576.67106,-1.089,-24.773,0,0,0,-0.519590226040073,0.854415587991948,3.5,0,0,0,0,0,1753378560,1753378576.66262,100,100,0,0,0,0,1,0,0,0,0,0,0,1753378560
620,1753378576.67931,-1.089,-24.773,0,0,0,-0.519590226040073,0.854415587991948,3.5,0,0,0,0,0,1753378560,1753378576.67108,100,100,0,0,0,0,1,0,0,0,0,0,0,1753378560
621,1753378576.68802,-1.089,-24.773,0,0,0,-0.519590226040073,0.854415587991948,3.5,0,0,0,0,0,1753378560,1753378576.67933,100,100,0,0,0,0,1,0,0,0,0,0,0,1753378560
622,1753378576.69613,-1.089,-24.773,0,0,0,-0.519590226040073,0.854415587991948,3.5,0,0,0,0,0,1753378560,1753378576.68807,100,100,0,0,0,0,1,0,0,0,0,0,0,1753378560
623,1753378576.70447,-1.089,-24.773,0,0,0,-0.519590226040073,0.854415587991948,3.5,0,0,0,0,0,1753378560,1753378576.69616,100,100,0,0,0,0,1,0,0,0,0,0,0,1753378560
624,1753378576.7126,-1.089,-24.773,0,0,0,-0.519590226040073,0.854415587991948,3.5,0,0,0,0,0,1753378560,1753378576.70449,100,100,0,0,0,0,1,0,0,0,0,0,0,1753378560
625,1753378576.72102,-1.089,-24.773,0,0,0,-0.519590226040073,0.854415587991948,3.5,0,0,0,0,0,1753378560,1753378576.71262,100,100,0,0,0,0,1,0,0,0,0,0,0,1753378560
626,1753378576.72943,-1.089,-24.773,0,0,0,-0.519590226040073,0.854415587991948,3.5,0,0,0,0,0,1753378560,1753378576.72105,100,100,0,0,0,0,1,0,0,0,0,0,0,1753378560
627,1753378576.73773,-1.089,-24.773,0,0,0,-0.519590226040073,0.854415587991948,3.5,0,0,0,0,0,1753378560,1753378576.72945,100,100,0,0,0,0,1,0,0,0,0,0,0,1753378560
628,1753378576.74609,-1.089,-24.773,0,0,0,-0.519590226040073,0.854415587991948,3.5,0,0,0,0,0,1753378560,1753378576.73776,100,100,0,0,0,0,1,0,0,0,0,0,0,1753378560
629,1753378576.75471,-1.089,-24.773,0,0,0,-0.519590226040073,0.854415587991948,3.5,0,0,0,0,0,1753378560,1753378576.74613,100,100,0,0,0,0,1,0,0,0,0,0,0,1753378560
630,1753378576.76275,-1.089,-24.773,0,0,0,-0.519590226040073,0.854415587991948,3.5,0,0,0,0,0,1753378560,1753378576.75474,100,100,0,0,0,0,1,0,0,0,0,0,0,1753378560
631,1753378576.77115,-1.089,-24.773,0,0,0,-0.519590226040073,0.854415587991948,3.5,0,0,0,0,0,1753378560,1753378576.76278,100,100,0,0,0,0,1,0,0,0,0,0,0,1753378560
632,1753378576.77938,-1.089,-24.773,0,0,0,-0.519590226040073,0.854415587991948,3.5,0,0,0,0,0,1753378560,1753378576.77117,100,100,0,0,0,0,1,0,0,0,0,0,0,1753378560
633,1753378576.78794,-1.089,-24.773,0,0,0,-0.519590226040073,0.854415587991948,3.5,0,0,0,0,0,1753378560,1753378576.77941,100,100,0,0,0,0,1,0,0,0,0,0,0,1753378560
634,1753378576.79595,-1.089,-24.773,0,0,0,-0.519590226040073,0.854415587991948,3.5,0,0,0,0,0,1753378560,1753378576.78796,100,100,0,0,0,0,1,0,0,0,0,0,0,1753378560
635,1753378576.80444,-1.089,-24.773,0,0,0,-0.519590226040073,0.854415587991948,3.5,0,0,0,0,0,1753378560,1753378576.79597,100,100,0,0,0,0,1,0,0,0,0,0,0,1753378560
636,1753378576.81258,-1.089,-24.773,0,0,0,-0.519590226040073,0.854415587991948,3.5,0,0,0,0,0,1753378560,1753378576.80447,100,100,0,0,0,0,1,0,0,0,0,0,0,1753378560
637,1753378576.8212,-1.089,-24.773,0,0,0,-0.519590226040073,0.854415587991948,3.5,0,0,0,0,0,1753378560,1753378576.8126,100,100,0,0,0,0,1,0,0,0,0,0,0,1753378560
638,1753378576.82939,-1.089,-24.773,0,0,0,-0.519590226040073,0.854415587991948,3.5,0,0,0,0,0,1753378560,1753378576.82124,100,100,0,0,0,0,1,0,0,0,0,0,0,1753378560
639,1753378576.83811,-1.089,-24.773,0,0,0,-0.519590226040073,0.854415587991948,3.5,0,0,0,0,0,1753378560,1753378576.82942,100,100,0,0,0,0,1,0,0,0,0,0,0,1753378560
640,1753378576.84618,-1.089,-24.773,0,0,0,-0.519590226040073,0.854415587991948,3.5,0,0,0,0,0,1753378560,1753378576.83816,100,100,0,0,0,0,1,0,0,0,0,0,0,1753378560
641,1753378576.85456,-1.089,-24.773,0,0,0,-0.519590226040073,0.854415587991948,3.5,0,0,0,0,0,1753378560,1753378576.84622,100,100,0,0,0,0,1,0,0,0,0,0,0,1753378560
642,1753378576.86267,-1.089,-24.773,0,0,0,-0.519590226040073,0.854415587991948,3.5,0,0,0,0,0,1753378560,1753378576.85459,100,100,0,0,0,0,1,0,0,0,0,0,0,1753378560
643,1753378576.87118,-1.089,-24.773,0,0,0,-0.519590226040073,0.854415587991948,3.5,0,0,0,0,0,1753378560,1753378576.86273,100,100,0,0,0,0,1,0,0,0,0,0,0,1753378560
644,1753378576.87942,-1.089,-24.773,0,0,0,-0.519590226040073,0.854415587991948,3.5,0,0,0,0,0,1753378560,1753378576.87121,100,100,0,0,0,0,1,0,0,0,0,0,0,1753378560
645,1753378576.88792,-1.089,-24.773,0,0,0,-0.519590226040073,0.854415587991948,3.5,0,0,0,0,0,1753378560,1753378576.87945,100,100,0,0,0,0,1,0,0,0,0,0,0,1753378560
646,1753378576.89601,-1.089,-24.773,0,0,0,-0.519590226040073,0.854415587991948,3.5,0,0,0,0,0,1753378560,1753378576.88795,100,100,0,0,0,0,1,0,0,0,0,0,0,1753378560
647,1753378576.90449,-1.089,-24.773,0,0,0,-0.519590226040073,0.854415587991948,3.5,0,0,0,0,0,1753378560,1753378576.89603,100,100,0,0,0,0,1,0,0,0,0,0,0,1753378560
648,1753378576.91273,-1.089,-24.773,0,0,0,-0.519590226040073,0.854415587991948,3.5,0,0,0,0,0,1753378560,1753378576.90452,100,100,0,0,0,0,1,0,0,0,0,0,0,1753378560
649,1753378576.92104,-1.089,-24.773,0,0,0,-0.519590226040073,0.854415587991948,3.5,0,0,0,0,0,1753378560,1753378576.91276,100,100,0,0,0,0,1,0,0,0,0,0,0,1753378560
650,1753378576.92933,-1.089,-24.773,0,0,0,-0.519590226040073,0.854415587991948,3.5,0,0,0,0,0,1753378560,1753378576.92107,100,100,0,0,0,0,1,0,0,0,0,0,0,1753378560
651,1753378576.93775,-1.089,-24.773,0,0,0,-0.519590226040073,0.854415587991948,3.5,0,0,0,0,0,1753378560,1753378576.92935,100,100,0,0,0,0,1,0,0,0,0,0,0,1753378560
652,1753378576.94592,-1.089,-24.773,0,0,0,-0.519590226040073,0.854415587991948,3.5,0,0,0,0,0,1753378560,1753378576.93777,100,100,0,0,0,0,1,0,0,0,0,0,0,1753378560
653,1753378576.95459,-1.089,-24.773,0,0,0,-0.519590226040073,0.854415587991948,3.5,0,0,0,0,0,1753378560,1753378576.94594,100,100,0,0,0,0,1,0,0,0,0,0,0,1753378560
654,1753378576.9626,-1.089,-24.773,0,0,0,-0.519590226040073,0.854415587991948,3.5,0,0,0,0,0,1753378560,1753378576.95462,100,100,0,0,0,0,1,0,0,0,0,0,0,1753378560
655,1753378576.97135,-1.089,-24.773,0,0,0,-0.519590226040073,0.854415587991948,3.5,0,0,0,0,0,1753378560,1753378576.96263,100,100,0,0,0,0,1,0,0,0,0,0,0,1753378560
656,1753378576.97957,-1.089,-24.773,0,0,0,-0.519590226040073,0.854415587991948,3.5,0,0,0,0,0,1753378560,1753378576.9714,100,100,0,0,0,0,1,0,0,0,0,0,0,1753378560
657,1753378576.98797,-1.089,-24.773,0,0,0,-0.519590226040073,0.854415587991948,3.5,0,0,0,0,0,1753378560,1753378576.9796,100,100,0,0,0,0,1,0,0,0,0,0,0,1753378560
658,1753378576.99617,-1.089,-24.773,0,0,0,-0.519590226040073,0.854415587991948,3.5,0,0,0,0,0,1753378560,1753378576.988,100,100,0,0,0,0,1,0,0,0,0,0,0,1753378560
659,1753378577.00475,-1.089,-24.773,0,0,0,-0.519590226040073,0.854415587991948,3.5,0,0,0,0,0,1753378560,1753378576.99622,100,100,0,0,0,0,1,0,0,0,0,0,0,1753378560
660,1753378577.01289,-1.089,-24.773,0,0,0,-0.519590226040073,0.854415587991948,3.5,0,0,0,0,0,1753378560,1753378577.0048,100,100,0,0,0,0,1,0,0,0,0,0,0,1753378560
661,1753378577.0214,-1.089,-24.773,0,0,0,-0.519590226040073,0.854415587991948,3.5,0,0,0,0,0,1753378560,1753378577.01294,100,100,0,0,0,0,1,0,0,0,0,0,0,1753378560
662,1753378577.02942,-1.089,-24.773,0,0,0,-0.519590226040073,0.854415587991948,3.5,0,0,0,0,0,1753378560,1753378577.02143,100,100,0,0,0,0,1,0,0,0,0,0,0,1753378560
663,1753378577.03774,-1.089,-24.773,0,0,0,-0.519590226040073,0.854415587991948,3.5,0,0,0,0,0,1753378560,1753378577.02945,100,100,0,0,0,0,1,0,0,0,0,0,0,1753378560
664,1753378577.04591,-1.089,-24.773,0,0,0,-0.519590226040073,0.854415587991948,3.5,0,0,0,0,0,1753378560,1753378577.03777,100,100,0,0,0,0,1,0,0,0,0,0,0,1753378560
665,1753378577.05495,-1.089,-24.773,0,0,0,-0.519590226040073,0.854415587991948,3.5,0,0,0,0,0,1753378560,1753378577.04593,100,100,0,0,0,0,1,0,0,0,0,0,0,1753378560
666,1753378577.06275,-1.089,-24.773,0,0,0,-0.519590226040073,0.854415587991948,3.5,0,0,0,0,0,1753378560,1753378577.05499,100,100,0,0,0,0,1,0,0,0,0,0,0,1753378560
667,1753378577.07163,-1.089,-24.773,0,0,0,-0.519590226040073,0.854415587991948,3.5,0,0,0,0,0,1753378560,1753378577.06278,100,100,0,0,0,0,1,0,0,0,0,0,0,1753378560
668,1753378577.0794,-1.089,-24.773,0,0,0,-0.519590226040073,0.854415587991948,3.5,0,0,0,0,0,1753378560,1753378577.07168,100,100,0,0,0,0,1,0,0,0,0,0,0,1753378560
669,1753378577.08783,-1.089,-24.773,0,0,0,-0.519590226040073,0.854415587991948,3.5,0,0,0,0,0,1753378560,1753378577.07943,100,100,0,0,0,0,1,0,0,0,0,0,0,1753378560
670,1753378577.09602,-1.089,-24.773,0,0,0,-0.519590226040073,0.854415587991948,3.5,0,0,0,0,0,1753378560,1753378577.08786,100,100,0,0,0,0,1,0,0,0,0,0,0,1753378560
671,1753378577.10464,-1.089,-24.773,0,0,0,-0.519590226040073,0.854415587991948,3.5,0,0,0,0,0,1753378560,1753378577.09605,100,100,0,0,0,0,1,0,0,0,0,0,0,1753378560
672,1753378577.11262,-1.089,-24.773,0,0,0,-0.519590226040073,0.854415587991948,3.5,0,0,0,0,0,1753378560,1753378577.10466,100,100,0,0,0,0,1,0,0,0,0,0,0,1753378560
673,1753378577.12123,-1.089,-24.773,0,0,0,-0.519590226040073,0.854415587991948,3.5,0,0,0,0,0,1753378560,1753378577.11264,100,100,0,0,0,0,1,0,0,0,0,0,0,1753378560
674,1753378577.12933,-1.089,-24.773,0,0,0,-0.519590226040073,0.854415587991948,3.5,0,0,0,0,0,1753378560,1753378577.12125,100,100,0,0,0,0,1,0,0,0,0,0,0,1753378560
675,1753378577.138,-1.089,-24.773,0,0,0,-0.519590226040073,0.854415587991948,3.5,0,0,0,0,0,1753378560,1753378577.12935,100,100,0,0,0,0,1,0,0,0,0,0,0,1753378560
676,1753378577.14603,-1.089,-24.773,0,0,0,-0.519590226040073,0.854415587991948,3.5,0,0,0,0,0,1753378560,1753378577.13802,100,100,0,0,0,0,1,0,0,0,0,0,0,1753378560
677,1753378577.15553,-1.089,-24.773,0,0,0,-0.519590226040073,0.854415587991948,3.5,0,0,0,0,0,1753378560,1753378577.14606,100,100,0,0,0,0,1,0,0,0,0,0,0,1753378560
678,1753378577.16261,-1.089,-24.773,0,0,0,-0.519590226040073,0.854415587991948,3.5,0,0,0,0,0,1753378560,1753378577.15556,100,100,0,0,0,0,1,0,0,0,0,0,0,1753378560
679,1753378577.17114,-1.089,-24.773,0,0,0,-0.519590226040073,0.854415587991948,3.5,0,0,0,0,0,1753378560,1753378577.16263,100,100,0,0,0,0,1,0,0,0,0,0,0,1753378560
680,1753378577.17929,-1.089,-24.773,0,0,0,-0.519590226040073,0.854415587991948,3.5,0,0,0,0,0,1753378560,1753378577.17116,100,100,0,0,0,0,1,0,0,0,0,0,0,1753378560
681,1753378577.18781,-1.089,-24.773,0,0,0,-0.519590226040073,0.854415587991948,3.5,0,0,0,0,0,1753378560,1753378577.17932,100,100,0,0,0,0,1,0,0,0,0,0,0,1753378560
682,1753378577.19599,-1.089,-24.773,0,0,0,-0.519590226040073,0.854415587991948,3.5,0,0,0,0,0,1753378560,1753378577.18783,100,100,0,0,0,0,1,0,0,0,0,0,0,1753378560
683,1753378577.20488,-1.089,-24.773,0,0,0,-0.519590226040073,0.854415587991948,3.5,0,0,0,0,0,1753378560,1753378577.19602,100,100,0,0,0,0,1,0,0,0,0,0,0,1753378560
684,1753378577.2126,-1.089,-24.773,0,0,0,-0.519590226040073,0.854415587991948,3.5,0,0,0,0,0,1753378560,1753378577.20495,100,100,0,0,0,0,1,0,0,0,0,0,0,1753378560
685,1753378577.22108,-1.089,-24.773,0,0,0,-0.519590226040073,0.854415587991948,3.5,0,0,0,0,0,1753378560,1753378577.21262,100,100,0,0,0,0,1,0,0,0,0,0,0,1753378560
686,1753378577.22937,-1.089,-24.773,0,0,0,-0.519590226040073,0.854415587991948,3.5,0,0,0,0,0,1753378560,1753378577.2211,100,100,0,0,0,0,1,0,0,0,0,0,0,1753378560
687,1753378577.23778,-1.089,-24.773,0,0,0,-0.519590226040073,0.854415587991948,3.5,0,0,0,0,0,1753378560,1753378577.2294,100,100,0,0,0,0,1,0,0,0,0,0,0,1753378560
688,1753378577.24623,-1.089,-24.773,0,0,0,-0.519590226040073,0.854415587991948,3.5,0,0,0,0,0,1753378560,1753378577.23781,100,100,0,0,0,0,1,0,0,0,0,0,0,1753378560
689,1753378577.25446,-1.089,-24.773,0,0,0,-0.519590226040073,0.854415587991948,3.5,0,0,0,0,0,1753378560,1753378577.24628,100,100,0,0,0,0,1,0,0,0,0,0,0,1753378560
690,1753378577.26263,-1.089,-24.773,0,0,0,-0.519590226040073,0.854415587991948,3.5,0,0,0,0,0,1753378560,1753378577.25449,100,100,0,0,0,0,1,0,0,0,0,0,0,1753378560
691,1753378577.27111,-1.089,-24.773,0,0,0,-0.519590226040073,0.854415587991948,3.5,0,0,0,0,0,1753378560,1753378577.26266,100,100,0,0,0,0,1,0,0,0,0,0,0,1753378560
692,1753378577.27932,-1.089,-24.773,0,0,0,-0.519590226040073,0.854415587991948,3.5,0,0,0,0,0,1753378560,1753378577.27114,100,100,0,0,0,0,1,0,0,0,0,0,0,1753378560
693,1753378577.28775,-1.089,-24.773,0,0,0,-0.519590226040073,0.854415587991948,3.5,0,0,0,0,0,1753378560,1753378577.27935,100,100,0,0,0,0,1,0,0,0,0,0,0,1753378560
694,1753378577.29603,-1.089,-24.773,0,0,0,-0.519590226040073,0.854415587991948,3.5,0,0,0,0,0,1753378560,1753378577.28777,100,100,0,0,0,0,1,0,0,0,0,0,0,1753378560
695,1753378577.30457,-1.089,-24.773,0,0,0,-0.519590226040073,0.854415587991948,3.5,0,0,0,0,0,1753378560,1753378577.29605,100,100,0,0,0,0,1,0,0,0,0,0,0,1753378560
696,1753378577.3126,-1.089,-24.773,0,0,0,-0.519590226040073,0.854415587991948,3.5,0,0,0,0,0,1753378560,1753378577.30459,100,100,0,0,0,0,1,0,0,0,0,0,0,1753378560
697,1753378577.32142,-1.089,-24.773,0,0,0,-0.519590226040073,0.854415587991948,3.5,0,0,0,0,0,1753378560,1753378577.31263,100,100,0,0,0,0,1,0,0,0,0,0,0,1753378560
698,1753378577.3294,-1.089,-24.773,0,0,0,-0.519590226040073,0.854415587991948,3.5,0,0,0,0,0,1753378560,1753378577.32147,100,100,0,0,0,0,1,0,0,0,0,0,0,1753378560
699,1753378577.33895,-1.089,-24.773,0,0,0,-0.519590226040073,0.854415587991948,3.5,0,0,0,0,0,1753378560,1753378577.32943,100,100,0,0,0,0,1,0,0,0,0,0,0,1753378560
700,1753378577.3473,-1.089,-24.773,0,0,0,-0.519590226040073,0.854415587991948,3.5,0,0,0,0,0,1753378560,1753378577.33903,100,100,0,0,0,0,1,0,0,0,0,0,0,1753378560
701,1753378577.35566,-1.089,-24.773,0,0,0,-0.519590226040073,0.854415587991948,3.5,0,0,0,0,0,1753378560,1753378577.34739,100,100,0,0,0,0,1,0,0,0,0,0,0,1753378560
702,1753378577.36334,-1.089,-24.773,0,0,0,-0.519590226040073,0.854415587991948,3.5,0,0,0,0,0,1753378560,1753378577.35573,100,100,0,0,0,0,1,0,0,0,0,0,0,1753378560
703,1753378577.37109,-1.089,-24.773,0,0,0,-0.519590226040073,0.854415587991948,3.5,0,0,0,0,0,1753378560,1753378577.36336,100,100,0,0,0,0,1,0,0,0,0,0,0,1753378560
704,1753378577.37947,-1.089,-24.773,0,0,0,-0.519590226040073,0.854415587991948,3.5,0,0,0,0,0,1753378560,1753378577.37111,100,100,0,0,0,0,1,0,0,0,0,0,0,1753378560
705,1753378577.38795,-1.089,-24.773,0,0,0,-0.519590226040073,0.854415587991948,3.5,0,0,0,0,0,1753378560,1753378577.37949,100,100,0,0,0,0,1,0,0,0,0,0,0,1753378560
706,1753378577.39594,-1.089,-24.773,0,0,0,-0.519590226040073,0.854415587991948,3.5,0,0,0,0,0,1753378560,1753378577.38798,100,100,0,0,0,0,1,0,0,0,0,0,0,1753378560
707,1753378577.40437,-1.089,-24.773,0,0,0,-0.519590226040073,0.854415587991948,3.5,0,0,0,0,0,1753378560,1753378577.39596,100,100,0,0,0,0,1,0,0,0,0,0,0,1753378560
708,1753378577.41264,-1.089,-24.773,0,0,0,-0.519590226040073,0.854415587991948,3.5,0,0,0,0,0,1753378560,1753378577.4044,100,100,0,0,0,0,1,0,0,0,0,0,0,1753378560
709,1753378577.42106,-1.089,-24.773,0,0,0,-0.519590226040073,0.854415587991948,3.5,0,0,0,0,0,1753378560,1753378577.41266,100,100,0,0,0,0,1,0,0,0,0,0,0,1753378560
710,1753378577.42947,-1.089,-24.773,0,0,0,-0.519590226040073,0.854415587991948,3.5,0,0,0,0,0,1753378560,1753378577.42109,100,100,0,0,0,0,1,0,0,0,0,0,0,1753378560
711,1753378577.4381,-1.089,-24.773,0,0,0,-0.519590226040073,0.854415587991948,3.5,0,0,0,0,0,1753378560,1753378577.4295,100,100,0,0,0,0,1,0,0,0,0,0,0,1753378560
712,1753378577.44603,-1.089,-24.773,0,0,0,-0.519590226040073,0.854415587991948,3.5,0,0,0,0,0,1753378560,1753378577.43814,100,100,0,0,0,0,1,0,0,0,0,0,0,1753378560
713,1753378577.45489,-1.089,-24.773,0,0,0,-0.519590226040073,0.854415587991948,3.5,0,0,0,0,0,1753378560,1753378577.44605,100,100,0,0,0,0,1,0,0,0,0,0,0,1753378560
714,1753378577.46261,-1.089,-24.773,0,0,0,-0.519590226040073,0.854415587991948,3.5,0,0,0,0,0,1753378560,1753378577.45495,100,100,0,0,0,0,1,0,0,0,0,0,0,1753378560
715,1753378577.47111,-1.089,-24.773,0,0,0,-0.519590226040073,0.854415587991948,3.5,0,0,0,0,0,1753378560,1753378577.46263,100,100,0,0,0,0,1,0,0,0,0,0,0,1753378560
716,1753378577.4794,-1.089,-24.773,0,0,0,-0.519590226040073,0.854415587991948,3.5,0,0,0,0,0,1753378560,1753378577.47113,100,100,0,0,0,0,1,0,0,0,0,0,0,1753378560
717,1753378577.48782,-1.089,-24.773,0,0,0,-0.519590226040073,0.854415587991948,3.5,0,0,0,0,0,1753378560,1753378577.47943,100,100,0,0,0,0,1,0,0,0,0,0,0,1753378560
718,1753378577.49598,-1.089,-24.773,0,0,0,-0.519590226040073,0.854415587991948,3.5,0,0,0,0,0,1753378560,1753378577.48785,100,100,0,0,0,0,1,0,0,0,0,0,0,1753378560
719,1753378577.50458,-1.089,-24.773,0,0,0,-0.519590226040073,0.854415587991948,3.5,0,0,0,0,0,1753378560,1753378577.49601,100,100,0,0,0,0,1,0,0,0,0,0,0,1753378560
720,1753378577.51259,-1.089,-24.773,0,0,0,-0.519590226040073,0.854415587991948,3.5,0,0,0,0,0,1753378560,1753378577.50462,100,100,0,0,0,0,1,0,0,0,0,0,0,1753378560
721,1753378577.52157,-1.089,-24.773,0,0,0,-0.519590226040073,0.854415587991948,3.5,0,0,0,0,0,1753378560,1753378577.51261,100,100,0,0,0,0,1,0,0,0,0,0,0,1753378560
722,1753378577.52975,-1.089,-24.773,0,0,0,-0.519590226040073,0.854415587991948,3.5,0,0,0,0,0,1753378560,1753378577.52159,100,100,0,0,0,0,1,0,0,0,0,0,0,1753378560
723,1753378577.53796,-1.089,-24.773,0,0,0,-0.519590226040073,0.854415587991948,3.5,0,0,0,0,0,1753378560,1753378577.5298,100,100,0,0,0,0,1,0,0,0,0,0,0,1753378560
724,1753378577.5461,-1.089,-24.773,0,0,0,-0.519590226040073,0.854415587991948,3.5,0,0,0,0,0,1753378560,1753378577.53799,100,100,0,0,0,0,1,0,0,0,0,0,0,1753378560
725,1753378577.55576,-1.089,-24.773,0,0,0,-0.519590226040073,0.854415587991948,3.5,0,0,0,0,0,1753378560,1753378577.54613,100,100,0,0,0,0,1,0,0,0,0,0,0,1753378560
726,1753378577.56264,-1.089,-24.773,0,0,0,-0.519590226040073,0.854415587991948,3.5,0,0,0,0,0,1753378560,1753378577.55584,100,100,0,0,0,0,1,0,0,0,0,0,0,1753378560
727,1753378577.57106,-1.089,-24.773,0,0,0,-0.519590226040073,0.854415587991948,3.5,0,0,0,0,0,1753378560,1753378577.56266,100,100,0,0,0,0,1,0,0,0,0,0,0,1753378560
728,1753378577.57935,-1.089,-24.773,0,0,0,-0.519590226040073,0.854415587991948,3.5,0,0,0,0,0,1753378560,1753378577.57108,100,100,0,0,0,0,1,0,0,0,0,0,0,1753378560
729,1753378577.58789,-1.089,-24.773,0,0,0,-0.519590226040073,0.854415587991948,3.5,0,0,0,0,0,1753378560,1753378577.57937,100,100,0,0,0,0,1,0,0,0,0,0,0,1753378560
730,1753378577.59594,-1.089,-24.773,0,0,0,-0.519590226040073,0.854415587991948,3.5,0,0,0,0,0,1753378560,1753378577.58792,100,100,0,0,0,0,1,0,0,0,0,0,0,1753378560
731,1753378577.60463,-1.089,-24.773,0,0,0,-0.519590226040073,0.854415587991948,3.5,0,0,0,0,0,1753378560,1753378577.59596,100,100,0,0,0,0,1,0,0,0,0,0,0,1753378560
732,1753378577.61257,-1.089,-24.773,0,0,0,-0.519590226040073,0.854415587991948,3.5,0,0,0,0,0,1753378560,1753378577.60468,100,100,0,0,0,0,1,0,0,0,0,0,0,1753378560
733,1753378577.62108,-1.089,-24.773,0,0,0,-0.519590226040073,0.854415587991948,3.5,0,0,0,0,0,1753378560,1753378577.61259,100,100,0,0,0,0,1,0,0,0,0,0,0,1753378560
734,1753378577.62941,-1.089,-24.773,0,0,0,-0.519590226040073,0.854415587991948,3.5,0,0,0,0,0,1753378560,1753378577.62111,100,100,0,0,0,0,1,0,0,0,0,0,0,1753378560
735,1753378577.63776,-1.089,-24.773,0,0,0,-0.519590226040073,0.854415587991948,3.5,0,0,0,0,0,1753378560,1753378577.62944,100,100,0,0,0,0,1,0,0,0,0,0,0,1753378560
736,1753378577.64597,-1.089,-24.773,0,0,0,-0.519590226040073,0.854415587991948,3.5,0,0,0,0,0,1753378560,1753378577.63779,100,100,0,0,0,0,1,0,0,0,0,0,0,1753378560
737,1753378577.65469,-1.089,-24.773,0,0,0,-0.519590226040073,0.854415587991948,3.5,0,0,0,0,0,1753378560,1753378577.64599,100,100,0,0,0,0,1,0,0,0,0,0,0,1753378560
738,1753378577.66275,-1.089,-24.773,0,0,0,-0.519590226040073,0.854415587991948,3.5,0,0,0,0,0,1753378560,1753378577.65472,100,100,0,0,0,0,1,0,0,0,0,0,0,1753378560
739,1753378577.67108,-1.089,-24.773,0,0,0,-0.519590226040073,0.854415587991948,3.5,0,0,0,0,0,1753378560,1753378577.66278,100,100,0,0,0,0,1,0,0,0,0,0,0,1753378560
740,1753378577.67962,-1.089,-24.773,0,0,0,-0.519590226040073,0.854415587991948,3.5,0,0,0,0,0,1753378560,1753378577.6711,100,100,0,0,0,0,1,0,0,0,0,0,0,1753378560
741,1753378577.68813,-1.089,-24.773,0,0,0,-0.519590226040073,0.854415587991948,3.5,0,0,0,0,0,1753378560,1753378577.67966,100,100,0,0,0,0,1,0,0,0,0,0,0,1753378560
742,1753378577.69629,-1.089,-24.773,0,0,0,-0.519590226040073,0.854415587991948,3.5,0,0,0,0,0,1753378560,1753378577.68817,100,100,0,0,0,0,1,0,0,0,0,0,0,1753378560
743,1753378577.70436,-1.089,-24.773,0,0,0,-0.519590226040073,0.854415587991948,3.5,0,0,0,0,0,1753378560,1753378577.69634,100,100,0,0,0,0,1,0,0,0,0,0,0,1753378560
744,1753378577.71315,-1.089,-24.773,0,0,0,-0.519590226040073,0.854415587991948,3.5,0,0,0,0,0,1753378560,1753378577.70439,100,100,0,0,0,0,1,0,0,0,0,0,0,1753378560
745,1753378577.72148,-1.089,-24.773,0,0,0,-0.519590226040073,0.854415587991948,3.5,0,0,0,0,0,1753378560,1753378577.7132,100,100,0,0,0,0,1,0,0,0,0,0,0,1753378560
746,1753378577.72959,-1.089,-24.773,0,0,0,-0.519590226040073,0.854415587991948,3.5,0,0,0,0,0,1753378560,1753378577.72151,100,100,0,0,0,0,1,0,0,0,0,0,0,1753378560
747,1753378577.73793,-1.089,-24.773,0,0,0,-0.519590226040073,0.854415587991948,3.5,0,0,0,0,0,1753378560,1753378577.72963,100,100,0,0,0,0,1,0,0,0,0,0,0,1753378560
748,1753378577.74595,-1.089,-24.773,0,0,0,-0.519590226040073,0.854415587991948,3.5,0,0,0,0,0,1753378560,1753378577.73795,100,100,0,0,0,0,1,0,0,0,0,0,0,1753378560
749,1753378577.75439,-1.089,-24.773,0,0,0,-0.519590226040073,0.854415587991948,3.5,0,0,0,0,0,1753378560,1753378577.74597,100,100,0,0,0,0,1,0,0,0,0,0,0,1753378560
750,1753378577.76255,-1.089,-24.773,0,0,0,-0.519590226040073,0.854415587991948,3.5,0,0,0,0,0,1753378560,1753378577.75442,100,100,0,0,0,0,1,0,0,0,0,0,0,1753378560
751,1753378577.7711,-1.089,-24.773,0,0,0,-0.519590226040073,0.854415587991948,3.5,0,0,0,0,0,1753378560,1753378577.76257,100,100,0,0,0,0,1,0,0,0,0,0,0,1753378560
752,1753378577.77936,-1.089,-24.773,0,0,0,-0.519590226040073,0.854415587991948,3.5,0,0,0,0,0,1753378560,1753378577.77112,100,100,0,0,0,0,1,0,0,0,0,0,0,1753378560
753,1753378577.78776,-1.089,-24.773,0,0,0,-0.519590226040073,0.854415587991948,3.5,0,0,0,0,0,1753378560,1753378577.77939,100,100,0,0,0,0,1,0,0,0,0,0,0,1753378560
754,1753378577.79596,-1.089,-24.773,0,0,0,-0.519590226040073,0.854415587991948,3.5,0,0,0,0,0,1753378560,1753378577.78778,100,100,0,0,0,0,1,0,0,0,0,0,0,1753378560
755,1753378577.8049,-1.089,-24.773,0,0,0,-0.519590226040073,0.854415587991948,3.5,0,0,0,0,0,1753378560,1753378577.79598,100,100,0,0,0,0,1,0,0,0,0,0,0,1753378560
756,1753378577.81292,-1.089,-24.773,0,0,0,-0.519590226040073,0.854415587991948,3.5,0,0,0,0,0,1753378560,1753378577.80494,100,100,0,0,0,0,1,0,0,0,0,0,0,1753378560
757,1753378577.82111,-1.089,-24.773,0,0,0,-0.519590226040073,0.854415587991948,3.5,0,0,0,0,0,1753378560,1753378577.81296,100,100,0,0,0,0,1,0,0,0,0,0,0,1753378560
758,1753378577.82945,-1.089,-24.773,0,0,0,-0.519590226040073,0.854415587991948,3.5,0,0,0,0,0,1753378560,1753378577.82114,100,100,0,0,0,0,1,0,0,0,0,0,0,1753378560
759,1753378577.83802,-1.089,-24.773,0,0,0,-0.519590226040073,0.854415587991948,3.5,0,0,0,0,0,1753378560,1753378577.82948,100,100,0,0,0,0,1,0,0,0,0,0,0,1753378560
760,1753378577.84622,-1.089,-24.773,0,0,0,-0.519590226040073,0.854415587991948,3.5,0,0,0,0,0,1753378560,1753378577.83806,100,100,0,0,0,0,1,0,0,0,0,0,0,1753378560
761,1753378577.85461,-1.089,-24.773,0,0,0,-0.519590226040073,0.854415587991948,3.5,0,0,0,0,0,1753378560,1753378577.84625,100,100,0,0,0,0,1,0,0,0,0,0,0,1753378560
762,1753378577.86292,-1.089,-24.773,0,0,0,-0.519590226040073,0.854415587991948,3.5,0,0,0,0,0,1753378560,1753378577.85464,100,100,0,0,0,0,1,0,0,0,0,0,0,1753378560
763,1753378577.87125,-1.089,-24.773,0,0,0,-0.519590226040073,0.854415587991948,3.5,0,0,0,0,0,1753378560,1753378577.86297,100,100,0,0,0,0,1,0,0,0,0,0,0,1753378560
764,1753378577.87945,-1.089,-24.773,0,0,0,-0.519590226040073,0.854415587991948,3.5,0,0,0,0,0,1753378560,1753378577.87129,100,100,0,0,0,0,1,0,0,0,0,0,0,1753378560
765,1753378577.88809,-1.089,-24.773,0,0,0,-0.519590226040073,0.854415587991948,3.5,0,0,0,0,0,1753378560,1753378577.87948,100,100,0,0,0,0,1,0,0,0,0,0,0,1753378560
766,1753378577.89598,-1.089,-24.773,0,0,0,-0.519590226040073,0.854415587991948,3.5,0,0,0,0,0,1753378560,1753378577.88813,100,100,0,0,0,0,1,0,0,0,0,0,0,1753378560
767,1753378577.9045,-1.089,-24.773,0,0,0,-0.519590226040073,0.854415587991948,3.5,0,0,0,0,0,1753378560,1753378577.89601,100,100,0,0,0,0,1,0,0,0,0,0,0,1753378560
768,1753378577.91256,-1.089,-24.773,0,0,0,-0.519590226040073,0.854415587991948,3.5,0,0,0,0,0,1753378560,1753378577.90453,100,100,0,0,0,0,1,0,0,0,0,0,0,1753378560
769,1753378577.92155,-1.089,-24.773,0,0,0,-0.519590226040073,0.854415587991948,3.5,0,0,0,0,0,1753378560,1753378577.91259,100,100,0,0,0,0,1,0,0,0,0,0,0,1753378560
770,1753378577.92936,-1.089,-24.773,0,0,0,-0.519590226040073,0.854415587991948,3.5,0,0,0,0,0,1753378560,1753378577.9216,100,100,0,0,0,0,1,0,0,0,0,0,0,1753378560
771,1753378577.93788,-1.089,-24.773,0,0,0,-0.519590226040073,0.854415587991948,3.5,0,0,0,0,0,1753378560,1753378577.92938,100,100,0,0,0,0,1,0,0,0,0,0,0,1753378560
772,1753378577.94608,-1.089,-24.773,0,0,0,-0.519590226040073,0.854415587991948,3.5,0,0,0,0,0,1753378560,1753378577.93791,100,100,0,0,0,0,1,0,0,0,0,0,0,1753378560
773,1753378577.95492,-1.089,-24.773,0,0,0,-0.519590226040073,0.854415587991948,3.5,0,0,0,0,0,1753378560,1753378577.94611,100,100,0,0,0,0,1,0,0,0,0,0,0,1753378560
774,1753378577.96264,-1.089,-24.773,0,0,0,-0.519590226040073,0.854415587991948,3.5,0,0,0,0,0,1753378560,1753378577.95496,100,100,0,0,0,0,1,0,0,0,0,0,0,1753378560
775,1753378577.9711,-1.089,-24.773,0,0,0,-0.519590226040073,0.854415587991948,3.5,0,0,0,0,0,1753378560,1753378577.96266,100,100,0,0,0,0,1,0,0,0,0,0,0,1753378560
776,1753378577.97953,-1.089,-24.773,0,0,0,-0.519590226040073,0.854415587991948,3.5,0,0,0,0,0,1753378560,1753378577.97113,100,100,0,0,0,0,1,0,0,0,0,0,0,1753378560
777,1753378577.98792,-1.089,-24.773,0,0,0,-0.519590226040073,0.854415587991948,3.5,0,0,0,0,0,1753378560,1753378577.97956,100,100,0,0,0,0,1,0,0,0,0,0,0,1753378560
778,1753378577.99597,-1.089,-24.773,0,0,0,-0.519590226040073,0.854415587991948,3.5,0,0,0,0,0,1753378560,1753378577.98795,100,100,0,0,0,0,1,0,0,0,0,0,0,1753378560
779,1753378578.00441,-1.089,-24.773,0,0,0,-0.519590226040073,0.854415587991948,3.5,0,0,0,0,0,1753378560,1753378577.99599,100,100,0,0,0,0,1,0,0,0,0,0,0,1753378560
780,1753378578.01257,-1.089,-24.773,0,0,0,-0.519590226040073,0.854415587991948,3.5,0,0,0,0,0,1753378560,1753378578.00443,100,100,0,0,0,0,1,0,0,0,0,0,0,1753378560
781,1753378578.02107,-1.089,-24.773,0,0,0,-0.519590226040073,0.854415587991948,3.5,0,0,0,0,0,1753378560,1753378578.01259,100,100,0,0,0,0,1,0,0,0,0,0,0,1753378560
782,1753378578.02941,-1.089,-24.773,0,0,0,-0.519590226040073,0.854415587991948,3.5,0,0,0,0,0,1753378560,1753378578.0211,100,100,0,0,0,0,1,0,0,0,0,0,0,1753378560
783,1753378578.03805,-1.089,-24.773,0,0,0,-0.519590226040073,0.854415587991948,3.5,0,0,0,0,0,1753378560,1753378578.02944,100,100,0,0,0,0,1,0,0,0,0,0,0,1753378560
784,1753378578.04614,-1.089,-24.773,0,0,0,-0.519590226040073,0.854415587991948,3.5,0,0,0,0,0,1753378560,1753378578.0381,100,100,0,0,0,0,1,0,0,0,0,0,0,1753378560
785,1753378578.0551,-1.089,-24.773,0,0,0,-0.519590226040073,0.854415587991948,3.5,0,0,0,0,0,1753378560,1753378578.04618,100,100,0,0,0,0,1,0,0,0,0,0,0,1753378560
786,1753378578.06283,-1.089,-24.773,0,0,0,-0.519590226040073,0.854415587991948,3.5,0,0,0,0,0,1753378560,1753378578.05514,100,100,0,0,0,0,1,0,0,0,0,0,0,1753378560
787,1753378578.07122,-1.089,-24.773,0,0,0,-0.519590226040073,0.854415587991948,3.5,0,0,0,0,0,1753378560,1753378578.06286,100,100,0,0,0,0,1,0,0,0,0,0,0,1753378560
788,1753378578.07956,-1.089,-24.773,0,0,0,-0.519590226040073,0.854415587991948,3.5,0,0,0,0,0,1753378560,1753378578.07127,100,100,0,0,0,0,1,0,0,0,0,0,0,1753378560
789,1753378578.0878,-1.089,-24.773,0,0,0,-0.519590226040073,0.854415587991948,3.5,0,0,0,0,0,1753378560,1753378578.07959,100,100,0,0,0,0,1,0,0,0,0,0,0,1753378560
790,1753378578.09603,-1.089,-24.773,0,0,0,-0.519590226040073,0.854415587991948,3.5,0,0,0,0,0,1753378560,1753378578.08783,100,100,0,0,0,0,1,0,0,0,0,0,0,1753378560
791,1753378578.10439,-1.089,-24.773,0,0,0,-0.519590226040073,0.854415587991948,3.5,0,0,0,0,0,1753378560,1753378578.09606,100,100,0,0,0,0,1,0,0,0,0,0,0,1753378560
792,1753378578.11259,-1.089,-24.773,0,0,0,-0.519590226040073,0.854415587991948,3.5,0,0,0,0,0,1753378560,1753378578.10442,100,100,0,0,0,0,1,0,0,0,0,0,0,1753378560
793,1753378578.12113,-1.089,-24.773,0,0,0,-0.519590226040073,0.854415587991948,3.5,0,0,0,0,0,1753378560,1753378578.11262,100,100,0,0,0,0,1,0,0,0,0,0,0,1753378560
794,1753378578.12949,-1.089,-24.773,0,0,0,-0.519590226040073,0.854415587991948,3.5,0,0,0,0,0,1753378560,1753378578.12117,100,100,0,0,0,0,1,0,0,0,0,0,0,1753378560
795,1753378578.13799,-1.089,-24.773,0,0,0,-0.519590226040073,0.854415587991948,3.5,0,0,0,0,0,1753378560,1753378578.12952,100,100,0,0,0,0,1,0,0,0,0,0,0,1753378560
796,1753378578.14632,-1.089,-24.773,0,0,0,-0.519590226040073,0.854415587991948,3.5,0,0,0,0,0,1753378560,1753378578.13803,100,100,0,0,0,0,1,0,0,0,0,0,0,1753378560
797,1753378578.15498,-1.089,-24.773,0,0,0,-0.519590226040073,0.854415587991948,3.5,0,0,0,0,0,1753378560,1753378578.14636,100,100,0,0,0,0,1,0,0,0,0,0,0,1753378560
798,1753378578.16281,-1.089,-24.773,0,0,0,-0.519590226040073,0.854415587991948,3.5,0,0,0,0,0,1753378560,1753378578.15502,100,100,0,0,0,0,1,0,0,0,0,0,0,1753378560
799,1753378578.1712,-1.089,-24.773,0,0,0,-0.519590226040073,0.854415587991948,3.5,0,0,0,0,0,1753378560,1753378578.16285,100,100,0,0,0,0,1,0,0,0,0,0,0,1753378560
800,1753378578.17928,-1.089,-24.773,0,0,0,-0.519590226040073,0.854415587991948,3.5,0,0,0,0,0,1753378560,1753378578.17123,100,100,0,0,0,0,1,0,0,0,0,0,0,1753378560
801,1753378578.18773,-1.089,-24.773,0,0,0,-0.519590226040073,0.854415587991948,3.5,0,0,0,0,0,1753378560,1753378578.1793,100,100,0,0,0,0,1,0,0,0,0,0,0,1753378560
802,1753378578.19596,-1.089,-24.773,0,0,0,-0.519590226040073,0.854415587991948,3.5,0,0,0,0,0,1753378560,1753378578.18775,100,100,0,0,0,0,1,0,0,0,0,0,0,1753378560
803,1753378578.20481,-1.089,-24.773,0,0,0,-0.519590226040073,0.854415587991948,3.5,0,0,0,0,0,1753378560,1753378578.19598,100,100,0,0,0,0,1,0,0,0,0,0,0,1753378560
804,1753378578.21263,-1.089,-24.773,0,0,0,-0.519590226040073,0.854415587991948,3.5,0,0,0,0,0,1753378560,1753378578.20485,100,100,0,0,0,0,1,0,0,0,0,0,0,1753378560
805,1753378578.2211,-1.089,-24.773,0,0,0,-0.519590226040073,0.854415587991948,3.5,0,0,0,0,0,1753378560,1753378578.21266,100,100,0,0,0,0,1,0,0,0,0,0,0,1753378560
806,1753378578.22936,-1.089,-24.773,0,0,0,-0.519590226040073,0.854415587991948,3.5,0,0,0,0,0,1753378560,1753378578.22113,100,100,0,0,0,0,1,0,0,0,0,0,0,1753378560
807,1753378578.23788,-1.089,-24.773,0,0,0,-0.519590226040073,0.854415587991948,3.5,0,0,0,0,0,1753378560,1753378578.22938,100,100,0,0,0,0,1,0,0,0,0,0,0,1753378560
808,1753378578.24597,-1.089,-24.773,0,0,0,-0.519590226040073,0.854415587991948,3.5,0,0,0,0,0,1753378560,1753378578.23791,100,100,0,0,0,0,1,0,0,0,0,0,0,1753378560
809,1753378578.25438,-1.089,-24.773,0,0,0,-0.519590226040073,0.854415587991948,3.5,0,0,0,0,0,1753378560,1753378578.24599,100,100,0,0,0,0,1,0,0,0,0,0,0,1753378560
810,1753378578.26263,-1.089,-24.773,0,0,0,-0.519590226040073,0.854415587991948,3.5,0,0,0,0,0,1753378560,1753378578.25441,100,100,0,0,0,0,1,0,0,0,0,0,0,1753378560
811,1753378578.27153,-1.089,-24.773,0,0,0,-0.519590226040073,0.854415587991948,3.5,0,0,0,0,0,1753378560,1753378578.26265,100,100,0,0,0,0,1,0,0,0,0,0,0,1753378560
812,1753378578.27935,-1.089,-24.773,0,0,0,-0.519590226040073,0.854415587991948,3.5,0,0,0,0,0,1753378560,1753378578.27158,100,100,0,0,0,0,1,0,0,0,0,0,0,1753378560
813,1753378578.28784,-1.089,-24.773,0,0,0,-0.519590226040073,0.854415587991948,3.5,0,0,0,0,0,1753378560,1753378578.27937,100,100,0,0,0,0,1,0,0,0,0,0,0,1753378560
814,1753378578.29593,-1.089,-24.773,0,0,0,-0.519590226040073,0.854415587991948,3.5,0,0,0,0,0,1753378560,1753378578.28786,100,100,0,0,0,0,1,0,0,0,0,0,0,1753378560
815,1753378578.30457,-1.089,-24.773,0,0,0,-0.519590226040073,0.854415587991948,3.5,0,0,0,0,0,1753378560,1753378578.29595,100,100,0,0,0,0,1,0,0,0,0,0,0,1753378560
816,1753378578.31264,-1.089,-24.773,0,0,0,-0.519590226040073,0.854415587991948,3.5,0,0,0,0,0,1753378560,1753378578.30459,100,100,0,0,0,0,1,0,0,0,0,0,0,1753378560
817,1753378578.32106,-1.089,-24.773,0,0,0,-0.519590226040073,0.854415587991948,3.5,0,0,0,0,0,1753378560,1753378578.31266,100,100,0,0,0,0,1,0,0,0,0,0,0,1753378560
818,1753378578.32935,-1.089,-24.773,0,0,0,-0.519590226040073,0.854415587991948,3.5,0,0,0,0,0,1753378560,1753378578.32108,100,100,0,0,0,0,1,0,0,0,0,0,0,1753378560
819,1753378578.33782,-1.089,-24.773,0,0,0,-0.519590226040073,0.854415587991948,3.5,0,0,0,0,0,1753378560,1753378578.32938,100,100,0,0,0,0,1,0,0,0,0,0,0,1753378560
820,1753378578.34603,-1.089,-24.773,0,0,0,-0.519590226040073,0.854415587991948,3.5,0,0,0,0,0,1753378560,1753378578.33784,100,100,0,0,0,0,1,0,0,0,0,0,0,1753378560
821,1753378578.35479,-1.089,-24.773,0,0,0,-0.519590226040073,0.854415587991948,3.5,0,0,0,0,0,1753378560,1753378578.34605,100,100,0,0,0,0,1,0,0,0,0,0,0,1753378560
822,1753378578.36285,-1.089,-24.773,0,0,0,-0.519590226040073,0.854415587991948,3.5,0,0,0,0,0,1753378560,1753378578.35484,100,100,0,0,0,0,1,0,0,0,0,0,0,1753378560
823,1753378578.37134,-1.089,-24.773,0,0,0,-0.519590226040073,0.854415587991948,3.5,0,0,0,0,0,1753378560,1753378578.3629,100,100,0,0,0,0,1,0,0,0,0,0,0,1753378560
824,1753378578.37956,-1.089,-24.773,0,0,0,-0.519590226040073,0.854415587991948,3.5,0,0,0,0,0,1753378560,1753378578.37138,100,100,0,0,0,0,1,0,0,0,0,0,0,1753378560
825,1753378578.38801,-1.089,-24.773,0,0,0,-0.519590226040073,0.854415587991948,3.5,0,0,0,0,0,1753378560,1753378578.3796,100,100,0,0,0,0,1,0,0,0,0,0,0,1753378560
826,1753378578.39621,-1.089,-24.773,0,0,0,-0.519590226040073,0.854415587991948,3.5,0,0,0,0,0,1753378560,1753378578.38805,100,100,0,0,0,0,1,0,0,0,0,0,0,1753378560
827,1753378578.4062,-1.089,-24.773,0,0,0,-0.519590226040073,0.854415587991948,3.5,0,0,0,0,0,1753378560,1753378578.39625,100,100,0,0,0,0,1,0,0,0,0,0,0,1753378560
828,1753378578.4126,-1.089,-24.773,0,0,0,-0.519590226040073,0.854415587991948,3.5,0,0,0,0,0,1753378560,1753378578.40635,100,100,0,0,0,0,1,0,0,0,0,0,0,1753378560
829,1753378578.42106,-1.089,-24.773,0,0,0,-0.519590226040073,0.854415587991948,3.5,0,0,0,0,0,1753378560,1753378578.41262,100,100,0,0,0,0,1,0,0,0,0,0,0,1753378560
830,1753378578.42939,-1.089,-24.773,0,0,0,-0.519590226040073,0.854415587991948,3.5,0,0,0,0,0,1753378560,1753378578.42109,100,100,0,0,0,0,1,0,0,0,0,0,0,1753378560
831,1753378578.43784,-1.089,-24.773,0,0,0,-0.519590226040073,0.854415587991948,3.5,0,0,0,0,0,1753378560,1753378578.42942,100,100,0,0,0,0,1,0,0,0,0,0,0,1753378560
832,1753378578.44606,-1.089,-24.773,0,0,0,-0.519590226040073,0.854415587991948,3.5,0,0,0,0,0,1753378560,1753378578.43786,100,100,0,0,0,0,1,0,0,0,0,0,0,1753378560
833,1753378578.45494,-1.089,-24.773,0,0,0,-0.519590226040073,0.854415587991948,3.5,0,0,0,0,0,1753378560,1753378578.44609,100,100,0,0,0,0,1,0,0,0,0,0,0,1753378560
834,1753378578.46325,-1.089,-24.773,0,0,0,-0.519590226040073,0.854415587991948,3.5,0,0,0,0,0,1753378560,1753378578.45497,100,100,0,0,0,0,1,0,0,0,0,0,0,1753378560
835,1753378578.4714,-1.089,-24.773,0,0,0,-0.519590226040073,0.854415587991948,3.5,0,0,0,0,0,1753378560,1753378578.46331,100,100,0,0,0,0,1,0,0,0,0,0,0,1753378560
836,1753378578.47968,-1.089,-24.773,0,0,0,-0.519590226040073,0.854415587991948,3.5,0,0,0,0,0,1753378560,1753378578.47145,100,100,0,0,0,0,1,0,0,0,0,0,0,1753378560
837,1753378578.48781,-1.089,-24.773,0,0,0,-0.519590226040073,0.854415587991948,3.5,0,0,0,0,0,1753378560,1753378578.47973,100,100,0,0,0,0,1,0,0,0,0,0,0,1753378560
838,1753378578.49602,-1.089,-24.773,0,0,0,-0.519590226040073,0.854415587991948,3.5,0,0,0,0,0,1753378560,1753378578.48784,100,100,0,0,0,0,1,0,0,0,0,0,0,1753378560
839,1753378578.50469,-1.089,-24.773,0,0,0,-0.519590226040073,0.854415587991948,3.5,0,0,0,0,0,1753378560,1753378578.49604,100,100,0,0,0,0,1,0,0,0,0,0,0,1753378560
840,1753378578.51282,-1.089,-24.773,0,0,0,-0.519590226040073,0.854415587991948,3.5,0,0,0,0,0,1753378560,1753378578.50474,100,100,0,0,0,0,1,0,0,0,0,0,0,1753378560
841,1753378578.52137,-1.089,-24.773,0,0,0,-0.519590226040073,0.854415587991948,3.5,0,0,0,0,0,1753378560,1753378578.51286,100,100,0,0,0,0,1,0,0,0,0,0,0,1753378560
842,1753378578.52953,-1.089,-24.773,0,0,0,-0.519590226040073,0.854415587991948,3.5,0,0,0,0,0,1753378560,1753378578.52142,100,100,0,0,0,0,1,0,0,0,0,0,0,1753378560
843,1753378578.53798,-1.089,-24.773,0,0,0,-0.519590226040073,0.854415587991948,3.5,0,0,0,0,0,1753378560,1753378578.52957,100,100,0,0,0,0,1,0,0,0,0,0,0,1753378560
844,1753378578.54607,-1.089,-24.773,0,0,0,-0.519590226040073,0.854415587991948,3.5,0,0,0,0,0,1753378560,1753378578.538,100,100,0,0,0,0,1,0,0,0,0,0,0,1753378560
845,1753378578.55463,-1.089,-24.773,0,0,0,-0.519590226040073,0.854415587991948,3.5,0,0,0,0,0,1753378560,1753378578.5461,100,100,0,0,0,0,1,0,0,0,0,0,0,1753378560
846,1753378578.56258,-1.089,-24.773,0,0,0,-0.519590226040073,0.854415587991948,3.5,0,0,0,0,0,1753378560,1753378578.55465,100,100,0,0,0,0,1,0,0,0,0,0,0,1753378560
847,1753378578.5712,-1.089,-24.773,0,0,0,-0.519590226040073,0.854415587991948,3.5,0,0,0,0,0,1753378560,1753378578.5626,100,100,0,0,0,0,1,0,0,0,0,0,0,1753378560
848,1753378578.57943,-1.089,-24.773,0,0,0,-0.519590226040073,0.854415587991948,3.5,0,0,0,0,0,1753378560,1753378578.57123,100,100,0,0,0,0,1,0,0,0,0,0,0,1753378560
849,1753378578.58775,-1.089,-24.773,0,0,0,-0.519590226040073,0.854415587991948,3.5,0,0,0,0,0,1753378560,1753378578.57945,100,100,0,0,0,0,1,0,0,0,0,0,0,1753378560
850,1753378578.59588,-1.089,-24.773,0,0,0,-0.519590226040073,0.854415587991948,3.5,0,0,0,0,0,1753378560,1753378578.58778,100,100,0,0,0,0,1,0,0,0,0,0,0,1753378560
851,1753378578.60463,-1.089,-24.773,0,0,0,-0.519590226040073,0.854415587991948,3.5,0,0,0,0,0,1753378560,1753378578.5959,100,100,0,0,0,0,1,0,0,0,0,0,0,1753378560
852,1753378578.61259,-1.089,-24.773,0,0,0,-0.519590226040073,0.854415587991948,3.5,0,0,0,0,0,1753378560,1753378578.60466,100,100,0,0,0,0,1,0,0,0,0,0,0,1753378560
853,1753378578.62117,-1.089,-24.773,0,0,0,-0.519590226040073,0.854415587991948,3.5,0,0,0,0,0,1753378560,1753378578.61261,100,100,0,0,0,0,1,0,0,0,0,0,0,1753378560
854,1753378578.62949,-1.089,-24.773,0,0,0,-0.519590226040073,0.854415587991948,3.5,0,0,0,0,0,1753378560,1753378578.6212,100,100,0,0,0,0,1,0,0,0,0,0,0,1753378560
855,1753378578.63779,-1.089,-24.773,0,0,0,-0.519590226040073,0.854415587991948,3.5,0,0,0,0,0,1753378560,1753378578.62952,100,100,0,0,0,0,1,0,0,0,0,0,0,1753378560
856,1753378578.64594,-1.089,-24.773,0,0,0,-0.519590226040073,0.854415587991948,3.5,0,0,0,0,0,1753378560,1753378578.63781,100,100,0,0,0,0,1,0,0,0,0,0,0,1753378560
857,1753378578.65442,-1.089,-24.773,0,0,0,-0.519590226040073,0.854415587991948,3.5,0,0,0,0,0,1753378560,1753378578.64596,100,100,0,0,0,0,1,0,0,0,0,0,0,1753378560
858,1753378578.66257,-1.089,-24.773,0,0,0,-0.519590226040073,0.854415587991948,3.5,0,0,0,0,0,1753378560,1753378578.65445,100,100,0,0,0,0,1,0,0,0,0,0,0,1753378560
859,1753378578.67121,-1.089,-24.773,0,0,0,-0.519590226040073,0.854415587991948,3.5,0,0,0,0,0,1753378560,1753378578.66259,100,100,0,0,0,0,1,0,0,0,0,0,0,1753378560
860,1753378578.6793,-1.089,-24.773,0,0,0,-0.519590226040073,0.854415587991948,3.5,0,0,0,0,0,1753378560,1753378578.67124,100,100,0,0,0,0,1,0,0,0,0,0,0,1753378560
861,1753378578.68773,-1.089,-24.773,0,0,0,-0.519590226040073,0.854415587991948,3.5,0,0,0,0,0,1753378560,1753378578.67932,100,100,0,0,0,0,1,0,0,0,0,0,0,1753378560
862,1753378578.69607,-1.089,-24.773,0,0,0,-0.519590226040073,0.854415587991948,3.5,0,0,0,0,0,1753378560,1753378578.68776,100,100,0,0,0,0,1,0,0,0,0,0,0,1753378560
863,1753378578.70539,-1.089,-24.773,0,0,0,-0.519590226040073,0.854415587991948,3.5,0,0,0,0,0,1753378560,1753378578.6961,100,100,0,0,0,0,1,0,0,0,0,0,0,1753378560
864,1753378578.71315,-1.089,-24.773,0,0,0,-0.519590226040073,0.854415587991948,3.5,0,0,0,0,0,1753378560,1753378578.70544,100,100,0,0,0,0,1,0,0,0,0,0,0,1753378560
865,1753378578.72167,-1.089,-24.773,0,0,0,-0.519590226040073,0.854415587991948,3.5,0,0,0,0,0,1753378560,1753378578.7132,100,100,0,0,0,0,1,0,0,0,0,0,0,1753378560
866,1753378578.72995,-1.089,-24.773,0,0,0,-0.519590226040073,0.854415587991948,3.5,0,0,0,0,0,1753378560,1753378578.72172,100,100,0,0,0,0,1,0,0,0,0,0,0,1753378560
867,1753378578.73879,-1.089,-24.773,0,0,0,-0.519590226040073,0.854415587991948,3.5,0,0,0,0,0,1753378560,1753378578.73,100,100,0,0,0,0,1,0,0,0,0,0,0,1753378560
868,1753378578.74649,-1.089,-24.773,0,0,0,-0.519590226040073,0.854415587991948,3.5,0,0,0,0,0,1753378560,1753378578.73885,100,100,0,0,0,0,1,0,0,0,0,0,0,1753378560
869,1753378578.75549,-1.089,-24.773,0,0,0,-0.519590226040073,0.854415587991948,3.5,0,0,0,0,0,1753378560,1753378578.74653,100,100,0,0,0,0,1,0,0,0,0,0,0,1753378560
870,1753378578.76403,-1.089,-24.773,0,0,0,-0.519590226040073,0.854415587991948,3.5,0,0,0,0,0,1753378560,1753378578.75554,100,100,0,0,0,0,1,0,0,0,0,0,0,1753378560
871,1753378578.77204,-1.089,-24.773,0,0,0,-0.519590226040073,0.854415587991948,3.5,0,0,0,0,0,1753378560,1753378578.76414,100,100,0,0,0,0,1,0,0,0,0,0,0,1753378560
872,1753378578.77967,-1.089,-24.773,0,0,0,-0.519590226040073,0.854415587991948,3.5,0,0,0,0,0,1753378560,1753378578.77209,100,100,0,0,0,0,1,0,0,0,0,0,0,1753378560
873,1753378578.78813,-1.089,-24.773,0,0,0,-0.519590226040073,0.854415587991948,3.5,0,0,0,0,0,1753378560,1753378578.77972,100,100,0,0,0,0,1,0,0,0,0,0,0,1753378560
874,1753378578.79623,-1.089,-24.773,0,0,0,-0.519590226040073,0.854415587991948,3.5,0,0,0,0,0,1753378560,1753378578.78818,100,100,0,0,0,0,1,0,0,0,0,0,0,1753378560
875,1753378578.8053,-1.089,-24.773,0,0,0,-0.519590226040073,0.854415587991948,3.5,0,0,0,0,0,1753378560,1753378578.79627,100,100,0,0,0,0,1,0,0,0,0,0,0,1753378560
876,1753378578.81263,-1.089,-24.773,0,0,0,-0.519590226040073,0.854415587991948,3.5,0,0,0,0,0,1753378560,1753378578.8054,100,100,0,0,0,0,1,0,0,0,0,0,0,1753378560
877,1753378578.82114,-1.089,-24.773,0,0,0,-0.519590226040073,0.854415587991948,3.5,0,0,0,0,0,1753378560,1753378578.81265,100,100,0,0,0,0,1,0,0,0,0,0,0,1753378560
878,1753378578.82934,-1.089,-24.773,0,0,0,-0.519590226040073,0.854415587991948,3.5,0,0,0,0,0,1753378560,1753378578.82117,100,100,0,0,0,0,1,0,0,0,0,0,0,1753378560
879,1753378578.83783,-1.089,-24.773,0,0,0,-0.519590226040073,0.854415587991948,3.5,0,0,0,0,0,1753378560,1753378578.82937,100,100,0,0,0,0,1,0,0,0,0,0,0,1753378560
880,1753378578.84593,-1.089,-24.773,0,0,0,-0.519590226040073,0.854415587991948,3.5,0,0,0,0,0,1753378560,1753378578.83786,100,100,0,0,0,0,1,0,0,0,0,0,0,1753378560
881,1753378578.85448,-1.089,-24.773,0,0,0,-0.519590226040073,0.854415587991948,3.5,0,0,0,0,0,1753378560,1753378578.84595,100,100,0,0,0,0,1,0,0,0,0,0,0,1753378560
882,1753378578.86265,-1.089,-24.773,0,0,0,-0.519590226040073,0.854415587991948,3.5,0,0,0,0,0,1753378560,1753378578.85451,100,100,0,0,0,0,1,0,0,0,0,0,0,1753378560
883,1753378578.87109,-1.089,-24.773,0,0,0,-0.519590226040073,0.854415587991948,3.5,0,0,0,0,0,1753378560,1753378578.86268,100,100,0,0,0,0,1,0,0,0,0,0,0,1753378560
884,1753378578.87949,-1.089,-24.773,0,0,0,-0.519590226040073,0.854415587991948,3.5,0,0,0,0,0,1753378560,1753378578.87112,100,100,0,0,0,0,1,0,0,0,0,0,0,1753378560
885,1753378578.88775,-1.089,-24.773,0,0,0,-0.519590226040073,0.854415587991948,3.5,0,0,0,0,0,1753378560,1753378578.87952,100,100,0,0,0,0,1,0,0,0,0,0,0,1753378560
886,1753378578.89598,-1.089,-24.773,0,0,0,-0.519590226040073,0.854415587991948,3.5,0,0,0,0,0,1753378560,1753378578.88778,100,100,0,0,0,0,1,0,0,0,0,0,0,1753378560
887,1753378578.90442,-1.089,-24.773,0,0,0,-0.519590226040073,0.854415587991948,3.5,0,0,0,0,0,1753378560,1753378578.896,100,100,0,0,0,0,1,0,0,0,0,0,0,1753378560
888,1753378578.91273,-1.089,-24.773,0,0,0,-0.519590226040073,0.854415587991948,3.5,0,0,0,0,0,1753378560,1753378578.90445,100,100,0,0,0,0,1,0,0,0,0,0,0,1753378560
889,1753378578.9211,-1.089,-24.773,0,0,0,-0.519590226040073,0.854415587991948,3.5,0,0,0,0,0,1753378560,1753378578.91276,100,100,0,0,0,0,1,0,0,0,0,0,0,1753378560
890,1753378578.92972,-1.089,-24.773,0,0,0,-0.519590226040073,0.854415587991948,3.5,0,0,0,0,0,1753378560,1753378578.92112,100,100,0,0,0,0,1,0,0,0,0,0,0,1753378560
891,1753378578.93805,-1.089,-24.773,0,0,0,-0.519590226040073,0.854415587991948,3.5,0,0,0,0,0,1753378560,1753378578.92976,100,100,0,0,0,0,1,0,0,0,0,0,0,1753378560
892,1753378578.94623,-1.089,-24.773,0,0,0,-0.519590226040073,0.854415587991948,3.5,0,0,0,0,0,1753378560,1753378578.93809,100,100,0,0,0,0,1,0,0,0,0,0,0,1753378560
893,1753378578.955,-1.089,-24.773,0,0,0,-0.519590226040073,0.854415587991948,3.5,0,0,0,0,0,1753378560,1753378578.94627,100,100,0,0,0,0,1,0,0,0,0,0,0,1753378560
894,1753378578.96265,-1.089,-24.773,0,0,0,-0.519590226040073,0.854415587991948,3.5,0,0,0,0,0,1753378560,1753378578.95503,100,100,0,0,0,0,1,0,0,0,0,0,0,1753378560
895,1753378578.97114,-1.089,-24.773,0,0,0,-0.519590226040073,0.854415587991948,3.5,0,0,0,0,0,1753378560,1753378578.96268,100,100,0,0,0,0,1,0,0,0,0,0,0,1753378560
896,1753378578.97963,-1.089,-24.773,0,0,0,-0.519590226040073,0.854415587991948,3.5,0,0,0,0,0,1753378560,1753378578.97117,100,100,0,0,0,0,1,0,0,0,0,0,0,1753378560
897,1753378578.98801,-1.089,-24.773,0,0,0,-0.519590226040073,0.854415587991948,3.5,0,0,0,0,0,1753378560,1753378578.97968,100,100,0,0,0,0,1,0,0,0,0,0,0,1753378560
898,1753378578.99623,-1.089,-24.773,0,0,0,-0.519590226040073,0.854415587991948,3.5,0,0,0,0,0,1753378560,1753378578.98803,100,100,0,0,0,0,1,0,0,0,0,0,0,1753378560
899,1753378579.00467,-1.089,-24.773,0,0,0,-0.519590226040073,0.854415587991948,3.5,0,0,0,0,0,1753378560,1753378578.99628,100,100,0,0,0,0,1,0,0,0,0,0,0,1753378560
900,1753378579.0126,-1.089,-24.773,0,0,0,-0.519590226040073,0.854415587991948,3.5,0,0,0,0,0,1753378560,1753378579.00471,100,100,0,0,0,0,1,0,0,0,0,0,0,1753378560
901,1753378579.0214,-1.089,-24.773,0,0,0,-0.519590226040073,0.854415587991948,3.5,0,0,0,0,0,1753378560,1753378579.01263,100,100,0,0,0,0,1,0,0,0,0,0,0,1753378560
902,1753378579.02949,-1.089,-24.773,0,0,0,-0.519590226040073,0.854415587991948,3.5,0,0,0,0,0,1753378560,1753378579.02145,100,100,0,0,0,0,1,0,0,0,0,0,0,1753378560
903,1753378579.03787,-1.089,-24.773,0,0,0,-0.519590226040073,0.854415587991948,3.5,0,0,0,0,0,1753378560,1753378579.02951,100,100,0,0,0,0,1,0,0,0,0,0,0,1753378560
904,1753378579.04594,-1.089,-24.773,0,0,0,-0.519590226040073,0.854415587991948,3.5,0,0,0,0,0,1753378560,1753378579.0379,100,100,0,0,0,0,1,0,0,0,0,0,0,1753378560
905,1753378579.05498,-1.089,-24.773,0,0,0,-0.519590226040073,0.854415587991948,3.5,0,0,0,0,0,1753378560,1753378579.04596,100,100,0,0,0,0,1,0,0,0,0,0,0,1753378560
906,1753378579.06262,-1.089,-24.773,0,0,0,-0.519590226040073,0.854415587991948,3.5,0,0,0,0,0,1753378560,1753378579.055,100,100,0,0,0,0,1,0,0,0,0,0,0,1753378560
907,1753378579.07168,-1.089,-24.773,0,0,0,-0.519590226040073,0.854415587991948,3.5,0,0,0,0,0,1753378560,1753378579.06264,100,100,0,0,0,0,1,0,0,0,0,0,0,1753378560
908,1753378579.07934,-1.089,-24.773,0,0,0,-0.519590226040073,0.854415587991948,3.5,0,0,0,0,0,1753378560,1753378579.07171,100,100,0,0,0,0,1,0,0,0,0,0,0,1753378560
909,1753378579.08783,-1.089,-24.773,0,0,0,-0.519590226040073,0.854415587991948,3.5,0,0,0,0,0,1753378560,1753378579.07936,100,100,0,0,0,0,1,0,0,0,0,0,0,1753378560
910,1753378579.09598,-1.089,-24.773,0,0,0,-0.519590226040073,0.854415587991948,3.5,0,0,0,0,0,1753378560,1753378579.08786,100,100,0,0,0,0,1,0,0,0,0,0,0,1753378560
911,1753378579.10479,-1.089,-24.773,0,0,0,-0.519590226040073,0.854415587991948,3.5,0,0,0,0,0,1753378560,1753378579.096,100,100,0,0,0,0,1,0,0,0,0,0,0,1753378560
912,1753378579.11281,-1.089,-24.773,0,0,0,-0.519590226040073,0.854415587991948,3.5,0,0,0,0,0,1753378560,1753378579.10484,100,100,0,0,0,0,1,0,0,0,0,0,0,1753378560
913,1753378579.12124,-1.089,-24.773,0,0,0,-0.519590226040073,0.854415587991948,3.5,0,0,0,0,0,1753378560,1753378579.11284,100,100,0,0,0,0,1,0,0,0,0,0,0,1753378560
914,1753378579.12936,-1.089,-24.773,0,0,0,-0.519590226040073,0.854415587991948,3.5,0,0,0,0,0,1753378560,1753378579.12127,100,100,0,0,0,0,1,0,0,0,0,0,0,1753378560
915,1753378579.13778,-1.089,-24.773,0,0,0,-0.519590226040073,0.854415587991948,3.5,0,0,0,0,0,1753378560,1753378579.12938,100,100,0,0,0,0,1,0,0,0,0,0,0,1753378560
916,1753378579.14594,-1.089,-24.773,0,0,0,-0.519590226040073,0.854415587991948,3.5,0,0,0,0,0,1753378560,1753378579.13781,100,100,0,0,0,0,1,0,0,0,0,0,0,1753378560
917,1753378579.1545,-1.089,-24.773,0,0,0,-0.519590226040073,0.854415587991948,3.5,0,0,0,0,0,1753378560,1753378579.14597,100,100,0,0,0,0,1,0,0,0,0,0,0,1753378560
918,1753378579.16279,-1.089,-24.773,0,0,0,-0.519590226040073,0.854415587991948,3.5,0,0,0,0,0,1753378560,1753378579.15453,100,100,0,0,0,0,1,0,0,0,0,0,0,1753378560
919,1753378579.17147,-1.089,-24.773,0,0,0,-0.519590226040073,0.854415587991948,3.5,0,0,0,0,0,1753378560,1753378579.16282,100,100,0,0,0,0,1,0,0,0,0,0,0,1753378560
920,1753378579.17963,-1.089,-24.773,0,0,0,-0.519590226040073,0.854415587991948,3.5,0,0,0,0,0,1753378560,1753378579.17152,100,100,0,0,0,0,1,0,0,0,0,0,0,1753378560
921,1753378579.18798,-1.089,-24.773,0,0,0,-0.519590226040073,0.854415587991948,3.5,0,0,0,0,0,1753378560,1753378579.17968,100,100,0,0,0,0,1,0,0,0,0,0,0,1753378560
922,1753378579.19627,-1.089,-24.773,0,0,0,-0.519590226040073,0.854415587991948,3.5,0,0,0,0,0,1753378560,1753378579.18801,100,100,0,0,0,0,1,0,0,0,0,0,0,1753378560
923,1753378579.20492,-1.089,-24.773,0,0,0,-0.519590226040073,0.854415587991948,3.5,0,0,0,0,0,1753378560,1753378579.19632,100,100,0,0,0,0,1,0,0,0,0,0,0,1753378560
924,1753378579.21271,-1.089,-24.773,0,0,0,-0.519590226040073,0.854415587991948,3.5,0,0,0,0,0,1753378560,1753378579.20495,100,100,0,0,0,0,1,0,0,0,0,0,0,1753378560
925,1753378579.22124,-1.089,-24.773,0,0,0,-0.519590226040073,0.854415587991948,3.5,0,0,0,0,0,1753378560,1753378579.21273,100,100,0,0,0,0,1,0,0,0,0,0,0,1753378560
926,1753378579.22966,-1.089,-24.773,0,0,0,-0.519590226040073,0.854415587991948,3.5,0,0,0,0,0,1753378560,1753378579.22127,100,100,0,0,0,0,1,0,0,0,0,0,0,1753378560
927,1753378579.23779,-1.089,-24.773,0,0,0,-0.519590226040073,0.854415587991948,3.5,0,0,0,0,0,1753378560,1753378579.2297,100,100,0,0,0,0,1,0,0,0,0,0,0,1753378560
928,1753378579.24596,-1.089,-24.773,0,0,0,-0.519590226040073,0.854415587991948,3.5,0,0,0,0,0,1753378560,1753378579.23782,100,100,0,0,0,0,1,0,0,0,0,0,0,1753378560
929,1753378579.2551,-1.089,-24.773,0,0,0,-0.519590226040073,0.854415587991948,3.5,0,0,0,0,0,1753378560,1753378579.24598,100,100,0,0,0,0,1,0,0,0,0,0,0,1753378560
930,1753378579.26274,-1.089,-24.773,0,0,0,-0.519590226040073,0.854415587991948,3.5,0,0,0,0,0,1753378560,1753378579.25515,100,100,0,0,0,0,1,0,0,0,0,0,0,1753378560
931,1753378579.27113,-1.089,-24.773,0,0,0,-0.519590226040073,0.854415587991948,3.5,0,0,0,0,0,1753378560,1753378579.26277,100,100,0,0,0,0,1,0,0,0,0,0,0,1753378560
932,1753378579.27954,-1.089,-24.773,0,0,0,-0.519590226040073,0.854415587991948,3.5,0,0,0,0,0,1753378560,1753378579.27115,100,100,0,0,0,0,1,0,0,0,0,0,0,1753378560
933,1753378579.28785,-1.089,-24.773,0,0,0,-0.519590226040073,0.854415587991948,3.5,0,0,0,0,0,1753378560,1753378579.27958,100,100,0,0,0,0,1,0,0,0,0,0,0,1753378560
934,1753378579.29618,-1.089,-24.773,0,0,0,-0.519590226040073,0.854415587991948,3.5,0,0,0,0,0,1753378560,1753378579.28788,100,100,0,0,0,0,1,0,0,0,0,0,0,1753378560
935,1753378579.30443,-1.089,-24.773,0,0,0,-0.519590226040073,0.854415587991948,3.5,0,0,0,0,0,1753378560,1753378579.29621,100,100,0,0,0,0,1,0,0,0,0,0,0,1753378560
936,1753378579.31275,-1.089,-24.773,0,0,0,-0.519590226040073,0.854415587991948,3.5,0,0,0,0,0,1753378560,1753378579.30446,100,100,0,0,0,0,1,0,0,0,0,0,0,1753378560
937,1753378579.3211,-1.089,-24.773,0,0,0,-0.519590226040073,0.854415587991948,3.5,0,0,0,0,0,1753378560,1753378579.31277,100,100,0,0,0,0,1,0,0,0,0,0,0,1753378560
938,1753378579.32933,-1.089,-24.773,0,0,0,-0.519590226040073,0.854415587991948,3.5,0,0,0,0,0,1753378560,1753378579.32112,100,100,0,0,0,0,1,0,0,0,0,0,0,1753378560
939,1753378579.33795,-1.089,-24.773,0,0,0,-0.519590226040073,0.854415587991948,3.5,0,0,0,0,0,1753378560,1753378579.32936,100,100,0,0,0,0,1,0,0,0,0,0,0,1753378560
940,1753378579.34596,-1.089,-24.773,0,0,0,-0.519590226040073,0.854415587991948,3.5,0,0,0,0,0,1753378560,1753378579.33799,100,100,0,0,0,0,1,0,0,0,0,0,0,1753378560
941,1753378579.35443,-1.089,-24.773,0,0,0,-0.519590226040073,0.854415587991948,3.5,0,0,0,0,0,1753378560,1753378579.34598,100,100,0,0,0,0,1,0,0,0,0,0,0,1753378560
942,1753378579.36264,-1.089,-24.773,0,0,0,-0.519590226040073,0.854415587991948,3.5,0,0,0,0,0,1753378560,1753378579.35446,100,100,0,0,0,0,1,0,0,0,0,0,0,1753378560
943,1753378579.3712,-1.089,-24.773,0,0,0,-0.519590226040073,0.854415587991948,3.5,0,0,0,0,0,1753378560,1753378579.36266,100,100,0,0,0,0,1,0,0,0,0,0,0,1753378560
944,1753378579.37947,-1.089,-24.773,0,0,0,-0.519590226040073,0.854415587991948,3.5,0,0,0,0,0,1753378560,1753378579.37123,100,100,0,0,0,0,1,0,0,0,0,0,0,1753378560
945,1753378579.3879,-1.089,-24.773,0,0,0,-0.519590226040073,0.854415587991948,3.5,0,0,0,0,0,1753378560,1753378579.3795,100,100,0,0,0,0,1,0,0,0,0,0,0,1753378560
946,1753378579.39636,-1.089,-24.773,0,0,0,-0.519590226040073,0.854415587991948,3.5,0,0,0,0,0,1753378560,1753378579.38793,100,100,0,0,0,0,1,0,0,0,0,0,0,1753378560
947,1753378579.40687,-1.089,-24.773,0,0,0,-0.519590226040073,0.854415587991948,3.5,0,0,0,0,0,1753378560,1753378579.39639,100,100,0,0,0,0,1,0,0,0,0,0,0,1753378560
948,1753378579.41453,-1.089,-24.773,0,0,0,-0.519590226040073,0.854415587991948,3.5,0,0,0,0,0,1753378560,1753378579.40695,100,100,0,0,0,0,1,0,0,0,0,0,0,1753378560
949,1753378579.42257,-1.089,-24.773,0,0,0,-0.519590226040073,0.854415587991948,3.5,0,0,0,0,0,1753378560,1753378579.41463,100,100,0,0,0,0,1,0,0,0,0,0,0,1753378560
950,1753378579.43139,-1.089,-24.773,0,0,0,-0.519590226040073,0.854415587991948,3.5,0,0,0,0,0,1753378560,1753378579.42271,100,100,0,0,0,0,1,0,0,0,0,0,0,1753378560
951,1753378579.43943,-1.089,-24.773,0,0,0,-0.519590226040073,0.854415587991948,3.5,0,0,0,0,0,1753378560,1753378579.43151,100,100,0,0,0,0,1,0,0,0,0,0,0,1753378560
952,1753378579.44763,-1.089,-24.773,0,0,0,-0.519590226040073,0.854415587991948,3.5,0,0,0,0,0,1753378560,1753378579.43952,100,100,0,0,0,0,1,0,0,0,0,0,0,1753378560
953,1753378579.45555,-1.089,-24.773,0,0,0,-0.519590226040073,0.854415587991948,3.5,0,0,0,0,0,1753378560,1753378579.44774,100,100,0,0,0,0,1,0,0,0,0,0,0,1753378560
954,1753378579.4641,-1.089,-24.773,0,0,0,-0.519590226040073,0.854415587991948,3.5,0,0,0,0,0,1753378560,1753378579.45564,100,100,0,0,0,0,1,0,0,0,0,0,0,1753378560
955,1753378579.47148,-1.089,-24.773,0,0,0,-0.519590226040073,0.854415587991948,3.5,0,0,0,0,0,1753378560,1753378579.46418,100,100,0,0,0,0,1,0,0,0,0,0,0,1753378560
956,1753378579.47953,-1.089,-24.773,0,0,0,-0.519590226040073,0.854415587991948,3.5,0,0,0,0,0,1753378560,1753378579.47151,100,100,0,0,0,0,1,0,0,0,0,0,0,1753378560
957,1753378579.4878,-1.089,-24.773,0,0,0,-0.519590226040073,0.854415587991948,3.5,0,0,0,0,0,1753378560,1753378579.47956,100,100,0,0,0,0,1,0,0,0,0,0,0,1753378560
958,1753378579.49602,-1.089,-24.773,0,0,0,-0.519590226040073,0.854415587991948,3.5,0,0,0,0,0,1753378560,1753378579.48783,100,100,0,0,0,0,1,0,0,0,0,0,0,1753378560
959,1753378579.50616,-1.089,-24.773,0,0,0,-0.519590226040073,0.854415587991948,3.5,0,0,0,0,0,1753378560,1753378579.49605,100,100,0,0,0,0,1,0,0,0,0,0,0,1753378560
960,1753378579.51294,-1.089,-24.773,0,0,0,-0.519590226040073,0.854415587991948,3.5,0,0,0,0,0,1753378560,1753378579.50629,100,100,0,0,0,0,1,0,0,0,0,0,0,1753378560
961,1753378579.52116,-1.089,-24.773,0,0,0,-0.519590226040073,0.854415587991948,3.5,0,0,0,0,0,1753378560,1753378579.51297,100,100,0,0,0,0,1,0,0,0,0,0,0,1753378560
962,1753378579.52957,-1.089,-24.773,0,0,0,-0.519590226040073,0.854415587991948,3.5,0,0,0,0,0,1753378560,1753378579.5212,100,100,0,0,0,0,1,0,0,0,0,0,0,1753378560
963,1753378579.53798,-1.089,-24.773,0,0,0,-0.519590226040073,0.854415587991948,3.5,0,0,0,0,0,1753378560,1753378579.52961,100,100,0,0,0,0,1,0,0,0,0,0,0,1753378560
964,1753378579.54636,-1.089,-24.773,0,0,0,-0.519590226040073,0.854415587991948,3.5,0,0,0,0,0,1753378560,1753378579.53801,100,100,0,0,0,0,1,0,0,0,0,0,0,1753378560
965,1753378579.55442,-1.089,-24.773,0,0,0,-0.519590226040073,0.854415587991948,3.5,0,0,0,0,0,1753378560,1753378579.54639,100,100,0,0,0,0,1,0,0,0,0,0,0,1753378560
966,1753378579.56265,-1.089,-24.773,0,0,0,-0.519590226040073,0.854415587991948,3.5,0,0,0,0,0,1753378560,1753378579.55445,100,100,0,0,0,0,1,0,0,0,0,0,0,1753378560
967,1753378579.57127,-1.089,-24.773,0,0,0,-0.519590226040073,0.854415587991948,3.5,0,0,0,0,0,1753378560,1753378579.56268,100,100,0,0,0,0,1,0,0,0,0,0,0,1753378560
968,1753378579.57972,-1.089,-24.773,0,0,0,-0.519590226040073,0.854415587991948,3.5,0,0,0,0,0,1753378560,1753378579.57132,100,100,0,0,0,0,1,0,0,0,0,0,0,1753378560
969,1753378579.58778,-1.089,-24.773,0,0,0,-0.519590226040073,0.854415587991948,3.5,0,0,0,0,0,1753378560,1753378579.57977,100,100,0,0,0,0,1,0,0,0,0,0,0,1753378560
970,1753378579.59604,-1.089,-24.773,0,0,0,-0.519590226040073,0.854415587991948,3.5,0,0,0,0,0,1753378560,1753378579.5878,100,100,0,0,0,0,1,0,0,0,0,0,0,1753378560
971,1753378579.60445,-1.089,-24.773,0,0,0,-0.519590226040073,0.854415587991948,3.5,0,0,0,0,0,1753378560,1753378579.59606,100,100,0,0,0,0,1,0,0,0,0,0,0,1753378560
972,1753378579.61268,-1.089,-24.773,0,0,0,-0.519590226040073,0.854415587991948,3.5,0,0,0,0,0,1753378560,1753378579.60448,100,100,0,0,0,0,1,0,0,0,0,0,0,1753378560
973,1753378579.62117,-1.089,-24.773,0,0,0,-0.519590226040073,0.854415587991948,3.5,0,0,0,0,0,1753378560,1753378579.61271,100,100,0,0,0,0,1,0,0,0,0,0,0,1753378560
974,1753378579.62947,-1.089,-24.773,0,0,0,-0.519590226040073,0.854415587991948,3.5,0,0,0,0,0,1753378560,1753378579.6212,100,100,0,0,0,0,1,0,0,0,0,0,0,1753378560
975,1753378579.63776,-1.089,-24.773,0,0,0,-0.519590226040073,0.854415587991948,3.5,0,0,0,0,0,1753378560,1753378579.6295,100,100,0,0,0,0,1,0,0,0,0,0,0,1753378560
976,1753378579.64597,-1.089,-24.773,0,0,0,-0.519590226040073,0.854415587991948,3.5,0,0,0,0,0,1753378560,1753378579.63779,100,100,0,0,0,0,1,0,0,0,0,0,0,1753378560
977,1753378579.65437,-1.089,-24.773,0,0,0,-0.519590226040073,0.854415587991948,3.5,0,0,0,0,0,1753378560,1753378579.64599,100,100,0,0,0,0,1,0,0,0,0,0,0,1753378560
978,1753378579.66265,-1.089,-24.773,0,0,0,-0.519590226040073,0.854415587991948,3.5,0,0,0,0,0,1753378560,1753378579.65439,100,100,0,0,0,0,1,0,0,0,0,0,0,1753378560
979,1753378579.67102,-1.089,-24.773,0,0,0,-0.519590226040073,0.854415587991948,3.5,0,0,0,0,0,1753378560,1753378579.66268,100,100,0,0,0,0,1,0,0,0,0,0,0,1753378560
980,1753378579.68005,-1.07491344756971,-24.7985394495844,0,0,0,-0.519590226040073,0.854415587991948,3.5,0,0,0,0,0,1753378560,1753378579.67104,100,100,0,0,0,0,1,0,0,0,0,0,0,1753378560
981,1753378579.68791,-1.06082689513943,-24.8240788991688,0,0,0,-0.519590226040073,0.854415587991948,3.5,0,0,0,0,0,1753378560,1753378579.68007,100,100,0,0,0,0,1,0,0,0,0,0,0,1753378560
982,1753378579.69612,-1.04674034270914,-24.8496183487531,0,0,0,-0.519590226040073,0.854415587991948,3.5,0,0,0,0,0,1753378560,1753378579.68793,100,100,0,0,0,0,1,0,0,0,0,0,0,1753378560
983,1753378579.70453,-1.03265379027886,-24.8751577983375,0,0,0,-0.519590226040073,0.854415587991948,3.5,0,0,0,0,0,1753378560,1753378579.69616,100,100,0,0,0,0,1,0,0,0,0,0,0,1753378560
984,1753378579.71287,-1.01856723784857,-24.9006972479219,0,0,0,-0.519590226040073,0.854415587991948,3.5,0,0,0,0,0,1753378560,1753378579.70456,100,100,0,0,0,0,1,0,0,0,0,0,0,1753378560
985,1753378579.72121,-1.00448068541829,-24.9262366975063,0,0,0,-0.519590226040073,0.854415587991948,3.5,0,0,0,0,0,1753378560,1753378579.7129,100,100,0,0,0,0,1,0,0,0,0,0,0,1753378560
986,1753378579.72985,-0.990394132988003,-24.9517761470907,0,0,0,-0.519590226040073,0.854415587991948,3.5,0,0,0,0,0,1753378560,1753378579.72124,100,100,0,0,0,0,1,0,0,0,0,0,0,1753378560
987,1753378579.73814,-0.976307580557717,-24.9773155966751,0,0,0,-0.519590226040073,0.854415587991948,3.5,0,0,0,0,0,1753378560,1753378579.72989,100,100,0,0,0,0,1,0,0,0,0,0,0,1753378560
988,1753378579.74609,-0.962221028127432,-25.0028550462594,0,0,0,-0.519590226040073,0.854415587991948,3.5,0,0,0,0,0,1753378560,1753378579.73818,100,100,0,0,0,0,1,0,0,0,0,0,0,1753378560
989,1753378579.75454,-0.948134475697147,-25.0283944958438,0,0,0,-0.519590226040073,0.854415587991948,3.5,0,0,0,0,0,1753378560,1753378579.74611,100,100,0,0,0,0,1,0,0,0,0,0,0,1753378560
990,1753378579.76276,-0.934047923266861,-25.0539339454282,0,0,0,-0.519590226040073,0.854415587991948,3.5,0,0,0,0,0,1753378560,1753378579.75457,100,100,0,0,0,0,1,0,0,0,0,0,0,1753378560
991,1753378579.77124,-0.919961370836576,-25.0794733950126,0,0,0,-0.519590226040073,0.854415587991948,3.5,0,0,0,0,0,1753378560,1753378579.76279,100,100,0,0,0,0,1,0,0,0,0,0,0,1753378560
992,1753378579.7797,-0.905874818406291,-25.105012844597,0,0,0,-0.519590226040073,0.854415587991948,3.5,0,0,0,0,0,1753378560,1753378579.77127,100,100,0,0,0,0,1,0,0,0,0,0,0,1753378560
993,1753378579.788,-0.891788265976005,-25.1305522941814,0,0,0,-0.519590226040073,0.854415587991948,3.5,0,0,0,0,0,1753378560,1753378579.77974,100,100,0,0,0,0,1,0,0,0,0,0,0,1753378560
994,1753378579.79607,-0.87770171354572,-25.1560917437657,0,0,0,-0.519590226040073,0.854415587991948,3.5,0,0,0,0,0,1753378560,1753378579.78803,100,100,0,0,0,0,1,0,0,0,0,0,0,1753378560
995,1753378579.80445,-0.863615161115435,-25.1816311933501,0,0,0,-0.519590226040073,0.854415587991948,3.5,0,0,0,0,0,1753378560,1753378579.79609,100,100,0,0,0,0,1,0,0,0,0,0,0,1753378560
996,1753378579.81267,-0.849528608685149,-25.2071706429345,0,0,0,-0.519590226040073,0.854415587991948,3.5,0,0,0,0,0,1753378560,1753378579.80447,100,100,0,0,0,0,1,0,0,0,0,0,0,1753378560
997,1753378579.82119,-0.835442056254864,-25.2327100925189,0,0,0,-0.519590226040073,0.854415587991948,3.5,0,0,0,0,0,1753378560,1753378579.81269,100,100,0,0,0,0,1,0,0,0,0,0,0,1753378560
998,1753378579.8296,-0.821355503824579,-25.2582495421033,0,0,0,-0.519590226040073,0.854415587991948,3.5,0,0,0,0,0,1753378560,1753378579.82122,100,100,0,0,0,0,1,0,0,0,0,0,0,1753378560
999,1753378579.83785,-0.807268951394293,-25.2837889916876,0,0,0,-0.519590226040073,0.854415587991948,3.5,0,0,0,0,0,1753378560,1753378579.82963,100,100,0,0,0,0,1,0,0,0,0,0,0,1753378560
1000,1753378579.84608,-0.793182398964008,-25.309328441272,0,0,0,-0.519590226040073,0.854415587991948,3.5,0,0,0,0,0,1753378560,1753378579.83787,100,100,0,0,0,0,1,0,0,0,0,0,0,1753378560
1001,1753378579.85461,-0.779095846533723,-25.3348678908564,0,0,0,-0.519590226040073,0.854415587991948,3.5,0,0,0,0,0,1753378560,1753378579.84611,100,100,0,0,0,0,1,0,0,0,0,0,0,1753378560
1002,1753378579.86268,-0.765009294103437,-25.3604073404408,0,0,0,-0.519590226040073,0.854415587991948,3.5,0,0,0,0,0,1753378560,1753378579.85465,100,100,0,0,0,0,1,0,0,0,0,0,0,1753378560
1003,1753378579.87119,-0.750922741673152,-25.3859467900252,0,0,0,-0.519590226040073,0.854415587991948,3.5,0,0,0,0,0,1753378560,1753378579.8627,100,100,0,0,0,0,1,0,0,0,0,0,0,1753378560
1004,1753378579.87958,-0.736836189242867,-25.4114862396096,0,0,0,-0.519590226040073,0.854415587991948,3.5,0,0,0,0,0,1753378560,1753378579.87122,100,100,0,0,0,0,1,0,0,0,0,0,0,1753378560
1005,1753378579.8879,-0.722749636812581,-25.4370256891939,0,0,0,-0.519590226040073,0.854415587991948,3.5,0,0,0,0,0,1753378560,1753378579.87962,100,100,0,0,0,0,1,0,0,0,0,0,0,1753378560
1006,1753378579.89608,-0.708663084382296,-25.4625651387783,0,0,0,-0.519590226040073,0.854415587991948,3.5,0,0,0,0,0,1753378560,1753378579.88794,100,100,0,0,0,0,1,0,0,0,0,0,0,1753378560
1007,1753378579.90442,-0.694576531952011,-25.4881045883627,0,0,0,-0.519590226040073,0.854415587991948,3.5,0,0,0,0,0,1753378560,1753378579.8961,100,100,0,0,0,0,1,0,0,0,0,0,0,1753378560
1008,1753378579.91279,-0.680489979521725,-25.5136440379471,0,0,0,-0.519590226040073,0.854415587991948,3.5,0,0,0,0,0,1753378560,1753378579.90445,100,100,0,0,0,0,1,0,0,0,0,0,0,1753378560
1009,1753378579.92128,-0.66640342709144,-25.5391834875315,0,0,0,-0.519590226040073,0.854415587991948,3.5,0,0,0,0,0,1753378560,1753378579.91281,100,100,0,0,0,0,1,0,0,0,0,0,0,1753378560
1010,1753378579.92955,-0.652316874661155,-25.5647229371159,0,0,0,-0.519590226040073,0.854415587991948,3.5,0,0,0,0,0,1753378560,1753378579.92131,100,100,0,0,0,0,1,0,0,0,0,0,0,1753378560
1011,1753378579.93804,-0.638230322230869,-25.5902623867002,0,0,0,-0.519590226040073,0.854415587991948,3.5,0,0,0,0,0,1753378560,1753378579.92957,100,100,0,0,0,0,1,0,0,0,0,0,0,1753378560
1012,1753378579.94604,-0.624143769800584,-25.6158018362846,0,0,0,-0.519590226040073,0.854415587991948,3.5,0,0,0,0,0,1753378560,1753378579.93809,100,100,0,0,0,0,1,0,0,0,0,0,0,1753378560
1013,1753378579.9545,-0.610057217370299,-25.641341285869,0,0,0,-0.519590226040073,0.854415587991948,3.5,0,0,0,0,0,1753378560,1753378579.94606,100,100,0,0,0,0,1,0,0,0,0,0,0,1753378560
1014,1753378579.96267,-0.595970664940013,-25.6668807354534,0,0,0,-0.519590226040073,0.854415587991948,3.5,0,0,0,0,0,1753378560,1753378579.95453,100,100,0,0,0,0,1,0,0,0,0,0,0,1753378560
1015,1753378579.97151,-0.581884112509728,-25.6924201850378,0,0,0,-0.519590226040073,0.854415587991948,3.5,0,0,0,0,0,1753378560,1753378579.9627,100,100,0,0,0,0,1,0,0,0,0,0,0,1753378560
1016,1753378579.97982,-0.567797560079443,-25.7179596346221,0,0,0,-0.519590226040073,0.854415587991948,3.5,0,0,0,0,0,1753378560,1753378579.97156,100,100,0,0,0,0,1,0,0,0,0,0,0,1753378560
1017,1753378579.98802,-0.553711007649157,-25.7434990842065,0,0,0,-0.519590226040073,0.854415587991948,3.5,0,0,0,0,0,1753378560,1753378579.97986,100,100,0,0,0,0,1,0,0,0,0,0,0,1753378560
1018,1753378579.99608,-0.539624455218872,-25.7690385337909,0,0,0,-0.519590226040073,0.854415587991948,3.5,0,0,0,0,0,1753378560,1753378579.98807,100,100,0,0,0,0,1,0,0,0,0,0,0,1753378560
1019,1753378580.00444,-0.525537902788587,-25.7945779833753,0,0,0,-0.519590226040073,0.854415587991948,3.5,0,0,0,0,0,1753378560,1753378579.99611,100,100,0,0,0,0,1,0,0,0,0,0,0,1753378560
1020,1753378580.01287,-0.511451350358301,-25.8201174329597,0,0,0,-0.519590226040073,0.854415587991948,3.5,0,0,0,0,0,1753378560,1753378580.00446,100,100,0,0,0,0,1,0,0,0,0,0,0,1753378560
1021,1753378580.02117,-0.497364797928016,-25.8456568825441,0,0,0,-0.519590226040073,0.854415587991948,3.5,0,0,0,0,0,1753378560,1753378580.0129,100,100,0,0,0,0,1,0,0,0,0,0,0,1753378560
1022,1753378580.02946,-0.48327824549773,-25.8711963321284,0,0,0,-0.519590226040073,0.854415587991948,3.5,0,0,0,0,0,1753378560,1753378580.02119,100,100,0,0,0,0,1,0,0,0,0,0,0,1753378560
1023,1753378580.0379,-0.469191693067445,-25.8967357817128,0,0,0,-0.519590226040073,0.854415587991948,3.5,0,0,0,0,0,1753378560,1753378580.02949,100,100,0,0,0,0,1,0,0,0,0,0,0,1753378560
1024,1753378580.04609,-0.45510514063716,-25.9222752312972,0,0,0,-0.519590226040073,0.854415587991948,3.5,0,0,0,0,0,1753378560,1753378580.03793,100,100,0,0,0,0,1,0,0,0,0,0,0,1753378560
1025,1753378580.05456,-0.441018588206874,-25.9478146808816,0,0,0,-0.519590226040073,0.854415587991948,3.5,0,0,0,0,0,1753378560,1753378580.04612,100,100,0,0,0,0,1,0,0,0,0,0,0,1753378560
1026,1753378580.06277,-0.426932035776589,-25.973354130466,0,0,0,-0.519590226040073,0.854415587991948,3.5,0,0,0,0,0,1753378560,1753378580.05458,100,100,0,0,0,0,1,0,0,0,0,0,0,1753378560
1027,1753378580.07134,-0.412845483346304,-25.9988935800504,0,0,0,-0.519590226040073,0.854415587991948,3.5,0,0,0,0,0,1753378560,1753378580.0628,100,100,0,0,0,0,1,0,0,0,0,0,0,1753378560
1028,1753378580.07949,-0.398758930916018,-26.0244330296347,0,0,0,-0.519590226040073,0.854415587991948,3.5,0,0,0,0,0,1753378560,1753378580.07138,100,100,0,0,0,0,1,0,0,0,0,0,0,1753378560
1029,1753378580.08806,-0.384672378485733,-26.0499724792191,0,0,0,-0.519590226040073,0.854415587991948,3.5,0,0,0,0,0,1753378560,1753378580.07952,100,100,0,0,0,0,1,0,0,0,0,0,0,1753378560
1030,1753378580.09602,-0.370585826055448,-26.0755119288035,0,0,0,-0.519590226040073,0.854415587991948,3.5,0,0,0,0,0,1753378560,1753378580.08809,100,100,0,0,0,0,1,0,0,0,0,0,0,1753378560
1031,1753378580.10448,-0.356499273625162,-26.1010513783879,0,0,0,-0.519590226040073,0.854415587991948,3.5,0,0,0,0,0,1753378560,1753378580.09605,100,100,0,0,0,0,1,0,0,0,0,0,0,1753378560
1032,1753378580.11278,-0.342412721194877,-26.1265908279723,0,0,0,-0.519590226040073,0.854415587991948,3.5,0,0,0,0,0,1753378560,1753378580.10451,100,100,0,0,0,0,1,0,0,0,0,0,0,1753378560
1033,1753378580.12144,-0.328326168764592,-26.1521302775566,0,0,0,-0.519590226040073,0.854415587991948,3.5,0,0,0,0,0,1753378560,1753378580.1128,100,100,0,0,0,0,1,0,0,0,0,0,0,1753378560
1034,1753378580.13017,-0.314239616334306,-26.177669727141,0,0,0,-0.519590226040073,0.854415587991948,3.5,0,0,0,0,0,1753378560,1753378580.12148,100,100,0,0,0,0,1,0,0,0,0,0,0,1753378560
1035,1753378580.13823,-0.300153063904021,-26.2032091767254,0,0,0,-0.519590226040073,0.854415587991948,3.5,0,0,0,0,0,1753378560,1753378580.13021,100,100,0,0,0,0,1,0,0,0,0,0,0,1753378560
1036,1753378580.14646,-0.286066511473736,-26.2287486263098,0,0,0,-0.519590226040073,0.854415587991948,3.5,0,0,0,0,0,1753378560,1753378580.13827,100,100,0,0,0,0,1,0,0,0,0,0,0,1753378560
1037,1753378580.15472,-0.27197995904345,-26.2542880758942,0,0,0,-0.519590226040073,0.854415587991948,3.5,0,0,0,0,0,1753378560,1753378580.14651,100,100,0,0,0,0,1,0,0,0,0,0,0,1753378560
1038,1753378580.1628,-0.257893406613165,-26.2798275254786,0,0,0,-0.519590226040073,0.854415587991948,3.5,0,0,0,0,0,1753378560,1753378580.15477,100,100,0,0,0,0,1,0,0,0,0,0,0,1753378560
1039,1753378580.17149,-0.24380685418288,-26.3053669750629,0,0,0,-0.519590226040073,0.854415587991948,3.5,0,0,0,0,0,1753378560,1753378580.16283,100,100,0,0,0,0,1,0,0,0,0,0,0,1753378560
1040,1753378580.17975,-0.229720301752594,-26.3309064246473,0,0,0,-0.519590226040073,0.854415587991948,3.5,0,0,0,0,0,1753378560,1753378580.17154,100,100,0,0,0,0,1,0,0,0,0,0,0,1753378560
1041,1753378580.18832,-0.215633749322309,-26.3564458742317,0,0,0,-0.519590226040073,0.854415587991948,3.5,0,0,0,0,0,1753378560,1753378580.1798,100,100,0,0,0,0,1,0,0,0,0,0,0,1753378560
1042,1753378580.19637,-0.201547196892024,-26.3819853238161,0,0,0,-0.519590226040073,0.854415587991948,3.5,0,0,0,0,0,1753378560,1753378580.18839,100,100,0,0,0,0,1,0,0,0,0,0,0,1753378560
1043,1753378580.20447,-0.187460644461739,-26.4075247734005,0,0,0,-0.519590226040073,0.854415587991948,3.5,0,0,0,0,0,1753378560,1753378580.19642,100,100,0,0,0,0,1,0,0,0,0,0,0,1753378560
1044,1753378580.21298,-0.173374092031453,-26.4330642229849,0,0,0,-0.519590226040073,0.854415587991948,3.5,0,0,0,0,0,1753378560,1753378580.20449,100,100,0,0,0,0,1,0,0,0,0,0,0,1753378560
1045,1753378580.22151,-0.159287539601168,-26.4586036725692,0,0,0,-0.519590226040073,0.854415587991948,3.5,0,0,0,0,0,1753378560,1753378580.21303,100,100,0,0,0,0,1,0,0,0,0,0,0,1753378560
1046,1753378580.22966,-0.145200987170883,-26.4841431221536,0,0,0,-0.519590226040073,0.854415587991948,3.5,0,0,0,0,0,1753378560,1753378580.22155,100,100,0,0,0,0,1,0,0,0,0,0,0,1753378560
1047,1753378580.23792,-0.131114434740597,-26.509682571738,0,0,0,-0.519590226040073,0.854415587991948,3.5,0,0,0,0,0,1753378560,1753378580.22969,100,100,0,0,0,0,1,0,0,0,0,0,0,1753378560
1048,1753378580.2461,-0.117027882310312,-26.5352220213224,0,0,0,-0.519590226040073,0.854415587991948,3.5,0,0,0,0,0,1753378560,1753378580.23795,100,100,0,0,0,0,1,0,0,0,0,0,0,1753378560
1049,1753378580.25474,-0.102941329880027,-26.5607614709068,0,0,0,-0.519590226040073,0.854415587991948,3.5,0,0,0,0,0,1753378560,1753378580.24613,100,100,0,0,0,0,1,0,0,0,0,0,0,1753378560
1050,1753378580.2629,-0.0888547774497414,-26.5863009204911,0,0,0,-0.519590226040073,0.854415587991948,3.5,0,0,0,0,0,1753378560,1753378580.25477,100,100,0,0,0,0,1,0,0,0,0,0,0,1753378560
1051,1753378580.27158,-0.074768225019456,-26.6118403700755,0,0,0,-0.519590226040073,0.854415587991948,3.5,0,0,0,0,0,1753378560,1753378580.26295,100,100,0,0,0,0,1,0,0,0,0,0,0,1753378560
1052,1753378580.27949,-0.0606816725891707,-26.6373798196599,0,0,0,-0.519590226040073,0.854415587991948,3.5,0,0,0,0,0,1753378560,1753378580.27161,100,100,0,0,0,0,1,0,0,0,0,0,0,1753378560
1053,1753378580.28827,-0.0465951201588854,-26.6629192692443,0,0,0,-0.519590226040073,0.854415587991948,3.5,0,0,0,0,0,1753378560,1753378580.27952,100,100,0,0,0,0,1,0,0,0,0,0,0,1753378560
1054,1753378580.29632,-0.0325085677286001,-26.6884587188287,0,0,0,-0.519590226040073,0.854415587991948,3.5,0,0,0,0,0,1753378560,1753378580.28833,100,100,0,0,0,0,1,0,0,0,0,0,0,1753378560
1055,1753378580.30474,-0.0184220152983148,-26.7139981684131,0,0,0,-0.519590226040073,0.854415587991948,3.5,0,0,0,0,0,1753378560,1753378580.29637,100,100,0,0,0,0,1,0,0,0,0,0,0,1753378560
1056,1753378580.31292,-0.00433546286802946,-26.7395376179974,0,0,0,-0.519590226040073,0.854415587991948,3.5,0,0,0,0,0,1753378560,1753378580.30479,100,100,0,0,0,0,1,0,0,0,0,0,0,1753378560
1057,1753378580.32145,0.00975108956225585,-26.7650770675818,0,0,0,-0.519590226040073,0.854415587991948,3.5,0,0,0,0,0,1753378560,1753378580.31296,100,100,0,0,0,0,1,0,0,0,0,0,0,1753378560
1058,1753378580.32951,0.0238376419925412,-26.7906165171662,0,0,0,-0.519590226040073,0.854415587991948,3.5,0,0,0,0,0,1753378560,1753378580.32149,100,100,0,0,0,0,1,0,0,0,0,0,0,1753378560
1059,1753378580.33798,0.0379241944228265,-26.8161559667506,0,0,0,-0.519590226040073,0.854415587991948,3.5,0,0,0,0,0,1753378560,1753378580.32954,100,100,0,0,0,0,1,0,0,0,0,0,0,1753378560
1060,1753378580.346,0.0520107468531118,-26.841695416335,0,0,0,-0.519590226040073,0.854415587991948,3.5,0,0,0,0,0,1753378560,1753378580.33801,100,100,0,0,0,0,1,0,0,0,0,0,0,1753378560
1061,1753378580.35468,0.0660972992833971,-26.8672348659194,0,0,0,-0.519590226040073,0.854415587991948,3.5,0,0,0,0,0,1753378560,1753378580.34602,100,100,0,0,0,0,1,0,0,0,0,0,0,1753378560
1062,1753378580.36288,0.0801838517136824,-26.8927743155037,0,0,0,-0.519590226040073,0.854415587991948,3.5,0,0,0,0,0,1753378560,1753378580.35473,100,100,0,0,0,0,1,0,0,0,0,0,0,1753378560
1063,1753378580.37154,0.0942704041439677,-26.9183137650881,0,0,0,-0.519590226040073,0.854415587991948,3.5,0,0,0,0,0,1753378560,1753378580.36293,100,100,0,0,0,0,1,0,0,0,0,0,0,1753378560
1064,1753378580.37966,0.108356956574253,-26.9438532146725,0,0,0,-0.519590226040073,0.854415587991948,3.5,0,0,0,0,0,1753378560,1753378580.3716,100,100,0,0,0,0,1,0,0,0,0,0,0,1753378560
1065,1753378580.38812,0.122443509004538,-26.9693926642569,0,0,0,-0.519590226040073,0.854415587991948,3.5,0,0,0,0,0,1753378560,1753378580.3797,100,100,0,0,0,0,1,0,0,0,0,0,0,1753378560
1066,1753378580.39635,0.136530061434824,-26.9949321138413,0,0,0,-0.519590226040073,0.854415587991948,3.5,0,0,0,0,0,1753378560,1753378580.38816,100,100,0,0,0,0,1,0,0,0,0,0,0,1753378560
1067,1753378580.40465,0.150616613865109,-27.0204715634256,0,0,0,-0.519590226040073,0.854415587991948,3.5,0,0,0,0,0,1753378560,1753378580.39639,100,100,0,0,0,0,1,0,0,0,0,0,0,1753378560
1068,1753378580.41296,0.164703166295394,-27.04601101301,0,0,0,-0.519590226040073,0.854415587991948,3.5,0,0,0,0,0,1753378560,1753378580.4047,100,100,0,0,0,0,1,0,0,0,0,0,0,1753378560
1069,1753378580.42151,0.17878971872568,-27.0715504625944,0,0,0,-0.519590226040073,0.854415587991948,3.5,0,0,0,0,0,1753378560,1753378580.413,100,100,0,0,0,0,1,0,0,0,0,0,0,1753378560
1070,1753378580.42987,0.192876271155965,-27.0970899121788,0,0,0,-0.519590226040073,0.854415587991948,3.5,0,0,0,0,0,1753378560,1753378580.42156,100,100,0,0,0,0,1,0,0,0,0,0,0,1753378560
1071,1753378580.43854,0.20696282358625,-27.1226293617632,0,0,0,-0.519590226040073,0.854415587991948,3.5,0,0,0,0,0,1753378560,1753378580.42993,100,100,0,0,0,0,1,0,0,0,0,0,0,1753378560
1072,1753378580.44624,0.221049376016536,-27.1481688113476,0,0,0,-0.519590226040073,0.854415587991948,3.5,0,0,0,0,0,1753378560,1753378580.4386,100,100,0,0,0,0,1,0,0,0,0,0,0,1753378560
1073,1753378580.45471,0.235135928446821,-27.1737082609319,0,0,0,-0.519590226040073,0.854415587991948,3.5,0,0,0,0,0,1753378560,1753378580.44627,100,100,0,0,0,0,1,0,0,0,0,0,0,1753378560
1074,1753378580.46267,0.249222480877106,-27.1992477105163,0,0,0,-0.519590226040073,0.854415587991948,3.5,0,0,0,0,0,1753378560,1753378580.45473,100,100,0,0,0,0,1,0,0,0,0,0,0,1753378560
1075,1753378580.47112,0.263309033307391,-27.2247871601007,0,0,0,-0.519590226040073,0.854415587991948,3.5,0,0,0,0,0,1753378560,1753378580.46269,100,100,0,0,0,0,1,0,0,0,0,0,0,1753378560
1076,1753378580.47949,0.277395585737677,-27.2503266096851,0,0,0,-0.519590226040073,0.854415587991948,3.5,0,0,0,0,0,1753378560,1753378580.47114,100,100,0,0,0,0,1,0,0,0,0,0,0,1753378560
1077,1753378580.488,0.291482138167962,-27.2758660592695,0,0,0,-0.519590226040073,0.854415587991948,3.5,0,0,0,0,0,1753378560,1753378580.47952,100,100,0,0,0,0,1,0,0,0,0,0,0,1753378560
1078,1753378580.49614,0.305568690598247,-27.3014055088539,0,0,0,-0.519590226040073,0.854415587991948,3.5,0,0,0,0,0,1753378560,1753378580.48803,100,100,0,0,0,0,1,0,0,0,0,0,0,1753378560
1079,1753378580.50444,0.319655243028533,-27.3269449584382,0,0,0,-0.519590226040073,0.854415587991948,3.5,0,0,0,0,0,1753378560,1753378580.49617,100,100,0,0,0,0,1,0,0,0,0,0,0,1753378560
1080,1753378580.51273,0.333741795458818,-27.3524844080226,0,0,0,-0.519590226040073,0.854415587991948,3.5,0,0,0,0,0,1753378560,1753378580.50448,100,100,0,0,0,0,1,0,0,0,0,0,0,1753378560
1081,1753378580.52122,0.347828347889103,-27.378023857607,0,0,0,-0.519590226040073,0.854415587991948,3.5,0,0,0,0,0,1753378560,1753378580.51276,100,100,0,0,0,0,1,0,0,0,0,0,0,1753378560
1082,1753378580.52957,0.361914900319389,-27.4035633071914,0,0,0,-0.519590226040073,0.854415587991948,3.5,0,0,0,0,0,1753378560,1753378580.52125,100,100,0,0,0,0,1,0,0,0,0,0,0,1753378560
1083,1753378580.53791,0.376001452749674,-27.4291027567758,0,0,0,-0.519590226040073,0.854415587991948,3.5,0,0,0,0,0,1753378560,1753378580.5296,100,100,0,0,0,0,1,0,0,0,0,0,0,1753378560
1084,1753378580.54603,0.390088005179959,-27.4546422063601,0,0,0,-0.519590226040073,0.854415587991948,3.5,0,0,0,0,0,1753378560,1753378580.53793,100,100,0,0,0,0,1,0,0,0,0,0,0,1753378560
1085,1753378580.55453,0.404174557610245,-27.4801816559445,0,0,0,-0.519590226040073,0.854415587991948,3.5,0,0,0,0,0,1753378560,1753378580.54605,100,100,0,0,0,0,1,0,0,0,0,0,0,1753378560
1086,1753378580.56295,0.41826111004053,-27.5057211055289,0,0,0,-0.519590226040073,0.854415587991948,3.5,0,0,0,0,0,1753378560,1753378580.55456,100,100,0,0,0,0,1,0,0,0,0,0,0,1753378560
1087,1753378580.57158,0.432347662470816,-27.5312605551133,0,0,0,-0.519590226040073,0.854415587991948,3.5,0,0,0,0,0,1753378560,1753378580.563,100,100,0,0,0,0,1,0,0,0,0,0,0,1753378560
1088,1753378580.5795,0.446434214901101,-27.5568000046977,0,0,0,-0.519590226040073,0.854415587991948,3.5,0,0,0,0,0,1753378560,1753378580.57163,100,100,0,0,0,0,1,0,0,0,0,0,0,1753378560
1089,1753378580.58807,0.460520767331386,-27.5823394542821,0,0,0,-0.519590226040073,0.854415587991948,3.5,0,0,0,0,0,1753378560,1753378580.57953,100,100,0,0,0,0,1,0,0,0,0,0,0,1753378560
1090,1753378580.59632,0.474607319761672,-27.6078789038664,0,0,0,-0.519590226040073,0.854415587991948,3.5,0,0,0,0,0,1753378560,1753378580.58812,100,100,0,0,0,0,1,0,0,0,0,0,0,1753378560
1091,1753378580.60465,0.488693872191957,-27.6334183534508,0,0,0,-0.519590226040073,0.854415587991948,3.5,0,0,0,0,0,1753378560,1753378580.59636,100,100,0,0,0,0,1,0,0,0,0,0,0,1753378560
1092,1753378580.61289,0.502780424622242,-27.6589578030352,0,0,0,-0.519590226040073,0.854415587991948,3.5,0,0,0,0,0,1753378560,1753378580.6047,100,100,0,0,0,0,1,0,0,0,0,0,0,1753378560
1093,1753378580.62154,0.516866977052527,-27.6844972526196,0,0,0,-0.519590226040073,0.854415587991948,3.5,0,0,0,0,0,1753378560,1753378580.61293,100,100,0,0,0,0,1,0,0,0,0,0,0,1753378560
1094,1753378580.62953,0.530953529482813,-27.710036702204,0,0,0,-0.519590226040073,0.854415587991948,3.5,0,0,0,0,0,1753378560,1753378580.6216,100,100,0,0,0,0,1,0,0,0,0,0,0,1753378560
1095,1753378580.63794,0.545040081913098,-27.7355761517884,0,0,0,-0.519590226040073,0.854415587991948,3.5,0,0,0,0,0,1753378560,1753378580.62958,100,100,0,0,0,0,1,0,0,0,0,0,0,1753378560
1096,1753378580.646,0.559126634343383,-27.7611156013727,0,0,0,-0.519590226040073,0.854415587991948,3.5,0,0,0,0,0,1753378560,1753378580.63797,100,100,0,0,0,0,1,0,0,0,0,0,0,1753378560
1097,1753378580.65479,0.573213186773669,-27.7866550509571,0,0,0,-0.519590226040073,0.854415587991948,3.5,0,0,0,0,0,1753378560,1753378580.64602,100,100,0,0,0,0,1,0,0,0,0,0,0,1753378560
1098,1753378580.66324,0.587299739203954,-27.8121945005415,0,0,0,-0.519590226040073,0.854415587991948,3.5,0,0,0,0,0,1753378560,1753378580.65482,100,100,0,0,0,0,1,0,0,0,0,0,0,1753378560
1099,1753378580.6714,0.601386291634239,-27.8377339501259,0,0,0,-0.519590226040073,0.854415587991948,3.5,0,0,0,0,0,1753378560,1753378580.66327,100,100,0,0,0,0,1,0,0,0,0,0,0,1753378560
1100,1753378580.67947,0.615472844064525,-27.8632733997103,0,0,0,-0.519590226040073,0.854415587991948,3.5,0,0,0,0,0,1753378560,1753378580.67143,100,100,0,0,0,0,1,0,0,0,0,0,0,1753378560
1101,1753378580.68781,0.62955939649481,-27.8888128492946,0,0,0,-0.519590226040073,0.854415587991948,3.5,0,0,0,0,0,1753378560,1753378580.6795,100,100,0,0,0,0,1,0,0,0,0,0,0,1753378560
1102,1753378580.69614,0.643645948925095,-27.914352298879,0,0,0,-0.519590226040073,0.854415587991948,3.5,0,0,0,0,0,1753378560,1753378580.68784,100,100,0,0,0,0,1,0,0,0,0,0,0,1753378560
1103,1753378580.70452,0.657732501355381,-27.9398917484634,0,0,0,-0.519590226040073,0.854415587991948,3.5,0,0,0,0,0,1753378560,1753378580.69617,100,100,0,0,0,0,1,0,0,0,0,0,0,1753378560
1104,1753378580.71277,0.671819053785666,-27.9654311980478,0,0,0,-0.519590226040073,0.854415587991948,3.5,0,0,0,0,0,1753378560,1753378580.70455,100,100,0,0,0,0,1,0,0,0,0,0,0,1753378560
1105,1753378580.72115,0.685905606215952,-27.9909706476322,0,0,0,-0.519590226040073,0.854415587991948,3.5,0,0,0,0,0,1753378560,1753378580.7128,100,100,0,0,0,0,1,0,0,0,0,0,0,1753378560
1106,1753378580.72952,0.699992158646237,-28.0165100972166,0,0,0,-0.519590226040073,0.854415587991948,3.5,0,0,0,0,0,1753378560,1753378580.72117,100,100,0,0,0,0,1,0,0,0,0,0,0,1753378560
1107,1753378580.73784,0.714078711076522,-28.0420495468009,0,0,0,-0.519590226040073,0.854415587991948,3.5,0,0,0,0,0,1753378560,1753378580.72955,100,100,0,0,0,0,1,0,0,0,0,0,0,1753378560
1108,1753378580.74625,0.728165263506808,-28.0675889963853,0,0,0,-0.519590226040073,0.854415587991948,3.5,0,0,0,0,0,1753378560,1753378580.73787,100,100,0,0,0,0,1,0,0,0,0,0,0,1753378560
1109,1753378580.75472,0.742251815937093,-28.0931284459697,0,0,0,-0.519590226040073,0.854415587991948,3.5,0,0,0,0,0,1753378560,1753378580.74627,100,100,0,0,0,0,1,0,0,0,0,0,0,1753378560
1110,1753378580.76331,0.756338368367378,-28.1186678955541,0,0,0,-0.519590226040073,0.854415587991948,3.5,0,0,0,0,0,1753378560,1753378580.75477,100,100,0,0,0,0,1,0,0,0,0,0,0,1753378560
1111,1753378580.77147,0.770424920797664,-28.1442073451385,0,0,0,-0.519590226040073,0.854415587991948,3.5,0,0,0,0,0,1753378560,1753378580.76335,100,100,0,0,0,0,1,0,0,0,0,0,0,1753378560
1112,1753378580.77979,0.784511473227949,-28.1697467947229,0,0,0,-0.519590226040073,0.854415587991948,3.5,0,0,0,0,0,1753378560,1753378580.77151,100,100,0,0,0,0,1,0,0,0,0,0,0,1753378560
1113,1753378580.78805,0.798598025658234,-28.1952862443072,0,0,0,-0.519590226040073,0.854415587991948,3.5,0,0,0,0,0,1753378560,1753378580.77984,100,100,0,0,0,0,1,0,0,0,0,0,0,1753378560
1114,1753378580.79639,0.81268457808852,-28.2208256938916,0,0,0,-0.519590226040073,0.854415587991948,3.5,0,0,0,0,0,1753378560,1753378580.78809,100,100,0,0,0,0,1,0,0,0,0,0,0,1753378560
1115,1753378580.80466,0.826771130518805,-28.246365143476,0,0,0,-0.519590226040073,0.854415587991948,3.5,0,0,0,0,0,1753378560,1753378580.79643,100,100,0,0,0,0,1,0,0,0,0,0,0,1753378560
1116,1753378580.81272,0.84085768294909,-28.2719045930604,0,0,0,-0.519590226040073,0.854415587991948,3.5,0,0,0,0,0,1753378560,1753378580.8047,100,100,0,0,0,0,1,0,0,0,0,0,0,1753378560
1117,1753378580.82142,0.854944235379376,-28.2974440426448,0,0,0,-0.519590226040073,0.854415587991948,3.5,0,0,0,0,0,1753378560,1753378580.81274,100,100,0,0,0,0,1,0,0,0,0,0,0,1753378560
1118,1753378580.82965,0.869030787809661,-28.3229834922291,0,0,0,-0.519590226040073,0.854415587991948,3.5,0,0,0,0,0,1753378560,1753378580.82149,100,100,0,0,0,0,1,0,0,0,0,0,0,1753378560
1119,1753378580.83842,0.883117340239946,-28.3485229418135,0,0,0,-0.519590226040073,0.854415587991948,3.5,0,0,0,0,0,1753378560,1753378580.82969,100,100,0,0,0,0,1,0,0,0,0,0,0,1753378560
1120,1753378580.84673,0.897203892670232,-28.3740623913979,0,0,0,-0.519590226040073,0.854415587991948,3.5,0,0,0,0,0,1753378560,1753378580.83848,100,100,0,0,0,0,1,0,0,0,0,0,0,1753378560
1121,1753378580.85553,0.911290445100517,-28.3996018409823,0,0,0,-0.519590226040073,0.854415587991948,3.5,0,0,0,0,0,1753378560,1753378580.8468,100,100,0,0,0,0,1,0,0,0,0,0,0,1753378560
1122,1753378580.86419,0.925376997530802,-28.4251412905667,0,0,0,-0.519590226040073,0.854415587991948,3.5,0,0,0,0,0,1753378560,1753378580.8556,100,100,0,0,0,0,1,0,0,0,0,0,0,1753378560
1123,1753378580.87151,0.939463549961088,-28.4506807401511,0,0,0,-0.519590226040073,0.854415587991948,3.5,0,0,0,0,0,1753378560,1753378580.86426,100,100,0,0,0,0,1,0,0,0,0,0,0,1753378560
1124,1753378580.87948,0.953550102391373,-28.4762201897354,0,0,0,-0.519590226040073,0.854415587991948,3.5,0,0,0,0,0,1753378560,1753378580.87156,100,100,0,0,0,0,1,0,0,0,0,0,0,1753378560
1125,1753378580.88785,0.967636654821658,-28.5017596393198,0,0,0,-0.519590226040073,0.854415587991948,3.5,0,0,0,0,0,1753378560,1753378580.8795,100,100,0,0,0,0,1,0,0,0,0,0,0,1753378560
1126,1753378580.89601,0.981723207251944,-28.5272990889042,0,0,0,-0.519590226040073,0.854415587991948,3.5,0,0,0,0,0,1753378560,1753378580.88789,100,100,0,0,0,0,1,0,0,0,0,0,0,1753378560
1127,1753378580.90447,0.995809759682229,-28.5528385384886,0,0,0,-0.519590226040073,0.854415587991948,3.5,0,0,0,0,0,1753378560,1753378580.89603,100,100,0,0,0,0,1,0,0,0,0,0,0,1753378560
1128,1753378580.91265,1.00989631211251,-28.578377988073,0,0,0,-0.519590226040073,0.854415587991948,3.5,0,0,0,0,0,1753378560,1753378580.9045,100,100,0,0,0,0,1,0,0,0,0,0,0,1753378560
1129,1753378580.92129,1.0239828645428,-28.6039174376574,0,0,0,-0.519590226040073,0.854415587991948,3.5,0,0,0,0,0,1753378560,1753378580.91268,100,100,0,0,0,0,1,0,0,0,0,0,0,1753378560
1130,1753378580.92944,1.03806941697308,-28.6294568872417,0,0,0,-0.519590226040073,0.854415587991948,3.5,0,0,0,0,0,1753378560,1753378580.92132,100,100,0,0,0,0,1,0,0,0,0,0,0,1753378560
1131,1753378580.93805,1.05215596940337,-28.6549963368261,0,0,0,-0.519590226040073,0.854415587991948,3.5,0,0,0,0,0,1753378560,1753378580.92946,100,100,0,0,0,0,1,0,0,0,0,0,0,1753378560
1132,1753378580.94625,1.06624252183366,-28.6805357864105,0,0,0,-0.519590226040073,0.854415587991948,3.5,0,0,0,0,0,1753378560,1753378580.93807,100,100,0,0,0,0,1,0,0,0,0,0,0,1753378560
1133,1753378580.95462,1.08032907426394,-28.7060752359949,0,0,0,-0.519590226040073,0.854415587991948,3.5,0,0,0,0,0,1753378560,1753378580.94629,100,100,0,0,0,0,1,0,0,0,0,0,0,1753378560
1134,1753378580.96275,1.09441562669423,-28.7316146855793,0,0,0,-0.519590226040073,0.854415587991948,3.5,0,0,0,0,0,1753378560,1753378580.95466,100,100,0,0,0,0,1,0,0,0,0,0,0,1753378560
1135,1753378580.97119,1.10850217912451,-28.7571541351636,0,0,0,-0.519590226040073,0.854415587991948,3.5,0,0,0,0,0,1753378560,1753378580.96277,100,100,0,0,0,0,1,0,0,0,0,0,0,1753378560
1136,1753378580.97956,1.1225887315548,-28.782693584748,0,0,0,-0.519590226040073,0.854415587991948,3.5,0,0,0,0,0,1753378560,1753378580.97122,100,100,0,0,0,0,1,0,0,0,0,0,0,1753378560
1137,1753378580.98809,1.13667528398508,-28.8082330343324,0,0,0,-0.519590226040073,0.854415587991948,3.5,0,0,0,0,0,1753378560,1753378580.97959,100,100,0,0,0,0,1,0,0,0,0,0,0,1753378560
1138,1753378580.99627,1.15076183641537,-28.8337724839168,0,0,0,-0.519590226040073,0.854415587991948,3.5,0,0,0,0,0,1753378560,1753378580.98814,100,100,0,0,0,0,1,0,0,0,0,0,0,1753378560
1139,1753378581.00464,1.16484838884565,-28.8593119335012,0,0,0,-0.519590226040073,0.854415587991948,3.5,0,0,0,0,0,1753378560,1753378580.99632,100,100,0,0,0,0,1,0,0,0,0,0,0,1753378560
1140,1753378581.01299,1.17893494127594,-28.8848513830856,0,0,0,-0.519590226040073,0.854415587991948,3.5,0,0,0,0,0,1753378560,1753378581.00469,100,100,0,0,0,0,1,0,0,0,0,0,0,1753378560
1141,1753378581.02145,1.19302149370622,-28.9103908326699,0,0,0,-0.519590226040073,0.854415587991948,3.5,0,0,0,0,0,1753378560,1753378581.01304,100,100,0,0,0,0,1,0,0,0,0,0,0,1753378560
1142,1753378581.02975,1.20710804613651,-28.9359302822543,0,0,0,-0.519590226040073,0.854415587991948,3.5,0,0,0,0,0,1753378560,1753378581.0215,100,100,0,0,0,0,1,0,0,0,0,0,0,1753378560
1143,1753378581.0378,1.22119459856679,-28.9614697318387,0,0,0,-0.519590226040073,0.854415587991948,3.5,0,0,0,0,0,1753378560,1753378581.02978,100,100,0,0,0,0,1,0,0,0,0,0,0,1753378560
1144,1753378581.04631,1.23528115099708,-28.9870091814231,0,0,0,-0.519590226040073,0.854415587991948,3.5,0,0,0,0,0,1753378560,1753378581.03784,100,100,0,0,0,0,1,0,0,0,0,0,0,1753378560
1145,1753378581.05464,1.24936770342737,-29.0125486310075,0,0,0,-0.519590226040073,0.854415587991948,3.5,0,0,0,0,0,1753378560,1753378581.04635,100,100,0,0,0,0,1,0,0,0,0,0,0,1753378560
1146,1753378581.06292,1.26345425585765,-29.0380880805919,0,0,0,-0.519590226040073,0.854415587991948,3.5,0,0,0,0,0,1753378560,1753378581.05467,100,100,0,0,0,0,1,0,0,0,0,0,0,1753378560
1147,1753378581.07146,1.27754080828794,-29.0636275301762,0,0,0,-0.519590226040073,0.854415587991948,3.5,0,0,0,0,0,1753378560,1753378581.06297,100,100,0,0,0,0,1,0,0,0,0,0,0,1753378560
1148,1753378581.0795,1.29162736071822,-29.0891669797606,0,0,0,-0.519590226040073,0.854415587991948,3.5,0,0,0,0,0,1753378560,1753378581.07151,100,100,0,0,0,0,1,0,0,0,0,0,0,1753378560
1149,1753378581.08814,1.30571391314851,-29.114706429345,0,0,0,-0.519590226040073,0.854415587991948,3.5,0,0,0,0,0,1753378560,1753378581.07954,100,100,0,0,0,0,1,0,0,0,0,0,0,1753378560
1150,1753378581.09628,1.31980046557879,-29.1402458789294,0,0,0,-0.519590226040073,0.854415587991948,3.5,0,0,0,0,0,1753378560,1753378581.08818,100,100,0,0,0,0,1,0,0,0,0,0,0,1753378560
1151,1753378581.10472,1.33388701800908,-29.1657853285138,0,0,0,-0.519590226040073,0.854415587991948,3.5,0,0,0,0,0,1753378560,1753378581.09633,100,100,0,0,0,0,1,0,0,0,0,0,0,1753378560
1152,1753378581.11279,1.34797357043936,-29.1913247780981,0,0,0,-0.519590226040073,0.854415587991948,3.5,0,0,0,0,0,1753378560,1753378581.10477,100,100,0,0,0,0,1,0,0,0,0,0,0,1753378560
1153,1753378581.12116,1.36206012286965,-29.2168642276825,0,0,0,-0.519590226040073,0.854415587991948,3.5,0,0,0,0,0,1753378560,1753378581.11281,100,100,0,0,0,0,1,0,0,0,0,0,0,1753378560
1154,1753378581.12964,1.37614667529993,-29.2424036772669,0,0,0,-0.519590226040073,0.854415587991948,3.5,0,0,0,0,0,1753378560,1753378581.12118,100,100,0,0,0,0,1,0,0,0,0,0,0,1753378560
1155,1753378581.13781,1.39023322773022,-29.2679431268513,0,0,0,-0.519590226040073,0.854415587991948,3.5,0,0,0,0,0,1753378560,1753378581.12967,100,100,0,0,0,0,1,0,0,0,0,0,0,1753378560
1156,1753378581.14609,1.4043197801605,-29.2934825764357,0,0,0,-0.519590226040073,0.854415587991948,3.5,0,0,0,0,0,1753378560,1753378581.13785,100,100,0,0,0,0,1,0,0,0,0,0,0,1753378560
1157,1753378581.15478,1.41840633259079,-29.3190220260201,0,0,0,-0.519590226040073,0.854415587991948,3.5,0,0,0,0,0,1753378560,1753378581.14613,100,100,0,0,0,0,1,0,0,0,0,0,0,1753378560
1158,1753378581.16268,1.43249288502107,-29.3445614756044,0,0,0,-0.519590226040073,0.854415587991948,3.5,0,0,0,0,0,1753378560,1753378581.15482,100,100,0,0,0,0,1,0,0,0,0,0,0,1753378560
1159,1753378581.17117,1.44657943745136,-29.3701009251888,0,0,0,-0.519590226040073,0.854415587991948,3.5,0,0,0,0,0,1753378560,1753378581.16271,100,100,0,0,0,0,1,0,0,0,0,0,0,1753378560
1160,1753378581.17976,1.46066598988165,-29.3956403747732,0,0,0,-0.519590226040073,0.854415587991948,3.5,0,0,0,0,0,1753378560,1753378581.1712,100,100,0,0,0,0,1,0,0,0,0,0,0,1753378560
1161,1753378581.18799,1.47475254231193,-29.4211798243576,0,0,0,-0.519590226040073,0.854415587991948,3.5,0,0,0,0,0,1753378560,1753378581.17979,100,100,0,0,0,0,1,0,0,0,0,0,0,1753378560
1162,1753378581.196,1.48883909474222,-29.446719273942,0,0,0,-0.519590226040073,0.854415587991948,3.5,0,0,0,0,0,1753378560,1753378581.18803,100,100,0,0,0,0,1,0,0,0,0,0,0,1753378560
1163,1753378581.20452,1.5029256471725,-29.4722587235264,0,0,0,-0.519590226040073,0.854415587991948,3.5,0,0,0,0,0,1753378560,1753378581.19604,100,100,0,0,0,0,1,0,0,0,0,0,0,1753378560
1164,1753378581.21294,1.51701219960279,-29.4977981731107,0,0,0,-0.519590226040073,0.854415587991948,3.5,0,0,0,0,0,1753378560,1753378581.20457,100,100,0,0,0,0,1,0,0,0,0,0,0,1753378560
1165,1753378581.22147,1.53109875203307,-29.5233376226951,0,0,0,-0.519590226040073,0.854415587991948,3.5,0,0,0,0,0,1753378560,1753378581.21297,100,100,0,0,0,0,1,0,0,0,0,0,0,1753378560
1166,1753378581.22951,1.54518530446336,-29.5488770722795,0,0,0,-0.519590226040073,0.854415587991948,3.5,0,0,0,0,0,1753378560,1753378581.22149,100,100,0,0,0,0,1,0,0,0,0,0,0,1753378560
1167,1753378581.23795,1.55927185689364,-29.5744165218639,0,0,0,-0.519590226040073,0.854415587991948,3.5,0,0,0,0,0,1753378560,1753378581.22953,100,100,0,0,0,0,1,0,0,0,0,0,0,1753378560
1168,1753378581.24603,1.57335840932393,-29.5999559714483,0,0,0,-0.519590226040073,0.854415587991948,3.5,0,0,0,0,0,1753378560,1753378581.23798,100,100,0,0,0,0,1,0,0,0,0,0,0,1753378560
1169,1753378581.25466,1.58744496175421,-29.6254954210326,0,0,0,-0.519590226040073,0.854415587991948,3.5,0,0,0,0,0,1753378560,1753378581.24606,100,100,0,0,0,0,1,0,0,0,0,0,0,1753378560
1170,1753378581.26297,1.6015315141845,-29.651034870617,0,0,0,-0.519590226040073,0.854415587991948,3.5,0,0,0,0,0,1753378560,1753378581.2547,100,100,0,0,0,0,1,0,0,0,0,0,0,1753378560
1171,1753378581.27143,1.61561806661478,-29.6765743202014,0,0,0,-0.519590226040073,0.854415587991948,3.5,0,0,0,0,0,1753378560,1753378581.26301,100,100,0,0,0,0,1,0,0,0,0,0,0,1753378560
1172,1753378581.27967,1.62970461904507,-29.7021137697858,0,0,0,-0.519590226040073,0.854415587991948,3.5,0,0,0,0,0,1753378560,1753378581.27147,100,100,0,0,0,0,1,0,0,0,0,0,0,1753378560
1173,1753378581.28817,1.64379117147535,-29.7276532193702,0,0,0,-0.519590226040073,0.854415587991948,3.5,0,0,0,0,0,1753378560,1753378581.27971,100,100,0,0,0,0,1,0,0,0,0,0,0,1753378560
1174,1753378581.29629,1.65787772390564,-29.7531926689546,0,0,0,-0.519590226040073,0.854415587991948,3.5,0,0,0,0,0,1753378560,1753378581.28822,100,100,0,0,0,0,1,0,0,0,0,0,0,1753378560
1175,1753378581.30465,1.67196427633593,-29.7787321185389,0,0,0,-0.519590226040073,0.854415587991948,3.5,0,0,0,0,0,1753378560,1753378581.29631,100,100,0,0,0,0,1,0,0,0,0,0,0,1753378560
1176,1753378581.31371,1.68605082876621,-29.8042715681233,0,0,0,-0.519590226040073,0.854415587991948,3.5,0,0,0,0,0,1753378560,1753378581.3047,100,100,0,0,0,0,1,0,0,0,0,0,0,1753378560
1177,1753378581.32145,1.7001373811965,-29.8298110177077,0,0,0,-0.519590226040073,0.854415587991948,3.5,0,0,0,0,0,1753378560,1753378581.31378,100,100,0,0,0,0,1,0,0,0,0,0,0,1753378560
1178,1753378581.32971,1.71422393362678,-29.8553504672921,0,0,0,-0.519590226040073,0.854415587991948,3.5,0,0,0,0,0,1753378560,1753378581.32149,100,100,0,0,0,0,1,0,0,0,0,0,0,1753378560
1179,1753378581.33783,1.72831048605707,-29.8808899168765,0,0,0,-0.519590226040073,0.854415587991948,3.5,0,0,0,0,0,1753378560,1753378581.32975,100,100,0,0,0,0,1,0,0,0,0,0,0,1753378560
1180,1753378581.34606,1.74239703848735,-29.9064293664609,0,0,0,-0.519590226040073,0.854415587991948,3.5,0,0,0,0,0,1753378560,1753378581.33786,100,100,0,0,0,0,1,0,0,0,0,0,0,1753378560
1181,1753378581.35453,1.75648359091764,-29.9319688160452,0,0,0,-0.519590226040073,0.854415587991948,3.5,0,0,0,0,0,1753378560,1753378581.34609,100,100,0,0,0,0,1,0,0,0,0,0,0,1753378560
1182,1753378581.36298,1.77057014334792,-29.9575082656296,0,0,0,-0.519590226040073,0.854415587991948,3.5,0,0,0,0,0,1753378560,1753378581.35456,100,100,0,0,0,0,1,0,0,0,0,0,0,1753378560
1183,1753378581.37142,1.78465669577821,-29.983047715214,0,0,0,-0.519590226040073,0.854415587991948,3.5,0,0,0,0,0,1753378560,1753378581.36302,100,100,0,0,0,0,1,0,0,0,0,0,0,1753378560
1184,1753378581.37975,1.79874324820849,-30.0085871647984,0,0,0,-0.519590226040073,0.854415587991948,3.5,0,0,0,0,0,1753378560,1753378581.37148,100,100,0,0,0,0,1,0,0,0,0,0,0,1753378560
1185,1753378581.38807,1.81282980063878,-30.0341266143828,0,0,0,-0.519590226040073,0.854415587991948,3.5,0,0,0,0,0,1753378560,1753378581.37977,100,100,0,0,0,0,1,0,0,0,0,0,0,1753378560
1186,1753378581.39606,1.82691635306906,-30.0596660639671,0,0,0,-0.519590226040073,0.854415587991948,3.5,0,0,0,0,0,1753378560,1753378581.38809,100,100,0,0,0,0,1,0,0,0,0,0,0,1753378560
1187,1753378581.40463,1.84100290549935,-30.0852055135515,0,0,0,-0.519590226040073,0.854415587991948,3.5,0,0,0,0,0,1753378560,1753378581.39608,100,100,0,0,0,0,1,0,0,0,0,0,0,1753378560
1188,1753378581.41271,1.85508945792963,-30.1107449631359,0,0,0,-0.519590226040073,0.854415587991948,3.5,0,0,0,0,0,1753378560,1753378581.40466,100,100,0,0,0,0,1,0,0,0,0,0,0,1753378560
1189,1753378581.42156,1.86917601035992,-30.1362844127203,0,0,0,-0.519590226040073,0.854415587991948,3.5,0,0,0,0,0,1753378560,1753378581.41273,100,100,0,0,0,0,1,0,0,0,0,0,0,1753378560
1190,1753378581.42985,1.88326256279021,-30.1618238623047,0,0,0,-0.519590226040073,0.854415587991948,3.5,0,0,0,0,0,1753378560,1753378581.42161,100,100,0,0,0,0,1,0,0,0,0,0,0,1753378560
1191,1753378581.43797,1.89734911522049,-30.1873633118891,0,0,0,-0.519590226040073,0.854415587991948,3.5,0,0,0,0,0,1753378560,1753378581.42988,100,100,0,0,0,0,1,0,0,0,0,0,0,1753378560
1192,1753378581.44634,1.91143566765078,-30.2129027614734,0,0,0,-0.519590226040073,0.854415587991948,3.5,0,0,0,0,0,1753378560,1753378581.438,100,100,0,0,0,0,1,0,0,0,0,0,0,1753378560
1193,1753378581.45447,1.92552222008106,-30.2384422110578,0,0,0,-0.519590226040073,0.854415587991948,3.5,0,0,0,0,0,1753378560,1753378581.44639,100,100,0,0,0,0,1,0,0,0,0,0,0,1753378560
1194,1753378581.46268,1.93960877251135,-30.2639816606422,0,0,0,-0.519590226040073,0.854415587991948,3.5,0,0,0,0,0,1753378560,1753378581.45449,100,100,0,0,0,0,1,0,0,0,0,0,0,1753378560
1195,1753378581.47121,1.95369532494163,-30.2895211102266,0,0,0,-0.519590226040073,0.854415587991948,3.5,0,0,0,0,0,1753378560,1753378581.46271,100,100,0,0,0,0,1,0,0,0,0,0,0,1753378560
1196,1753378581.47971,1.96778187737192,-30.315060559811,0,0,0,-0.519590226040073,0.854415587991948,3.5,0,0,0,0,0,1753378560,1753378581.47125,100,100,0,0,0,0,1,0,0,0,0,0,0,1753378560
1197,1753378581.48776,1.9818684298022,-30.3406000093954,0,0,0,-0.519590226040073,0.854415587991948,3.5,0,0,0,0,0,1753378560,1753378581.47974,100,100,0,0,0,0,1,0,0,0,0,0,0,1753378560
1198,1753378581.49616,1.99595498223249,-30.3661394589797,0,0,0,-0.519590226040073,0.854415587991948,3.5,0,0,0,0,0,1753378560,1753378581.48779,100,100,0,0,0,0,1,0,0,0,0,0,0,1753378560
1199,1753378581.50456,2.01004153466277,-30.3916789085641,0,0,0,-0.519590226040073,0.854415587991948,3.5,0,0,0,0,0,1753378560,1753378581.49619,100,100,0,0,0,0,1,0,0,0,0,0,0,1753378560
1200,1753378581.51265,2.02412808709306,-30.4172183581485,0,0,0,-0.519590226040073,0.854415587991948,3.5,0,0,0,0,0,1753378560,1753378581.50459,100,100,0,0,0,0,1,0,0,0,0,0,0,1753378560
1201,1753378581.52139,2.03821463952334,-30.4427578077329,0,0,0,-0.519590226040073,0.854415587991948,3.5,0,0,0,0,0,1753378560,1753378581.51268,100,100,0,0,0,0,1,0,0,0,0,0,0,1753378560
1202,1753378581.5297,2.05230119195363,-30.4682972573173,0,0,0,-0.519590226040073,0.854415587991948,3.5,0,0,0,0,0,1753378560,1753378581.52143,100,100,0,0,0,0,1,0,0,0,0,0,0,1753378560
1203,1753378581.53786,2.06638774438391,-30.4938367069016,0,0,0,-0.519590226040073,0.854415587991948,3.5,0,0,0,0,0,1753378560,1753378581.52972,100,100,0,0,0,0,1,0,0,0,0,0,0,1753378560
1204,1753378581.54604,2.0804742968142,-30.519376156486,0,0,0,-0.519590226040073,0.854415587991948,3.5,0,0,0,0,0,1753378560,1753378581.53788,100,100,0,0,0,0,1,0,0,0,0,0,0,1753378560
1205,1753378581.55456,2.09456084924448,-30.5449156060704,0,0,0,-0.519590226040073,0.854415587991948,3.5,0,0,0,0,0,1753378560,1753378581.54606,100,100,0,0,0,0,1,0,0,0,0,0,0,1753378560
1206,1753378581.56282,2.10864740167477,-30.5704550556548,0,0,0,-0.519590226040073,0.854415587991948,3.5,0,0,0,0,0,1753378560,1753378581.55459,100,100,0,0,0,0,1,0,0,0,0,0,0,1753378560
1207,1753378581.57119,2.12273395410506,-30.5959945052392,0,0,0,-0.519590226040073,0.854415587991948,3.5,0,0,0,0,0,1753378560,1753378581.56286,100,100,0,0,0,0,1,0,0,0,0,0,0,1753378560
1208,1753378581.57948,2.13682050653534,-30.6215339548236,0,0,0,-0.519590226040073,0.854415587991948,3.5,0,0,0,0,0,1753378560,1753378581.57122,100,100,0,0,0,0,1,0,0,0,0,0,0,1753378560
1209,1753378581.58797,2.15090705896563,-30.6470734044079,0,0,0,-0.519590226040073,0.854415587991948,3.5,0,0,0,0,0,1753378560,1753378581.57951,100,100,0,0,0,0,1,0,0,0,0,0,0,1753378560
1210,1753378581.59601,2.16499361139591,-30.6726128539923,0,0,0,-0.519590226040073,0.854415587991948,3.5,0,0,0,0,0,1753378560,1753378581.58801,100,100,0,0,0,0,1,0,0,0,0,0,0,1753378560
1211,1753378581.60448,2.1790801638262,-30.6981523035767,0,0,0,-0.519590226040073,0.854415587991948,3.5,0,0,0,0,0,1753378560,1753378581.59603,100,100,0,0,0,0,1,0,0,0,0,0,0,1753378560
1212,1753378581.61271,2.19316671625648,-30.7236917531611,0,0,0,-0.519590226040073,0.854415587991948,3.5,0,0,0,0,0,1753378560,1753378581.60452,100,100,0,0,0,0,1,0,0,0,0,0,0,1753378560
1213,1753378581.6212,2.20725326868677,-30.7492312027455,0,0,0,-0.519590226040073,0.854415587991948,3.5,0,0,0,0,0,1753378560,1753378581.61273,100,100,0,0,0,0,1,0,0,0,0,0,0,1753378560
1214,1753378581.62951,2.22133982111705,-30.7747706523299,0,0,0,-0.519590226040073,0.854415587991948,3.5,0,0,0,0,0,1753378560,1753378581.62122,100,100,0,0,0,0,1,0,0,0,0,0,0,1753378560
1215,1753378581.63785,2.23542637354734,-30.8003101019142,0,0,0,-0.519590226040073,0.854415587991948,3.5,0,0,0,0,0,1753378560,1753378581.62955,100,100,0,0,0,0,1,0,0,0,0,0,0,1753378560
1216,1753378581.64611,2.24951292597762,-30.8258495514986,0,0,0,-0.519590226040073,0.854415587991948,3.5,0,0,0,0,0,1753378560,1753378581.63788,100,100,0,0,0,0,1,0,0,0,0,0,0,1753378560
1217,1753378581.65449,2.26359947840791,-30.851389001083,0,0,0,-0.519590226040073,0.854415587991948,3.5,0,0,0,0,0,1753378560,1753378581.64614,100,100,0,0,0,0,1,0,0,0,0,0,0,1753378560
1218,1753378581.66269,2.27768603083819,-30.8769284506674,0,0,0,-0.519590226040073,0.854415587991948,3.5,0,0,0,0,0,1753378560,1753378581.65451,100,100,0,0,0,0,1,0,0,0,0,0,0,1753378560
1219,1753378581.6714,2.29177258326848,-30.9024679002518,0,0,0,-0.519590226040073,0.854415587991948,3.5,0,0,0,0,0,1753378560,1753378581.66272,100,100,0,0,0,0,1,0,0,0,0,0,0,1753378560
1220,1753378581.67953,2.30585913569876,-30.9280073498361,0,0,0,-0.519590226040073,0.854415587991948,3.5,0,0,0,0,0,1753378560,1753378581.67143,100,100,0,0,0,0,1,0,0,0,0,0,0,1753378560
1221,1753378581.68785,2.31994568812905,-30.9535467994205,0,0,0,-0.519590226040073,0.854415587991948,3.5,0,0,0,0,0,1753378560,1753378581.67955,100,100,0,0,0,0,1,0,0,0,0,0,0,1753378560
1222,1753378581.6963,2.33403224055934,-30.9790862490049,0,0,0,-0.519590226040073,0.854415587991948,3.5,0,0,0,0,0,1753378560,1753378581.68788,100,100,0,0,0,0,1,0,0,0,0,0,0,1753378560
1223,1753378581.70458,2.34811879298962,-31.0046256985893,0,0,0,-0.519590226040073,0.854415587991948,3.5,0,0,0,0,0,1753378560,1753378581.69633,100,100,0,0,0,0,1,0,0,0,0,0,0,1753378560
1224,1753378581.71311,2.36220534541991,-31.0301651481737,0,0,0,-0.519590226040073,0.854415587991948,3.5,0,0,0,0,0,1753378560,1753378581.70462,100,100,0,0,0,0,1,0,0,0,0,0,0,1753378560
1225,1753378581.7215,2.37629189785019,-31.0557045977581,0,0,0,-0.519590226040073,0.854415587991948,3.5,0,0,0,0,0,1753378560,1753378581.71315,100,100,0,0,0,0,1,0,0,0,0,0,0,1753378560
1226,1753378581.7296,2.39037845028048,-31.0812440473424,0,0,0,-0.519590226040073,0.854415587991948,3.5,0,0,0,0,0,1753378560,1753378581.72156,100,100,0,0,0,0,1,0,0,0,0,0,0,1753378560
1227,1753378581.73784,2.40446500271076,-31.1067834969268,0,0,0,-0.519590226040073,0.854415587991948,3.5,0,0,0,0,0,1753378560,1753378581.72963,100,100,0,0,0,0,1,0,0,0,0,0,0,1753378560
1228,1753378581.74614,2.41855155514105,-31.1323229465112,0,0,0,-0.519590226040073,0.854415587991948,3.5,0,0,0,0,0,1753378560,1753378581.73787,100,100,0,0,0,0,1,0,0,0,0,0,0,1753378560
1229,1753378581.75484,2.43263810757133,-31.1578623960956,0,0,0,-0.519590226040073,0.854415587991948,3.5,0,0,0,0,0,1753378560,1753378581.74617,100,100,0,0,0,0,1,0,0,0,0,0,0,1753378560
1230,1753378581.76282,2.44672466000162,-31.18340184568,0,0,0,-0.519590226040073,0.854415587991948,3.5,0,0,0,0,0,1753378560,1753378581.75489,100,100,0,0,0,0,1,0,0,0,0,0,0,1753378560
1231,1753378581.77122,2.4608112124319,-31.2089412952644,0,0,0,-0.519590226040073,0.854415587991948,3.5,0,0,0,0,0,1753378560,1753378581.76285,100,100,0,0,0,0,1,0,0,0,0,0,0,1753378560
1232,1753378581.7795,2.47489776486219,-31.2344807448487,0,0,0,-0.519590226040073,0.854415587991948,3.5,0,0,0,0,0,1753378560,1753378581.77125,100,100,0,0,0,0,1,0,0,0,0,0,0,1753378560
1233,1753378581.78787,2.48898431729247,-31.2600201944331,0,0,0,-0.519590226040073,0.854415587991948,3.5,0,0,0,0,0,1753378560,1753378581.77953,100,100,0,0,0,0,1,0,0,0,0,0,0,1753378560
1234,1753378581.7963,2.50307086972276,-31.2855596440175,0,0,0,-0.519590226040073,0.854415587991948,3.5,0,0,0,0,0,1753378560,1753378581.7879,100,100,0,0,0,0,1,0,0,0,0,0,0,1753378560
1235,1753378581.80474,2.51715742215304,-31.3110990936019,0,0,0,-0.519590226040073,0.854415587991948,3.5,0,0,0,0,0,1753378560,1753378581.79635,100,100,0,0,0,0,1,0,0,0,0,0,0,1753378560
1236,1753378581.81279,2.53124397458333,-31.3366385431863,0,0,0,-0.519590226040073,0.854415587991948,3.5,0,0,0,0,0,1753378560,1753378581.80478,100,100,0,0,0,0,1,0,0,0,0,0,0,1753378560
1237,1753378581.82146,2.54533052701362,-31.3621779927707,0,0,0,-0.519590226040073,0.854415587991948,3.5,0,0,0,0,0,1753378560,1753378581.81283,100,100,0,0,0,0,1,0,0,0,0,0,0,1753378560
1238,1753378581.82944,2.5594170794439,-31.387717442355,0,0,0,-0.519590226040073,0.854415587991948,3.5,0,0,0,0,0,1753378560,1753378581.82149,100,100,0,0,0,0,1,0,0,0,0,0,0,1753378560
1239,1753378581.83799,2.57350363187419,-31.4132568919394,0,0,0,-0.519590226040073,0.854415587991948,3.5,0,0,0,0,0,1753378560,1753378581.82947,100,100,0,0,0,0,1,0,0,0,0,0,0,1753378560
1240,1753378581.84642,2.58759018430447,-31.4387963415238,0,0,0,-0.519590226040073,0.854415587991948,3.5,0,0,0,0,0,1753378560,1753378581.83802,100,100,0,0,0,0,1,0,0,0,0,0,0,1753378560
1241,1753378581.85476,2.60167673673476,-31.4643357911082,0,0,0,-0.519590226040073,0.854415587991948,3.5,0,0,0,0,0,1753378560,1753378581.84645,100,100,0,0,0,0,1,0,0,0,0,0,0,1753378560
1242,1753378581.86266,2.61576328916504,-31.4898752406926,0,0,0,-0.519590226040073,0.854415587991948,3.5,0,0,0,0,0,1753378560,1753378581.85481,100,100,0,0,0,0,1,0,0,0,0,0,0,1753378560
1243,1753378581.87139,2.62984984159533,-31.5154146902769,0,0,0,-0.519590226040073,0.854415587991948,3.5,0,0,0,0,0,1753378560,1753378581.86269,100,100,0,0,0,0,1,0,0,0,0,0,0,1753378560
1244,1753378581.87955,2.64393639402561,-31.5409541398613,0,0,0,-0.519590226040073,0.854415587991948,3.5,0,0,0,0,0,1753378560,1753378581.87144,100,100,0,0,0,0,1,0,0,0,0,0,0,1753378560
1245,1753378581.88796,2.6580229464559,-31.5664935894457,0,0,0,-0.519590226040073,0.854415587991948,3.5,0,0,0,0,0,1753378560,1753378581.87957,100,100,0,0,0,0,1,0,0,0,0,0,0,1753378560
1246,1753378581.89607,2.67210949888618,-31.5920330390301,0,0,0,-0.519590226040073,0.854415587991948,3.5,0,0,0,0,0,1753378560,1753378581.88799,100,100,0,0,0,0,1,0,0,0,0,0,0,1753378560
1247,1753378581.9049,2.68619605131647,-31.6175724886145,0,0,0,-0.519590226040073,0.854415587991948,3.5,0,0,0,0,0,1753378560,1753378581.89609,100,100,0,0,0,0,1,0,0,0,0,0,0,1753378560
1248,1753378581.9133,2.70028260374675,-31.6431119381989,0,0,0,-0.519590226040073,0.854415587991948,3.5,0,0,0,0,0,1753378560,1753378581.90495,100,100,0,0,0,0,1,0,0,0,0,0,0,1753378560
1249,1753378581.92125,2.71436915617704,-31.6686513877832,0,0,0,-0.519590226040073,0.854415587991948,3.5,0,0,0,0,0,1753378560,1753378581.91333,100,100,0,0,0,0,1,0,0,0,0,0,0,1753378560
1250,1753378581.92967,2.72845570860732,-31.6941908373676,0,0,0,-0.519590226040073,0.854415587991948,3.5,0,0,0,0,0,1753378560,1753378581.92129,100,100,0,0,0,0,1,0,0,0,0,0,0,1753378560
1251,1753378581.9379,2.74254226103761,-31.719730286952,0,0,0,-0.519590226040073,0.854415587991948,3.5,0,0,0,0,0,1753378560,1753378581.92971,100,100,0,0,0,0,1,0,0,0,0,0,0,1753378560
1252,1753378581.9462,2.7566288134679,-31.7452697365364,0,0,0,-0.519590226040073,0.854415587991948,3.5,0,0,0,0,0,1753378560,1753378581.93792,100,100,0,0,0,0,1,0,0,0,0,0,0,1753378560
1253,1753378581.95442,2.77071536589818,-31.7708091861208,0,0,0,-0.519590226040073,0.854415587991948,3.5,0,0,0,0,0,1753378560,1753378581.94622,100,100,0,0,0,0,1,0,0,0,0,0,0,1753378560
1254,1753378581.96292,2.78480191832847,-31.7963486357052,0,0,0,-0.519590226040073,0.854415587991948,3.5,0,0,0,0,0,1753378560,1753378581.95445,100,100,0,0,0,0,1,0,0,0,0,0,0,1753378560
1255,1753378581.97119,2.79888847075875,-31.8218880852895,0,0,0,-0.519590226040073,0.854415587991948,3.5,0,0,0,0,0,1753378560,1753378581.96295,100,100,0,0,0,0,1,0,0,0,0,0,0,1753378560
1256,1753378581.97973,2.81297502318904,-31.8474275348739,0,0,0,-0.519590226040073,0.854415587991948,3.5,0,0,0,0,0,1753378560,1753378581.97122,100,100,0,0,0,0,1,0,0,0,0,0,0,1753378560
1257,1753378581.98808,2.82706157561932,-31.8729669844583,0,0,0,-0.519590226040073,0.854415587991948,3.5,0,0,0,0,0,1753378560,1753378581.97976,100,100,0,0,0,0,1,0,0,0,0,0,0,1753378560
1258,1753378581.99619,2.84114812804961,-31.8985064340427,0,0,0,-0.519590226040073,0.854415587991948,3.5,0,0,0,0,0,1753378560,1753378581.98813,100,100,0,0,0,0,1,0,0,0,0,0,0,1753378560
1259,1753378582.00455,2.85523468047989,-31.9240458836271,0,0,0,-0.519590226040073,0.854415587991948,3.5,0,0,0,0,0,1753378560,1753378581.99622,100,100,0,0,0,0,1,0,0,0,0,0,0,1753378560
1260,1753378582.01308,2.86932123291018,-31.9495853332114,0,0,0,-0.519590226040073,0.854415587991948,3.5,0,0,0,0,0,1753378560,1753378582.00458,100,100,0,0,0,0,1,0,0,0,0,0,0,1753378560
1261,1753378582.02151,2.88340778534046,-31.9751247827958,0,0,0,-0.519590226040073,0.854415587991948,3.5,0,0,0,0,0,1753378560,1753378582.01311,100,100,0,0,0,0,1,0,0,0,0,0,0,1753378560
1262,1753378582.02971,2.89749433777075,-32.0006642323802,0,0,0,-0.519590226040073,0.854415587991948,3.5,0,0,0,0,0,1753378560,1753378582.02156,100,100,0,0,0,0,1,0,0,0,0,0,0,1753378560
1263,1753378582.03811,2.91158089020103,-32.0262036819646,0,0,0,-0.519590226040073,0.854415587991948,3.5,0,0,0,0,0,1753378560,1753378582.02976,100,100,0,0,0,0,1,0,0,0,0,0,0,1753378560
1264,1753378582.04624,2.92566744263132,-32.051743131549,0,0,0,-0.519590226040073,0.854415587991948,3.5,0,0,0,0,0,1753378560,1753378582.03816,100,100,0,0,0,0,1,0,0,0,0,0,0,1753378560
1265,1753378582.05449,2.9397539950616,-32.0772825811334,0,0,0,-0.519590226040073,0.854415587991948,3.5,0,0,0,0,0,1753378560,1753378582.04629,100,100,0,0,0,0,1,0,0,0,0,0,0,1753378560
1266,1753378582.06269,2.95384054749189,-32.1028220307178,0,0,0,-0.519590226040073,0.854415587991948,3.5,0,0,0,0,0,1753378560,1753378582.05453,100,100,0,0,0,0,1,0,0,0,0,0,0,1753378560
1267,1753378582.07118,2.96792709992218,-32.1283614803021,0,0,0,-0.519590226040073,0.854415587991948,3.5,0,0,0,0,0,1753378560,1753378582.06272,100,100,0,0,0,0,1,0,0,0,0,0,0,1753378560
1268,1753378582.07978,2.98201365235246,-32.1539009298865,0,0,0,-0.519590226040073,0.854415587991948,3.5,0,0,0,0,0,1753378560,1753378582.07121,100,100,0,0,0,0,1,0,0,0,0,0,0,1753378560
1269,1753378582.08801,2.99610020478275,-32.1794403794709,0,0,0,-0.519590226040073,0.854415587991948,3.5,0,0,0,0,0,1753378560,1753378582.07982,100,100,0,0,0,0,1,0,0,0,0,0,0,1753378560
1270,1753378582.09629,3.01018675721303,-32.2049798290553,0,0,0,-0.519590226040073,0.854415587991948,3.5,0,0,0,0,0,1753378560,1753378582.08806,100,100,0,0,0,0,1,0,0,0,0,0,0,1753378560
1271,1753378582.10464,3.02427330964332,-32.2305192786397,0,0,0,-0.519590226040073,0.854415587991948,3.5,0,0,0,0,0,1753378560,1753378582.09633,100,100,0,0,0,0,1,0,0,0,0,0,0,1753378560
1272,1753378582.11323,3.0383598620736,-32.2560587282241,0,0,0,-0.519590226040073,0.854415587991948,3.5,0,0,0,0,0,1753378560,1753378582.10467,100,100,0,0,0,0,1,0,0,0,0,0,0,1753378560
1273,1753378582.12116,3.05244641450389,-32.2815981778085,0,0,0,-0.519590226040073,0.854415587991948,3.5,0,0,0,0,0,1753378560,1753378582.11326,100,100,0,0,0,0,1,0,0,0,0,0,0,1753378560
1274,1753378582.12943,3.06653296693417,-32.3071376273928,0,0,0,-0.519590226040073,0.854415587991948,3.5,0,0,0,0,0,1753378560,1753378582.12119,100,100,0,0,0,0,1,0,0,0,0,0,0,1753378560
1275,1753378582.13783,3.08061951936446,-32.3326770769772,0,0,0,-0.519590226040073,0.854415587991948,3.5,0,0,0,0,0,1753378560,1753378582.12946,100,100,0,0,0,0,1,0,0,0,0,0,0,1753378560
1276,1753378582.14611,3.09470607179474,-32.3582165265616,0,0,0,-0.519590226040073,0.854415587991948,3.5,0,0,0,0,0,1753378560,1753378582.13786,100,100,0,0,0,0,1,0,0,0,0,0,0,1753378560
1277,1753378582.15447,3.10879262422503,-32.383755976146,0,0,0,-0.519590226040073,0.854415587991948,3.5,0,0,0,0,0,1753378560,1753378582.14614,100,100,0,0,0,0,1,0,0,0,0,0,0,1753378560
1278,1753378582.16268,3.12287917665531,-32.4092954257304,0,0,0,-0.519590226040073,0.854415587991948,3.5,0,0,0,0,0,1753378560,1753378582.15449,100,100,0,0,0,0,1,0,0,0,0,0,0,1753378560
1279,1753378582.17115,3.1369657290856,-32.4348348753148,0,0,0,-0.519590226040073,0.854415587991948,3.5,0,0,0,0,0,1753378560,1753378582.1627,100,100,0,0,0,0,1,0,0,0,0,0,0,1753378560
1280,1753378582.17955,3.15105228151589,-32.4603743248992,0,0,0,-0.519590226040073,0.854415587991948,3.5,0,0,0,0,0,1753378560,1753378582.17117,100,100,0,0,0,0,1,0,0,0,0,0,0,1753378560
1281,1753378582.18784,3.16513883394617,-32.4859137744835,0,0,0,-0.519590226040073,0.854415587991948,3.5,0,0,0,0,0,1753378560,1753378582.17958,100,100,0,0,0,0,1,0,0,0,0,0,0,1753378560
1282,1753378582.19609,3.17922538637646,-32.5114532240679,0,0,0,-0.519590226040073,0.854415587991948,3.5,0,0,0,0,0,1753378560,1753378582.18787,100,100,0,0,0,0,1,0,0,0,0,0,0,1753378560
1283,1753378582.20451,3.19331193880674,-32.5369926736523,0,0,0,-0.519590226040073,0.854415587991948,3.5,0,0,0,0,0,1753378560,1753378582.19612,100,100,0,0,0,0,1,0,0,0,0,0,0,1753378560
1284,1753378582.21267,3.20739849123703,-32.5625321232367,0,0,0,-0.519590226040073,0.854415587991948,3.5,0,0,0,0,0,1753378560,1753378582.20454,100,100,0,0,0,0,1,0,0,0,0,0,0,1753378560
1285,1753378582.22125,3.22148504366731,-32.5880715728211,0,0,0,-0.519590226040073,0.854415587991948,3.5,0,0,0,0,0,1753378560,1753378582.21269,100,100,0,0,0,0,1,0,0,0,0,0,0,1753378560
1286,1753378582.22946,3.2355715960976,-32.6136110224055,0,0,0,-0.519590226040073,0.854415587991948,3.5,0,0,0,0,0,1753378560,1753378582.22129,100,100,0,0,0,0,1,0,0,0,0,0,0,1753378560
1287,1753378582.23788,3.24965814852788,-32.6391504719899,0,0,0,-0.519590226040073,0.854415587991948,3.5,0,0,0,0,0,1753378560,1753378582.22949,100,100,0,0,0,0,1,0,0,0,0,0,0,1753378560
1288,1753378582.24625,3.26374470095817,-32.6646899215742,0,0,0,-0.519590226040073,0.854415587991948,3.5,0,0,0,0,0,1753378560,1753378582.23791,100,100,0,0,0,0,1,0,0,0,0,0,0,1753378560
1289,1753378582.25473,3.27783125338845,-32.6902293711586,0,0,0,-0.519590226040073,0.854415587991948,3.5,0,0,0,0,0,1753378560,1753378582.24629,100,100,0,0,0,0,1,0,0,0,0,0,0,1753378560
1290,1753378582.26263,3.29191780581874,-32.715768820743,0,0,0,-0.519590226040073,0.854415587991948,3.5,0,0,0,0,0,1753378560,1753378582.25478,100,100,0,0,0,0,1,0,0,0,0,0,0,1753378560
1291,1753378582.27116,3.30600435824902,-32.7413082703274,0,0,0,-0.519590226040073,0.854415587991948,3.5,0,0,0,0,0,1753378560,1753378582.26265,100,100,0,0,0,0,1,0,0,0,0,0,0,1753378560
1292,1753378582.27955,3.32009091067931,-32.7668477199118,0,0,0,-0.519590226040073,0.854415587991948,3.5,0,0,0,0,0,1753378560,1753378582.27119,100,100,0,0,0,0,1,0,0,0,0,0,0,1753378560
1293,1753378582.28807,3.33417746310959,-32.7923871694962,0,0,0,-0.519590226040073,0.854415587991948,3.5,0,0,0,0,0,1753378560,1753378582.27958,100,100,0,0,0,0,1,0,0,0,0,0,0,1753378560
1294,1753378582.29606,3.34826401553988,-32.8179266190806,0,0,0,-0.519590226040073,0.854415587991948,3.5,0,0,0,0,0,1753378560,1753378582.2881,100,100,0,0,0,0,1,0,0,0,0,0,0,1753378560
1295,1753378582.30475,3.36235056797017,-32.8434660686649,0,0,0,-0.519590226040073,0.854415587991948,3.5,0,0,0,0,0,1753378560,1753378582.29609,100,100,0,0,0,0,1,0,0,0,0,0,0,1753378560
1296,1753378582.31269,3.37643712040045,-32.8690055182493,0,0,0,-0.519590226040073,0.854415587991948,3.5,0,0,0,0,0,1753378560,1753378582.3048,100,100,0,0,0,0,1,0,0,0,0,0,0,1753378560
1297,1753378582.32141,3.39052367283074,-32.8945449678337,0,0,0,-0.519590226040073,0.854415587991948,3.5,0,0,0,0,0,1753378560,1753378582.31271,100,100,0,0,0,0,1,0,0,0,0,0,0,1753378560
1298,1753378582.32952,3.40461022526102,-32.9200844174181,0,0,0,-0.519590226040073,0.854415587991948,3.5,0,0,0,0,0,1753378560,1753378582.32144,100,100,0,0,0,0,1,0,0,0,0,0,0,1753378560
1299,1753378582.33788,3.41869677769131,-32.9456238670025,0,0,0,-0.519590226040073,0.854415587991948,3.5,0,0,0,0,0,1753378560,1753378582.32955,100,100,0,0,0,0,1,0,0,0,0,0,0,1753378560
1300,1753378582.34605,3.43278333012159,-32.9711633165869,0,0,0,-0.519590226040073,0.854415587991948,3.5,0,0,0,0,0,1753378560,1753378582.33791,100,100,0,0,0,0,1,0,0,0,0,0,0,1753378560
1301,1753378582.35463,3.44686988255188,-32.9967027661713,0,0,0,-0.519590226040073,0.854415587991948,3.5,0,0,0,0,0,1753378560,1753378582.34608,100,100,0,0,0,0,1,0,0,0,0,0,0,1753378560
1302,1753378582.36274,3.46095643498216,-33.0222422157556,0,0,0,-0.519590226040073,0.854415587991948,3.5,0,0,0,0,0,1753378560,1753378582.35467,100,100,0,0,0,0,1,0,0,0,0,0,0,1753378560
1303,1753378582.3712,3.47504298741245,-33.04778166534,0,0,0,-0.519590226040073,0.854415587991948,3.5,0,0,0,0,0,1753378560,1753378582.36279,100,100,0,0,0,0,1,0,0,0,0,0,0,1753378560
1304,1753378582.37936,3.48912953984273,-33.0733211149244,0,0,0,-0.519590226040073,0.854415587991948,3.5,0,0,0,0,0,1753378560,1753378582.37123,100,100,0,0,0,0,1,0,0,0,0,0,0,1753378560
1305,1753378582.38791,3.50321609227302,-33.0988605645088,0,0,0,-0.519590226040073,0.854415587991948,3.5,0,0,0,0,0,1753378560,1753378582.37938,100,100,0,0,0,0,1,0,0,0,0,0,0,1753378560
1306,1753378582.39655,3.5173026447033,-33.1244000140932,0,0,0,-0.519590226040073,0.854415587991948,3.5,0,0,0,0,0,1753378560,1753378582.38793,100,100,0,0,0,0,1,0,0,0,0,0,0,1753378560
1307,1753378582.40535,3.53138919713359,-33.1499394636776,0,0,0,-0.519590226040073,0.854415587991948,3.5,0,0,0,0,0,1753378560,1753378582.39661,100,100,0,0,0,0,1,0,0,0,0,0,0,1753378560
1308,1753378582.41486,3.54547574956387,-33.175478913262,0,0,0,-0.519590226040073,0.854415587991948,3.5,0,0,0,0,0,1753378560,1753378582.40544,100,100,0,0,0,0,1,0,0,0,0,0,0,1753378560
1309,1753378582.42157,3.55956230199416,-33.2010183628463,0,0,0,-0.519590226040073,0.854415587991948,3.5,0,0,0,0,0,1753378560,1753378582.41498,100,100,0,0,0,0,1,0,0,0,0,0,0,1753378560
1310,1753378582.42985,3.57364885442445,-33.2265578124307,0,0,0,-0.519590226040073,0.854415587991948,3.5,0,0,0,0,0,1753378560,1753378582.42163,100,100,0,0,0,0,1,0,0,0,0,0,0,1753378560
1311,1753378582.43782,3.58773540685473,-33.2520972620151,0,0,0,-0.519590226040073,0.854415587991948,3.5,0,0,0,0,0,1753378560,1753378582.43,100,100,0,0,0,0,1,0,0,0,0,0,0,1753378560
1312,1753378582.44604,3.60182195928502,-33.2776367115995,0,0,0,-0.519590226040073,0.854415587991948,3.5,0,0,0,0,0,1753378560,1753378582.43785,100,100,0,0,0,0,1,0,0,0,0,0,0,1753378560
1313,1753378582.45462,3.6159085117153,-33.3031761611839,0,0,0,-0.519590226040073,0.854415587991948,3.5,0,0,0,0,0,1753378560,1753378582.44606,100,100,0,0,0,0,1,0,0,0,0,0,0,1753378560
1314,1753378582.46287,3.62999506414559,-33.3287156107683,0,0,0,-0.519590226040073,0.854415587991948,3.5,0,0,0,0,0,1753378560,1753378582.45465,100,100,0,0,0,0,1,0,0,0,0,0,0,1753378560
1315,1753378582.47114,3.64408161657587,-33.3542550603527,0,0,0,-0.519590226040073,0.854415587991948,3.5,0,0,0,0,0,1753378560,1753378582.46291,100,100,0,0,0,0,1,0,0,0,0,0,0,1753378560
1316,1753378582.47939,3.65816816900616,-33.379794509937,0,0,0,-0.519590226040073,0.854415587991948,3.5,0,0,0,0,0,1753378560,1753378582.47116,100,100,0,0,0,0,1,0,0,0,0,0,0,1753378560
1317,1753378582.48782,3.67225472143644,-33.4053339595214,0,0,0,-0.519590226040073,0.854415587991948,3.5,0,0,0,0,0,1753378560,1753378582.47941,100,100,0,0,0,0,1,0,0,0,0,0,0,1753378560
1318,1753378582.49633,3.68634127386673,-33.4308734091058,0,0,0,-0.519590226040073,0.854415587991948,3.5,0,0,0,0,0,1753378560,1753378582.48785,100,100,0,0,0,0,1,0,0,0,0,0,0,1753378560
1319,1753378582.5044,3.70042782629701,-33.4564128586902,0,0,0,-0.519590226040073,0.854415587991948,3.5,0,0,0,0,0,1753378560,1753378582.49636,100,100,0,0,0,0,1,0,0,0,0,0,0,1753378560
1320,1753378582.51305,3.7145143787273,-33.4819523082746,0,0,0,-0.519590226040073,0.854415587991948,3.5,0,0,0,0,0,1753378560,1753378582.50443,100,100,0,0,0,0,1,0,0,0,0,0,0,1753378560
1321,1753378582.52112,3.72860093115758,-33.507491757859,0,0,0,-0.519590226040073,0.854415587991948,3.5,0,0,0,0,0,1753378560,1753378582.51308,100,100,0,0,0,0,1,0,0,0,0,0,0,1753378560
1322,1753378582.52965,3.74268748358787,-33.5330312074434,0,0,0,-0.519590226040073,0.854415587991948,3.5,0,0,0,0,0,1753378560,1753378582.52115,100,100,0,0,0,0,1,0,0,0,0,0,0,1753378560
1323,1753378582.53779,3.75677403601815,-33.5585706570277,0,0,0,-0.519590226040073,0.854415587991948,3.5,0,0,0,0,0,1753378560,1753378582.52969,100,100,0,0,0,0,1,0,0,0,0,0,0,1753378560
1324,1753378582.54603,3.77086058844844,-33.5841101066121,0,0,0,-0.519590226040073,0.854415587991948,3.5,0,0,0,0,0,1753378560,1753378582.53782,100,100,0,0,0,0,1,0,0,0,0,0,0,1753378560
1325,1753378582.55451,3.78494714087873,-33.6096495561965,0,0,0,-0.519590226040073,0.854415587991948,3.5,0,0,0,0,0,1753378560,1753378582.54606,100,100,0,0,0,0,1,0,0,0,0,0,0,1753378560
1326,1753378582.5627,3.79903369330901,-33.6351890057809,0,0,0,-0.519590226040073,0.854415587991948,3.5,0,0,0,0,0,1753378560,1753378582.55454,100,100,0,0,0,0,1,0,0,0,0,0,0,1753378560
1327,1753378582.57116,3.8131202457393,-33.6607284553653,0,0,0,-0.519590226040073,0.854415587991948,3.5,0,0,0,0,0,1753378560,1753378582.56273,100,100,0,0,0,0,1,0,0,0,0,0,0,1753378560
1328,1753378582.57954,3.82720679816958,-33.6862679049497,0,0,0,-0.519590226040073,0.854415587991948,3.5,0,0,0,0,0,1753378560,1753378582.57119,100,100,0,0,0,0,1,0,0,0,0,0,0,1753378560
1329,1753378582.58805,3.84129335059987,-33.7118073545341,0,0,0,-0.519590226040073,0.854415587991948,3.5,0,0,0,0,0,1753378560,1753378582.57956,100,100,0,0,0,0,1,0,0,0,0,0,0,1753378560
1330,1753378582.59603,3.85537990303015,-33.7373468041185,0,0,0,-0.519590226040073,0.854415587991948,3.5,0,0,0,0,0,1753378560,1753378582.58808,100,100,0,0,0,0,1,0,0,0,0,0,0,1753378560
1331,1753378582.60448,3.86946645546044,-33.7628862537028,0,0,0,-0.519590226040073,0.854415587991948,3.5,0,0,0,0,0,1753378560,1753378582.59606,100,100,0,0,0,0,1,0,0,0,0,0,0,1753378560
1332,1753378582.61276,3.88355300789072,-33.7884257032872,0,0,0,-0.519590226040073,0.854415587991948,3.5,0,0,0,0,0,1753378560,1753378582.60451,100,100,0,0,0,0,1,0,0,0,0,0,0,1753378560
1333,1753378582.62115,3.89763956032101,-33.8139651528716,0,0,0,-0.519590226040073,0.854415587991948,3.5,0,0,0,0,0,1753378560,1753378582.61279,100,100,0,0,0,0,1,0,0,0,0,0,0,1753378560
1334,1753378582.62979,3.91172611275129,-33.839504602456,0,0,0,-0.519590226040073,0.854415587991948,3.5,0,0,0,0,0,1753378560,1753378582.62117,100,100,0,0,0,0,1,0,0,0,0,0,0,1753378560
1335,1753378582.63809,3.92581266518158,-33.8650440520404,0,0,0,-0.519590226040073,0.854415587991948,3.5,0,0,0,0,0,1753378560,1753378582.62984,100,100,0,0,0,0,1,0,0,0,0,0,0,1753378560
1336,1753378582.64607,3.93989921761186,-33.8905835016248,0,0,0,-0.519590226040073,0.854415587991948,3.5,0,0,0,0,0,1753378560,1753378582.63813,100,100,0,0,0,0,1,0,0,0,0,0,0,1753378560
1337,1753378582.65444,3.95398577004215,-33.9161229512092,0,0,0,-0.519590226040073,0.854415587991948,3.5,0,0,0,0,0,1753378560,1753378582.64609,100,100,0,0,0,0,1,0,0,0,0,0,0,1753378560
1338,1753378582.66267,3.96807232247243,-33.9416624007935,0,0,0,-0.519590226040073,0.854415587991948,3.5,0,0,0,0,0,1753378560,1753378582.65447,100,100,0,0,0,0,1,0,0,0,0,0,0,1753378560
1339,1753378582.6715,3.98215887490272,-33.9672018503779,0,0,0,-0.519590226040073,0.854415587991948,3.5,0,0,0,0,0,1753378560,1753378582.66269,100,100,0,0,0,0,1,0,0,0,0,0,0,1753378560
1340,1753378582.67976,3.99624542733301,-33.9927412999623,0,0,0,-0.519590226040073,0.854415587991948,3.5,0,0,0,0,0,1753378560,1753378582.67156,100,100,0,0,0,0,1,0,0,0,0,0,0,1753378560
1341,1753378582.68812,4.01033197976329,-34.0182807495467,0,0,0,-0.519590226040073,0.854415587991948,3.5,0,0,0,0,0,1753378560,1753378582.67981,100,100,0,0,0,0,1,0,0,0,0,0,0,1753378560
1342,1753378582.69632,4.02441853219358,-34.0438201991311,0,0,0,-0.519590226040073,0.854415587991948,3.5,0,0,0,0,0,1753378560,1753378582.68817,100,100,0,0,0,0,1,0,0,0,0,0,0,1753378560
1343,1753378582.70473,4.03850508462386,-34.0693596487155,0,0,0,-0.519590226040073,0.854415587991948,3.5,0,0,0,0,0,1753378560,1753378582.69637,100,100,0,0,0,0,1,0,0,0,0,0,0,1753378560
1344,1753378582.71281,4.05259163705415,-34.0948990982999,0,0,0,-0.519590226040073,0.854415587991948,3.5,0,0,0,0,0,1753378560,1753378582.70478,100,100,0,0,0,0,1,0,0,0,0,0,0,1753378560
1345,1753378582.72155,4.06667818948443,-34.1204385478842,0,0,0,-0.519590226040073,0.854415587991948,3.5,0,0,0,0,0,1753378560,1753378582.71284,100,100,0,0,0,0,1,0,0,0,0,0,0,1753378560
1346,1753378582.7297,4.08076474191472,-34.1459779974686,0,0,0,-0.519590226040073,0.854415587991948,3.5,0,0,0,0,0,1753378560,1753378582.7216,100,100,0,0,0,0,1,0,0,0,0,0,0,1753378560
1347,1753378582.73783,4.094851294345,-34.171517447053,0,0,0,-0.519590226040073,0.854415587991948,3.5,0,0,0,0,0,1753378560,1753378582.72973,100,100,0,0,0,0,1,0,0,0,0,0,0,1753378560
1348,1753378582.74613,4.10893784677529,-34.1970568966374,0,0,0,-0.519590226040073,0.854415587991948,3.5,0,0,0,0,0,1753378560,1753378582.73786,100,100,0,0,0,0,1,0,0,0,0,0,0,1753378560
1349,1753378582.75473,4.12302439920557,-34.2225963462218,0,0,0,-0.519590226040073,0.854415587991948,3.5,0,0,0,0,0,1753378560,1753378582.74616,100,100,0,0,0,0,1,0,0,0,0,0,0,1753378560
1350,1753378582.7629,4.13711095163586,-34.2481357958062,0,0,0,-0.519590226040073,0.854415587991948,3.5,0,0,0,0,0,1753378560,1753378582.75478,100,100,0,0,0,0,1,0,0,0,0,0,0,1753378560
1351,1753378582.77147,4.15119750406614,-34.2736752453906,0,0,0,-0.519590226040073,0.854415587991948,3.5,0,0,0,0,0,1753378560,1753378582.76294,100,100,0,0,0,0,1,0,0,0,0,0,0,1753378560
1352,1753378582.77976,4.16528405649643,-34.2992146949749,0,0,0,-0.519590226040073,0.854415587991948,3.5,0,0,0,0,0,1753378560,1753378582.77151,100,100,0,0,0,0,1,0,0,0,0,0,0,1753378560
1353,1753378582.78788,4.17937060892672,-34.3247541445593,0,0,0,-0.519590226040073,0.854415587991948,3.5,0,0,0,0,0,1753378560,1753378582.7798,100,100,0,0,0,0,1,0,0,0,0,0,0,1753378560
1354,1753378582.79607,4.193457161357,-34.3502935941437,0,0,0,-0.519590226040073,0.854415587991948,3.5,0,0,0,0,0,1753378560,1753378582.78791,100,100,0,0,0,0,1,0,0,0,0,0,0,1753378560
1355,1753378582.80448,4.20754371378729,-34.3758330437281,0,0,0,-0.519590226040073,0.854415587991948,3.5,0,0,0,0,0,1753378560,1753378582.7961,100,100,0,0,0,0,1,0,0,0,0,0,0,1753378560
1356,1753378582.81294,4.22163026621757,-34.4013724933125,0,0,0,-0.519590226040073,0.854415587991948,3.5,0,0,0,0,0,1753378560,1753378582.8045,100,100,0,0,0,0,1,0,0,0,0,0,0,1753378560
1357,1753378582.82151,4.23571681864786,-34.4269119428969,0,0,0,-0.519590226040073,0.854415587991948,3.5,0,0,0,0,0,1753378560,1753378582.81298,100,100,0,0,0,0,1,0,0,0,0,0,0,1753378560
1358,1753378582.82947,4.24980337107814,-34.4524513924813,0,0,0,-0.519590226040073,0.854415587991948,3.5,0,0,0,0,0,1753378560,1753378582.82158,100,100,0,0,0,0,1,0,0,0,0,0,0,1753378560
1359,1753378582.8378,4.26388992350843,-34.4779908420656,0,0,0,-0.519590226040073,0.854415587991948,3.5,0,0,0,0,0,1753378560,1753378582.82951,100,100,0,0,0,0,1,0,0,0,0,0,0,1753378560
1360,1753378582.8461,4.27797647593871,-34.50353029165,0,0,0,-0.519590226040073,0.854415587991948,3.5,0,0,0,0,0,1753378560,1753378582.83783,100,100,0,0,0,0,1,0,0,0,0,0,0,1753378560
1361,1753378582.85455,4.292063028369,-34.5290697412344,0,0,0,-0.519590226040073,0.854415587991948,3.5,0,0,0,0,0,1753378560,1753378582.84613,100,100,0,0,0,0,1,0,0,0,0,0,0,1753378560
1362,1753378582.86267,4.30614958079928,-34.5546091908188,0,0,0,-0.519590226040073,0.854415587991948,3.5,0,0,0,0,0,1753378560,1753378582.85457,100,100,0,0,0,0,1,0,0,0,0,0,0,1753378560
1363,1753378582.87135,4.32023613322957,-34.5801486404032,0,0,0,-0.519590226040073,0.854415587991948,3.5,0,0,0,0,0,1753378560,1753378582.8627,100,100,0,0,0,0,1,0,0,0,0,0,0,1753378560
1364,1753378582.87944,4.33432268565985,-34.6056880899876,0,0,0,-0.519590226040073,0.854415587991948,3.5,0,0,0,0,0,1753378560,1753378582.87138,100,100,0,0,0,0,1,0,0,0,0,0,0,1753378560
1365,1753378582.88803,4.34840923809014,-34.631227539572,0,0,0,-0.519590226040073,0.854415587991948,3.5,0,0,0,0,0,1753378560,1753378582.87947,100,100,0,0,0,0,1,0,0,0,0,0,0,1753378560
1366,1753378582.89623,4.36249579052042,-34.6567669891563,0,0,0,-0.519590226040073,0.854415587991948,3.5,0,0,0,0,0,1753378560,1753378582.88808,100,100,0,0,0,0,1,0,0,0,0,0,0,1753378560
1367,1753378582.90448,4.37658234295071,-34.6823064387407,0,0,0,-0.519590226040073,0.854415587991948,3.5,0,0,0,0,0,1753378560,1753378582.89626,100,100,0,0,0,0,1,0,0,0,0,0,0,1753378560
1368,1753378582.91277,4.390668895381,-34.7078458883251,0,0,0,-0.519590226040073,0.854415587991948,3.5,0,0,0,0,0,1753378560,1753378582.9045,100,100,0,0,0,0,1,0,0,0,0,0,0,1753378560
1369,1753378582.92138,4.40475544781128,-34.7333853379095,0,0,0,-0.519590226040073,0.854415587991948,3.5,0,0,0,0,0,1753378560,1753378582.9128,100,100,0,0,0,0,1,0,0,0,0,0,0,1753378560
1370,1753378582.93006,4.41884200024157,-34.7589247874939,0,0,0,-0.519590226040073,0.854415587991948,3.5,0,0,0,0,0,1753378560,1753378582.92143,100,100,0,0,0,0,1,0,0,0,0,0,0,1753378560
1371,1753378582.93815,4.43292855267185,-34.7844642370783,0,0,0,-0.519590226040073,0.854415587991948,3.5,0,0,0,0,0,1753378560,1753378582.93011,100,100,0,0,0,0,1,0,0,0,0,0,0,1753378560
1372,1753378582.94648,4.44701510510214,-34.8100036866627,0,0,0,-0.519590226040073,0.854415587991948,3.5,0,0,0,0,0,1753378560,1753378582.93818,100,100,0,0,0,0,1,0,0,0,0,0,0,1753378560
1373,1753378582.9549,4.46110165753242,-34.835543136247,0,0,0,-0.519590226040073,0.854415587991948,3.5,0,0,0,0,0,1753378560,1753378582.94653,100,100,0,0,0,0,1,0,0,0,0,0,0,1753378560
1374,1753378582.96279,4.47518820996271,-34.8610825858314,0,0,0,-0.519590226040073,0.854415587991948,3.5,0,0,0,0,0,1753378560,1753378582.95494,100,100,0,0,0,0,1,0,0,0,0,0,0,1753378560
1375,1753378582.97115,4.48927476239299,-34.8866220354158,0,0,0,-0.519590226040073,0.854415587991948,3.5,0,0,0,0,0,1753378560,1753378582.96282,100,100,0,0,0,0,1,0,0,0,0,0,0,1753378560
1376,1753378582.97977,4.50336131482328,-34.9121614850002,0,0,0,-0.519590226040073,0.854415587991948,3.5,0,0,0,0,0,1753378560,1753378582.97119,100,100,0,0,0,0,1,0,0,0,0,0,0,1753378560
1377,1753378582.98789,4.51744786725356,-34.9377009345846,0,0,0,-0.519590226040073,0.854415587991948,3.5,0,0,0,0,0,1753378560,1753378582.9798,100,100,0,0,0,0,1,0,0,0,0,0,0,1753378560
1378,1753378582.99618,4.53153441968385,-34.963240384169,0,0,0,-0.519590226040073,0.854415587991948,3.5,0,0,0,0,0,1753378560,1753378582.98792,100,100,0,0,0,0,1,0,0,0,0,0,0,1753378560
1379,1753378583.00451,4.54562097211413,-34.9887798337534,0,0,0,-0.519590226040073,0.854415587991948,3.5,0,0,0,0,0,1753378560,1753378582.9962,100,100,0,0,0,0,1,0,0,0,0,0,0,1753378560
1380,1753378583.01273,4.55970752454442,-35.0143192833377,0,0,0,-0.519590226040073,0.854415587991948,3.5,0,0,0,0,0,1753378560,1753378583.00453,100,100,0,0,0,0,1,0,0,0,0,0,0,1753378560
1381,1753378583.02115,4.5737940769747,-35.0398587329221,0,0,0,-0.519590226040073,0.854415587991948,3.5,0,0,0,0,0,1753378560,1753378583.01276,100,100,0,0,0,0,1,0,0,0,0,0,0,1753378560
1382,1753378583.0295,4.58788062940499,-35.0653981825065,0,0,0,-0.519590226040073,0.854415587991948,3.5,0,0,0,0,0,1753378560,1753378583.02118,100,100,0,0,0,0,1,0,0,0,0,0,0,1753378560
1383,1753378583.03784,4.60196718183528,-35.0909376320909,0,0,0,-0.519590226040073,0.854415587991948,3.5,0,0,0,0,0,1753378560,1753378583.02954,100,100,0,0,0,0,1,0,0,0,0,0,0,1753378560
1384,1753378583.04609,4.61605373426556,-35.1164770816753,0,0,0,-0.519590226040073,0.854415587991948,3.5,0,0,0,0,0,1753378560,1753378583.03787,100,100,0,0,0,0,1,0,0,0,0,0,0,1753378560
1385,1753378583.05441,4.63014028669585,-35.1420165312597,0,0,0,-0.519590226040073,0.854415587991948,3.5,0,0,0,0,0,1753378560,1753378583.04612,100,100,0,0,0,0,1,0,0,0,0,0,0,1753378560
1386,1753378583.06271,4.64422683912613,-35.1675559808441,0,0,0,-0.519590226040073,0.854415587991948,3.5,0,0,0,0,0,1753378560,1753378583.05444,100,100,0,0,0,0,1,0,0,0,0,0,0,1753378560
1387,1753378583.07118,4.65831339155642,-35.1930954304285,0,0,0,-0.519590226040073,0.854415587991948,3.5,0,0,0,0,0,1753378560,1753378583.06275,100,100,0,0,0,0,1,0,0,0,0,0,0,1753378560
1388,1753378583.07953,4.6723999439867,-35.2186348800128,0,0,0,-0.519590226040073,0.854415587991948,3.5,0,0,0,0,0,1753378560,1753378583.07121,100,100,0,0,0,0,1,0,0,0,0,0,0,1753378560
1389,1753378583.0878,4.68648649641699,-35.2441743295972,0,0,0,-0.519590226040073,0.854415587991948,3.5,0,0,0,0,0,1753378560,1753378583.07956,100,100,0,0,0,0,1,0,0,0,0,0,0,1753378560
1390,1753378583.09605,4.70057304884727,-35.2697137791816,0,0,0,-0.519590226040073,0.854415587991948,3.5,0,0,0,0,0,1753378560,1753378583.08783,100,100,0,0,0,0,1,0,0,0,0,0,0,1753378560
1391,1753378583.10478,4.71465960127756,-35.295253228766,0,0,0,-0.519590226040073,0.854415587991948,3.5,0,0,0,0,0,1753378560,1753378583.09607,100,100,0,0,0,0,1,0,0,0,0,0,0,1753378560
1392,1753378583.11294,4.72874615370784,-35.3207926783504,0,0,0,-0.519590226040073,0.854415587991948,3.5,0,0,0,0,0,1753378560,1753378583.10483,100,100,0,0,0,0,1,0,0,0,0,0,0,1753378560
1393,1753378583.12131,4.74283270613813,-35.3463321279348,0,0,0,-0.519590226040073,0.854415587991948,3.5,0,0,0,0,0,1753378560,1753378583.11298,100,100,0,0,0,0,1,0,0,0,0,0,0,1753378560
1394,1753378583.12949,4.75691925856841,-35.3718715775191,0,0,0,-0.519590226040073,0.854415587991948,3.5,0,0,0,0,0,1753378560,1753378583.12135,100,100,0,0,0,0,1,0,0,0,0,0,0,1753378560
1395,1753378583.13786,4.7710058109987,-35.3974110271035,0,0,0,-0.519590226040073,0.854415587991948,3.5,0,0,0,0,0,1753378560,1753378583.12952,100,100,0,0,0,0,1,0,0,0,0,0,0,1753378560
1396,1753378583.14625,4.78509236342898,-35.4229504766879,0,0,0,-0.519590226040073,0.854415587991948,3.5,0,0,0,0,0,1753378560,1753378583.13789,100,100,0,0,0,0,1,0,0,0,0,0,0,1753378560
1397,1753378583.15441,4.79917891585927,-35.4484899262723,0,0,0,-0.519590226040073,0.854415587991948,3.5,0,0,0,0,0,1753378560,1753378583.14631,100,100,0,0,0,0,1,0,0,0,0,0,0,1753378560
1398,1753378583.16274,4.81326546828956,-35.4740293758567,0,0,0,-0.519590226040073,0.854415587991948,3.5,0,0,0,0,0,1753378560,1753378583.15443,100,100,0,0,0,0,1,0,0,0,0,0,0,1753378560
1399,1753378583.17136,4.82735202071984,-35.4995688254411,0,0,0,-0.519590226040073,0.854415587991948,3.5,0,0,0,0,0,1753378560,1753378583.16277,100,100,0,0,0,0,1,0,0,0,0,0,0,1753378560
1400,1753378583.17955,4.84143857315013,-35.5251082750255,0,0,0,-0.519590226040073,0.854415587991948,3.5,0,0,0,0,0,1753378560,1753378583.1714,100,100,0,0,0,0,1,0,0,0,0,0,0,1753378560
1401,1753378583.18819,4.85552512558041,-35.5506477246099,0,0,0,-0.519590226040073,0.854415587991948,3.5,0,0,0,0,0,1753378560,1753378583.17959,100,100,0,0,0,0,1,0,0,0,0,0,0,1753378560
1402,1753378583.19609,4.8696116780107,-35.5761871741942,0,0,0,-0.519590226040073,0.854415587991948,3.5,0,0,0,0,0,1753378560,1753378583.18824,100,100,0,0,0,0,1,0,0,0,0,0,0,1753378560
1403,1753378583.20477,4.88369823044098,-35.6017266237786,0,0,0,-0.519590226040073,0.854415587991948,3.5,0,0,0,0,0,1753378560,1753378583.19612,100,100,0,0,0,0,1,0,0,0,0,0,0,1753378560
1404,1753378583.21322,4.89778478287127,-35.627266073363,0,0,0,-0.519590226040073,0.854415587991948,3.5,0,0,0,0,0,1753378560,1753378583.20482,100,100,0,0,0,0,1,0,0,0,0,0,0,1753378560
1405,1753378583.22169,4.91187133530155,-35.6528055229474,0,0,0,-0.519590226040073,0.854415587991948,3.5,0,0,0,0,0,1753378560,1753378583.21326,100,100,0,0,0,0,1,0,0,0,0,0,0,1753378560
1406,1753378583.22949,4.92595788773184,-35.6783449725318,0,0,0,-0.519590226040073,0.854415587991948,3.5,0,0,0,0,0,1753378560,1753378583.22175,100,100,0,0,0,0,1,0,0,0,0,0,0,1753378560
1407,1753378583.23806,4.94004444016212,-35.7038844221162,0,0,0,-0.519590226040073,0.854415587991948,3.5,0,0,0,0,0,1753378560,1753378583.22952,100,100,0,0,0,0,1,0,0,0,0,0,0,1753378560
1408,1753378583.24603,4.95413099259241,-35.7294238717006,0,0,0,-0.519590226040073,0.854415587991948,3.5,0,0,0,0,0,1753378560,1753378583.2381,100,100,0,0,0,0,1,0,0,0,0,0,0,1753378560
1409,1753378583.25441,4.96821754502269,-35.7549633212849,0,0,0,-0.519590226040073,0.854415587991948,3.5,0,0,0,0,0,1753378560,1753378583.24606,100,100,0,0,0,0,1,0,0,0,0,0,0,1753378560
1410,1753378583.26297,4.98230409745298,-35.7805027708693,0,0,0,-0.519590226040073,0.854415587991948,3.5,0,0,0,0,0,1753378560,1753378583.25444,100,100,0,0,0,0,1,0,0,0,0,0,0,1753378560
1411,1753378583.27152,4.99639064988326,-35.8060422204537,0,0,0,-0.519590226040073,0.854415587991948,3.5,0,0,0,0,0,1753378560,1753378583.26302,100,100,0,0,0,0,1,0,0,0,0,0,0,1753378560
1412,1753378583.27966,5.01047720231355,-35.8315816700381,0,0,0,-0.519590226040073,0.854415587991948,3.5,0,0,0,0,0,1753378560,1753378583.27158,100,100,0,0,0,0,1,0,0,0,0,0,0,1753378560
1413,1753378583.28803,5.02456375474384,-35.8571211196225,0,0,0,-0.519590226040073,0.854415587991948,3.5,0,0,0,0,0,1753378560,1753378583.27968,100,100,0,0,0,0,1,0,0,0,0,0,0,1753378560
1414,1753378583.29602,5.03865030717412,-35.8826605692069,0,0,0,-0.519590226040073,0.854415587991948,3.5,0,0,0,0,0,1753378560,1753378583.28807,100,100,0,0,0,0,1,0,0,0,0,0,0,1753378560
1415,1753378583.3046,5.05273685960441,-35.9082000187913,0,0,0,-0.519590226040073,0.854415587991948,3.5,0,0,0,0,0,1753378560,1753378583.29604,100,100,0,0,0,0,1,0,0,0,0,0,0,1753378560
1416,1753378583.31271,5.06682341203469,-35.9337394683756,0,0,0,-0.519590226040073,0.854415587991948,3.5,0,0,0,0,0,1753378560,1753378583.30463,100,100,0,0,0,0,1,0,0,0,0,0,0,1753378560
1417,1753378583.32132,5.08090996446498,-35.95927891796,0,0,0,-0.519590226040073,0.854415587991948,3.5,0,0,0,0,0,1753378560,1753378583.31274,100,100,0,0,0,0,1,0,0,0,0,0,0,1753378560
1418,1753378583.32962,5.09499651689526,-35.9848183675444,0,0,0,-0.519590226040073,0.854415587991948,3.5,0,0,0,0,0,1753378560,1753378583.3214,100,100,0,0,0,0,1,0,0,0,0,0,0,1753378560
1419,1753378583.3389,5.10908306932555,-36.0103578171288,0,0,0,-0.519590226040073,0.854415587991948,3.5,0,0,0,0,0,1753378560,1753378583.32965,100,100,0,0,0,0,1,0,0,0,0,0,0,1753378560
1420,1753378583.3461,5.12316962175583,-36.0358972667132,0,0,0,-0.519590226040073,0.854415587991948,3.5,0,0,0,0,0,1753378560,1753378583.33893,100,100,0,0,0,0,1,0,0,0,0,0,0,1753378560
1421,1753378583.35475,5.13725617418612,-36.0614367162976,0,0,0,-0.519590226040073,0.854415587991948,3.5,0,0,0,0,0,1753378560,1753378583.34613,100,100,0,0,0,0,1,0,0,0,0,0,0,1753378560
1422,1753378583.36294,5.1513427266164,-36.086976165882,0,0,0,-0.519590226040073,0.854415587991948,3.5,0,0,0,0,0,1753378560,1753378583.3548,100,100,0,0,0,0,1,0,0,0,0,0,0,1753378560
1423,1753378583.37144,5.16542927904669,-36.1125156154663,0,0,0,-0.519590226040073,0.854415587991948,3.5,0,0,0,0,0,1753378560,1753378583.36298,100,100,0,0,0,0,1,0,0,0,0,0,0,1753378560
1424,1753378583.3795,5.17951583147697,-36.1380550650507,0,0,0,-0.519590226040073,0.854415587991948,3.5,0,0,0,0,0,1753378560,1753378583.3715,100,100,0,0,0,0,1,0,0,0,0,0,0,1753378560
1425,1753378583.38811,5.19360238390726,-36.1635945146351,0,0,0,-0.519590226040073,0.854415587991948,3.5,0,0,0,0,0,1753378560,1753378583.37952,100,100,0,0,0,0,1,0,0,0,0,0,0,1753378560
1426,1753378583.39623,5.20768893633754,-36.1891339642195,0,0,0,-0.519590226040073,0.854415587991948,3.5,0,0,0,0,0,1753378560,1753378583.38816,100,100,0,0,0,0,1,0,0,0,0,0,0,1753378560
1427,1753378583.40488,5.22177548876783,-36.2146734138039,0,0,0,-0.519590226040073,0.854415587991948,3.5,0,0,0,0,0,1753378560,1753378583.39628,100,100,0,0,0,0,1,0,0,0,0,0,0,1753378560
1428,1753378583.41292,5.23586204119812,-36.2402128633883,0,0,0,-0.519590226040073,0.854415587991948,3.5,0,0,0,0,0,1753378560,1753378583.40493,100,100,0,0,0,0,1,0,0,0,0,0,0,1753378560
1429,1753378583.42124,5.2499485936284,-36.2657523129727,0,0,0,-0.519590226040073,0.854415587991948,3.5,0,0,0,0,0,1753378560,1753378583.41296,100,100,0,0,0,0,1,0,0,0,0,0,0,1753378560
1430,1753378583.42943,5.26403514605869,-36.291291762557,0,0,0,-0.519590226040073,0.854415587991948,3.5,0,0,0,0,0,1753378560,1753378583.42129,100,100,0,0,0,0,1,0,0,0,0,0,0,1753378560
1431,1753378583.4379,5.27812169848897,-36.3168312121414,0,0,0,-0.519590226040073,0.854415587991948,3.5,0,0,0,0,0,1753378560,1753378583.42946,100,100,0,0,0,0,1,0,0,0,0,0,0,1753378560
1432,1753378583.44605,5.29220825091926,-36.3423706617258,0,0,0,-0.519590226040073,0.854415587991948,3.5,0,0,0,0,0,1753378560,1753378583.43797,100,100,0,0,0,0,1,0,0,0,0,0,0,1753378560
1433,1753378583.45446,5.30629480334954,-36.3679101113102,0,0,0,-0.519590226040073,0.854415587991948,3.5,0,0,0,0,0,1753378560,1753378583.44608,100,100,0,0,0,0,1,0,0,0,0,0,0,1753378560
1434,1753378583.46289,5.32038135577983,-36.3934495608946,0,0,0,-0.519590226040073,0.854415587991948,3.5,0,0,0,0,0,1753378560,1753378583.45449,100,100,0,0,0,0,1,0,0,0,0,0,0,1753378560
1435,1753378583.47131,5.33446790821011,-36.418989010479,0,0,0,-0.519590226040073,0.854415587991948,3.5,0,0,0,0,0,1753378560,1753378583.46292,100,100,0,0,0,0,1,0,0,0,0,0,0,1753378560
1436,1753378583.47959,5.3485544606404,-36.4445284600634,0,0,0,-0.519590226040073,0.854415587991948,3.5,0,0,0,0,0,1753378560,1753378583.47135,100,100,0,0,0,0,1,0,0,0,0,0,0,1753378560
1437,1753378583.4879,5.36264101307068,-36.4700679096477,0,0,0,-0.519590226040073,0.854415587991948,3.5,0,0,0,0,0,1753378560,1753378583.47962,100,100,0,0,0,0,1,0,0,0,0,0,0,1753378560
1438,1753378583.49606,5.37672756550097,-36.4956073592321,0,0,0,-0.519590226040073,0.854415587991948,3.5,0,0,0,0,0,1753378560,1753378583.48793,100,100,0,0,0,0,1,0,0,0,0,0,0,1753378560
1439,1753378583.50459,5.39081411793125,-36.5211468088165,0,0,0,-0.519590226040073,0.854415587991948,3.5,0,0,0,0,0,1753378560,1753378583.49608,100,100,0,0,0,0,1,0,0,0,0,0,0,1753378560
1440,1753378583.51265,5.40490067036154,-36.5466862584009,0,0,0,-0.519590226040073,0.854415587991948,3.5,0,0,0,0,0,1753378560,1753378583.50462,100,100,0,0,0,0,1,0,0,0,0,0,0,1753378560
1441,1753378583.52116,5.41898722279182,-36.5722257079853,0,0,0,-0.519590226040073,0.854415587991948,3.5,0,0,0,0,0,1753378560,1753378583.51267,100,100,0,0,0,0,1,0,0,0,0,0,0,1753378560
1442,1753378583.52953,5.43307377522211,-36.5977651575697,0,0,0,-0.519590226040073,0.854415587991948,3.5,0,0,0,0,0,1753378560,1753378583.52119,100,100,0,0,0,0,1,0,0,0,0,0,0,1753378560
1443,1753378583.53792,5.4471603276524,-36.6233046071541,0,0,0,-0.519590226040073,0.854415587991948,3.5,0,0,0,0,0,1753378560,1753378583.52956,100,100,0,0,0,0,1,0,0,0,0,0,0,1753378560
1444,1753378583.54604,5.46124688008268,-36.6488440567384,0,0,0,-0.519590226040073,0.854415587991948,3.5,0,0,0,0,0,1753378560,1753378583.53795,100,100,0,0,0,0,1,0,0,0,0,0,0,1753378560
1445,1753378583.55454,5.47533343251297,-36.6743835063228,0,0,0,-0.519590226040073,0.854415587991948,3.5,0,0,0,0,0,1753378560,1753378583.54607,100,100,0,0,0,0,1,0,0,0,0,0,0,1753378560
1446,1753378583.5627,5.48941998494325,-36.6999229559072,0,0,0,-0.519590226040073,0.854415587991948,3.5,0,0,0,0,0,1753378560,1753378583.55457,100,100,0,0,0,0,1,0,0,0,0,0,0,1753378560
1447,1753378583.57131,5.50350653737354,-36.7254624054916,0,0,0,-0.519590226040073,0.854415587991948,3.5,0,0,0,0,0,1753378560,1753378583.56273,100,100,0,0,0,0,1,0,0,0,0,0,0,1753378560
1448,1753378583.57945,5.51759308980382,-36.751001855076,0,0,0,-0.519590226040073,0.854415587991948,3.5,0,0,0,0,0,1753378560,1753378583.57135,100,100,0,0,0,0,1,0,0,0,0,0,0,1753378560
1449,1753378583.58811,5.53167964223411,-36.7765413046604,0,0,0,-0.519590226040073,0.854415587991948,3.5,0,0,0,0,0,1753378560,1753378583.57948,100,100,0,0,0,0,1,0,0,0,0,0,0,1753378560
1450,1753378583.59615,5.54576619466439,-36.8020807542448,0,0,0,-0.519590226040073,0.854415587991948,3.5,0,0,0,0,0,1753378560,1753378583.58815,100,100,0,0,0,0,1,0,0,0,0,0,0,1753378560
1451,1753378583.60458,5.55985274709468,-36.8276202038291,0,0,0,-0.519590226040073,0.854415587991948,3.5,0,0,0,0,0,1753378560,1753378583.59618,100,100,0,0,0,0,1,0,0,0,0,0,0,1753378560
1452,1753378583.6127,5.57393929952496,-36.8531596534135,0,0,0,-0.519590226040073,0.854415587991948,3.5,0,0,0,0,0,1753378560,1753378583.60461,100,100,0,0,0,0,1,0,0,0,0,0,0,1753378560
1453,1753378583.62134,5.58802585195525,-36.8786991029979,0,0,0,-0.519590226040073,0.854415587991948,3.5,0,0,0,0,0,1753378560,1753378583.61273,100,100,0,0,0,0,1,0,0,0,0,0,0,1753378560
1454,1753378583.62948,5.60211240438553,-36.9042385525823,0,0,0,-0.519590226040073,0.854415587991948,3.5,0,0,0,0,0,1753378560,1753378583.62138,100,100,0,0,0,0,1,0,0,0,0,0,0,1753378560
1455,1753378583.63796,5.61619895681582,-36.9297780021667,0,0,0,-0.519590226040073,0.854415587991948,3.5,0,0,0,0,0,1753378560,1753378583.62951,100,100,0,0,0,0,1,0,0,0,0,0,0,1753378560
1456,1753378583.64605,5.6302855092461,-36.9553174517511,0,0,0,-0.519590226040073,0.854415587991948,3.5,0,0,0,0,0,1753378560,1753378583.63799,100,100,0,0,0,0,1,0,0,0,0,0,0,1753378560
1457,1753378583.65451,5.64437206167639,-36.9808569013355,0,0,0,-0.519590226040073,0.854415587991948,3.5,0,0,0,0,0,1753378560,1753378583.64608,100,100,0,0,0,0,1,0,0,0,0,0,0,1753378560
1458,1753378583.66269,5.65845861410668,-37.0063963509198,0,0,0,-0.519590226040073,0.854415587991948,3.5,0,0,0,0,0,1753378560,1753378583.65453,100,100,0,0,0,0,1,0,0,0,0,0,0,1753378560
1459,1753378583.67121,5.67254516653696,-37.0319358005042,0,0,0,-0.519590226040073,0.854415587991948,3.5,0,0,0,0,0,1753378560,1753378583.66274,100,100,0,0,0,0,1,0,0,0,0,0,0,1753378560
1460,1753378583.67943,5.68663171896725,-37.0574752500886,0,0,0,-0.519590226040073,0.854415587991948,3.5,0,0,0,0,0,1753378560,1753378583.67125,100,100,0,0,0,0,1,0,0,0,0,0,0,1753378560
1461,1753378583.68786,5.70071827139753,-37.083014699673,0,0,0,-0.519590226040073,0.854415587991948,3.5,0,0,0,0,0,1753378560,1753378583.67946,100,100,0,0,0,0,1,0,0,0,0,0,0,1753378560
1462,1753378583.69608,5.71480482382782,-37.1085541492574,0,0,0,-0.519590226040073,0.854415587991948,3.5,0,0,0,0,0,1753378560,1753378583.6879,100,100,0,0,0,0,1,0,0,0,0,0,0,1753378560
1463,1753378583.7046,5.7288913762581,-37.1340935988418,0,0,0,-0.519590226040073,0.854415587991948,3.5,0,0,0,0,0,1753378560,1753378583.69611,100,100,0,0,0,0,1,0,0,0,0,0,0,1753378560
1464,1753378583.71268,5.74297792868839,-37.1596330484262,0,0,0,-0.519590226040073,0.854415587991948,3.5,0,0,0,0,0,1753378560,1753378583.70463,100,100,0,0,0,0,1,0,0,0,0,0,0,1753378560
1465,1753378583.7212,5.75706448111867,-37.1851724980106,0,0,0,-0.519590226040073,0.854415587991948,3.5,0,0,0,0,0,1753378560,1753378583.71271,100,100,0,0,0,0,1,0,0,0,0,0,0,1753378560
1466,1753378583.72978,5.77115103354896,-37.2107119475949,0,0,0,-0.519590226040073,0.854415587991948,3.5,0,0,0,0,0,1753378560,1753378583.72123,100,100,0,0,0,0,1,0,0,0,0,0,0,1753378560
1467,1753378583.73811,5.78523758597924,-37.2362513971793,0,0,0,-0.519590226040073,0.854415587991948,3.5,0,0,0,0,0,1753378560,1753378583.72982,100,100,0,0,0,0,1,0,0,0,0,0,0,1753378560
1468,1753378583.74607,5.79932413840953,-37.2617908467637,0,0,0,-0.519590226040073,0.854415587991948,3.5,0,0,0,0,0,1753378560,1753378583.73816,100,100,0,0,0,0,1,0,0,0,0,0,0,1753378560
1469,1753378583.75476,5.81341069083981,-37.2873302963481,0,0,0,-0.519590226040073,0.854415587991948,3.5,0,0,0,0,0,1753378560,1753378583.7461,100,100,0,0,0,0,1,0,0,0,0,0,0,1753378560
1470,1753378583.76293,5.8274972432701,-37.3128697459325,0,0,0,-0.519590226040073,0.854415587991948,3.5,0,0,0,0,0,1753378560,1753378583.75481,100,100,0,0,0,0,1,0,0,0,0,0,0,1753378560
1471,1753378583.7714,5.84158379570038,-37.3384091955169,0,0,0,-0.519590226040073,0.854415587991948,3.5,0,0,0,0,0,1753378560,1753378583.76297,100,100,0,0,0,0,1,0,0,0,0,0,0,1753378560
1472,1753378583.77949,5.85567034813067,-37.3639486451013,0,0,0,-0.519590226040073,0.854415587991948,3.5,0,0,0,0,0,1753378560,1753378583.77145,100,100,0,0,0,0,1,0,0,0,0,0,0,1753378560
1473,1753378583.78804,5.86975690056096,-37.3894880946856,0,0,0,-0.519590226040073,0.854415587991948,3.5,0,0,0,0,0,1753378560,1753378583.77952,100,100,0,0,0,0,1,0,0,0,0,0,0,1753378560
1474,1753378583.79643,5.88384345299124,-37.41502754427,0,0,0,-0.519590226040073,0.854415587991948,3.5,0,0,0,0,0,1753378560,1753378583.78819,100,100,0,0,0,0,1,0,0,0,0,0,0,1753378560
1475,1753378583.80444,5.89793000542153,-37.4405669938544,0,0,0,-0.519590226040073,0.854415587991948,3.5,0,0,0,0,0,1753378560,1753378583.79648,100,100,0,0,0,0,1,0,0,0,0,0,0,1753378560
1476,1753378583.81272,5.91201655785181,-37.4661064434388,0,0,0,-0.519590226040073,0.854415587991948,3.5,0,0,0,0,0,1753378560,1753378583.80447,100,100,0,0,0,0,1,0,0,0,0,0,0,1753378560
1477,1753378583.82112,5.9261031102821,-37.4916458930232,0,0,0,-0.519590226040073,0.854415587991948,3.5,0,0,0,0,0,1753378560,1753378583.81275,100,100,0,0,0,0,1,0,0,0,0,0,0,1753378560
1478,1753378583.82949,5.94018966271238,-37.5171853426076,0,0,0,-0.519590226040073,0.854415587991948,3.5,0,0,0,0,0,1753378560,1753378583.82115,100,100,0,0,0,0,1,0,0,0,0,0,0,1753378560
1479,1753378583.83786,5.95427621514267,-37.542724792192,0,0,0,-0.519590226040073,0.854415587991948,3.5,0,0,0,0,0,1753378560,1753378583.82952,100,100,0,0,0,0,1,0,0,0,0,0,0,1753378560
1480,1753378583.84601,5.96836276757295,-37.5682642417763,0,0,0,-0.519590226040073,0.854415587991948,3.5,0,0,0,0,0,1753378560,1753378583.8379,100,100,0,0,0,0,1,0,0,0,0,0,0,1753378560
1481,1753378583.8547,5.98244932000324,-37.5938036913607,0,0,0,-0.519590226040073,0.854415587991948,3.5,0,0,0,0,0,1753378560,1753378583.84604,100,100,0,0,0,0,1,0,0,0,0,0,0,1753378560
1482,1753378583.86281,5.99653587243352,-37.6193431409451,0,0,0,-0.519590226040073,0.854415587991948,3.5,0,0,0,0,0,1753378560,1753378583.85475,100,100,0,0,0,0,1,0,0,0,0,0,0,1753378560
1483,1753378583.8715,6.01062242486381,-37.6448825905295,0,0,0,-0.519590226040073,0.854415587991948,3.5,0,0,0,0,0,1753378560,1753378583.86284,100,100,0,0,0,0,1,0,0,0,0,0,0,1753378560
1484,1753378583.87976,6.02470897729409,-37.6704220401139,0,0,0,-0.519590226040073,0.854415587991948,3.5,0,0,0,0,0,1753378560,1753378583.87155,100,100,0,0,0,0,1,0,0,0,0,0,0,1753378560
1485,1753378583.88792,6.03879552972438,-37.6959614896983,0,0,0,-0.519590226040073,0.854415587991948,3.5,0,0,0,0,0,1753378560,1753378583.8798,100,100,0,0,0,0,1,0,0,0,0,0,0,1753378560
1486,1753378583.89627,6.05288208215467,-37.7215009392827,0,0,0,-0.519590226040073,0.854415587991948,3.5,0,0,0,0,0,1753378560,1753378583.88795,100,100,0,0,0,0,1,0,0,0,0,0,0,1753378560
1487,1753378583.90471,6.06696863458495,-37.747040388867,0,0,0,-0.519590226040073,0.854415587991948,3.5,0,0,0,0,0,1753378560,1753378583.89638,100,100,0,0,0,0,1,0,0,0,0,0,0,1753378560
1488,1753378583.91302,6.08105518701524,-37.7725798384514,0,0,0,-0.519590226040073,0.854415587991948,3.5,0,0,0,0,0,1753378560,1753378583.90475,100,100,0,0,0,0,1,0,0,0,0,0,0,1753378560
1489,1753378583.92212,6.09514173944552,-37.7981192880358,0,0,0,-0.519590226040073,0.854415587991948,3.5,0,0,0,0,0,1753378560,1753378583.91306,100,100,0,0,0,0,1,0,0,0,0,0,0,1753378560
1490,1753378583.92976,6.10922829187581,-37.8236587376202,0,0,0,-0.519590226040073,0.854415587991948,3.5,0,0,0,0,0,1753378560,1753378583.92222,100,100,0,0,0,0,1,0,0,0,0,0,0,1753378560
1491,1753378583.93817,6.12331484430609,-37.8491981872046,0,0,0,-0.519590226040073,0.854415587991948,3.5,0,0,0,0,0,1753378560,1753378583.9298,100,100,0,0,0,0,1,0,0,0,0,0,0,1753378560
1492,1753378583.94632,6.13740139673638,-37.874737636789,0,0,0,-0.519590226040073,0.854415587991948,3.5,0,0,0,0,0,1753378560,1753378583.93821,100,100,0,0,0,0,1,0,0,0,0,0,0,1753378560
1493,1753378583.95446,6.15148794916666,-37.9002770863734,0,0,0,-0.519590226040073,0.854415587991948,3.5,0,0,0,0,0,1753378560,1753378583.94638,100,100,0,0,0,0,1,0,0,0,0,0,0,1753378560
1494,1753378583.96286,6.16557450159695,-37.9258165359577,0,0,0,-0.519590226040073,0.854415587991948,3.5,0,0,0,0,0,1753378560,1753378583.9545,100,100,0,0,0,0,1,0,0,0,0,0,0,1753378560
1495,1753378583.97114,6.17966105402723,-37.9513559855421,0,0,0,-0.519590226040073,0.854415587991948,3.5,0,0,0,0,0,1753378560,1753378583.96289,100,100,0,0,0,0,1,0,0,0,0,0,0,1753378560
1496,1753378583.97941,6.19374760645752,-37.9768954351265,0,0,0,-0.519590226040073,0.854415587991948,3.5,0,0,0,0,0,1753378560,1753378583.97117,100,100,0,0,0,0,1,0,0,0,0,0,0,1753378560
1497,1753378583.98775,6.2078341588878,-38.0024348847109,0,0,0,-0.519590226040073,0.854415587991948,3.5,0,0,0,0,0,1753378560,1753378583.97944,100,100,0,0,0,0,1,0,0,0,0,0,0,1753378560
1498,1753378583.99602,6.22192071131809,-38.0279743342953,0,0,0,-0.519590226040073,0.854415587991948,3.5,0,0,0,0,0,1753378560,1753378583.98777,100,100,0,0,0,0,1,0,0,0,0,0,0,1753378560
1499,1753378584.00459,6.23600726374837,-38.0535137838797,0,0,0,-0.519590226040073,0.854415587991948,3.5,0,0,0,0,0,1753378560,1753378583.99605,100,100,0,0,0,0,1,0,0,0,0,0,0,1753378560
1500,1753378584.013,6.25009381617866,-38.0790532334641,0,0,0,-0.519590226040073,0.854415587991948,3.5,0,0,0,0,0,1753378560,1753378584.00463,100,100,0,0,0,0,1,0,0,0,0,0,0,1753378560
1501,1753378584.02129,6.26418036860895,-38.1045926830484,0,0,0,-0.519590226040073,0.854415587991948,3.5,0,0,0,0,0,1753378560,1753378584.01303,100,100,0,0,0,0,1,0,0,0,0,0,0,1753378560
1502,1753378584.02949,6.27826692103923,-38.1301321326328,0,0,0,-0.519590226040073,0.854415587991948,3.5,0,0,0,0,0,1753378560,1753378584.02133,100,100,0,0,0,0,1,0,0,0,0,0,0,1753378560
1503,1753378584.03811,6.29235347346952,-38.1556715822172,0,0,0,-0.519590226040073,0.854415587991948,3.5,0,0,0,0,0,1753378560,1753378584.02953,100,100,0,0,0,0,1,0,0,0,0,0,0,1753378560
1504,1753378584.04623,6.3064400258998,-38.1812110318016,0,0,0,-0.519590226040073,0.854415587991948,3.5,0,0,0,0,0,1753378560,1753378584.03816,100,100,0,0,0,0,1,0,0,0,0,0,0,1753378560
1505,1753378584.05454,6.32052657833009,-38.206750481386,0,0,0,-0.519590226040073,0.854415587991948,3.5,0,0,0,0,0,1753378560,1753378584.04627,100,100,0,0,0,0,1,0,0,0,0,0,0,1753378560
1506,1753378584.06272,6.33461313076037,-38.2322899309704,0,0,0,-0.519590226040073,0.854415587991948,3.5,0,0,0,0,0,1753378560,1753378584.05456,100,100,0,0,0,0,1,0,0,0,0,0,0,1753378560
1507,1753378584.07113,6.34869968319066,-38.2578293805548,0,0,0,-0.519590226040073,0.854415587991948,3.5,0,0,0,0,0,1753378560,1753378584.06276,100,100,0,0,0,0,1,0,0,0,0,0,0,1753378560
1508,1753378584.07953,6.36278623562094,-38.2833688301391,0,0,0,-0.519590226040073,0.854415587991948,3.5,0,0,0,0,0,1753378560,1753378584.07116,100,100,0,0,0,0,1,0,0,0,0,0,0,1753378560
1509,1753378584.08786,6.37687278805123,-38.3089082797235,0,0,0,-0.519590226040073,0.854415587991948,3.5,0,0,0,0,0,1753378560,1753378584.07956,100,100,0,0,0,0,1,0,0,0,0,0,0,1753378560
1510,1753378584.09636,6.39095934048151,-38.3344477293079,0,0,0,-0.519590226040073,0.854415587991948,3.5,0,0,0,0,0,1753378560,1753378584.08788,100,100,0,0,0,0,1,0,0,0,0,0,0,1753378560
1511,1753378584.10455,6.4050458929118,-38.3599871788923,0,0,0,-0.519590226040073,0.854415587991948,3.5,0,0,0,0,0,1753378560,1753378584.0964,100,100,0,0,0,0,1,0,0,0,0,0,0,1753378560
1512,1753378584.11273,6.41913244534208,-38.3855266284767,0,0,0,-0.519590226040073,0.854415587991948,3.5,0,0,0,0,0,1753378560,1753378584.10457,100,100,0,0,0,0,1,0,0,0,0,0,0,1753378560
1513,1753378584.12145,6.43321899777237,-38.4110660780611,0,0,0,-0.519590226040073,0.854415587991948,3.5,0,0,0,0,0,1753378560,1753378584.11277,100,100,0,0,0,0,1,0,0,0,0,0,0,1753378560
1514,1753378584.12969,6.44730555020265,-38.4366055276455,0,0,0,-0.519590226040073,0.854415587991948,3.5,0,0,0,0,0,1753378560,1753378584.1215,100,100,0,0,0,0,1,0,0,0,0,0,0,1753378560
1515,1753378584.1379,6.46139210263294,-38.4621449772298,0,0,0,-0.519590226040073,0.854415587991948,3.5,0,0,0,0,0,1753378560,1753378584.12973,100,100,0,0,0,0,1,0,0,0,0,0,0,1753378560
1516,1753378584.14602,6.47547865506323,-38.4876844268142,0,0,0,-0.519590226040073,0.854415587991948,3.5,0,0,0,0,0,1753378560,1753378584.13793,100,100,0,0,0,0,1,0,0,0,0,0,0,1753378560
1517,1753378584.15443,6.48956520749351,-38.5132238763986,0,0,0,-0.519590226040073,0.854415587991948,3.5,0,0,0,0,0,1753378560,1753378584.14605,100,100,0,0,0,0,1,0,0,0,0,0,0,1753378560
1518,1753378584.16267,6.5036517599238,-38.538763325983,0,0,0,-0.519590226040073,0.854415587991948,3.5,0,0,0,0,0,1753378560,1753378584.15445,100,100,0,0,0,0,1,0,0,0,0,0,0,1753378560
1519,1753378584.17112,6.51773831235408,-38.5643027755674,0,0,0,-0.519590226040073,0.854415587991948,3.5,0,0,0,0,0,1753378560,1753378584.1627,100,100,0,0,0,0,1,0,0,0,0,0,0,1753378560
1520,1753378584.17953,6.53182486478437,-38.5898422251518,0,0,0,-0.519590226040073,0.854415587991948,3.5,0,0,0,0,0,1753378560,1753378584.17115,100,100,0,0,0,0,1,0,0,0,0,0,0,1753378560
1521,1753378584.18784,6.54591141721465,-38.6153816747362,0,0,0,-0.519590226040073,0.854415587991948,3.5,0,0,0,0,0,1753378560,1753378584.17955,100,100,0,0,0,0,1,0,0,0,0,0,0,1753378560
1522,1753378584.19611,6.55999796964494,-38.6409211243205,0,0,0,-0.519590226040073,0.854415587991948,3.5,0,0,0,0,0,1753378560,1753378584.18787,100,100,0,0,0,0,1,0,0,0,0,0,0,1753378560
1523,1753378584.2045,6.57408452207522,-38.6664605739049,0,0,0,-0.519590226040073,0.854415587991948,3.5,0,0,0,0,0,1753378560,1753378584.19615,100,100,0,0,0,0,1,0,0,0,0,0,0,1753378560
1524,1753378584.21279,6.58817107450551,-38.6920000234893,0,0,0,-0.519590226040073,0.854415587991948,3.5,0,0,0,0,0,1753378560,1753378584.20453,100,100,0,0,0,0,1,0,0,0,0,0,0,1753378560
1525,1753378584.22151,6.60225762693579,-38.7175394730737,0,0,0,-0.519590226040073,0.854415587991948,3.5,0,0,0,0,0,1753378560,1753378584.21283,100,100,0,0,0,0,1,0,0,0,0,0,0,1753378560
1526,1753378584.22964,6.61634417936608,-38.7430789226581,0,0,0,-0.519590226040073,0.854415587991948,3.5,0,0,0,0,0,1753378560,1753378584.22155,100,100,0,0,0,0,1,0,0,0,0,0,0,1753378560
1527,1753378584.23843,6.63043073179636,-38.7686183722425,0,0,0,-0.519590226040073,0.854415587991948,3.5,0,0,0,0,0,1753378560,1753378584.22968,100,100,0,0,0,0,1,0,0,0,0,0,0,1753378560
1528,1753378584.2461,6.64451728422665,-38.7941578218269,0,0,0,-0.519590226040073,0.854415587991948,3.5,0,0,0,0,0,1753378560,1753378584.23853,100,100,0,0,0,0,1,0,0,0,0,0,0,1753378560
1529,1753378584.2546,6.65860383665693,-38.8196972714112,0,0,0,-0.519590226040073,0.854415587991948,3.5,0,0,0,0,0,1753378560,1753378584.24613,100,100,0,0,0,0,1,0,0,0,0,0,0,1753378560
1530,1753378584.26291,6.67269038908722,-38.8452367209956,0,0,0,-0.519590226040073,0.854415587991948,3.5,0,0,0,0,0,1753378560,1753378584.25464,100,100,0,0,0,0,1,0,0,0,0,0,0,1753378560
1531,1753378584.27128,6.68677694151751,-38.87077617058,0,0,0,-0.519590226040073,0.854415587991948,3.5,0,0,0,0,0,1753378560,1753378584.26294,100,100,0,0,0,0,1,0,0,0,0,0,0,1753378560
1532,1753378584.27956,6.70086349394779,-38.8963156201644,0,0,0,-0.519590226040073,0.854415587991948,3.5,0,0,0,0,0,1753378560,1753378584.27132,100,100,0,0,0,0,1,0,0,0,0,0,0,1753378560
1533,1753378584.28783,6.71495004637808,-38.9218550697488,0,0,0,-0.519590226040073,0.854415587991948,3.5,0,0,0,0,0,1753378560,1753378584.2796,100,100,0,0,0,0,1,0,0,0,0,0,0,1753378560
1534,1753378584.29614,6.72903659880836,-38.9473945193332,0,0,0,-0.519590226040073,0.854415587991948,3.5,0,0,0,0,0,1753378560,1753378584.28786,100,100,0,0,0,0,1,0,0,0,0,0,0,1753378560
1535,1753378584.30469,6.74312315123865,-38.9729339689176,0,0,0,-0.519590226040073,0.854415587991948,3.5,0,0,0,0,0,1753378560,1753378584.29616,100,100,0,0,0,0,1,0,0,0,0,0,0,1753378560
1536,1753378584.31266,6.75720970366893,-38.9984734185019,0,0,0,-0.519590226040073,0.854415587991948,3.5,0,0,0,0,0,1753378560,1753378584.30472,100,100,0,0,0,0,1,0,0,0,0,0,0,1753378560
1537,1753378584.32122,6.77129625609922,-39.0240128680863,0,0,0,-0.519590226040073,0.854415587991948,3.5,0,0,0,0,0,1753378560,1753378584.31268,100,100,0,0,0,0,1,0,0,0,0,0,0,1753378560
1538,1753378584.3296,6.7853828085295,-39.0495523176707,0,0,0,-0.519590226040073,0.854415587991948,3.5,0,0,0,0,0,1753378560,1753378584.32124,100,100,0,0,0,0,1,0,0,0,0,0,0,1753378560
1539,1753378584.3381,6.79946936095979,-39.0750917672551,0,0,0,-0.519590226040073,0.854415587991948,3.5,0,0,0,0,0,1753378560,1753378584.32963,100,100,0,0,0,0,1,0,0,0,0,0,0,1753378560
1540,1753378584.34615,6.81355591339007,-39.1006312168395,0,0,0,-0.519590226040073,0.854415587991948,3.5,0,0,0,0,0,1753378560,1753378584.33814,100,100,0,0,0,0,1,0,0,0,0,0,0,1753378560
1541,1753378584.35477,6.82764246582036,-39.1261706664239,0,0,0,-0.519590226040073,0.854415587991948,3.5,0,0,0,0,0,1753378560,1753378584.34618,100,100,0,0,0,0,1,0,0,0,0,0,0,1753378560
1542,1753378584.3627,6.84172901825064,-39.1517101160083,0,0,0,-0.519590226040073,0.854415587991948,3.5,0,0,0,0,0,1753378560,1753378584.35482,100,100,0,0,0,0,1,0,0,0,0,0,0,1753378560
1543,1753378584.37125,6.85581557068093,-39.1772495655927,0,0,0,-0.519590226040073,0.854415587991948,3.5,0,0,0,0,0,1753378560,1753378584.36273,100,100,0,0,0,0,1,0,0,0,0,0,0,1753378560
1544,1753378584.37948,6.86990212311121,-39.202789015177,0,0,0,-0.519590226040073,0.854415587991948,3.5,0,0,0,0,0,1753378560,1753378584.37128,100,100,0,0,0,0,1,0,0,0,0,0,0,1753378560
1545,1753378584.38785,6.8839886755415,-39.2283284647614,0,0,0,-0.519590226040073,0.854415587991948,3.5,0,0,0,0,0,1753378560,1753378584.37951,100,100,0,0,0,0,1,0,0,0,0,0,0,1753378560
1546,1753378584.39634,6.89807522797179,-39.2538679143458,0,0,0,-0.519590226040073,0.854415587991948,3.5,0,0,0,0,0,1753378560,1753378584.38789,100,100,0,0,0,0,1,0,0,0,0,0,0,1753378560
1547,1753378584.40444,6.91216178040207,-39.2794073639302,0,0,0,-0.519590226040073,0.854415587991948,3.5,0,0,0,0,0,1753378560,1753378584.39638,100,100,0,0,0,0,1,0,0,0,0,0,0,1753378560
1548,1753378584.41272,6.92624833283236,-39.3049468135146,0,0,0,-0.519590226040073,0.854415587991948,3.5,0,0,0,0,0,1753378560,1753378584.40447,100,100,0,0,0,0,1,0,0,0,0,0,0,1753378560
1549,1753378584.42112,6.94033488526264,-39.330486263099,0,0,0,-0.519590226040073,0.854415587991948,3.5,0,0,0,0,0,1753378560,1753378584.41274,100,100,0,0,0,0,1,0,0,0,0,0,0,1753378560
1550,1753378584.42967,6.95442143769293,-39.3560257126834,0,0,0,-0.519590226040073,0.854415587991948,3.5,0,0,0,0,0,1753378560,1753378584.42115,100,100,0,0,0,0,1,0,0,0,0,0,0,1753378560
1551,1753378584.43786,6.96850799012321,-39.3815651622677,0,0,0,-0.519590226040073,0.854415587991948,3.5,0,0,0,0,0,1753378560,1753378584.42971,100,100,0,0,0,0,1,0,0,0,0,0,0,1753378560
1552,1753378584.44604,6.9825945425535,-39.4071046118521,0,0,0,-0.519590226040073,0.854415587991948,3.5,0,0,0,0,0,1753378560,1753378584.43788,100,100,0,0,0,0,1,0,0,0,0,0,0,1753378560
1553,1753378584.45446,6.99668109498378,-39.4326440614365,0,0,0,-0.519590226040073,0.854415587991948,3.5,0,0,0,0,0,1753378560,1753378584.44608,100,100,0,0,0,0,1,0,0,0,0,0,0,1753378560
1554,1753378584.46269,7.01076764741407,-39.4581835110209,0,0,0,-0.519590226040073,0.854415587991948,3.5,0,0,0,0,0,1753378560,1753378584.45448,100,100,0,0,0,0,1,0,0,0,0,0,0,1753378560
1555,1753378584.47116,7.02485419984435,-39.4837229606053,0,0,0,-0.519590226040073,0.854415587991948,3.5,0,0,0,0,0,1753378560,1753378584.46272,100,100,0,0,0,0,1,0,0,0,0,0,0,1753378560
1556,1753378584.4795,7.03894075227464,-39.5092624101897,0,0,0,-0.519590226040073,0.854415587991948,3.5,0,0,0,0,0,1753378560,1753378584.47119,100,100,0,0,0,0,1,0,0,0,0,0,0,1753378560
1557,1753378584.48793,7.05302730470492,-39.5348018597741,0,0,0,-0.519590226040073,0.854415587991948,3.5,0,0,0,0,0,1753378560,1753378584.47953,100,100,0,0,0,0,1,0,0,0,0,0,0,1753378560
1558,1753378584.49632,7.06711385713521,-39.5603413093584,0,0,0,-0.519590226040073,0.854415587991948,3.5,0,0,0,0,0,1753378560,1753378584.48796,100,100,0,0,0,0,1,0,0,0,0,0,0,1753378560
1559,1753378584.50462,7.08120040956549,-39.5858807589428,0,0,0,-0.519590226040073,0.854415587991948,3.5,0,0,0,0,0,1753378560,1753378584.49636,100,100,0,0,0,0,1,0,0,0,0,0,0,1753378560
1560,1753378584.51266,7.09528696199578,-39.6114202085272,0,0,0,-0.519590226040073,0.854415587991948,3.5,0,0,0,0,0,1753378560,1753378584.50466,100,100,0,0,0,0,1,0,0,0,0,0,0,1753378560
1561,1753378584.52114,7.10937351442607,-39.6369596581116,0,0,0,-0.519590226040073,0.854415587991948,3.5,0,0,0,0,0,1753378560,1753378584.51268,100,100,0,0,0,0,1,0,0,0,0,0,0,1753378560
1562,1753378584.52978,7.12346006685635,-39.662499107696,0,0,0,-0.519590226040073,0.854415587991948,3.5,0,0,0,0,0,1753378560,1753378584.52117,100,100,0,0,0,0,1,0,0,0,0,0,0,1753378560
1563,1753378584.53786,7.13754661928664,-39.6880385572804,0,0,0,-0.519590226040073,0.854415587991948,3.5,0,0,0,0,0,1753378560,1753378584.52983,100,100,0,0,0,0,1,0,0,0,0,0,0,1753378560
1564,1753378584.54603,7.15163317171692,-39.7135780068648,0,0,0,-0.519590226040073,0.854415587991948,3.5,0,0,0,0,0,1753378560,1753378584.53788,100,100,0,0,0,0,1,0,0,0,0,0,0,1753378560
1565,1753378584.55521,7.16571972414721,-39.7391174564491,0,0,0,-0.519590226040073,0.854415587991948,3.5,0,0,0,0,0,1753378560,1753378584.54606,100,100,0,0,0,0,1,0,0,0,0,0,0,1753378560
1566,1753378584.56278,7.17980627657749,-39.7646569060335,0,0,0,-0.519590226040073,0.854415587991948,3.5,0,0,0,0,0,1753378560,1753378584.55525,100,100,0,0,0,0,1,0,0,0,0,0,0,1753378560
1567,1753378584.57114,7.19389282900778,-39.7901963556179,0,0,0,-0.519590226040073,0.854415587991948,3.5,0,0,0,0,0,1753378560,1753378584.56281,100,100,0,0,0,0,1,0,0,0,0,0,0,1753378560
1568,1753378584.57946,7.20797938143806,-39.8157358052023,0,0,0,-0.519590226040073,0.854415587991948,3.5,0,0,0,0,0,1753378560,1753378584.57117,100,100,0,0,0,0,1,0,0,0,0,0,0,1753378560
1569,1753378584.58816,7.22206593386835,-39.8412752547867,0,0,0,-0.519590226040073,0.854415587991948,3.5,0,0,0,0,0,1753378560,1753378584.57949,100,100,0,0,0,0,1,0,0,0,0,0,0,1753378560
1570,1753378584.59627,7.23615248629863,-39.8668147043711,0,0,0,-0.519590226040073,0.854415587991948,3.5,0,0,0,0,0,1753378560,1753378584.58818,100,100,0,0,0,0,1,0,0,0,0,0,0,1753378560
1571,1753378584.60448,7.25023903872892,-39.8923541539555,0,0,0,-0.519590226040073,0.854415587991948,3.5,0,0,0,0,0,1753378560,1753378584.59632,100,100,0,0,0,0,1,0,0,0,0,0,0,1753378560
1572,1753378584.61268,7.2643255911592,-39.9178936035398,0,0,0,-0.519590226040073,0.854415587991948,3.5,0,0,0,0,0,1753378560,1753378584.60452,100,100,0,0,0,0,1,0,0,0,0,0,0,1753378560
1573,1753378584.62177,7.27841214358949,-39.9434330531242,0,0,0,-0.519590226040073,0.854415587991948,3.5,0,0,0,0,0,1753378560,1753378584.61271,100,100,0,0,0,0,1,0,0,0,0,0,0,1753378560
1574,1753378584.62975,7.29249869601977,-39.9689725027086,0,0,0,-0.519590226040073,0.854415587991948,3.5,0,0,0,0,0,1753378560,1753378584.62186,100,100,0,0,0,0,1,0,0,0,0,0,0,1753378560
1575,1753378584.63812,7.30658524845006,-39.994511952293,0,0,0,-0.519590226040073,0.854415587991948,3.5,0,0,0,0,0,1753378560,1753378584.62979,100,100,0,0,0,0,1,0,0,0,0,0,0,1753378560
1576,1753378584.64627,7.32067180088035,-40.0200514018774,0,0,0,-0.519590226040073,0.854415587991948,3.5,0,0,0,0,0,1753378560,1753378584.63817,100,100,0,0,0,0,1,0,0,0,0,0,0,1753378560
1577,1753378584.65467,7.33475835331063,-40.0455908514618,0,0,0,-0.519590226040073,0.854415587991948,3.5,0,0,0,0,0,1753378560,1753378584.64632,100,100,0,0,0,0,1,0,0,0,0,0,0,1753378560
1578,1753378584.66296,7.34884490574092,-40.0711303010462,0,0,0,-0.519590226040073,0.854415587991948,3.5,0,0,0,0,0,1753378560,1753378584.65471,100,100,0,0,0,0,1,0,0,0,0,0,0,1753378560
1579,1753378584.67129,7.3629314581712,-40.0966697506305,0,0,0,-0.519590226040073,0.854415587991948,3.5,0,0,0,0,0,1753378560,1753378584.663,100,100,0,0,0,0,1,0,0,0,0,0,0,1753378560
1580,1753378584.67954,7.37701801060149,-40.1222092002149,0,0,0,-0.519590226040073,0.854415587991948,3.5,0,0,0,0,0,1753378560,1753378584.67132,100,100,0,0,0,0,1,0,0,0,0,0,0,1753378560
1581,1753378584.68796,7.39110456303177,-40.1477486497993,0,0,0,-0.519590226040073,0.854415587991948,3.5,0,0,0,0,0,1753378560,1753378584.67957,100,100,0,0,0,0,1,0,0,0,0,0,0,1753378560
1582,1753378584.69599,7.40519111546206,-40.1732880993837,0,0,0,-0.519590226040073,0.854415587991948,3.5,0,0,0,0,0,1753378560,1753378584.68798,100,100,0,0,0,0,1,0,0,0,0,0,0,1753378560
1583,1753378584.70443,7.41927766789234,-40.1988275489681,0,0,0,-0.519590226040073,0.854415587991948,3.5,0,0,0,0,0,1753378560,1753378584.69601,100,100,0,0,0,0,1,0,0,0,0,0,0,1753378560
1584,1753378584.71269,7.43336422032263,-40.2243669985525,0,0,0,-0.519590226040073,0.854415587991948,3.5,0,0,0,0,0,1753378560,1753378584.70445,100,100,0,0,0,0,1,0,0,0,0,0,0,1753378560
1585,1753378584.72113,7.44745077275291,-40.2499064481369,0,0,0,-0.519590226040073,0.854415587991948,3.5,0,0,0,0,0,1753378560,1753378584.71272,100,100,0,0,0,0,1,0,0,0,0,0,0,1753378560
1586,1753378584.72963,7.4615373251832,-40.2754458977213,0,0,0,-0.519590226040073,0.854415587991948,3.5,0,0,0,0,0,1753378560,1753378584.72116,100,100,0,0,0,0,1,0,0,0,0,0,0,1753378560
1587,1753378584.73786,7.47562387761348,-40.3009853473056,0,0,0,-0.519590226040073,0.854415587991948,3.5,0,0,0,0,0,1753378560,1753378584.72966,100,100,0,0,0,0,1,0,0,0,0,0,0,1753378560
1588,1753378584.74613,7.48971043004377,-40.32652479689,0,0,0,-0.519590226040073,0.854415587991948,3.5,0,0,0,0,0,1753378560,1753378584.73789,100,100,0,0,0,0,1,0,0,0,0,0,0,1753378560
1589,1753378584.75491,7.50379698247405,-40.3520642464744,0,0,0,-0.519590226040073,0.854415587991948,3.5,0,0,0,0,0,1753378560,1753378584.74616,100,100,0,0,0,0,1,0,0,0,0,0,0,1753378560
1590,1753378584.76286,7.51788353490434,-40.3776036960588,0,0,0,-0.519590226040073,0.854415587991948,3.5,0,0,0,0,0,1753378560,1753378584.75495,100,100,0,0,0,0,1,0,0,0,0,0,0,1753378560
1591,1753378584.77119,7.53197008733463,-40.4031431456432,0,0,0,-0.519590226040073,0.854415587991948,3.5,0,0,0,0,0,1753378560,1753378584.76289,100,100,0,0,0,0,1,0,0,0,0,0,0,1753378560
1592,1753378584.77941,7.54605663976491,-40.4286825952276,0,0,0,-0.519590226040073,0.854415587991948,3.5,0,0,0,0,0,1753378560,1753378584.77122,100,100,0,0,0,0,1,0,0,0,0,0,0,1753378560
1593,1753378584.78782,7.5601431921952,-40.454222044812,0,0,0,-0.519590226040073,0.854415587991948,3.5,0,0,0,0,0,1753378560,1753378584.77944,100,100,0,0,0,0,1,0,0,0,0,0,0,1753378560
1594,1753378584.79602,7.57422974462548,-40.4797614943963,0,0,0,-0.519590226040073,0.854415587991948,3.5,0,0,0,0,0,1753378560,1753378584.78785,100,100,0,0,0,0,1,0,0,0,0,0,0,1753378560
1595,1753378584.8045,7.58831629705577,-40.5053009439807,0,0,0,-0.519590226040073,0.854415587991948,3.5,0,0,0,0,0,1753378560,1753378584.79605,100,100,0,0,0,0,1,0,0,0,0,0,0,1753378560
1596,1753378584.81271,7.60240284948605,-40.5308403935651,0,0,0,-0.519590226040073,0.854415587991948,3.5,0,0,0,0,0,1753378560,1753378584.80453,100,100,0,0,0,0,1,0,0,0,0,0,0,1753378560
1597,1753378584.82156,7.61648940191634,-40.5563798431495,0,0,0,-0.519590226040073,0.854415587991948,3.5,0,0,0,0,0,1753378560,1753378584.81274,100,100,0,0,0,0,1,0,0,0,0,0,0,1753378560
1598,1753378584.82967,7.63057595434662,-40.5819192927339,0,0,0,-0.519590226040073,0.854415587991948,3.5,0,0,0,0,0,1753378560,1753378584.82162,100,100,0,0,0,0,1,0,0,0,0,0,0,1753378560
1599,1753378584.83792,7.64466250677691,-40.6074587423183,0,0,0,-0.519590226040073,0.854415587991948,3.5,0,0,0,0,0,1753378560,1753378584.8297,100,100,0,0,0,0,1,0,0,0,0,0,0,1753378560
1600,1753378584.84625,7.65874905920719,-40.6329981919027,0,0,0,-0.519590226040073,0.854415587991948,3.5,0,0,0,0,0,1753378560,1753378584.83796,100,100,0,0,0,0,1,0,0,0,0,0,0,1753378560
1601,1753378584.85484,7.67283561163748,-40.658537641487,0,0,0,-0.519590226040073,0.854415587991948,3.5,0,0,0,0,0,1753378560,1753378584.8463,100,100,0,0,0,0,1,0,0,0,0,0,0,1753378560
1602,1753378584.86279,7.68692216406776,-40.6840770910714,0,0,0,-0.519590226040073,0.854415587991948,3.5,0,0,0,0,0,1753378560,1753378584.85486,100,100,0,0,0,0,1,0,0,0,0,0,0,1753378560
1603,1753378584.87137,7.70100871649805,-40.7096165406558,0,0,0,-0.519590226040073,0.854415587991948,3.5,0,0,0,0,0,1753378560,1753378584.86281,100,100,0,0,0,0,1,0,0,0,0,0,0,1753378560
1604,1753378584.87973,7.71509526892833,-40.7351559902402,0,0,0,-0.519590226040073,0.854415587991948,3.5,0,0,0,0,0,1753378560,1753378584.87141,100,100,0,0,0,0,1,0,0,0,0,0,0,1753378560
1605,1753378584.88791,7.72918182135862,-40.7606954398246,0,0,0,-0.519590226040073,0.854415587991948,3.5,0,0,0,0,0,1753378560,1753378584.87978,100,100,0,0,0,0,1,0,0,0,0,0,0,1753378560
1606,1753378584.89662,7.74326837378891,-40.786234889409,0,0,0,-0.519590226040073,0.854415587991948,3.5,0,0,0,0,0,1753378560,1753378584.88794,100,100,0,0,0,0,1,0,0,0,0,0,0,1753378560
1607,1753378584.9047,7.75735492621919,-40.8117743389934,0,0,0,-0.519590226040073,0.854415587991948,3.5,0,0,0,0,0,1753378560,1753378584.89666,100,100,0,0,0,0,1,0,0,0,0,0,0,1753378560
1608,1753378584.91299,7.77144147864948,-40.8373137885777,0,0,0,-0.519590226040073,0.854415587991948,3.5,0,0,0,0,0,1753378560,1753378584.90474,100,100,0,0,0,0,1,0,0,0,0,0,0,1753378560
1609,1753378584.92123,7.78552803107976,-40.8628532381621,0,0,0,-0.519590226040073,0.854415587991948,3.5,0,0,0,0,0,1753378560,1753378584.91304,100,100,0,0,0,0,1,0,0,0,0,0,0,1753378560
1610,1753378584.92977,7.79961458351005,-40.8883926877465,0,0,0,-0.519590226040073,0.854415587991948,3.5,0,0,0,0,0,1753378560,1753378584.92125,100,100,0,0,0,0,1,0,0,0,0,0,0,1753378560
1611,1753378584.93809,7.81370113594033,-40.9139321373309,0,0,0,-0.519590226040073,0.854415587991948,3.5,0,0,0,0,0,1753378560,1753378584.92981,100,100,0,0,0,0,1,0,0,0,0,0,0,1753378560
1612,1753378584.9463,7.82778768837062,-40.9394715869153,0,0,0,-0.519590226040073,0.854415587991948,3.5,0,0,0,0,0,1753378560,1753378584.93813,100,100,0,0,0,0,1,0,0,0,0,0,0,1753378560
1613,1753378584.95474,7.8418742408009,-40.9650110364997,0,0,0,-0.519590226040073,0.854415587991948,3.5,0,0,0,0,0,1753378560,1753378584.94634,100,100,0,0,0,0,1,0,0,0,0,0,0,1753378560
1614,1753378584.96285,7.85596079323119,-40.9905504860841,0,0,0,-0.519590226040073,0.854415587991948,3.5,0,0,0,0,0,1753378560,1753378584.95479,100,100,0,0,0,0,1,0,0,0,0,0,0,1753378560
1615,1753378584.97114,7.87004734566147,-41.0160899356684,0,0,0,-0.519590226040073,0.854415587991948,3.5,0,0,0,0,0,1753378560,1753378584.96287,100,100,0,0,0,0,1,0,0,0,0,0,0,1753378560
1616,1753378584.97978,7.88413389809176,-41.0416293852528,0,0,0,-0.519590226040073,0.854415587991948,3.5,0,0,0,0,0,1753378560,1753378584.97117,100,100,0,0,0,0,1,0,0,0,0,0,0,1753378560
1617,1753378584.98801,7.89822045052204,-41.0671688348372,0,0,0,-0.519590226040073,0.854415587991948,3.5,0,0,0,0,0,1753378560,1753378584.97981,100,100,0,0,0,0,1,0,0,0,0,0,0,1753378560
1618,1753378584.99603,7.91230700295233,-41.0927082844216,0,0,0,-0.519590226040073,0.854415587991948,3.5,0,0,0,0,0,1753378560,1753378584.98804,100,100,0,0,0,0,1,0,0,0,0,0,0,1753378560
1619,1753378585.00474,7.92639355538261,-41.118247734006,0,0,0,-0.519590226040073,0.854415587991948,3.5,0,0,0,0,0,1753378560,1753378584.99605,100,100,0,0,0,0,1,0,0,0,0,0,0,1753378560
1620,1753378585.01284,7.9404801078129,-41.1437871835904,0,0,0,-0.519590226040073,0.854415587991948,3.5,0,0,0,0,0,1753378560,1753378585.00481,100,100,0,0,0,0,1,0,0,0,0,0,0,1753378560
1621,1753378585.02122,7.95456666024319,-41.1693266331748,0,0,0,-0.519590226040073,0.854415587991948,3.5,0,0,0,0,0,1753378560,1753378585.01287,100,100,0,0,0,0,1,0,0,0,0,0,0,1753378560
1622,1753378585.02954,7.96865321267347,-41.1948660827591,0,0,0,-0.519590226040073,0.854415587991948,3.5,0,0,0,0,0,1753378560,1753378585.02125,100,100,0,0,0,0,1,0,0,0,0,0,0,1753378560
1623,1753378585.03779,7.98273976510376,-41.2204055323435,0,0,0,-0.519590226040073,0.854415587991948,3.5,0,0,0,0,0,1753378560,1753378585.02957,100,100,0,0,0,0,1,0,0,0,0,0,0,1753378560
1624,1753378585.04605,7.99682631753404,-41.2459449819279,0,0,0,-0.519590226040073,0.854415587991948,3.5,0,0,0,0,0,1753378560,1753378585.03781,100,100,0,0,0,0,1,0,0,0,0,0,0,1753378560
1625,1753378585.05443,8.01091286996433,-41.2714844315123,0,0,0,-0.519590226040073,0.854415587991948,3.5,0,0,0,0,0,1753378560,1753378585.04608,100,100,0,0,0,0,1,0,0,0,0,0,0,1753378560
1626,1753378585.06267,8.02499942239461,-41.2970238810967,0,0,0,-0.519590226040073,0.854415587991948,3.5,0,0,0,0,0,1753378560,1753378585.05446,100,100,0,0,0,0,1,0,0,0,0,0,0,1753378560
1627,1753378585.07158,8.0390859748249,-41.3225633306811,0,0,0,-0.519590226040073,0.854415587991948,3.5,0,0,0,0,0,1753378560,1753378585.06269,100,100,0,0,0,0,1,0,0,0,0,0,0,1753378560
1628,1753378585.07952,8.05317252725518,-41.3481027802655,0,0,0,-0.519590226040073,0.854415587991948,3.5,0,0,0,0,0,1753378560,1753378585.07161,100,100,0,0,0,0,1,0,0,0,0,0,0,1753378560
1629,1753378585.08784,8.06725907968547,-41.3736422298498,0,0,0,-0.519590226040073,0.854415587991948,3.5,0,0,0,0,0,1753378560,1753378585.07955,100,100,0,0,0,0,1,0,0,0,0,0,0,1753378560
1630,1753378585.09611,8.08134563211575,-41.3991816794342,0,0,0,-0.519590226040073,0.854415587991948,3.5,0,0,0,0,0,1753378560,1753378585.08787,100,100,0,0,0,0,1,0,0,0,0,0,0,1753378560
1631,1753378585.10478,8.09543218454604,-41.4247211290186,0,0,0,-0.519590226040073,0.854415587991948,3.5,0,0,0,0,0,1753378560,1753378585.09613,100,100,0,0,0,0,1,0,0,0,0,0,0,1753378560
1632,1753378585.11298,8.10951873697632,-41.450260578603,0,0,0,-0.519590226040073,0.854415587991948,3.5,0,0,0,0,0,1753378560,1753378585.10518,100,100,0,0,0,0,1,0,0,0,0,0,0,1753378560
1633,1753378585.1212,8.12360528940661,-41.4758000281874,0,0,0,-0.519590226040073,0.854415587991948,3.5,0,0,0,0,0,1753378560,1753378585.11302,100,100,0,0,0,0,1,0,0,0,0,0,0,1753378560
1634,1753378585.12952,8.13769184183689,-41.5013394777718,0,0,0,-0.519590226040073,0.854415587991948,3.5,0,0,0,0,0,1753378560,1753378585.12123,100,100,0,0,0,0,1,0,0,0,0,0,0,1753378560
1635,1753378585.1378,8.15177839426718,-41.5268789273562,0,0,0,-0.519590226040073,0.854415587991948,3.5,0,0,0,0,0,1753378560,1753378585.12955,100,100,0,0,0,0,1,0,0,0,0,0,0,1753378560
1636,1753378585.14614,8.16586494669746,-41.5524183769406,0,0,0,-0.519590226040073,0.854415587991948,3.5,0,0,0,0,0,1753378560,1753378585.13783,100,100,0,0,0,0,1,0,0,0,0,0,0,1753378560
1637,1753378585.15448,8.17995149912775,-41.5779578265249,0,0,0,-0.519590226040073,0.854415587991948,3.5,0,0,0,0,0,1753378560,1753378585.14618,100,100,0,0,0,0,1,0,0,0,0,0,0,1753378560
1638,1753378585.16267,8.19403805155804,-41.6034972761093,0,0,0,-0.519590226040073,0.854415587991948,3.5,0,0,0,0,0,1753378560,1753378585.15451,100,100,0,0,0,0,1,0,0,0,0,0,0,1753378560
1639,1753378585.17114,8.20812460398832,-41.6290367256937,0,0,0,-0.519590226040073,0.854415587991948,3.5,0,0,0,0,0,1753378560,1753378585.16269,100,100,0,0,0,0,1,0,0,0,0,0,0,1753378560
1640,1753378585.17946,8.22221115641861,-41.6545761752781,0,0,0,-0.519590226040073,0.854415587991948,3.5,0,0,0,0,0,1753378560,1753378585.17117,100,100,0,0,0,0,1,0,0,0,0,0,0,1753378560
1641,1753378585.18792,8.23629770884889,-41.6801156248625,0,0,0,-0.519590226040073,0.854415587991948,3.5,0,0,0,0,0,1753378560,1753378585.17948,100,100,0,0,0,0,1,0,0,0,0,0,0,1753378560
1642,1753378585.19605,8.25038426127918,-41.7056550744469,0,0,0,-0.519590226040073,0.854415587991948,3.5,0,0,0,0,0,1753378560,1753378585.18795,100,100,0,0,0,0,1,0,0,0,0,0,0,1753378560
1643,1753378585.20436,8.26447081370946,-41.7311945240312,0,0,0,-0.519590226040073,0.854415587991948,3.5,0,0,0,0,0,1753378560,1753378585.19607,100,100,0,0,0,0,1,0,0,0,0,0,0,1753378560
1644,1753378585.21274,8.27855736613975,-41.7567339736156,0,0,0,-0.519590226040073,0.854415587991948,3.5,0,0,0,0,0,1753378560,1753378585.20439,100,100,0,0,0,0,1,0,0,0,0,0,0,1753378560
1645,1753378585.22113,8.29264391857003,-41.7822734232,0,0,0,-0.519590226040073,0.854415587991948,3.5,0,0,0,0,0,1753378560,1753378585.21277,100,100,0,0,0,0,1,0,0,0,0,0,0,1753378560
1646,1753378585.22994,8.30673047100032,-41.8078128727844,0,0,0,-0.519590226040073,0.854415587991948,3.5,0,0,0,0,0,1753378560,1753378585.22116,100,100,0,0,0,0,1,0,0,0,0,0,0,1753378560
1647,1753378585.238,8.3208170234306,-41.8333523223688,0,0,0,-0.519590226040073,0.854415587991948,3.5,0,0,0,0,0,1753378560,1753378585.22999,100,100,0,0,0,0,1,0,0,0,0,0,0,1753378560
1648,1753378585.246,8.33490357586089,-41.8588917719532,0,0,0,-0.519590226040073,0.854415587991948,3.5,0,0,0,0,0,1753378560,1753378585.23805,100,100,0,0,0,0,1,0,0,0,0,0,0,1753378560
1649,1753378585.25443,8.34899012829117,-41.8844312215376,0,0,0,-0.519590226040073,0.854415587991948,3.5,0,0,0,0,0,1753378560,1753378585.24603,100,100,0,0,0,0,1,0,0,0,0,0,0,1753378560
1650,1753378585.26267,8.36307668072146,-41.9099706711219,0,0,0,-0.519590226040073,0.854415587991948,3.5,0,0,0,0,0,1753378560,1753378585.25445,100,100,0,0,0,0,1,0,0,0,0,0,0,1753378560
1651,1753378585.2712,8.37716323315174,-41.9355101207063,0,0,0,-0.519590226040073,0.854415587991948,3.5,0,0,0,0,0,1753378560,1753378585.2627,100,100,0,0,0,0,1,0,0,0,0,0,0,1753378560
1652,1753378585.27947,8.39124978558203,-41.9610495702907,0,0,0,-0.519590226040073,0.854415587991948,3.5,0,0,0,0,0,1753378560,1753378585.27123,100,100,0,0,0,0,1,0,0,0,0,0,0,1753378560
1653,1753378585.28798,8.40533633801232,-41.9865890198751,0,0,0,-0.519590226040073,0.854415587991948,3.5,0,0,0,0,0,1753378560,1753378585.2795,100,100,0,0,0,0,1,0,0,0,0,0,0,1753378560
1654,1753378585.2961,8.4194228904426,-42.0121284694595,0,0,0,-0.519590226040073,0.854415587991948,3.5,0,0,0,0,0,1753378560,1753378585.28802,100,100,0,0,0,0,1,0,0,0,0,0,0,1753378560
1655,1753378585.30442,8.43350944287289,-42.0376679190439,0,0,0,-0.519590226040073,0.854415587991948,3.5,0,0,0,0,0,1753378560,1753378585.29614,100,100,0,0,0,0,1,0,0,0,0,0,0,1753378560
1656,1753378585.31265,8.44759599530317,-42.0632073686283,0,0,0,-0.519590226040073,0.854415587991948,3.5,0,0,0,0,0,1753378560,1753378585.30445,100,100,0,0,0,0,1,0,0,0,0,0,0,1753378560
1657,1753378585.32129,8.46168254773346,-42.0887468182127,0,0,0,-0.519590226040073,0.854415587991948,3.5,0,0,0,0,0,1753378560,1753378585.31268,100,100,0,0,0,0,1,0,0,0,0,0,0,1753378560
1658,1753378585.32961,8.47576910016374,-42.114286267797,0,0,0,-0.519590226040073,0.854415587991948,3.5,0,0,0,0,0,1753378560,1753378585.32133,100,100,0,0,0,0,1,0,0,0,0,0,0,1753378560
1659,1753378585.33839,8.48985565259403,-42.1398257173814,0,0,0,-0.519590226040073,0.854415587991948,3.5,0,0,0,0,0,1753378560,1753378585.32964,100,100,0,0,0,0,1,0,0,0,0,0,0,1753378560
1660,1753378585.34678,8.50394220502431,-42.1653651669658,0,0,0,-0.519590226040073,0.854415587991948,3.5,0,0,0,0,0,1753378560,1753378585.33847,100,100,0,0,0,0,1,0,0,0,0,0,0,1753378560
1661,1753378585.35533,8.5180287574546,-42.1909046165502,0,0,0,-0.519590226040073,0.854415587991948,3.5,0,0,0,0,0,1753378560,1753378585.34681,100,100,0,0,0,0,1,0,0,0,0,0,0,1753378560
1662,1753378585.364,8.53211530988488,-42.2164440661346,0,0,0,-0.519590226040073,0.854415587991948,3.5,0,0,0,0,0,1753378560,1753378585.35538,100,100,0,0,0,0,1,0,0,0,0,0,0,1753378560
1663,1753378585.37217,8.54620186231517,-42.241983515719,0,0,0,-0.519590226040073,0.854415587991948,3.5,0,0,0,0,0,1753378560,1753378585.36408,100,100,0,0,0,0,1,0,0,0,0,0,0,1753378560
1664,1753378585.38111,8.56028841474545,-42.2675229653034,0,0,0,-0.519590226040073,0.854415587991948,3.5,0,0,0,0,0,1753378560,1753378585.37225,100,100,0,0,0,0,1,0,0,0,0,0,0,1753378560
1665,1753378585.38861,8.57437496717574,-42.2930624148877,0,0,0,-0.519590226040073,0.854415587991948,3.5,0,0,0,0,0,1753378560,1753378585.38123,100,100,0,0,0,0,1,0,0,0,0,0,0,1753378560
1666,1753378585.39734,8.58846151960602,-42.3186018644721,0,0,0,-0.519590226040073,0.854415587991948,3.5,0,0,0,0,0,1753378560,1753378585.38868,100,100,0,0,0,0,1,0,0,0,0,0,0,1753378560
1667,1753378585.40651,8.60254807203631,-42.3441413140565,0,0,0,-0.519590226040073,0.854415587991948,3.5,0,0,0,0,0,1753378560,1753378585.39741,100,100,0,0,0,0,1,0,0,0,0,0,0,1753378560
1668,1753378585.41405,8.6166346244666,-42.3696807636409,0,0,0,-0.519590226040073,0.854415587991948,3.5,0,0,0,0,0,1753378560,1753378585.40659,100,100,0,0,0,0,1,0,0,0,0,0,0,1753378560
1669,1753378585.42122,8.63072117689688,-42.3952202132253,0,0,0,-0.519590226040073,0.854415587991948,3.5,0,0,0,0,0,1753378560,1753378585.41412,100,100,0,0,0,0,1,0,0,0,0,0,0,1753378560
1670,1753378585.42953,8.64480772932717,-42.4207596628097,0,0,0,-0.519590226040073,0.854415587991948,3.5,0,0,0,0,0,1753378560,1753378585.42125,100,100,0,0,0,0,1,0,0,0,0,0,0,1753378560
1671,1753378585.43779,8.65889428175745,-42.4462991123941,0,0,0,-0.519590226040073,0.854415587991948,3.5,0,0,0,0,0,1753378560,1753378585.42955,100,100,0,0,0,0,1,0,0,0,0,0,0,1753378560
1672,1753378585.44605,8.67298083418774,-42.4718385619784,0,0,0,-0.519590226040073,0.854415587991948,3.5,0,0,0,0,0,1753378560,1753378585.43781,100,100,0,0,0,0,1,0,0,0,0,0,0,1753378560
1673,1753378585.45453,8.68706738661802,-42.4973780115628,0,0,0,-0.519590226040073,0.854415587991948,3.5,0,0,0,0,0,1753378560,1753378585.44607,100,100,0,0,0,0,1,0,0,0,0,0,0,1753378560
1674,1753378585.46268,8.70115393904831,-42.5229174611472,0,0,0,-0.519590226040073,0.854415587991948,3.5,0,0,0,0,0,1753378560,1753378585.45456,100,100,0,0,0,0,1,0,0,0,0,0,0,1753378560
1675,1753378585.47127,8.71524049147859,-42.5484569107316,0,0,0,-0.519590226040073,0.854415587991948,3.5,0,0,0,0,0,1753378560,1753378585.4627,100,100,0,0,0,0,1,0,0,0,0,0,0,1753378560
1676,1753378585.47949,8.72932704390888,-42.573996360316,0,0,0,-0.519590226040073,0.854415587991948,3.5,0,0,0,0,0,1753378560,1753378585.47132,100,100,0,0,0,0,1,0,0,0,0,0,0,1753378560
1677,1753378585.48785,8.74341359633916,-42.5995358099004,0,0,0,-0.519590226040073,0.854415587991948,3.5,0,0,0,0,0,1753378560,1753378585.47952,100,100,0,0,0,0,1,0,0,0,0,0,0,1753378560
1678,1753378585.49613,8.75750014876945,-42.6250752594848,0,0,0,-0.519590226040073,0.854415587991948,3.5,0,0,0,0,0,1753378560,1753378585.48789,100,100,0,0,0,0,1,0,0,0,0,0,0,1753378560
1679,1753378585.50454,8.77158670119973,-42.6506147090691,0,0,0,-0.519590226040073,0.854415587991948,3.5,0,0,0,0,0,1753378560,1753378585.49616,100,100,0,0,0,0,1,0,0,0,0,0,0,1753378560
1680,1753378585.51269,8.78567325363002,-42.6761541586535,0,0,0,-0.519590226040073,0.854415587991948,3.5,0,0,0,0,0,1753378560,1753378585.50457,100,100,0,0,0,0,1,0,0,0,0,0,0,1753378560
1681,1753378585.52121,8.7997598060603,-42.7016936082379,0,0,0,-0.519590226040073,0.854415587991948,3.5,0,0,0,0,0,1753378560,1753378585.51273,100,100,0,0,0,0,1,0,0,0,0,0,0,1753378560
1682,1753378585.52952,8.81384635849059,-42.7272330578223,0,0,0,-0.519590226040073,0.854415587991948,3.5,0,0,0,0,0,1753378560,1753378585.52125,100,100,0,0,0,0,1,0,0,0,0,0,0,1753378560
1683,1753378585.53776,8.82793291092088,-42.7527725074067,0,0,0,-0.519590226040073,0.854415587991948,3.5,0,0,0,0,0,1753378560,1753378585.52955,100,100,0,0,0,0,1,0,0,0,0,0,0,1753378560
1684,1753378585.54608,8.84201946335116,-42.7783119569911,0,0,0,-0.519590226040073,0.854415587991948,3.5,0,0,0,0,0,1753378560,1753378585.53779,100,100,0,0,0,0,1,0,0,0,0,0,0,1753378560
1685,1753378585.5547,8.85610601578145,-42.8038514065755,0,0,0,-0.519590226040073,0.854415587991948,3.5,0,0,0,0,0,1753378560,1753378585.54611,100,100,0,0,0,0,1,0,0,0,0,0,0,1753378560
1686,1753378585.56294,8.87019256821173,-42.8293908561598,0,0,0,-0.519590226040073,0.854415587991948,3.5,0,0,0,0,0,1753378560,1753378585.55475,100,100,0,0,0,0,1,0,0,0,0,0,0,1753378560
1687,1753378585.57147,8.88427912064202,-42.8549303057442,0,0,0,-0.519590226040073,0.854415587991948,3.5,0,0,0,0,0,1753378560,1753378585.56296,100,100,0,0,0,0,1,0,0,0,0,0,0,1753378560
1688,1753378585.57985,8.8983656730723,-42.8804697553286,0,0,0,-0.519590226040073,0.854415587991948,3.5,0,0,0,0,0,1753378560,1753378585.57151,100,100,0,0,0,0,1,0,0,0,0,0,0,1753378560
1689,1753378585.58784,8.91245222550259,-42.906009204913,0,0,0,-0.519590226040073,0.854415587991948,3.5,0,0,0,0,0,1753378560,1753378585.5799,100,100,0,0,0,0,1,0,0,0,0,0,0,1753378560
1690,1753378585.59602,8.92653877793287,-42.9315486544974,0,0,0,-0.519590226040073,0.854415587991948,3.5,0,0,0,0,0,1753378560,1753378585.58787,100,100,0,0,0,0,1,0,0,0,0,0,0,1753378560
1691,1753378585.60451,8.94062533036316,-42.9570881040818,0,0,0,-0.519590226040073,0.854415587991948,3.5,0,0,0,0,0,1753378560,1753378585.59604,100,100,0,0,0,0,1,0,0,0,0,0,0,1753378560
1692,1753378585.61272,8.95471188279344,-42.9826275536662,0,0,0,-0.519590226040073,0.854415587991948,3.5,0,0,0,0,0,1753378560,1753378585.60454,100,100,0,0,0,0,1,0,0,0,0,0,0,1753378560
1693,1753378585.6211,8.96879843522373,-43.0081670032505,0,0,0,-0.519590226040073,0.854415587991948,3.5,0,0,0,0,0,1753378560,1753378585.61274,100,100,0,0,0,0,1,0,0,0,0,0,0,1753378560
1694,1753378585.62953,8.98288498765401,-43.0337064528349,0,0,0,-0.519590226040073,0.854415587991948,3.5,0,0,0,0,0,1753378560,1753378585.62113,100,100,0,0,0,0,1,0,0,0,0,0,0,1753378560
1695,1753378585.63817,8.9969715400843,-43.0592459024193,0,0,0,-0.519590226040073,0.854415587991948,3.5,0,0,0,0,0,1753378560,1753378585.62956,100,100,0,0,0,0,1,0,0,0,0,0,0,1753378560
1696,1753378585.64604,9.01105809251459,-43.0847853520037,0,0,0,-0.519590226040073,0.854415587991948,3.5,0,0,0,0,0,1753378560,1753378585.63822,100,100,0,0,0,0,1,0,0,0,0,0,0,1753378560
1697,1753378585.6545,9.02514464494487,-43.1103248015881,0,0,0,-0.519590226040073,0.854415587991948,3.5,0,0,0,0,0,1753378560,1753378585.64607,100,100,0,0,0,0,1,0,0,0,0,0,0,1753378560
1698,1753378585.66268,9.03923119737516,-43.1358642511725,0,0,0,-0.519590226040073,0.854415587991948,3.5,0,0,0,0,0,1753378560,1753378585.65453,100,100,0,0,0,0,1,0,0,0,0,0,0,1753378560
1699,1753378585.67119,9.05331774980544,-43.1614037007569,0,0,0,-0.519590226040073,0.854415587991948,3.5,0,0,0,0,0,1753378560,1753378585.66271,100,100,0,0,0,0,1,0,0,0,0,0,0,1753378560
1700,1753378585.67955,9.06740430223573,-43.1869431503412,0,0,0,-0.519590226040073,0.854415587991948,3.5,0,0,0,0,0,1753378560,1753378585.67121,100,100,0,0,0,0,1,0,0,0,0,0,0,1753378560
1701,1753378585.68788,9.08149085466601,-43.2124825999256,0,0,0,-0.519590226040073,0.854415587991948,3.5,0,0,0,0,0,1753378560,1753378585.67958,100,100,0,0,0,0,1,0,0,0,0,0,0,1753378560
1702,1753378585.69637,9.0955774070963,-43.23802204951,0,0,0,-0.519590226040073,0.854415587991948,3.5,0,0,0,0,0,1753378560,1753378585.68791,100,100,0,0,0,0,1,0,0,0,0,0,0,1753378560
1703,1753378585.70474,9.10966395952658,-43.2635614990944,0,0,0,-0.519590226040073,0.854415587991948,3.5,0,0,0,0,0,1753378560,1753378585.69642,100,100,0,0,0,0,1,0,0,0,0,0,0,1753378560
1704,1753378585.71305,9.12375051195687,-43.2891009486788,0,0,0,-0.519590226040073,0.854415587991948,3.5,0,0,0,0,0,1753378560,1753378585.70479,100,100,0,0,0,0,1,0,0,0,0,0,0,1753378560
1705,1753378585.72161,9.13783706438715,-43.3146403982632,0,0,0,-0.519590226040073,0.854415587991948,3.5,0,0,0,0,0,1753378560,1753378585.7131,100,100,0,0,0,0,1,0,0,0,0,0,0,1753378560
1706,1753378585.72984,9.15192361681744,-43.3401798478476,0,0,0,-0.519590226040073,0.854415587991948,3.5,0,0,0,0,0,1753378560,1753378585.72167,100,100,0,0,0,0,1,0,0,0,0,0,0,1753378560
1707,1753378585.7381,9.16601016924772,-43.3657192974319,0,0,0,-0.519590226040073,0.854415587991948,3.5,0,0,0,0,0,1753378560,1753378585.72989,100,100,0,0,0,0,1,0,0,0,0,0,0,1753378560
1708,1753378585.74602,9.18009672167801,-43.3912587470163,0,0,0,-0.519590226040073,0.854415587991948,3.5,0,0,0,0,0,1753378560,1753378585.73815,100,100,0,0,0,0,1,0,0,0,0,0,0,1753378560
1709,1753378585.75497,9.19418327410829,-43.4167981966007,0,0,0,-0.519590226040073,0.854415587991948,3.5,0,0,0,0,0,1753378560,1753378585.74605,100,100,0,0,0,0,1,0,0,0,0,0,0,1753378560
1710,1753378585.7635,9.20826982653858,-43.4423376461851,0,0,0,-0.519590226040073,0.854415587991948,3.5,0,0,0,0,0,1753378560,1753378585.75503,100,100,0,0,0,0,1,0,0,0,0,0,0,1753378560
1711,1753378585.77148,9.22235637896887,-43.4678770957695,0,0,0,-0.519590226040073,0.854415587991948,3.5,0,0,0,0,0,1753378560,1753378585.76355,100,100,0,0,0,0,1,0,0,0,0,0,0,1753378560
1712,1753378585.77998,9.23644293139915,-43.4934165453539,0,0,0,-0.519590226040073,0.854415587991948,3.5,0,0,0,0,0,1753378560,1753378585.77152,100,100,0,0,0,0,1,0,0,0,0,0,0,1753378560
1713,1753378585.78846,9.25052948382944,-43.5189559949383,0,0,0,-0.519590226040073,0.854415587991948,3.5,0,0,0,0,0,1753378560,1753378585.78003,100,100,0,0,0,0,1,0,0,0,0,0,0,1753378560
1714,1753378585.79663,9.26461603625972,-43.5444954445226,0,0,0,-0.519590226040073,0.854415587991948,3.5,0,0,0,0,0,1753378560,1753378585.78853,100,100,0,0,0,0,1,0,0,0,0,0,0,1753378560
1715,1753378585.80472,9.27870258869001,-43.570034894107,0,0,0,-0.519590226040073,0.854415587991948,3.5,0,0,0,0,0,1753378560,1753378585.79669,100,100,0,0,0,0,1,0,0,0,0,0,0,1753378560
1716,1753378585.81358,9.29278914112029,-43.5955743436914,0,0,0,-0.519590226040073,0.854415587991948,3.5,0,0,0,0,0,1753378560,1753378585.80476,100,100,0,0,0,0,1,0,0,0,0,0,0,1753378560
1717,1753378585.82178,9.30687569355058,-43.6211137932758,0,0,0,-0.519590226040073,0.854415587991948,3.5,0,0,0,0,0,1753378560,1753378585.81363,100,100,0,0,0,0,1,0,0,0,0,0,0,1753378560
1718,1753378585.82966,9.32096224598086,-43.6466532428602,0,0,0,-0.519590226040073,0.854415587991948,3.5,0,0,0,0,0,1753378560,1753378585.82185,100,100,0,0,0,0,1,0,0,0,0,0,0,1753378560
1719,1753378585.83792,9.33504879841115,-43.6721926924446,0,0,0,-0.519590226040073,0.854415587991948,3.5,0,0,0,0,0,1753378560,1753378585.8297,100,100,0,0,0,0,1,0,0,0,0,0,0,1753378560
1720,1753378585.84601,9.34913535084143,-43.697732142029,0,0,0,-0.519590226040073,0.854415587991948,3.5,0,0,0,0,0,1753378560,1753378585.83795,100,100,0,0,0,0,1,0,0,0,0,0,0,1753378560
1721,1753378585.85469,9.36322190327172,-43.7232715916134,0,0,0,-0.519590226040073,0.854415587991948,3.5,0,0,0,0,0,1753378560,1753378585.84604,100,100,0,0,0,0,1,0,0,0,0,0,0,1753378560
1722,1753378585.86267,9.377308455702,-43.7488110411977,0,0,0,-0.519590226040073,0.854415587991948,3.5,0,0,0,0,0,1753378560,1753378585.85472,100,100,0,0,0,0,1,0,0,0,0,0,0,1753378560
1723,1753378585.87148,9.39139500813229,-43.7743504907821,0,0,0,-0.519590226040073,0.854415587991948,3.5,0,0,0,0,0,1753378560,1753378585.8627,100,100,0,0,0,0,1,0,0,0,0,0,0,1753378560
1724,1753378585.87973,9.40548156056257,-43.7998899403665,0,0,0,-0.519590226040073,0.854415587991948,3.5,0,0,0,0,0,1753378560,1753378585.87153,100,100,0,0,0,0,1,0,0,0,0,0,0,1753378560
1725,1753378585.88815,9.41956811299286,-43.8254293899509,0,0,0,-0.519590226040073,0.854415587991948,3.5,0,0,0,0,0,1753378560,1753378585.87975,100,100,0,0,0,0,1,0,0,0,0,0,0,1753378560
1726,1753378585.8962,9.43365466542315,-43.8509688395353,0,0,0,-0.519590226040073,0.854415587991948,3.5,0,0,0,0,0,1753378560,1753378585.88819,100,100,0,0,0,0,1,0,0,0,0,0,0,1753378560
1727,1753378585.90447,9.44774121785343,-43.8765082891197,0,0,0,-0.519590226040073,0.854415587991948,3.5,0,0,0,0,0,1753378560,1753378585.89624,100,100,0,0,0,0,1,0,0,0,0,0,0,1753378560
1728,1753378585.91287,9.46182777028372,-43.9020477387041,0,0,0,-0.519590226040073,0.854415587991948,3.5,0,0,0,0,0,1753378560,1753378585.9045,100,100,0,0,0,0,1,0,0,0,0,0,0,1753378560
1729,1753378585.92115,9.475914322714,-43.9275871882884,0,0,0,-0.519590226040073,0.854415587991948,3.5,0,0,0,0,0,1753378560,1753378585.91289,100,100,0,0,0,0,1,0,0,0,0,0,0,1753378560
1730,1753378585.92952,9.49000087514429,-43.9531266378728,0,0,0,-0.519590226040073,0.854415587991948,3.5,0,0,0,0,0,1753378560,1753378585.92117,100,100,0,0,0,0,1,0,0,0,0,0,0,1753378560
1731,1753378585.9378,9.50408742757457,-43.9786660874572,0,0,0,-0.519590226040073,0.854415587991948,3.5,0,0,0,0,0,1753378560,1753378585.92954,100,100,0,0,0,0,1,0,0,0,0,0,0,1753378560
1732,1753378585.94605,9.51817398000486,-44.0042055370416,0,0,0,-0.519590226040073,0.854415587991948,3.5,0,0,0,0,0,1753378560,1753378585.93783,100,100,0,0,0,0,1,0,0,0,0,0,0,1753378560
1733,1753378585.95453,9.53226053243514,-44.029744986626,0,0,0,-0.519590226040073,0.854415587991948,3.5,0,0,0,0,0,1753378560,1753378585.94608,100,100,0,0,0,0,1,0,0,0,0,0,0,1753378560
1734,1753378585.96272,9.54634708486543,-44.0552844362104,0,0,0,-0.519590226040073,0.854415587991948,3.5,0,0,0,0,0,1753378560,1753378585.95456,100,100,0,0,0,0,1,0,0,0,0,0,0,1753378560
1735,1753378585.9714,9.56043363729571,-44.0808238857947,0,0,0,-0.519590226040073,0.854415587991948,3.5,0,0,0,0,0,1753378560,1753378585.96275,100,100,0,0,0,0,1,0,0,0,0,0,0,1753378560
1736,1753378585.97979,9.574520189726,-44.1063633353791,0,0,0,-0.519590226040073,0.854415587991948,3.5,0,0,0,0,0,1753378560,1753378585.97143,100,100,0,0,0,0,1,0,0,0,0,0,0,1753378560
1737,1753378585.98797,9.58860674215628,-44.1319027849635,0,0,0,-0.519590226040073,0.854415587991948,3.5,0,0,0,0,0,1753378560,1753378585.97984,100,100,0,0,0,0,1,0,0,0,0,0,0,1753378560
1738,1753378585.99617,9.60269329458657,-44.1574422345479,0,0,0,-0.519590226040073,0.854415587991948,3.5,0,0,0,0,0,1753378560,1753378585.988,100,100,0,0,0,0,1,0,0,0,0,0,0,1753378560
1739,1753378586.00466,9.61677984701685,-44.1829816841323,0,0,0,-0.519590226040073,0.854415587991948,3.5,0,0,0,0,0,1753378560,1753378585.99619,100,100,0,0,0,0,1,0,0,0,0,0,0,1753378560
1740,1753378586.01269,9.63086639944714,-44.2085211337167,0,0,0,-0.519590226040073,0.854415587991948,3.5,0,0,0,0,0,1753378560,1753378586.00471,100,100,0,0,0,0,1,0,0,0,0,0,0,1753378560
1741,1753378586.02127,9.64495295187743,-44.2340605833011,0,0,0,-0.519590226040073,0.854415587991948,3.5,0,0,0,0,0,1753378560,1753378586.01271,100,100,0,0,0,0,1,0,0,0,0,0,0,1753378560
1742,1753378586.02968,9.65903950430771,-44.2596000328855,0,0,0,-0.519590226040073,0.854415587991948,3.5,0,0,0,0,0,1753378560,1753378586.02132,100,100,0,0,0,0,1,0,0,0,0,0,0,1753378560
1743,1753378586.03798,9.673126056738,-44.2851394824698,0,0,0,-0.519590226040073,0.854415587991948,3.5,0,0,0,0,0,1753378560,1753378586.02972,100,100,0,0,0,0,1,0,0,0,0,0,0,1753378560
1744,1753378586.04603,9.68721260916828,-44.3106789320542,0,0,0,-0.519590226040073,0.854415587991948,3.5,0,0,0,0,0,1753378560,1753378586.03801,100,100,0,0,0,0,1,0,0,0,0,0,0,1753378560
1745,1753378586.05529,9.70129916159857,-44.3362183816386,0,0,0,-0.519590226040073,0.854415587991948,3.5,0,0,0,0,0,1753378560,1753378586.04606,100,100,0,0,0,0,1,0,0,0,0,0,0,1753378560
1746,1753378586.063,9.71538571402885,-44.361757831223,0,0,0,-0.519590226040073,0.854415587991948,3.5,0,0,0,0,0,1753378560,1753378586.05538,100,100,0,0,0,0,1,0,0,0,0,0,0,1753378560
1747,1753378586.07116,9.72947226645914,-44.3872972808074,0,0,0,-0.519590226040073,0.854415587991948,3.5,0,0,0,0,0,1753378560,1753378586.06304,100,100,0,0,0,0,1,0,0,0,0,0,0,1753378560
1748,1753378586.07952,9.74355881888942,-44.4128367303918,0,0,0,-0.519590226040073,0.854415587991948,3.5,0,0,0,0,0,1753378560,1753378586.07118,100,100,0,0,0,0,1,0,0,0,0,0,0,1753378560
1749,1753378586.08791,9.75764537131971,-44.4383761799762,0,0,0,-0.519590226040073,0.854415587991948,3.5,0,0,0,0,0,1753378560,1753378586.07955,100,100,0,0,0,0,1,0,0,0,0,0,0,1753378560
1750,1753378586.09607,9.77173192374999,-44.4639156295605,0,0,0,-0.519590226040073,0.854415587991948,3.5,0,0,0,0,0,1753378560,1753378586.08794,100,100,0,0,0,0,1,0,0,0,0,0,0,1753378560
1751,1753378586.10475,9.78581847618028,-44.4894550791449,0,0,0,-0.519590226040073,0.854415587991948,3.5,0,0,0,0,0,1753378560,1753378586.09609,100,100,0,0,0,0,1,0,0,0,0,0,0,1753378560
1752,1753378586.11306,9.79990502861056,-44.5149945287293,0,0,0,-0.519590226040073,0.854415587991948,3.5,0,0,0,0,0,1753378560,1753378586.10481,100,100,0,0,0,0,1,0,0,0,0,0,0,1753378560
1753,1753378586.12126,9.81399158104085,-44.5405339783137,0,0,0,-0.519590226040073,0.854415587991948,3.5,0,0,0,0,0,1753378560,1753378586.11308,100,100,0,0,0,0,1,0,0,0,0,0,0,1753378560
1754,1753378586.12949,9.82807813347113,-44.5660734278981,0,0,0,-0.519590226040073,0.854415587991948,3.5,0,0,0,0,0,1753378560,1753378586.12129,100,100,0,0,0,0,1,0,0,0,0,0,0,1753378560
1755,1753378586.13803,9.84216468590142,-44.5916128774825,0,0,0,-0.519590226040073,0.854415587991948,3.5,0,0,0,0,0,1753378560,1753378586.12951,100,100,0,0,0,0,1,0,0,0,0,0,0,1753378560
1756,1753378586.14603,9.85625123833171,-44.6171523270669,0,0,0,-0.519590226040073,0.854415587991948,3.5,0,0,0,0,0,1753378560,1753378586.13807,100,100,0,0,0,0,1,0,0,0,0,0,0,1753378560
1757,1753378586.15456,9.87033779076199,-44.6426917766512,0,0,0,-0.519590226040073,0.854415587991948,3.5,0,0,0,0,0,1753378560,1753378586.14606,100,100,0,0,0,0,1,0,0,0,0,0,0,1753378560
1758,1753378586.16292,9.88442434319228,-44.6682312262356,0,0,0,-0.519590226040073,0.854415587991948,3.5,0,0,0,0,0,1753378560,1753378586.15459,100,100,0,0,0,0,1,0,0,0,0,0,0,1753378560
1759,1753378586.17117,9.89851089562256,-44.69377067582,0,0,0,-0.519590226040073,0.854415587991948,3.5,0,0,0,0,0,1753378560,1753378586.16295,100,100,0,0,0,0,1,0,0,0,0,0,0,1753378560
1760,1753378586.17982,9.91259744805285,-44.7193101254044,0,0,0,-0.519590226040073,0.854415587991948,3.5,0,0,0,0,0,1753378560,1753378586.1712,100,100,0,0,0,0,1,0,0,0,0,0,0,1753378560
1761,1753378586.18823,9.92668400048313,-44.7448495749888,0,0,0,-0.519590226040073,0.854415587991948,3.5,0,0,0,0,0,1753378560,1753378586.17987,100,100,0,0,0,0,1,0,0,0,0,0,0,1753378560
1762,1753378586.19644,9.94077055291342,-44.7703890245732,0,0,0,-0.519590226040073,0.854415587991948,3.5,0,0,0,0,0,1753378560,1753378586.18829,100,100,0,0,0,0,1,0,0,0,0,0,0,1753378560
1763,1753378586.2047,9.9548571053437,-44.7959284741576,0,0,0,-0.519590226040073,0.854415587991948,3.5,0,0,0,0,0,1753378560,1753378586.19649,100,100,0,0,0,0,1,0,0,0,0,0,0,1753378560
1764,1753378586.21273,9.96894365777399,-44.8214679237419,0,0,0,-0.519590226040073,0.854415587991948,3.5,0,0,0,0,0,1753378560,1753378586.20473,100,100,0,0,0,0,1,0,0,0,0,0,0,1753378560
1765,1753378586.22138,9.98303021020427,-44.8470073733263,0,0,0,-0.519590226040073,0.854415587991948,3.5,0,0,0,0,0,1753378560,1753378586.21275,100,100,0,0,0,0,1,0,0,0,0,0,0,1753378560
1766,1753378586.22951,9.99711676263456,-44.8725468229107,0,0,0,-0.519590226040073,0.854415587991948,3.5,0,0,0,0,0,1753378560,1753378586.22143,100,100,0,0,0,0,1,0,0,0,0,0,0,1753378560
1767,1753378586.23788,10.0112033150648,-44.8980862724951,0,0,0,-0.519590226040073,0.854415587991948,3.5,0,0,0,0,0,1753378560,1753378586.22954,100,100,0,0,0,0,1,0,0,0,0,0,0,1753378560
1768,1753378586.24627,10.0252898674951,-44.9236257220795,0,0,0,-0.519590226040073,0.854415587991948,3.5,0,0,0,0,0,1753378560,1753378586.23791,100,100,0,0,0,0,1,0,0,0,0,0,0,1753378560
1769,1753378586.25458,10.0393764199254,-44.9491651716639,0,0,0,-0.519590226040073,0.854415587991948,3.5,0,0,0,0,0,1753378560,1753378586.24632,100,100,0,0,0,0,1,0,0,0,0,0,0,1753378560
1770,1753378586.26312,10.0534629723557,-44.9747046212483,0,0,0,-0.519590226040073,0.854415587991948,3.5,0,0,0,0,0,1753378560,1753378586.25462,100,100,0,0,0,0,1,0,0,0,0,0,0,1753378560
1771,1753378586.27115,10.067549524786,-45.0002440708327,0,0,0,-0.519590226040073,0.854415587991948,3.5,0,0,0,0,0,1753378560,1753378586.26314,100,100,0,0,0,0,1,0,0,0,0,0,0,1753378560
1772,1753378586.27952,10.0816360772163,-45.025783520417,0,0,0,-0.519590226040073,0.854415587991948,3.5,0,0,0,0,0,1753378560,1753378586.27118,100,100,0,0,0,0,1,0,0,0,0,0,0,1753378560
1773,1753378586.28788,10.0957226296466,-45.0513229700014,0,0,0,-0.519590226040073,0.854415587991948,3.5,0,0,0,0,0,1753378560,1753378586.27955,100,100,0,0,0,0,1,0,0,0,0,0,0,1753378560
1774,1753378586.29602,10.1098091820768,-45.0768624195858,0,0,0,-0.519590226040073,0.854415587991948,3.5,0,0,0,0,0,1753378560,1753378586.28791,100,100,0,0,0,0,1,0,0,0,0,0,0,1753378560
1775,1753378586.3045,10.1238957345071,-45.1024018691702,0,0,0,-0.519590226040073,0.854415587991948,3.5,0,0,0,0,0,1753378560,1753378586.29605,100,100,0,0,0,0,1,0,0,0,0,0,0,1753378560
1776,1753378586.31281,10.1379822869374,-45.1279413187546,0,0,0,-0.519590226040073,0.854415587991948,3.5,0,0,0,0,0,1753378560,1753378586.30453,100,100,0,0,0,0,1,0,0,0,0,0,0,1753378560
1777,1753378586.32153,10.1520688393677,-45.153480768339,0,0,0,-0.519590226040073,0.854415587991948,3.5,0,0,0,0,0,1753378560,1753378586.31283,100,100,0,0,0,0,1,0,0,0,0,0,0,1753378560
1778,1753378586.32956,10.166155391798,-45.1790202179233,0,0,0,-0.519590226040073,0.854415587991948,3.5,0,0,0,0,0,1753378560,1753378586.32156,100,100,0,0,0,0,1,0,0,0,0,0,0,1753378560
1779,1753378586.33817,10.1802419442283,-45.2045596675077,0,0,0,-0.519590226040073,0.854415587991948,3.5,0,0,0,0,0,1753378560,1753378586.32958,100,100,0,0,0,0,1,0,0,0,0,0,0,1753378560
1780,1753378586.34616,10.1943284966586,-45.2300991170921,0,0,0,-0.519590226040073,0.854415587991948,3.5,0,0,0,0,0,1753378560,1753378586.3382,100,100,0,0,0,0,1,0,0,0,0,0,0,1753378560
1781,1753378586.35462,10.2084150490888,-45.2556385666765,0,0,0,-0.519590226040073,0.854415587991948,3.5,0,0,0,0,0,1753378560,1753378586.3462,100,100,0,0,0,0,1,0,0,0,0,0,0,1753378560
1782,1753378586.3627,10.2225016015191,-45.2811780162609,0,0,0,-0.519590226040073,0.854415587991948,3.5,0,0,0,0,0,1753378560,1753378586.35465,100,100,0,0,0,0,1,0,0,0,0,0,0,1753378560
1783,1753378586.37166,10.2365881539494,-45.3067174658453,0,0,0,-0.519590226040073,0.854415587991948,3.5,0,0,0,0,0,1753378560,1753378586.36273,100,100,0,0,0,0,1,0,0,0,0,0,0,1753378560
1784,1753378586.37982,10.2506747063797,-45.3322569154297,0,0,0,-0.519590226040073,0.854415587991948,3.5,0,0,0,0,0,1753378560,1753378586.37171,100,100,0,0,0,0,1,0,0,0,0,0,0,1753378560
1785,1753378586.38819,10.26476125881,-45.357796365014,0,0,0,-0.519590226040073,0.854415587991948,3.5,0,0,0,0,0,1753378560,1753378586.37985,100,100,0,0,0,0,1,0,0,0,0,0,0,1753378560
1786,1753378586.39633,10.2788478112403,-45.3833358145984,0,0,0,-0.519590226040073,0.854415587991948,3.5,0,0,0,0,0,1753378560,1753378586.38823,100,100,0,0,0,0,1,0,0,0,0,0,0,1753378560
1787,1753378586.40446,10.2929343636706,-45.4088752641828,0,0,0,-0.519590226040073,0.854415587991948,3.5,0,0,0,0,0,1753378560,1753378586.39638,100,100,0,0,0,0,1,0,0,0,0,0,0,1753378560
1788,1753378586.41277,10.3070209161008,-45.4344147137672,0,0,0,-0.519590226040073,0.854415587991948,3.5,0,0,0,0,0,1753378560,1753378586.40448,100,100,0,0,0,0,1,0,0,0,0,0,0,1753378560
1789,1753378586.42112,10.3211074685311,-45.4599541633516,0,0,0,-0.519590226040073,0.854415587991948,3.5,0,0,0,0,0,1753378560,1753378586.41279,100,100,0,0,0,0,1,0,0,0,0,0,0,1753378560
1790,1753378586.42952,10.3351940209614,-45.485493612936,0,0,0,-0.519590226040073,0.854415587991948,3.5,0,0,0,0,0,1753378560,1753378586.42114,100,100,0,0,0,0,1,0,0,0,0,0,0,1753378560
1791,1753378586.43776,10.3492805733917,-45.5110330625204,0,0,0,-0.519590226040073,0.854415587991948,3.5,0,0,0,0,0,1753378560,1753378586.42955,100,100,0,0,0,0,1,0,0,0,0,0,0,1753378560
1792,1753378586.44601,10.363367125822,-45.5365725121048,0,0,0,-0.519590226040073,0.854415587991948,3.5,0,0,0,0,0,1753378560,1753378586.43779,100,100,0,0,0,0,1,0,0,0,0,0,0,1753378560
1793,1753378586.45446,10.3774536782523,-45.5621119616891,0,0,0,-0.519590226040073,0.854415587991948,3.5,0,0,0,0,0,1753378560,1753378586.44603,100,100,0,0,0,0,1,0,0,0,0,0,0,1753378560
1794,1753378586.46274,10.3915402306825,-45.5876514112735,0,0,0,-0.519590226040073,0.854415587991948,3.5,0,0,0,0,0,1753378560,1753378586.45448,100,100,0,0,0,0,1,0,0,0,0,0,0,1753378560
1795,1753378586.47129,10.4056267831128,-45.6131908608579,0,0,0,-0.519590226040073,0.854415587991948,3.5,0,0,0,0,0,1753378560,1753378586.46277,100,100,0,0,0,0,1,0,0,0,0,0,0,1753378560
1796,1753378586.47954,10.4197133355431,-45.6387303104423,0,0,0,-0.519590226040073,0.854415587991948,3.5,0,0,0,0,0,1753378560,1753378586.47131,100,100,0,0,0,0,1,0,0,0,0,0,0,1753378560
1797,1753378586.48805,10.4337998879734,-45.6642697600267,0,0,0,-0.519590226040073,0.854415587991948,3.5,0,0,0,0,0,1753378560,1753378586.47957,100,100,0,0,0,0,1,0,0,0,0,0,0,1753378560
1798,1753378586.49612,10.4478864404037,-45.6898092096111,0,0,0,-0.519590226040073,0.854415587991948,3.5,0,0,0,0,0,1753378560,1753378586.48808,100,100,0,0,0,0,1,0,0,0,0,0,0,1753378560
1799,1753378586.50442,10.461972992834,-45.7153486591955,0,0,0,-0.519590226040073,0.854415587991948,3.5,0,0,0,0,0,1753378560,1753378586.49615,100,100,0,0,0,0,1,0,0,0,0,0,0,1753378560
1800,1753378586.51272,10.4760595452643,-45.7408881087798,0,0,0,-0.519590226040073,0.854415587991948,3.5,0,0,0,0,0,1753378560,1753378586.50445,100,100,0,0,0,0,1,0,0,0,0,0,0,1753378560
1801,1753378586.52109,10.4901460976945,-45.7664275583642,0,0,0,-0.519590226040073,0.854415587991948,3.5,0,0,0,0,0,1753378560,1753378586.51274,100,100,0,0,0,0,1,0,0,0,0,0,0,1753378560
1802,1753378586.52962,10.5042326501248,-45.7919670079486,0,0,0,-0.519590226040073,0.854415587991948,3.5,0,0,0,0,0,1753378560,1753378586.52112,100,100,0,0,0,0,1,0,0,0,0,0,0,1753378560
1803,1753378586.53809,10.5183192025551,-45.817506457533,0,0,0,-0.519590226040073,0.854415587991948,3.5,0,0,0,0,0,1753378560,1753378586.52965,100,100,0,0,0,0,1,0,0,0,0,0,0,1753378560
1804,1753378586.54606,10.5324057549854,-45.8430459071174,0,0,0,-0.519590226040073,0.854415587991948,3.5,0,0,0,0,0,1753378560,1753378586.53813,100,100,0,0,0,0,1,0,0,0,0,0,0,1753378560
1805,1753378586.55444,10.5464923074157,-45.8685853567018,0,0,0,-0.519590226040073,0.854415587991948,3.5,0,0,0,0,0,1753378560,1753378586.54609,100,100,0,0,0,0,1,0,0,0,0,0,0,1753378560
1806,1753378586.56276,10.560578859846,-45.8941248062862,0,0,0,-0.519590226040073,0.854415587991948,3.5,0,0,0,0,0,1753378560,1753378586.55448,100,100,0,0,0,0,1,0,0,0,0,0,0,1753378560
1807,1753378586.5711,10.5746654122763,-45.9196642558705,0,0,0,-0.519590226040073,0.854415587991948,3.5,0,0,0,0,0,1753378560,1753378586.56279,100,100,0,0,0,0,1,0,0,0,0,0,0,1753378560
1808,1753378586.57954,10.5887519647065,-45.9452037054549,0,0,0,-0.519590226040073,0.854415587991948,3.5,0,0,0,0,0,1753378560,1753378586.57113,100,100,0,0,0,0,1,0,0,0,0,0,0,1753378560
1809,1753378586.58775,10.6028385171368,-45.9707431550393,0,0,0,-0.519590226040073,0.854415587991948,3.5,0,0,0,0,0,1753378560,1753378586.57957,100,100,0,0,0,0,1,0,0,0,0,0,0,1753378560
1810,1753378586.59637,10.6169250695671,-45.9962826046237,0,0,0,-0.519590226040073,0.854415587991948,3.5,0,0,0,0,0,1753378560,1753378586.58777,100,100,0,0,0,0,1,0,0,0,0,0,0,1753378560
1811,1753378586.60443,10.6310116219974,-46.0218220542081,0,0,0,-0.519590226040073,0.854415587991948,3.5,0,0,0,0,0,1753378560,1753378586.59641,100,100,0,0,0,0,1,0,0,0,0,0,0,1753378560
1812,1753378586.61269,10.6450981744277,-46.0473615037925,0,0,0,-0.519590226040073,0.854415587991948,3.5,0,0,0,0,0,1753378560,1753378586.60445,100,100,0,0,0,0,1,0,0,0,0,0,0,1753378560
1813,1753378586.6213,10.659184726858,-46.0729009533769,0,0,0,-0.519590226040073,0.854415587991948,3.5,0,0,0,0,0,1753378560,1753378586.61272,100,100,0,0,0,0,1,0,0,0,0,0,0,1753378560
1814,1753378586.62971,10.6732712792883,-46.0984404029612,0,0,0,-0.519590226040073,0.854415587991948,3.5,0,0,0,0,0,1753378560,1753378586.62133,100,100,0,0,0,0,1,0,0,0,0,0,0,1753378560
1815,1753378586.63797,10.6873578317185,-46.1239798525456,0,0,0,-0.519590226040073,0.854415587991948,3.5,0,0,0,0,0,1753378560,1753378586.62974,100,100,0,0,0,0,1,0,0,0,0,0,0,1753378560
1816,1753378586.64617,10.7014443841488,-46.14951930213,0,0,0,-0.519590226040073,0.854415587991948,3.5,0,0,0,0,0,1753378560,1753378586.63801,100,100,0,0,0,0,1,0,0,0,0,0,0,1753378560
1817,1753378586.65475,10.7155309365791,-46.1750587517144,0,0,0,-0.519590226040073,0.854415587991948,3.5,0,0,0,0,0,1753378560,1753378586.6462,100,100,0,0,0,0,1,0,0,0,0,0,0,1753378560
1818,1753378586.66279,10.7296174890094,-46.2005982012988,0,0,0,-0.519590226040073,0.854415587991948,3.5,0,0,0,0,0,1753378560,1753378586.6548,100,100,0,0,0,0,1,0,0,0,0,0,0,1753378560
1819,1753378586.67148,10.7437040414397,-46.2261376508832,0,0,0,-0.519590226040073,0.854415587991948,3.5,0,0,0,0,0,1753378560,1753378586.66281,100,100,0,0,0,0,1,0,0,0,0,0,0,1753378560
1820,1753378586.68007,10.75779059387,-46.2516771004676,0,0,0,-0.519590226040073,0.854415587991948,3.5,0,0,0,0,0,1753378560,1753378586.67153,100,100,0,0,0,0,1,0,0,0,0,0,0,1753378560
1821,1753378586.68788,10.7718771463003,-46.2772165500519,0,0,0,-0.519590226040073,0.854415587991948,3.5,0,0,0,0,0,1753378560,1753378586.6801,100,100,0,0,0,0,1,0,0,0,0,0,0,1753378560
1822,1753378586.6961,10.7859636987305,-46.3027559996363,0,0,0,-0.519590226040073,0.854415587991948,3.5,0,0,0,0,0,1753378560,1753378586.68792,100,100,0,0,0,0,1,0,0,0,0,0,0,1753378560
1823,1753378586.70442,10.8000502511608,-46.3282954492207,0,0,0,-0.519590226040073,0.854415587991948,3.5,0,0,0,0,0,1753378560,1753378586.69613,100,100,0,0,0,0,1,0,0,0,0,0,0,1753378560
1824,1753378586.71275,10.8141368035911,-46.3538348988051,0,0,0,-0.519590226040073,0.854415587991948,3.5,0,0,0,0,0,1753378560,1753378586.70444,100,100,0,0,0,0,1,0,0,0,0,0,0,1753378560
1825,1753378586.72123,10.8282233560214,-46.3793743483895,0,0,0,-0.519590226040073,0.854415587991948,3.5,0,0,0,0,0,1753378560,1753378586.71279,100,100,0,0,0,0,1,0,0,0,0,0,0,1753378560
1826,1753378586.72959,10.8423099084517,-46.4049137979739,0,0,0,-0.519590226040073,0.854415587991948,3.5,0,0,0,0,0,1753378560,1753378586.72126,100,100,0,0,0,0,1,0,0,0,0,0,0,1753378560
1827,1753378586.73824,10.856396460882,-46.4304532475583,0,0,0,-0.519590226040073,0.854415587991948,3.5,0,0,0,0,0,1753378560,1753378586.72962,100,100,0,0,0,0,1,0,0,0,0,0,0,1753378560
1828,1753378586.74608,10.8704830133122,-46.4559926971426,0,0,0,-0.519590226040073,0.854415587991948,3.5,0,0,0,0,0,1753378560,1753378586.7383,100,100,0,0,0,0,1,0,0,0,0,0,0,1753378560
1829,1753378586.75483,10.8845695657425,-46.481532146727,0,0,0,-0.519590226040073,0.854415587991948,3.5,0,0,0,0,0,1753378560,1753378586.74611,100,100,0,0,0,0,1,0,0,0,0,0,0,1753378560
1830,1753378586.76282,10.8986561181728,-46.5070715963114,0,0,0,-0.519590226040073,0.854415587991948,3.5,0,0,0,0,0,1753378560,1753378586.75488,100,100,0,0,0,0,1,0,0,0,0,0,0,1753378560
1831,1753378586.7714,10.9127426706031,-46.5326110458958,0,0,0,-0.519590226040073,0.854415587991948,3.5,0,0,0,0,0,1753378560,1753378586.76285,100,100,0,0,0,0,1,0,0,0,0,0,0,1753378560
1832,1753378586.77954,10.9268292230334,-46.5581504954802,0,0,0,-0.519590226040073,0.854415587991948,3.5,0,0,0,0,0,1753378560,1753378586.77143,100,100,0,0,0,0,1,0,0,0,0,0,0,1753378560
1833,1753378586.7877,10.9409157754637,-46.5836899450646,0,0,0,-0.519590226040073,0.854415587991948,3.5,0,0,0,0,0,1753378560,1753378586.77957,100,100,0,0,0,0,1,0,0,0,0,0,0,1753378560
1834,1753378586.7961,10.955002327894,-46.609229394649,0,0,0,-0.519590226040073,0.854415587991948,3.5,0,0,0,0,0,1753378560,1753378586.78773,100,100,0,0,0,0,1,0,0,0,0,0,0,1753378560
1835,1753378586.80445,10.9690888803242,-46.6347688442333,0,0,0,-0.519590226040073,0.854415587991948,3.5,0,0,0,0,0,1753378560,1753378586.79613,100,100,0,0,0,0,1,0,0,0,0,0,0,1753378560
1836,1753378586.81271,10.9831754327545,-46.6603082938177,0,0,0,-0.519590226040073,0.854415587991948,3.5,0,0,0,0,0,1753378560,1753378586.80448,100,100,0,0,0,0,1,0,0,0,0,0,0,1753378560
1837,1753378586.8211,10.9972619851848,-46.6858477434021,0,0,0,-0.519590226040073,0.854415587991948,3.5,0,0,0,0,0,1753378560,1753378586.81274,100,100,0,0,0,0,1,0,0,0,0,0,0,1753378560
1838,1753378586.82952,11.0113485376151,-46.7113871929865,0,0,0,-0.519590226040073,0.854415587991948,3.5,0,0,0,0,0,1753378560,1753378586.82113,100,100,0,0,0,0,1,0,0,0,0,0,0,1753378560
1839,1753378586.83779,11.0254350900454,-46.7369266425709,0,0,0,-0.519590226040073,0.854415587991948,3.5,0,0,0,0,0,1753378560,1753378586.82954,100,100,0,0,0,0,1,0,0,0,0,0,0,1753378560
1840,1753378586.84606,11.0395216424757,-46.7624660921553,0,0,0,-0.519590226040073,0.854415587991948,3.5,0,0,0,0,0,1753378560,1753378586.83781,100,100,0,0,0,0,1,0,0,0,0,0,0,1753378560
1841,1753378586.85453,11.053608194906,-46.7880055417397,0,0,0,-0.519590226040073,0.854415587991948,3.5,0,0,0,0,0,1753378560,1753378586.84609,100,100,0,0,0,0,1,0,0,0,0,0,0,1753378560
1842,1753378586.86268,11.0676947473362,-46.813544991324,0,0,0,-0.519590226040073,0.854415587991948,3.5,0,0,0,0,0,1753378560,1753378586.85455,100,100,0,0,0,0,1,0,0,0,0,0,0,1753378560
1843,1753378586.87113,11.0817812997665,-46.8390844409084,0,0,0,-0.519590226040073,0.854415587991948,3.5,0,0,0,0,0,1753378560,1753378586.86271,100,100,0,0,0,0,1,0,0,0,0,0,0,1753378560
1844,1753378586.87952,11.0958678521968,-46.8646238904928,0,0,0,-0.519590226040073,0.854415587991948,3.5,0,0,0,0,0,1753378560,1753378586.87117,100,100,0,0,0,0,1,0,0,0,0,0,0,1753378560
1845,1753378586.88782,11.1099544046271,-46.8901633400772,0,0,0,-0.519590226040073,0.854415587991948,3.5,0,0,0,0,0,1753378560,1753378586.87954,100,100,0,0,0,0,1,0,0,0,0,0,0,1753378560
1846,1753378586.89607,11.1240409570574,-46.9157027896616,0,0,0,-0.519590226040073,0.854415587991948,3.5,0,0,0,0,0,1753378560,1753378586.88785,100,100,0,0,0,0,1,0,0,0,0,0,0,1753378560
1847,1753378586.90446,11.1381275094877,-46.941242239246,0,0,0,-0.519590226040073,0.854415587991948,3.5,0,0,0,0,0,1753378560,1753378586.8961,100,100,0,0,0,0,1,0,0,0,0,0,0,1753378560
1848,1753378586.91299,11.152214061918,-46.9667816888304,0,0,0,-0.519590226040073,0.854415587991948,3.5,0,0,0,0,0,1753378560,1753378586.90449,100,100,0,0,0,0,1,0,0,0,0,0,0,1753378560
1849,1753378586.92116,11.1663006143482,-46.9923211384147,0,0,0,-0.519590226040073,0.854415587991948,3.5,0,0,0,0,0,1753378560,1753378586.91303,100,100,0,0,0,0,1,0,0,0,0,0,0,1753378560
1850,1753378586.92955,11.1803871667785,-47.0178605879991,0,0,0,-0.519590226040073,0.854415587991948,3.5,0,0,0,0,0,1753378560,1753378586.92119,100,100,0,0,0,0,1,0,0,0,0,0,0,1753378560
1851,1753378586.93789,11.1944737192088,-47.0434000375835,0,0,0,-0.519590226040073,0.854415587991948,3.5,0,0,0,0,0,1753378560,1753378586.92959,100,100,0,0,0,0,1,0,0,0,0,0,0,1753378560
1852,1753378586.94625,11.2085602716391,-47.0689394871679,0,0,0,-0.519590226040073,0.854415587991948,3.5,0,0,0,0,0,1753378560,1753378586.93791,100,100,0,0,0,0,1,0,0,0,0,0,0,1753378560
1853,1753378586.95441,11.2226468240694,-47.0944789367523,0,0,0,-0.519590226040073,0.854415587991948,3.5,0,0,0,0,0,1753378560,1753378586.94628,100,100,0,0,0,0,1,0,0,0,0,0,0,1753378560
1854,1753378586.9627,11.2367333764997,-47.1200183863367,0,0,0,-0.519590226040073,0.854415587991948,3.5,0,0,0,0,0,1753378560,1753378586.95443,100,100,0,0,0,0,1,0,0,0,0,0,0,1753378560
1855,1753378586.97145,11.25081992893,-47.1455578359211,0,0,0,-0.519590226040073,0.854415587991948,3.5,0,0,0,0,0,1753378560,1753378586.96272,100,100,0,0,0,0,1,0,0,0,0,0,0,1753378560
1856,1753378586.97982,11.2649064813602,-47.1710972855055,0,0,0,-0.519590226040073,0.854415587991948,3.5,0,0,0,0,0,1753378560,1753378586.9715,100,100,0,0,0,0,1,0,0,0,0,0,0,1753378560
1857,1753378586.98792,11.2789930337905,-47.1966367350898,0,0,0,-0.519590226040073,0.854415587991948,3.5,0,0,0,0,0,1753378560,1753378586.97986,100,100,0,0,0,0,1,0,0,0,0,0,0,1753378560
1858,1753378586.99637,11.2930795862208,-47.2221761846742,0,0,0,-0.519590226040073,0.854415587991948,3.5,0,0,0,0,0,1753378560,1753378586.98795,100,100,0,0,0,0,1,0,0,0,0,0,0,1753378560
1859,1753378587.0047,11.3071661386511,-47.2477156342586,0,0,0,-0.519590226040073,0.854415587991948,3.5,0,0,0,0,0,1753378560,1753378586.99641,100,100,0,0,0,0,1,0,0,0,0,0,0,1753378560
1860,1753378587.01351,11.3212526910814,-47.273255083843,0,0,0,-0.519590226040073,0.854415587991948,3.5,0,0,0,0,0,1753378560,1753378587.00475,100,100,0,0,0,0,1,0,0,0,0,0,0,1753378560
1861,1753378587.02125,11.3353392435117,-47.2987945334274,0,0,0,-0.519590226040073,0.854415587991948,3.5,0,0,0,0,0,1753378560,1753378587.01354,100,100,0,0,0,0,1,0,0,0,0,0,0,1753378560
1862,1753378587.02959,11.349425795942,-47.3243339830118,0,0,0,-0.519590226040073,0.854415587991948,3.5,0,0,0,0,0,1753378560,1753378587.02127,100,100,0,0,0,0,1,0,0,0,0,0,0,1753378560
1863,1753378587.03832,11.3635123483722,-47.3498734325962,0,0,0,-0.519590226040073,0.854415587991948,3.5,0,0,0,0,0,1753378560,1753378587.02962,100,100,0,0,0,0,1,0,0,0,0,0,0,1753378560
1864,1753378587.04653,11.3775989008025,-47.3754128821805,0,0,0,-0.519590226040073,0.854415587991948,3.5,0,0,0,0,0,1753378560,1753378587.03837,100,100,0,0,0,0,1,0,0,0,0,0,0,1753378560
1865,1753378587.05446,11.3916854532328,-47.4009523317649,0,0,0,-0.519590226040073,0.854415587991948,3.5,0,0,0,0,0,1753378560,1753378587.04658,100,100,0,0,0,0,1,0,0,0,0,0,0,1753378560
1866,1753378587.06303,11.4057720056631,-47.4264917813493,0,0,0,-0.519590226040073,0.854415587991948,3.5,0,0,0,0,0,1753378560,1753378587.05449,100,100,0,0,0,0,1,0,0,0,0,0,0,1753378560
1867,1753378587.0712,11.4198585580934,-47.4520312309337,0,0,0,-0.519590226040073,0.854415587991948,3.5,0,0,0,0,0,1753378560,1753378587.06307,100,100,0,0,0,0,1,0,0,0,0,0,0,1753378560
1868,1753378587.0796,11.4339451105237,-47.4775706805181,0,0,0,-0.519590226040073,0.854415587991948,3.5,0,0,0,0,0,1753378560,1753378587.07123,100,100,0,0,0,0,1,0,0,0,0,0,0,1753378560
1869,1753378587.08779,11.4480316629539,-47.5031101301025,0,0,0,-0.519590226040073,0.854415587991948,3.5,0,0,0,0,0,1753378560,1753378587.07964,100,100,0,0,0,0,1,0,0,0,0,0,0,1753378560
1870,1753378587.09603,11.4621182153842,-47.5286495796868,0,0,0,-0.519590226040073,0.854415587991948,3.5,0,0,0,0,0,1753378560,1753378587.08781,100,100,0,0,0,0,1,0,0,0,0,0,0,1753378560
1871,1753378587.1045,11.4762047678145,-47.5541890292712,0,0,0,-0.519590226040073,0.854415587991948,3.5,0,0,0,0,0,1753378560,1753378587.09605,100,100,0,0,0,0,1,0,0,0,0,0,0,1753378560
1872,1753378587.11267,11.4902913202448,-47.5797284788556,0,0,0,-0.519590226040073,0.854415587991948,3.5,0,0,0,0,0,1753378560,1753378587.10453,100,100,0,0,0,0,1,0,0,0,0,0,0,1753378560
1873,1753378587.12119,11.5043778726751,-47.60526792844,0,0,0,-0.519590226040073,0.854415587991948,3.5,0,0,0,0,0,1753378560,1753378587.1127,100,100,0,0,0,0,1,0,0,0,0,0,0,1753378560
1874,1753378587.12947,11.5184644251054,-47.6308073780244,0,0,0,-0.519590226040073,0.854415587991948,3.5,0,0,0,0,0,1753378560,1753378587.12122,100,100,0,0,0,0,1,0,0,0,0,0,0,1753378560
1875,1753378587.13781,11.5325509775357,-47.6563468276088,0,0,0,-0.519590226040073,0.854415587991948,3.5,0,0,0,0,0,1753378560,1753378587.12951,100,100,0,0,0,0,1,0,0,0,0,0,0,1753378560
1876,1753378587.14605,11.5466375299659,-47.6818862771932,0,0,0,-0.519590226040073,0.854415587991948,3.5,0,0,0,0,0,1753378560,1753378587.13784,100,100,0,0,0,0,1,0,0,0,0,0,0,1753378560
1877,1753378587.15467,11.5607240823962,-47.7074257267776,0,0,0,-0.519590226040073,0.854415587991948,3.5,0,0,0,0,0,1753378560,1753378587.14608,100,100,0,0,0,0,1,0,0,0,0,0,0,1753378560
1878,1753378587.16269,11.5748106348265,-47.7329651763619,0,0,0,-0.519590226040073,0.854415587991948,3.5,0,0,0,0,0,1753378560,1753378587.15473,100,100,0,0,0,0,1,0,0,0,0,0,0,1753378560
1879,1753378587.17115,11.5888971872568,-47.7585046259463,0,0,0,-0.519590226040073,0.854415587991948,3.5,0,0,0,0,0,1753378560,1753378587.16272,100,100,0,0,0,0,1,0,0,0,0,0,0,1753378560
1880,1753378587.17954,11.6029837396871,-47.7840440755307,0,0,0,-0.519590226040073,0.854415587991948,3.5,0,0,0,0,0,1753378560,1753378587.17117,100,100,0,0,0,0,1,0,0,0,0,0,0,1753378560
1881,1753378587.18783,11.6170702921174,-47.8095835251151,0,0,0,-0.519590226040073,0.854415587991948,3.5,0,0,0,0,0,1753378560,1753378587.17958,100,100,0,0,0,0,1,0,0,0,0,0,0,1753378560
1882,1753378587.196,11.6311568445477,-47.8351229746995,0,0,0,-0.519590226040073,0.854415587991948,3.5,0,0,0,0,0,1753378560,1753378587.18786,100,100,0,0,0,0,1,0,0,0,0,0,0,1753378560
1883,1753378587.20453,11.6452433969779,-47.8606624242839,0,0,0,-0.519590226040073,0.854415587991948,3.5,0,0,0,0,0,1753378560,1753378587.19602,100,100,0,0,0,0,1,0,0,0,0,0,0,1753378560
1884,1753378587.21281,11.6593299494082,-47.8862018738683,0,0,0,-0.519590226040073,0.854415587991948,3.5,0,0,0,0,0,1753378560,1753378587.20456,100,100,0,0,0,0,1,0,0,0,0,0,0,1753378560
1885,1753378587.22119,11.6734165018385,-47.9117413234526,0,0,0,-0.519590226040073,0.854415587991948,3.5,0,0,0,0,0,1753378560,1753378587.21285,100,100,0,0,0,0,1,0,0,0,0,0,0,1753378560
1886,1753378587.22947,11.6875030542688,-47.937280773037,0,0,0,-0.519590226040073,0.854415587991948,3.5,0,0,0,0,0,1753378560,1753378587.22122,100,100,0,0,0,0,1,0,0,0,0,0,0,1753378560
1887,1753378587.23781,11.7015896066991,-47.9628202226214,0,0,0,-0.519590226040073,0.854415587991948,3.5,0,0,0,0,0,1753378560,1753378587.22949,100,100,0,0,0,0,1,0,0,0,0,0,0,1753378560
1888,1753378587.24597,11.7156761591294,-47.9883596722058,0,0,0,-0.519590226040073,0.854415587991948,3.5,0,0,0,0,0,1753378560,1753378587.23784,100,100,0,0,0,0,1,0,0,0,0,0,0,1753378560
1889,1753378587.25458,11.7297627115597,-48.0138991217902,0,0,0,-0.519590226040073,0.854415587991948,3.5,0,0,0,0,0,1753378560,1753378587.246,100,100,0,0,0,0,1,0,0,0,0,0,0,1753378560
1890,1753378587.26305,11.7438492639899,-48.0394385713746,0,0,0,-0.519590226040073,0.854415587991948,3.5,0,0,0,0,0,1753378560,1753378587.25461,100,100,0,0,0,0,1,0,0,0,0,0,0,1753378560
1891,1753378587.27145,11.7579358164202,-48.064978020959,0,0,0,-0.519590226040073,0.854415587991948,3.5,0,0,0,0,0,1753378560,1753378587.26309,100,100,0,0,0,0,1,0,0,0,0,0,0,1753378560
1892,1753378587.27982,11.7720223688505,-48.0905174705433,0,0,0,-0.519590226040073,0.854415587991948,3.5,0,0,0,0,0,1753378560,1753378587.2715,100,100,0,0,0,0,1,0,0,0,0,0,0,1753378560
1893,1753378587.288,11.7861089212808,-48.1160569201277,0,0,0,-0.519590226040073,0.854415587991948,3.5,0,0,0,0,0,1753378560,1753378587.27987,100,100,0,0,0,0,1,0,0,0,0,0,0,1753378560
1894,1753378587.29632,11.8001954737111,-48.1415963697121,0,0,0,-0.519590226040073,0.854415587991948,3.5,0,0,0,0,0,1753378560,1753378587.28805,100,100,0,0,0,0,1,0,0,0,0,0,0,1753378560
1895,1753378587.30447,11.8142820261414,-48.1671358192965,0,0,0,-0.519590226040073,0.854415587991948,3.5,0,0,0,0,0,1753378560,1753378587.2964,100,100,0,0,0,0,1,0,0,0,0,0,0,1753378560
1896,1753378587.3127,11.8283685785717,-48.1926752688809,0,0,0,-0.519590226040073,0.854415587991948,3.5,0,0,0,0,0,1753378560,1753378587.30451,100,100,0,0,0,0,1,0,0,0,0,0,0,1753378560
1897,1753378587.32116,11.8424551310019,-48.2182147184653,0,0,0,-0.519590226040073,0.854415587991948,3.5,0,0,0,0,0,1753378560,1753378587.31273,100,100,0,0,0,0,1,0,0,0,0,0,0,1753378560
1898,1753378587.32963,11.8565416834322,-48.2437541680497,0,0,0,-0.519590226040073,0.854415587991948,3.5,0,0,0,0,0,1753378560,1753378587.32119,100,100,0,0,0,0,1,0,0,0,0,0,0,1753378560
1899,1753378587.33786,11.8706282358625,-48.269293617634,0,0,0,-0.519590226040073,0.854415587991948,3.5,0,0,0,0,0,1753378560,1753378587.32966,100,100,0,0,0,0,1,0,0,0,0,0,0,1753378560
1900,1753378587.34605,11.8847147882928,-48.2948330672184,0,0,0,-0.519590226040073,0.854415587991948,3.5,0,0,0,0,0,1753378560,1753378587.3379,100,100,0,0,0,0,1,0,0,0,0,0,0,1753378560
1901,1753378587.35439,11.8988013407231,-48.3203725168028,0,0,0,-0.519590226040073,0.854415587991948,3.5,0,0,0,0,0,1753378560,1753378587.34608,100,100,0,0,0,0,1,0,0,0,0,0,0,1753378560
1902,1753378587.3628,11.9128878931534,-48.3459119663872,0,0,0,-0.519590226040073,0.854415587991948,3.5,0,0,0,0,0,1753378560,1753378587.35442,100,100,0,0,0,0,1,0,0,0,0,0,0,1753378560
1903,1753378587.37117,11.9269744455837,-48.3714514159716,0,0,0,-0.519590226040073,0.854415587991948,3.5,0,0,0,0,0,1753378560,1753378587.36283,100,100,0,0,0,0,1,0,0,0,0,0,0,1753378560
1904,1753378587.37956,11.9410609980139,-48.396990865556,0,0,0,-0.519590226040073,0.854415587991948,3.5,0,0,0,0,0,1753378560,1753378587.3712,100,100,0,0,0,0,1,0,0,0,0,0,0,1753378560
1905,1753378587.38784,11.9551475504442,-48.4225303151404,0,0,0,-0.519590226040073,0.854415587991948,3.5,0,0,0,0,0,1753378560,1753378587.37961,100,100,0,0,0,0,1,0,0,0,0,0,0,1753378560
1906,1753378587.39612,11.9692341028745,-48.4480697647247,0,0,0,-0.519590226040073,0.854415587991948,3.5,0,0,0,0,0,1753378560,1753378587.38786,100,100,0,0,0,0,1,0,0,0,0,0,0,1753378560
1907,1753378587.40477,11.9833206553048,-48.4736092143091,0,0,0,-0.519590226040073,0.854415587991948,3.5,0,0,0,0,0,1753378560,1753378587.39615,100,100,0,0,0,0,1,0,0,0,0,0,0,1753378560
1908,1753378587.41265,11.9974072077351,-48.4991486638935,0,0,0,-0.519590226040073,0.854415587991948,3.5,0,0,0,0,0,1753378560,1753378587.40482,100,100,0,0,0,0,1,0,0,0,0,0,0,1753378560
1909,1753378587.42153,12.0114937601654,-48.5246881134779,0,0,0,-0.519590226040073,0.854415587991948,3.5,0,0,0,0,0,1753378560,1753378587.41268,100,100,0,0,0,0,1,0,0,0,0,0,0,1753378560
1910,1753378587.42946,12.0255803125956,-48.5502275630623,0,0,0,-0.519590226040073,0.854415587991948,3.5,0,0,0,0,0,1753378560,1753378587.42158,100,100,0,0,0,0,1,0,0,0,0,0,0,1753378560
1911,1753378587.43792,12.0396668650259,-48.5757670126467,0,0,0,-0.519590226040073,0.854415587991948,3.5,0,0,0,0,0,1753378560,1753378587.42948,100,100,0,0,0,0,1,0,0,0,0,0,0,1753378560
1912,1753378587.44608,12.0537534174562,-48.6013064622311,0,0,0,-0.519590226040073,0.854415587991948,3.5,0,0,0,0,0,1753378560,1753378587.43794,100,100,0,0,0,0,1,0,0,0,0,0,0,1753378560
1913,1753378587.45466,12.0678399698865,-48.6268459118154,0,0,0,-0.519590226040073,0.854415587991948,3.5,0,0,0,0,0,1753378560,1753378587.44611,100,100,0,0,0,0,1,0,0,0,0,0,0,1753378560
1914,1753378587.46273,12.0819265223168,-48.6523853613998,0,0,0,-0.519590226040073,0.854415587991948,3.5,0,0,0,0,0,1753378560,1753378587.45468,100,100,0,0,0,0,1,0,0,0,0,0,0,1753378560
1915,1753378587.47138,12.0960130747471,-48.6779248109842,0,0,0,-0.519590226040073,0.854415587991948,3.5,0,0,0,0,0,1753378560,1753378587.46276,100,100,0,0,0,0,1,0,0,0,0,0,0,1753378560
1916,1753378587.48005,12.1100996271774,-48.7034642605686,0,0,0,-0.519590226040073,0.854415587991948,3.5,0,0,0,0,0,1753378560,1753378587.47144,100,100,0,0,0,0,1,0,0,0,0,0,0,1753378560
1917,1753378587.48798,12.1241861796076,-48.729003710153,0,0,0,-0.519590226040073,0.854415587991948,3.5,0,0,0,0,0,1753378560,1753378587.48011,100,100,0,0,0,0,1,0,0,0,0,0,0,1753378560
1918,1753378587.49643,12.1382727320379,-48.7545431597374,0,0,0,-0.519590226040073,0.854415587991948,3.5,0,0,0,0,0,1753378560,1753378587.48802,100,100,0,0,0,0,1,0,0,0,0,0,0,1753378560
1919,1753378587.50472,12.1523592844682,-48.7800826093218,0,0,0,-0.519590226040073,0.854415587991948,3.5,0,0,0,0,0,1753378560,1753378587.49648,100,100,0,0,0,0,1,0,0,0,0,0,0,1753378560
1920,1753378587.51277,12.1664458368985,-48.8056220589061,0,0,0,-0.519590226040073,0.854415587991948,3.5,0,0,0,0,0,1753378560,1753378587.50476,100,100,0,0,0,0,1,0,0,0,0,0,0,1753378560
1921,1753378587.52119,12.1805323893288,-48.8311615084905,0,0,0,-0.519590226040073,0.854415587991948,3.5,0,0,0,0,0,1753378560,1753378587.5128,100,100,0,0,0,0,1,0,0,0,0,0,0,1753378560
1922,1753378587.52961,12.1946189417591,-48.8567009580749,0,0,0,-0.519590226040073,0.854415587991948,3.5,0,0,0,0,0,1753378560,1753378587.52122,100,100,0,0,0,0,1,0,0,0,0,0,0,1753378560
1923,1753378587.53806,12.2087054941894,-48.8822404076593,0,0,0,-0.519590226040073,0.854415587991948,3.5,0,0,0,0,0,1753378560,1753378587.52963,100,100,0,0,0,0,1,0,0,0,0,0,0,1753378560
1924,1753378587.54623,12.2227920466196,-48.9077798572437,0,0,0,-0.519590226040073,0.854415587991948,3.5,0,0,0,0,0,1753378560,1753378587.53811,100,100,0,0,0,0,1,0,0,0,0,0,0,1753378560
1925,1753378587.55451,12.2368785990499,-48.9333193068281,0,0,0,-0.519590226040073,0.854415587991948,3.5,0,0,0,0,0,1753378560,1753378587.54627,100,100,0,0,0,0,1,0,0,0,0,0,0,1753378560
1926,1753378587.56265,12.2509651514802,-48.9588587564125,0,0,0,-0.519590226040073,0.854415587991948,3.5,0,0,0,0,0,1753378560,1753378587.55454,100,100,0,0,0,0,1,0,0,0,0,0,0,1753378560
1927,1753378587.57114,12.2650517039105,-48.9843982059969,0,0,0,-0.519590226040073,0.854415587991948,3.5,0,0,0,0,0,1753378560,1753378587.56267,100,100,0,0,0,0,1,0,0,0,0,0,0,1753378560
1928,1753378587.57967,12.2791382563408,-49.0099376555812,0,0,0,-0.519590226040073,0.854415587991948,3.5,0,0,0,0,0,1753378560,1753378587.57117,100,100,0,0,0,0,1,0,0,0,0,0,0,1753378560
1929,1753378587.58798,12.2932248087711,-49.0354771051656,0,0,0,-0.519590226040073,0.854415587991948,3.5,0,0,0,0,0,1753378560,1753378587.5797,100,100,0,0,0,0,1,0,0,0,0,0,0,1753378560
1930,1753378587.59602,12.3073113612014,-49.06101655475,0,0,0,-0.519590226040073,0.854415587991948,3.5,0,0,0,0,0,1753378560,1753378587.58803,100,100,0,0,0,0,1,0,0,0,0,0,0,1753378560
1931,1753378587.60442,12.3213979136316,-49.0865560043344,0,0,0,-0.519590226040073,0.854415587991948,3.5,0,0,0,0,0,1753378560,1753378587.59605,100,100,0,0,0,0,1,0,0,0,0,0,0,1753378560
1932,1753378587.61283,12.3354844660619,-49.1120954539188,0,0,0,-0.519590226040073,0.854415587991948,3.5,0,0,0,0,0,1753378560,1753378587.60445,100,100,0,0,0,0,1,0,0,0,0,0,0,1753378560
1933,1753378587.62132,12.3495710184922,-49.1376349035032,0,0,0,-0.519590226040073,0.854415587991948,3.5,0,0,0,0,0,1753378560,1753378587.61286,100,100,0,0,0,0,1,0,0,0,0,0,0,1753378560
1934,1753378587.62959,12.3636575709225,-49.1631743530875,0,0,0,-0.519590226040073,0.854415587991948,3.5,0,0,0,0,0,1753378560,1753378587.62136,100,100,0,0,0,0,1,0,0,0,0,0,0,1753378560
1935,1753378587.6379,12.3777441233528,-49.1887138026719,0,0,0,-0.519590226040073,0.854415587991948,3.5,0,0,0,0,0,1753378560,1753378587.62963,100,100,0,0,0,0,1,0,0,0,0,0,0,1753378560
1936,1753378587.64607,12.3918306757831,-49.2142532522563,0,0,0,-0.519590226040073,0.854415587991948,3.5,0,0,0,0,0,1753378560,1753378587.63793,100,100,0,0,0,0,1,0,0,0,0,0,0,1753378560
1937,1753378587.65455,12.4059172282134,-49.2397927018407,0,0,0,-0.519590226040073,0.854415587991948,3.5,0,0,0,0,0,1753378560,1753378587.6461,100,100,0,0,0,0,1,0,0,0,0,0,0,1753378560
1938,1753378587.66287,12.4200037806436,-49.2653321514251,0,0,0,-0.519590226040073,0.854415587991948,3.5,0,0,0,0,0,1753378560,1753378587.65458,100,100,0,0,0,0,1,0,0,0,0,0,0,1753378560
1939,1753378587.67152,12.4340903330739,-49.2908716010095,0,0,0,-0.519590226040073,0.854415587991948,3.5,0,0,0,0,0,1753378560,1753378587.66291,100,100,0,0,0,0,1,0,0,0,0,0,0,1753378560
1940,1753378587.68002,12.4481768855042,-49.3164110505939,0,0,0,-0.519590226040073,0.854415587991948,3.5,0,0,0,0,0,1753378560,1753378587.67158,100,100,0,0,0,0,1,0,0,0,0,0,0,1753378560
1941,1753378587.6878,12.4622634379345,-49.3419505001783,0,0,0,-0.519590226040073,0.854415587991948,3.5,0,0,0,0,0,1753378560,1753378587.68004,100,100,0,0,0,0,1,0,0,0,0,0,0,1753378560
1942,1753378587.69606,12.4763499903648,-49.3674899497626,0,0,0,-0.519590226040073,0.854415587991948,3.5,0,0,0,0,0,1753378560,1753378587.68782,100,100,0,0,0,0,1,0,0,0,0,0,0,1753378560
1943,1753378587.70443,12.4904365427951,-49.393029399347,0,0,0,-0.519590226040073,0.854415587991948,3.5,0,0,0,0,0,1753378560,1753378587.69609,100,100,0,0,0,0,1,0,0,0,0,0,0,1753378560
1944,1753378587.71298,12.5045230952253,-49.4185688489314,0,0,0,-0.519590226040073,0.854415587991948,3.5,0,0,0,0,0,1753378560,1753378587.70446,100,100,0,0,0,0,1,0,0,0,0,0,0,1753378560
1945,1753378587.72113,12.5186096476556,-49.4441082985158,0,0,0,-0.519590226040073,0.854415587991948,3.5,0,0,0,0,0,1753378560,1753378587.71301,100,100,0,0,0,0,1,0,0,0,0,0,0,1753378560
1946,1753378587.72952,12.5326962000859,-49.4696477481002,0,0,0,-0.519590226040073,0.854415587991948,3.5,0,0,0,0,0,1753378560,1753378587.72116,100,100,0,0,0,0,1,0,0,0,0,0,0,1753378560
1947,1753378587.73784,12.5467827525162,-49.4951871976846,0,0,0,-0.519590226040073,0.854415587991948,3.5,0,0,0,0,0,1753378560,1753378587.72955,100,100,0,0,0,0,1,0,0,0,0,0,0,1753378560
1948,1753378587.74607,12.5608693049465,-49.520726647269,0,0,0,-0.519590226040073,0.854415587991948,3.5,0,0,0,0,0,1753378560,1753378587.73787,100,100,0,0,0,0,1,0,0,0,0,0,0,1753378560
1949,1753378587.75452,12.5749558573768,-49.5462660968533,0,0,0,-0.519590226040073,0.854415587991948,3.5,0,0,0,0,0,1753378560,1753378587.7461,100,100,0,0,0,0,1,0,0,0,0,0,0,1753378560
1950,1753378587.76268,12.5890424098071,-49.5718055464377,0,0,0,-0.519590226040073,0.854415587991948,3.5,0,0,0,0,0,1753378560,1753378587.75455,100,100,0,0,0,0,1,0,0,0,0,0,0,1753378560
1951,1753378587.77115,12.6031289622373,-49.5973449960221,0,0,0,-0.519590226040073,0.854415587991948,3.5,0,0,0,0,0,1753378560,1753378587.7627,100,100,0,0,0,0,1,0,0,0,0,0,0,1753378560
1952,1753378587.77958,12.6172155146676,-49.6228844456065,0,0,0,-0.519590226040073,0.854415587991948,3.5,0,0,0,0,0,1753378560,1753378587.77118,100,100,0,0,0,0,1,0,0,0,0,0,0,1753378560
1953,1753378587.78786,12.6313020670979,-49.6484238951909,0,0,0,-0.519590226040073,0.854415587991948,3.5,0,0,0,0,0,1753378560,1753378587.77962,100,100,0,0,0,0,1,0,0,0,0,0,0,1753378560
1954,1753378587.79607,12.6453886195282,-49.6739633447753,0,0,0,-0.519590226040073,0.854415587991948,3.5,0,0,0,0,0,1753378560,1753378587.78789,100,100,0,0,0,0,1,0,0,0,0,0,0,1753378560
1955,1753378587.80448,12.6594751719585,-49.6995027943597,0,0,0,-0.519590226040073,0.854415587991948,3.5,0,0,0,0,0,1753378560,1753378587.79611,100,100,0,0,0,0,1,0,0,0,0,0,0,1753378560
1956,1753378587.81304,12.6735617243888,-49.725042243944,0,0,0,-0.519590226040073,0.854415587991948,3.5,0,0,0,0,0,1753378560,1753378587.8045,100,100,0,0,0,0,1,0,0,0,0,0,0,1753378560
1957,1753378587.82117,12.6876482768191,-49.7505816935284,0,0,0,-0.519590226040073,0.854415587991948,3.5,0,0,0,0,0,1753378560,1753378587.81308,100,100,0,0,0,0,1,0,0,0,0,0,0,1753378560
1958,1753378587.82951,12.7017348292493,-49.7761211431128,0,0,0,-0.519590226040073,0.854415587991948,3.5,0,0,0,0,0,1753378560,1753378587.8212,100,100,0,0,0,0,1,0,0,0,0,0,0,1753378560
1959,1753378587.83812,12.7158213816796,-49.8016605926972,0,0,0,-0.519590226040073,0.854415587991948,3.5,0,0,0,0,0,1753378560,1753378587.82953,100,100,0,0,0,0,1,0,0,0,0,0,0,1753378560
1960,1753378587.84607,12.7299079341099,-49.8272000422816,0,0,0,-0.519590226040073,0.854415587991948,3.5,0,0,0,0,0,1753378560,1753378587.83817,100,100,0,0,0,0,1,0,0,0,0,0,0,1753378560
1961,1753378587.85471,12.7439944865402,-49.852739491866,0,0,0,-0.519590226040073,0.854415587991948,3.5,0,0,0,0,0,1753378560,1753378587.8461,100,100,0,0,0,0,1,0,0,0,0,0,0,1753378560
1962,1753378587.86295,12.7580810389705,-49.8782789414504,0,0,0,-0.519590226040073,0.854415587991948,3.5,0,0,0,0,0,1753378560,1753378587.85476,100,100,0,0,0,0,1,0,0,0,0,0,0,1753378560
1963,1753378587.87125,12.7721675914008,-49.9038183910347,0,0,0,-0.519590226040073,0.854415587991948,3.5,0,0,0,0,0,1753378560,1753378587.86298,100,100,0,0,0,0,1,0,0,0,0,0,0,1753378560
1964,1753378587.87959,12.7862541438311,-49.9293578406191,0,0,0,-0.519590226040073,0.854415587991948,3.5,0,0,0,0,0,1753378560,1753378587.8713,100,100,0,0,0,0,1,0,0,0,0,0,0,1753378560
1965,1753378587.88793,12.8003406962613,-49.9548972902035,0,0,0,-0.519590226040073,0.854415587991948,3.5,0,0,0,0,0,1753378560,1753378587.87963,100,100,0,0,0,0,1,0,0,0,0,0,0,1753378560
1966,1753378587.89605,12.8144272486916,-49.9804367397879,0,0,0,-0.519590226040073,0.854415587991948,3.5,0,0,0,0,0,1753378560,1753378587.88796,100,100,0,0,0,0,1,0,0,0,0,0,0,1753378560
1967,1753378587.90458,12.8285138011219,-50.0059761893723,0,0,0,-0.519590226040073,0.854415587991948,3.5,0,0,0,0,0,1753378560,1753378587.89608,100,100,0,0,0,0,1,0,0,0,0,0,0,1753378560
1968,1753378587.91272,12.8426003535522,-50.0315156389567,0,0,0,-0.519590226040073,0.854415587991948,3.5,0,0,0,0,0,1753378560,1753378587.90462,100,100,0,0,0,0,1,0,0,0,0,0,0,1753378560
1969,1753378587.92118,12.8566869059825,-50.0570550885411,0,0,0,-0.519590226040073,0.854415587991948,3.5,0,0,0,0,0,1753378560,1753378587.91274,100,100,0,0,0,0,1,0,0,0,0,0,0,1753378560
1970,1753378587.92953,12.8707734584128,-50.0825945381254,0,0,0,-0.519590226040073,0.854415587991948,3.5,0,0,0,0,0,1753378560,1753378587.92121,100,100,0,0,0,0,1,0,0,0,0,0,0,1753378560
1971,1753378587.93802,12.8848600108431,-50.1081339877098,0,0,0,-0.519590226040073,0.854415587991948,3.5,0,0,0,0,0,1753378560,1753378587.92956,100,100,0,0,0,0,1,0,0,0,0,0,0,1753378560
1972,1753378587.94605,12.8989465632733,-50.1336734372942,0,0,0,-0.519590226040073,0.854415587991948,3.5,0,0,0,0,0,1753378560,1753378587.93805,100,100,0,0,0,0,1,0,0,0,0,0,0,1753378560
1973,1753378587.95467,12.9130331157036,-50.1592128868786,0,0,0,-0.519590226040073,0.854415587991948,3.5,0,0,0,0,0,1753378560,1753378587.94608,100,100,0,0,0,0,1,0,0,0,0,0,0,1753378560
1974,1753378587.96311,12.9271196681339,-50.184752336463,0,0,0,-0.519590226040073,0.854415587991948,3.5,0,0,0,0,0,1753378560,1753378587.9547,100,100,0,0,0,0,1,0,0,0,0,0,0,1753378560
1975,1753378587.9713,12.9412062205642,-50.2102917860474,0,0,0,-0.519590226040073,0.854415587991948,3.5,0,0,0,0,0,1753378560,1753378587.96316,100,100,0,0,0,0,1,0,0,0,0,0,0,1753378560
1976,1753378587.97977,12.9552927729945,-50.2358312356318,0,0,0,-0.519590226040073,0.854415587991948,3.5,0,0,0,0,0,1753378560,1753378587.97135,100,100,0,0,0,0,1,0,0,0,0,0,0,1753378560
1977,1753378587.9879,12.9693793254248,-50.2613706852161,0,0,0,-0.519590226040073,0.854415587991948,3.5,0,0,0,0,0,1753378560,1753378587.97979,100,100,0,0,0,0,1,0,0,0,0,0,0,1753378560
1978,1753378587.99637,12.9834658778551,-50.2869101348005,0,0,0,-0.519590226040073,0.854415587991948,3.5,0,0,0,0,0,1753378560,1753378587.98793,100,100,0,0,0,0,1,0,0,0,0,0,0,1753378560
1979,1753378588.00447,12.9975524302853,-50.3124495843849,0,0,0,-0.519590226040073,0.854415587991948,3.5,0,0,0,0,0,1753378560,1753378587.99642,100,100,0,0,0,0,1,0,0,0,0,0,0,1753378560
1980,1753378588.01312,13.0116389827156,-50.3379890339693,0,0,0,-0.519590226040073,0.854415587991948,3.5,0,0,0,0,0,1753378560,1753378588.0045,100,100,0,0,0,0,1,0,0,0,0,0,0,1753378560
1981,1753378588.02133,13.0257255351459,-50.3635284835537,0,0,0,-0.519590226040073,0.854415587991948,3.5,0,0,0,0,0,1753378560,1753378588.01316,100,100,0,0,0,0,1,0,0,0,0,0,0,1753378560
1982,1753378588.02952,13.0398120875762,-50.3890679331381,0,0,0,-0.519590226040073,0.854415587991948,3.5,0,0,0,0,0,1753378560,1753378588.02135,100,100,0,0,0,0,1,0,0,0,0,0,0,1753378560
1983,1753378588.03806,13.0538986400065,-50.4146073827225,0,0,0,-0.519590226040073,0.854415587991948,3.5,0,0,0,0,0,1753378560,1753378588.02955,100,100,0,0,0,0,1,0,0,0,0,0,0,1753378560
1984,1753378588.04607,13.0679851924368,-50.4401468323068,0,0,0,-0.519590226040073,0.854415587991948,3.5,0,0,0,0,0,1753378560,1753378588.03811,100,100,0,0,0,0,1,0,0,0,0,0,0,1753378560
1985,1753378588.05474,13.082071744867,-50.4656862818912,0,0,0,-0.519590226040073,0.854415587991948,3.5,0,0,0,0,0,1753378560,1753378588.0461,100,100,0,0,0,0,1,0,0,0,0,0,0,1753378560
1986,1753378588.06295,13.0961582972973,-50.4912257314756,0,0,0,-0.519590226040073,0.854415587991948,3.5,0,0,0,0,0,1753378560,1753378588.05479,100,100,0,0,0,0,1,0,0,0,0,0,0,1753378560
1987,1753378588.07143,13.1102448497276,-50.51676518106,0,0,0,-0.519590226040073,0.854415587991948,3.5,0,0,0,0,0,1753378560,1753378588.06297,100,100,0,0,0,0,1,0,0,0,0,0,0,1753378560
1988,1753378588.07957,13.1243314021579,-50.5423046306444,0,0,0,-0.519590226040073,0.854415587991948,3.5,0,0,0,0,0,1753378560,1753378588.07146,100,100,0,0,0,0,1,0,0,0,0,0,0,1753378560
1989,1753378588.08809,13.1384179545882,-50.5678440802288,0,0,0,-0.519590226040073,0.854415587991948,3.5,0,0,0,0,0,1753378560,1753378588.0796,100,100,0,0,0,0,1,0,0,0,0,0,0,1753378560
1990,1753378588.09611,13.1525045070185,-50.5933835298132,0,0,0,-0.519590226040073,0.854415587991948,3.5,0,0,0,0,0,1753378560,1753378588.08812,100,100,0,0,0,0,1,0,0,0,0,0,0,1753378560
1991,1753378588.10459,13.1665910594488,-50.6189229793976,0,0,0,-0.519590226040073,0.854415587991948,3.5,0,0,0,0,0,1753378560,1753378588.09614,100,100,0,0,0,0,1,0,0,0,0,0,0,1753378560
1992,1753378588.11266,13.180677611879,-50.6444624289819,0,0,0,-0.519590226040073,0.854415587991948,3.5,0,0,0,0,0,1753378560,1753378588.10462,100,100,0,0,0,0,1,0,0,0,0,0,0,1753378560
1993,1753378588.12115,13.1947641643093,-50.6700018785663,0,0,0,-0.519590226040073,0.854415587991948,3.5,0,0,0,0,0,1753378560,1753378588.11269,100,100,0,0,0,0,1,0,0,0,0,0,0,1753378560
1994,1753378588.12949,13.2088507167396,-50.6955413281507,0,0,0,-0.519590226040073,0.854415587991948,3.5,0,0,0,0,0,1753378560,1753378588.12119,100,100,0,0,0,0,1,0,0,0,0,0,0,1753378560
1995,1753378588.13799,13.2229372691699,-50.7210807777351,0,0,0,-0.519590226040073,0.854415587991948,3.5,0,0,0,0,0,1753378560,1753378588.12952,100,100,0,0,0,0,1,0,0,0,0,0,0,1753378560
1996,1753378588.14608,13.2370238216002,-50.7466202273195,0,0,0,-0.519590226040073,0.854415587991948,3.5,0,0,0,0,0,1753378560,1753378588.13802,100,100,0,0,0,0,1,0,0,0,0,0,0,1753378560
1997,1753378588.15438,13.2511103740305,-50.7721596769039,0,0,0,-0.519590226040073,0.854415587991948,3.5,0,0,0,0,0,1753378560,1753378588.14611,100,100,0,0,0,0,1,0,0,0,0,0,0,1753378560
1998,1753378588.16266,13.2651969264608,-50.7976991264883,0,0,0,-0.519590226040073,0.854415587991948,3.5,0,0,0,0,0,1753378560,1753378588.15441,100,100,0,0,0,0,1,0,0,0,0,0,0,1753378560
1999,1753378588.1714,13.279283478891,-50.8232385760726,0,0,0,-0.519590226040073,0.854415587991948,3.5,0,0,0,0,0,1753378560,1753378588.16269,100,100,0,0,0,0,1,0,0,0,0,0,0,1753378560
2000,1753378588.17952,13.2933700313213,-50.848778025657,0,0,0,-0.519590226040073,0.854415587991948,3.5,0,0,0,0,0,1753378560,1753378588.17143,100,100,0,0,0,0,1,0,0,0,0,0,0,1753378560
2001,1753378588.1878,13.3074565837516,-50.8743174752414,0,0,0,-0.519590226040073,0.854415587991948,3.5,0,0,0,0,0,1753378560,1753378588.17955,100,100,0,0,0,0,1,0,0,0,0,0,0,1753378560
2002,1753378588.19624,13.3215431361819,-50.8998569248258,0,0,0,-0.519590226040073,0.854415587991948,3.5,0,0,0,0,0,1753378560,1753378588.18782,100,100,0,0,0,0,1,0,0,0,0,0,0,1753378560
2003,1753378588.20457,13.3356296886122,-50.9253963744102,0,0,0,-0.519590226040073,0.854415587991948,3.5,0,0,0,0,0,1753378560,1753378588.1963,100,100,0,0,0,0,1,0,0,0,0,0,0,1753378560
2004,1753378588.21304,13.3497162410425,-50.9509358239946,0,0,0,-0.519590226040073,0.854415587991948,3.5,0,0,0,0,0,1753378560,1753378588.2046,100,100,0,0,0,0,1,0,0,0,0,0,0,1753378560
2005,1753378588.22125,13.3638027934728,-50.9764752735789,0,0,0,-0.519590226040073,0.854415587991948,3.5,0,0,0,0,0,1753378560,1753378588.21307,100,100,0,0,0,0,1,0,0,0,0,0,0,1753378560
2006,1753378588.22944,13.377889345903,-51.0020147231633,0,0,0,-0.519590226040073,0.854415587991948,3.5,0,0,0,0,0,1753378560,1753378588.22127,100,100,0,0,0,0,1,0,0,0,0,0,0,1753378560
2007,1753378588.23787,13.3919758983333,-51.0275541727477,0,0,0,-0.519590226040073,0.854415587991948,3.5,0,0,0,0,0,1753378560,1753378588.22947,100,100,0,0,0,0,1,0,0,0,0,0,0,1753378560
2008,1753378588.24607,13.4060624507636,-51.0530936223321,0,0,0,-0.519590226040073,0.854415587991948,3.5,0,0,0,0,0,1753378560,1753378588.2379,100,100,0,0,0,0,1,0,0,0,0,0,0,1753378560
2009,1753378588.25441,13.4201490031939,-51.0786330719165,0,0,0,-0.519590226040073,0.854415587991948,3.5,0,0,0,0,0,1753378560,1753378588.24609,100,100,0,0,0,0,1,0,0,0,0,0,0,1753378560
2010,1753378588.26276,13.4342355556242,-51.1041725215009,0,0,0,-0.519590226040073,0.854415587991948,3.5,0,0,0,0,0,1753378560,1753378588.25444,100,100,0,0,0,0,1,0,0,0,0,0,0,1753378560
2011,1753378588.27146,13.4483221080545,-51.1297119710853,0,0,0,-0.519590226040073,0.854415587991948,3.5,0,0,0,0,0,1753378560,1753378588.26278,100,100,0,0,0,0,1,0,0,0,0,0,0,1753378560
2012,1753378588.27953,13.4624086604848,-51.1552514206697,0,0,0,-0.519590226040073,0.854415587991948,3.5,0,0,0,0,0,1753378560,1753378588.2715,100,100,0,0,0,0,1,0,0,0,0,0,0,1753378560
2013,1753378588.28803,13.476495212915,-51.180790870254,0,0,0,-0.519590226040073,0.854415587991948,3.5,0,0,0,0,0,1753378560,1753378588.27956,100,100,0,0,0,0,1,0,0,0,0,0,0,1753378560
2014,1753378588.29611,13.4905817653453,-51.2063303198384,0,0,0,-0.519590226040073,0.854415587991948,3.5,0,0,0,0,0,1753378560,1753378588.28806,100,100,0,0,0,0,1,0,0,0,0,0,0,1753378560
2015,1753378588.30444,13.5046683177756,-51.2318697694228,0,0,0,-0.519590226040073,0.854415587991948,3.5,0,0,0,0,0,1753378560,1753378588.29615,100,100,0,0,0,0,1,0,0,0,0,0,0,1753378560
2016,1753378588.31264,13.5187548702059,-51.2574092190072,0,0,0,-0.519590226040073,0.854415587991948,3.5,0,0,0,0,0,1753378560,1753378588.30447,100,100,0,0,0,0,1,0,0,0,0,0,0,1753378560
2017,1753378588.3212,13.5328414226362,-51.2829486685916,0,0,0,-0.519590226040073,0.854415587991948,3.5,0,0,0,0,0,1753378560,1753378588.31267,100,100,0,0,0,0,1,0,0,0,0,0,0,1753378560
2018,1753378588.3295,13.5469279750665,-51.308488118176,0,0,0,-0.519590226040073,0.854415587991948,3.5,0,0,0,0,0,1753378560,1753378588.32123,100,100,0,0,0,0,1,0,0,0,0,0,0,1753378560
2019,1753378588.3382,13.5610145274967,-51.3340275677604,0,0,0,-0.519590226040073,0.854415587991948,3.5,0,0,0,0,0,1753378560,1753378588.32953,100,100,0,0,0,0,1,0,0,0,0,0,0,1753378560
2020,1753378588.34631,13.575101079927,-51.3595670173447,0,0,0,-0.519590226040073,0.854415587991948,3.5,0,0,0,0,0,1753378560,1753378588.33826,100,100,0,0,0,0,1,0,0,0,0,0,0,1753378560
2021,1753378588.35475,13.5891876323573,-51.3851064669291,0,0,0,-0.519590226040073,0.854415587991948,3.5,0,0,0,0,0,1753378560,1753378588.34635,100,100,0,0,0,0,1,0,0,0,0,0,0,1753378560
2022,1753378588.36267,13.6032741847876,-51.4106459165135,0,0,0,-0.519590226040073,0.854415587991948,3.5,0,0,0,0,0,1753378560,1753378588.35478,100,100,0,0,0,0,1,0,0,0,0,0,0,1753378560
2023,1753378588.37124,13.6173607372179,-51.4361853660979,0,0,0,-0.519590226040073,0.854415587991948,3.5,0,0,0,0,0,1753378560,1753378588.3627,100,100,0,0,0,0,1,0,0,0,0,0,0,1753378560
2024,1753378588.37969,13.6314472896482,-51.4617248156823,0,0,0,-0.519590226040073,0.854415587991948,3.5,0,0,0,0,0,1753378560,1753378588.37127,100,100,0,0,0,0,1,0,0,0,0,0,0,1753378560
2025,1753378588.38784,13.6455338420785,-51.4872642652667,0,0,0,-0.519590226040073,0.854415587991948,3.5,0,0,0,0,0,1753378560,1753378588.37971,100,100,0,0,0,0,1,0,0,0,0,0,0,1753378560
2026,1753378588.39614,13.6596203945087,-51.5128037148511,0,0,0,-0.519590226040073,0.854415587991948,3.5,0,0,0,0,0,1753378560,1753378588.38787,100,100,0,0,0,0,1,0,0,0,0,0,0,1753378560
2027,1753378588.40456,13.673706946939,-51.5383431644354,0,0,0,-0.519590226040073,0.854415587991948,3.5,0,0,0,0,0,1753378560,1753378588.39618,100,100,0,0,0,0,1,0,0,0,0,0,0,1753378560
2028,1753378588.41267,13.6877934993693,-51.5638826140198,0,0,0,-0.519590226040073,0.854415587991948,3.5,0,0,0,0,0,1753378560,1753378588.40458,100,100,0,0,0,0,1,0,0,0,0,0,0,1753378560
2029,1753378588.42111,13.7018800517996,-51.5894220636042,0,0,0,-0.519590226040073,0.854415587991948,3.5,0,0,0,0,0,1753378560,1753378588.41269,100,100,0,0,0,0,1,0,0,0,0,0,0,1753378560
2030,1753378588.42951,13.7159666042299,-51.6149615131886,0,0,0,-0.519590226040073,0.854415587991948,3.5,0,0,0,0,0,1753378560,1753378588.42113,100,100,0,0,0,0,1,0,0,0,0,0,0,1753378560
2031,1753378588.43783,13.7300531566602,-51.640500962773,0,0,0,-0.519590226040073,0.854415587991948,3.5,0,0,0,0,0,1753378560,1753378588.42954,100,100,0,0,0,0,1,0,0,0,0,0,0,1753378560
2032,1753378588.44621,13.7441397090905,-51.6660404123574,0,0,0,-0.519590226040073,0.854415587991948,3.5,0,0,0,0,0,1753378560,1753378588.43785,100,100,0,0,0,0,1,0,0,0,0,0,0,1753378560
2033,1753378588.45465,13.7582262615207,-51.6915798619418,0,0,0,-0.519590226040073,0.854415587991948,3.5,0,0,0,0,0,1753378560,1753378588.44624,100,100,0,0,0,0,1,0,0,0,0,0,0,1753378560
2034,1753378588.46282,13.772312813951,-51.7171193115261,0,0,0,-0.519590226040073,0.854415587991948,3.5,0,0,0,0,0,1753378560,1753378588.45468,100,100,0,0,0,0,1,0,0,0,0,0,0,1753378560
2035,1753378588.47134,13.7863993663813,-51.7426587611105,0,0,0,-0.519590226040073,0.854415587991948,3.5,0,0,0,0,0,1753378560,1753378588.46286,100,100,0,0,0,0,1,0,0,0,0,0,0,1753378560
2036,1753378588.47971,13.8004859188116,-51.7681982106949,0,0,0,-0.519590226040073,0.854415587991948,3.5,0,0,0,0,0,1753378560,1753378588.47137,100,100,0,0,0,0,1,0,0,0,0,0,0,1753378560
2037,1753378588.48795,13.8145724712419,-51.7937376602793,0,0,0,-0.519590226040073,0.854415587991948,3.5,0,0,0,0,0,1753378560,1753378588.47976,100,100,0,0,0,0,1,0,0,0,0,0,0,1753378560
2038,1753378588.49641,13.8286590236722,-51.8192771098637,0,0,0,-0.519590226040073,0.854415587991948,3.5,0,0,0,0,0,1753378560,1753378588.488,100,100,0,0,0,0,1,0,0,0,0,0,0,1753378560
2039,1753378588.5044,13.8427455761025,-51.8448165594481,0,0,0,-0.519590226040073,0.854415587991948,3.5,0,0,0,0,0,1753378560,1753378588.49646,100,100,0,0,0,0,1,0,0,0,0,0,0,1753378560
2040,1753378588.51293,13.8568321285327,-51.8703560090325,0,0,0,-0.519590226040073,0.854415587991948,3.5,0,0,0,0,0,1753378560,1753378588.50442,100,100,0,0,0,0,1,0,0,0,0,0,0,1753378560
2041,1753378588.52125,13.870918680963,-51.8958954586168,0,0,0,-0.519590226040073,0.854415587991948,3.5,0,0,0,0,0,1753378560,1753378588.51296,100,100,0,0,0,0,1,0,0,0,0,0,0,1753378560
2042,1753378588.52956,13.8850052333933,-51.9214349082012,0,0,0,-0.519590226040073,0.854415587991948,3.5,0,0,0,0,0,1753378560,1753378588.52128,100,100,0,0,0,0,1,0,0,0,0,0,0,1753378560
2043,1753378588.53777,13.8990917858236,-51.9469743577856,0,0,0,-0.519590226040073,0.854415587991948,3.5,0,0,0,0,0,1753378560,1753378588.52958,100,100,0,0,0,0,1,0,0,0,0,0,0,1753378560
2044,1753378588.54608,13.9131783382539,-51.97251380737,0,0,0,-0.519590226040073,0.854415587991948,3.5,0,0,0,0,0,1753378560,1753378588.53779,100,100,0,0,0,0,1,0,0,0,0,0,0,1753378560
2045,1753378588.55446,13.9272648906842,-51.9980532569544,0,0,0,-0.519590226040073,0.854415587991948,3.5,0,0,0,0,0,1753378560,1753378588.54611,100,100,0,0,0,0,1,0,0,0,0,0,0,1753378560
2046,1753378588.56268,13.9413514431145,-52.0235927065388,0,0,0,-0.519590226040073,0.854415587991948,3.5,0,0,0,0,0,1753378560,1753378588.55449,100,100,0,0,0,0,1,0,0,0,0,0,0,1753378560
2047,1753378588.57122,13.9554379955447,-52.0491321561232,0,0,0,-0.519590226040073,0.854415587991948,3.5,0,0,0,0,0,1753378560,1753378588.56271,100,100,0,0,0,0,1,0,0,0,0,0,0,1753378560
2048,1753378588.57956,13.969524547975,-52.0746716057075,0,0,0,-0.519590226040073,0.854415587991948,3.5,0,0,0,0,0,1753378560,1753378588.57125,100,100,0,0,0,0,1,0,0,0,0,0,0,1753378560
2049,1753378588.5879,13.9836111004053,-52.1002110552919,0,0,0,-0.519590226040073,0.854415587991948,3.5,0,0,0,0,0,1753378560,1753378588.57959,100,100,0,0,0,0,1,0,0,0,0,0,0,1753378560
2050,1753378588.59635,13.9976976528356,-52.1257505048763,0,0,0,-0.519590226040073,0.854415587991948,3.5,0,0,0,0,0,1753378560,1753378588.58792,100,100,0,0,0,0,1,0,0,0,0,0,0,1753378560
2051,1753378588.60451,14.0117842052659,-52.1512899544607,0,0,0,-0.519590226040073,0.854415587991948,3.5,0,0,0,0,0,1753378560,1753378588.5964,100,100,0,0,0,0,1,0,0,0,0,0,0,1753378560
2052,1753378588.61266,14.0258707576962,-52.1768294040451,0,0,0,-0.519590226040073,0.854415587991948,3.5,0,0,0,0,0,1753378560,1753378588.60454,100,100,0,0,0,0,1,0,0,0,0,0,0,1753378560
2053,1753378588.62123,14.0399573101265,-52.2023688536295,0,0,0,-0.519590226040073,0.854415587991948,3.5,0,0,0,0,0,1753378560,1753378588.61269,100,100,0,0,0,0,1,0,0,0,0,0,0,1753378560
2054,1753378588.62985,14.0540438625567,-52.2279083032139,0,0,0,-0.519590226040073,0.854415587991948,3.5,0,0,0,0,0,1753378560,1753378588.62127,100,100,0,0,0,0,1,0,0,0,0,0,0,1753378560
2055,1753378588.63824,14.068130414987,-52.2534477527982,0,0,0,-0.519590226040073,0.854415587991948,3.5,0,0,0,0,0,1753378560,1753378588.62988,100,100,0,0,0,0,1,0,0,0,0,0,0,1753378560
2056,1753378588.64654,14.0822169674173,-52.2789872023826,0,0,0,-0.519590226040073,0.854415587991948,3.5,0,0,0,0,0,1753378560,1753378588.63827,100,100,0,0,0,0,1,0,0,0,0,0,0,1753378560
2057,1753378588.65483,14.0963035198476,-52.304526651967,0,0,0,-0.519590226040073,0.854415587991948,3.5,0,0,0,0,0,1753378560,1753378588.64657,100,100,0,0,0,0,1,0,0,0,0,0,0,1753378560
2058,1753378588.66315,14.1103900722779,-52.3300661015514,0,0,0,-0.519590226040073,0.854415587991948,3.5,0,0,0,0,0,1753378560,1753378588.65489,100,100,0,0,0,0,1,0,0,0,0,0,0,1753378560
2059,1753378588.6714,14.1244766247082,-52.3556055511358,0,0,0,-0.519590226040073,0.854415587991948,3.5,0,0,0,0,0,1753378560,1753378588.6632,100,100,0,0,0,0,1,0,0,0,0,0,0,1753378560
2060,1753378588.67976,14.1385631771384,-52.3811450007202,0,0,0,-0.519590226040073,0.854415587991948,3.5,0,0,0,0,0,1753378560,1753378588.67145,100,100,0,0,0,0,1,0,0,0,0,0,0,1753378560
2061,1753378588.68812,14.1526497295687,-52.4066844503046,0,0,0,-0.519590226040073,0.854415587991948,3.5,0,0,0,0,0,1753378560,1753378588.67981,100,100,0,0,0,0,1,0,0,0,0,0,0,1753378560
2062,1753378588.69665,14.166736281999,-52.432223899889,0,0,0,-0.519590226040073,0.854415587991948,3.5,0,0,0,0,0,1753378560,1753378588.68818,100,100,0,0,0,0,1,0,0,0,0,0,0,1753378560
2063,1753378588.70486,14.1808228344293,-52.4577633494733,0,0,0,-0.519590226040073,0.854415587991948,3.5,0,0,0,0,0,1753378560,1753378588.69669,100,100,0,0,0,0,1,0,0,0,0,0,0,1753378560
2064,1753378588.71303,14.1949093868596,-52.4833027990577,0,0,0,-0.519590226040073,0.854415587991948,3.5,0,0,0,0,0,1753378560,1753378588.70491,100,100,0,0,0,0,1,0,0,0,0,0,0,1753378560
2065,1753378588.72158,14.2089959392899,-52.5088422486421,0,0,0,-0.519590226040073,0.854415587991948,3.5,0,0,0,0,0,1753378560,1753378588.71307,100,100,0,0,0,0,1,0,0,0,0,0,0,1753378560
2066,1753378588.72976,14.2230824917202,-52.5343816982265,0,0,0,-0.519590226040073,0.854415587991948,3.5,0,0,0,0,0,1753378560,1753378588.72163,100,100,0,0,0,0,1,0,0,0,0,0,0,1753378560
2067,1753378588.73808,14.2371690441504,-52.5599211478109,0,0,0,-0.519590226040073,0.854415587991948,3.5,0,0,0,0,0,1753378560,1753378588.72979,100,100,0,0,0,0,1,0,0,0,0,0,0,1753378560
2068,1753378588.74626,14.2512555965807,-52.5854605973953,0,0,0,-0.519590226040073,0.854415587991948,3.5,0,0,0,0,0,1753378560,1753378588.73812,100,100,0,0,0,0,1,0,0,0,0,0,0,1753378560
2069,1753378588.7552,14.265342149011,-52.6110000469796,0,0,0,-0.519590226040073,0.854415587991948,3.5,0,0,0,0,0,1753378560,1753378588.74629,100,100,0,0,0,0,1,0,0,0,0,0,0,1753378560
2070,1753378588.76269,14.2794287014413,-52.636539496564,0,0,0,-0.519590226040073,0.854415587991948,3.5,0,0,0,0,0,1753378560,1753378588.75523,100,100,0,0,0,0,1,0,0,0,0,0,0,1753378560
2071,1753378588.77144,14.2935152538716,-52.6620789461484,0,0,0,-0.519590226040073,0.854415587991948,3.5,0,0,0,0,0,1753378560,1753378588.76271,100,100,0,0,0,0,1,0,0,0,0,0,0,1753378560
2072,1753378588.7795,14.3076018063019,-52.6876183957328,0,0,0,-0.519590226040073,0.854415587991948,3.5,0,0,0,0,0,1753378560,1753378588.77148,100,100,0,0,0,0,1,0,0,0,0,0,0,1753378560
2073,1753378588.78782,14.3216883587322,-52.7131578453172,0,0,0,-0.519590226040073,0.854415587991948,3.5,0,0,0,0,0,1753378560,1753378588.77954,100,100,0,0,0,0,1,0,0,0,0,0,0,1753378560
2074,1753378588.79634,14.3357749111624,-52.7386972949016,0,0,0,-0.519590226040073,0.854415587991948,3.5,0,0,0,0,0,1753378560,1753378588.78787,100,100,0,0,0,0,1,0,0,0,0,0,0,1753378560
2075,1753378588.80479,14.3498614635927,-52.764236744486,0,0,0,-0.519590226040073,0.854415587991948,3.5,0,0,0,0,0,1753378560,1753378588.79643,100,100,0,0,0,0,1,0,0,0,0,0,0,1753378560
2076,1753378588.8137,14.363948016023,-52.7897761940704,0,0,0,-0.519590226040073,0.854415587991948,3.5,0,0,0,0,0,1753378560,1753378588.80487,100,100,0,0,0,0,1,0,0,0,0,0,0,1753378560
2077,1753378588.82146,14.3780345684533,-52.8153156436547,0,0,0,-0.519590226040073,0.854415587991948,3.5,0,0,0,0,0,1753378560,1753378588.81373,100,100,0,0,0,0,1,0,0,0,0,0,0,1753378560
2078,1753378588.8298,14.3921211208836,-52.8408550932391,0,0,0,-0.519590226040073,0.854415587991948,3.5,0,0,0,0,0,1753378560,1753378588.8215,100,100,0,0,0,0,1,0,0,0,0,0,0,1753378560
2079,1753378588.83786,14.4062076733139,-52.8663945428235,0,0,0,-0.519590226040073,0.854415587991948,3.5,0,0,0,0,0,1753378560,1753378588.82984,100,100,0,0,0,0,1,0,0,0,0,0,0,1753378560
2080,1753378588.84615,14.4202942257442,-52.8919339924079,0,0,0,-0.519590226040073,0.854415587991948,3.5,0,0,0,0,0,1753378560,1753378588.83789,100,100,0,0,0,0,1,0,0,0,0,0,0,1753378560
2081,1753378588.85452,14.4343807781744,-52.9174734419923,0,0,0,-0.519590226040073,0.854415587991948,3.5,0,0,0,0,0,1753378560,1753378588.84618,100,100,0,0,0,0,1,0,0,0,0,0,0,1753378560
2082,1753378588.86264,14.4484673306047,-52.9430128915767,0,0,0,-0.519590226040073,0.854415587991948,3.5,0,0,0,0,0,1753378560,1753378588.85455,100,100,0,0,0,0,1,0,0,0,0,0,0,1753378560
2083,1753378588.87134,14.462553883035,-52.9685523411611,0,0,0,-0.519590226040073,0.854415587991948,3.5,0,0,0,0,0,1753378560,1753378588.86267,100,100,0,0,0,0,1,0,0,0,0,0,0,1753378560
2084,1753378588.87956,14.4766404354653,-52.9940917907454,0,0,0,-0.519590226040073,0.854415587991948,3.5,0,0,0,0,0,1753378560,1753378588.87137,100,100,0,0,0,0,1,0,0,0,0,0,0,1753378560
2085,1753378588.88791,14.4907269878956,-53.0196312403298,0,0,0,-0.519590226040073,0.854415587991948,3.5,0,0,0,0,0,1753378560,1753378588.87959,100,100,0,0,0,0,1,0,0,0,0,0,0,1753378560
2086,1753378588.89612,14.5048135403259,-53.0451706899142,0,0,0,-0.519590226040073,0.854415587991948,3.5,0,0,0,0,0,1753378560,1753378588.88794,100,100,0,0,0,0,1,0,0,0,0,0,0,1753378560
2087,1753378588.9046,14.5189000927562,-53.0707101394986,0,0,0,-0.519590226040073,0.854415587991948,3.5,0,0,0,0,0,1753378560,1753378588.89614,100,100,0,0,0,0,1,0,0,0,0,0,0,1753378560
2088,1753378588.9127,14.5329866451864,-53.096249589083,0,0,0,-0.519590226040073,0.854415587991948,3.5,0,0,0,0,0,1753378560,1753378588.90462,100,100,0,0,0,0,1,0,0,0,0,0,0,1753378560
2089,1753378588.92149,14.5470731976167,-53.1217890386674,0,0,0,-0.519590226040073,0.854415587991948,3.5,0,0,0,0,0,1753378560,1753378588.91273,100,100,0,0,0,0,1,0,0,0,0,0,0,1753378560
2090,1753378588.9297,14.561159750047,-53.1473284882518,0,0,0,-0.519590226040073,0.854415587991948,3.5,0,0,0,0,0,1753378560,1753378588.92154,100,100,0,0,0,0,1,0,0,0,0,0,0,1753378560
2091,1753378588.93785,14.5752463024773,-53.1728679378361,0,0,0,-0.519590226040073,0.854415587991948,3.5,0,0,0,0,0,1753378560,1753378588.92973,100,100,0,0,0,0,1,0,0,0,0,0,0,1753378560
2092,1753378588.94636,14.5893328549076,-53.1984073874205,0,0,0,-0.519590226040073,0.854415587991948,3.5,0,0,0,0,0,1753378560,1753378588.93788,100,100,0,0,0,0,1,0,0,0,0,0,0,1753378560
2093,1753378588.9547,14.6034194073379,-53.2239468370049,0,0,0,-0.519590226040073,0.854415587991948,3.5,0,0,0,0,0,1753378560,1753378588.94638,100,100,0,0,0,0,1,0,0,0,0,0,0,1753378560
2094,1753378588.96298,14.6175059597682,-53.2494862865893,0,0,0,-0.519590226040073,0.854415587991948,3.5,0,0,0,0,0,1753378560,1753378588.95475,100,100,0,0,0,0,1,0,0,0,0,0,0,1753378560
2095,1753378588.97144,14.6315925121984,-53.2750257361737,0,0,0,-0.519590226040073,0.854415587991948,3.5,0,0,0,0,0,1753378560,1753378588.96301,100,100,0,0,0,0,1,0,0,0,0,0,0,1753378560
2096,1753378588.97977,14.6456790646287,-53.3005651857581,0,0,0,-0.519590226040073,0.854415587991948,3.5,0,0,0,0,0,1753378560,1753378588.97148,100,100,0,0,0,0,1,0,0,0,0,0,0,1753378560
2097,1753378588.98805,14.659765617059,-53.3261046353425,0,0,0,-0.519590226040073,0.854415587991948,3.5,0,0,0,0,0,1753378560,1753378588.97981,100,100,0,0,0,0,1,0,0,0,0,0,0,1753378560
2098,1753378588.99637,14.6738521694893,-53.3516440849268,0,0,0,-0.519590226040073,0.854415587991948,3.5,0,0,0,0,0,1753378560,1753378588.9881,100,100,0,0,0,0,1,0,0,0,0,0,0,1753378560
2099,1753378589.00475,14.6879387219196,-53.3771835345112,0,0,0,-0.519590226040073,0.854415587991948,3.5,0,0,0,0,0,1753378560,1753378588.9964,100,100,0,0,0,0,1,0,0,0,0,0,0,1753378560
2100,1753378589.0127,14.7020252743499,-53.4027229840956,0,0,0,-0.519590226040073,0.854415587991948,3.5,0,0,0,0,0,1753378560,1753378589.0048,100,100,0,0,0,0,1,0,0,0,0,0,0,1753378560
2101,1753378589.02114,14.7161118267801,-53.42826243368,0,0,0,-0.519590226040073,0.854415587991948,3.5,0,0,0,0,0,1753378560,1753378589.01273,100,100,0,0,0,0,1,0,0,0,0,0,0,1753378560
2102,1753378589.02951,14.7301983792104,-53.4538018832644,0,0,0,-0.519590226040073,0.854415587991948,3.5,0,0,0,0,0,1753378560,1753378589.02116,100,100,0,0,0,0,1,0,0,0,0,0,0,1753378560
2103,1753378589.03782,14.7442849316407,-53.4793413328488,0,0,0,-0.519590226040073,0.854415587991948,3.5,0,0,0,0,0,1753378560,1753378589.02954,100,100,0,0,0,0,1,0,0,0,0,0,0,1753378560
2104,1753378589.04635,14.758371484071,-53.5048807824332,0,0,0,-0.519590226040073,0.854415587991948,3.5,0,0,0,0,0,1753378560,1753378589.03784,100,100,0,0,0,0,1,0,0,0,0,0,0,1753378560
2105,1753378589.05445,14.7724580365013,-53.5304202320175,0,0,0,-0.519590226040073,0.854415587991948,3.5,0,0,0,0,0,1753378560,1753378589.04638,100,100,0,0,0,0,1,0,0,0,0,0,0,1753378560
2106,1753378589.06363,14.7865445889316,-53.5559596816019,0,0,0,-0.519590226040073,0.854415587991948,3.5,0,0,0,0,0,1753378560,1753378589.05448,100,100,0,0,0,0,1,0,0,0,0,0,0,1753378560
2107,1753378589.07132,14.8006311413619,-53.5814991311863,0,0,0,-0.519590226040073,0.854415587991948,3.5,0,0,0,0,0,1753378560,1753378589.06369,100,100,0,0,0,0,1,0,0,0,0,0,0,1753378560
2108,1753378589.07958,14.8147176937921,-53.6070385807707,0,0,0,-0.519590226040073,0.854415587991948,3.5,0,0,0,0,0,1753378560,1753378589.07135,100,100,0,0,0,0,1,0,0,0,0,0,0,1753378560
2109,1753378589.08782,14.8288042462224,-53.6325780303551,0,0,0,-0.519590226040073,0.854415587991948,3.5,0,0,0,0,0,1753378560,1753378589.07961,100,100,0,0,0,0,1,0,0,0,0,0,0,1753378560
2110,1753378589.09621,14.8428907986527,-53.6581174799395,0,0,0,-0.519590226040073,0.854415587991948,3.5,0,0,0,0,0,1753378560,1753378589.08784,100,100,0,0,0,0,1,0,0,0,0,0,0,1753378560
2111,1753378589.10473,14.856977351083,-53.6836569295239,0,0,0,-0.519590226040073,0.854415587991948,3.5,0,0,0,0,0,1753378560,1753378589.09624,100,100,0,0,0,0,1,0,0,0,0,0,0,1753378560
2112,1753378589.11265,14.8710639035133,-53.7091963791082,0,0,0,-0.519590226040073,0.854415587991948,3.5,0,0,0,0,0,1753378560,1753378589.1048,100,100,0,0,0,0,1,0,0,0,0,0,0,1753378560
2113,1753378589.12118,14.8851504559436,-53.7347358286926,0,0,0,-0.519590226040073,0.854415587991948,3.5,0,0,0,0,0,1753378560,1753378589.11268,100,100,0,0,0,0,1,0,0,0,0,0,0,1753378560
2114,1753378589.12953,14.8992370083739,-53.760275278277,0,0,0,-0.519590226040073,0.854415587991948,3.5,0,0,0,0,0,1753378560,1753378589.12121,100,100,0,0,0,0,1,0,0,0,0,0,0,1753378560
2115,1753378589.13808,14.9133235608041,-53.7858147278614,0,0,0,-0.519590226040073,0.854415587991948,3.5,0,0,0,0,0,1753378560,1753378589.12956,100,100,0,0,0,0,1,0,0,0,0,0,0,1753378560
2116,1753378589.14608,14.9274101132344,-53.8113541774458,0,0,0,-0.519590226040073,0.854415587991948,3.5,0,0,0,0,0,1753378560,1753378589.1381,100,100,0,0,0,0,1,0,0,0,0,0,0,1753378560
2117,1753378589.15457,14.9414966656647,-53.8368936270302,0,0,0,-0.519590226040073,0.854415587991948,3.5,0,0,0,0,0,1753378560,1753378589.1461,100,100,0,0,0,0,1,0,0,0,0,0,0,1753378560
2118,1753378589.16273,14.955583218095,-53.8624330766146,0,0,0,-0.519590226040073,0.854415587991948,3.5,0,0,0,0,0,1753378560,1753378589.1546,100,100,0,0,0,0,1,0,0,0,0,0,0,1753378560
2119,1753378589.17135,14.9696697705253,-53.8879725261989,0,0,0,-0.519590226040073,0.854415587991948,3.5,0,0,0,0,0,1753378560,1753378589.16276,100,100,0,0,0,0,1,0,0,0,0,0,0,1753378560
2120,1753378589.17949,14.9837563229556,-53.9135119757833,0,0,0,-0.519590226040073,0.854415587991948,3.5,0,0,0,0,0,1753378560,1753378589.17138,100,100,0,0,0,0,1,0,0,0,0,0,0,1753378560
2121,1753378589.18875,14.9978428753859,-53.9390514253677,0,0,0,-0.519590226040073,0.854415587991948,3.5,0,0,0,0,0,1753378560,1753378589.17952,100,100,0,0,0,0,1,0,0,0,0,0,0,1753378560
2122,1753378589.19631,15.0119294278161,-53.9645908749521,0,0,0,-0.519590226040073,0.854415587991948,3.5,0,0,0,0,0,1753378560,1753378589.18878,100,100,0,0,0,0,1,0,0,0,0,0,0,1753378560
2123,1753378589.20467,15.0260159802464,-53.9901303245365,0,0,0,-0.519590226040073,0.854415587991948,3.5,0,0,0,0,0,1753378560,1753378589.19636,100,100,0,0,0,0,1,0,0,0,0,0,0,1753378560
2124,1753378589.21298,15.0401025326767,-54.0156697741209,0,0,0,-0.519590226040073,0.854415587991948,3.5,0,0,0,0,0,1753378560,1753378589.20471,100,100,0,0,0,0,1,0,0,0,0,0,0,1753378560
2125,1753378589.22144,15.054189085107,-54.0412092237053,0,0,0,-0.519590226040073,0.854415587991948,3.5,0,0,0,0,0,1753378560,1753378589.21303,100,100,0,0,0,0,1,0,0,0,0,0,0,1753378560
2126,1753378589.22975,15.0682756375373,-54.0667486732897,0,0,0,-0.519590226040073,0.854415587991948,3.5,0,0,0,0,0,1753378560,1753378589.22148,100,100,0,0,0,0,1,0,0,0,0,0,0,1753378560
2127,1753378589.23799,15.0823621899676,-54.092288122874,0,0,0,-0.519590226040073,0.854415587991948,3.5,0,0,0,0,0,1753378560,1753378589.22979,100,100,0,0,0,0,1,0,0,0,0,0,0,1753378560
2128,1753378589.24604,15.0964487423979,-54.1178275724584,0,0,0,-0.519590226040073,0.854415587991948,3.5,0,0,0,0,0,1753378560,1753378589.23803,100,100,0,0,0,0,1,0,0,0,0,0,0,1753378560
2129,1753378589.25445,15.1105352948281,-54.1433670220428,0,0,0,-0.519590226040073,0.854415587991948,3.5,0,0,0,0,0,1753378560,1753378589.24606,100,100,0,0,0,0,1,0,0,0,0,0,0,1753378560
2130,1753378589.26273,15.1246218472584,-54.1689064716272,0,0,0,-0.519590226040073,0.854415587991948,3.5,0,0,0,0,0,1753378560,1753378589.25448,100,100,0,0,0,0,1,0,0,0,0,0,0,1753378560
2131,1753378589.27116,15.1387083996887,-54.1944459212116,0,0,0,-0.519590226040073,0.854415587991948,3.5,0,0,0,0,0,1753378560,1753378589.26276,100,100,0,0,0,0,1,0,0,0,0,0,0,1753378560
2132,1753378589.27975,15.152794952119,-54.219985370796,0,0,0,-0.519590226040073,0.854415587991948,3.5,0,0,0,0,0,1753378560,1753378589.27119,100,100,0,0,0,0,1,0,0,0,0,0,0,1753378560
2133,1753378589.28797,15.1668815045493,-54.2455248203803,0,0,0,-0.519590226040073,0.854415587991948,3.5,0,0,0,0,0,1753378560,1753378589.2798,100,100,0,0,0,0,1,0,0,0,0,0,0,1753378560
2134,1753378589.2961,15.1809680569796,-54.2710642699647,0,0,0,-0.519590226040073,0.854415587991948,3.5,0,0,0,0,0,1753378560,1753378589.288,100,100,0,0,0,0,1,0,0,0,0,0,0,1753378560
2135,1753378589.30463,15.1950546094098,-54.2966037195491,0,0,0,-0.519590226040073,0.854415587991948,3.5,0,0,0,0,0,1753378560,1753378589.29613,100,100,0,0,0,0,1,0,0,0,0,0,0,1753378560
2136,1753378589.31306,15.2091411618401,-54.3221431691335,0,0,0,-0.519590226040073,0.854415587991948,3.5,0,0,0,0,0,1753378560,1753378589.30466,100,100,0,0,0,0,1,0,0,0,0,0,0,1753378560
2137,1753378589.32147,15.2232277142704,-54.3476826187179,0,0,0,-0.519590226040073,0.854415587991948,3.5,0,0,0,0,0,1753378560,1753378589.3131,100,100,0,0,0,0,1,0,0,0,0,0,0,1753378560
2138,1753378589.32979,15.2373142667007,-54.3732220683023,0,0,0,-0.519590226040073,0.854415587991948,3.5,0,0,0,0,0,1753378560,1753378589.32152,100,100,0,0,0,0,1,0,0,0,0,0,0,1753378560
2139,1753378589.33813,15.251400819131,-54.3987615178867,0,0,0,-0.519590226040073,0.854415587991948,3.5,0,0,0,0,0,1753378560,1753378589.32982,100,100,0,0,0,0,1,0,0,0,0,0,0,1753378560
2140,1753378589.34609,15.2654873715613,-54.424300967471,0,0,0,-0.519590226040073,0.854415587991948,3.5,0,0,0,0,0,1753378560,1753378589.33818,100,100,0,0,0,0,1,0,0,0,0,0,0,1753378560
2141,1753378589.35464,15.2795739239916,-54.4498404170554,0,0,0,-0.519590226040073,0.854415587991948,3.5,0,0,0,0,0,1753378560,1753378589.34611,100,100,0,0,0,0,1,0,0,0,0,0,0,1753378560
2142,1753378589.36272,15.2936604764218,-54.4753798666398,0,0,0,-0.519590226040073,0.854415587991948,3.5,0,0,0,0,0,1753378560,1753378589.35466,100,100,0,0,0,0,1,0,0,0,0,0,0,1753378560
2143,1753378589.3712,15.3077470288521,-54.5009193162242,0,0,0,-0.519590226040073,0.854415587991948,3.5,0,0,0,0,0,1753378560,1753378589.36275,100,100,0,0,0,0,1,0,0,0,0,0,0,1753378560
2144,1753378589.37952,15.3218335812824,-54.5264587658086,0,0,0,-0.519590226040073,0.854415587991948,3.5,0,0,0,0,0,1753378560,1753378589.37123,100,100,0,0,0,0,1,0,0,0,0,0,0,1753378560
2145,1753378589.38816,15.3359201337127,-54.551998215393,0,0,0,-0.519590226040073,0.854415587991948,3.5,0,0,0,0,0,1753378560,1753378589.37955,100,100,0,0,0,0,1,0,0,0,0,0,0,1753378560
2146,1753378589.39603,15.350006686143,-54.5775376649774,0,0,0,-0.519590226040073,0.854415587991948,3.5,0,0,0,0,0,1753378560,1753378589.38821,100,100,0,0,0,0,1,0,0,0,0,0,0,1753378560
2147,1753378589.40446,15.3640932385733,-54.6030771145618,0,0,0,-0.519590226040073,0.854415587991948,3.5,0,0,0,0,0,1753378560,1753378589.39607,100,100,0,0,0,0,1,0,0,0,0,0,0,1753378560
2148,1753378589.4129,15.3781797910036,-54.6286165641461,0,0,0,-0.519590226040073,0.854415587991948,3.5,0,0,0,0,0,1753378560,1753378589.40448,100,100,0,0,0,0,1,0,0,0,0,0,0,1753378560
2149,1753378589.42138,15.3922663434338,-54.6541560137305,0,0,0,-0.519590226040073,0.854415587991948,3.5,0,0,0,0,0,1753378560,1753378589.41292,100,100,0,0,0,0,1,0,0,0,0,0,0,1753378560
2150,1753378589.42955,15.4063528958641,-54.6796954633149,0,0,0,-0.519590226040073,0.854415587991948,3.5,0,0,0,0,0,1753378560,1753378589.4214,100,100,0,0,0,0,1,0,0,0,0,0,0,1753378560
2151,1753378589.4382,15.4204394482944,-54.7052349128993,0,0,0,-0.519590226040073,0.854415587991948,3.5,0,0,0,0,0,1753378560,1753378589.42957,100,100,0,0,0,0,1,0,0,0,0,0,0,1753378560
2152,1753378589.44608,15.4345260007247,-54.7307743624837,0,0,0,-0.519590226040073,0.854415587991948,3.5,0,0,0,0,0,1753378560,1753378589.43823,100,100,0,0,0,0,1,0,0,0,0,0,0,1753378560
2153,1753378589.45482,15.448612553155,-54.7563138120681,0,0,0,-0.519590226040073,0.854415587991948,3.5,0,0,0,0,0,1753378560,1753378589.4461,100,100,0,0,0,0,1,0,0,0,0,0,0,1753378560
2154,1753378589.46383,15.4626991055853,-54.7818532616525,0,0,0,-0.519590226040073,0.854415587991948,3.5,0,0,0,0,0,1753378560,1753378589.45486,100,100,0,0,0,0,1,0,0,0,0,0,0,1753378560
2155,1753378589.4715,15.4767856580156,-54.8073927112368,0,0,0,-0.519590226040073,0.854415587991948,3.5,0,0,0,0,0,1753378560,1753378589.46389,100,100,0,0,0,0,1,0,0,0,0,0,0,1753378560
2156,1753378589.47979,15.4908722104458,-54.8329321608212,0,0,0,-0.519590226040073,0.854415587991948,3.5,0,0,0,0,0,1753378560,1753378589.47155,100,100,0,0,0,0,1,0,0,0,0,0,0,1753378560
2157,1753378589.48808,15.5049587628761,-54.8584716104056,0,0,0,-0.519590226040073,0.854415587991948,3.5,0,0,0,0,0,1753378560,1753378589.47984,100,100,0,0,0,0,1,0,0,0,0,0,0,1753378560
2158,1753378589.49633,15.5190453153064,-54.88401105999,0,0,0,-0.519590226040073,0.854415587991948,3.5,0,0,0,0,0,1753378560,1753378589.48812,100,100,0,0,0,0,1,0,0,0,0,0,0,1753378560
2159,1753378589.50466,15.5331318677367,-54.9095505095744,0,0,0,-0.519590226040073,0.854415587991948,3.5,0,0,0,0,0,1753378560,1753378589.49637,100,100,0,0,0,0,1,0,0,0,0,0,0,1753378560
2160,1753378589.51306,15.547218420167,-54.9350899591588,0,0,0,-0.519590226040073,0.854415587991948,3.5,0,0,0,0,0,1753378560,1753378589.5047,100,100,0,0,0,0,1,0,0,0,0,0,0,1753378560
2161,1753378589.52142,15.5613049725973,-54.9606294087432,0,0,0,-0.519590226040073,0.854415587991948,3.5,0,0,0,0,0,1753378560,1753378589.5131,100,100,0,0,0,0,1,0,0,0,0,0,0,1753378560
2162,1753378589.52985,15.5753915250276,-54.9861688583275,0,0,0,-0.519590226040073,0.854415587991948,3.5,0,0,0,0,0,1753378560,1753378589.52147,100,100,0,0,0,0,1,0,0,0,0,0,0,1753378560
2163,1753378589.53801,15.5894780774578,-55.0117083079119,0,0,0,-0.519590226040073,0.854415587991948,3.5,0,0,0,0,0,1753378560,1753378589.52988,100,100,0,0,0,0,1,0,0,0,0,0,0,1753378560
2164,1753378589.54609,15.6035646298881,-55.0372477574963,0,0,0,-0.519590226040073,0.854415587991948,3.5,0,0,0,0,0,1753378560,1753378589.53804,100,100,0,0,0,0,1,0,0,0,0,0,0,1753378560
2165,1753378589.55467,15.6176511823184,-55.0627872070807,0,0,0,-0.519590226040073,0.854415587991948,3.5,0,0,0,0,0,1753378560,1753378589.54612,100,100,0,0,0,0,1,0,0,0,0,0,0,1753378560
2166,1753378589.56271,15.6317377347487,-55.0883266566651,0,0,0,-0.519590226040073,0.854415587991948,3.5,0,0,0,0,0,1753378560,1753378589.55469,100,100,0,0,0,0,1,0,0,0,0,0,0,1753378560
2167,1753378589.57113,15.645824287179,-55.1138661062495,0,0,0,-0.519590226040073,0.854415587991948,3.5,0,0,0,0,0,1753378560,1753378589.56273,100,100,0,0,0,0,1,0,0,0,0,0,0,1753378560
2168,1753378589.57972,15.6599108396093,-55.1394055558339,0,0,0,-0.519590226040073,0.854415587991948,3.5,0,0,0,0,0,1753378560,1753378589.57115,100,100,0,0,0,0,1,0,0,0,0,0,0,1753378560
2169,1753378589.58785,15.6739973920396,-55.1649450054182,0,0,0,-0.519590226040073,0.854415587991948,3.5,0,0,0,0,0,1753378560,1753378589.57976,100,100,0,0,0,0,1,0,0,0,0,0,0,1753378560
2170,1753378589.59626,15.6880839444698,-55.1904844550026,0,0,0,-0.519590226040073,0.854415587991948,3.5,0,0,0,0,0,1753378560,1753378589.58787,100,100,0,0,0,0,1,0,0,0,0,0,0,1753378560
2171,1753378589.60453,15.7021704969001,-55.216023904587,0,0,0,-0.519590226040073,0.854415587991948,3.5,0,0,0,0,0,1753378560,1753378589.59632,100,100,0,0,0,0,1,0,0,0,0,0,0,1753378560
2172,1753378589.61272,15.7162570493304,-55.2415633541714,0,0,0,-0.519590226040073,0.854415587991948,3.5,0,0,0,0,0,1753378560,1753378589.60456,100,100,0,0,0,0,1,0,0,0,0,0,0,1753378560
2173,1753378589.62132,15.7303436017607,-55.2671028037558,0,0,0,-0.519590226040073,0.854415587991948,3.5,0,0,0,0,0,1753378560,1753378589.61275,100,100,0,0,0,0,1,0,0,0,0,0,0,1753378560
2174,1753378589.62951,15.744430154191,-55.2926422533402,0,0,0,-0.519590226040073,0.854415587991948,3.5,0,0,0,0,0,1753378560,1753378589.62136,100,100,0,0,0,0,1,0,0,0,0,0,0,1753378560
2175,1753378589.63785,15.7585167066213,-55.3181817029246,0,0,0,-0.519590226040073,0.854415587991948,3.5,0,0,0,0,0,1753378560,1753378589.62953,100,100,0,0,0,0,1,0,0,0,0,0,0,1753378560
2176,1753378589.64605,15.7726032590515,-55.3437211525089,0,0,0,-0.519590226040073,0.854415587991948,3.5,0,0,0,0,0,1753378560,1753378589.63788,100,100,0,0,0,0,1,0,0,0,0,0,0,1753378560
2177,1753378589.65447,15.7866898114818,-55.3692606020933,0,0,0,-0.519590226040073,0.854415587991948,3.5,0,0,0,0,0,1753378560,1753378589.64608,100,100,0,0,0,0,1,0,0,0,0,0,0,1753378560
2178,1753378589.66265,15.8007763639121,-55.3948000516777,0,0,0,-0.519590226040073,0.854415587991948,3.5,0,0,0,0,0,1753378560,1753378589.65449,100,100,0,0,0,0,1,0,0,0,0,0,0,1753378560
2179,1753378589.67109,15.8148629163424,-55.4203395012621,0,0,0,-0.519590226040073,0.854415587991948,3.5,0,0,0,0,0,1753378560,1753378589.66268,100,100,0,0,0,0,1,0,0,0,0,0,0,1753378560
2180,1753378589.67965,15.8289494687727,-55.4458789508465,0,0,0,-0.519590226040073,0.854415587991948,3.5,0,0,0,0,0,1753378560,1753378589.67111,100,100,0,0,0,0,1,0,0,0,0,0,0,1753378560
2181,1753378589.68787,15.843036021203,-55.4714184004309,0,0,0,-0.519590226040073,0.854415587991948,3.5,0,0,0,0,0,1753378560,1753378589.67968,100,100,0,0,0,0,1,0,0,0,0,0,0,1753378560
2182,1753378589.69608,15.8571225736333,-55.4969578500153,0,0,0,-0.519590226040073,0.854415587991948,3.5,0,0,0,0,0,1753378560,1753378589.68789,100,100,0,0,0,0,1,0,0,0,0,0,0,1753378560
2183,1753378589.70446,15.8712091260635,-55.5224972995996,0,0,0,-0.519590226040073,0.854415587991948,3.5,0,0,0,0,0,1753378560,1753378589.69611,100,100,0,0,0,0,1,0,0,0,0,0,0,1753378560
2184,1753378589.71266,15.8852956784938,-55.548036749184,0,0,0,-0.519590226040073,0.854415587991948,3.5,0,0,0,0,0,1753378560,1753378589.70449,100,100,0,0,0,0,1,0,0,0,0,0,0,1753378560
2185,1753378589.72112,15.8993822309241,-55.5735761987684,0,0,0,-0.519590226040073,0.854415587991948,3.5,0,0,0,0,0,1753378560,1753378589.71269,100,100,0,0,0,0,1,0,0,0,0,0,0,1753378560
2186,1753378589.72947,15.9134687833544,-55.5991156483528,0,0,0,-0.519590226040073,0.854415587991948,3.5,0,0,0,0,0,1753378560,1753378589.72115,100,100,0,0,0,0,1,0,0,0,0,0,0,1753378560
2187,1753378589.73782,15.9275553357847,-55.6246550979372,0,0,0,-0.519590226040073,0.854415587991948,3.5,0,0,0,0,0,1753378560,1753378589.7295,100,100,0,0,0,0,1,0,0,0,0,0,0,1753378560
2188,1753378589.74626,15.941641888215,-55.6501945475216,0,0,0,-0.519590226040073,0.854415587991948,3.5,0,0,0,0,0,1753378560,1753378589.73786,100,100,0,0,0,0,1,0,0,0,0,0,0,1753378560
2189,1753378589.75443,15.9557284406453,-55.675733997106,0,0,0,-0.519590226040073,0.854415587991948,3.5,0,0,0,0,0,1753378560,1753378589.7463,100,100,0,0,0,0,1,0,0,0,0,0,0,1753378560
