,ado6 timestamp,ado6_uvs_x,ado6_uvs_y,ado6_uvs_z,ado6_uvs_orientation_x,ado6_uvs_orientation_y,ado6_uvs_orientation_z,ado6_uvs_orientation_w,ado6_uvs_vx,ado6_uvs_vy,ado6_uvs_vz,ado6_uvs_wx,ado6_uvs_wy,ado6_uvs_wz,ado6_uvs time_s,ado7 timestamp,ado7_uvs_x,ado7_uvs_y,ado7_uvs_z,ado7_uvs_orientation_x,ado7_uvs_orientation_y,ado7_uvs_orientation_z,ado7_uvs_orientation_w,ado7_uvs_vx,ado7_uvs_vy,ado7_uvs_vz,ado7_uvs_wx,ado7_uvs_wy,ado7_uvs_wz,ado7_uvs time_s
0,1753378643.28479,1.331,-41.82,0,0,0,0.24387717856549,0.969806125869978,3.5,0,0,0,0,0,1753378688,1753378643.28483,13.388,-42.219,0,0,0,-0.853375684333934,-0.521296404541207,0,0,0,0,0,0,1753378688
1,1753378643.29303,1.331,-41.82,0,0,0,0.24387717856549,0.969806125869978,3.5,0,0,0,0,0,1753378688,1753378643.28483,13.388,-42.219,0,0,0,-0.853375684333934,-0.521296404541207,0,0,0,0,0,0,1753378688
2,1753378643.30154,1.331,-41.82,0,0,0,0.24387717856549,0.969806125869978,3.5,0,0,0,0,0,1753378688,1753378643.29307,13.388,-42.219,0,0,0,-0.853375684333934,-0.521296404541207,0,0,0,0,0,0,1753378688
3,1753378643.30972,1.331,-41.82,0,0,0,0.24387717856549,0.969806125869978,3.5,0,0,0,0,0,1753378688,1753378643.30158,13.388,-42.219,0,0,0,-0.853375684333934,-0.521296404541207,0,0,0,0,0,0,1753378688
4,1753378643.3182,1.331,-41.82,0,0,0,0.24387717856549,0.969806125869978,3.5,0,0,0,0,0,1753378688,1753378643.30975,13.388,-42.219,0,0,0,-0.853375684333934,-0.521296404541207,0,0,0,0,0,0,1753378688
5,1753378643.32658,1.331,-41.82,0,0,0,0.24387717856549,0.969806125869978,3.5,0,0,0,0,0,1753378688,1753378643.31825,13.388,-42.219,0,0,0,-0.853375684333934,-0.521296404541207,0,0,0,0,0,0,1753378688
6,1753378643.33499,1.331,-41.82,0,0,0,0.24387717856549,0.969806125869978,3.5,0,0,0,0,0,1753378688,1753378643.32662,13.388,-42.219,0,0,0,-0.853375684333934,-0.521296404541207,0,0,0,0,0,0,1753378688
7,1753378643.34353,1.331,-41.82,0,0,0,0.24387717856549,0.969806125869978,3.5,0,0,0,0,0,1753378688,1753378643.33504,13.388,-42.219,0,0,0,-0.853375684333934,-0.521296404541207,0,0,0,0,0,0,1753378688
8,1753378643.35159,1.331,-41.82,0,0,0,0.24387717856549,0.969806125869978,3.5,0,0,0,0,0,1753378688,1753378643.34359,13.388,-42.219,0,0,0,-0.853375684333934,-0.521296404541207,0,0,0,0,0,0,1753378688
9,1753378643.35971,1.331,-41.82,0,0,0,0.24387717856549,0.969806125869978,3.5,0,0,0,0,0,1753378688,1753378643.35163,13.388,-42.219,0,0,0,-0.853375684333934,-0.521296404541207,0,0,0,0,0,0,1753378688
10,1753378643.36795,1.331,-41.82,0,0,0,0.24387717856549,0.969806125869978,3.5,0,0,0,0,0,1753378688,1753378643.35974,13.388,-42.219,0,0,0,-0.853375684333934,-0.521296404541207,0,0,0,0,0,0,1753378688
11,1753378643.37663,1.331,-41.82,0,0,0,0.24387717856549,0.969806125869978,3.5,0,0,0,0,0,1753378688,1753378643.36797,13.388,-42.219,0,0,0,-0.853375684333934,-0.521296404541207,0,0,0,0,0,0,1753378688
12,1753378643.38466,1.331,-41.82,0,0,0,0.24387717856549,0.969806125869978,3.5,0,0,0,0,0,1753378688,1753378643.37667,13.388,-42.219,0,0,0,-0.853375684333934,-0.521296404541207,0,0,0,0,0,0,1753378688
13,1753378643.3932,1.331,-41.82,0,0,0,0.24387717856549,0.969806125869978,3.5,0,0,0,0,0,1753378688,1753378643.3847,13.388,-42.219,0,0,0,-0.853375684333934,-0.521296404541207,0,0,0,0,0,0,1753378688
14,1753378643.40121,1.331,-41.82,0,0,0,0.24387717856549,0.969806125869978,3.5,0,0,0,0,0,1753378688,1753378643.39325,13.388,-42.219,0,0,0,-0.853375684333934,-0.521296404541207,0,0,0,0,0,0,1753378688
15,1753378643.40963,1.331,-41.82,0,0,0,0.24387717856549,0.969806125869978,3.5,0,0,0,0,0,1753378688,1753378643.40124,13.388,-42.219,0,0,0,-0.853375684333934,-0.521296404541207,0,0,0,0,0,0,1753378688
16,1753378643.41786,1.331,-41.82,0,0,0,0.24387717856549,0.969806125869978,3.5,0,0,0,0,0,1753378688,1753378643.40965,13.388,-42.219,0,0,0,-0.853375684333934,-0.521296404541207,0,0,0,0,0,0,1753378688
17,1753378643.42631,1.331,-41.82,0,0,0,0.24387717856549,0.969806125869978,3.5,0,0,0,0,0,1753378688,1753378643.41788,13.388,-42.219,0,0,0,-0.853375684333934,-0.521296404541207,0,0,0,0,0,0,1753378688
18,1753378643.43448,1.331,-41.82,0,0,0,0.24387717856549,0.969806125869978,3.5,0,0,0,0,0,1753378688,1753378643.42634,13.388,-42.219,0,0,0,-0.853375684333934,-0.521296404541207,0,0,0,0,0,0,1753378688
19,1753378643.44283,1.331,-41.82,0,0,0,0.24387717856549,0.969806125869978,3.5,0,0,0,0,0,1753378688,1753378643.4345,13.388,-42.219,0,0,0,-0.853375684333934,-0.521296404541207,0,0,0,0,0,0,1753378688
20,1753378643.4513,1.331,-41.82,0,0,0,0.24387717856549,0.969806125869978,3.5,0,0,0,0,0,1753378688,1753378643.44286,13.388,-42.219,0,0,0,-0.853375684333934,-0.521296404541207,0,0,0,0,0,0,1753378688
21,1753378643.45975,1.331,-41.82,0,0,0,0.24387717856549,0.969806125869978,3.5,0,0,0,0,0,1753378688,1753378643.45133,13.388,-42.219,0,0,0,-0.853375684333934,-0.521296404541207,0,0,0,0,0,0,1753378688
22,1753378643.46783,1.331,-41.82,0,0,0,0.24387717856549,0.969806125869978,3.5,0,0,0,0,0,1753378688,1753378643.45978,13.388,-42.219,0,0,0,-0.853375684333934,-0.521296404541207,0,0,0,0,0,0,1753378688
23,1753378643.47626,1.331,-41.82,0,0,0,0.24387717856549,0.969806125869978,3.5,0,0,0,0,0,1753378688,1753378643.46785,13.388,-42.219,0,0,0,-0.853375684333934,-0.521296404541207,0,0,0,0,0,0,1753378688
24,1753378643.48451,1.331,-41.82,0,0,0,0.24387717856549,0.969806125869978,3.5,0,0,0,0,0,1753378688,1753378643.47629,13.388,-42.219,0,0,0,-0.853375684333934,-0.521296404541207,0,0,0,0,0,0,1753378688
25,1753378643.49283,1.331,-41.82,0,0,0,0.24387717856549,0.969806125869978,3.5,0,0,0,0,0,1753378688,1753378643.48453,13.388,-42.219,0,0,0,-0.853375684333934,-0.521296404541207,0,0,0,0,0,0,1753378688
26,1753378643.50122,1.331,-41.82,0,0,0,0.24387717856549,0.969806125869978,3.5,0,0,0,0,0,1753378688,1753378643.49286,13.388,-42.219,0,0,0,-0.853375684333934,-0.521296404541207,0,0,0,0,0,0,1753378688
27,1753378643.50964,1.331,-41.82,0,0,0,0.24387717856549,0.969806125869978,3.5,0,0,0,0,0,1753378688,1753378643.50125,13.388,-42.219,0,0,0,-0.853375684333934,-0.521296404541207,0,0,0,0,0,0,1753378688
28,1753378643.51785,1.331,-41.82,0,0,0,0.24387717856549,0.969806125869978,3.5,0,0,0,0,0,1753378688,1753378643.50967,13.388,-42.219,0,0,0,-0.853375684333934,-0.521296404541207,0,0,0,0,0,0,1753378688
29,1753378643.52644,1.331,-41.82,0,0,0,0.24387717856549,0.969806125869978,3.5,0,0,0,0,0,1753378688,1753378643.51787,13.388,-42.219,0,0,0,-0.853375684333934,-0.521296404541207,0,0,0,0,0,0,1753378688
30,1753378643.53454,1.331,-41.82,0,0,0,0.24387717856549,0.969806125869978,3.5,0,0,0,0,0,1753378688,1753378643.52646,13.388,-42.219,0,0,0,-0.853375684333934,-0.521296404541207,0,0,0,0,0,0,1753378688
31,1753378643.54281,1.331,-41.82,0,0,0,0.24387717856549,0.969806125869978,3.5,0,0,0,0,0,1753378688,1753378643.53456,13.388,-42.219,0,0,0,-0.853375684333934,-0.521296404541207,0,0,0,0,0,0,1753378688
32,1753378643.55125,1.331,-41.82,0,0,0,0.24387717856549,0.969806125869978,3.5,0,0,0,0,0,1753378688,1753378643.54283,13.388,-42.219,0,0,0,-0.853375684333934,-0.521296404541207,0,0,0,0,0,0,1753378688
33,1753378643.55968,1.331,-41.82,0,0,0,0.24387717856549,0.969806125869978,3.5,0,0,0,0,0,1753378688,1753378643.55129,13.388,-42.219,0,0,0,-0.853375684333934,-0.521296404541207,0,0,0,0,0,0,1753378688
34,1753378643.56793,1.331,-41.82,0,0,0,0.24387717856549,0.969806125869978,3.5,0,0,0,0,0,1753378688,1753378643.55971,13.388,-42.219,0,0,0,-0.853375684333934,-0.521296404541207,0,0,0,0,0,0,1753378688
35,1753378643.57651,1.331,-41.82,0,0,0,0.24387717856549,0.969806125869978,3.5,0,0,0,0,0,1753378688,1753378643.56796,13.388,-42.219,0,0,0,-0.853375684333934,-0.521296404541207,0,0,0,0,0,0,1753378688
36,1753378643.58456,1.331,-41.82,0,0,0,0.24387717856549,0.969806125869978,3.5,0,0,0,0,0,1753378688,1753378643.57653,13.388,-42.219,0,0,0,-0.853375684333934,-0.521296404541207,0,0,0,0,0,0,1753378688
37,1753378643.59316,1.331,-41.82,0,0,0,0.24387717856549,0.969806125869978,3.5,0,0,0,0,0,1753378688,1753378643.58458,13.388,-42.219,0,0,0,-0.853375684333934,-0.521296404541207,0,0,0,0,0,0,1753378688
38,1753378643.60122,1.331,-41.82,0,0,0,0.24387717856549,0.969806125869978,3.5,0,0,0,0,0,1753378688,1753378643.59318,13.388,-42.219,0,0,0,-0.853375684333934,-0.521296404541207,0,0,0,0,0,0,1753378688
39,1753378643.60974,1.331,-41.82,0,0,0,0.24387717856549,0.969806125869978,3.5,0,0,0,0,0,1753378688,1753378643.60125,13.388,-42.219,0,0,0,-0.853375684333934,-0.521296404541207,0,0,0,0,0,0,1753378688
40,1753378643.6179,1.331,-41.82,0,0,0,0.24387717856549,0.969806125869978,3.5,0,0,0,0,0,1753378688,1753378643.60977,13.388,-42.219,0,0,0,-0.853375684333934,-0.521296404541207,0,0,0,0,0,0,1753378688
41,1753378643.62645,1.331,-41.82,0,0,0,0.24387717856549,0.969806125869978,3.5,0,0,0,0,0,1753378688,1753378643.61792,13.388,-42.219,0,0,0,-0.853375684333934,-0.521296404541207,0,0,0,0,0,0,1753378688
42,1753378643.63461,1.331,-41.82,0,0,0,0.24387717856549,0.969806125869978,3.5,0,0,0,0,0,1753378688,1753378643.62648,13.388,-42.219,0,0,0,-0.853375684333934,-0.521296404541207,0,0,0,0,0,0,1753378688
43,1753378643.64282,1.331,-41.82,0,0,0,0.24387717856549,0.969806125869978,3.5,0,0,0,0,0,1753378688,1753378643.63464,13.388,-42.219,0,0,0,-0.853375684333934,-0.521296404541207,0,0,0,0,0,0,1753378688
44,1753378643.65146,1.331,-41.82,0,0,0,0.24387717856549,0.969806125869978,3.5,0,0,0,0,0,1753378688,1753378643.64284,13.388,-42.219,0,0,0,-0.853375684333934,-0.521296404541207,0,0,0,0,0,0,1753378688
45,1753378643.65965,1.331,-41.82,0,0,0,0.24387717856549,0.969806125869978,3.5,0,0,0,0,0,1753378688,1753378643.6515,13.388,-42.219,0,0,0,-0.853375684333934,-0.521296404541207,0,0,0,0,0,0,1753378688
46,1753378643.66788,1.331,-41.82,0,0,0,0.24387717856549,0.969806125869978,3.5,0,0,0,0,0,1753378688,1753378643.65968,13.388,-42.219,0,0,0,-0.853375684333934,-0.521296404541207,0,0,0,0,0,0,1753378688
47,1753378643.67705,1.331,-41.82,0,0,0,0.24387717856549,0.969806125869978,3.5,0,0,0,0,0,1753378688,1753378643.6679,13.388,-42.219,0,0,0,-0.853375684333934,-0.521296404541207,0,0,0,0,0,0,1753378688
48,1753378643.68452,1.331,-41.82,0,0,0,0.24387717856549,0.969806125869978,3.5,0,0,0,0,0,1753378688,1753378643.67709,13.388,-42.219,0,0,0,-0.853375684333934,-0.521296404541207,0,0,0,0,0,0,1753378688
49,1753378643.69293,1.331,-41.82,0,0,0,0.24387717856549,0.969806125869978,3.5,0,0,0,0,0,1753378688,1753378643.68455,13.388,-42.219,0,0,0,-0.853375684333934,-0.521296404541207,0,0,0,0,0,0,1753378688
50,1753378643.70138,1.331,-41.82,0,0,0,0.24387717856549,0.969806125869978,3.5,0,0,0,0,0,1753378688,1753378643.69298,13.388,-42.219,0,0,0,-0.853375684333934,-0.521296404541207,0,0,0,0,0,0,1753378688
51,1753378643.70979,1.331,-41.82,0,0,0,0.24387717856549,0.969806125869978,3.5,0,0,0,0,0,1753378688,1753378643.70141,13.388,-42.219,0,0,0,-0.853375684333934,-0.521296404541207,0,0,0,0,0,0,1753378688
52,1753378643.71782,1.331,-41.82,0,0,0,0.24387717856549,0.969806125869978,3.5,0,0,0,0,0,1753378688,1753378643.70982,13.388,-42.219,0,0,0,-0.853375684333934,-0.521296404541207,0,0,0,0,0,0,1753378688
53,1753378643.72643,1.331,-41.82,0,0,0,0.24387717856549,0.969806125869978,3.5,0,0,0,0,0,1753378688,1753378643.71784,13.388,-42.219,0,0,0,-0.853375684333934,-0.521296404541207,0,0,0,0,0,0,1753378688
54,1753378643.73446,1.331,-41.82,0,0,0,0.24387717856549,0.969806125869978,3.5,0,0,0,0,0,1753378688,1753378643.72646,13.388,-42.219,0,0,0,-0.853375684333934,-0.521296404541207,0,0,0,0,0,0,1753378688
55,1753378643.74276,1.331,-41.82,0,0,0,0.24387717856549,0.969806125869978,3.5,0,0,0,0,0,1753378688,1753378643.73448,13.388,-42.219,0,0,0,-0.853375684333934,-0.521296404541207,0,0,0,0,0,0,1753378688
56,1753378643.75129,1.331,-41.82,0,0,0,0.24387717856549,0.969806125869978,3.5,0,0,0,0,0,1753378688,1753378643.74278,13.388,-42.219,0,0,0,-0.853375684333934,-0.521296404541207,0,0,0,0,0,0,1753378688
57,1753378643.75979,1.331,-41.82,0,0,0,0.24387717856549,0.969806125869978,3.5,0,0,0,0,0,1753378688,1753378643.75132,13.388,-42.219,0,0,0,-0.853375684333934,-0.521296404541207,0,0,0,0,0,0,1753378688
58,1753378643.76787,1.331,-41.82,0,0,0,0.24387717856549,0.969806125869978,3.5,0,0,0,0,0,1753378688,1753378643.75981,13.388,-42.219,0,0,0,-0.853375684333934,-0.521296404541207,0,0,0,0,0,0,1753378688
59,1753378643.77632,1.331,-41.82,0,0,0,0.24387717856549,0.969806125869978,3.5,0,0,0,0,0,1753378688,1753378643.76789,13.388,-42.219,0,0,0,-0.853375684333934,-0.521296404541207,0,0,0,0,0,0,1753378688
60,1753378643.78478,1.331,-41.82,0,0,0,0.24387717856549,0.969806125869978,3.5,0,0,0,0,0,1753378688,1753378643.77635,13.388,-42.219,0,0,0,-0.853375684333934,-0.521296404541207,0,0,0,0,0,0,1753378688
61,1753378643.79292,1.331,-41.82,0,0,0,0.24387717856549,0.969806125869978,3.5,0,0,0,0,0,1753378688,1753378643.78481,13.388,-42.219,0,0,0,-0.853375684333934,-0.521296404541207,0,0,0,0,0,0,1753378688
62,1753378643.80132,1.331,-41.82,0,0,0,0.24387717856549,0.969806125869978,3.5,0,0,0,0,0,1753378688,1753378643.79294,13.388,-42.219,0,0,0,-0.853375684333934,-0.521296404541207,0,0,0,0,0,0,1753378688
63,1753378643.81197,1.331,-41.82,0,0,0,0.24387717856549,0.969806125869978,3.5,0,0,0,0,0,1753378688,1753378643.80134,13.388,-42.219,0,0,0,-0.853375684333934,-0.521296404541207,0,0,0,0,0,0,1753378688
64,1753378643.81831,1.331,-41.82,0,0,0,0.24387717856549,0.969806125869978,3.5,0,0,0,0,0,1753378688,1753378643.81211,13.388,-42.219,0,0,0,-0.853375684333934,-0.521296404541207,0,0,0,0,0,0,1753378688
65,1753378643.82778,1.331,-41.82,0,0,0,0.24387717856549,0.969806125869978,3.5,0,0,0,0,0,1753378688,1753378643.81836,13.388,-42.219,0,0,0,-0.853375684333934,-0.521296404541207,0,0,0,0,0,0,1753378688
66,1753378643.83536,1.331,-41.82,0,0,0,0.24387717856549,0.969806125869978,3.5,0,0,0,0,0,1753378688,1753378643.82789,13.388,-42.219,0,0,0,-0.853375684333934,-0.521296404541207,0,0,0,0,0,0,1753378688
67,1753378643.8431,1.331,-41.82,0,0,0,0.24387717856549,0.969806125869978,3.5,0,0,0,0,0,1753378688,1753378643.83541,13.388,-42.219,0,0,0,-0.853375684333934,-0.521296404541207,0,0,0,0,0,0,1753378688
68,1753378643.85181,1.331,-41.82,0,0,0,0.24387717856549,0.969806125869978,3.5,0,0,0,0,0,1753378688,1753378643.84313,13.388,-42.219,0,0,0,-0.853375684333934,-0.521296404541207,0,0,0,0,0,0,1753378688
69,1753378643.85973,1.331,-41.82,0,0,0,0.24387717856549,0.969806125869978,3.5,0,0,0,0,0,1753378688,1753378643.85186,13.388,-42.219,0,0,0,-0.853375684333934,-0.521296404541207,0,0,0,0,0,0,1753378688
70,1753378643.86826,1.331,-41.82,0,0,0,0.24387717856549,0.969806125869978,3.5,0,0,0,0,0,1753378688,1753378643.85976,13.388,-42.219,0,0,0,-0.853375684333934,-0.521296404541207,0,0,0,0,0,0,1753378688
71,1753378643.87664,1.331,-41.82,0,0,0,0.24387717856549,0.969806125869978,3.5,0,0,0,0,0,1753378688,1753378643.86832,13.388,-42.219,0,0,0,-0.853375684333934,-0.521296404541207,0,0,0,0,0,0,1753378688
72,1753378643.8847,1.331,-41.82,0,0,0,0.24387717856549,0.969806125869978,3.5,0,0,0,0,0,1753378688,1753378643.87667,13.388,-42.219,0,0,0,-0.853375684333934,-0.521296404541207,0,0,0,0,0,0,1753378688
73,1753378643.89278,1.331,-41.82,0,0,0,0.24387717856549,0.969806125869978,3.5,0,0,0,0,0,1753378688,1753378643.88473,13.388,-42.219,0,0,0,-0.853375684333934,-0.521296404541207,0,0,0,0,0,0,1753378688
74,1753378643.90131,1.331,-41.82,0,0,0,0.24387717856549,0.969806125869978,3.5,0,0,0,0,0,1753378688,1753378643.8928,13.388,-42.219,0,0,0,-0.853375684333934,-0.521296404541207,0,0,0,0,0,0,1753378688
75,1753378643.90988,1.331,-41.82,0,0,0,0.24387717856549,0.969806125869978,3.5,0,0,0,0,0,1753378688,1753378643.90134,13.388,-42.219,0,0,0,-0.853375684333934,-0.521296404541207,0,0,0,0,0,0,1753378688
76,1753378643.91792,1.331,-41.82,0,0,0,0.24387717856549,0.969806125869978,3.5,0,0,0,0,0,1753378688,1753378643.9099,13.388,-42.219,0,0,0,-0.853375684333934,-0.521296404541207,0,0,0,0,0,0,1753378688
77,1753378643.92634,1.331,-41.82,0,0,0,0.24387717856549,0.969806125869978,3.5,0,0,0,0,0,1753378688,1753378643.91795,13.388,-42.219,0,0,0,-0.853375684333934,-0.521296404541207,0,0,0,0,0,0,1753378688
78,1753378643.93453,1.331,-41.82,0,0,0,0.24387717856549,0.969806125869978,3.5,0,0,0,0,0,1753378688,1753378643.92636,13.388,-42.219,0,0,0,-0.853375684333934,-0.521296404541207,0,0,0,0,0,0,1753378688
79,1753378643.9428,1.331,-41.82,0,0,0,0.24387717856549,0.969806125869978,3.5,0,0,0,0,0,1753378688,1753378643.93455,13.388,-42.219,0,0,0,-0.853375684333934,-0.521296404541207,0,0,0,0,0,0,1753378688
80,1753378643.9513,1.331,-41.82,0,0,0,0.24387717856549,0.969806125869978,3.5,0,0,0,0,0,1753378688,1753378643.94282,13.388,-42.219,0,0,0,-0.853375684333934,-0.521296404541207,0,0,0,0,0,0,1753378688
81,1753378643.95974,1.331,-41.82,0,0,0,0.24387717856549,0.969806125869978,3.5,0,0,0,0,0,1753378688,1753378643.95133,13.388,-42.219,0,0,0,-0.853375684333934,-0.521296404541207,0,0,0,0,0,0,1753378688
82,1753378643.9682,1.331,-41.82,0,0,0,0.24387717856549,0.969806125869978,3.5,0,0,0,0,0,1753378688,1753378643.95977,13.388,-42.219,0,0,0,-0.853375684333934,-0.521296404541207,0,0,0,0,0,0,1753378688
83,1753378643.97626,1.331,-41.82,0,0,0,0.24387717856549,0.969806125869978,3.5,0,0,0,0,0,1753378688,1753378643.96824,13.388,-42.219,0,0,0,-0.853375684333934,-0.521296404541207,0,0,0,0,0,0,1753378688
84,1753378643.98465,1.331,-41.82,0,0,0,0.24387717856549,0.969806125869978,3.5,0,0,0,0,0,1753378688,1753378643.97629,13.388,-42.219,0,0,0,-0.853375684333934,-0.521296404541207,0,0,0,0,0,0,1753378688
85,1753378643.99285,1.331,-41.82,0,0,0,0.24387717856549,0.969806125869978,3.5,0,0,0,0,0,1753378688,1753378643.98468,13.388,-42.219,0,0,0,-0.853375684333934,-0.521296404541207,0,0,0,0,0,0,1753378688
86,1753378644.0014,1.331,-41.82,0,0,0,0.24387717856549,0.969806125869978,3.5,0,0,0,0,0,1753378688,1753378643.99287,13.388,-42.219,0,0,0,-0.853375684333934,-0.521296404541207,0,0,0,0,0,0,1753378688
87,1753378644.00987,1.331,-41.82,0,0,0,0.24387717856549,0.969806125869978,3.5,0,0,0,0,0,1753378688,1753378644.00143,13.388,-42.219,0,0,0,-0.853375684333934,-0.521296404541207,0,0,0,0,0,0,1753378688
88,1753378644.01788,1.331,-41.82,0,0,0,0.24387717856549,0.969806125869978,3.5,0,0,0,0,0,1753378688,1753378644.0099,13.388,-42.219,0,0,0,-0.853375684333934,-0.521296404541207,0,0,0,0,0,0,1753378688
89,1753378644.02647,1.331,-41.82,0,0,0,0.24387717856549,0.969806125869978,3.5,0,0,0,0,0,1753378688,1753378644.0179,13.388,-42.219,0,0,0,-0.853375684333934,-0.521296404541207,0,0,0,0,0,0,1753378688
90,1753378644.03452,1.331,-41.82,0,0,0,0.24387717856549,0.969806125869978,3.5,0,0,0,0,0,1753378688,1753378644.0265,13.388,-42.219,0,0,0,-0.853375684333934,-0.521296404541207,0,0,0,0,0,0,1753378688
91,1753378644.04276,1.331,-41.82,0,0,0,0.24387717856549,0.969806125869978,3.5,0,0,0,0,0,1753378688,1753378644.03454,13.388,-42.219,0,0,0,-0.853375684333934,-0.521296404541207,0,0,0,0,0,0,1753378688
92,1753378644.05145,1.331,-41.82,0,0,0,0.24387717856549,0.969806125869978,3.5,0,0,0,0,0,1753378688,1753378644.04279,13.388,-42.219,0,0,0,-0.853375684333934,-0.521296404541207,0,0,0,0,0,0,1753378688
93,1753378644.05981,1.331,-41.82,0,0,0,0.24387717856549,0.969806125869978,3.5,0,0,0,0,0,1753378688,1753378644.05148,13.388,-42.219,0,0,0,-0.853375684333934,-0.521296404541207,0,0,0,0,0,0,1753378688
94,1753378644.06785,1.331,-41.82,0,0,0,0.24387717856549,0.969806125869978,3.5,0,0,0,0,0,1753378688,1753378644.05983,13.388,-42.219,0,0,0,-0.853375684333934,-0.521296404541207,0,0,0,0,0,0,1753378688
95,1753378644.07628,1.331,-41.82,0,0,0,0.24387717856549,0.969806125869978,3.5,0,0,0,0,0,1753378688,1753378644.06788,13.388,-42.219,0,0,0,-0.853375684333934,-0.521296404541207,0,0,0,0,0,0,1753378688
96,1753378644.08461,1.331,-41.82,0,0,0,0.24387717856549,0.969806125869978,3.5,0,0,0,0,0,1753378688,1753378644.07631,13.388,-42.219,0,0,0,-0.853375684333934,-0.521296404541207,0,0,0,0,0,0,1753378688
97,1753378644.09284,1.331,-41.82,0,0,0,0.24387717856549,0.969806125869978,3.5,0,0,0,0,0,1753378688,1753378644.08463,13.388,-42.219,0,0,0,-0.853375684333934,-0.521296404541207,0,0,0,0,0,0,1753378688
98,1753378644.10127,1.331,-41.82,0,0,0,0.24387717856549,0.969806125869978,3.5,0,0,0,0,0,1753378688,1753378644.09287,13.388,-42.219,0,0,0,-0.853375684333934,-0.521296404541207,0,0,0,0,0,0,1753378688
99,1753378644.10972,1.331,-41.82,0,0,0,0.24387717856549,0.969806125869978,3.5,0,0,0,0,0,1753378688,1753378644.1013,13.388,-42.219,0,0,0,-0.853375684333934,-0.521296404541207,0,0,0,0,0,0,1753378688
100,1753378644.1178,1.331,-41.82,0,0,0,0.24387717856549,0.969806125869978,3.5,0,0,0,0,0,1753378688,1753378644.10975,13.388,-42.219,0,0,0,-0.853375684333934,-0.521296404541207,0,0,0,0,0,0,1753378688
101,1753378644.12626,1.331,-41.82,0,0,0,0.24387717856549,0.969806125869978,3.5,0,0,0,0,0,1753378688,1753378644.11782,13.388,-42.219,0,0,0,-0.853375684333934,-0.521296404541207,0,0,0,0,0,0,1753378688
102,1753378644.13455,1.331,-41.82,0,0,0,0.24387717856549,0.969806125869978,3.5,0,0,0,0,0,1753378688,1753378644.1263,13.388,-42.219,0,0,0,-0.853375684333934,-0.521296404541207,0,0,0,0,0,0,1753378688
103,1753378644.14277,1.331,-41.82,0,0,0,0.24387717856549,0.969806125869978,3.5,0,0,0,0,0,1753378688,1753378644.13457,13.388,-42.219,0,0,0,-0.853375684333934,-0.521296404541207,0,0,0,0,0,0,1753378688
104,1753378644.15122,1.331,-41.82,0,0,0,0.24387717856549,0.969806125869978,3.5,0,0,0,0,0,1753378688,1753378644.14279,13.388,-42.219,0,0,0,-0.853375684333934,-0.521296404541207,0,0,0,0,0,0,1753378688
105,1753378644.15968,1.331,-41.82,0,0,0,0.24387717856549,0.969806125869978,3.5,0,0,0,0,0,1753378688,1753378644.15124,13.388,-42.219,0,0,0,-0.853375684333934,-0.521296404541207,0,0,0,0,0,0,1753378688
106,1753378644.16794,1.331,-41.82,0,0,0,0.24387717856549,0.969806125869978,3.5,0,0,0,0,0,1753378688,1753378644.15971,13.388,-42.219,0,0,0,-0.853375684333934,-0.521296404541207,0,0,0,0,0,0,1753378688
107,1753378644.17624,1.331,-41.82,0,0,0,0.24387717856549,0.969806125869978,3.5,0,0,0,0,0,1753378688,1753378644.16796,13.388,-42.219,0,0,0,-0.853375684333934,-0.521296404541207,0,0,0,0,0,0,1753378688
108,1753378644.18457,1.331,-41.82,0,0,0,0.24387717856549,0.969806125869978,3.5,0,0,0,0,0,1753378688,1753378644.17626,13.388,-42.219,0,0,0,-0.853375684333934,-0.521296404541207,0,0,0,0,0,0,1753378688
109,1753378644.19278,1.331,-41.82,0,0,0,0.24387717856549,0.969806125869978,3.5,0,0,0,0,0,1753378688,1753378644.18459,13.388,-42.219,0,0,0,-0.853375684333934,-0.521296404541207,0,0,0,0,0,0,1753378688
110,1753378644.20147,1.331,-41.82,0,0,0,0.24387717856549,0.969806125869978,3.5,0,0,0,0,0,1753378688,1753378644.1928,13.388,-42.219,0,0,0,-0.853375684333934,-0.521296404541207,0,0,0,0,0,0,1753378688
111,1753378644.20964,1.331,-41.82,0,0,0,0.24387717856549,0.969806125869978,3.5,0,0,0,0,0,1753378688,1753378644.20151,13.388,-42.219,0,0,0,-0.853375684333934,-0.521296404541207,0,0,0,0,0,0,1753378688
112,1753378644.218,1.331,-41.82,0,0,0,0.24387717856549,0.969806125869978,3.5,0,0,0,0,0,1753378688,1753378644.20967,13.388,-42.219,0,0,0,-0.853375684333934,-0.521296404541207,0,0,0,0,0,0,1753378688
113,1753378644.22628,1.331,-41.82,0,0,0,0.24387717856549,0.969806125869978,3.5,0,0,0,0,0,1753378688,1753378644.21804,13.388,-42.219,0,0,0,-0.853375684333934,-0.521296404541207,0,0,0,0,0,0,1753378688
114,1753378644.2346,1.331,-41.82,0,0,0,0.24387717856549,0.969806125869978,3.5,0,0,0,0,0,1753378688,1753378644.22631,13.388,-42.219,0,0,0,-0.853375684333934,-0.521296404541207,0,0,0,0,0,0,1753378688
115,1753378644.24311,1.331,-41.82,0,0,0,0.24387717856549,0.969806125869978,3.5,0,0,0,0,0,1753378688,1753378644.23463,13.388,-42.219,0,0,0,-0.853375684333934,-0.521296404541207,0,0,0,0,0,0,1753378688
116,1753378644.2515,1.331,-41.82,0,0,0,0.24387717856549,0.969806125869978,3.5,0,0,0,0,0,1753378688,1753378644.24316,13.388,-42.219,0,0,0,-0.853375684333934,-0.521296404541207,0,0,0,0,0,0,1753378688
117,1753378644.2599,1.331,-41.82,0,0,0,0.24387717856549,0.969806125869978,3.5,0,0,0,0,0,1753378688,1753378644.25155,13.388,-42.219,0,0,0,-0.853375684333934,-0.521296404541207,0,0,0,0,0,0,1753378688
118,1753378644.26784,1.331,-41.82,0,0,0,0.24387717856549,0.969806125869978,3.5,0,0,0,0,0,1753378688,1753378644.25995,13.388,-42.219,0,0,0,-0.853375684333934,-0.521296404541207,0,0,0,0,0,0,1753378688
119,1753378644.27632,1.331,-41.82,0,0,0,0.24387717856549,0.969806125869978,3.5,0,0,0,0,0,1753378688,1753378644.26786,13.388,-42.219,0,0,0,-0.853375684333934,-0.521296404541207,0,0,0,0,0,0,1753378688
120,1753378644.28453,1.331,-41.82,0,0,0,0.24387717856549,0.969806125869978,3.5,0,0,0,0,0,1753378688,1753378644.27634,13.388,-42.219,0,0,0,-0.853375684333934,-0.521296404541207,0,0,0,0,0,0,1753378688
121,1753378644.29299,1.331,-41.82,0,0,0,0.24387717856549,0.969806125869978,3.5,0,0,0,0,0,1753378688,1753378644.28455,13.388,-42.219,0,0,0,-0.853375684333934,-0.521296404541207,0,0,0,0,0,0,1753378688
122,1753378644.30123,1.331,-41.82,0,0,0,0.24387717856549,0.969806125869978,3.5,0,0,0,0,0,1753378688,1753378644.29301,13.388,-42.219,0,0,0,-0.853375684333934,-0.521296404541207,0,0,0,0,0,0,1753378688
123,1753378644.30963,1.331,-41.82,0,0,0,0.24387717856549,0.969806125869978,3.5,0,0,0,0,0,1753378688,1753378644.30125,13.388,-42.219,0,0,0,-0.853375684333934,-0.521296404541207,0,0,0,0,0,0,1753378688
124,1753378644.31803,1.331,-41.82,0,0,0,0.24387717856549,0.969806125869978,3.5,0,0,0,0,0,1753378688,1753378644.30965,13.388,-42.219,0,0,0,-0.853375684333934,-0.521296404541207,0,0,0,0,0,0,1753378688
125,1753378644.32634,1.331,-41.82,0,0,0,0.24387717856549,0.969806125869978,3.5,0,0,0,0,0,1753378688,1753378644.31805,13.388,-42.219,0,0,0,-0.853375684333934,-0.521296404541207,0,0,0,0,0,0,1753378688
126,1753378644.33464,1.331,-41.82,0,0,0,0.24387717856549,0.969806125869978,3.5,0,0,0,0,0,1753378688,1753378644.32637,13.388,-42.219,0,0,0,-0.853375684333934,-0.521296404541207,0,0,0,0,0,0,1753378688
127,1753378644.34291,1.331,-41.82,0,0,0,0.24387717856549,0.969806125869978,3.5,0,0,0,0,0,1753378688,1753378644.33466,13.388,-42.219,0,0,0,-0.853375684333934,-0.521296404541207,0,0,0,0,0,0,1753378688
128,1753378644.35124,1.331,-41.82,0,0,0,0.24387717856549,0.969806125869978,3.5,0,0,0,0,0,1753378688,1753378644.34294,13.388,-42.219,0,0,0,-0.853375684333934,-0.521296404541207,0,0,0,0,0,0,1753378688
129,1753378644.35965,1.331,-41.82,0,0,0,0.24387717856549,0.969806125869978,3.5,0,0,0,0,0,1753378688,1753378644.35126,13.388,-42.219,0,0,0,-0.853375684333934,-0.521296404541207,0,0,0,0,0,0,1753378688
130,1753378644.36801,1.331,-41.82,0,0,0,0.24387717856549,0.969806125869978,3.5,0,0,0,0,0,1753378688,1753378644.3597,13.388,-42.219,0,0,0,-0.853375684333934,-0.521296404541207,0,0,0,0,0,0,1753378688
131,1753378644.3764,1.331,-41.82,0,0,0,0.24387717856549,0.969806125869978,3.5,0,0,0,0,0,1753378688,1753378644.36804,13.388,-42.219,0,0,0,-0.853375684333934,-0.521296404541207,0,0,0,0,0,0,1753378688
132,1753378644.38458,1.331,-41.82,0,0,0,0.24387717856549,0.969806125869978,3.5,0,0,0,0,0,1753378688,1753378644.37643,13.388,-42.219,0,0,0,-0.853375684333934,-0.521296404541207,0,0,0,0,0,0,1753378688
133,1753378644.39278,1.331,-41.82,0,0,0,0.24387717856549,0.969806125869978,3.5,0,0,0,0,0,1753378688,1753378644.3846,13.388,-42.219,0,0,0,-0.853375684333934,-0.521296404541207,0,0,0,0,0,0,1753378688
134,1753378644.40125,1.331,-41.82,0,0,0,0.24387717856549,0.969806125869978,3.5,0,0,0,0,0,1753378688,1753378644.39281,13.388,-42.219,0,0,0,-0.853375684333934,-0.521296404541207,0,0,0,0,0,0,1753378688
135,1753378644.40975,1.331,-41.82,0,0,0,0.24387717856549,0.969806125869978,3.5,0,0,0,0,0,1753378688,1753378644.40127,13.388,-42.219,0,0,0,-0.853375684333934,-0.521296404541207,0,0,0,0,0,0,1753378688
136,1753378644.41781,1.331,-41.82,0,0,0,0.24387717856549,0.969806125869978,3.5,0,0,0,0,0,1753378688,1753378644.40978,13.388,-42.219,0,0,0,-0.853375684333934,-0.521296404541207,0,0,0,0,0,0,1753378688
137,1753378644.42636,1.331,-41.82,0,0,0,0.24387717856549,0.969806125869978,3.5,0,0,0,0,0,1753378688,1753378644.41783,13.388,-42.219,0,0,0,-0.853375684333934,-0.521296404541207,0,0,0,0,0,0,1753378688
138,1753378644.43451,1.331,-41.82,0,0,0,0.24387717856549,0.969806125869978,3.5,0,0,0,0,0,1753378688,1753378644.42638,13.388,-42.219,0,0,0,-0.853375684333934,-0.521296404541207,0,0,0,0,0,0,1753378688
139,1753378644.44315,1.331,-41.82,0,0,0,0.24387717856549,0.969806125869978,3.5,0,0,0,0,0,1753378688,1753378644.43454,13.388,-42.219,0,0,0,-0.853375684333934,-0.521296404541207,0,0,0,0,0,0,1753378688
140,1753378644.45151,1.331,-41.82,0,0,0,0.24387717856549,0.969806125869978,3.5,0,0,0,0,0,1753378688,1753378644.4432,13.388,-42.219,0,0,0,-0.853375684333934,-0.521296404541207,0,0,0,0,0,0,1753378688
141,1753378644.45975,1.331,-41.82,0,0,0,0.24387717856549,0.969806125869978,3.5,0,0,0,0,0,1753378688,1753378644.45156,13.388,-42.219,0,0,0,-0.853375684333934,-0.521296404541207,0,0,0,0,0,0,1753378688
142,1753378644.46805,1.331,-41.82,0,0,0,0.24387717856549,0.969806125869978,3.5,0,0,0,0,0,1753378688,1753378644.45978,13.388,-42.219,0,0,0,-0.853375684333934,-0.521296404541207,0,0,0,0,0,0,1753378688
143,1753378644.47654,1.331,-41.82,0,0,0,0.24387717856549,0.969806125869978,3.5,0,0,0,0,0,1753378688,1753378644.46809,13.388,-42.219,0,0,0,-0.853375684333934,-0.521296404541207,0,0,0,0,0,0,1753378688
144,1753378644.48482,1.331,-41.82,0,0,0,0.24387717856549,0.969806125869978,3.5,0,0,0,0,0,1753378688,1753378644.47659,13.388,-42.219,0,0,0,-0.853375684333934,-0.521296404541207,0,0,0,0,0,0,1753378688
145,1753378644.49287,1.331,-41.82,0,0,0,0.24387717856549,0.969806125869978,3.5,0,0,0,0,0,1753378688,1753378644.48486,13.388,-42.219,0,0,0,-0.853375684333934,-0.521296404541207,0,0,0,0,0,0,1753378688
146,1753378644.5013,1.331,-41.82,0,0,0,0.24387717856549,0.969806125869978,3.5,0,0,0,0,0,1753378688,1753378644.4929,13.388,-42.219,0,0,0,-0.853375684333934,-0.521296404541207,0,0,0,0,0,0,1753378688
147,1753378644.50968,1.331,-41.82,0,0,0,0.24387717856549,0.969806125869978,3.5,0,0,0,0,0,1753378688,1753378644.50132,13.388,-42.219,0,0,0,-0.853375684333934,-0.521296404541207,0,0,0,0,0,0,1753378688
148,1753378644.51803,1.331,-41.82,0,0,0,0.24387717856549,0.969806125869978,3.5,0,0,0,0,0,1753378688,1753378644.50971,13.388,-42.219,0,0,0,-0.853375684333934,-0.521296404541207,0,0,0,0,0,0,1753378688
149,1753378644.52629,1.331,-41.82,0,0,0,0.24387717856549,0.969806125869978,3.5,0,0,0,0,0,1753378688,1753378644.51805,13.388,-42.219,0,0,0,-0.853375684333934,-0.521296404541207,0,0,0,0,0,0,1753378688
150,1753378644.53463,1.331,-41.82,0,0,0,0.24387717856549,0.969806125869978,3.5,0,0,0,0,0,1753378688,1753378644.52632,13.388,-42.219,0,0,0,-0.853375684333934,-0.521296404541207,0,0,0,0,0,0,1753378688
151,1753378644.54296,1.331,-41.82,0,0,0,0.24387717856549,0.969806125869978,3.5,0,0,0,0,0,1753378688,1753378644.53466,13.388,-42.219,0,0,0,-0.853375684333934,-0.521296404541207,0,0,0,0,0,0,1753378688
152,1753378644.55122,1.331,-41.82,0,0,0,0.24387717856549,0.969806125869978,3.5,0,0,0,0,0,1753378688,1753378644.54298,13.388,-42.219,0,0,0,-0.853375684333934,-0.521296404541207,0,0,0,0,0,0,1753378688
153,1753378644.55963,1.331,-41.82,0,0,0,0.24387717856549,0.969806125869978,3.5,0,0,0,0,0,1753378688,1753378644.55125,13.388,-42.219,0,0,0,-0.853375684333934,-0.521296404541207,0,0,0,0,0,0,1753378688
154,1753378644.56788,1.331,-41.82,0,0,0,0.24387717856549,0.969806125869978,3.5,0,0,0,0,0,1753378688,1753378644.55965,13.388,-42.219,0,0,0,-0.853375684333934,-0.521296404541207,0,0,0,0,0,0,1753378688
155,1753378644.57627,1.331,-41.82,0,0,0,0.24387717856549,0.969806125869978,3.5,0,0,0,0,0,1753378688,1753378644.5679,13.388,-42.219,0,0,0,-0.853375684333934,-0.521296404541207,0,0,0,0,0,0,1753378688
156,1753378644.58446,1.331,-41.82,0,0,0,0.24387717856549,0.969806125869978,3.5,0,0,0,0,0,1753378688,1753378644.5763,13.388,-42.219,0,0,0,-0.853375684333934,-0.521296404541207,0,0,0,0,0,0,1753378688
157,1753378644.59327,1.331,-41.82,0,0,0,0.24387717856549,0.969806125869978,3.5,0,0,0,0,0,1753378688,1753378644.58448,13.388,-42.219,0,0,0,-0.853375684333934,-0.521296404541207,0,0,0,0,0,0,1753378688
158,1753378644.6012,1.331,-41.82,0,0,0,0.24387717856549,0.969806125869978,3.5,0,0,0,0,0,1753378688,1753378644.59332,13.388,-42.219,0,0,0,-0.853375684333934,-0.521296404541207,0,0,0,0,0,0,1753378688
159,1753378644.61033,1.331,-41.82,0,0,0,0.24387717856549,0.969806125869978,3.5,0,0,0,0,0,1753378688,1753378644.60122,13.388,-42.219,0,0,0,-0.853375684333934,-0.521296404541207,0,0,0,0,0,0,1753378688
160,1753378644.61791,1.331,-41.82,0,0,0,0.24387717856549,0.969806125869978,3.5,0,0,0,0,0,1753378688,1753378644.61037,13.388,-42.219,0,0,0,-0.853375684333934,-0.521296404541207,0,0,0,0,0,0,1753378688
161,1753378644.62632,1.331,-41.82,0,0,0,0.24387717856549,0.969806125869978,3.5,0,0,0,0,0,1753378688,1753378644.61794,13.388,-42.219,0,0,0,-0.853375684333934,-0.521296404541207,0,0,0,0,0,0,1753378688
162,1753378644.63455,1.331,-41.82,0,0,0,0.24387717856549,0.969806125869978,3.5,0,0,0,0,0,1753378688,1753378644.62634,13.388,-42.219,0,0,0,-0.853375684333934,-0.521296404541207,0,0,0,0,0,0,1753378688
163,1753378644.64308,1.331,-41.82,0,0,0,0.24387717856549,0.969806125869978,3.5,0,0,0,0,0,1753378688,1753378644.63457,13.388,-42.219,0,0,0,-0.853375684333934,-0.521296404541207,0,0,0,0,0,0,1753378688
164,1753378644.65171,1.331,-41.82,0,0,0,0.24387717856549,0.969806125869978,3.5,0,0,0,0,0,1753378688,1753378644.64311,13.388,-42.219,0,0,0,-0.853375684333934,-0.521296404541207,0,0,0,0,0,0,1753378688
165,1753378644.65964,1.331,-41.82,0,0,0,0.24387717856549,0.969806125869978,3.5,0,0,0,0,0,1753378688,1753378644.65174,13.388,-42.219,0,0,0,-0.853375684333934,-0.521296404541207,0,0,0,0,0,0,1753378688
166,1753378644.66785,1.331,-41.82,0,0,0,0.24387717856549,0.969806125869978,3.5,0,0,0,0,0,1753378688,1753378644.65967,13.388,-42.219,0,0,0,-0.853375684333934,-0.521296404541207,0,0,0,0,0,0,1753378688
167,1753378644.67619,1.331,-41.82,0,0,0,0.24387717856549,0.969806125869978,3.5,0,0,0,0,0,1753378688,1753378644.66788,13.388,-42.219,0,0,0,-0.853375684333934,-0.521296404541207,0,0,0,0,0,0,1753378688
168,1753378644.68453,1.331,-41.82,0,0,0,0.24387717856549,0.969806125869978,3.5,0,0,0,0,0,1753378688,1753378644.67621,13.388,-42.219,0,0,0,-0.853375684333934,-0.521296404541207,0,0,0,0,0,0,1753378688
169,1753378644.69285,1.331,-41.82,0,0,0,0.24387717856549,0.969806125869978,3.5,0,0,0,0,0,1753378688,1753378644.68455,13.388,-42.219,0,0,0,-0.853375684333934,-0.521296404541207,0,0,0,0,0,0,1753378688
170,1753378644.70116,1.331,-41.82,0,0,0,0.24387717856549,0.969806125869978,3.5,0,0,0,0,0,1753378688,1753378644.69287,13.388,-42.219,0,0,0,-0.853375684333934,-0.521296404541207,0,0,0,0,0,0,1753378688
171,1753378644.70971,1.331,-41.82,0,0,0,0.24387717856549,0.969806125869978,3.5,0,0,0,0,0,1753378688,1753378644.70118,13.388,-42.219,0,0,0,-0.853375684333934,-0.521296404541207,0,0,0,0,0,0,1753378688
172,1753378644.71786,1.331,-41.82,0,0,0,0.24387717856549,0.969806125869978,3.5,0,0,0,0,0,1753378688,1753378644.70974,13.388,-42.219,0,0,0,-0.853375684333934,-0.521296404541207,0,0,0,0,0,0,1753378688
173,1753378644.72629,1.331,-41.82,0,0,0,0.24387717856549,0.969806125869978,3.5,0,0,0,0,0,1753378688,1753378644.71789,13.388,-42.219,0,0,0,-0.853375684333934,-0.521296404541207,0,0,0,0,0,0,1753378688
174,1753378644.73456,1.331,-41.82,0,0,0,0.24387717856549,0.969806125869978,3.5,0,0,0,0,0,1753378688,1753378644.72632,13.388,-42.219,0,0,0,-0.853375684333934,-0.521296404541207,0,0,0,0,0,0,1753378688
175,1753378644.74309,1.331,-41.82,0,0,0,0.24387717856549,0.969806125869978,3.5,0,0,0,0,0,1753378688,1753378644.73458,13.388,-42.219,0,0,0,-0.853375684333934,-0.521296404541207,0,0,0,0,0,0,1753378688
176,1753378644.75131,1.331,-41.82,0,0,0,0.24387717856549,0.969806125869978,3.5,0,0,0,0,0,1753378688,1753378644.74314,13.388,-42.219,0,0,0,-0.853375684333934,-0.521296404541207,0,0,0,0,0,0,1753378688
177,1753378644.75977,1.331,-41.82,0,0,0,0.24387717856549,0.969806125869978,3.5,0,0,0,0,0,1753378688,1753378644.75134,13.388,-42.219,0,0,0,-0.853375684333934,-0.521296404541207,0,0,0,0,0,0,1753378688
178,1753378644.76777,1.331,-41.82,0,0,0,0.24387717856549,0.969806125869978,3.5,0,0,0,0,0,1753378688,1753378644.75979,13.388,-42.219,0,0,0,-0.853375684333934,-0.521296404541207,0,0,0,0,0,0,1753378688
179,1753378644.77644,1.331,-41.82,0,0,0,0.24387717856549,0.969806125869978,3.5,0,0,0,0,0,1753378688,1753378644.76779,13.388,-42.219,0,0,0,-0.853375684333934,-0.521296404541207,0,0,0,0,0,0,1753378688
180,1753378644.78448,1.331,-41.82,0,0,0,0.24387717856549,0.969806125869978,3.5,0,0,0,0,0,1753378688,1753378644.77646,13.388,-42.219,0,0,0,-0.853375684333934,-0.521296404541207,0,0,0,0,0,0,1753378688
181,1753378644.79315,1.331,-41.82,0,0,0,0.24387717856549,0.969806125869978,3.5,0,0,0,0,0,1753378688,1753378644.78451,13.388,-42.219,0,0,0,-0.853375684333934,-0.521296404541207,0,0,0,0,0,0,1753378688
182,1753378644.80114,1.331,-41.82,0,0,0,0.24387717856549,0.969806125869978,3.5,0,0,0,0,0,1753378688,1753378644.79322,13.388,-42.219,0,0,0,-0.853375684333934,-0.521296404541207,0,0,0,0,0,0,1753378688
183,1753378644.80969,1.331,-41.82,0,0,0,0.24387717856549,0.969806125869978,3.5,0,0,0,0,0,1753378688,1753378644.80117,13.388,-42.219,0,0,0,-0.853375684333934,-0.521296404541207,0,0,0,0,0,0,1753378688
184,1753378644.81783,1.331,-41.82,0,0,0,0.24387717856549,0.969806125869978,3.5,0,0,0,0,0,1753378688,1753378644.80972,13.388,-42.219,0,0,0,-0.853375684333934,-0.521296404541207,0,0,0,0,0,0,1753378688
185,1753378644.82631,1.331,-41.82,0,0,0,0.24387717856549,0.969806125869978,3.5,0,0,0,0,0,1753378688,1753378644.81785,13.388,-42.219,0,0,0,-0.853375684333934,-0.521296404541207,0,0,0,0,0,0,1753378688
186,1753378644.83462,1.331,-41.82,0,0,0,0.24387717856549,0.969806125869978,3.5,0,0,0,0,0,1753378688,1753378644.82634,13.388,-42.219,0,0,0,-0.853375684333934,-0.521296404541207,0,0,0,0,0,0,1753378688
187,1753378644.84336,1.331,-41.82,0,0,0,0.24387717856549,0.969806125869978,3.5,0,0,0,0,0,1753378688,1753378644.83464,13.388,-42.219,0,0,0,-0.853375684333934,-0.521296404541207,0,0,0,0,0,0,1753378688
188,1753378644.85137,1.331,-41.82,0,0,0,0.24387717856549,0.969806125869978,3.5,0,0,0,0,0,1753378688,1753378644.8434,13.388,-42.219,0,0,0,-0.853375684333934,-0.521296404541207,0,0,0,0,0,0,1753378688
189,1753378644.85974,1.331,-41.82,0,0,0,0.24387717856549,0.969806125869978,3.5,0,0,0,0,0,1753378688,1753378644.8514,13.388,-42.219,0,0,0,-0.853375684333934,-0.521296404541207,0,0,0,0,0,0,1753378688
190,1753378644.86795,1.331,-41.82,0,0,0,0.24387717856549,0.969806125869978,3.5,0,0,0,0,0,1753378688,1753378644.85976,13.388,-42.219,0,0,0,-0.853375684333934,-0.521296404541207,0,0,0,0,0,0,1753378688
191,1753378644.87629,1.331,-41.82,0,0,0,0.24387717856549,0.969806125869978,3.5,0,0,0,0,0,1753378688,1753378644.86797,13.388,-42.219,0,0,0,-0.853375684333934,-0.521296404541207,0,0,0,0,0,0,1753378688
192,1753378644.8848,1.331,-41.82,0,0,0,0.24387717856549,0.969806125869978,3.5,0,0,0,0,0,1753378688,1753378644.87632,13.388,-42.219,0,0,0,-0.853375684333934,-0.521296404541207,0,0,0,0,0,0,1753378688
193,1753378644.89292,1.331,-41.82,0,0,0,0.24387717856549,0.969806125869978,3.5,0,0,0,0,0,1753378688,1753378644.88483,13.388,-42.219,0,0,0,-0.853375684333934,-0.521296404541207,0,0,0,0,0,0,1753378688
194,1753378644.90122,1.331,-41.82,0,0,0,0.24387717856549,0.969806125869978,3.5,0,0,0,0,0,1753378688,1753378644.89294,13.388,-42.219,0,0,0,-0.853375684333934,-0.521296404541207,0,0,0,0,0,0,1753378688
195,1753378644.90981,1.331,-41.82,0,0,0,0.24387717856549,0.969806125869978,3.5,0,0,0,0,0,1753378688,1753378644.90125,13.388,-42.219,0,0,0,-0.853375684333934,-0.521296404541207,0,0,0,0,0,0,1753378688
196,1753378644.91794,1.331,-41.82,0,0,0,0.24387717856549,0.969806125869978,3.5,0,0,0,0,0,1753378688,1753378644.90984,13.388,-42.219,0,0,0,-0.853375684333934,-0.521296404541207,0,0,0,0,0,0,1753378688
197,1753378644.92646,1.331,-41.82,0,0,0,0.24387717856549,0.969806125869978,3.5,0,0,0,0,0,1753378688,1753378644.91797,13.388,-42.219,0,0,0,-0.853375684333934,-0.521296404541207,0,0,0,0,0,0,1753378688
198,1753378644.93477,1.331,-41.82,0,0,0,0.24387717856549,0.969806125869978,3.5,0,0,0,0,0,1753378688,1753378644.92649,13.388,-42.219,0,0,0,-0.853375684333934,-0.521296404541207,0,0,0,0,0,0,1753378688
199,1753378644.94279,1.331,-41.82,0,0,0,0.24387717856549,0.969806125869978,3.5,0,0,0,0,0,1753378688,1753378644.93479,13.388,-42.219,0,0,0,-0.853375684333934,-0.521296404541207,0,0,0,0,0,0,1753378688
200,1753378644.95127,1.331,-41.82,0,0,0,0.24387717856549,0.969806125869978,3.5,0,0,0,0,0,1753378688,1753378644.94281,13.388,-42.219,0,0,0,-0.853375684333934,-0.521296404541207,0,0,0,0,0,0,1753378688
201,1753378644.95967,1.331,-41.82,0,0,0,0.24387717856549,0.969806125869978,3.5,0,0,0,0,0,1753378688,1753378644.9513,13.388,-42.219,0,0,0,-0.853375684333934,-0.521296404541207,0,0,0,0,0,0,1753378688
202,1753378644.96784,1.331,-41.82,0,0,0,0.24387717856549,0.969806125869978,3.5,0,0,0,0,0,1753378688,1753378644.95971,13.388,-42.219,0,0,0,-0.853375684333934,-0.521296404541207,0,0,0,0,0,0,1753378688
203,1753378644.97639,1.331,-41.82,0,0,0,0.24387717856549,0.969806125869978,3.5,0,0,0,0,0,1753378688,1753378644.96787,13.388,-42.219,0,0,0,-0.853375684333934,-0.521296404541207,0,0,0,0,0,0,1753378688
204,1753378644.98461,1.331,-41.82,0,0,0,0.24387717856549,0.969806125869978,3.5,0,0,0,0,0,1753378688,1753378644.97642,13.388,-42.219,0,0,0,-0.853375684333934,-0.521296404541207,0,0,0,0,0,0,1753378688
205,1753378644.99289,1.331,-41.82,0,0,0,0.24387717856549,0.969806125869978,3.5,0,0,0,0,0,1753378688,1753378644.98463,13.388,-42.219,0,0,0,-0.853375684333934,-0.521296404541207,0,0,0,0,0,0,1753378688
206,1753378645.00116,1.331,-41.82,0,0,0,0.24387717856549,0.969806125869978,3.5,0,0,0,0,0,1753378688,1753378644.99291,13.388,-42.219,0,0,0,-0.853375684333934,-0.521296404541207,0,0,0,0,0,0,1753378688
207,1753378645.00969,1.331,-41.82,0,0,0,0.24387717856549,0.969806125869978,3.5,0,0,0,0,0,1753378688,1753378645.00118,13.388,-42.219,0,0,0,-0.853375684333934,-0.521296404541207,0,0,0,0,0,0,1753378688
208,1753378645.01787,1.331,-41.82,0,0,0,0.24387717856549,0.969806125869978,3.5,0,0,0,0,0,1753378688,1753378645.00973,13.388,-42.219,0,0,0,-0.853375684333934,-0.521296404541207,0,0,0,0,0,0,1753378688
209,1753378645.02629,1.331,-41.82,0,0,0,0.24387717856549,0.969806125869978,3.5,0,0,0,0,0,1753378688,1753378645.0179,13.388,-42.219,0,0,0,-0.853375684333934,-0.521296404541207,0,0,0,0,0,0,1753378688
210,1753378645.03451,1.331,-41.82,0,0,0,0.24387717856549,0.969806125869978,3.5,0,0,0,0,0,1753378688,1753378645.02632,13.388,-42.219,0,0,0,-0.853375684333934,-0.521296404541207,0,0,0,0,0,0,1753378688
211,1753378645.0428,1.331,-41.82,0,0,0,0.24387717856549,0.969806125869978,3.5,0,0,0,0,0,1753378688,1753378645.03453,13.388,-42.219,0,0,0,-0.853375684333934,-0.521296404541207,0,0,0,0,0,0,1753378688
212,1753378645.05145,1.331,-41.82,0,0,0,0.24387717856549,0.969806125869978,3.5,0,0,0,0,0,1753378688,1753378645.04282,13.388,-42.219,0,0,0,-0.853375684333934,-0.521296404541207,0,0,0,0,0,0,1753378688
213,1753378645.05986,1.331,-41.82,0,0,0,0.24387717856549,0.969806125869978,3.5,0,0,0,0,0,1753378688,1753378645.05153,13.388,-42.219,0,0,0,-0.853375684333934,-0.521296404541207,0,0,0,0,0,0,1753378688
214,1753378645.06778,1.331,-41.82,0,0,0,0.24387717856549,0.969806125869978,3.5,0,0,0,0,0,1753378688,1753378645.05989,13.388,-42.219,0,0,0,-0.853375684333934,-0.521296404541207,0,0,0,0,0,0,1753378688
215,1753378645.07673,1.331,-41.82,0,0,0,0.24387717856549,0.969806125869978,3.5,0,0,0,0,0,1753378688,1753378645.0678,13.388,-42.219,0,0,0,-0.853375684333934,-0.521296404541207,0,0,0,0,0,0,1753378688
216,1753378645.08482,1.331,-41.82,0,0,0,0.24387717856549,0.969806125869978,3.5,0,0,0,0,0,1753378688,1753378645.07677,13.388,-42.219,0,0,0,-0.853375684333934,-0.521296404541207,0,0,0,0,0,0,1753378688
217,1753378645.09294,1.331,-41.82,0,0,0,0.24387717856549,0.969806125869978,3.5,0,0,0,0,0,1753378688,1753378645.08486,13.388,-42.219,0,0,0,-0.853375684333934,-0.521296404541207,0,0,0,0,0,0,1753378688
218,1753378645.10124,1.331,-41.82,0,0,0,0.24387717856549,0.969806125869978,3.5,0,0,0,0,0,1753378688,1753378645.09296,13.388,-42.219,0,0,0,-0.853375684333934,-0.521296404541207,0,0,0,0,0,0,1753378688
219,1753378645.1096,1.331,-41.82,0,0,0,0.24387717856549,0.969806125869978,3.5,0,0,0,0,0,1753378688,1753378645.10127,13.388,-42.219,0,0,0,-0.853375684333934,-0.521296404541207,0,0,0,0,0,0,1753378688
220,1753378645.11782,1.331,-41.82,0,0,0,0.24387717856549,0.969806125869978,3.5,0,0,0,0,0,1753378688,1753378645.10963,13.388,-42.219,0,0,0,-0.853375684333934,-0.521296404541207,0,0,0,0,0,0,1753378688
221,1753378645.12658,1.331,-41.82,0,0,0,0.24387717856549,0.969806125869978,3.5,0,0,0,0,0,1753378688,1753378645.11784,13.388,-42.219,0,0,0,-0.853375684333934,-0.521296404541207,0,0,0,0,0,0,1753378688
222,1753378645.13473,1.331,-41.82,0,0,0,0.24387717856549,0.969806125869978,3.5,0,0,0,0,0,1753378688,1753378645.12663,13.388,-42.219,0,0,0,-0.853375684333934,-0.521296404541207,0,0,0,0,0,0,1753378688
223,1753378645.14303,1.331,-41.82,0,0,0,0.24387717856549,0.969806125869978,3.5,0,0,0,0,0,1753378688,1753378645.13477,13.388,-42.219,0,0,0,-0.853375684333934,-0.521296404541207,0,0,0,0,0,0,1753378688
224,1753378645.15127,1.331,-41.82,0,0,0,0.24387717856549,0.969806125869978,3.5,0,0,0,0,0,1753378688,1753378645.14306,13.388,-42.219,0,0,0,-0.853375684333934,-0.521296404541207,0,0,0,0,0,0,1753378688
225,1753378645.15969,1.331,-41.82,0,0,0,0.24387717856549,0.969806125869978,3.5,0,0,0,0,0,1753378688,1753378645.1513,13.388,-42.219,0,0,0,-0.853375684333934,-0.521296404541207,0,0,0,0,0,0,1753378688
226,1753378645.16782,1.331,-41.82,0,0,0,0.24387717856549,0.969806125869978,3.5,0,0,0,0,0,1753378688,1753378645.15972,13.388,-42.219,0,0,0,-0.853375684333934,-0.521296404541207,0,0,0,0,0,0,1753378688
227,1753378645.17627,1.331,-41.82,0,0,0,0.24387717856549,0.969806125869978,3.5,0,0,0,0,0,1753378688,1753378645.16784,13.388,-42.219,0,0,0,-0.853375684333934,-0.521296404541207,0,0,0,0,0,0,1753378688
228,1753378645.18461,1.331,-41.82,0,0,0,0.24387717856549,0.969806125869978,3.5,0,0,0,0,0,1753378688,1753378645.1763,13.388,-42.219,0,0,0,-0.853375684333934,-0.521296404541207,0,0,0,0,0,0,1753378688
229,1753378645.19279,1.331,-41.82,0,0,0,0.24387717856549,0.969806125869978,3.5,0,0,0,0,0,1753378688,1753378645.18464,13.388,-42.219,0,0,0,-0.853375684333934,-0.521296404541207,0,0,0,0,0,0,1753378688
230,1753378645.20132,1.331,-41.82,0,0,0,0.24387717856549,0.969806125869978,3.5,0,0,0,0,0,1753378688,1753378645.19282,13.388,-42.219,0,0,0,-0.853375684333934,-0.521296404541207,0,0,0,0,0,0,1753378688
231,1753378645.20967,1.331,-41.82,0,0,0,0.24387717856549,0.969806125869978,3.5,0,0,0,0,0,1753378688,1753378645.20135,13.388,-42.219,0,0,0,-0.853375684333934,-0.521296404541207,0,0,0,0,0,0,1753378688
232,1753378645.21783,1.331,-41.82,0,0,0,0.24387717856549,0.969806125869978,3.5,0,0,0,0,0,1753378688,1753378645.20969,13.388,-42.219,0,0,0,-0.853375684333934,-0.521296404541207,0,0,0,0,0,0,1753378688
233,1753378645.22642,1.331,-41.82,0,0,0,0.24387717856549,0.969806125869978,3.5,0,0,0,0,0,1753378688,1753378645.21785,13.388,-42.219,0,0,0,-0.853375684333934,-0.521296404541207,0,0,0,0,0,0,1753378688
234,1753378645.23458,1.331,-41.82,0,0,0,0.24387717856549,0.969806125869978,3.5,0,0,0,0,0,1753378688,1753378645.22645,13.388,-42.219,0,0,0,-0.853375684333934,-0.521296404541207,0,0,0,0,0,0,1753378688
235,1753378645.24327,1.331,-41.82,0,0,0,0.24387717856549,0.969806125869978,3.5,0,0,0,0,0,1753378688,1753378645.2346,13.388,-42.219,0,0,0,-0.853375684333934,-0.521296404541207,0,0,0,0,0,0,1753378688
236,1753378645.25136,1.331,-41.82,0,0,0,0.24387717856549,0.969806125869978,3.5,0,0,0,0,0,1753378688,1753378645.24332,13.388,-42.219,0,0,0,-0.853375684333934,-0.521296404541207,0,0,0,0,0,0,1753378688
237,1753378645.25969,1.331,-41.82,0,0,0,0.24387717856549,0.969806125869978,3.5,0,0,0,0,0,1753378688,1753378645.25139,13.388,-42.219,0,0,0,-0.853375684333934,-0.521296404541207,0,0,0,0,0,0,1753378688
238,1753378645.26794,1.331,-41.82,0,0,0,0.24387717856549,0.969806125869978,3.5,0,0,0,0,0,1753378688,1753378645.25972,13.388,-42.219,0,0,0,-0.853375684333934,-0.521296404541207,0,0,0,0,0,0,1753378688
239,1753378645.27632,1.331,-41.82,0,0,0,0.24387717856549,0.969806125869978,3.5,0,0,0,0,0,1753378688,1753378645.26796,13.388,-42.219,0,0,0,-0.853375684333934,-0.521296404541207,0,0,0,0,0,0,1753378688
240,1753378645.28452,1.331,-41.82,0,0,0,0.24387717856549,0.969806125869978,3.5,0,0,0,0,0,1753378688,1753378645.27634,13.388,-42.219,0,0,0,-0.853375684333934,-0.521296404541207,0,0,0,0,0,0,1753378688
241,1753378645.29331,1.331,-41.82,0,0,0,0.24387717856549,0.969806125869978,3.5,0,0,0,0,0,1753378688,1753378645.28454,13.388,-42.219,0,0,0,-0.853375684333934,-0.521296404541207,0,0,0,0,0,0,1753378688
242,1753378645.30124,1.331,-41.82,0,0,0,0.24387717856549,0.969806125869978,3.5,0,0,0,0,0,1753378688,1753378645.29335,13.388,-42.219,0,0,0,-0.853375684333934,-0.521296404541207,0,0,0,0,0,0,1753378688
243,1753378645.30964,1.331,-41.82,0,0,0,0.24387717856549,0.969806125869978,3.5,0,0,0,0,0,1753378688,1753378645.30127,13.388,-42.219,0,0,0,-0.853375684333934,-0.521296404541207,0,0,0,0,0,0,1753378688
244,1753378645.31785,1.331,-41.82,0,0,0,0.24387717856549,0.969806125869978,3.5,0,0,0,0,0,1753378688,1753378645.30967,13.388,-42.219,0,0,0,-0.853375684333934,-0.521296404541207,0,0,0,0,0,0,1753378688
245,1753378645.32627,1.331,-41.82,0,0,0,0.24387717856549,0.969806125869978,3.5,0,0,0,0,0,1753378688,1753378645.31787,13.388,-42.219,0,0,0,-0.853375684333934,-0.521296404541207,0,0,0,0,0,0,1753378688
246,1753378645.33456,1.331,-41.82,0,0,0,0.24387717856549,0.969806125869978,3.5,0,0,0,0,0,1753378688,1753378645.3263,13.388,-42.219,0,0,0,-0.853375684333934,-0.521296404541207,0,0,0,0,0,0,1753378688
247,1753378645.34417,1.331,-41.82,0,0,0,0.24387717856549,0.969806125869978,3.5,0,0,0,0,0,1753378688,1753378645.33458,13.388,-42.219,0,0,0,-0.853375684333934,-0.521296404541207,0,0,0,0,0,0,1753378688
248,1753378645.35124,1.331,-41.82,0,0,0,0.24387717856549,0.969806125869978,3.5,0,0,0,0,0,1753378688,1753378645.34421,13.388,-42.219,0,0,0,-0.853375684333934,-0.521296404541207,0,0,0,0,0,0,1753378688
249,1753378645.35982,1.331,-41.82,0,0,0,0.24387717856549,0.969806125869978,3.5,0,0,0,0,0,1753378688,1753378645.35126,13.388,-42.219,0,0,0,-0.853375684333934,-0.521296404541207,0,0,0,0,0,0,1753378688
250,1753378645.36819,1.331,-41.82,0,0,0,0.24387717856549,0.969806125869978,3.5,0,0,0,0,0,1753378688,1753378645.35985,13.388,-42.219,0,0,0,-0.853375684333934,-0.521296404541207,0,0,0,0,0,0,1753378688
251,1753378645.37694,1.331,-41.82,0,0,0,0.24387717856549,0.969806125869978,3.5,0,0,0,0,0,1753378688,1753378645.36824,13.388,-42.219,0,0,0,-0.853375684333934,-0.521296404541207,0,0,0,0,0,0,1753378688
252,1753378645.38474,1.331,-41.82,0,0,0,0.24387717856549,0.969806125869978,3.5,0,0,0,0,0,1753378688,1753378645.37699,13.388,-42.219,0,0,0,-0.853375684333934,-0.521296404541207,0,0,0,0,0,0,1753378688
253,1753378645.39293,1.331,-41.82,0,0,0,0.24387717856549,0.969806125869978,3.5,0,0,0,0,0,1753378688,1753378645.38478,13.388,-42.219,0,0,0,-0.853375684333934,-0.521296404541207,0,0,0,0,0,0,1753378688
254,1753378645.40121,1.331,-41.82,0,0,0,0.24387717856549,0.969806125869978,3.5,0,0,0,0,0,1753378688,1753378645.39297,13.388,-42.219,0,0,0,-0.853375684333934,-0.521296404541207,0,0,0,0,0,0,1753378688
255,1753378645.40957,1.331,-41.82,0,0,0,0.24387717856549,0.969806125869978,3.5,0,0,0,0,0,1753378688,1753378645.40124,13.388,-42.219,0,0,0,-0.853375684333934,-0.521296404541207,0,0,0,0,0,0,1753378688
256,1753378645.41782,1.331,-41.82,0,0,0,0.24387717856549,0.969806125869978,3.5,0,0,0,0,0,1753378688,1753378645.4096,13.388,-42.219,0,0,0,-0.853375684333934,-0.521296404541207,0,0,0,0,0,0,1753378688
257,1753378645.42639,1.331,-41.82,0,0,0,0.24387717856549,0.969806125869978,3.5,0,0,0,0,0,1753378688,1753378645.41784,13.388,-42.219,0,0,0,-0.853375684333934,-0.521296404541207,0,0,0,0,0,0,1753378688
258,1753378645.43463,1.331,-41.82,0,0,0,0.24387717856549,0.969806125869978,3.5,0,0,0,0,0,1753378688,1753378645.42642,13.388,-42.219,0,0,0,-0.853375684333934,-0.521296404541207,0,0,0,0,0,0,1753378688
259,1753378645.44281,1.331,-41.82,0,0,0,0.24387717856549,0.969806125869978,3.5,0,0,0,0,0,1753378688,1753378645.43466,13.388,-42.219,0,0,0,-0.853375684333934,-0.521296404541207,0,0,0,0,0,0,1753378688
260,1753378645.4517,1.331,-41.82,0,0,0,0.24387717856549,0.969806125869978,3.5,0,0,0,0,0,1753378688,1753378645.44283,13.388,-42.219,0,0,0,-0.853375684333934,-0.521296404541207,0,0,0,0,0,0,1753378688
261,1753378645.45985,1.331,-41.82,0,0,0,0.24387717856549,0.969806125869978,3.5,0,0,0,0,0,1753378688,1753378645.45175,13.388,-42.219,0,0,0,-0.853375684333934,-0.521296404541207,0,0,0,0,0,0,1753378688
262,1753378645.46824,1.331,-41.82,0,0,0,0.24387717856549,0.969806125869978,3.5,0,0,0,0,0,1753378688,1753378645.45988,13.388,-42.219,0,0,0,-0.853375684333934,-0.521296404541207,0,0,0,0,0,0,1753378688
263,1753378645.47629,1.331,-41.82,0,0,0,0.24387717856549,0.969806125869978,3.5,0,0,0,0,0,1753378688,1753378645.4683,13.388,-42.219,0,0,0,-0.853375684333934,-0.521296404541207,0,0,0,0,0,0,1753378688
264,1753378645.48463,1.331,-41.82,0,0,0,0.24387717856549,0.969806125869978,3.5,0,0,0,0,0,1753378688,1753378645.47632,13.388,-42.219,0,0,0,-0.853375684333934,-0.521296404541207,0,0,0,0,0,0,1753378688
265,1753378645.49331,1.331,-41.82,0,0,0,0.24387717856549,0.969806125869978,3.5,0,0,0,0,0,1753378688,1753378645.48466,13.388,-42.219,0,0,0,-0.853375684333934,-0.521296404541207,0,0,0,0,0,0,1753378688
266,1753378645.5013,1.331,-41.82,0,0,0,0.24387717856549,0.969806125869978,3.5,0,0,0,0,0,1753378688,1753378645.49334,13.388,-42.219,0,0,0,-0.853375684333934,-0.521296404541207,0,0,0,0,0,0,1753378688
267,1753378645.50985,1.331,-41.82,0,0,0,0.24387717856549,0.969806125869978,3.5,0,0,0,0,0,1753378688,1753378645.50133,13.388,-42.219,0,0,0,-0.853375684333934,-0.521296404541207,0,0,0,0,0,0,1753378688
268,1753378645.51787,1.331,-41.82,0,0,0,0.24387717856549,0.969806125869978,3.5,0,0,0,0,0,1753378688,1753378645.50989,13.388,-42.219,0,0,0,-0.853375684333934,-0.521296404541207,0,0,0,0,0,0,1753378688
269,1753378645.52641,1.331,-41.82,0,0,0,0.24387717856549,0.969806125869978,3.5,0,0,0,0,0,1753378688,1753378645.5179,13.388,-42.219,0,0,0,-0.853375684333934,-0.521296404541207,0,0,0,0,0,0,1753378688
270,1753378645.5345,1.331,-41.82,0,0,0,0.24387717856549,0.969806125869978,3.5,0,0,0,0,0,1753378688,1753378645.52643,13.388,-42.219,0,0,0,-0.853375684333934,-0.521296404541207,0,0,0,0,0,0,1753378688
271,1753378645.54301,1.331,-41.82,0,0,0,0.24387717856549,0.969806125869978,3.5,0,0,0,0,0,1753378688,1753378645.53452,13.388,-42.219,0,0,0,-0.853375684333934,-0.521296404541207,0,0,0,0,0,0,1753378688
272,1753378645.55124,1.331,-41.82,0,0,0,0.24387717856549,0.969806125869978,3.5,0,0,0,0,0,1753378688,1753378645.54305,13.388,-42.219,0,0,0,-0.853375684333934,-0.521296404541207,0,0,0,0,0,0,1753378688
273,1753378645.56023,1.331,-41.82,0,0,0,0.24387717856549,0.969806125869978,3.5,0,0,0,0,0,1753378688,1753378645.55126,13.388,-42.219,0,0,0,-0.853375684333934,-0.521296404541207,0,0,0,0,0,0,1753378688
274,1753378645.56786,1.331,-41.82,0,0,0,0.24387717856549,0.969806125869978,3.5,0,0,0,0,0,1753378688,1753378645.56027,13.388,-42.219,0,0,0,-0.853375684333934,-0.521296404541207,0,0,0,0,0,0,1753378688
275,1753378645.5766,1.331,-41.82,0,0,0,0.24387717856549,0.969806125869978,3.5,0,0,0,0,0,1753378688,1753378645.56789,13.388,-42.219,0,0,0,-0.853375684333934,-0.521296404541207,0,0,0,0,0,0,1753378688
276,1753378645.58453,1.331,-41.82,0,0,0,0.24387717856549,0.969806125869978,3.5,0,0,0,0,0,1753378688,1753378645.57664,13.388,-42.219,0,0,0,-0.853375684333934,-0.521296404541207,0,0,0,0,0,0,1753378688
277,1753378645.5928,1.331,-41.82,0,0,0,0.24387717856549,0.969806125869978,3.5,0,0,0,0,0,1753378688,1753378645.58455,13.388,-42.219,0,0,0,-0.853375684333934,-0.521296404541207,0,0,0,0,0,0,1753378688
278,1753378645.60131,1.331,-41.82,0,0,0,0.24387717856549,0.969806125869978,3.5,0,0,0,0,0,1753378688,1753378645.59283,13.388,-42.219,0,0,0,-0.853375684333934,-0.521296404541207,0,0,0,0,0,0,1753378688
279,1753378645.60967,1.331,-41.82,0,0,0,0.24387717856549,0.969806125869978,3.5,0,0,0,0,0,1753378688,1753378645.60133,13.388,-42.219,0,0,0,-0.853375684333934,-0.521296404541207,0,0,0,0,0,0,1753378688
280,1753378645.61785,1.331,-41.82,0,0,0,0.24387717856549,0.969806125869978,3.5,0,0,0,0,0,1753378688,1753378645.6097,13.388,-42.219,0,0,0,-0.853375684333934,-0.521296404541207,0,0,0,0,0,0,1753378688
281,1753378645.62651,1.331,-41.82,0,0,0,0.24387717856549,0.969806125869978,3.5,0,0,0,0,0,1753378688,1753378645.61787,13.388,-42.219,0,0,0,-0.853375684333934,-0.521296404541207,0,0,0,0,0,0,1753378688
282,1753378645.6345,1.331,-41.82,0,0,0,0.24387717856549,0.969806125869978,3.5,0,0,0,0,0,1753378688,1753378645.62654,13.388,-42.219,0,0,0,-0.853375684333934,-0.521296404541207,0,0,0,0,0,0,1753378688
283,1753378645.64374,1.331,-41.82,0,0,0,0.24387717856549,0.969806125869978,3.5,0,0,0,0,0,1753378688,1753378645.63453,13.388,-42.219,0,0,0,-0.853375684333934,-0.521296404541207,0,0,0,0,0,0,1753378688
284,1753378645.65145,1.331,-41.82,0,0,0,0.24387717856549,0.969806125869978,3.5,0,0,0,0,0,1753378688,1753378645.64378,13.388,-42.219,0,0,0,-0.853375684333934,-0.521296404541207,0,0,0,0,0,0,1753378688
285,1753378645.66016,1.331,-41.82,0,0,0,0.24387717856549,0.969806125869978,3.5,0,0,0,0,0,1753378688,1753378645.65149,13.388,-42.219,0,0,0,-0.853375684333934,-0.521296404541207,0,0,0,0,0,0,1753378688
286,1753378645.66813,1.331,-41.82,0,0,0,0.24387717856549,0.969806125869978,3.5,0,0,0,0,0,1753378688,1753378645.66021,13.388,-42.219,0,0,0,-0.853375684333934,-0.521296404541207,0,0,0,0,0,0,1753378688
287,1753378645.67714,1.331,-41.82,0,0,0,0.24387717856549,0.969806125869978,3.5,0,0,0,0,0,1753378688,1753378645.66817,13.388,-42.219,0,0,0,-0.853375684333934,-0.521296404541207,0,0,0,0,0,0,1753378688
288,1753378645.68479,1.331,-41.82,0,0,0,0.24387717856549,0.969806125869978,3.5,0,0,0,0,0,1753378688,1753378645.6772,13.388,-42.219,0,0,0,-0.853375684333934,-0.521296404541207,0,0,0,0,0,0,1753378688
289,1753378645.69287,1.331,-41.82,0,0,0,0.24387717856549,0.969806125869978,3.5,0,0,0,0,0,1753378688,1753378645.68482,13.388,-42.219,0,0,0,-0.853375684333934,-0.521296404541207,0,0,0,0,0,0,1753378688
290,1753378645.70155,1.331,-41.82,0,0,0,0.24387717856549,0.969806125869978,3.5,0,0,0,0,0,1753378688,1753378645.69289,13.388,-42.219,0,0,0,-0.853375684333934,-0.521296404541207,0,0,0,0,0,0,1753378688
291,1753378645.70961,1.331,-41.82,0,0,0,0.24387717856549,0.969806125869978,3.5,0,0,0,0,0,1753378688,1753378645.70159,13.388,-42.219,0,0,0,-0.853375684333934,-0.521296404541207,0,0,0,0,0,0,1753378688
292,1753378645.71799,1.331,-41.82,0,0,0,0.24387717856549,0.969806125869978,3.5,0,0,0,0,0,1753378688,1753378645.70964,13.388,-42.219,0,0,0,-0.853375684333934,-0.521296404541207,0,0,0,0,0,0,1753378688
293,1753378645.72672,1.331,-41.82,0,0,0,0.24387717856549,0.969806125869978,3.5,0,0,0,0,0,1753378688,1753378645.71801,13.388,-42.219,0,0,0,-0.853375684333934,-0.521296404541207,0,0,0,0,0,0,1753378688
294,1753378645.73465,1.331,-41.82,0,0,0,0.24387717856549,0.969806125869978,3.5,0,0,0,0,0,1753378688,1753378645.7268,13.388,-42.219,0,0,0,-0.853375684333934,-0.521296404541207,0,0,0,0,0,0,1753378688
295,1753378645.74352,1.331,-41.82,0,0,0,0.24387717856549,0.969806125869978,3.5,0,0,0,0,0,1753378688,1753378645.73467,13.388,-42.219,0,0,0,-0.853375684333934,-0.521296404541207,0,0,0,0,0,0,1753378688
296,1753378645.75142,1.331,-41.82,0,0,0,0.24387717856549,0.969806125869978,3.5,0,0,0,0,0,1753378688,1753378645.74364,13.388,-42.219,0,0,0,-0.853375684333934,-0.521296404541207,0,0,0,0,0,0,1753378688
297,1753378645.75966,1.331,-41.82,0,0,0,0.24387717856549,0.969806125869978,3.5,0,0,0,0,0,1753378688,1753378645.75144,13.388,-42.219,0,0,0,-0.853375684333934,-0.521296404541207,0,0,0,0,0,0,1753378688
298,1753378645.76788,1.331,-41.82,0,0,0,0.24387717856549,0.969806125869978,3.5,0,0,0,0,0,1753378688,1753378645.75969,13.388,-42.219,0,0,0,-0.853375684333934,-0.521296404541207,0,0,0,0,0,0,1753378688
299,1753378645.77645,1.331,-41.82,0,0,0,0.24387717856549,0.969806125869978,3.5,0,0,0,0,0,1753378688,1753378645.76791,13.388,-42.219,0,0,0,-0.853375684333934,-0.521296404541207,0,0,0,0,0,0,1753378688
300,1753378645.78453,1.331,-41.82,0,0,0,0.24387717856549,0.969806125869978,3.5,0,0,0,0,0,1753378688,1753378645.77648,13.388,-42.219,0,0,0,-0.853375684333934,-0.521296404541207,0,0,0,0,0,0,1753378688
301,1753378645.79325,1.331,-41.82,0,0,0,0.24387717856549,0.969806125869978,3.5,0,0,0,0,0,1753378688,1753378645.78455,13.388,-42.219,0,0,0,-0.853375684333934,-0.521296404541207,0,0,0,0,0,0,1753378688
302,1753378645.80131,1.331,-41.82,0,0,0,0.24387717856549,0.969806125869978,3.5,0,0,0,0,0,1753378688,1753378645.79329,13.388,-42.219,0,0,0,-0.853375684333934,-0.521296404541207,0,0,0,0,0,0,1753378688
303,1753378645.80994,1.331,-41.82,0,0,0,0.24387717856549,0.969806125869978,3.5,0,0,0,0,0,1753378688,1753378645.80133,13.388,-42.219,0,0,0,-0.853375684333934,-0.521296404541207,0,0,0,0,0,0,1753378688
304,1753378645.81816,1.331,-41.82,0,0,0,0.24387717856549,0.969806125869978,3.5,0,0,0,0,0,1753378688,1753378645.81,13.388,-42.219,0,0,0,-0.853375684333934,-0.521296404541207,0,0,0,0,0,0,1753378688
305,1753378645.82642,1.331,-41.82,0,0,0,0.24387717856549,0.969806125869978,3.5,0,0,0,0,0,1753378688,1753378645.8182,13.388,-42.219,0,0,0,-0.853375684333934,-0.521296404541207,0,0,0,0,0,0,1753378688
306,1753378645.83457,1.331,-41.82,0,0,0,0.24387717856549,0.969806125869978,3.5,0,0,0,0,0,1753378688,1753378645.82644,13.388,-42.219,0,0,0,-0.853375684333934,-0.521296404541207,0,0,0,0,0,0,1753378688
307,1753378645.84342,1.331,-41.82,0,0,0,0.24387717856549,0.969806125869978,3.5,0,0,0,0,0,1753378688,1753378645.83459,13.388,-42.219,0,0,0,-0.853375684333934,-0.521296404541207,0,0,0,0,0,0,1753378688
308,1753378645.85131,1.331,-41.82,0,0,0,0.24387717856549,0.969806125869978,3.5,0,0,0,0,0,1753378688,1753378645.84345,13.388,-42.219,0,0,0,-0.853375684333934,-0.521296404541207,0,0,0,0,0,0,1753378688
309,1753378645.8597,1.331,-41.82,0,0,0,0.24387717856549,0.969806125869978,3.5,0,0,0,0,0,1753378688,1753378645.85133,13.388,-42.219,0,0,0,-0.853375684333934,-0.521296404541207,0,0,0,0,0,0,1753378688
310,1753378645.8679,1.331,-41.82,0,0,0,0.24387717856549,0.969806125869978,3.5,0,0,0,0,0,1753378688,1753378645.85973,13.388,-42.219,0,0,0,-0.853375684333934,-0.521296404541207,0,0,0,0,0,0,1753378688
311,1753378645.87693,1.331,-41.82,0,0,0,0.24387717856549,0.969806125869978,3.5,0,0,0,0,0,1753378688,1753378645.86792,13.388,-42.219,0,0,0,-0.853375684333934,-0.521296404541207,0,0,0,0,0,0,1753378688
312,1753378645.88498,1.331,-41.82,0,0,0,0.24387717856549,0.969806125869978,3.5,0,0,0,0,0,1753378688,1753378645.87698,13.388,-42.219,0,0,0,-0.853375684333934,-0.521296404541207,0,0,0,0,0,0,1753378688
313,1753378645.89314,1.331,-41.82,0,0,0,0.24387717856549,0.969806125869978,3.5,0,0,0,0,0,1753378688,1753378645.88503,13.388,-42.219,0,0,0,-0.853375684333934,-0.521296404541207,0,0,0,0,0,0,1753378688
314,1753378645.90146,1.331,-41.82,0,0,0,0.24387717856549,0.969806125869978,3.5,0,0,0,0,0,1753378688,1753378645.89318,13.388,-42.219,0,0,0,-0.853375684333934,-0.521296404541207,0,0,0,0,0,0,1753378688
315,1753378645.90965,1.331,-41.82,0,0,0,0.24387717856549,0.969806125869978,3.5,0,0,0,0,0,1753378688,1753378645.9015,13.388,-42.219,0,0,0,-0.853375684333934,-0.521296404541207,0,0,0,0,0,0,1753378688
316,1753378645.91791,1.331,-41.82,0,0,0,0.24387717856549,0.969806125869978,3.5,0,0,0,0,0,1753378688,1753378645.90968,13.388,-42.219,0,0,0,-0.853375684333934,-0.521296404541207,0,0,0,0,0,0,1753378688
317,1753378645.92624,1.331,-41.82,0,0,0,0.24387717856549,0.969806125869978,3.5,0,0,0,0,0,1753378688,1753378645.91794,13.388,-42.219,0,0,0,-0.853375684333934,-0.521296404541207,0,0,0,0,0,0,1753378688
318,1753378645.93463,1.331,-41.82,0,0,0,0.24387717856549,0.969806125869978,3.5,0,0,0,0,0,1753378688,1753378645.92627,13.388,-42.219,0,0,0,-0.853375684333934,-0.521296404541207,0,0,0,0,0,0,1753378688
319,1753378645.94433,1.331,-41.82,0,0,0,0.24387717856549,0.969806125869978,3.5,0,0,0,0,0,1753378688,1753378645.93466,13.388,-42.219,0,0,0,-0.853375684333934,-0.521296404541207,0,0,0,0,0,0,1753378688
320,1753378645.95126,1.331,-41.82,0,0,0,0.24387717856549,0.969806125869978,3.5,0,0,0,0,0,1753378688,1753378645.94437,13.388,-42.219,0,0,0,-0.853375684333934,-0.521296404541207,0,0,0,0,0,0,1753378688
321,1753378645.95963,1.331,-41.82,0,0,0,0.24387717856549,0.969806125869978,3.5,0,0,0,0,0,1753378688,1753378645.95129,13.388,-42.219,0,0,0,-0.853375684333934,-0.521296404541207,0,0,0,0,0,0,1753378688
322,1753378645.96791,1.331,-41.82,0,0,0,0.24387717856549,0.969806125869978,3.5,0,0,0,0,0,1753378688,1753378645.95965,13.388,-42.219,0,0,0,-0.853375684333934,-0.521296404541207,0,0,0,0,0,0,1753378688
323,1753378645.97629,1.331,-41.82,0,0,0,0.24387717856549,0.969806125869978,3.5,0,0,0,0,0,1753378688,1753378645.96793,13.388,-42.219,0,0,0,-0.853375684333934,-0.521296404541207,0,0,0,0,0,0,1753378688
324,1753378645.98448,1.331,-41.82,0,0,0,0.24387717856549,0.969806125869978,3.5,0,0,0,0,0,1753378688,1753378645.97632,13.388,-42.219,0,0,0,-0.853375684333934,-0.521296404541207,0,0,0,0,0,0,1753378688
325,1753378645.99289,1.331,-41.82,0,0,0,0.24387717856549,0.969806125869978,3.5,0,0,0,0,0,1753378688,1753378645.9845,13.388,-42.219,0,0,0,-0.853375684333934,-0.521296404541207,0,0,0,0,0,0,1753378688
326,1753378646.0015,1.331,-41.82,0,0,0,0.24387717856549,0.969806125869978,3.5,0,0,0,0,0,1753378688,1753378645.99293,13.388,-42.219,0,0,0,-0.853375684333934,-0.521296404541207,0,0,0,0,0,0,1753378688
327,1753378646.00975,1.331,-41.82,0,0,0,0.24387717856549,0.969806125869978,3.5,0,0,0,0,0,1753378688,1753378646.00153,13.388,-42.219,0,0,0,-0.853375684333934,-0.521296404541207,0,0,0,0,0,0,1753378688
328,1753378646.01803,1.331,-41.82,0,0,0,0.24387717856549,0.969806125869978,3.5,0,0,0,0,0,1753378688,1753378646.00978,13.388,-42.219,0,0,0,-0.853375684333934,-0.521296404541207,0,0,0,0,0,0,1753378688
329,1753378646.0264,1.331,-41.82,0,0,0,0.24387717856549,0.969806125869978,3.5,0,0,0,0,0,1753378688,1753378646.01806,13.388,-42.219,0,0,0,-0.853375684333934,-0.521296404541207,0,0,0,0,0,0,1753378688
330,1753378646.03465,1.331,-41.82,0,0,0,0.24387717856549,0.969806125869978,3.5,0,0,0,0,0,1753378688,1753378646.02643,13.388,-42.219,0,0,0,-0.853375684333934,-0.521296404541207,0,0,0,0,0,0,1753378688
331,1753378646.0442,1.331,-41.82,0,0,0,0.24387717856549,0.969806125869978,3.5,0,0,0,0,0,1753378688,1753378646.03468,13.388,-42.219,0,0,0,-0.853375684333934,-0.521296404541207,0,0,0,0,0,0,1753378688
332,1753378646.05192,1.331,-41.82,0,0,0,0.24387717856549,0.969806125869978,3.5,0,0,0,0,0,1753378688,1753378646.04432,13.388,-42.219,0,0,0,-0.853375684333934,-0.521296404541207,0,0,0,0,0,0,1753378688
333,1753378646.05981,1.331,-41.82,0,0,0,0.24387717856549,0.969806125869978,3.5,0,0,0,0,0,1753378688,1753378646.05196,13.388,-42.219,0,0,0,-0.853375684333934,-0.521296404541207,0,0,0,0,0,0,1753378688
334,1753378646.06805,1.331,-41.82,0,0,0,0.24387717856549,0.969806125869978,3.5,0,0,0,0,0,1753378688,1753378646.05984,13.388,-42.219,0,0,0,-0.853375684333934,-0.521296404541207,0,0,0,0,0,0,1753378688
335,1753378646.0767,1.331,-41.82,0,0,0,0.24387717856549,0.969806125869978,3.5,0,0,0,0,0,1753378688,1753378646.06807,13.388,-42.219,0,0,0,-0.853375684333934,-0.521296404541207,0,0,0,0,0,0,1753378688
336,1753378646.08484,1.331,-41.82,0,0,0,0.24387717856549,0.969806125869978,3.5,0,0,0,0,0,1753378688,1753378646.07674,13.388,-42.219,0,0,0,-0.853375684333934,-0.521296404541207,0,0,0,0,0,0,1753378688
337,1753378646.09282,1.331,-41.82,0,0,0,0.24387717856549,0.969806125869978,3.5,0,0,0,0,0,1753378688,1753378646.08488,13.388,-42.219,0,0,0,-0.853375684333934,-0.521296404541207,0,0,0,0,0,0,1753378688
338,1753378646.10124,1.331,-41.82,0,0,0,0.24387717856549,0.969806125869978,3.5,0,0,0,0,0,1753378688,1753378646.09284,13.388,-42.219,0,0,0,-0.853375684333934,-0.521296404541207,0,0,0,0,0,0,1753378688
339,1753378646.10963,1.331,-41.82,0,0,0,0.24387717856549,0.969806125869978,3.5,0,0,0,0,0,1753378688,1753378646.10127,13.388,-42.219,0,0,0,-0.853375684333934,-0.521296404541207,0,0,0,0,0,0,1753378688
340,1753378646.11786,1.331,-41.82,0,0,0,0.24387717856549,0.969806125869978,3.5,0,0,0,0,0,1753378688,1753378646.10966,13.388,-42.219,0,0,0,-0.853375684333934,-0.521296404541207,0,0,0,0,0,0,1753378688
341,1753378646.12636,1.331,-41.82,0,0,0,0.24387717856549,0.969806125869978,3.5,0,0,0,0,0,1753378688,1753378646.11788,13.388,-42.219,0,0,0,-0.853375684333934,-0.521296404541207,0,0,0,0,0,0,1753378688
342,1753378646.1346,1.331,-41.82,0,0,0,0.24387717856549,0.969806125869978,3.5,0,0,0,0,0,1753378688,1753378646.12638,13.388,-42.219,0,0,0,-0.853375684333934,-0.521296404541207,0,0,0,0,0,0,1753378688
343,1753378646.14275,1.331,-41.82,0,0,0,0.24387717856549,0.969806125869978,3.5,0,0,0,0,0,1753378688,1753378646.13462,13.388,-42.219,0,0,0,-0.853375684333934,-0.521296404541207,0,0,0,0,0,0,1753378688
344,1753378646.15126,1.331,-41.82,0,0,0,0.24387717856549,0.969806125869978,3.5,0,0,0,0,0,1753378688,1753378646.14278,13.388,-42.219,0,0,0,-0.853375684333934,-0.521296404541207,0,0,0,0,0,0,1753378688
345,1753378646.15995,1.331,-41.82,0,0,0,0.24387717856549,0.969806125869978,3.5,0,0,0,0,0,1753378688,1753378646.15129,13.388,-42.219,0,0,0,-0.853375684333934,-0.521296404541207,0,0,0,0,0,0,1753378688
346,1753378646.16789,1.331,-41.82,0,0,0,0.24387717856549,0.969806125869978,3.5,0,0,0,0,0,1753378688,1753378646.15999,13.388,-42.219,0,0,0,-0.853375684333934,-0.521296404541207,0,0,0,0,0,0,1753378688
347,1753378646.17665,1.331,-41.82,0,0,0,0.24387717856549,0.969806125869978,3.5,0,0,0,0,0,1753378688,1753378646.16791,13.388,-42.219,0,0,0,-0.853375684333934,-0.521296404541207,0,0,0,0,0,0,1753378688
348,1753378646.18493,1.331,-41.82,0,0,0,0.24387717856549,0.969806125869978,3.5,0,0,0,0,0,1753378688,1753378646.1767,13.388,-42.219,0,0,0,-0.853375684333934,-0.521296404541207,0,0,0,0,0,0,1753378688
349,1753378646.19284,1.331,-41.82,0,0,0,0.24387717856549,0.969806125869978,3.5,0,0,0,0,0,1753378688,1753378646.18496,13.388,-42.219,0,0,0,-0.853375684333934,-0.521296404541207,0,0,0,0,0,0,1753378688
350,1753378646.2012,1.331,-41.82,0,0,0,0.24387717856549,0.969806125869978,3.5,0,0,0,0,0,1753378688,1753378646.19291,13.388,-42.219,0,0,0,-0.853375684333934,-0.521296404541207,0,0,0,0,0,0,1753378688
351,1753378646.20968,1.331,-41.82,0,0,0,0.24387717856549,0.969806125869978,3.5,0,0,0,0,0,1753378688,1753378646.20122,13.388,-42.219,0,0,0,-0.853375684333934,-0.521296404541207,0,0,0,0,0,0,1753378688
352,1753378646.21785,1.331,-41.82,0,0,0,0.24387717856549,0.969806125869978,3.5,0,0,0,0,0,1753378688,1753378646.2097,13.388,-42.219,0,0,0,-0.853375684333934,-0.521296404541207,0,0,0,0,0,0,1753378688
353,1753378646.22633,1.331,-41.82,0,0,0,0.24387717856549,0.969806125869978,3.5,0,0,0,0,0,1753378688,1753378646.21787,13.388,-42.219,0,0,0,-0.853375684333934,-0.521296404541207,0,0,0,0,0,0,1753378688
354,1753378646.23465,1.331,-41.82,0,0,0,0.24387717856549,0.969806125869978,3.5,0,0,0,0,0,1753378688,1753378646.22636,13.388,-42.219,0,0,0,-0.853375684333934,-0.521296404541207,0,0,0,0,0,0,1753378688
355,1753378646.24297,1.331,-41.82,0,0,0,0.24387717856549,0.969806125869978,3.5,0,0,0,0,0,1753378688,1753378646.23468,13.388,-42.219,0,0,0,-0.853375684333934,-0.521296404541207,0,0,0,0,0,0,1753378688
356,1753378646.25127,1.331,-41.82,0,0,0,0.24387717856549,0.969806125869978,3.5,0,0,0,0,0,1753378688,1753378646.243,13.388,-42.219,0,0,0,-0.853375684333934,-0.521296404541207,0,0,0,0,0,0,1753378688
357,1753378646.25969,1.331,-41.82,0,0,0,0.24387717856549,0.969806125869978,3.5,0,0,0,0,0,1753378688,1753378646.2513,13.388,-42.219,0,0,0,-0.853375684333934,-0.521296404541207,0,0,0,0,0,0,1753378688
358,1753378646.26783,1.331,-41.82,0,0,0,0.24387717856549,0.969806125869978,3.5,0,0,0,0,0,1753378688,1753378646.25972,13.388,-42.219,0,0,0,-0.853375684333934,-0.521296404541207,0,0,0,0,0,0,1753378688
359,1753378646.27632,1.331,-41.82,0,0,0,0.24387717856549,0.969806125869978,3.5,0,0,0,0,0,1753378688,1753378646.26786,13.388,-42.219,0,0,0,-0.853375684333934,-0.521296404541207,0,0,0,0,0,0,1753378688
360,1753378646.28474,1.331,-41.82,0,0,0,0.24387717856549,0.969806125869978,3.5,0,0,0,0,0,1753378688,1753378646.27634,13.388,-42.219,0,0,0,-0.853375684333934,-0.521296404541207,0,0,0,0,0,0,1753378688
361,1753378646.29314,1.331,-41.82,0,0,0,0.24387717856549,0.969806125869978,3.5,0,0,0,0,0,1753378688,1753378646.28478,13.388,-42.219,0,0,0,-0.853375684333934,-0.521296404541207,0,0,0,0,0,0,1753378688
362,1753378646.30117,1.331,-41.82,0,0,0,0.24387717856549,0.969806125869978,3.5,0,0,0,0,0,1753378688,1753378646.29318,13.388,-42.219,0,0,0,-0.853375684333934,-0.521296404541207,0,0,0,0,0,0,1753378688
363,1753378646.30971,1.331,-41.82,0,0,0,0.24387717856549,0.969806125869978,3.5,0,0,0,0,0,1753378688,1753378646.3012,13.388,-42.219,0,0,0,-0.853375684333934,-0.521296404541207,0,0,0,0,0,0,1753378688
364,1753378646.31813,1.331,-41.82,0,0,0,0.24387717856549,0.969806125869978,3.5,0,0,0,0,0,1753378688,1753378646.30974,13.388,-42.219,0,0,0,-0.853375684333934,-0.521296404541207,0,0,0,0,0,0,1753378688
365,1753378646.32632,1.331,-41.82,0,0,0,0.24387717856549,0.969806125869978,3.5,0,0,0,0,0,1753378688,1753378646.31817,13.388,-42.219,0,0,0,-0.853375684333934,-0.521296404541207,0,0,0,0,0,0,1753378688
366,1753378646.33455,1.331,-41.82,0,0,0,0.24387717856549,0.969806125869978,3.5,0,0,0,0,0,1753378688,1753378646.32635,13.388,-42.219,0,0,0,-0.853375684333934,-0.521296404541207,0,0,0,0,0,0,1753378688
367,1753378646.3428,1.331,-41.82,0,0,0,0.24387717856549,0.969806125869978,3.5,0,0,0,0,0,1753378688,1753378646.33458,13.388,-42.219,0,0,0,-0.853375684333934,-0.521296404541207,0,0,0,0,0,0,1753378688
368,1753378646.35131,1.331,-41.82,0,0,0,0.24387717856549,0.969806125869978,3.5,0,0,0,0,0,1753378688,1753378646.34283,13.388,-42.219,0,0,0,-0.853375684333934,-0.521296404541207,0,0,0,0,0,0,1753378688
369,1753378646.35984,1.331,-41.82,0,0,0,0.24387717856549,0.969806125869978,3.5,0,0,0,0,0,1753378688,1753378646.35134,13.388,-42.219,0,0,0,-0.853375684333934,-0.521296404541207,0,0,0,0,0,0,1753378688
370,1753378646.36783,1.331,-41.82,0,0,0,0.24387717856549,0.969806125869978,3.5,0,0,0,0,0,1753378688,1753378646.35987,13.388,-42.219,0,0,0,-0.853375684333934,-0.521296404541207,0,0,0,0,0,0,1753378688
371,1753378646.37648,1.331,-41.82,0,0,0,0.24387717856549,0.969806125869978,3.5,0,0,0,0,0,1753378688,1753378646.36785,13.388,-42.219,0,0,0,-0.853375684333934,-0.521296404541207,0,0,0,0,0,0,1753378688
372,1753378646.38466,1.331,-41.82,0,0,0,0.24387717856549,0.969806125869978,3.5,0,0,0,0,0,1753378688,1753378646.37651,13.388,-42.219,0,0,0,-0.853375684333934,-0.521296404541207,0,0,0,0,0,0,1753378688
373,1753378646.39285,1.331,-41.82,0,0,0,0.24387717856549,0.969806125869978,3.5,0,0,0,0,0,1753378688,1753378646.38468,13.388,-42.219,0,0,0,-0.853375684333934,-0.521296404541207,0,0,0,0,0,0,1753378688
374,1753378646.40127,1.331,-41.82,0,0,0,0.24387717856549,0.969806125869978,3.5,0,0,0,0,0,1753378688,1753378646.39288,13.388,-42.219,0,0,0,-0.853375684333934,-0.521296404541207,0,0,0,0,0,0,1753378688
375,1753378646.40965,1.331,-41.82,0,0,0,0.24387717856549,0.969806125869978,3.5,0,0,0,0,0,1753378688,1753378646.4013,13.388,-42.219,0,0,0,-0.853375684333934,-0.521296404541207,0,0,0,0,0,0,1753378688
376,1753378646.41786,1.331,-41.82,0,0,0,0.24387717856549,0.969806125869978,3.5,0,0,0,0,0,1753378688,1753378646.40967,13.388,-42.219,0,0,0,-0.853375684333934,-0.521296404541207,0,0,0,0,0,0,1753378688
377,1753378646.42627,1.331,-41.82,0,0,0,0.24387717856549,0.969806125869978,3.5,0,0,0,0,0,1753378688,1753378646.41789,13.388,-42.219,0,0,0,-0.853375684333934,-0.521296404541207,0,0,0,0,0,0,1753378688
378,1753378646.43487,1.331,-41.82,0,0,0,0.24387717856549,0.969806125869978,3.5,0,0,0,0,0,1753378688,1753378646.4263,13.388,-42.219,0,0,0,-0.853375684333934,-0.521296404541207,0,0,0,0,0,0,1753378688
379,1753378646.44353,1.331,-41.82,0,0,0,0.24387717856549,0.969806125869978,3.5,0,0,0,0,0,1753378688,1753378646.43491,13.388,-42.219,0,0,0,-0.853375684333934,-0.521296404541207,0,0,0,0,0,0,1753378688
380,1753378646.45122,1.331,-41.82,0,0,0,0.24387717856549,0.969806125869978,3.5,0,0,0,0,0,1753378688,1753378646.44356,13.388,-42.219,0,0,0,-0.853375684333934,-0.521296404541207,0,0,0,0,0,0,1753378688
381,1753378646.45975,1.331,-41.82,0,0,0,0.24387717856549,0.969806125869978,3.5,0,0,0,0,0,1753378688,1753378646.45125,13.388,-42.219,0,0,0,-0.853375684333934,-0.521296404541207,0,0,0,0,0,0,1753378688
382,1753378646.46787,1.331,-41.82,0,0,0,0.24387717856549,0.969806125869978,3.5,0,0,0,0,0,1753378688,1753378646.45978,13.388,-42.219,0,0,0,-0.853375684333934,-0.521296404541207,0,0,0,0,0,0,1753378688
383,1753378646.47647,1.331,-41.82,0,0,0,0.24387717856549,0.969806125869978,3.5,0,0,0,0,0,1753378688,1753378646.4679,13.388,-42.219,0,0,0,-0.853375684333934,-0.521296404541207,0,0,0,0,0,0,1753378688
384,1753378646.48456,1.331,-41.82,0,0,0,0.24387717856549,0.969806125869978,3.5,0,0,0,0,0,1753378688,1753378646.4765,13.388,-42.219,0,0,0,-0.853375684333934,-0.521296404541207,0,0,0,0,0,0,1753378688
385,1753378646.49307,1.331,-41.82,0,0,0,0.24387717856549,0.969806125869978,3.5,0,0,0,0,0,1753378688,1753378646.48458,13.388,-42.219,0,0,0,-0.853375684333934,-0.521296404541207,0,0,0,0,0,0,1753378688
386,1753378646.50131,1.331,-41.82,0,0,0,0.24387717856549,0.969806125869978,3.5,0,0,0,0,0,1753378688,1753378646.49311,13.388,-42.219,0,0,0,-0.853375684333934,-0.521296404541207,0,0,0,0,0,0,1753378688
387,1753378646.51002,1.331,-41.82,0,0,0,0.24387717856549,0.969806125869978,3.5,0,0,0,0,0,1753378688,1753378646.50134,13.388,-42.219,0,0,0,-0.853375684333934,-0.521296404541207,0,0,0,0,0,0,1753378688
388,1753378646.51821,1.331,-41.82,0,0,0,0.24387717856549,0.969806125869978,3.5,0,0,0,0,0,1753378688,1753378646.51007,13.388,-42.219,0,0,0,-0.853375684333934,-0.521296404541207,0,0,0,0,0,0,1753378688
389,1753378646.5266,1.331,-41.82,0,0,0,0.24387717856549,0.969806125869978,3.5,0,0,0,0,0,1753378688,1753378646.51825,13.388,-42.219,0,0,0,-0.853375684333934,-0.521296404541207,0,0,0,0,0,0,1753378688
390,1753378646.53468,1.331,-41.82,0,0,0,0.24387717856549,0.969806125869978,3.5,0,0,0,0,0,1753378688,1753378646.52664,13.388,-42.219,0,0,0,-0.853375684333934,-0.521296404541207,0,0,0,0,0,0,1753378688
391,1753378646.54289,1.331,-41.82,0,0,0,0.24387717856549,0.969806125869978,3.5,0,0,0,0,0,1753378688,1753378646.5347,13.388,-42.219,0,0,0,-0.853375684333934,-0.521296404541207,0,0,0,0,0,0,1753378688
392,1753378646.55138,1.331,-41.82,0,0,0,0.24387717856549,0.969806125869978,3.5,0,0,0,0,0,1753378688,1753378646.54292,13.388,-42.219,0,0,0,-0.853375684333934,-0.521296404541207,0,0,0,0,0,0,1753378688
393,1753378646.55978,1.331,-41.82,0,0,0,0.24387717856549,0.969806125869978,3.5,0,0,0,0,0,1753378688,1753378646.55142,13.388,-42.219,0,0,0,-0.853375684333934,-0.521296404541207,0,0,0,0,0,0,1753378688
394,1753378646.56786,1.331,-41.82,0,0,0,0.24387717856549,0.969806125869978,3.5,0,0,0,0,0,1753378688,1753378646.5598,13.388,-42.219,0,0,0,-0.853375684333934,-0.521296404541207,0,0,0,0,0,0,1753378688
395,1753378646.57635,1.331,-41.82,0,0,0,0.24387717856549,0.969806125869978,3.5,0,0,0,0,0,1753378688,1753378646.56788,13.388,-42.219,0,0,0,-0.853375684333934,-0.521296404541207,0,0,0,0,0,0,1753378688
396,1753378646.58463,1.331,-41.82,0,0,0,0.24387717856549,0.969806125869978,3.5,0,0,0,0,0,1753378688,1753378646.57638,13.388,-42.219,0,0,0,-0.853375684333934,-0.521296404541207,0,0,0,0,0,0,1753378688
397,1753378646.59305,1.331,-41.82,0,0,0,0.24387717856549,0.969806125869978,3.5,0,0,0,0,0,1753378688,1753378646.58465,13.388,-42.219,0,0,0,-0.853375684333934,-0.521296404541207,0,0,0,0,0,0,1753378688
398,1753378646.60149,1.331,-41.82,0,0,0,0.24387717856549,0.969806125869978,3.5,0,0,0,0,0,1753378688,1753378646.59309,13.388,-42.219,0,0,0,-0.853375684333934,-0.521296404541207,0,0,0,0,0,0,1753378688
399,1753378646.61011,1.331,-41.82,0,0,0,0.24387717856549,0.969806125869978,3.5,0,0,0,0,0,1753378688,1753378646.60152,13.388,-42.219,0,0,0,-0.853375684333934,-0.521296404541207,0,0,0,0,0,0,1753378688
400,1753378646.61792,1.331,-41.82,0,0,0,0.24387717856549,0.969806125869978,3.5,0,0,0,0,0,1753378688,1753378646.61017,13.388,-42.219,0,0,0,-0.853375684333934,-0.521296404541207,0,0,0,0,0,0,1753378688
401,1753378646.62637,1.331,-41.82,0,0,0,0.24387717856549,0.969806125869978,3.5,0,0,0,0,0,1753378688,1753378646.61794,13.388,-42.219,0,0,0,-0.853375684333934,-0.521296404541207,0,0,0,0,0,0,1753378688
402,1753378646.63458,1.331,-41.82,0,0,0,0.24387717856549,0.969806125869978,3.5,0,0,0,0,0,1753378688,1753378646.62639,13.388,-42.219,0,0,0,-0.853375684333934,-0.521296404541207,0,0,0,0,0,0,1753378688
403,1753378646.64319,1.331,-41.82,0,0,0,0.24387717856549,0.969806125869978,3.5,0,0,0,0,0,1753378688,1753378646.6346,13.388,-42.219,0,0,0,-0.853375684333934,-0.521296404541207,0,0,0,0,0,0,1753378688
404,1753378646.65146,1.331,-41.82,0,0,0,0.24387717856549,0.969806125869978,3.5,0,0,0,0,0,1753378688,1753378646.64324,13.388,-42.219,0,0,0,-0.853375684333934,-0.521296404541207,0,0,0,0,0,0,1753378688
405,1753378646.65991,1.331,-41.82,0,0,0,0.24387717856549,0.969806125869978,3.5,0,0,0,0,0,1753378688,1753378646.6515,13.388,-42.219,0,0,0,-0.853375684333934,-0.521296404541207,0,0,0,0,0,0,1753378688
406,1753378646.66812,1.331,-41.82,0,0,0,0.24387717856549,0.969806125869978,3.5,0,0,0,0,0,1753378688,1753378646.65995,13.388,-42.219,0,0,0,-0.853375684333934,-0.521296404541207,0,0,0,0,0,0,1753378688
407,1753378646.67632,1.331,-41.82,0,0,0,0.24387717856549,0.969806125869978,3.5,0,0,0,0,0,1753378688,1753378646.66816,13.388,-42.219,0,0,0,-0.853375684333934,-0.521296404541207,0,0,0,0,0,0,1753378688
408,1753378646.68461,1.331,-41.82,0,0,0,0.24387717856549,0.969806125869978,3.5,0,0,0,0,0,1753378688,1753378646.67635,13.388,-42.219,0,0,0,-0.853375684333934,-0.521296404541207,0,0,0,0,0,0,1753378688
409,1753378646.69294,1.331,-41.82,0,0,0,0.24387717856549,0.969806125869978,3.5,0,0,0,0,0,1753378688,1753378646.68464,13.388,-42.219,0,0,0,-0.853375684333934,-0.521296404541207,0,0,0,0,0,0,1753378688
410,1753378646.70132,1.331,-41.82,0,0,0,0.24387717856549,0.969806125869978,3.5,0,0,0,0,0,1753378688,1753378646.69306,13.388,-42.219,0,0,0,-0.853375684333934,-0.521296404541207,0,0,0,0,0,0,1753378688
411,1753378646.70972,1.331,-41.82,0,0,0,0.24387717856549,0.969806125869978,3.5,0,0,0,0,0,1753378688,1753378646.70135,13.388,-42.219,0,0,0,-0.853375684333934,-0.521296404541207,0,0,0,0,0,0,1753378688
412,1753378646.71789,1.331,-41.82,0,0,0,0.24387717856549,0.969806125869978,3.5,0,0,0,0,0,1753378688,1753378646.70975,13.388,-42.219,0,0,0,-0.853375684333934,-0.521296404541207,0,0,0,0,0,0,1753378688
413,1753378646.72656,1.331,-41.82,0,0,0,0.24387717856549,0.969806125869978,3.5,0,0,0,0,0,1753378688,1753378646.71791,13.388,-42.219,0,0,0,-0.853375684333934,-0.521296404541207,0,0,0,0,0,0,1753378688
414,1753378646.73461,1.331,-41.82,0,0,0,0.24387717856549,0.969806125869978,3.5,0,0,0,0,0,1753378688,1753378646.72659,13.388,-42.219,0,0,0,-0.853375684333934,-0.521296404541207,0,0,0,0,0,0,1753378688
415,1753378646.74292,1.331,-41.82,0,0,0,0.24387717856549,0.969806125869978,3.5,0,0,0,0,0,1753378688,1753378646.73464,13.388,-42.219,0,0,0,-0.853375684333934,-0.521296404541207,0,0,0,0,0,0,1753378688
416,1753378646.75127,1.331,-41.82,0,0,0,0.24387717856549,0.969806125869978,3.5,0,0,0,0,0,1753378688,1753378646.74294,13.388,-42.219,0,0,0,-0.853375684333934,-0.521296404541207,0,0,0,0,0,0,1753378688
417,1753378646.75969,1.331,-41.82,0,0,0,0.24387717856549,0.969806125869978,3.5,0,0,0,0,0,1753378688,1753378646.7513,13.388,-42.219,0,0,0,-0.853375684333934,-0.521296404541207,0,0,0,0,0,0,1753378688
418,1753378646.76785,1.331,-41.82,0,0,0,0.24387717856549,0.969806125869978,3.5,0,0,0,0,0,1753378688,1753378646.75972,13.388,-42.219,0,0,0,-0.853375684333934,-0.521296404541207,0,0,0,0,0,0,1753378688
419,1753378646.77656,1.331,-41.82,0,0,0,0.24387717856549,0.969806125869978,3.5,0,0,0,0,0,1753378688,1753378646.76787,13.388,-42.219,0,0,0,-0.853375684333934,-0.521296404541207,0,0,0,0,0,0,1753378688
420,1753378646.78463,1.331,-41.82,0,0,0,0.24387717856549,0.969806125869978,3.5,0,0,0,0,0,1753378688,1753378646.77658,13.388,-42.219,0,0,0,-0.853375684333934,-0.521296404541207,0,0,0,0,0,0,1753378688
421,1753378646.79471,1.331,-41.82,0,0,0,0.24387717856549,0.969806125869978,3.5,0,0,0,0,0,1753378688,1753378646.78465,13.388,-42.219,0,0,0,-0.853375684333934,-0.521296404541207,0,0,0,0,0,0,1753378688
422,1753378646.80126,1.331,-41.82,0,0,0,0.24387717856549,0.969806125869978,3.5,0,0,0,0,0,1753378688,1753378646.79478,13.388,-42.219,0,0,0,-0.853375684333934,-0.521296404541207,0,0,0,0,0,0,1753378688
423,1753378646.80963,1.331,-41.82,0,0,0,0.24387717856549,0.969806125869978,3.5,0,0,0,0,0,1753378688,1753378646.80129,13.388,-42.219,0,0,0,-0.853375684333934,-0.521296404541207,0,0,0,0,0,0,1753378688
424,1753378646.81785,1.331,-41.82,0,0,0,0.24387717856549,0.969806125869978,3.5,0,0,0,0,0,1753378688,1753378646.80965,13.388,-42.219,0,0,0,-0.853375684333934,-0.521296404541207,0,0,0,0,0,0,1753378688
425,1753378646.82643,1.331,-41.82,0,0,0,0.24387717856549,0.969806125869978,3.5,0,0,0,0,0,1753378688,1753378646.81787,13.388,-42.219,0,0,0,-0.853375684333934,-0.521296404541207,0,0,0,0,0,0,1753378688
426,1753378646.83479,1.331,-41.82,0,0,0,0.24387717856549,0.969806125869978,3.5,0,0,0,0,0,1753378688,1753378646.82646,13.388,-42.219,0,0,0,-0.853375684333934,-0.521296404541207,0,0,0,0,0,0,1753378688
427,1753378646.84445,1.331,-41.82,0,0,0,0.24387717856549,0.969806125869978,3.5,0,0,0,0,0,1753378688,1753378646.83483,13.388,-42.219,0,0,0,-0.853375684333934,-0.521296404541207,0,0,0,0,0,0,1753378688
428,1753378646.8513,1.331,-41.82,0,0,0,0.24387717856549,0.969806125869978,3.5,0,0,0,0,0,1753378688,1753378646.84448,13.388,-42.219,0,0,0,-0.853375684333934,-0.521296404541207,0,0,0,0,0,0,1753378688
429,1753378646.85966,1.331,-41.82,0,0,0,0.24387717856549,0.969806125869978,3.5,0,0,0,0,0,1753378688,1753378646.85133,13.388,-42.219,0,0,0,-0.853375684333934,-0.521296404541207,0,0,0,0,0,0,1753378688
430,1753378646.86781,1.331,-41.82,0,0,0,0.24387717856549,0.969806125869978,3.5,0,0,0,0,0,1753378688,1753378646.85969,13.388,-42.219,0,0,0,-0.853375684333934,-0.521296404541207,0,0,0,0,0,0,1753378688
431,1753378646.877,1.331,-41.82,0,0,0,0.24387717856549,0.969806125869978,3.5,0,0,0,0,0,1753378688,1753378646.86783,13.388,-42.219,0,0,0,-0.853375684333934,-0.521296404541207,0,0,0,0,0,0,1753378688
432,1753378646.88447,1.331,-41.82,0,0,0,0.24387717856549,0.969806125869978,3.5,0,0,0,0,0,1753378688,1753378646.87707,13.388,-42.219,0,0,0,-0.853375684333934,-0.521296404541207,0,0,0,0,0,0,1753378688
433,1753378646.89286,1.331,-41.82,0,0,0,0.24387717856549,0.969806125869978,3.5,0,0,0,0,0,1753378688,1753378646.8845,13.388,-42.219,0,0,0,-0.853375684333934,-0.521296404541207,0,0,0,0,0,0,1753378688
434,1753378646.90123,1.331,-41.82,0,0,0,0.24387717856549,0.969806125869978,3.5,0,0,0,0,0,1753378688,1753378646.89288,13.388,-42.219,0,0,0,-0.853375684333934,-0.521296404541207,0,0,0,0,0,0,1753378688
435,1753378646.90962,1.331,-41.82,0,0,0,0.24387717856549,0.969806125869978,3.5,0,0,0,0,0,1753378688,1753378646.90125,13.388,-42.219,0,0,0,-0.853375684333934,-0.521296404541207,0,0,0,0,0,0,1753378688
436,1753378646.91791,1.331,-41.82,0,0,0,0.24387717856549,0.969806125869978,3.5,0,0,0,0,0,1753378688,1753378646.90965,13.388,-42.219,0,0,0,-0.853375684333934,-0.521296404541207,0,0,0,0,0,0,1753378688
437,1753378646.92683,1.331,-41.82,0,0,0,0.24387717856549,0.969806125869978,3.5,0,0,0,0,0,1753378688,1753378646.91793,13.388,-42.219,0,0,0,-0.853375684333934,-0.521296404541207,0,0,0,0,0,0,1753378688
438,1753378646.93481,1.331,-41.82,0,0,0,0.24387717856549,0.969806125869978,3.5,0,0,0,0,0,1753378688,1753378646.92687,13.388,-42.219,0,0,0,-0.853375684333934,-0.521296404541207,0,0,0,0,0,0,1753378688
439,1753378646.94397,1.331,-41.82,0,0,0,0.24387717856549,0.969806125869978,3.5,0,0,0,0,0,1753378688,1753378646.93484,13.388,-42.219,0,0,0,-0.853375684333934,-0.521296404541207,0,0,0,0,0,0,1753378688
440,1753378646.95172,1.331,-41.82,0,0,0,0.24387717856549,0.969806125869978,3.5,0,0,0,0,0,1753378688,1753378646.94404,13.388,-42.219,0,0,0,-0.853375684333934,-0.521296404541207,0,0,0,0,0,0,1753378688
441,1753378646.95996,1.331,-41.82,0,0,0,0.24387717856549,0.969806125869978,3.5,0,0,0,0,0,1753378688,1753378646.95176,13.388,-42.219,0,0,0,-0.853375684333934,-0.521296404541207,0,0,0,0,0,0,1753378688
442,1753378646.96788,1.331,-41.82,0,0,0,0.24387717856549,0.969806125869978,3.5,0,0,0,0,0,1753378688,1753378646.96,13.388,-42.219,0,0,0,-0.853375684333934,-0.521296404541207,0,0,0,0,0,0,1753378688
443,1753378646.97637,1.331,-41.82,0,0,0,0.24387717856549,0.969806125869978,3.5,0,0,0,0,0,1753378688,1753378646.9679,13.388,-42.219,0,0,0,-0.853375684333934,-0.521296404541207,0,0,0,0,0,0,1753378688
444,1753378646.98448,1.331,-41.82,0,0,0,0.24387717856549,0.969806125869978,3.5,0,0,0,0,0,1753378688,1753378646.9764,13.388,-42.219,0,0,0,-0.853375684333934,-0.521296404541207,0,0,0,0,0,0,1753378688
445,1753378646.99321,1.331,-41.82,0,0,0,0.24387717856549,0.969806125869978,3.5,0,0,0,0,0,1753378688,1753378646.9845,13.388,-42.219,0,0,0,-0.853375684333934,-0.521296404541207,0,0,0,0,0,0,1753378688
446,1753378647.00152,1.331,-41.82,0,0,0,0.24387717856549,0.969806125869978,3.5,0,0,0,0,0,1753378688,1753378646.99325,13.388,-42.219,0,0,0,-0.853375684333934,-0.521296404541207,0,0,0,0,0,0,1753378688
447,1753378647.00974,1.331,-41.82,0,0,0,0.24387717856549,0.969806125869978,3.5,0,0,0,0,0,1753378688,1753378647.00155,13.388,-42.219,0,0,0,-0.853375684333934,-0.521296404541207,0,0,0,0,0,0,1753378688
448,1753378647.0178,1.331,-41.82,0,0,0,0.24387717856549,0.969806125869978,3.5,0,0,0,0,0,1753378688,1753378647.00977,13.388,-42.219,0,0,0,-0.853375684333934,-0.521296404541207,0,0,0,0,0,0,1753378688
449,1753378647.02661,1.331,-41.82,0,0,0,0.24387717856549,0.969806125869978,3.5,0,0,0,0,0,1753378688,1753378647.01783,13.388,-42.219,0,0,0,-0.853375684333934,-0.521296404541207,0,0,0,0,0,0,1753378688
450,1753378647.0347,1.331,-41.82,0,0,0,0.24387717856549,0.969806125869978,3.5,0,0,0,0,0,1753378688,1753378647.02665,13.388,-42.219,0,0,0,-0.853375684333934,-0.521296404541207,0,0,0,0,0,0,1753378688
451,1753378647.04298,1.331,-41.82,0,0,0,0.24387717856549,0.969806125869978,3.5,0,0,0,0,0,1753378688,1753378647.03472,13.388,-42.219,0,0,0,-0.853375684333934,-0.521296404541207,0,0,0,0,0,0,1753378688
452,1753378647.0513,1.331,-41.82,0,0,0,0.24387717856549,0.969806125869978,3.5,0,0,0,0,0,1753378688,1753378647.043,13.388,-42.219,0,0,0,-0.853375684333934,-0.521296404541207,0,0,0,0,0,0,1753378688
453,1753378647.05966,1.331,-41.82,0,0,0,0.24387717856549,0.969806125869978,3.5,0,0,0,0,0,1753378688,1753378647.05133,13.388,-42.219,0,0,0,-0.853375684333934,-0.521296404541207,0,0,0,0,0,0,1753378688
454,1753378647.06809,1.331,-41.82,0,0,0,0.24387717856549,0.969806125869978,3.5,0,0,0,0,0,1753378688,1753378647.05969,13.388,-42.219,0,0,0,-0.853375684333934,-0.521296404541207,0,0,0,0,0,0,1753378688
455,1753378647.07663,1.331,-41.82,0,0,0,0.24387717856549,0.969806125869978,3.5,0,0,0,0,0,1753378688,1753378647.06813,13.388,-42.219,0,0,0,-0.853375684333934,-0.521296404541207,0,0,0,0,0,0,1753378688
456,1753378647.0849,1.331,-41.82,0,0,0,0.24387717856549,0.969806125869978,3.5,0,0,0,0,0,1753378688,1753378647.07668,13.388,-42.219,0,0,0,-0.853375684333934,-0.521296404541207,0,0,0,0,0,0,1753378688
457,1753378647.09313,1.331,-41.82,0,0,0,0.24387717856549,0.969806125869978,3.5,0,0,0,0,0,1753378688,1753378647.08494,13.388,-42.219,0,0,0,-0.853375684333934,-0.521296404541207,0,0,0,0,0,0,1753378688
458,1753378647.10153,1.331,-41.82,0,0,0,0.24387717856549,0.969806125869978,3.5,0,0,0,0,0,1753378688,1753378647.09317,13.388,-42.219,0,0,0,-0.853375684333934,-0.521296404541207,0,0,0,0,0,0,1753378688
459,1753378647.10997,1.331,-41.82,0,0,0,0.24387717856549,0.969806125869978,3.5,0,0,0,0,0,1753378688,1753378647.10157,13.388,-42.219,0,0,0,-0.853375684333934,-0.521296404541207,0,0,0,0,0,0,1753378688
460,1753378647.11816,1.331,-41.82,0,0,0,0.24387717856549,0.969806125869978,3.5,0,0,0,0,0,1753378688,1753378647.11,13.388,-42.219,0,0,0,-0.853375684333934,-0.521296404541207,0,0,0,0,0,0,1753378688
461,1753378647.12657,1.331,-41.82,0,0,0,0.24387717856549,0.969806125869978,3.5,0,0,0,0,0,1753378688,1753378647.1182,13.388,-42.219,0,0,0,-0.853375684333934,-0.521296404541207,0,0,0,0,0,0,1753378688
462,1753378647.13465,1.331,-41.82,0,0,0,0.24387717856549,0.969806125869978,3.5,0,0,0,0,0,1753378688,1753378647.12661,13.388,-42.219,0,0,0,-0.853375684333934,-0.521296404541207,0,0,0,0,0,0,1753378688
463,1753378647.14322,1.331,-41.82,0,0,0,0.24387717856549,0.969806125869978,3.5,0,0,0,0,0,1753378688,1753378647.13467,13.388,-42.219,0,0,0,-0.853375684333934,-0.521296404541207,0,0,0,0,0,0,1753378688
464,1753378647.15135,1.331,-41.82,0,0,0,0.24387717856549,0.969806125869978,3.5,0,0,0,0,0,1753378688,1753378647.1433,13.388,-42.219,0,0,0,-0.853375684333934,-0.521296404541207,0,0,0,0,0,0,1753378688
465,1753378647.15961,1.331,-41.82,0,0,0,0.24387717856549,0.969806125869978,3.5,0,0,0,0,0,1753378688,1753378647.15138,13.388,-42.219,0,0,0,-0.853375684333934,-0.521296404541207,0,0,0,0,0,0,1753378688
466,1753378647.16789,1.331,-41.82,0,0,0,0.24387717856549,0.969806125869978,3.5,0,0,0,0,0,1753378688,1753378647.15964,13.388,-42.219,0,0,0,-0.853375684333934,-0.521296404541207,0,0,0,0,0,0,1753378688
467,1753378647.17632,1.331,-41.82,0,0,0,0.24387717856549,0.969806125869978,3.5,0,0,0,0,0,1753378688,1753378647.16791,13.388,-42.219,0,0,0,-0.853375684333934,-0.521296404541207,0,0,0,0,0,0,1753378688
468,1753378647.18467,1.331,-41.82,0,0,0,0.24387717856549,0.969806125869978,3.5,0,0,0,0,0,1753378688,1753378647.17635,13.388,-42.219,0,0,0,-0.853375684333934,-0.521296404541207,0,0,0,0,0,0,1753378688
469,1753378647.19276,1.331,-41.82,0,0,0,0.24387717856549,0.969806125869978,3.5,0,0,0,0,0,1753378688,1753378647.18469,13.388,-42.219,0,0,0,-0.853375684333934,-0.521296404541207,0,0,0,0,0,0,1753378688
470,1753378647.20125,1.331,-41.82,0,0,0,0.24387717856549,0.969806125869978,3.5,0,0,0,0,0,1753378688,1753378647.19278,13.388,-42.219,0,0,0,-0.853375684333934,-0.521296404541207,0,0,0,0,0,0,1753378688
471,1753378647.20973,1.331,-41.82,0,0,0,0.24387717856549,0.969806125869978,3.5,0,0,0,0,0,1753378688,1753378647.20127,13.388,-42.219,0,0,0,-0.853375684333934,-0.521296404541207,0,0,0,0,0,0,1753378688
472,1753378647.21794,1.331,-41.82,0,0,0,0.24387717856549,0.969806125869978,3.5,0,0,0,0,0,1753378688,1753378647.20976,13.388,-42.219,0,0,0,-0.853375684333934,-0.521296404541207,0,0,0,0,0,0,1753378688
473,1753378647.22779,1.331,-41.82,0,0,0,0.24387717856549,0.969806125869978,3.5,0,0,0,0,0,1753378688,1753378647.21797,13.388,-42.219,0,0,0,-0.853375684333934,-0.521296404541207,0,0,0,0,0,0,1753378688
474,1753378647.23456,1.331,-41.82,0,0,0,0.24387717856549,0.969806125869978,3.5,0,0,0,0,0,1753378688,1753378647.22789,13.388,-42.219,0,0,0,-0.853375684333934,-0.521296404541207,0,0,0,0,0,0,1753378688
475,1753378647.24274,1.331,-41.82,0,0,0,0.24387717856549,0.969806125869978,3.5,0,0,0,0,0,1753378688,1753378647.23458,13.388,-42.219,0,0,0,-0.853375684333934,-0.521296404541207,0,0,0,0,0,0,1753378688
476,1753378647.25132,1.331,-41.82,0,0,0,0.24387717856549,0.969806125869978,3.5,0,0,0,0,0,1753378688,1753378647.24277,13.388,-42.219,0,0,0,-0.853375684333934,-0.521296404541207,0,0,0,0,0,0,1753378688
477,1753378647.2597,1.331,-41.82,0,0,0,0.24387717856549,0.969806125869978,3.5,0,0,0,0,0,1753378688,1753378647.25135,13.388,-42.219,0,0,0,-0.853375684333934,-0.521296404541207,0,0,0,0,0,0,1753378688
478,1753378647.26794,1.331,-41.82,0,0,0,0.24387717856549,0.969806125869978,3.5,0,0,0,0,0,1753378688,1753378647.25973,13.388,-42.219,0,0,0,-0.853375684333934,-0.521296404541207,0,0,0,0,0,0,1753378688
479,1753378647.27656,1.331,-41.82,0,0,0,0.24387717856549,0.969806125869978,3.5,0,0,0,0,0,1753378688,1753378647.26797,13.388,-42.219,0,0,0,-0.853375684333934,-0.521296404541207,0,0,0,0,0,0,1753378688
480,1753378647.28459,1.331,-41.82,0,0,0,0.24387717856549,0.969806125869978,3.5,0,0,0,0,0,1753378688,1753378647.27658,13.388,-42.219,0,0,0,-0.853375684333934,-0.521296404541207,0,0,0,0,0,0,1753378688
481,1753378647.29298,1.331,-41.82,0,0,0,0.24387717856549,0.969806125869978,3.5,0,0,0,0,0,1753378688,1753378647.28461,13.388,-42.219,0,0,0,-0.853375684333934,-0.521296404541207,0,0,0,0,0,0,1753378688
482,1753378647.30127,1.331,-41.82,0,0,0,0.24387717856549,0.969806125869978,3.5,0,0,0,0,0,1753378688,1753378647.29302,13.388,-42.219,0,0,0,-0.853375684333934,-0.521296404541207,0,0,0,0,0,0,1753378688
483,1753378647.30982,1.331,-41.82,0,0,0,0.24387717856549,0.969806125869978,3.5,0,0,0,0,0,1753378688,1753378647.3013,13.388,-42.219,0,0,0,-0.853375684333934,-0.521296404541207,0,0,0,0,0,0,1753378688
484,1753378647.31789,1.331,-41.82,0,0,0,0.24387717856549,0.969806125869978,3.5,0,0,0,0,0,1753378688,1753378647.30986,13.388,-42.219,0,0,0,-0.853375684333934,-0.521296404541207,0,0,0,0,0,0,1753378688
485,1753378647.32648,1.331,-41.82,0,0,0,0.24387717856549,0.969806125869978,3.5,0,0,0,0,0,1753378688,1753378647.31791,13.388,-42.219,0,0,0,-0.853375684333934,-0.521296404541207,0,0,0,0,0,0,1753378688
486,1753378647.33469,1.331,-41.82,0,0,0,0.24387717856549,0.969806125869978,3.5,0,0,0,0,0,1753378688,1753378647.32652,13.388,-42.219,0,0,0,-0.853375684333934,-0.521296404541207,0,0,0,0,0,0,1753378688
487,1753378647.34359,1.331,-41.82,0,0,0,0.24387717856549,0.969806125869978,3.5,0,0,0,0,0,1753378688,1753378647.33473,13.388,-42.219,0,0,0,-0.853375684333934,-0.521296404541207,0,0,0,0,0,0,1753378688
488,1753378647.3513,1.331,-41.82,0,0,0,0.24387717856549,0.969806125869978,3.5,0,0,0,0,0,1753378688,1753378647.34365,13.388,-42.219,0,0,0,-0.853375684333934,-0.521296404541207,0,0,0,0,0,0,1753378688
489,1753378647.36057,1.331,-41.82,0,0,0,0.24387717856549,0.969806125869978,3.5,0,0,0,0,0,1753378688,1753378647.35132,13.388,-42.219,0,0,0,-0.853375684333934,-0.521296404541207,0,0,0,0,0,0,1753378688
490,1753378647.3679,1.331,-41.82,0,0,0,0.24387717856549,0.969806125869978,3.5,0,0,0,0,0,1753378688,1753378647.36062,13.388,-42.219,0,0,0,-0.853375684333934,-0.521296404541207,0,0,0,0,0,0,1753378688
491,1753378647.37663,1.331,-41.82,0,0,0,0.24387717856549,0.969806125869978,3.5,0,0,0,0,0,1753378688,1753378647.36792,13.388,-42.219,0,0,0,-0.853375684333934,-0.521296404541207,0,0,0,0,0,0,1753378688
492,1753378647.38482,1.331,-41.82,0,0,0,0.24387717856549,0.969806125869978,3.5,0,0,0,0,0,1753378688,1753378647.37668,13.388,-42.219,0,0,0,-0.853375684333934,-0.521296404541207,0,0,0,0,0,0,1753378688
493,1753378647.39332,1.331,-41.82,0,0,0,0.24387717856549,0.969806125869978,3.5,0,0,0,0,0,1753378688,1753378647.38486,13.388,-42.219,0,0,0,-0.853375684333934,-0.521296404541207,0,0,0,0,0,0,1753378688
494,1753378647.40125,1.331,-41.82,0,0,0,0.24387717856549,0.969806125869978,3.5,0,0,0,0,0,1753378688,1753378647.39336,13.388,-42.219,0,0,0,-0.853375684333934,-0.521296404541207,0,0,0,0,0,0,1753378688
495,1753378647.40972,1.331,-41.82,0,0,0,0.24387717856549,0.969806125869978,3.5,0,0,0,0,0,1753378688,1753378647.40129,13.388,-42.219,0,0,0,-0.853375684333934,-0.521296404541207,0,0,0,0,0,0,1753378688
496,1753378647.41783,1.331,-41.82,0,0,0,0.24387717856549,0.969806125869978,3.5,0,0,0,0,0,1753378688,1753378647.40974,13.388,-42.219,0,0,0,-0.853375684333934,-0.521296404541207,0,0,0,0,0,0,1753378688
497,1753378647.42674,1.331,-41.82,0,0,0,0.24387717856549,0.969806125869978,3.5,0,0,0,0,0,1753378688,1753378647.41785,13.388,-42.219,0,0,0,-0.853375684333934,-0.521296404541207,0,0,0,0,0,0,1753378688
498,1753378647.43465,1.331,-41.82,0,0,0,0.24387717856549,0.969806125869978,3.5,0,0,0,0,0,1753378688,1753378647.42678,13.388,-42.219,0,0,0,-0.853375684333934,-0.521296404541207,0,0,0,0,0,0,1753378688
499,1753378647.44311,1.331,-41.82,0,0,0,0.24387717856549,0.969806125869978,3.5,0,0,0,0,0,1753378688,1753378647.43467,13.388,-42.219,0,0,0,-0.853375684333934,-0.521296404541207,0,0,0,0,0,0,1753378688
500,1753378647.45123,1.331,-41.82,0,0,0,0.24387717856549,0.969806125869978,3.5,0,0,0,0,0,1753378688,1753378647.44315,13.388,-42.219,0,0,0,-0.853375684333934,-0.521296404541207,0,0,0,0,0,0,1753378688
501,1753378647.46013,1.331,-41.82,0,0,0,0.24387717856549,0.969806125869978,3.5,0,0,0,0,0,1753378688,1753378647.45126,13.388,-42.219,0,0,0,-0.853375684333934,-0.521296404541207,0,0,0,0,0,0,1753378688
502,1753378647.46816,1.331,-41.82,0,0,0,0.24387717856549,0.969806125869978,3.5,0,0,0,0,0,1753378688,1753378647.4602,13.388,-42.219,0,0,0,-0.853375684333934,-0.521296404541207,0,0,0,0,0,0,1753378688
503,1753378647.47641,1.331,-41.82,0,0,0,0.24387717856549,0.969806125869978,3.5,0,0,0,0,0,1753378688,1753378647.46821,13.388,-42.219,0,0,0,-0.853375684333934,-0.521296404541207,0,0,0,0,0,0,1753378688
504,1753378647.4848,1.331,-41.82,0,0,0,0.24387717856549,0.969806125869978,3.5,0,0,0,0,0,1753378688,1753378647.47644,13.388,-42.219,0,0,0,-0.853375684333934,-0.521296404541207,0,0,0,0,0,0,1753378688
505,1753378647.49368,1.331,-41.82,0,0,0,0.24387717856549,0.969806125869978,3.5,0,0,0,0,0,1753378688,1753378647.48484,13.388,-42.219,0,0,0,-0.853375684333934,-0.521296404541207,0,0,0,0,0,0,1753378688
506,1753378647.50153,1.331,-41.82,0,0,0,0.24387717856549,0.969806125869978,3.5,0,0,0,0,0,1753378688,1753378647.49373,13.388,-42.219,0,0,0,-0.853375684333934,-0.521296404541207,0,0,0,0,0,0,1753378688
507,1753378647.50993,1.331,-41.82,0,0,0,0.24387717856549,0.969806125869978,3.5,0,0,0,0,0,1753378688,1753378647.50157,13.388,-42.219,0,0,0,-0.853375684333934,-0.521296404541207,0,0,0,0,0,0,1753378688
508,1753378647.51819,1.331,-41.82,0,0,0,0.24387717856549,0.969806125869978,3.5,0,0,0,0,0,1753378688,1753378647.50997,13.388,-42.219,0,0,0,-0.853375684333934,-0.521296404541207,0,0,0,0,0,0,1753378688
509,1753378647.52666,1.331,-41.82,0,0,0,0.24387717856549,0.969806125869978,3.5,0,0,0,0,0,1753378688,1753378647.51825,13.388,-42.219,0,0,0,-0.853375684333934,-0.521296404541207,0,0,0,0,0,0,1753378688
510,1753378647.53453,1.331,-41.82,0,0,0,0.24387717856549,0.969806125869978,3.5,0,0,0,0,0,1753378688,1753378647.52669,13.388,-42.219,0,0,0,-0.853375684333934,-0.521296404541207,0,0,0,0,0,0,1753378688
511,1753378647.5428,1.331,-41.82,0,0,0,0.24387717856549,0.969806125869978,3.5,0,0,0,0,0,1753378688,1753378647.53456,13.388,-42.219,0,0,0,-0.853375684333934,-0.521296404541207,0,0,0,0,0,0,1753378688
512,1753378647.5513,1.331,-41.82,0,0,0,0.24387717856549,0.969806125869978,3.5,0,0,0,0,0,1753378688,1753378647.54282,13.388,-42.219,0,0,0,-0.853375684333934,-0.521296404541207,0,0,0,0,0,0,1753378688
513,1753378647.56002,1.331,-41.82,0,0,0,0.24387717856549,0.969806125869978,3.5,0,0,0,0,0,1753378688,1753378647.55133,13.388,-42.219,0,0,0,-0.853375684333934,-0.521296404541207,0,0,0,0,0,0,1753378688
514,1753378647.56787,1.331,-41.82,0,0,0,0.24387717856549,0.969806125869978,3.5,0,0,0,0,0,1753378688,1753378647.56005,13.388,-42.219,0,0,0,-0.853375684333934,-0.521296404541207,0,0,0,0,0,0,1753378688
515,1753378647.5764,1.331,-41.82,0,0,0,0.24387717856549,0.969806125869978,3.5,0,0,0,0,0,1753378688,1753378647.56789,13.388,-42.219,0,0,0,-0.853375684333934,-0.521296404541207,0,0,0,0,0,0,1753378688
516,1753378647.5846,1.331,-41.82,0,0,0,0.24387717856549,0.969806125869978,3.5,0,0,0,0,0,1753378688,1753378647.57643,13.388,-42.219,0,0,0,-0.853375684333934,-0.521296404541207,0,0,0,0,0,0,1753378688
517,1753378647.59297,1.331,-41.82,0,0,0,0.24387717856549,0.969806125869978,3.5,0,0,0,0,0,1753378688,1753378647.58462,13.388,-42.219,0,0,0,-0.853375684333934,-0.521296404541207,0,0,0,0,0,0,1753378688
518,1753378647.60132,1.331,-41.82,0,0,0,0.24387717856549,0.969806125869978,3.5,0,0,0,0,0,1753378688,1753378647.59301,13.388,-42.219,0,0,0,-0.853375684333934,-0.521296404541207,0,0,0,0,0,0,1753378688
519,1753378647.60968,1.331,-41.82,0,0,0,0.24387717856549,0.969806125869978,3.5,0,0,0,0,0,1753378688,1753378647.60134,13.388,-42.219,0,0,0,-0.853375684333934,-0.521296404541207,0,0,0,0,0,0,1753378688
520,1753378647.61792,1.331,-41.82,0,0,0,0.24387717856549,0.969806125869978,3.5,0,0,0,0,0,1753378688,1753378647.60971,13.388,-42.219,0,0,0,-0.853375684333934,-0.521296404541207,0,0,0,0,0,0,1753378688
521,1753378647.62631,1.331,-41.82,0,0,0,0.24387717856549,0.969806125869978,3.5,0,0,0,0,0,1753378688,1753378647.61794,13.388,-42.219,0,0,0,-0.853375684333934,-0.521296404541207,0,0,0,0,0,0,1753378688
522,1753378647.63457,1.331,-41.82,0,0,0,0.24387717856549,0.969806125869978,3.5,0,0,0,0,0,1753378688,1753378647.62634,13.388,-42.219,0,0,0,-0.853375684333934,-0.521296404541207,0,0,0,0,0,0,1753378688
523,1753378647.64313,1.331,-41.82,0,0,0,0.24387717856549,0.969806125869978,3.5,0,0,0,0,0,1753378688,1753378647.6346,13.388,-42.219,0,0,0,-0.853375684333934,-0.521296404541207,0,0,0,0,0,0,1753378688
524,1753378647.65134,1.331,-41.82,0,0,0,0.24387717856549,0.969806125869978,3.5,0,0,0,0,0,1753378688,1753378647.6432,13.388,-42.219,0,0,0,-0.853375684333934,-0.521296404541207,0,0,0,0,0,0,1753378688
525,1753378647.6604,1.331,-41.82,0,0,0,0.24387717856549,0.969806125869978,3.5,0,0,0,0,0,1753378688,1753378647.65137,13.388,-42.219,0,0,0,-0.853375684333934,-0.521296404541207,0,0,0,0,0,0,1753378688
526,1753378647.66822,1.331,-41.82,0,0,0,0.24387717856549,0.969806125869978,3.5,0,0,0,0,0,1753378688,1753378647.66045,13.388,-42.219,0,0,0,-0.853375684333934,-0.521296404541207,0,0,0,0,0,0,1753378688
527,1753378647.6763,1.331,-41.82,0,0,0,0.24387717856549,0.969806125869978,3.5,0,0,0,0,0,1753378688,1753378647.66826,13.388,-42.219,0,0,0,-0.853375684333934,-0.521296404541207,0,0,0,0,0,0,1753378688
528,1753378647.68455,1.331,-41.82,0,0,0,0.24387717856549,0.969806125869978,3.5,0,0,0,0,0,1753378688,1753378647.67633,13.388,-42.219,0,0,0,-0.853375684333934,-0.521296404541207,0,0,0,0,0,0,1753378688
529,1753378647.69334,1.331,-41.82,0,0,0,0.24387717856549,0.969806125869978,3.5,0,0,0,0,0,1753378688,1753378647.68458,13.388,-42.219,0,0,0,-0.853375684333934,-0.521296404541207,0,0,0,0,0,0,1753378688
530,1753378647.70147,1.331,-41.82,0,0,0,0.24387717856549,0.969806125869978,3.5,0,0,0,0,0,1753378688,1753378647.69341,13.388,-42.219,0,0,0,-0.853375684333934,-0.521296404541207,0,0,0,0,0,0,1753378688
531,1753378647.70965,1.331,-41.82,0,0,0,0.24387717856549,0.969806125869978,3.5,0,0,0,0,0,1753378688,1753378647.7015,13.388,-42.219,0,0,0,-0.853375684333934,-0.521296404541207,0,0,0,0,0,0,1753378688
532,1753378647.71803,1.331,-41.82,0,0,0,0.24387717856549,0.969806125869978,3.5,0,0,0,0,0,1753378688,1753378647.70967,13.388,-42.219,0,0,0,-0.853375684333934,-0.521296404541207,0,0,0,0,0,0,1753378688
533,1753378647.72633,1.331,-41.82,0,0,0,0.24387717856549,0.969806125869978,3.5,0,0,0,0,0,1753378688,1753378647.71806,13.388,-42.219,0,0,0,-0.853375684333934,-0.521296404541207,0,0,0,0,0,0,1753378688
534,1753378647.73479,1.331,-41.82,0,0,0,0.24387717856549,0.969806125869978,3.5,0,0,0,0,0,1753378688,1753378647.72636,13.388,-42.219,0,0,0,-0.853375684333934,-0.521296404541207,0,0,0,0,0,0,1753378688
535,1753378647.74281,1.331,-41.82,0,0,0,0.24387717856549,0.969806125869978,3.5,0,0,0,0,0,1753378688,1753378647.73483,13.388,-42.219,0,0,0,-0.853375684333934,-0.521296404541207,0,0,0,0,0,0,1753378688
536,1753378647.75132,1.331,-41.82,0,0,0,0.24387717856549,0.969806125869978,3.5,0,0,0,0,0,1753378688,1753378647.74284,13.388,-42.219,0,0,0,-0.853375684333934,-0.521296404541207,0,0,0,0,0,0,1753378688
537,1753378647.75969,1.331,-41.82,0,0,0,0.24387717856549,0.969806125869978,3.5,0,0,0,0,0,1753378688,1753378647.75135,13.388,-42.219,0,0,0,-0.853375684333934,-0.521296404541207,0,0,0,0,0,0,1753378688
538,1753378647.76824,1.331,-41.82,0,0,0,0.24387717856549,0.969806125869978,3.5,0,0,0,0,0,1753378688,1753378647.75972,13.388,-42.219,0,0,0,-0.853375684333934,-0.521296404541207,0,0,0,0,0,0,1753378688
539,1753378647.77666,1.331,-41.82,0,0,0,0.24387717856549,0.969806125869978,3.5,0,0,0,0,0,1753378688,1753378647.76829,13.388,-42.219,0,0,0,-0.853375684333934,-0.521296404541207,0,0,0,0,0,0,1753378688
540,1753378647.7845,1.331,-41.82,0,0,0,0.24387717856549,0.969806125869978,3.5,0,0,0,0,0,1753378688,1753378647.77671,13.388,-42.219,0,0,0,-0.853375684333934,-0.521296404541207,0,0,0,0,0,0,1753378688
541,1753378647.79309,1.331,-41.82,0,0,0,0.24387717856549,0.969806125869978,3.5,0,0,0,0,0,1753378688,1753378647.78452,13.388,-42.219,0,0,0,-0.853375684333934,-0.521296404541207,0,0,0,0,0,0,1753378688
542,1753378647.80116,1.331,-41.82,0,0,0,0.24387717856549,0.969806125869978,3.5,0,0,0,0,0,1753378688,1753378647.79312,13.388,-42.219,0,0,0,-0.853375684333934,-0.521296404541207,0,0,0,0,0,0,1753378688
543,1753378647.80968,1.331,-41.82,0,0,0,0.24387717856549,0.969806125869978,3.5,0,0,0,0,0,1753378688,1753378647.80118,13.388,-42.219,0,0,0,-0.853375684333934,-0.521296404541207,0,0,0,0,0,0,1753378688
544,1753378647.81778,1.331,-41.82,0,0,0,0.24387717856549,0.969806125869978,3.5,0,0,0,0,0,1753378688,1753378647.8097,13.388,-42.219,0,0,0,-0.853375684333934,-0.521296404541207,0,0,0,0,0,0,1753378688
545,1753378647.82627,1.331,-41.82,0,0,0,0.24387717856549,0.969806125869978,3.5,0,0,0,0,0,1753378688,1753378647.8178,13.388,-42.219,0,0,0,-0.853375684333934,-0.521296404541207,0,0,0,0,0,0,1753378688
546,1753378647.83456,1.331,-41.82,0,0,0,0.24387717856549,0.969806125869978,3.5,0,0,0,0,0,1753378688,1753378647.82631,13.388,-42.219,0,0,0,-0.853375684333934,-0.521296404541207,0,0,0,0,0,0,1753378688
547,1753378647.84282,1.331,-41.82,0,0,0,0.24387717856549,0.969806125869978,3.5,0,0,0,0,0,1753378688,1753378647.83458,13.388,-42.219,0,0,0,-0.853375684333934,-0.521296404541207,0,0,0,0,0,0,1753378688
548,1753378647.85142,1.331,-41.82,0,0,0,0.24387717856549,0.969806125869978,3.5,0,0,0,0,0,1753378688,1753378647.84285,13.388,-42.219,0,0,0,-0.853375684333934,-0.521296404541207,0,0,0,0,0,0,1753378688
549,1753378647.85971,1.331,-41.82,0,0,0,0.24387717856549,0.969806125869978,3.5,0,0,0,0,0,1753378688,1753378647.85144,13.388,-42.219,0,0,0,-0.853375684333934,-0.521296404541207,0,0,0,0,0,0,1753378688
550,1753378647.86797,1.331,-41.82,0,0,0,0.24387717856549,0.969806125869978,3.5,0,0,0,0,0,1753378688,1753378647.85973,13.388,-42.219,0,0,0,-0.853375684333934,-0.521296404541207,0,0,0,0,0,0,1753378688
551,1753378647.87621,1.331,-41.82,0,0,0,0.24387717856549,0.969806125869978,3.5,0,0,0,0,0,1753378688,1753378647.868,13.388,-42.219,0,0,0,-0.853375684333934,-0.521296404541207,0,0,0,0,0,0,1753378688
552,1753378647.8845,1.331,-41.82,0,0,0,0.24387717856549,0.969806125869978,3.5,0,0,0,0,0,1753378688,1753378647.87624,13.388,-42.219,0,0,0,-0.853375684333934,-0.521296404541207,0,0,0,0,0,0,1753378688
553,1753378647.89306,1.331,-41.82,0,0,0,0.24387717856549,0.969806125869978,3.5,0,0,0,0,0,1753378688,1753378647.88453,13.388,-42.219,0,0,0,-0.853375684333934,-0.521296404541207,0,0,0,0,0,0,1753378688
554,1753378647.90152,1.331,-41.82,0,0,0,0.24387717856549,0.969806125869978,3.5,0,0,0,0,0,1753378688,1753378647.89311,13.388,-42.219,0,0,0,-0.853375684333934,-0.521296404541207,0,0,0,0,0,0,1753378688
555,1753378647.90995,1.331,-41.82,0,0,0,0.24387717856549,0.969806125869978,3.5,0,0,0,0,0,1753378688,1753378647.90154,13.388,-42.219,0,0,0,-0.853375684333934,-0.521296404541207,0,0,0,0,0,0,1753378688
556,1753378647.91788,1.331,-41.82,0,0,0,0.24387717856549,0.969806125869978,3.5,0,0,0,0,0,1753378688,1753378647.91,13.388,-42.219,0,0,0,-0.853375684333934,-0.521296404541207,0,0,0,0,0,0,1753378688
557,1753378647.92634,1.331,-41.82,0,0,0,0.24387717856549,0.969806125869978,3.5,0,0,0,0,0,1753378688,1753378647.9179,13.388,-42.219,0,0,0,-0.853375684333934,-0.521296404541207,0,0,0,0,0,0,1753378688
558,1753378647.93463,1.331,-41.82,0,0,0,0.24387717856549,0.969806125869978,3.5,0,0,0,0,0,1753378688,1753378647.92636,13.388,-42.219,0,0,0,-0.853375684333934,-0.521296404541207,0,0,0,0,0,0,1753378688
559,1753378647.94282,1.331,-41.82,0,0,0,0.24387717856549,0.969806125869978,3.5,0,0,0,0,0,1753378688,1753378647.93466,13.388,-42.219,0,0,0,-0.853375684333934,-0.521296404541207,0,0,0,0,0,0,1753378688
560,1753378647.95132,1.331,-41.82,0,0,0,0.24387717856549,0.969806125869978,3.5,0,0,0,0,0,1753378688,1753378647.94285,13.388,-42.219,0,0,0,-0.853375684333934,-0.521296404541207,0,0,0,0,0,0,1753378688
561,1753378647.9597,1.331,-41.82,0,0,0,0.24387717856549,0.969806125869978,3.5,0,0,0,0,0,1753378688,1753378647.95135,13.388,-42.219,0,0,0,-0.853375684333934,-0.521296404541207,0,0,0,0,0,0,1753378688
562,1753378647.96787,1.331,-41.82,0,0,0,0.24387717856549,0.969806125869978,3.5,0,0,0,0,0,1753378688,1753378647.95973,13.388,-42.219,0,0,0,-0.853375684333934,-0.521296404541207,0,0,0,0,0,0,1753378688
563,1753378647.97656,1.331,-41.82,0,0,0,0.24387717856549,0.969806125869978,3.5,0,0,0,0,0,1753378688,1753378647.96789,13.388,-42.219,0,0,0,-0.853375684333934,-0.521296404541207,0,0,0,0,0,0,1753378688
564,1753378647.9846,1.331,-41.82,0,0,0,0.24387717856549,0.969806125869978,3.5,0,0,0,0,0,1753378688,1753378647.97661,13.388,-42.219,0,0,0,-0.853375684333934,-0.521296404541207,0,0,0,0,0,0,1753378688
565,1753378647.99282,1.331,-41.82,0,0,0,0.24387717856549,0.969806125869978,3.5,0,0,0,0,0,1753378688,1753378647.98462,13.388,-42.219,0,0,0,-0.853375684333934,-0.521296404541207,0,0,0,0,0,0,1753378688
566,1753378648.00121,1.331,-41.82,0,0,0,0.24387717856549,0.969806125869978,3.5,0,0,0,0,0,1753378688,1753378647.99284,13.388,-42.219,0,0,0,-0.853375684333934,-0.521296404541207,0,0,0,0,0,0,1753378688
567,1753378648.00962,1.331,-41.82,0,0,0,0.24387717856549,0.969806125869978,3.5,0,0,0,0,0,1753378688,1753378648.00124,13.388,-42.219,0,0,0,-0.853375684333934,-0.521296404541207,0,0,0,0,0,0,1753378688
568,1753378648.0179,1.331,-41.82,0,0,0,0.24387717856549,0.969806125869978,3.5,0,0,0,0,0,1753378688,1753378648.00964,13.388,-42.219,0,0,0,-0.853375684333934,-0.521296404541207,0,0,0,0,0,0,1753378688
569,1753378648.02623,1.331,-41.82,0,0,0,0.24387717856549,0.969806125869978,3.5,0,0,0,0,0,1753378688,1753378648.01792,13.388,-42.219,0,0,0,-0.853375684333934,-0.521296404541207,0,0,0,0,0,0,1753378688
570,1753378648.03459,1.331,-41.82,0,0,0,0.24387717856549,0.969806125869978,3.5,0,0,0,0,0,1753378688,1753378648.02626,13.388,-42.219,0,0,0,-0.853375684333934,-0.521296404541207,0,0,0,0,0,0,1753378688
571,1753378648.04322,1.331,-41.82,0,0,0,0.24387717856549,0.969806125869978,3.5,0,0,0,0,0,1753378688,1753378648.03462,13.388,-42.219,0,0,0,-0.853375684333934,-0.521296404541207,0,0,0,0,0,0,1753378688
572,1753378648.05157,1.331,-41.82,0,0,0,0.24387717856549,0.969806125869978,3.5,0,0,0,0,0,1753378688,1753378648.04327,13.388,-42.219,0,0,0,-0.853375684333934,-0.521296404541207,0,0,0,0,0,0,1753378688
573,1753378648.05995,1.331,-41.82,0,0,0,0.24387717856549,0.969806125869978,3.5,0,0,0,0,0,1753378688,1753378648.05161,13.388,-42.219,0,0,0,-0.853375684333934,-0.521296404541207,0,0,0,0,0,0,1753378688
574,1753378648.06784,1.331,-41.82,0,0,0,0.24387717856549,0.969806125869978,3.5,0,0,0,0,0,1753378688,1753378648.06,13.388,-42.219,0,0,0,-0.853375684333934,-0.521296404541207,0,0,0,0,0,0,1753378688
575,1753378648.07625,1.331,-41.82,0,0,0,0.24387717856549,0.969806125869978,3.5,0,0,0,0,0,1753378688,1753378648.06786,13.388,-42.219,0,0,0,-0.853375684333934,-0.521296404541207,0,0,0,0,0,0,1753378688
576,1753378648.08456,1.331,-41.82,0,0,0,0.24387717856549,0.969806125869978,3.5,0,0,0,0,0,1753378688,1753378648.07629,13.388,-42.219,0,0,0,-0.853375684333934,-0.521296404541207,0,0,0,0,0,0,1753378688
577,1753378648.09282,1.331,-41.82,0,0,0,0.24387717856549,0.969806125869978,3.5,0,0,0,0,0,1753378688,1753378648.08459,13.388,-42.219,0,0,0,-0.853375684333934,-0.521296404541207,0,0,0,0,0,0,1753378688
578,1753378648.10127,1.331,-41.82,0,0,0,0.24387717856549,0.969806125869978,3.5,0,0,0,0,0,1753378688,1753378648.09285,13.388,-42.219,0,0,0,-0.853375684333934,-0.521296404541207,0,0,0,0,0,0,1753378688
579,1753378648.10971,1.331,-41.82,0,0,0,0.24387717856549,0.969806125869978,3.5,0,0,0,0,0,1753378688,1753378648.10131,13.388,-42.219,0,0,0,-0.853375684333934,-0.521296404541207,0,0,0,0,0,0,1753378688
580,1753378648.11807,1.331,-41.82,0,0,0,0.24387717856549,0.969806125869978,3.5,0,0,0,0,0,1753378688,1753378648.10973,13.388,-42.219,0,0,0,-0.853375684333934,-0.521296404541207,0,0,0,0,0,0,1753378688
581,1753378648.12655,1.331,-41.82,0,0,0,0.24387717856549,0.969806125869978,3.5,0,0,0,0,0,1753378688,1753378648.11812,13.388,-42.219,0,0,0,-0.853375684333934,-0.521296404541207,0,0,0,0,0,0,1753378688
582,1753378648.13454,1.331,-41.82,0,0,0,0.24387717856549,0.969806125869978,3.5,0,0,0,0,0,1753378688,1753378648.12659,13.388,-42.219,0,0,0,-0.853375684333934,-0.521296404541207,0,0,0,0,0,0,1753378688
583,1753378648.14286,1.331,-41.82,0,0,0,0.24387717856549,0.969806125869978,3.5,0,0,0,0,0,1753378688,1753378648.13457,13.388,-42.219,0,0,0,-0.853375684333934,-0.521296404541207,0,0,0,0,0,0,1753378688
584,1753378648.15132,1.331,-41.82,0,0,0,0.24387717856549,0.969806125869978,3.5,0,0,0,0,0,1753378688,1753378648.14289,13.388,-42.219,0,0,0,-0.853375684333934,-0.521296404541207,0,0,0,0,0,0,1753378688
585,1753378648.16009,1.331,-41.82,0,0,0,0.24387717856549,0.969806125869978,3.5,0,0,0,0,0,1753378688,1753378648.15135,13.388,-42.219,0,0,0,-0.853375684333934,-0.521296404541207,0,0,0,0,0,0,1753378688
586,1753378648.16786,1.331,-41.82,0,0,0,0.24387717856549,0.969806125869978,3.5,0,0,0,0,0,1753378688,1753378648.16014,13.388,-42.219,0,0,0,-0.853375684333934,-0.521296404541207,0,0,0,0,0,0,1753378688
587,1753378648.17629,1.331,-41.82,0,0,0,0.24387717856549,0.969806125869978,3.5,0,0,0,0,0,1753378688,1753378648.16788,13.388,-42.219,0,0,0,-0.853375684333934,-0.521296404541207,0,0,0,0,0,0,1753378688
588,1753378648.18447,1.331,-41.82,0,0,0,0.24387717856549,0.969806125869978,3.5,0,0,0,0,0,1753378688,1753378648.17631,13.388,-42.219,0,0,0,-0.853375684333934,-0.521296404541207,0,0,0,0,0,0,1753378688
589,1753378648.19312,1.331,-41.82,0,0,0,0.24387717856549,0.969806125869978,3.5,0,0,0,0,0,1753378688,1753378648.18449,13.388,-42.219,0,0,0,-0.853375684333934,-0.521296404541207,0,0,0,0,0,0,1753378688
590,1753378648.20145,1.331,-41.82,0,0,0,0.24387717856549,0.969806125869978,3.5,0,0,0,0,0,1753378688,1753378648.19316,13.388,-42.219,0,0,0,-0.853375684333934,-0.521296404541207,0,0,0,0,0,0,1753378688
591,1753378648.21,1.331,-41.82,0,0,0,0.24387717856549,0.969806125869978,3.5,0,0,0,0,0,1753378688,1753378648.20149,13.388,-42.219,0,0,0,-0.853375684333934,-0.521296404541207,0,0,0,0,0,0,1753378688
592,1753378648.21819,1.331,-41.82,0,0,0,0.24387717856549,0.969806125869978,3.5,0,0,0,0,0,1753378688,1753378648.21004,13.388,-42.219,0,0,0,-0.853375684333934,-0.521296404541207,0,0,0,0,0,0,1753378688
593,1753378648.22767,1.331,-41.82,0,0,0,0.24387717856549,0.969806125869978,3.5,0,0,0,0,0,1753378688,1753378648.21823,13.388,-42.219,0,0,0,-0.853375684333934,-0.521296404541207,0,0,0,0,0,0,1753378688
594,1753378648.2345,1.331,-41.82,0,0,0,0.24387717856549,0.969806125869978,3.5,0,0,0,0,0,1753378688,1753378648.22773,13.388,-42.219,0,0,0,-0.853375684333934,-0.521296404541207,0,0,0,0,0,0,1753378688
595,1753378648.24314,1.331,-41.82,0,0,0,0.24387717856549,0.969806125869978,3.5,0,0,0,0,0,1753378688,1753378648.23453,13.388,-42.219,0,0,0,-0.853375684333934,-0.521296404541207,0,0,0,0,0,0,1753378688
596,1753378648.25124,1.331,-41.82,0,0,0,0.24387717856549,0.969806125869978,3.5,0,0,0,0,0,1753378688,1753378648.2432,13.388,-42.219,0,0,0,-0.853375684333934,-0.521296404541207,0,0,0,0,0,0,1753378688
597,1753378648.26,1.331,-41.82,0,0,0,0.24387717856549,0.969806125869978,3.5,0,0,0,0,0,1753378688,1753378648.25126,13.388,-42.219,0,0,0,-0.853375684333934,-0.521296404541207,0,0,0,0,0,0,1753378688
598,1753378648.26804,1.331,-41.82,0,0,0,0.24387717856549,0.969806125869978,3.5,0,0,0,0,0,1753378688,1753378648.26005,13.388,-42.219,0,0,0,-0.853375684333934,-0.521296404541207,0,0,0,0,0,0,1753378688
599,1753378648.27633,1.331,-41.82,0,0,0,0.24387717856549,0.969806125869978,3.5,0,0,0,0,0,1753378688,1753378648.26808,13.388,-42.219,0,0,0,-0.853375684333934,-0.521296404541207,0,0,0,0,0,0,1753378688
600,1753378648.28462,1.331,-41.82,0,0,0,0.24387717856549,0.969806125869978,3.5,0,0,0,0,0,1753378688,1753378648.27635,13.388,-42.219,0,0,0,-0.853375684333934,-0.521296404541207,0,0,0,0,0,0,1753378688
601,1753378648.29294,1.331,-41.82,0,0,0,0.24387717856549,0.969806125869978,3.5,0,0,0,0,0,1753378688,1753378648.28464,13.388,-42.219,0,0,0,-0.853375684333934,-0.521296404541207,0,0,0,0,0,0,1753378688
602,1753378648.30132,1.331,-41.82,0,0,0,0.24387717856549,0.969806125869978,3.5,0,0,0,0,0,1753378688,1753378648.29298,13.388,-42.219,0,0,0,-0.853375684333934,-0.521296404541207,0,0,0,0,0,0,1753378688
603,1753378648.30976,1.331,-41.82,0,0,0,0.24387717856549,0.969806125869978,3.5,0,0,0,0,0,1753378688,1753378648.30135,13.388,-42.219,0,0,0,-0.853375684333934,-0.521296404541207,0,0,0,0,0,0,1753378688
604,1753378648.31783,1.331,-41.82,0,0,0,0.24387717856549,0.969806125869978,3.5,0,0,0,0,0,1753378688,1753378648.30978,13.388,-42.219,0,0,0,-0.853375684333934,-0.521296404541207,0,0,0,0,0,0,1753378688
605,1753378648.32642,1.331,-41.82,0,0,0,0.24387717856549,0.969806125869978,3.5,0,0,0,0,0,1753378688,1753378648.31786,13.388,-42.219,0,0,0,-0.853375684333934,-0.521296404541207,0,0,0,0,0,0,1753378688
606,1753378648.33495,1.331,-41.82,0,0,0,0.24387717856549,0.969806125869978,3.5,0,0,0,0,0,1753378688,1753378648.32644,13.388,-42.219,0,0,0,-0.853375684333934,-0.521296404541207,0,0,0,0,0,0,1753378688
607,1753378648.34334,1.331,-41.82,0,0,0,0.24387717856549,0.969806125869978,3.5,0,0,0,0,0,1753378688,1753378648.33497,13.388,-42.219,0,0,0,-0.853375684333934,-0.521296404541207,0,0,0,0,0,0,1753378688
608,1753378648.3516,1.331,-41.82,0,0,0,0.24387717856549,0.969806125869978,3.5,0,0,0,0,0,1753378688,1753378648.34341,13.388,-42.219,0,0,0,-0.853375684333934,-0.521296404541207,0,0,0,0,0,0,1753378688
609,1753378648.35974,1.331,-41.82,0,0,0,0.24387717856549,0.969806125869978,3.5,0,0,0,0,0,1753378688,1753378648.35163,13.388,-42.219,0,0,0,-0.853375684333934,-0.521296404541207,0,0,0,0,0,0,1753378688
610,1753378648.36797,1.331,-41.82,0,0,0,0.24387717856549,0.969806125869978,3.5,0,0,0,0,0,1753378688,1753378648.35977,13.388,-42.219,0,0,0,-0.853375684333934,-0.521296404541207,0,0,0,0,0,0,1753378688
611,1753378648.37659,1.331,-41.82,0,0,0,0.24387717856549,0.969806125869978,3.5,0,0,0,0,0,1753378688,1753378648.36801,13.388,-42.219,0,0,0,-0.853375684333934,-0.521296404541207,0,0,0,0,0,0,1753378688
612,1753378648.3849,1.331,-41.82,0,0,0,0.24387717856549,0.969806125869978,3.5,0,0,0,0,0,1753378688,1753378648.37664,13.388,-42.219,0,0,0,-0.853375684333934,-0.521296404541207,0,0,0,0,0,0,1753378688
613,1753378648.39294,1.331,-41.82,0,0,0,0.24387717856549,0.969806125869978,3.5,0,0,0,0,0,1753378688,1753378648.38494,13.388,-42.219,0,0,0,-0.853375684333934,-0.521296404541207,0,0,0,0,0,0,1753378688
614,1753378648.40154,1.331,-41.82,0,0,0,0.24387717856549,0.969806125869978,3.5,0,0,0,0,0,1753378688,1753378648.39297,13.388,-42.219,0,0,0,-0.853375684333934,-0.521296404541207,0,0,0,0,0,0,1753378688
615,1753378648.40967,1.331,-41.82,0,0,0,0.24387717856549,0.969806125869978,3.5,0,0,0,0,0,1753378688,1753378648.40158,13.388,-42.219,0,0,0,-0.853375684333934,-0.521296404541207,0,0,0,0,0,0,1753378688
616,1753378648.41786,1.331,-41.82,0,0,0,0.24387717856549,0.969806125869978,3.5,0,0,0,0,0,1753378688,1753378648.4097,13.388,-42.219,0,0,0,-0.853375684333934,-0.521296404541207,0,0,0,0,0,0,1753378688
617,1753378648.42657,1.331,-41.82,0,0,0,0.24387717856549,0.969806125869978,3.5,0,0,0,0,0,1753378688,1753378648.41788,13.388,-42.219,0,0,0,-0.853375684333934,-0.521296404541207,0,0,0,0,0,0,1753378688
618,1753378648.4348,1.331,-41.82,0,0,0,0.24387717856549,0.969806125869978,3.5,0,0,0,0,0,1753378688,1753378648.42665,13.388,-42.219,0,0,0,-0.853375684333934,-0.521296404541207,0,0,0,0,0,0,1753378688
619,1753378648.44335,1.331,-41.82,0,0,0,0.24387717856549,0.969806125869978,3.5,0,0,0,0,0,1753378688,1753378648.43484,13.388,-42.219,0,0,0,-0.853375684333934,-0.521296404541207,0,0,0,0,0,0,1753378688
620,1753378648.45148,1.331,-41.82,0,0,0,0.24387717856549,0.969806125869978,3.5,0,0,0,0,0,1753378688,1753378648.44341,13.388,-42.219,0,0,0,-0.853375684333934,-0.521296404541207,0,0,0,0,0,0,1753378688
621,1753378648.45965,1.331,-41.82,0,0,0,0.24387717856549,0.969806125869978,3.5,0,0,0,0,0,1753378688,1753378648.45152,13.388,-42.219,0,0,0,-0.853375684333934,-0.521296404541207,0,0,0,0,0,0,1753378688
622,1753378648.46785,1.331,-41.82,0,0,0,0.24387717856549,0.969806125869978,3.5,0,0,0,0,0,1753378688,1753378648.45968,13.388,-42.219,0,0,0,-0.853375684333934,-0.521296404541207,0,0,0,0,0,0,1753378688
623,1753378648.47637,1.331,-41.82,0,0,0,0.24387717856549,0.969806125869978,3.5,0,0,0,0,0,1753378688,1753378648.46787,13.388,-42.219,0,0,0,-0.853375684333934,-0.521296404541207,0,0,0,0,0,0,1753378688
624,1753378648.4849,1.331,-41.82,0,0,0,0.24387717856549,0.969806125869978,3.5,0,0,0,0,0,1753378688,1753378648.4764,13.388,-42.219,0,0,0,-0.853375684333934,-0.521296404541207,0,0,0,0,0,0,1753378688
625,1753378648.49312,1.331,-41.82,0,0,0,0.24387717856549,0.969806125869978,3.5,0,0,0,0,0,1753378688,1753378648.48495,13.388,-42.219,0,0,0,-0.853375684333934,-0.521296404541207,0,0,0,0,0,0,1753378688
626,1753378648.50151,1.331,-41.82,0,0,0,0.24387717856549,0.969806125869978,3.5,0,0,0,0,0,1753378688,1753378648.49315,13.388,-42.219,0,0,0,-0.853375684333934,-0.521296404541207,0,0,0,0,0,0,1753378688
627,1753378648.50989,1.331,-41.82,0,0,0,0.24387717856549,0.969806125869978,3.5,0,0,0,0,0,1753378688,1753378648.50156,13.388,-42.219,0,0,0,-0.853375684333934,-0.521296404541207,0,0,0,0,0,0,1753378688
628,1753378648.51787,1.331,-41.82,0,0,0,0.24387717856549,0.969806125869978,3.5,0,0,0,0,0,1753378688,1753378648.50993,13.388,-42.219,0,0,0,-0.853375684333934,-0.521296404541207,0,0,0,0,0,0,1753378688
629,1753378648.52633,1.331,-41.82,0,0,0,0.24387717856549,0.969806125869978,3.5,0,0,0,0,0,1753378688,1753378648.5179,13.388,-42.219,0,0,0,-0.853375684333934,-0.521296404541207,0,0,0,0,0,0,1753378688
630,1753378648.53451,1.331,-41.82,0,0,0,0.24387717856549,0.969806125869978,3.5,0,0,0,0,0,1753378688,1753378648.52636,13.388,-42.219,0,0,0,-0.853375684333934,-0.521296404541207,0,0,0,0,0,0,1753378688
631,1753378648.54286,1.331,-41.82,0,0,0,0.24387717856549,0.969806125869978,3.5,0,0,0,0,0,1753378688,1753378648.53453,13.388,-42.219,0,0,0,-0.853375684333934,-0.521296404541207,0,0,0,0,0,0,1753378688
632,1753378648.55129,1.331,-41.82,0,0,0,0.24387717856549,0.969806125869978,3.5,0,0,0,0,0,1753378688,1753378648.5429,13.388,-42.219,0,0,0,-0.853375684333934,-0.521296404541207,0,0,0,0,0,0,1753378688
633,1753378648.55967,1.331,-41.82,0,0,0,0.24387717856549,0.969806125869978,3.5,0,0,0,0,0,1753378688,1753378648.55132,13.388,-42.219,0,0,0,-0.853375684333934,-0.521296404541207,0,0,0,0,0,0,1753378688
634,1753378648.56807,1.331,-41.82,0,0,0,0.24387717856549,0.969806125869978,3.5,0,0,0,0,0,1753378688,1753378648.5597,13.388,-42.219,0,0,0,-0.853375684333934,-0.521296404541207,0,0,0,0,0,0,1753378688
635,1753378648.5766,1.331,-41.82,0,0,0,0.24387717856549,0.969806125869978,3.5,0,0,0,0,0,1753378688,1753378648.56811,13.388,-42.219,0,0,0,-0.853375684333934,-0.521296404541207,0,0,0,0,0,0,1753378688
636,1753378648.58453,1.331,-41.82,0,0,0,0.24387717856549,0.969806125869978,3.5,0,0,0,0,0,1753378688,1753378648.57663,13.388,-42.219,0,0,0,-0.853375684333934,-0.521296404541207,0,0,0,0,0,0,1753378688
637,1753378648.59284,1.331,-41.82,0,0,0,0.24387717856549,0.969806125869978,3.5,0,0,0,0,0,1753378688,1753378648.58456,13.388,-42.219,0,0,0,-0.853375684333934,-0.521296404541207,0,0,0,0,0,0,1753378688
638,1753378648.60115,1.331,-41.82,0,0,0,0.24387717856549,0.969806125869978,3.5,0,0,0,0,0,1753378688,1753378648.59286,13.388,-42.219,0,0,0,-0.853375684333934,-0.521296404541207,0,0,0,0,0,0,1753378688
639,1753378648.60961,1.331,-41.82,0,0,0,0.24387717856549,0.969806125869978,3.5,0,0,0,0,0,1753378688,1753378648.60117,13.388,-42.219,0,0,0,-0.853375684333934,-0.521296404541207,0,0,0,0,0,0,1753378688
640,1753378648.61784,1.331,-41.82,0,0,0,0.24387717856549,0.969806125869978,3.5,0,0,0,0,0,1753378688,1753378648.60964,13.388,-42.219,0,0,0,-0.853375684333934,-0.521296404541207,0,0,0,0,0,0,1753378688
641,1753378648.62719,1.331,-41.82,0,0,0,0.24387717856549,0.969806125869978,3.5,0,0,0,0,0,1753378688,1753378648.61786,13.388,-42.219,0,0,0,-0.853375684333934,-0.521296404541207,0,0,0,0,0,0,1753378688
642,1753378648.6347,1.331,-41.82,0,0,0,0.24387717856549,0.969806125869978,3.5,0,0,0,0,0,1753378688,1753378648.62723,13.388,-42.219,0,0,0,-0.853375684333934,-0.521296404541207,0,0,0,0,0,0,1753378688
643,1753378648.64283,1.331,-41.82,0,0,0,0.24387717856549,0.969806125869978,3.5,0,0,0,0,0,1753378688,1753378648.63472,13.388,-42.219,0,0,0,-0.853375684333934,-0.521296404541207,0,0,0,0,0,0,1753378688
644,1753378648.65122,1.331,-41.82,0,0,0,0.24387717856549,0.969806125869978,3.5,0,0,0,0,0,1753378688,1753378648.64286,13.388,-42.219,0,0,0,-0.853375684333934,-0.521296404541207,0,0,0,0,0,0,1753378688
645,1753378648.65979,1.331,-41.82,0,0,0,0.24387717856549,0.969806125869978,3.5,0,0,0,0,0,1753378688,1753378648.65125,13.388,-42.219,0,0,0,-0.853375684333934,-0.521296404541207,0,0,0,0,0,0,1753378688
646,1753378648.66785,1.331,-41.82,0,0,0,0.24387717856549,0.969806125869978,3.5,0,0,0,0,0,1753378688,1753378648.65982,13.388,-42.219,0,0,0,-0.853375684333934,-0.521296404541207,0,0,0,0,0,0,1753378688
647,1753378648.67631,1.331,-41.82,0,0,0,0.24387717856549,0.969806125869978,3.5,0,0,0,0,0,1753378688,1753378648.66788,13.388,-42.219,0,0,0,-0.853375684333934,-0.521296404541207,0,0,0,0,0,0,1753378688
648,1753378648.68458,1.331,-41.82,0,0,0,0.24387717856549,0.969806125869978,3.5,0,0,0,0,0,1753378688,1753378648.67633,13.388,-42.219,0,0,0,-0.853375684333934,-0.521296404541207,0,0,0,0,0,0,1753378688
649,1753378648.69427,1.331,-41.82,0,0,0,0.24387717856549,0.969806125869978,3.5,0,0,0,0,0,1753378688,1753378648.6846,13.388,-42.219,0,0,0,-0.853375684333934,-0.521296404541207,0,0,0,0,0,0,1753378688
650,1753378648.70119,1.331,-41.82,0,0,0,0.24387717856549,0.969806125869978,3.5,0,0,0,0,0,1753378688,1753378648.69439,13.388,-42.219,0,0,0,-0.853375684333934,-0.521296404541207,0,0,0,0,0,0,1753378688
651,1753378648.70964,1.331,-41.82,0,0,0,0.24387717856549,0.969806125869978,3.5,0,0,0,0,0,1753378688,1753378648.70121,13.388,-42.219,0,0,0,-0.853375684333934,-0.521296404541207,0,0,0,0,0,0,1753378688
652,1753378648.71791,1.331,-41.82,0,0,0,0.24387717856549,0.969806125869978,3.5,0,0,0,0,0,1753378688,1753378648.70967,13.388,-42.219,0,0,0,-0.853375684333934,-0.521296404541207,0,0,0,0,0,0,1753378688
653,1753378648.7266,1.331,-41.82,0,0,0,0.24387717856549,0.969806125869978,3.5,0,0,0,0,0,1753378688,1753378648.71793,13.388,-42.219,0,0,0,-0.853375684333934,-0.521296404541207,0,0,0,0,0,0,1753378688
654,1753378648.73454,1.331,-41.82,0,0,0,0.24387717856549,0.969806125869978,3.5,0,0,0,0,0,1753378688,1753378648.72664,13.388,-42.219,0,0,0,-0.853375684333934,-0.521296404541207,0,0,0,0,0,0,1753378688
655,1753378648.74369,1.331,-41.82,0,0,0,0.24387717856549,0.969806125869978,3.5,0,0,0,0,0,1753378688,1753378648.73456,13.388,-42.219,0,0,0,-0.853375684333934,-0.521296404541207,0,0,0,0,0,0,1753378688
656,1753378648.75168,1.331,-41.82,0,0,0,0.24387717856549,0.969806125869978,3.5,0,0,0,0,0,1753378688,1753378648.74378,13.388,-42.219,0,0,0,-0.853375684333934,-0.521296404541207,0,0,0,0,0,0,1753378688
657,1753378648.75976,1.331,-41.82,0,0,0,0.24387717856549,0.969806125869978,3.5,0,0,0,0,0,1753378688,1753378648.75171,13.388,-42.219,0,0,0,-0.853375684333934,-0.521296404541207,0,0,0,0,0,0,1753378688
658,1753378648.76782,1.331,-41.82,0,0,0,0.24387717856549,0.969806125869978,3.5,0,0,0,0,0,1753378688,1753378648.75979,13.388,-42.219,0,0,0,-0.853375684333934,-0.521296404541207,0,0,0,0,0,0,1753378688
659,1753378648.77624,1.331,-41.82,0,0,0,0.24387717856549,0.969806125869978,3.5,0,0,0,0,0,1753378688,1753378648.76784,13.388,-42.219,0,0,0,-0.853375684333934,-0.521296404541207,0,0,0,0,0,0,1753378688
660,1753378648.78449,1.331,-41.82,0,0,0,0.24387717856549,0.969806125869978,3.5,0,0,0,0,0,1753378688,1753378648.77626,13.388,-42.219,0,0,0,-0.853375684333934,-0.521296404541207,0,0,0,0,0,0,1753378688
661,1753378648.79285,1.331,-41.82,0,0,0,0.24387717856549,0.969806125869978,3.5,0,0,0,0,0,1753378688,1753378648.78451,13.388,-42.219,0,0,0,-0.853375684333934,-0.521296404541207,0,0,0,0,0,0,1753378688
662,1753378648.80122,1.331,-41.82,0,0,0,0.24387717856549,0.969806125869978,3.5,0,0,0,0,0,1753378688,1753378648.79287,13.388,-42.219,0,0,0,-0.853375684333934,-0.521296404541207,0,0,0,0,0,0,1753378688
663,1753378648.80975,1.331,-41.82,0,0,0,0.24387717856549,0.969806125869978,3.5,0,0,0,0,0,1753378688,1753378648.80124,13.388,-42.219,0,0,0,-0.853375684333934,-0.521296404541207,0,0,0,0,0,0,1753378688
664,1753378648.81779,1.331,-41.82,0,0,0,0.24387717856549,0.969806125869978,3.5,0,0,0,0,0,1753378688,1753378648.80978,13.388,-42.219,0,0,0,-0.853375684333934,-0.521296404541207,0,0,0,0,0,0,1753378688
665,1753378648.82632,1.331,-41.82,0,0,0,0.24387717856549,0.969806125869978,3.5,0,0,0,0,0,1753378688,1753378648.81781,13.388,-42.219,0,0,0,-0.853375684333934,-0.521296404541207,0,0,0,0,0,0,1753378688
666,1753378648.83454,1.331,-41.82,0,0,0,0.24387717856549,0.969806125869978,3.5,0,0,0,0,0,1753378688,1753378648.82635,13.388,-42.219,0,0,0,-0.853375684333934,-0.521296404541207,0,0,0,0,0,0,1753378688
667,1753378648.84316,1.331,-41.82,0,0,0,0.24387717856549,0.969806125869978,3.5,0,0,0,0,0,1753378688,1753378648.83457,13.388,-42.219,0,0,0,-0.853375684333934,-0.521296404541207,0,0,0,0,0,0,1753378688
668,1753378648.85117,1.331,-41.82,0,0,0,0.24387717856549,0.969806125869978,3.5,0,0,0,0,0,1753378688,1753378648.84321,13.388,-42.219,0,0,0,-0.853375684333934,-0.521296404541207,0,0,0,0,0,0,1753378688
669,1753378648.85964,1.331,-41.82,0,0,0,0.24387717856549,0.969806125869978,3.5,0,0,0,0,0,1753378688,1753378648.8512,13.388,-42.219,0,0,0,-0.853375684333934,-0.521296404541207,0,0,0,0,0,0,1753378688
670,1753378648.86781,1.331,-41.82,0,0,0,0.24387717856549,0.969806125869978,3.5,0,0,0,0,0,1753378688,1753378648.85966,13.388,-42.219,0,0,0,-0.853375684333934,-0.521296404541207,0,0,0,0,0,0,1753378688
671,1753378648.87632,1.331,-41.82,0,0,0,0.24387717856549,0.969806125869978,3.5,0,0,0,0,0,1753378688,1753378648.86784,13.388,-42.219,0,0,0,-0.853375684333934,-0.521296404541207,0,0,0,0,0,0,1753378688
672,1753378648.88454,1.331,-41.82,0,0,0,0.24387717856549,0.969806125869978,3.5,0,0,0,0,0,1753378688,1753378648.87635,13.388,-42.219,0,0,0,-0.853375684333934,-0.521296404541207,0,0,0,0,0,0,1753378688
673,1753378648.89284,1.331,-41.82,0,0,0,0.24387717856549,0.969806125869978,3.5,0,0,0,0,0,1753378688,1753378648.88457,13.388,-42.219,0,0,0,-0.853375684333934,-0.521296404541207,0,0,0,0,0,0,1753378688
674,1753378648.9014,1.331,-41.82,0,0,0,0.24387717856549,0.969806125869978,3.5,0,0,0,0,0,1753378688,1753378648.89287,13.388,-42.219,0,0,0,-0.853375684333934,-0.521296404541207,0,0,0,0,0,0,1753378688
675,1753378648.90977,1.331,-41.82,0,0,0,0.24387717856549,0.969806125869978,3.5,0,0,0,0,0,1753378688,1753378648.90142,13.388,-42.219,0,0,0,-0.853375684333934,-0.521296404541207,0,0,0,0,0,0,1753378688
676,1753378648.91802,1.331,-41.82,0,0,0,0.24387717856549,0.969806125869978,3.5,0,0,0,0,0,1753378688,1753378648.9098,13.388,-42.219,0,0,0,-0.853375684333934,-0.521296404541207,0,0,0,0,0,0,1753378688
677,1753378648.92639,1.331,-41.82,0,0,0,0.24387717856549,0.969806125869978,3.5,0,0,0,0,0,1753378688,1753378648.91805,13.388,-42.219,0,0,0,-0.853375684333934,-0.521296404541207,0,0,0,0,0,0,1753378688
678,1753378648.9345,1.331,-41.82,0,0,0,0.24387717856549,0.969806125869978,3.5,0,0,0,0,0,1753378688,1753378648.92642,13.388,-42.219,0,0,0,-0.853375684333934,-0.521296404541207,0,0,0,0,0,0,1753378688
679,1753378648.94282,1.331,-41.82,0,0,0,0.24387717856549,0.969806125869978,3.5,0,0,0,0,0,1753378688,1753378648.93452,13.388,-42.219,0,0,0,-0.853375684333934,-0.521296404541207,0,0,0,0,0,0,1753378688
680,1753378648.95125,1.331,-41.82,0,0,0,0.24387717856549,0.969806125869978,3.5,0,0,0,0,0,1753378688,1753378648.94285,13.388,-42.219,0,0,0,-0.853375684333934,-0.521296404541207,0,0,0,0,0,0,1753378688
681,1753378648.95963,1.331,-41.82,0,0,0,0.24387717856549,0.969806125869978,3.5,0,0,0,0,0,1753378688,1753378648.95127,13.388,-42.219,0,0,0,-0.853375684333934,-0.521296404541207,0,0,0,0,0,0,1753378688
682,1753378648.96791,1.331,-41.82,0,0,0,0.24387717856549,0.969806125869978,3.5,0,0,0,0,0,1753378688,1753378648.95966,13.388,-42.219,0,0,0,-0.853375684333934,-0.521296404541207,0,0,0,0,0,0,1753378688
683,1753378648.97632,1.331,-41.82,0,0,0,0.24387717856549,0.969806125869978,3.5,0,0,0,0,0,1753378688,1753378648.96794,13.388,-42.219,0,0,0,-0.853375684333934,-0.521296404541207,0,0,0,0,0,0,1753378688
684,1753378648.98463,1.331,-41.82,0,0,0,0.24387717856549,0.969806125869978,3.5,0,0,0,0,0,1753378688,1753378648.97634,13.388,-42.219,0,0,0,-0.853375684333934,-0.521296404541207,0,0,0,0,0,0,1753378688
685,1753378648.993,1.331,-41.82,0,0,0,0.24387717856549,0.969806125869978,3.5,0,0,0,0,0,1753378688,1753378648.98466,13.388,-42.219,0,0,0,-0.853375684333934,-0.521296404541207,0,0,0,0,0,0,1753378688
686,1753378649.00118,1.331,-41.82,0,0,0,0.24387717856549,0.969806125869978,3.5,0,0,0,0,0,1753378688,1753378648.99303,13.388,-42.219,0,0,0,-0.853375684333934,-0.521296404541207,0,0,0,0,0,0,1753378688
687,1753378649.01,1.331,-41.82,0,0,0,0.24387717856549,0.969806125869978,3.5,0,0,0,0,0,1753378688,1753378649.0012,13.388,-42.219,0,0,0,-0.853375684333934,-0.521296404541207,0,0,0,0,0,0,1753378688
688,1753378649.01817,1.331,-41.82,0,0,0,0.24387717856549,0.969806125869978,3.5,0,0,0,0,0,1753378688,1753378649.01005,13.388,-42.219,0,0,0,-0.853375684333934,-0.521296404541207,0,0,0,0,0,0,1753378688
689,1753378649.02656,1.331,-41.82,0,0,0,0.24387717856549,0.969806125869978,3.5,0,0,0,0,0,1753378688,1753378649.01822,13.388,-42.219,0,0,0,-0.853375684333934,-0.521296404541207,0,0,0,0,0,0,1753378688
690,1753378649.03575,1.35657664622875,-41.8059810980411,0,0,0,0.24387717856549,0.969806125869978,3.5,0,0,0,0,0,1753378688,1753378649.02659,13.388,-42.219,0,0,0,-0.853375684333934,-0.521296404541207,0,0,0,0,0,0,1753378688
691,1753378649.04288,1.3821532924575,-41.7919621960821,0,0,0,0.24387717856549,0.969806125869978,3.5,0,0,0,0,0,1753378688,1753378649.03579,13.388,-42.219,0,0,0,-0.853375684333934,-0.521296404541207,0,0,0,0,0,0,1753378688
692,1753378649.05135,1.40772993868624,-41.7779432941232,0,0,0,0.24387717856549,0.969806125869978,3.5,0,0,0,0,0,1753378688,1753378649.04291,13.388,-42.219,0,0,0,-0.853375684333934,-0.521296404541207,0,0,0,0,0,0,1753378688
693,1753378649.05983,1.43330658491499,-41.7639243921643,0,0,0,0.24387717856549,0.969806125869978,3.5,0,0,0,0,0,1753378688,1753378649.05138,13.388,-42.219,0,0,0,-0.853375684333934,-0.521296404541207,0,0,0,0,0,0,1753378688
694,1753378649.06796,1.45888323114374,-41.7499054902054,0,0,0,0.24387717856549,0.969806125869978,3.5,0,0,0,0,0,1753378688,1753378649.05986,13.388,-42.219,0,0,0,-0.853375684333934,-0.521296404541207,0,0,0,0,0,0,1753378688
695,1753378649.0765,1.48445987737249,-41.7358865882464,0,0,0,0.24387717856549,0.969806125869978,3.5,0,0,0,0,0,1753378688,1753378649.06798,13.388,-42.219,0,0,0,-0.853375684333934,-0.521296404541207,0,0,0,0,0,0,1753378688
696,1753378649.0849,1.51003652360124,-41.7218676862875,0,0,0,0.24387717856549,0.969806125869978,3.5,0,0,0,0,0,1753378688,1753378649.07653,13.388,-42.219,0,0,0,-0.853375684333934,-0.521296404541207,0,0,0,0,0,0,1753378688
697,1753378649.09294,1.53561316982998,-41.7078487843286,0,0,0,0.24387717856549,0.969806125869978,3.5,0,0,0,0,0,1753378688,1753378649.08494,13.388,-42.219,0,0,0,-0.853375684333934,-0.521296404541207,0,0,0,0,0,0,1753378688
698,1753378649.10135,1.56118981605873,-41.6938298823697,0,0,0,0.24387717856549,0.969806125869978,3.5,0,0,0,0,0,1753378688,1753378649.09298,13.388,-42.219,0,0,0,-0.853375684333934,-0.521296404541207,0,0,0,0,0,0,1753378688
699,1753378649.1098,1.58676646228748,-41.6798109804107,0,0,0,0.24387717856549,0.969806125869978,3.5,0,0,0,0,0,1753378688,1753378649.10138,13.388,-42.219,0,0,0,-0.853375684333934,-0.521296404541207,0,0,0,0,0,0,1753378688
700,1753378649.11801,1.61234310851623,-41.6657920784518,0,0,0,0.24387717856549,0.969806125869978,3.5,0,0,0,0,0,1753378688,1753378649.10983,13.388,-42.219,0,0,0,-0.853375684333934,-0.521296404541207,0,0,0,0,0,0,1753378688
701,1753378649.12644,1.63791975474497,-41.6517731764929,0,0,0,0.24387717856549,0.969806125869978,3.5,0,0,0,0,0,1753378688,1753378649.11803,13.388,-42.219,0,0,0,-0.853375684333934,-0.521296404541207,0,0,0,0,0,0,1753378688
702,1753378649.13476,1.66349640097372,-41.637754274534,0,0,0,0.24387717856549,0.969806125869978,3.5,0,0,0,0,0,1753378688,1753378649.12647,13.388,-42.219,0,0,0,-0.853375684333934,-0.521296404541207,0,0,0,0,0,0,1753378688
703,1753378649.14294,1.68907304720247,-41.623735372575,0,0,0,0.24387717856549,0.969806125869978,3.5,0,0,0,0,0,1753378688,1753378649.13479,13.388,-42.219,0,0,0,-0.853375684333934,-0.521296404541207,0,0,0,0,0,0,1753378688
704,1753378649.15141,1.71464969343122,-41.6097164706161,0,0,0,0.24387717856549,0.969806125869978,3.5,0,0,0,0,0,1753378688,1753378649.14297,13.388,-42.219,0,0,0,-0.853375684333934,-0.521296404541207,0,0,0,0,0,0,1753378688
705,1753378649.15974,1.74022633965997,-41.5956975686572,0,0,0,0.24387717856549,0.969806125869978,3.5,0,0,0,0,0,1753378688,1753378649.15143,13.388,-42.219,0,0,0,-0.853375684333934,-0.521296404541207,0,0,0,0,0,0,1753378688
706,1753378649.16821,1.76580298588871,-41.5816786666982,0,0,0,0.24387717856549,0.969806125869978,3.5,0,0,0,0,0,1753378688,1753378649.15977,13.388,-42.219,0,0,0,-0.853375684333934,-0.521296404541207,0,0,0,0,0,0,1753378688
707,1753378649.17673,1.79137963211746,-41.5676597647393,0,0,0,0.24387717856549,0.969806125869978,3.5,0,0,0,0,0,1753378688,1753378649.16824,13.388,-42.219,0,0,0,-0.853375684333934,-0.521296404541207,0,0,0,0,0,0,1753378688
708,1753378649.18486,1.81695627834621,-41.5536408627804,0,0,0,0.24387717856549,0.969806125869978,3.5,0,0,0,0,0,1753378688,1753378649.17677,13.388,-42.219,0,0,0,-0.853375684333934,-0.521296404541207,0,0,0,0,0,0,1753378688
709,1753378649.1933,1.84253292457496,-41.5396219608215,0,0,0,0.24387717856549,0.969806125869978,3.5,0,0,0,0,0,1753378688,1753378649.18489,13.388,-42.219,0,0,0,-0.853375684333934,-0.521296404541207,0,0,0,0,0,0,1753378688
710,1753378649.2016,1.86810957080371,-41.5256030588625,0,0,0,0.24387717856549,0.969806125869978,3.5,0,0,0,0,0,1753378688,1753378649.19335,13.388,-42.219,0,0,0,-0.853375684333934,-0.521296404541207,0,0,0,0,0,0,1753378688
711,1753378649.21115,1.89368621703245,-41.5115841569036,0,0,0,0.24387717856549,0.969806125869978,3.5,0,0,0,0,0,1753378688,1753378649.20163,13.388,-42.219,0,0,0,-0.853375684333934,-0.521296404541207,0,0,0,0,0,0,1753378688
712,1753378649.21793,1.9192628632612,-41.4975652549447,0,0,0,0.24387717856549,0.969806125869978,3.5,0,0,0,0,0,1753378688,1753378649.21123,13.388,-42.219,0,0,0,-0.853375684333934,-0.521296404541207,0,0,0,0,0,0,1753378688
713,1753378649.22639,1.94483950948995,-41.4835463529858,0,0,0,0.24387717856549,0.969806125869978,3.5,0,0,0,0,0,1753378688,1753378649.21796,13.388,-42.219,0,0,0,-0.853375684333934,-0.521296404541207,0,0,0,0,0,0,1753378688
714,1753378649.23477,1.9704161557187,-41.4695274510268,0,0,0,0.24387717856549,0.969806125869978,3.5,0,0,0,0,0,1753378688,1753378649.22642,13.388,-42.219,0,0,0,-0.853375684333934,-0.521296404541207,0,0,0,0,0,0,1753378688
715,1753378649.24287,1.99599280194745,-41.4555085490679,0,0,0,0.24387717856549,0.969806125869978,3.5,0,0,0,0,0,1753378688,1753378649.2348,13.388,-42.219,0,0,0,-0.853375684333934,-0.521296404541207,0,0,0,0,0,0,1753378688
716,1753378649.25151,2.02156944817619,-41.441489647109,0,0,0,0.24387717856549,0.969806125869978,3.5,0,0,0,0,0,1753378688,1753378649.2429,13.388,-42.219,0,0,0,-0.853375684333934,-0.521296404541207,0,0,0,0,0,0,1753378688
717,1753378649.26001,2.04714609440494,-41.42747074515,0,0,0,0.24387717856549,0.969806125869978,3.5,0,0,0,0,0,1753378688,1753378649.25154,13.388,-42.219,0,0,0,-0.853375684333934,-0.521296404541207,0,0,0,0,0,0,1753378688
718,1753378649.26798,2.07272274063369,-41.4134518431911,0,0,0,0.24387717856549,0.969806125869978,3.5,0,0,0,0,0,1753378688,1753378649.26006,13.388,-42.219,0,0,0,-0.853375684333934,-0.521296404541207,0,0,0,0,0,0,1753378688
719,1753378649.27667,2.09829938686244,-41.3994329412322,0,0,0,0.24387717856549,0.969806125869978,3.5,0,0,0,0,0,1753378688,1753378649.268,13.388,-42.219,0,0,0,-0.853375684333934,-0.521296404541207,0,0,0,0,0,0,1753378688
720,1753378649.28477,2.12387603309118,-41.3854140392733,0,0,0,0.24387717856549,0.969806125869978,3.5,0,0,0,0,0,1753378688,1753378649.2767,13.388,-42.219,0,0,0,-0.853375684333934,-0.521296404541207,0,0,0,0,0,0,1753378688
721,1753378649.29295,2.14945267931993,-41.3713951373143,0,0,0,0.24387717856549,0.969806125869978,3.5,0,0,0,0,0,1753378688,1753378649.2848,13.388,-42.219,0,0,0,-0.853375684333934,-0.521296404541207,0,0,0,0,0,0,1753378688
722,1753378649.30143,2.17502932554868,-41.3573762353554,0,0,0,0.24387717856549,0.969806125869978,3.5,0,0,0,0,0,1753378688,1753378649.29298,13.388,-42.219,0,0,0,-0.853375684333934,-0.521296404541207,0,0,0,0,0,0,1753378688
723,1753378649.30986,2.20060597177743,-41.3433573333965,0,0,0,0.24387717856549,0.969806125869978,3.5,0,0,0,0,0,1753378688,1753378649.30145,13.388,-42.219,0,0,0,-0.853375684333934,-0.521296404541207,0,0,0,0,0,0,1753378688
724,1753378649.31798,2.22618261800618,-41.3293384314376,0,0,0,0.24387717856549,0.969806125869978,3.5,0,0,0,0,0,1753378688,1753378649.30989,13.388,-42.219,0,0,0,-0.853375684333934,-0.521296404541207,0,0,0,0,0,0,1753378688
725,1753378649.32647,2.25175926423492,-41.3153195294786,0,0,0,0.24387717856549,0.969806125869978,3.5,0,0,0,0,0,1753378688,1753378649.31802,13.388,-42.219,0,0,0,-0.853375684333934,-0.521296404541207,0,0,0,0,0,0,1753378688
726,1753378649.33473,2.27733591046367,-41.3013006275197,0,0,0,0.24387717856549,0.969806125869978,3.5,0,0,0,0,0,1753378688,1753378649.3265,13.388,-42.219,0,0,0,-0.853375684333934,-0.521296404541207,0,0,0,0,0,0,1753378688
727,1753378649.34303,2.30291255669242,-41.2872817255608,0,0,0,0.24387717856549,0.969806125869978,3.5,0,0,0,0,0,1753378688,1753378649.33475,13.388,-42.219,0,0,0,-0.853375684333934,-0.521296404541207,0,0,0,0,0,0,1753378688
728,1753378649.35148,2.32848920292117,-41.2732628236018,0,0,0,0.24387717856549,0.969806125869978,3.5,0,0,0,0,0,1753378688,1753378649.34306,13.388,-42.219,0,0,0,-0.853375684333934,-0.521296404541207,0,0,0,0,0,0,1753378688
729,1753378649.35978,2.35406584914992,-41.2592439216429,0,0,0,0.24387717856549,0.969806125869978,3.5,0,0,0,0,0,1753378688,1753378649.3515,13.388,-42.219,0,0,0,-0.853375684333934,-0.521296404541207,0,0,0,0,0,0,1753378688
730,1753378649.36823,2.37964249537866,-41.245225019684,0,0,0,0.24387717856549,0.969806125869978,3.5,0,0,0,0,0,1753378688,1753378649.35981,13.388,-42.219,0,0,0,-0.853375684333934,-0.521296404541207,0,0,0,0,0,0,1753378688
731,1753378649.37643,2.40521914160741,-41.2312061177251,0,0,0,0.24387717856549,0.969806125869978,3.5,0,0,0,0,0,1753378688,1753378649.36827,13.388,-42.219,0,0,0,-0.853375684333934,-0.521296404541207,0,0,0,0,0,0,1753378688
732,1753378649.38473,2.43079578783616,-41.2171872157661,0,0,0,0.24387717856549,0.969806125869978,3.5,0,0,0,0,0,1753378688,1753378649.37646,13.388,-42.219,0,0,0,-0.853375684333934,-0.521296404541207,0,0,0,0,0,0,1753378688
733,1753378649.39312,2.45637243406491,-41.2031683138072,0,0,0,0.24387717856549,0.969806125869978,3.5,0,0,0,0,0,1753378688,1753378649.38476,13.388,-42.219,0,0,0,-0.853375684333934,-0.521296404541207,0,0,0,0,0,0,1753378688
734,1753378649.40133,2.48194908029365,-41.1891494118483,0,0,0,0.24387717856549,0.969806125869978,3.5,0,0,0,0,0,1753378688,1753378649.39317,13.388,-42.219,0,0,0,-0.853375684333934,-0.521296404541207,0,0,0,0,0,0,1753378688
735,1753378649.40984,2.5075257265224,-41.1751305098893,0,0,0,0.24387717856549,0.969806125869978,3.5,0,0,0,0,0,1753378688,1753378649.40136,13.388,-42.219,0,0,0,-0.853375684333934,-0.521296404541207,0,0,0,0,0,0,1753378688
736,1753378649.41799,2.53310237275115,-41.1611116079304,0,0,0,0.24387717856549,0.969806125869978,3.5,0,0,0,0,0,1753378688,1753378649.40988,13.388,-42.219,0,0,0,-0.853375684333934,-0.521296404541207,0,0,0,0,0,0,1753378688
737,1753378649.42649,2.5586790189799,-41.1470927059715,0,0,0,0.24387717856549,0.969806125869978,3.5,0,0,0,0,0,1753378688,1753378649.41801,13.388,-42.219,0,0,0,-0.853375684333934,-0.521296404541207,0,0,0,0,0,0,1753378688
738,1753378649.43484,2.58425566520865,-41.1330738040126,0,0,0,0.24387717856549,0.969806125869978,3.5,0,0,0,0,0,1753378688,1753378649.42651,13.388,-42.219,0,0,0,-0.853375684333934,-0.521296404541207,0,0,0,0,0,0,1753378688
739,1753378649.44359,2.60983231143739,-41.1190549020536,0,0,0,0.24387717856549,0.969806125869978,3.5,0,0,0,0,0,1753378688,1753378649.43486,13.388,-42.219,0,0,0,-0.853375684333934,-0.521296404541207,0,0,0,0,0,0,1753378688
740,1753378649.45147,2.63540895766614,-41.1050360000947,0,0,0,0.24387717856549,0.969806125869978,3.5,0,0,0,0,0,1753378688,1753378649.44362,13.388,-42.219,0,0,0,-0.853375684333934,-0.521296404541207,0,0,0,0,0,0,1753378688
741,1753378649.46021,2.66098560389489,-41.0910170981358,0,0,0,0.24387717856549,0.969806125869978,3.5,0,0,0,0,0,1753378688,1753378649.4515,13.388,-42.219,0,0,0,-0.853375684333934,-0.521296404541207,0,0,0,0,0,0,1753378688
742,1753378649.46797,2.68656225012364,-41.0769981961769,0,0,0,0.24387717856549,0.969806125869978,3.5,0,0,0,0,0,1753378688,1753378649.46025,13.388,-42.219,0,0,0,-0.853375684333934,-0.521296404541207,0,0,0,0,0,0,1753378688
743,1753378649.47706,2.71213889635239,-41.0629792942179,0,0,0,0.24387717856549,0.969806125869978,3.5,0,0,0,0,0,1753378688,1753378649.468,13.388,-42.219,0,0,0,-0.853375684333934,-0.521296404541207,0,0,0,0,0,0,1753378688
744,1753378649.48509,2.73771554258113,-41.048960392259,0,0,0,0.24387717856549,0.969806125869978,3.5,0,0,0,0,0,1753378688,1753378649.47711,13.388,-42.219,0,0,0,-0.853375684333934,-0.521296404541207,0,0,0,0,0,0,1753378688
745,1753378649.49315,2.76329218880988,-41.0349414903001,0,0,0,0.24387717856549,0.969806125869978,3.5,0,0,0,0,0,1753378688,1753378649.48514,13.388,-42.219,0,0,0,-0.853375684333934,-0.521296404541207,0,0,0,0,0,0,1753378688
746,1753378649.50141,2.78886883503863,-41.0209225883412,0,0,0,0.24387717856549,0.969806125869978,3.5,0,0,0,0,0,1753378688,1753378649.49318,13.388,-42.219,0,0,0,-0.853375684333934,-0.521296404541207,0,0,0,0,0,0,1753378688
747,1753378649.51052,2.81444548126738,-41.0069036863822,0,0,0,0.24387717856549,0.969806125869978,3.5,0,0,0,0,0,1753378688,1753378649.50144,13.388,-42.219,0,0,0,-0.853375684333934,-0.521296404541207,0,0,0,0,0,0,1753378688
748,1753378649.51803,2.84002212749613,-40.9928847844233,0,0,0,0.24387717856549,0.969806125869978,3.5,0,0,0,0,0,1753378688,1753378649.51055,13.388,-42.219,0,0,0,-0.853375684333934,-0.521296404541207,0,0,0,0,0,0,1753378688
749,1753378649.52642,2.86559877372487,-40.9788658824644,0,0,0,0.24387717856549,0.969806125869978,3.5,0,0,0,0,0,1753378688,1753378649.51806,13.388,-42.219,0,0,0,-0.853375684333934,-0.521296404541207,0,0,0,0,0,0,1753378688
750,1753378649.53469,2.89117541995362,-40.9648469805054,0,0,0,0.24387717856549,0.969806125869978,3.5,0,0,0,0,0,1753378688,1753378649.52645,13.388,-42.219,0,0,0,-0.853375684333934,-0.521296404541207,0,0,0,0,0,0,1753378688
751,1753378649.54324,2.91675206618237,-40.9508280785465,0,0,0,0.24387717856549,0.969806125869978,3.5,0,0,0,0,0,1753378688,1753378649.53472,13.388,-42.219,0,0,0,-0.853375684333934,-0.521296404541207,0,0,0,0,0,0,1753378688
752,1753378649.55155,2.94232871241112,-40.9368091765876,0,0,0,0.24387717856549,0.969806125869978,3.5,0,0,0,0,0,1753378688,1753378649.54329,13.388,-42.219,0,0,0,-0.853375684333934,-0.521296404541207,0,0,0,0,0,0,1753378688
753,1753378649.5604,2.96790535863986,-40.9227902746287,0,0,0,0.24387717856549,0.969806125869978,3.5,0,0,0,0,0,1753378688,1753378649.55157,13.388,-42.219,0,0,0,-0.853375684333934,-0.521296404541207,0,0,0,0,0,0,1753378688
754,1753378649.56812,2.99348200486861,-40.9087713726697,0,0,0,0.24387717856549,0.969806125869978,3.5,0,0,0,0,0,1753378688,1753378649.56044,13.388,-42.219,0,0,0,-0.853375684333934,-0.521296404541207,0,0,0,0,0,0,1753378688
755,1753378649.57642,3.01905865109736,-40.8947524707108,0,0,0,0.24387717856549,0.969806125869978,3.5,0,0,0,0,0,1753378688,1753378649.56814,13.388,-42.219,0,0,0,-0.853375684333934,-0.521296404541207,0,0,0,0,0,0,1753378688
756,1753378649.58471,3.04463529732611,-40.8807335687519,0,0,0,0.24387717856549,0.969806125869978,3.5,0,0,0,0,0,1753378688,1753378649.57645,13.388,-42.219,0,0,0,-0.853375684333934,-0.521296404541207,0,0,0,0,0,0,1753378688
757,1753378649.59325,3.07021194355486,-40.866714666793,0,0,0,0.24387717856549,0.969806125869978,3.5,0,0,0,0,0,1753378688,1753378649.58473,13.388,-42.219,0,0,0,-0.853375684333934,-0.521296404541207,0,0,0,0,0,0,1753378688
758,1753378649.60165,3.0957885897836,-40.852695764834,0,0,0,0.24387717856549,0.969806125869978,3.5,0,0,0,0,0,1753378688,1753378649.5933,13.388,-42.219,0,0,0,-0.853375684333934,-0.521296404541207,0,0,0,0,0,0,1753378688
759,1753378649.60999,3.12136523601235,-40.8386768628751,0,0,0,0.24387717856549,0.969806125869978,3.5,0,0,0,0,0,1753378688,1753378649.60169,13.388,-42.219,0,0,0,-0.853375684333934,-0.521296404541207,0,0,0,0,0,0,1753378688
760,1753378649.61794,3.1469418822411,-40.8246579609162,0,0,0,0.24387717856549,0.969806125869978,3.5,0,0,0,0,0,1753378688,1753378649.61002,13.388,-42.219,0,0,0,-0.853375684333934,-0.521296404541207,0,0,0,0,0,0,1753378688
761,1753378649.62635,3.17251852846985,-40.8106390589572,0,0,0,0.24387717856549,0.969806125869978,3.5,0,0,0,0,0,1753378688,1753378649.61797,13.388,-42.219,0,0,0,-0.853375684333934,-0.521296404541207,0,0,0,0,0,0,1753378688
762,1753378649.63475,3.1980951746986,-40.7966201569983,0,0,0,0.24387717856549,0.969806125869978,3.5,0,0,0,0,0,1753378688,1753378649.62638,13.388,-42.219,0,0,0,-0.853375684333934,-0.521296404541207,0,0,0,0,0,0,1753378688
763,1753378649.64295,3.22367182092734,-40.7826012550394,0,0,0,0.24387717856549,0.969806125869978,3.5,0,0,0,0,0,1753378688,1753378649.63478,13.388,-42.219,0,0,0,-0.853375684333934,-0.521296404541207,0,0,0,0,0,0,1753378688
764,1753378649.65137,3.24924846715609,-40.7685823530805,0,0,0,0.24387717856549,0.969806125869978,3.5,0,0,0,0,0,1753378688,1753378649.64298,13.388,-42.219,0,0,0,-0.853375684333934,-0.521296404541207,0,0,0,0,0,0,1753378688
765,1753378649.65983,3.27482511338484,-40.7545634511215,0,0,0,0.24387717856549,0.969806125869978,3.5,0,0,0,0,0,1753378688,1753378649.6514,13.388,-42.219,0,0,0,-0.853375684333934,-0.521296404541207,0,0,0,0,0,0,1753378688
766,1753378649.66792,3.30040175961359,-40.7405445491626,0,0,0,0.24387717856549,0.969806125869978,3.5,0,0,0,0,0,1753378688,1753378649.65988,13.388,-42.219,0,0,0,-0.853375684333934,-0.521296404541207,0,0,0,0,0,0,1753378688
767,1753378649.67672,3.32597840584234,-40.7265256472037,0,0,0,0.24387717856549,0.969806125869978,3.5,0,0,0,0,0,1753378688,1753378649.66795,13.388,-42.219,0,0,0,-0.853375684333934,-0.521296404541207,0,0,0,0,0,0,1753378688
768,1753378649.68485,3.35155505207108,-40.7125067452448,0,0,0,0.24387717856549,0.969806125869978,3.5,0,0,0,0,0,1753378688,1753378649.67676,13.388,-42.219,0,0,0,-0.853375684333934,-0.521296404541207,0,0,0,0,0,0,1753378688
769,1753378649.69286,3.37713169829983,-40.6984878432858,0,0,0,0.24387717856549,0.969806125869978,3.5,0,0,0,0,0,1753378688,1753378649.6849,13.388,-42.219,0,0,0,-0.853375684333934,-0.521296404541207,0,0,0,0,0,0,1753378688
770,1753378649.70125,3.40270834452858,-40.6844689413269,0,0,0,0.24387717856549,0.969806125869978,3.5,0,0,0,0,0,1753378688,1753378649.69288,13.388,-42.219,0,0,0,-0.853375684333934,-0.521296404541207,0,0,0,0,0,0,1753378688
771,1753378649.70973,3.42828499075733,-40.670450039368,0,0,0,0.24387717856549,0.969806125869978,3.5,0,0,0,0,0,1753378688,1753378649.70128,13.388,-42.219,0,0,0,-0.853375684333934,-0.521296404541207,0,0,0,0,0,0,1753378688
772,1753378649.71797,3.45386163698607,-40.656431137409,0,0,0,0.24387717856549,0.969806125869978,3.5,0,0,0,0,0,1753378688,1753378649.70976,13.388,-42.219,0,0,0,-0.853375684333934,-0.521296404541207,0,0,0,0,0,0,1753378688
773,1753378649.72652,3.47943828321482,-40.6424122354501,0,0,0,0.24387717856549,0.969806125869978,3.5,0,0,0,0,0,1753378688,1753378649.718,13.388,-42.219,0,0,0,-0.853375684333934,-0.521296404541207,0,0,0,0,0,0,1753378688
774,1753378649.73473,3.50501492944357,-40.6283933334912,0,0,0,0.24387717856549,0.969806125869978,3.5,0,0,0,0,0,1753378688,1753378649.72657,13.388,-42.219,0,0,0,-0.853375684333934,-0.521296404541207,0,0,0,0,0,0,1753378688
775,1753378649.74295,3.53059157567232,-40.6143744315323,0,0,0,0.24387717856549,0.969806125869978,3.5,0,0,0,0,0,1753378688,1753378649.73475,13.388,-42.219,0,0,0,-0.853375684333934,-0.521296404541207,0,0,0,0,0,0,1753378688
776,1753378649.75144,3.55616822190107,-40.6003555295733,0,0,0,0.24387717856549,0.969806125869978,3.5,0,0,0,0,0,1753378688,1753378649.74299,13.388,-42.219,0,0,0,-0.853375684333934,-0.521296404541207,0,0,0,0,0,0,1753378688
777,1753378649.76039,3.58174486812981,-40.5863366276144,0,0,0,0.24387717856549,0.969806125869978,3.5,0,0,0,0,0,1753378688,1753378649.75147,13.388,-42.219,0,0,0,-0.853375684333934,-0.521296404541207,0,0,0,0,0,0,1753378688
778,1753378649.76793,3.60732151435856,-40.5723177256555,0,0,0,0.24387717856549,0.969806125869978,3.5,0,0,0,0,0,1753378688,1753378649.76042,13.388,-42.219,0,0,0,-0.853375684333934,-0.521296404541207,0,0,0,0,0,0,1753378688
779,1753378649.77674,3.63289816058731,-40.5582988236966,0,0,0,0.24387717856549,0.969806125869978,3.5,0,0,0,0,0,1753378688,1753378649.76797,13.388,-42.219,0,0,0,-0.853375684333934,-0.521296404541207,0,0,0,0,0,0,1753378688
780,1753378649.7849,3.65847480681606,-40.5442799217376,0,0,0,0.24387717856549,0.969806125869978,3.5,0,0,0,0,0,1753378688,1753378649.77677,13.388,-42.219,0,0,0,-0.853375684333934,-0.521296404541207,0,0,0,0,0,0,1753378688
781,1753378649.7936,3.68405145304481,-40.5302610197787,0,0,0,0.24387717856549,0.969806125869978,3.5,0,0,0,0,0,1753378688,1753378649.78494,13.388,-42.219,0,0,0,-0.853375684333934,-0.521296404541207,0,0,0,0,0,0,1753378688
782,1753378649.80168,3.70962809927355,-40.5162421178198,0,0,0,0.24387717856549,0.969806125869978,3.5,0,0,0,0,0,1753378688,1753378649.79364,13.388,-42.219,0,0,0,-0.853375684333934,-0.521296404541207,0,0,0,0,0,0,1753378688
783,1753378649.81009,3.7352047455023,-40.5022232158608,0,0,0,0.24387717856549,0.969806125869978,3.5,0,0,0,0,0,1753378688,1753378649.80172,13.388,-42.219,0,0,0,-0.853375684333934,-0.521296404541207,0,0,0,0,0,0,1753378688
784,1753378649.81815,3.76078139173105,-40.4882043139019,0,0,0,0.24387717856549,0.969806125869978,3.5,0,0,0,0,0,1753378688,1753378649.81013,13.388,-42.219,0,0,0,-0.853375684333934,-0.521296404541207,0,0,0,0,0,0,1753378688
785,1753378649.82715,3.7863580379598,-40.474185411943,0,0,0,0.24387717856549,0.969806125869978,3.5,0,0,0,0,0,1753378688,1753378649.81819,13.388,-42.219,0,0,0,-0.853375684333934,-0.521296404541207,0,0,0,0,0,0,1753378688
786,1753378649.8348,3.81193468418855,-40.4601665099841,0,0,0,0.24387717856549,0.969806125869978,3.5,0,0,0,0,0,1753378688,1753378649.82722,13.388,-42.219,0,0,0,-0.853375684333934,-0.521296404541207,0,0,0,0,0,0,1753378688
787,1753378649.84368,3.83751133041729,-40.4461476080251,0,0,0,0.24387717856549,0.969806125869978,3.5,0,0,0,0,0,1753378688,1753378649.83484,13.388,-42.219,0,0,0,-0.853375684333934,-0.521296404541207,0,0,0,0,0,0,1753378688
788,1753378649.85157,3.86308797664604,-40.4321287060662,0,0,0,0.24387717856549,0.969806125869978,3.5,0,0,0,0,0,1753378688,1753378649.84372,13.388,-42.219,0,0,0,-0.853375684333934,-0.521296404541207,0,0,0,0,0,0,1753378688
789,1753378649.86013,3.88866462287479,-40.4181098041073,0,0,0,0.24387717856549,0.969806125869978,3.5,0,0,0,0,0,1753378688,1753378649.85161,13.388,-42.219,0,0,0,-0.853375684333934,-0.521296404541207,0,0,0,0,0,0,1753378688
790,1753378649.86819,3.91424126910354,-40.4040909021484,0,0,0,0.24387717856549,0.969806125869978,3.5,0,0,0,0,0,1753378688,1753378649.86017,13.388,-42.219,0,0,0,-0.853375684333934,-0.521296404541207,0,0,0,0,0,0,1753378688
791,1753378649.87674,3.93981791533228,-40.3900720001894,0,0,0,0.24387717856549,0.969806125869978,3.5,0,0,0,0,0,1753378688,1753378649.86824,13.388,-42.219,0,0,0,-0.853375684333934,-0.521296404541207,0,0,0,0,0,0,1753378688
792,1753378649.88462,3.96539456156103,-40.3760530982305,0,0,0,0.24387717856549,0.969806125869978,3.5,0,0,0,0,0,1753378688,1753378649.87679,13.388,-42.219,0,0,0,-0.853375684333934,-0.521296404541207,0,0,0,0,0,0,1753378688
793,1753378649.8929,3.99097120778978,-40.3620341962716,0,0,0,0.24387717856549,0.969806125869978,3.5,0,0,0,0,0,1753378688,1753378649.88464,13.388,-42.219,0,0,0,-0.853375684333934,-0.521296404541207,0,0,0,0,0,0,1753378688
794,1753378649.90132,4.01654785401853,-40.3480152943127,0,0,0,0.24387717856549,0.969806125869978,3.5,0,0,0,0,0,1753378688,1753378649.89292,13.388,-42.219,0,0,0,-0.853375684333934,-0.521296404541207,0,0,0,0,0,0,1753378688
795,1753378649.90979,4.04212450024728,-40.3339963923537,0,0,0,0.24387717856549,0.969806125869978,3.5,0,0,0,0,0,1753378688,1753378649.90135,13.388,-42.219,0,0,0,-0.853375684333934,-0.521296404541207,0,0,0,0,0,0,1753378688
796,1753378649.91795,4.06770114647602,-40.3199774903948,0,0,0,0.24387717856549,0.969806125869978,3.5,0,0,0,0,0,1753378688,1753378649.90982,13.388,-42.219,0,0,0,-0.853375684333934,-0.521296404541207,0,0,0,0,0,0,1753378688
797,1753378649.92648,4.09327779270477,-40.3059585884359,0,0,0,0.24387717856549,0.969806125869978,3.5,0,0,0,0,0,1753378688,1753378649.91798,13.388,-42.219,0,0,0,-0.853375684333934,-0.521296404541207,0,0,0,0,0,0,1753378688
798,1753378649.93456,4.11885443893352,-40.2919396864769,0,0,0,0.24387717856549,0.969806125869978,3.5,0,0,0,0,0,1753378688,1753378649.92651,13.388,-42.219,0,0,0,-0.853375684333934,-0.521296404541207,0,0,0,0,0,0,1753378688
799,1753378649.9435,4.14443108516227,-40.277920784518,0,0,0,0.24387717856549,0.969806125869978,3.5,0,0,0,0,0,1753378688,1753378649.93459,13.388,-42.219,0,0,0,-0.853375684333934,-0.521296404541207,0,0,0,0,0,0,1753378688
800,1753378649.95139,4.17000773139102,-40.2639018825591,0,0,0,0.24387717856549,0.969806125869978,3.5,0,0,0,0,0,1753378688,1753378649.94355,13.388,-42.219,0,0,0,-0.853375684333934,-0.521296404541207,0,0,0,0,0,0,1753378688
801,1753378649.95983,4.19558437761976,-40.2498829806002,0,0,0,0.24387717856549,0.969806125869978,3.5,0,0,0,0,0,1753378688,1753378649.95142,13.388,-42.219,0,0,0,-0.853375684333934,-0.521296404541207,0,0,0,0,0,0,1753378688
802,1753378649.96794,4.22116102384851,-40.2358640786412,0,0,0,0.24387717856549,0.969806125869978,3.5,0,0,0,0,0,1753378688,1753378649.95985,13.388,-42.219,0,0,0,-0.853375684333934,-0.521296404541207,0,0,0,0,0,0,1753378688
803,1753378649.97637,4.24673767007726,-40.2218451766823,0,0,0,0.24387717856549,0.969806125869978,3.5,0,0,0,0,0,1753378688,1753378649.96797,13.388,-42.219,0,0,0,-0.853375684333934,-0.521296404541207,0,0,0,0,0,0,1753378688
804,1753378649.98472,4.27231431630601,-40.2078262747234,0,0,0,0.24387717856549,0.969806125869978,3.5,0,0,0,0,0,1753378688,1753378649.97639,13.388,-42.219,0,0,0,-0.853375684333934,-0.521296404541207,0,0,0,0,0,0,1753378688
805,1753378649.99289,4.29789096253476,-40.1938073727644,0,0,0,0.24387717856549,0.969806125869978,3.5,0,0,0,0,0,1753378688,1753378649.98474,13.388,-42.219,0,0,0,-0.853375684333934,-0.521296404541207,0,0,0,0,0,0,1753378688
806,1753378650.00141,4.3234676087635,-40.1797884708055,0,0,0,0.24387717856549,0.969806125869978,3.5,0,0,0,0,0,1753378688,1753378649.99292,13.388,-42.219,0,0,0,-0.853375684333934,-0.521296404541207,0,0,0,0,0,0,1753378688
807,1753378650.0104,4.34904425499225,-40.1657695688466,0,0,0,0.24387717856549,0.969806125869978,3.5,0,0,0,0,0,1753378688,1753378650.00144,13.388,-42.219,0,0,0,-0.853375684333934,-0.521296404541207,0,0,0,0,0,0,1753378688
808,1753378650.01814,4.374620901221,-40.1517506668877,0,0,0,0.24387717856549,0.969806125869978,3.5,0,0,0,0,0,1753378688,1753378650.01049,13.388,-42.219,0,0,0,-0.853375684333934,-0.521296404541207,0,0,0,0,0,0,1753378688
809,1753378650.02679,4.40019754744975,-40.1377317649287,0,0,0,0.24387717856549,0.969806125869978,3.5,0,0,0,0,0,1753378688,1753378650.01819,13.388,-42.219,0,0,0,-0.853375684333934,-0.521296404541207,0,0,0,0,0,0,1753378688
810,1753378650.03516,4.4257741936785,-40.1237128629698,0,0,0,0.24387717856549,0.969806125869978,3.5,0,0,0,0,0,1753378688,1753378650.02684,13.388,-42.219,0,0,0,-0.853375684333934,-0.521296404541207,0,0,0,0,0,0,1753378688
811,1753378650.04354,4.45135083990724,-40.1096939610109,0,0,0,0.24387717856549,0.969806125869978,3.5,0,0,0,0,0,1753378688,1753378650.03521,13.388,-42.219,0,0,0,-0.853375684333934,-0.521296404541207,0,0,0,0,0,0,1753378688
812,1753378650.05133,4.47692748613599,-40.095675059052,0,0,0,0.24387717856549,0.969806125869978,3.5,0,0,0,0,0,1753378688,1753378650.04357,13.388,-42.219,0,0,0,-0.853375684333934,-0.521296404541207,0,0,0,0,0,0,1753378688
813,1753378650.06023,4.50250413236474,-40.081656157093,0,0,0,0.24387717856549,0.969806125869978,3.5,0,0,0,0,0,1753378688,1753378650.05135,13.388,-42.219,0,0,0,-0.853375684333934,-0.521296404541207,0,0,0,0,0,0,1753378688
814,1753378650.06821,4.52808077859349,-40.0676372551341,0,0,0,0.24387717856549,0.969806125869978,3.5,0,0,0,0,0,1753378688,1753378650.06025,13.388,-42.219,0,0,0,-0.853375684333934,-0.521296404541207,0,0,0,0,0,0,1753378688
815,1753378650.07666,4.55365742482223,-40.0536183531752,0,0,0,0.24387717856549,0.969806125869978,3.5,0,0,0,0,0,1753378688,1753378650.06824,13.388,-42.219,0,0,0,-0.853375684333934,-0.521296404541207,0,0,0,0,0,0,1753378688
816,1753378650.08507,4.57923407105098,-40.0395994512162,0,0,0,0.24387717856549,0.969806125869978,3.5,0,0,0,0,0,1753378688,1753378650.0767,13.388,-42.219,0,0,0,-0.853375684333934,-0.521296404541207,0,0,0,0,0,0,1753378688
817,1753378650.09303,4.60481071727973,-40.0255805492573,0,0,0,0.24387717856549,0.969806125869978,3.5,0,0,0,0,0,1753378688,1753378650.08512,13.388,-42.219,0,0,0,-0.853375684333934,-0.521296404541207,0,0,0,0,0,0,1753378688
818,1753378650.10171,4.63038736350848,-40.0115616472984,0,0,0,0.24387717856549,0.969806125869978,3.5,0,0,0,0,0,1753378688,1753378650.09309,13.388,-42.219,0,0,0,-0.853375684333934,-0.521296404541207,0,0,0,0,0,0,1753378688
819,1753378650.10972,4.65596400973723,-39.9975427453395,0,0,0,0.24387717856549,0.969806125869978,3.5,0,0,0,0,0,1753378688,1753378650.10174,13.388,-42.219,0,0,0,-0.853375684333934,-0.521296404541207,0,0,0,0,0,0,1753378688
820,1753378650.118,4.68154065596597,-39.9835238433805,0,0,0,0.24387717856549,0.969806125869978,3.5,0,0,0,0,0,1753378688,1753378650.10975,13.388,-42.219,0,0,0,-0.853375684333934,-0.521296404541207,0,0,0,0,0,0,1753378688
821,1753378650.12664,4.70711730219472,-39.9695049414216,0,0,0,0.24387717856549,0.969806125869978,3.5,0,0,0,0,0,1753378688,1753378650.11803,13.388,-42.219,0,0,0,-0.853375684333934,-0.521296404541207,0,0,0,0,0,0,1753378688
822,1753378650.13465,4.73269394842347,-39.9554860394627,0,0,0,0.24387717856549,0.969806125869978,3.5,0,0,0,0,0,1753378688,1753378650.12667,13.388,-42.219,0,0,0,-0.853375684333934,-0.521296404541207,0,0,0,0,0,0,1753378688
823,1753378650.14295,4.75827059465222,-39.9414671375038,0,0,0,0.24387717856549,0.969806125869978,3.5,0,0,0,0,0,1753378688,1753378650.13468,13.388,-42.219,0,0,0,-0.853375684333934,-0.521296404541207,0,0,0,0,0,0,1753378688
824,1753378650.1513,4.78384724088097,-39.9274482355448,0,0,0,0.24387717856549,0.969806125869978,3.5,0,0,0,0,0,1753378688,1753378650.14298,13.388,-42.219,0,0,0,-0.853375684333934,-0.521296404541207,0,0,0,0,0,0,1753378688
825,1753378650.15976,4.80942388710971,-39.9134293335859,0,0,0,0.24387717856549,0.969806125869978,3.5,0,0,0,0,0,1753378688,1753378650.15133,13.388,-42.219,0,0,0,-0.853375684333934,-0.521296404541207,0,0,0,0,0,0,1753378688
826,1753378650.1681,4.83500053333846,-39.899410431627,0,0,0,0.24387717856549,0.969806125869978,3.5,0,0,0,0,0,1753378688,1753378650.15979,13.388,-42.219,0,0,0,-0.853375684333934,-0.521296404541207,0,0,0,0,0,0,1753378688
827,1753378650.17645,4.86057717956721,-39.885391529668,0,0,0,0.24387717856549,0.969806125869978,3.5,0,0,0,0,0,1753378688,1753378650.16812,13.388,-42.219,0,0,0,-0.853375684333934,-0.521296404541207,0,0,0,0,0,0,1753378688
828,1753378650.18477,4.88615382579596,-39.8713726277091,0,0,0,0.24387717856549,0.969806125869978,3.5,0,0,0,0,0,1753378688,1753378650.17648,13.388,-42.219,0,0,0,-0.853375684333934,-0.521296404541207,0,0,0,0,0,0,1753378688
829,1753378650.19293,4.91173047202471,-39.8573537257502,0,0,0,0.24387717856549,0.969806125869978,3.5,0,0,0,0,0,1753378688,1753378650.1848,13.388,-42.219,0,0,0,-0.853375684333934,-0.521296404541207,0,0,0,0,0,0,1753378688
830,1753378650.20165,4.93730711825345,-39.8433348237913,0,0,0,0.24387717856549,0.969806125869978,3.5,0,0,0,0,0,1753378688,1753378650.19297,13.388,-42.219,0,0,0,-0.853375684333934,-0.521296404541207,0,0,0,0,0,0,1753378688
831,1753378650.20984,4.9628837644822,-39.8293159218323,0,0,0,0.24387717856549,0.969806125869978,3.5,0,0,0,0,0,1753378688,1753378650.20169,13.388,-42.219,0,0,0,-0.853375684333934,-0.521296404541207,0,0,0,0,0,0,1753378688
832,1753378650.21802,4.98846041071095,-39.8152970198734,0,0,0,0.24387717856549,0.969806125869978,3.5,0,0,0,0,0,1753378688,1753378650.20987,13.388,-42.219,0,0,0,-0.853375684333934,-0.521296404541207,0,0,0,0,0,0,1753378688
833,1753378650.22657,5.0140370569397,-39.8012781179145,0,0,0,0.24387717856549,0.969806125869978,3.5,0,0,0,0,0,1753378688,1753378650.21806,13.388,-42.219,0,0,0,-0.853375684333934,-0.521296404541207,0,0,0,0,0,0,1753378688
834,1753378650.2348,5.03961370316844,-39.7872592159556,0,0,0,0.24387717856549,0.969806125869978,3.5,0,0,0,0,0,1753378688,1753378650.22659,13.388,-42.219,0,0,0,-0.853375684333934,-0.521296404541207,0,0,0,0,0,0,1753378688
835,1753378650.24315,5.06519034939719,-39.7732403139966,0,0,0,0.24387717856549,0.969806125869978,3.5,0,0,0,0,0,1753378688,1753378650.23483,13.388,-42.219,0,0,0,-0.853375684333934,-0.521296404541207,0,0,0,0,0,0,1753378688
836,1753378650.25138,5.09076699562594,-39.7592214120377,0,0,0,0.24387717856549,0.969806125869978,3.5,0,0,0,0,0,1753378688,1753378650.2432,13.388,-42.219,0,0,0,-0.853375684333934,-0.521296404541207,0,0,0,0,0,0,1753378688
837,1753378650.25978,5.11634364185469,-39.7452025100788,0,0,0,0.24387717856549,0.969806125869978,3.5,0,0,0,0,0,1753378688,1753378650.25141,13.388,-42.219,0,0,0,-0.853375684333934,-0.521296404541207,0,0,0,0,0,0,1753378688
838,1753378650.26794,5.14192028808344,-39.7311836081198,0,0,0,0.24387717856549,0.969806125869978,3.5,0,0,0,0,0,1753378688,1753378650.25981,13.388,-42.219,0,0,0,-0.853375684333934,-0.521296404541207,0,0,0,0,0,0,1753378688
839,1753378650.27651,5.16749693431218,-39.7171647061609,0,0,0,0.24387717856549,0.969806125869978,3.5,0,0,0,0,0,1753378688,1753378650.26797,13.388,-42.219,0,0,0,-0.853375684333934,-0.521296404541207,0,0,0,0,0,0,1753378688
840,1753378650.28453,5.19307358054093,-39.703145804202,0,0,0,0.24387717856549,0.969806125869978,3.5,0,0,0,0,0,1753378688,1753378650.27655,13.388,-42.219,0,0,0,-0.853375684333934,-0.521296404541207,0,0,0,0,0,0,1753378688
841,1753378650.29326,5.21865022676968,-39.6891269022431,0,0,0,0.24387717856549,0.969806125869978,3.5,0,0,0,0,0,1753378688,1753378650.28455,13.388,-42.219,0,0,0,-0.853375684333934,-0.521296404541207,0,0,0,0,0,0,1753378688
842,1753378650.30144,5.24422687299843,-39.6751080002841,0,0,0,0.24387717856549,0.969806125869978,3.5,0,0,0,0,0,1753378688,1753378650.29341,13.388,-42.219,0,0,0,-0.853375684333934,-0.521296404541207,0,0,0,0,0,0,1753378688
843,1753378650.31118,5.26980351922718,-39.6610890983252,0,0,0,0.24387717856549,0.969806125869978,3.5,0,0,0,0,0,1753378688,1753378650.30147,13.388,-42.219,0,0,0,-0.853375684333934,-0.521296404541207,0,0,0,0,0,0,1753378688
844,1753378650.31809,5.29538016545592,-39.6470701963663,0,0,0,0.24387717856549,0.969806125869978,3.5,0,0,0,0,0,1753378688,1753378650.31127,13.388,-42.219,0,0,0,-0.853375684333934,-0.521296404541207,0,0,0,0,0,0,1753378688
845,1753378650.32668,5.32095681168467,-39.6330512944074,0,0,0,0.24387717856549,0.969806125869978,3.5,0,0,0,0,0,1753378688,1753378650.31813,13.388,-42.219,0,0,0,-0.853375684333934,-0.521296404541207,0,0,0,0,0,0,1753378688
846,1753378650.33471,5.34653345791342,-39.6190323924484,0,0,0,0.24387717856549,0.969806125869978,3.5,0,0,0,0,0,1753378688,1753378650.32671,13.388,-42.219,0,0,0,-0.853375684333934,-0.521296404541207,0,0,0,0,0,0,1753378688
847,1753378650.34321,5.37211010414217,-39.6050134904895,0,0,0,0.24387717856549,0.969806125869978,3.5,0,0,0,0,0,1753378688,1753378650.33474,13.388,-42.219,0,0,0,-0.853375684333934,-0.521296404541207,0,0,0,0,0,0,1753378688
848,1753378650.35133,5.39768675037092,-39.5909945885306,0,0,0,0.24387717856549,0.969806125869978,3.5,0,0,0,0,0,1753378688,1753378650.34327,13.388,-42.219,0,0,0,-0.853375684333934,-0.521296404541207,0,0,0,0,0,0,1753378688
849,1753378650.36093,5.42326339659966,-39.5769756865716,0,0,0,0.24387717856549,0.969806125869978,3.5,0,0,0,0,0,1753378688,1753378650.35135,13.388,-42.219,0,0,0,-0.853375684333934,-0.521296404541207,0,0,0,0,0,0,1753378688
850,1753378650.3679,5.44884004282841,-39.5629567846127,0,0,0,0.24387717856549,0.969806125869978,3.5,0,0,0,0,0,1753378688,1753378650.36095,13.388,-42.219,0,0,0,-0.853375684333934,-0.521296404541207,0,0,0,0,0,0,1753378688
851,1753378650.37699,5.47441668905716,-39.5489378826538,0,0,0,0.24387717856549,0.969806125869978,3.5,0,0,0,0,0,1753378688,1753378650.36795,13.388,-42.219,0,0,0,-0.853375684333934,-0.521296404541207,0,0,0,0,0,0,1753378688
852,1753378650.38455,5.49999333528591,-39.5349189806949,0,0,0,0.24387717856549,0.969806125869978,3.5,0,0,0,0,0,1753378688,1753378650.37704,13.388,-42.219,0,0,0,-0.853375684333934,-0.521296404541207,0,0,0,0,0,0,1753378688
853,1753378650.39296,5.52556998151465,-39.5209000787359,0,0,0,0.24387717856549,0.969806125869978,3.5,0,0,0,0,0,1753378688,1753378650.38457,13.388,-42.219,0,0,0,-0.853375684333934,-0.521296404541207,0,0,0,0,0,0,1753378688
854,1753378650.40132,5.5511466277434,-39.506881176777,0,0,0,0.24387717856549,0.969806125869978,3.5,0,0,0,0,0,1753378688,1753378650.39299,13.388,-42.219,0,0,0,-0.853375684333934,-0.521296404541207,0,0,0,0,0,0,1753378688
855,1753378650.40975,5.57672327397215,-39.4928622748181,0,0,0,0.24387717856549,0.969806125869978,3.5,0,0,0,0,0,1753378688,1753378650.40135,13.388,-42.219,0,0,0,-0.853375684333934,-0.521296404541207,0,0,0,0,0,0,1753378688
856,1753378650.41786,5.6022999202009,-39.4788433728592,0,0,0,0.24387717856549,0.969806125869978,3.5,0,0,0,0,0,1753378688,1753378650.40978,13.388,-42.219,0,0,0,-0.853375684333934,-0.521296404541207,0,0,0,0,0,0,1753378688
857,1753378650.42645,5.62787656642965,-39.4648244709002,0,0,0,0.24387717856549,0.969806125869978,3.5,0,0,0,0,0,1753378688,1753378650.41788,13.388,-42.219,0,0,0,-0.853375684333934,-0.521296404541207,0,0,0,0,0,0,1753378688
858,1753378650.4346,5.65345321265839,-39.4508055689413,0,0,0,0.24387717856549,0.969806125869978,3.5,0,0,0,0,0,1753378688,1753378650.42647,13.388,-42.219,0,0,0,-0.853375684333934,-0.521296404541207,0,0,0,0,0,0,1753378688
859,1753378650.44297,5.67902985888714,-39.4367866669824,0,0,0,0.24387717856549,0.969806125869978,3.5,0,0,0,0,0,1753378688,1753378650.43462,13.388,-42.219,0,0,0,-0.853375684333934,-0.521296404541207,0,0,0,0,0,0,1753378688
860,1753378650.45132,5.70460650511589,-39.4227677650235,0,0,0,0.24387717856549,0.969806125869978,3.5,0,0,0,0,0,1753378688,1753378650.443,13.388,-42.219,0,0,0,-0.853375684333934,-0.521296404541207,0,0,0,0,0,0,1753378688
861,1753378650.45974,5.73018315134464,-39.4087488630645,0,0,0,0.24387717856549,0.969806125869978,3.5,0,0,0,0,0,1753378688,1753378650.45135,13.388,-42.219,0,0,0,-0.853375684333934,-0.521296404541207,0,0,0,0,0,0,1753378688
862,1753378650.46786,5.75575979757339,-39.3947299611056,0,0,0,0.24387717856549,0.969806125869978,3.5,0,0,0,0,0,1753378688,1753378650.45978,13.388,-42.219,0,0,0,-0.853375684333934,-0.521296404541207,0,0,0,0,0,0,1753378688
863,1753378650.47676,5.78133644380213,-39.3807110591467,0,0,0,0.24387717856549,0.969806125869978,3.5,0,0,0,0,0,1753378688,1753378650.46789,13.388,-42.219,0,0,0,-0.853375684333934,-0.521296404541207,0,0,0,0,0,0,1753378688
864,1753378650.48463,5.80691309003088,-39.3666921571877,0,0,0,0.24387717856549,0.969806125869978,3.5,0,0,0,0,0,1753378688,1753378650.47679,13.388,-42.219,0,0,0,-0.853375684333934,-0.521296404541207,0,0,0,0,0,0,1753378688
865,1753378650.49412,5.83248973625963,-39.3526732552288,0,0,0,0.24387717856549,0.969806125869978,3.5,0,0,0,0,0,1753378688,1753378650.48466,13.388,-42.219,0,0,0,-0.853375684333934,-0.521296404541207,0,0,0,0,0,0,1753378688
866,1753378650.50147,5.85806638248838,-39.3386543532699,0,0,0,0.24387717856549,0.969806125869978,3.5,0,0,0,0,0,1753378688,1753378650.49416,13.388,-42.219,0,0,0,-0.853375684333934,-0.521296404541207,0,0,0,0,0,0,1753378688
867,1753378650.50972,5.88364302871713,-39.324635451311,0,0,0,0.24387717856549,0.969806125869978,3.5,0,0,0,0,0,1753378688,1753378650.5015,13.388,-42.219,0,0,0,-0.853375684333934,-0.521296404541207,0,0,0,0,0,0,1753378688
868,1753378650.51791,5.90921967494587,-39.310616549352,0,0,0,0.24387717856549,0.969806125869978,3.5,0,0,0,0,0,1753378688,1753378650.50976,13.388,-42.219,0,0,0,-0.853375684333934,-0.521296404541207,0,0,0,0,0,0,1753378688
869,1753378650.5264,5.93479632117462,-39.2965976473931,0,0,0,0.24387717856549,0.969806125869978,3.5,0,0,0,0,0,1753378688,1753378650.51794,13.388,-42.219,0,0,0,-0.853375684333934,-0.521296404541207,0,0,0,0,0,0,1753378688
870,1753378650.53456,5.96037296740337,-39.2825787454342,0,0,0,0.24387717856549,0.969806125869978,3.5,0,0,0,0,0,1753378688,1753378650.52645,13.388,-42.219,0,0,0,-0.853375684333934,-0.521296404541207,0,0,0,0,0,0,1753378688
871,1753378650.54295,5.98594961363212,-39.2685598434752,0,0,0,0.24387717856549,0.969806125869978,3.5,0,0,0,0,0,1753378688,1753378650.53458,13.388,-42.219,0,0,0,-0.853375684333934,-0.521296404541207,0,0,0,0,0,0,1753378688
872,1753378650.55135,6.01152625986086,-39.2545409415163,0,0,0,0.24387717856549,0.969806125869978,3.5,0,0,0,0,0,1753378688,1753378650.54298,13.388,-42.219,0,0,0,-0.853375684333934,-0.521296404541207,0,0,0,0,0,0,1753378688
873,1753378650.55967,6.03710290608961,-39.2405220395574,0,0,0,0.24387717856549,0.969806125869978,3.5,0,0,0,0,0,1753378688,1753378650.55138,13.388,-42.219,0,0,0,-0.853375684333934,-0.521296404541207,0,0,0,0,0,0,1753378688
874,1753378650.56791,6.06267955231836,-39.2265031375985,0,0,0,0.24387717856549,0.969806125869978,3.5,0,0,0,0,0,1753378688,1753378650.5597,13.388,-42.219,0,0,0,-0.853375684333934,-0.521296404541207,0,0,0,0,0,0,1753378688
875,1753378650.57637,6.08825619854711,-39.2124842356395,0,0,0,0.24387717856549,0.969806125869978,3.5,0,0,0,0,0,1753378688,1753378650.56794,13.388,-42.219,0,0,0,-0.853375684333934,-0.521296404541207,0,0,0,0,0,0,1753378688
876,1753378650.5847,6.11383284477586,-39.1984653336806,0,0,0,0.24387717856549,0.969806125869978,3.5,0,0,0,0,0,1753378688,1753378650.5764,13.388,-42.219,0,0,0,-0.853375684333934,-0.521296404541207,0,0,0,0,0,0,1753378688
877,1753378650.59314,6.1394094910046,-39.1844464317217,0,0,0,0.24387717856549,0.969806125869978,3.5,0,0,0,0,0,1753378688,1753378650.58473,13.388,-42.219,0,0,0,-0.853375684333934,-0.521296404541207,0,0,0,0,0,0,1753378688
878,1753378650.6016,6.16498613723335,-39.1704275297628,0,0,0,0.24387717856549,0.969806125869978,3.5,0,0,0,0,0,1753378688,1753378650.59318,13.388,-42.219,0,0,0,-0.853375684333934,-0.521296404541207,0,0,0,0,0,0,1753378688
879,1753378650.61037,6.1905627834621,-39.1564086278038,0,0,0,0.24387717856549,0.969806125869978,3.5,0,0,0,0,0,1753378688,1753378650.60164,13.388,-42.219,0,0,0,-0.853375684333934,-0.521296404541207,0,0,0,0,0,0,1753378688
880,1753378650.61798,6.21613942969085,-39.1423897258449,0,0,0,0.24387717856549,0.969806125869978,3.5,0,0,0,0,0,1753378688,1753378650.61039,13.388,-42.219,0,0,0,-0.853375684333934,-0.521296404541207,0,0,0,0,0,0,1753378688
881,1753378650.62692,6.2417160759196,-39.128370823886,0,0,0,0.24387717856549,0.969806125869978,3.5,0,0,0,0,0,1753378688,1753378650.61801,13.388,-42.219,0,0,0,-0.853375684333934,-0.521296404541207,0,0,0,0,0,0,1753378688
882,1753378650.63489,6.26729272214834,-39.1143519219271,0,0,0,0.24387717856549,0.969806125869978,3.5,0,0,0,0,0,1753378688,1753378650.62696,13.388,-42.219,0,0,0,-0.853375684333934,-0.521296404541207,0,0,0,0,0,0,1753378688
883,1753378650.64294,6.29286936837709,-39.1003330199681,0,0,0,0.24387717856549,0.969806125869978,3.5,0,0,0,0,0,1753378688,1753378650.63493,13.388,-42.219,0,0,0,-0.853375684333934,-0.521296404541207,0,0,0,0,0,0,1753378688
884,1753378650.65143,6.31844601460584,-39.0863141180092,0,0,0,0.24387717856549,0.969806125869978,3.5,0,0,0,0,0,1753378688,1753378650.64297,13.388,-42.219,0,0,0,-0.853375684333934,-0.521296404541207,0,0,0,0,0,0,1753378688
885,1753378650.66007,6.34402266083459,-39.0722952160503,0,0,0,0.24387717856549,0.969806125869978,3.5,0,0,0,0,0,1753378688,1753378650.65146,13.388,-42.219,0,0,0,-0.853375684333934,-0.521296404541207,0,0,0,0,0,0,1753378688
886,1753378650.66791,6.36959930706334,-39.0582763140913,0,0,0,0.24387717856549,0.969806125869978,3.5,0,0,0,0,0,1753378688,1753378650.66013,13.388,-42.219,0,0,0,-0.853375684333934,-0.521296404541207,0,0,0,0,0,0,1753378688
887,1753378650.67665,6.39517595329208,-39.0442574121324,0,0,0,0.24387717856549,0.969806125869978,3.5,0,0,0,0,0,1753378688,1753378650.66794,13.388,-42.219,0,0,0,-0.853375684333934,-0.521296404541207,0,0,0,0,0,0,1753378688
888,1753378650.68458,6.42075259952083,-39.0302385101735,0,0,0,0.24387717856549,0.969806125869978,3.5,0,0,0,0,0,1753378688,1753378650.67668,13.388,-42.219,0,0,0,-0.853375684333934,-0.521296404541207,0,0,0,0,0,0,1753378688
889,1753378650.6929,6.44632924574958,-39.0162196082146,0,0,0,0.24387717856549,0.969806125869978,3.5,0,0,0,0,0,1753378688,1753378650.6846,13.388,-42.219,0,0,0,-0.853375684333934,-0.521296404541207,0,0,0,0,0,0,1753378688
890,1753378650.70133,6.47190589197833,-39.0022007062556,0,0,0,0.24387717856549,0.969806125869978,3.5,0,0,0,0,0,1753378688,1753378650.69293,13.388,-42.219,0,0,0,-0.853375684333934,-0.521296404541207,0,0,0,0,0,0,1753378688
891,1753378650.70977,6.49748253820707,-38.9881818042967,0,0,0,0.24387717856549,0.969806125869978,3.5,0,0,0,0,0,1753378688,1753378650.70136,13.388,-42.219,0,0,0,-0.853375684333934,-0.521296404541207,0,0,0,0,0,0,1753378688
892,1753378650.71791,6.52305918443582,-38.9741629023378,0,0,0,0.24387717856549,0.969806125869978,0,0,0,0,0,0,1753378688,1753378650.7098,13.388,-42.219,0,0,0,-0.853375684333934,-0.521296404541207,0,0,0,0,0,0,1753378688
893,1753378650.72646,6.54863583066457,-38.9601440003789,0,0,0,0.24387717856549,0.969806125869978,0,0,0,0,0,0,1753378688,1753378650.71794,13.388,-42.219,0,0,0,-0.853375684333934,-0.521296404541207,0,0,0,0,0,0,1753378688
894,1753378650.73458,6.57421247689332,-38.9461250984199,0,0,0,0.24387717856549,0.969806125869978,0,0,0,0,0,0,1753378688,1753378650.72649,13.388,-42.219,0,0,0,-0.853375684333934,-0.521296404541207,0,0,0,0,0,0,1753378688
895,1753378650.74321,6.59978912312207,-38.932106196461,0,0,0,0.24387717856549,0.969806125869978,0,0,0,0,0,0,1753378688,1753378650.7346,13.388,-42.219,0,0,0,-0.853375684333934,-0.521296404541207,0,0,0,0,0,0,1753378688
896,1753378650.75161,6.62536576935081,-38.9180872945021,0,0,0,0.24387717856549,0.969806125869978,0,0,0,0,0,0,1753378688,1753378650.74326,13.388,-42.219,0,0,0,-0.853375684333934,-0.521296404541207,0,0,0,0,0,0,1753378688
897,1753378650.76001,6.65094241557956,-38.9040683925431,0,0,0,0.24387717856549,0.969806125869978,0,0,0,0,0,0,1753378688,1753378650.75165,13.388,-42.219,0,0,0,-0.853375684333934,-0.521296404541207,0,0,0,0,0,0,1753378688
898,1753378650.76809,6.67651906180831,-38.8900494905842,0,0,0,0.24387717856549,0.969806125869978,0,0,0,0,0,0,1753378688,1753378650.76006,13.388,-42.219,0,0,0,-0.853375684333934,-0.521296404541207,0,0,0,0,0,0,1753378688
899,1753378650.77645,6.70209570803706,-38.8760305886253,0,0,0,0.24387717856549,0.969806125869978,0,0,0,0,0,0,1753378688,1753378650.76813,13.388,-42.219,0,0,0,-0.853375684333934,-0.521296404541207,0,0,0,0,0,0,1753378688
900,1753378650.7849,6.72767235426581,-38.8620116866664,0,0,0,0.24387717856549,0.969806125869978,0,0,0,0,0,0,1753378688,1753378650.77649,13.388,-42.219,0,0,0,-0.853375684333934,-0.521296404541207,0,0,0,0,0,0,1753378688
901,1753378650.79293,6.75324900049455,-38.8479927847074,0,0,0,0.24387717856549,0.969806125869978,0,0,0,0,0,0,1753378688,1753378650.78495,13.388,-42.219,0,0,0,-0.853375684333934,-0.521296404541207,0,0,0,0,0,0,1753378688
